Datetime,Ticker,Adj Close,Close,High,Low,Open,Volume
2026-06-09 09:30:00,BIG.V,,0.6499999761581421,0.6499999761581421,0.6499999761581421,0.6499999761581421,0.0
2026-06-09 09:30:00,BLOK-H.V,,0.16500000655651093,0.16500000655651093,0.16500000655651093,0.16500000655651093,0.0
2026-06-09 09:30:00,EMN.V,,0.10000000149011612,0.10000000149011612,0.10000000149011612,0.10000000149011612,0.0
2026-06-09 09:30:00,EPF.V,,0.6000000238418579,0.6000000238418579,0.6000000238418579,0.6000000238418579,0.0
2026-06-09 09:30:00,ESK.V,,0.41999998688697815,0.41999998688697815,0.41999998688697815,0.41999998688697815,0.0
2026-06-09 09:30:00,FAIR.V,,0.05000000074505806,0.05000000074505806,0.05000000074505806,0.05000000074505806,0.0
2026-06-09 09:30:00,FDR.V,,4.349999904632568,4.349999904632568,4.349999904632568,4.349999904632568,0.0
2026-06-09 09:30:00,FG.V,,0.03500000014901161,0.03500000014901161,0.03500000014901161,0.03500000014901161,0.0
2026-06-09 09:30:00,FL.V,,0.5099999904632568,0.5099999904632568,0.5099999904632568,0.5099999904632568,0.0
2026-06-09 09:30:00,FMS.V,,0.4699999988079071,0.4699999988079071,0.4699999988079071,0.4699999988079071,0.0
2026-06-09 09:30:00,FPC.V,,0.49000000953674316,0.49000000953674316,0.49000000953674316,0.49000000953674316,0.0
2026-06-09 09:30:00,FPX.V,,0.4699999988079071,0.4699999988079071,0.4699999988079071,0.4699999988079071,0.0
2026-06-09 09:30:00,FRED.V,,0.5199999809265137,0.5199999809265137,0.5199999809265137,0.5199999809265137,0.0
2026-06-09 09:30:00,FRI.V,,0.05999999865889549,0.05999999865889549,0.05999999865889549,0.05999999865889549,0.0
2026-06-09 09:30:00,FTEC.V,,0.04500000178813934,0.04500000178813934,0.04500000178813934,0.04500000178813934,0.0
2026-06-09 09:30:00,FUU.V,,0.15000000596046448,0.15000000596046448,0.15000000596046448,0.15000000596046448,0.0
2026-06-09 09:30:00,GAL.V,,0.4350000023841858,0.4399999976158142,0.4350000023841858,0.4399999976158142,0.0
2026-06-09 09:30:00,GEL.V,,0.10499999672174454,0.10499999672174454,0.10499999672174454,0.10499999672174454,0.0
2026-06-09 09:30:00,GEN.V,,0.07500000298023224,0.07500000298023224,0.07500000298023224,0.07500000298023224,0.0
2026-06-09 09:30:00,GFG.V,,0.20000000298023224,0.20000000298023224,0.20000000298023224,0.20000000298023224,0.0
2026-06-09 09:30:00,GGAU.V,,0.22499999403953552,0.22499999403953552,0.22499999403953552,0.22499999403953552,0.0
2026-06-09 09:30:00,GGO.V,,1.059999942779541,1.0800000429153442,1.059999942779541,1.0800000429153442,0.0
2026-06-09 09:30:00,GI.V,,0.3799999952316284,0.4300000071525574,0.33500000834465027,0.4300000071525574,316998.0
2026-06-09 09:30:00,GLAD.V,,2.380000114440918,2.380000114440918,2.380000114440918,2.380000114440918,0.0
2026-06-09 09:30:00,GMA.V,,0.26499998569488525,0.26499998569488525,0.26499998569488525,0.26499998569488525,0.0
2026-06-09 09:30:00,GMI.V,,0.05000000074505806,0.05000000074505806,0.05000000074505806,0.05000000074505806,0.0
2026-06-09 09:30:00,GPH.V,,1.0800000429153442,1.1200000047683716,1.0800000429153442,1.1200000047683716,0.0
2026-06-09 09:30:00,GPM.V,,0.14000000059604645,0.14000000059604645,0.14000000059604645,0.14000000059604645,0.0
2026-06-09 09:30:00,GQC.V,,0.9399999976158142,0.9399999976158142,0.9399999976158142,0.9399999976158142,0.0
2026-06-09 09:30:00,GRD.V,,0.07000000029802322,0.07000000029802322,0.07000000029802322,0.07000000029802322,0.0
2026-06-09 09:30:00,GRDM.V,,0.11500000208616257,0.11500000208616257,0.11500000208616257,0.11500000208616257,0.0
2026-06-09 09:30:00,GRZ.V,,7.0,7.0,6.940000057220459,6.940000057220459,0.0
2026-06-09 09:30:00,GSI.V,,1.1100000143051147,1.1100000143051147,1.1100000143051147,1.1100000143051147,0.0
2026-06-09 09:30:00,GSP.V,,0.14499999582767487,0.14499999582767487,0.14499999582767487,0.14499999582767487,0.0
2026-06-09 09:30:00,GSTM.V,,0.17499999701976776,0.17499999701976776,0.17499999701976776,0.17499999701976776,0.0
2026-06-09 09:30:00,GSVR.V,,0.44999998807907104,0.44999998807907104,0.44749999046325684,0.44999998807907104,0.0
2026-06-09 09:30:00,GTC.V,,0.17499999701976776,0.17499999701976776,0.17499999701976776,0.17499999701976776,0.0
2026-06-09 09:30:00,GWM.V,,0.5199999809265137,0.5199999809265137,0.5199999809265137,0.5199999809265137,0.0
2026-06-09 09:30:00,GZD.V,,0.07000000029802322,0.07000000029802322,0.07000000029802322,0.07000000029802322,0.0
2026-06-09 09:30:00,HAM.V,,5.550000190734863,5.550000190734863,5.550000190734863,5.550000190734863,0.0
2026-06-09 09:30:00,HCH.V,,1.940000057220459,1.940000057220459,1.850000023841858,1.850000023841858,0.0
2026-06-09 09:30:00,HEC-P.V,,0.12999999523162842,0.12999999523162842,0.12999999523162842,0.12999999523162842,0.0
2026-06-09 09:30:00,HELI.V,,0.03999999910593033,0.03999999910593033,0.03999999910593033,0.03999999910593033,0.0
2026-06-09 09:30:00,HEVI.V,,0.20999999344348907,0.20999999344348907,0.20999999344348907,0.20999999344348907,0.0
2026-06-09 09:30:00,HITI.V,,3.240000009536743,3.240000009536743,3.240000009536743,3.240000009536743,0.0
2026-06-09 09:30:00,HME.V,,2.8399999141693115,2.8399999141693115,2.8399999141693115,2.8399999141693115,0.0
2026-06-09 09:30:00,HMR.V,,0.7799999713897705,0.7799999713897705,0.7799999713897705,0.7799999713897705,0.0
2026-06-09 09:30:00,HSTR.V,,1.7899999618530273,1.7899999618530273,1.7899999618530273,1.7899999618530273,0.0
2026-06-09 09:30:00,IC.V,,0.11500000208616257,0.11500000208616257,0.09000000357627869,0.10000000149011612,349267.0
2026-06-09 09:30:00,ICI-P.V,,0.20999999344348907,0.20999999344348907,0.20999999344348907,0.20999999344348907,0.0
2026-06-09 09:30:00,ICM.V,,0.05999999865889549,0.05999999865889549,0.05999999865889549,0.05999999865889549,0.0
2026-06-09 09:30:00,ICON.V,,0.06499999761581421,0.06499999761581421,0.06499999761581421,0.06499999761581421,0.0
2026-06-09 09:30:00,IFOS.V,,2.440000057220459,2.440000057220459,2.440000057220459,2.440000057220459,0.0
2026-06-09 09:30:00,IGO.V,,0.0949999988079071,0.0949999988079071,0.0949999988079071,0.0949999988079071,0.0
2026-06-09 09:30:00,ILI.V,,0.019999999552965164,0.019999999552965164,0.019999999552965164,0.019999999552965164,0.0
2026-06-09 09:30:00,INFI.V,,0.1899999976158142,0.1899999976158142,0.1899999976158142,0.1899999976158142,0.0
2026-06-09 09:30:00,ISO.V,,13.199999809265137,14.880000114440918,12.949999809265137,14.699999809265137,185664.0
2026-06-09 09:30:00,ITR.V,,3.3299999237060547,3.3299999237060547,3.3299999237060547,3.3299999237060547,0.0
2026-06-09 09:30:00,JADE.V,,0.009999999776482582,0.009999999776482582,0.009999999776482582,0.009999999776482582,0.0
2026-06-09 09:30:00,JAX.V,,0.009999999776482582,0.009999999776482582,0.009999999776482582,0.009999999776482582,0.0
2026-06-09 09:30:00,JCI-H.V,,0.05000000074505806,0.05000000074505806,0.05000000074505806,0.05000000074505806,0.0
2026-06-09 09:30:00,JML-H.V,,0.014999999664723873,0.014999999664723873,0.014999999664723873,0.014999999664723873,0.0
2026-06-09 09:30:00,JOJO-P.V,,0.0949999988079071,0.0949999988079071,0.0949999988079071,0.0949999988079071,0.0
2026-06-09 09:30:00,JUGR.V,,1.0399999618530273,1.0399999618530273,1.0399999618530273,1.0399999618530273,0.0
2026-06-09 09:30:00,JZR.V,,0.24500000476837158,0.24500000476837158,0.24500000476837158,0.24500000476837158,0.0
2026-06-09 09:30:00,KIP.V,,0.2199999988079071,0.2199999988079071,0.2199999988079071,0.2199999988079071,0.0
2026-06-09 09:30:00,KRI.V,,0.20000000298023224,0.20000000298023224,0.20000000298023224,0.20000000298023224,0.0
2026-06-09 09:30:00,KTN.V,,1.4199999570846558,1.4500000476837158,1.4199999570846558,1.4500000476837158,0.0
2026-06-09 09:30:00,LAB.V,,0.05999999865889549,0.05999999865889549,0.05999999865889549,0.05999999865889549,0.0
2026-06-09 09:30:00,LBNK.V,,0.550000011920929,0.550000011920929,0.550000011920929,0.550000011920929,0.0
2026-06-09 09:30:00,LCX.V,,1.7100000381469727,1.7100000381469727,1.7100000381469727,1.7100000381469727,0.0
2026-06-09 09:30:00,LG.V,,0.35499998927116394,0.35499998927116394,0.35499998927116394,0.35499998927116394,0.0
2026-06-09 09:30:00,LGN.V,,0.9100000262260437,0.9100000262260437,0.9100000262260437,0.9100000262260437,0.0
2026-06-09 09:30:00,LIFT.V,,5.230000019073486,5.349999904632568,5.230000019073486,5.320000171661377,0.0
2026-06-09 09:30:00,LIO.V,,0.1599999964237213,0.1599999964237213,0.1550000011920929,0.1550000011920929,0.0
2026-06-09 09:30:00,LITH.V,,0.6700000166893005,0.6700000166893005,0.6700000166893005,0.6700000166893005,0.0
2026-06-09 09:30:00,LME.V,,0.20000000298023224,0.20000000298023224,0.20000000298023224,0.20000000298023224,0.0
2026-06-09 09:30:00,LMN.V,,22.649999618530273,23.0,22.649999618530273,23.0,0.0
2026-06-09 09:30:00,LPS.V,,0.125,0.125,0.125,0.125,0.0
2026-06-09 09:30:00,LSD-H.V,,0.05000000074505806,0.05000000074505806,0.05000000074505806,0.05000000074505806,0.0
2026-06-09 09:30:00,LTH.V,,0.8799999952316284,0.8799999952316284,0.8799999952316284,0.8799999952316284,0.0
2026-06-09 09:30:00,LVG.V,,0.2800000011920929,0.2800000011920929,0.2800000011920929,0.2800000011920929,0.0
2026-06-09 09:30:00,LVX.V,,0.75,0.75,0.6899999976158142,0.6899999976158142,0.0
2026-06-09 09:30:00,LX-H.V,,0.03999999910593033,0.03999999910593033,0.03999999910593033,0.03999999910593033,0.0
2026-06-09 09:30:00,MDE-H.V,,0.029999999329447746,0.029999999329447746,0.029999999329447746,0.029999999329447746,0.0
2026-06-09 09:30:00,MDO.V,,0.014999999664723873,0.014999999664723873,0.014999999664723873,0.014999999664723873,3000.0
2026-06-09 09:30:00,MEK.V,,0.05000000074505806,0.05000000074505806,0.05000000074505806,0.05000000074505806,0.0
2026-06-09 09:30:00,MGM.V,,2.819999933242798,2.819999933242798,2.819999933242798,2.819999933242798,0.0
2026-06-09 09:30:00,MIM.V,,0.1899999976158142,0.1899999976158142,0.1899999976158142,0.1899999976158142,0.0
2026-06-09 09:30:00,MKO.V,,10.329999923706055,10.329999923706055,10.329999923706055,10.329999923706055,0.0
2026-06-09 09:30:00,MKR.V,,0.12999999523162842,0.12999999523162842,0.12999999523162842,0.12999999523162842,0.0
2026-06-09 09:30:00,MLP.V,,1.9700000286102295,1.9800000190734863,1.9700000286102295,1.9800000190734863,0.0
2026-06-09 09:30:00,MMG.V,,0.2549999952316284,0.2549999952316284,0.2549999952316284,0.2549999952316284,0.0
2026-06-09 09:30:00,MN.V,,0.125,0.125,0.125,0.125,0.0
2026-06-09 09:30:00,MNC-PR-A.V,,3.0,3.0,3.0,3.0,0.0
2026-06-09 09:30:00,MQM.V,,0.23000000417232513,0.23000000417232513,0.23000000417232513,0.23000000417232513,0.0
2026-06-09 09:30:00,MTT.V,,0.15000000596046448,0.15000000596046448,0.15000000596046448,0.15000000596046448,0.0
2026-06-09 09:30:00,MTX.V,,0.014999999664723873,0.014999999664723873,0.014999999664723873,0.014999999664723873,0.0
2026-06-09 09:30:00,NURS.V,,4.389999866485596,4.389999866485596,4.389999866485596,4.389999866485596,0.0
2026-06-09 09:30:00,PNG.V,,7.579999923706055,7.579999923706055,7.550000190734863,7.550000190734863,0.0
2026-06-09 09:30:00,TUF.V,,0.699999988079071,0.699999988079071,0.699999988079071,0.699999988079071,0.0
2026-06-09 09:30:00,WLTR-H.V,,0.03500000014901161,0.03500000014901161,0.03500000014901161,0.03500000014901161,0.0
2026-06-09 09:30:00,YGT.V,,0.20000000298023224,0.20000000298023224,0.20000000298023224,0.20000000298023224,0.0
2026-06-09 09:31:00,FORT.V,,4.019999980926514,4.019999980926514,4.019999980926514,4.019999980926514,0.0
2026-06-09 09:31:00,FPC.V,,0.48500001430511475,0.49000000953674316,0.48500001430511475,0.49000000953674316,44505.0
2026-06-09 09:31:00,GRZ.V,,7.039999961853027,7.039999961853027,7.03000020980835,7.03000020980835,2000.0
2026-06-09 09:31:00,GSVR.V,,0.45500001311302185,0.45500001311302185,0.45500001311302185,0.45500001311302185,21400.0
2026-06-09 09:31:00,KRI.V,,0.20000000298023224,0.20000000298023224,0.20000000298023224,0.20000000298023224,5430.0
2026-06-09 09:31:00,LG.V,,0.3499999940395355,0.3499999940395355,0.3499999940395355,0.3499999940395355,8711.0
2026-06-09 09:31:00,LIFT.V,,5.079999923706055,5.199999809265137,5.079999923706055,5.199999809265137,10930.0
2026-06-09 09:31:00,LITH.V,,0.6600000262260437,0.6600000262260437,0.6600000262260437,0.6600000262260437,17000.0
2026-06-09 09:31:00,MGM.V,,2.8299999237060547,2.8299999237060547,2.8299999237060547,2.8299999237060547,400.0
2026-06-09 09:31:00,MIM.V,,0.1899999976158142,0.1899999976158142,0.1899999976158142,0.1899999976158142,13500.0
2026-06-09 09:31:00,NURS.V,,4.360000133514404,4.400000095367432,4.349999904632568,4.400000095367432,3500.0
2026-06-09 09:31:00,PNG.V,,7.409999847412109,7.480000019073486,7.409999847412109,7.480000019073486,11341.0
2026-06-09 09:31:00,TUF.V,,0.7300000190734863,0.7300000190734863,0.699999988079071,0.699999988079071,43385.0
2026-06-09 09:32:00,FDR.V,,4.349999904632568,4.349999904632568,4.349999904632568,4.349999904632568,500.0
2026-06-09 09:32:00,FOR.V,,0.6600000262260437,0.6600000262260437,0.6600000262260437,0.6600000262260437,0.0
2026-06-09 09:32:00,FPC.V,,0.48500001430511475,0.48500001430511475,0.48500001430511475,0.48500001430511475,1000.0
2026-06-09 09:32:00,FUU.V,,0.14499999582767487,0.14499999582767487,0.14499999582767487,0.14499999582767487,83535.0
2026-06-09 09:32:00,GSVR.V,,0.44999998807907104,0.44999998807907104,0.44999998807907104,0.44999998807907104,6500.0
2026-06-09 09:32:00,HAM.V,,5.550000190734863,5.550000190734863,5.550000190734863,5.550000190734863,3000.0
2026-06-09 09:32:00,ITR.V,,3.359999895095825,3.359999895095825,3.359999895095825,3.359999895095825,146.0
2026-06-09 09:32:00,LG.V,,0.3499999940395355,0.3499999940395355,0.3499999940395355,0.3499999940395355,5000.0
2026-06-09 09:32:00,LIFT.V,,5.25,5.25,5.099999904632568,5.150000095367432,2800.0
2026-06-09 09:32:00,LMR.V,,0.07999999821186066,0.08500000089406967,0.07999999821186066,0.08500000089406967,0.0
2026-06-09 09:32:00,MLP.V,,1.9500000476837158,1.9500000476837158,1.9500000476837158,1.9500000476837158,3500.0
2026-06-09 09:32:00,MMG.V,,0.25,0.25,0.25,0.25,1500.0
2026-06-09 09:32:00,NURS.V,,4.400000095367432,4.400000095367432,4.400000095367432,4.400000095367432,500.0
2026-06-09 09:32:00,PNG.V,,7.440000057220459,7.449999809265137,7.409999847412109,7.409999847412109,3537.0
2026-06-09 09:32:00,TUF.V,,0.7300000190734863,0.7300000190734863,0.7300000190734863,0.7300000190734863,14000.0
2026-06-09 09:33:00,GMA.V,,0.2750000059604645,0.2750000059604645,0.2750000059604645,0.2750000059604645,1000.0
2026-06-09 09:33:00,GSVR.V,,0.44999998807907104,0.44999998807907104,0.44999998807907104,0.44999998807907104,1500.0
2026-06-09 09:33:00,GUG.V,,0.04500000178813934,0.04500000178813934,0.04500000178813934,0.04500000178813934,0.0
2026-06-09 09:33:00,HAM.V,,5.519999980926514,5.519999980926514,5.519999980926514,5.519999980926514,100.0
2026-06-09 09:33:00,HSTR.V,,1.7699999809265137,1.7899999618530273,1.7699999809265137,1.7899999618530273,7200.0
2026-06-09 09:33:00,IFOS.V,,2.440000057220459,2.450000047683716,2.4200000762939453,2.440000057220459,3100.0
2026-06-09 09:33:00,LG.V,,0.3499999940395355,0.3499999940395355,0.3499999940395355,0.3499999940395355,4942.0
2026-06-09 09:33:00,LITH.V,,0.6600000262260437,0.6600000262260437,0.6600000262260437,0.6600000262260437,1000.0
2026-06-09 09:33:00,LMR.V,,0.08500000089406967,0.08500000089406967,0.08500000089406967,0.08500000089406967,23000.0
2026-06-09 09:33:00,LTH.V,,0.8700000047683716,0.8700000047683716,0.8700000047683716,0.8700000047683716,2500.0
2026-06-09 09:33:00,NURS.V,,4.349999904632568,4.349999904632568,4.349999904632568,4.349999904632568,100.0
2026-06-09 09:33:00,PNG.V,,7.440000057220459,7.460000038146973,7.409999847412109,7.460000038146973,18200.0
2026-06-09 09:34:00,GSVR.V,,0.44999998807907104,0.44999998807907104,0.44999998807907104,0.44999998807907104,2000.0
2026-06-09 09:34:00,HAM.V,,5.5,5.5,5.5,5.5,800.0
2026-06-09 09:34:00,HITI.V,,3.2699999809265137,3.2699999809265137,3.259999990463257,3.259999990463257,712.0
2026-06-09 09:34:00,LMN.V,,22.299999237060547,22.31999969482422,22.299999237060547,22.31999969482422,3136.0
2026-06-09 09:34:00,LTH.V,,0.8600000143051147,0.8600000143051147,0.8600000143051147,0.8600000143051147,4201.0
2026-06-09 09:34:00,MMG.V,,0.2549999952316284,0.2549999952316284,0.2549999952316284,0.2549999952316284,2000.0
2026-06-09 09:35:00,BIG.V,,0.6499999761581421,0.6600000262260437,0.6399999856948853,0.6399999856948853,7500.0
2026-06-09 09:35:00,FRI.V,,0.06499999761581421,0.06499999761581421,0.06499999761581421,0.06499999761581421,20000.0
2026-06-09 09:35:00,GSVR.V,,0.44999998807907104,0.44999998807907104,0.44999998807907104,0.44999998807907104,24100.0
2026-06-09 09:35:00,GWM.V,,0.5299999713897705,0.5299999713897705,0.5299999713897705,0.5299999713897705,1000.0
2026-06-09 09:35:00,HSTR.V,,1.7799999713897705,1.7799999713897705,1.7799999713897705,1.7799999713897705,500.0
2026-06-09 09:35:00,LCX.V,,1.7000000476837158,1.7100000381469727,1.7000000476837158,1.7100000381469727,6000.0
2026-06-09 09:35:00,LITH.V,,0.6600000262260437,0.6600000262260437,0.6600000262260437,0.6600000262260437,10000.0
2026-06-09 09:35:00,MKO.V,,10.329999923706055,10.359999656677246,10.329999923706055,10.359999656677246,400.0
2026-06-09 09:35:00,MLP.V,,1.9600000381469727,1.9600000381469727,1.9600000381469727,1.9600000381469727,800.0
2026-06-09 09:35:00,MN.V,,0.125,0.125,0.125,0.125,31000.0
2026-06-09 09:35:00,ZNG.V,,0.9399999976158142,0.9399999976158142,0.9399999976158142,0.9399999976158142,0.0
2026-06-09 09:36:00,FDR.V,,4.300000190734863,4.300000190734863,4.300000190734863,4.300000190734863,500.0
2026-06-09 09:36:00,GFM-H.V,,0.36000001430511475,0.36000001430511475,0.36000001430511475,0.36000001430511475,0.0
2026-06-09 09:36:00,HSTR.V,,1.7799999713897705,1.7899999618530273,1.7799999713897705,1.7899999618530273,7005.0
2026-06-09 09:36:00,MGM.V,,2.8399999141693115,2.8399999141693115,2.8399999141693115,2.8399999141693115,100.0
2026-06-09 09:36:00,NURS.V,,4.349999904632568,4.349999904632568,4.349999904632568,4.349999904632568,1400.0
2026-06-09 09:36:00,PNG.V,,7.400000095367432,7.429999828338623,7.380000114440918,7.409999847412109,10438.0
2026-06-09 09:37:00,BLOK-H.V,,0.17000000178813934,0.17000000178813934,0.17000000178813934,0.17000000178813934,8000.0
2026-06-09 09:37:00,FPX.V,,0.4650000035762787,0.4650000035762787,0.4650000035762787,0.4650000035762787,2450.0
2026-06-09 09:37:00,HAM.V,,5.420000076293945,5.420000076293945,5.420000076293945,5.420000076293945,500.0
2026-06-09 09:37:00,HSTR.V,,1.7699999809265137,1.7899999618530273,1.7699999809265137,1.7899999618530273,1041.0
2026-06-09 09:37:00,ITR.V,,3.3499999046325684,3.3499999046325684,3.3499999046325684,3.3499999046325684,1000.0
2026-06-09 09:37:00,LG.V,,0.3499999940395355,0.3499999940395355,0.3499999940395355,0.3499999940395355,500.0
2026-06-09 09:37:00,LITH.V,,0.6600000262260437,0.6600000262260437,0.6600000262260437,0.6600000262260437,1000.0
2026-06-09 09:37:00,LTH.V,,0.8600000143051147,0.8600000143051147,0.8600000143051147,0.8600000143051147,1407.0
2026-06-09 09:37:00,MGM.V,,2.859999895095825,2.859999895095825,2.859999895095825,2.859999895095825,100.0
2026-06-09 09:37:00,MLP.V,,1.9500000476837158,1.9500000476837158,1.9500000476837158,1.9500000476837158,3459.0
2026-06-09 09:37:00,NURS.V,,4.320000171661377,4.349999904632568,4.320000171661377,4.349999904632568,2300.0
2026-06-09 09:37:00,PNG.V,,7.409999847412109,7.440000057220459,7.409999847412109,7.420000076293945,5423.0
2026-06-09 09:38:00,FTEC.V,,0.04500000178813934,0.04500000178813934,0.04500000178813934,0.04500000178813934,23000.0
2026-06-09 09:38:00,GCN.V,,0.03999999910593033,0.03999999910593033,0.03999999910593033,0.03999999910593033,0.0
2026-06-09 09:38:00,GSVR.V,,0.44749999046325684,0.44999998807907104,0.44749999046325684,0.44999998807907104,5500.0
2026-06-09 09:38:00,KTN.V,,1.4199999570846558,1.4199999570846558,1.4199999570846558,1.4199999570846558,2300.0
2026-06-09 09:38:00,KTO.V,,0.6499999761581421,0.6499999761581421,0.6499999761581421,0.6499999761581421,0.0
2026-06-09 09:38:00,LG.V,,0.3499999940395355,0.3499999940395355,0.3499999940395355,0.3499999940395355,24000.0
2026-06-09 09:38:00,LITH.V,,0.6600000262260437,0.6600000262260437,0.6600000262260437,0.6600000262260437,10000.0
2026-06-09 09:38:00,MGM.V,,2.869999885559082,2.869999885559082,2.859999895095825,2.859999895095825,400.0
2026-06-09 09:38:00,MLP.V,,1.9500000476837158,1.9500000476837158,1.9500000476837158,1.9500000476837158,20312.0
2026-06-09 09:38:00,TUF.V,,0.7300000190734863,0.7300000190734863,0.7300000190734863,0.7300000190734863,1500.0
2026-06-09 09:39:00,EPF.V,,0.5799999833106995,0.5799999833106995,0.5799999833106995,0.5799999833106995,500.0
2026-06-09 09:39:00,GCOM.V,,0.07000000029802322,0.07000000029802322,0.07000000029802322,0.07000000029802322,0.0
2026-06-09 09:39:00,GRZ.V,,7.0,7.0,7.0,7.0,14500.0
2026-06-09 09:39:00,GSVR.V,,0.44999998807907104,0.44999998807907104,0.44999998807907104,0.44999998807907104,500.0
2026-06-09 09:39:00,LCX.V,,1.7100000381469727,1.7200000286102295,1.7000000476837158,1.7000000476837158,20400.0
2026-06-09 09:39:00,LMN.V,,22.5,22.5,22.5,22.5,3500.0
2026-06-09 09:39:00,LTH.V,,0.8600000143051147,0.8600000143051147,0.8600000143051147,0.8600000143051147,1500.0
2026-06-09 09:39:00,PNG.V,,7.420000076293945,7.420000076293945,7.420000076293945,7.420000076293945,300.0
2026-06-09 09:40:00,GSVR.V,,0.44999998807907104,0.44999998807907104,0.44999998807907104,0.44999998807907104,21000.0
2026-06-09 09:40:00,ITR.V,,3.3499999046325684,3.3499999046325684,3.3499999046325684,3.3499999046325684,1200.0
2026-06-09 09:40:00,LGN.V,,0.9100000262260437,0.9100000262260437,0.9100000262260437,0.9100000262260437,500.0
2026-06-09 09:40:00,LIFT.V,,5.260000228881836,5.260000228881836,5.239999771118164,5.239999771118164,500.0
2026-06-09 09:40:00,LMN.V,,22.299999237060547,22.299999237060547,22.299999237060547,22.299999237060547,178.0
2026-06-09 09:40:00,MIM.V,,0.20000000298023224,0.20000000298023224,0.19499999284744263,0.19499999284744263,27000.0
2026-06-09 09:40:00,NURS.V,,4.309999942779541,4.309999942779541,4.309999942779541,4.309999942779541,300.0
2026-06-09 09:40:00,PNG.V,,7.449999809265137,7.449999809265137,7.429999828338623,7.429999828338623,750.0
2026-06-09 09:41:00,GEN.V,,0.08500000089406967,0.08500000089406967,0.08500000089406967,0.08500000089406967,4000.0
2026-06-09 09:41:00,GRZ.V,,7.0,7.0,6.989999771118164,7.0,4200.0
2026-06-09 09:41:00,HSTR.V,,1.7799999713897705,1.7799999713897705,1.7799999713897705,1.7799999713897705,200.0
2026-06-09 09:41:00,MD.V,,0.4300000071525574,0.4300000071525574,0.4300000071525574,0.4300000071525574,0.0
2026-06-09 09:41:00,MIM.V,,0.23499999940395355,0.23499999940395355,0.23499999940395355,0.23499999940395355,2000.0
2026-06-09 09:41:00,MLP.V,,1.9500000476837158,1.9500000476837158,1.9500000476837158,1.9500000476837158,2000.0
2026-06-09 09:41:00,NURS.V,,4.309999942779541,4.380000114440918,4.309999942779541,4.380000114440918,300.0
2026-06-09 09:41:00,PNG.V,,7.46999979019165,7.46999979019165,7.460000038146973,7.460000038146973,400.0
2026-06-09 09:42:00,FORT.V,,3.890000104904175,3.890000104904175,3.890000104904175,3.890000104904175,300.0
2026-06-09 09:42:00,GBU.V,,0.1550000011920929,0.16500000655651093,0.1550000011920929,0.16500000655651093,0.0
2026-06-09 09:42:00,HELI.V,,0.03999999910593033,0.03999999910593033,0.03999999910593033,0.03999999910593033,2000.0
2026-06-09 09:42:00,HSTR.V,,1.7799999713897705,1.7799999713897705,1.7799999713897705,1.7799999713897705,100.0
2026-06-09 09:42:00,ITR.V,,3.3499999046325684,3.3499999046325684,3.3499999046325684,3.3499999046325684,200.0
2026-06-09 09:42:00,JPWR-H.V,,0.4950000047683716,0.4950000047683716,0.4950000047683716,0.4950000047683716,0.0
2026-06-09 09:42:00,MIM.V,,0.2150000035762787,0.2150000035762787,0.2150000035762787,0.2150000035762787,12000.0
2026-06-09 09:42:00,MLP.V,,1.9500000476837158,1.9500000476837158,1.9500000476837158,1.9500000476837158,200.0
2026-06-09 09:42:00,PNG.V,,7.460000038146973,7.480000019073486,7.460000038146973,7.474999904632568,2000.0
2026-06-09 09:43:00,BIG.V,,0.6499999761581421,0.6499999761581421,0.6499999761581421,0.6499999761581421,2000.0
2026-06-09 09:43:00,FDR.V,,4.300000190734863,4.300000190734863,4.300000190734863,4.300000190734863,100.0
2026-06-09 09:43:00,GFG.V,,0.20499999821186066,0.20499999821186066,0.20499999821186066,0.20499999821186066,5000.0
2026-06-09 09:43:00,GSVR.V,,0.44999998807907104,0.44999998807907104,0.44999998807907104,0.44999998807907104,1380.0
2026-06-09 09:43:00,HHH.V,,5.599999904632568,5.599999904632568,5.599999904632568,5.599999904632568,0.0
2026-06-09 09:43:00,HSTR.V,,1.7899999618530273,1.7899999618530273,1.7799999713897705,1.7799999713897705,300.0
2026-06-09 09:43:00,ITR.V,,3.3499999046325684,3.3499999046325684,3.3499999046325684,3.3499999046325684,100.0
2026-06-09 09:43:00,KTN.V,,1.4299999475479126,1.4299999475479126,1.4299999475479126,1.4299999475479126,250.0
2026-06-09 09:43:00,LCX.V,,1.7100000381469727,1.7100000381469727,1.7100000381469727,1.7100000381469727,400.0
2026-06-09 09:43:00,PNG.V,,7.489999771118164,7.489999771118164,7.460000038146973,7.460000038146973,2414.0
2026-06-09 09:43:00,YGT.V,,0.20000000298023224,0.20000000298023224,0.20000000298023224,0.20000000298023224,2000.0
2026-06-09 09:44:00,EQTY.V,,0.26249998807907104,0.26249998807907104,0.26249998807907104,0.26249998807907104,0.0
2026-06-09 09:44:00,GRZ.V,,7.0,7.0,7.0,7.0,1400.0
2026-06-09 09:44:00,LCX.V,,1.690000057220459,1.690000057220459,1.690000057220459,1.690000057220459,17800.0
2026-06-09 09:44:00,LVX.V,,0.7300000190734863,0.7300000190734863,0.7300000190734863,0.7300000190734863,1000.0
2026-06-09 09:44:00,NURS.V,,4.25,4.320000171661377,4.25,4.320000171661377,15700.0
2026-06-09 09:44:00,PNG.V,,7.510000228881836,7.510000228881836,7.5,7.5,1450.0
2026-06-09 09:45:00,GRDM.V,,0.11999999731779099,0.11999999731779099,0.11999999731779099,0.11999999731779099,49000.0
2026-06-09 09:45:00,HSTR.V,,1.7799999713897705,1.7799999713897705,1.7799999713897705,1.7799999713897705,1500.0
2026-06-09 09:45:00,LVG.V,,0.2750000059604645,0.2750000059604645,0.2750000059604645,0.2750000059604645,6000.0
2026-06-09 09:45:00,PNG.V,,7.510000228881836,7.519999980926514,7.510000228881836,7.519999980926514,703.0
2026-06-09 09:46:00,BIG.V,,0.6600000262260437,0.6600000262260437,0.6600000262260437,0.6600000262260437,2000.0
2026-06-09 09:46:00,GGO.V,,1.100000023841858,1.100000023841858,1.100000023841858,1.100000023841858,100.0
2026-06-09 09:46:00,GQC.V,,0.9399999976158142,0.9399999976158142,0.9399999976158142,0.9399999976158142,2000.0
2026-06-09 09:46:00,GSVR.V,,0.45249998569488525,0.45500001311302185,0.44999998807907104,0.44999998807907104,8300.0
2026-06-09 09:46:00,HAM.V,,5.400000095367432,5.400000095367432,5.400000095367432,5.400000095367432,200.0
2026-06-09 09:46:00,HSTR.V,,1.7799999713897705,1.7799999713897705,1.7799999713897705,1.7799999713897705,100.0
2026-06-09 09:46:00,LG.V,,0.3499999940395355,0.3499999940395355,0.3499999940395355,0.3499999940395355,1500.0
2026-06-09 09:46:00,LGN.V,,0.9100000262260437,0.9100000262260437,0.9100000262260437,0.9100000262260437,500.0
2026-06-09 09:46:00,NURS.V,,4.320000171661377,4.320000171661377,4.25,4.300000190734863,4700.0
2026-06-09 09:46:00,PNG.V,,7.46999979019165,7.510000228881836,7.46999979019165,7.510000228881836,2910.0
2026-06-09 09:46:00,TUF.V,,0.7200000286102295,0.7200000286102295,0.7200000286102295,0.7200000286102295,2000.0
2026-06-09 09:46:00,YGT.V,,0.19499999284744263,0.19499999284744263,0.19499999284744263,0.19499999284744263,17500.0
2026-06-09 09:47:00,HAM.V,,5.320000171661377,5.320000171661377,5.320000171661377,5.320000171661377,100.0
2026-06-09 09:47:00,ITR.V,,3.359999895095825,3.359999895095825,3.359999895095825,3.359999895095825,500.0
2026-06-09 09:47:00,LCX.V,,1.7000000476837158,1.7000000476837158,1.7000000476837158,1.7000000476837158,1300.0
2026-06-09 09:47:00,LG.V,,0.3499999940395355,0.3499999940395355,0.3449999988079071,0.3449999988079071,15000.0
2026-06-09 09:47:00,LMN.V,,22.5,22.559999465942383,22.5,22.559999465942383,600.0
2026-06-09 09:47:00,LVG.V,,0.2750000059604645,0.2750000059604645,0.2750000059604645,0.2750000059604645,10000.0
2026-06-09 09:47:00,MKO.V,,10.380000114440918,10.380000114440918,10.380000114440918,10.380000114440918,200.0
2026-06-09 09:47:00,MLP.V,,1.9600000381469727,1.9600000381469727,1.9600000381469727,1.9600000381469727,1300.0
2026-06-09 09:47:00,MTA.V,,10.109999656677246,10.109999656677246,10.109999656677246,10.109999656677246,0.0
2026-06-09 09:47:00,NURS.V,,4.340000152587891,4.340000152587891,4.260000228881836,4.320000171661377,1000.0
2026-06-09 09:47:00,PNG.V,,7.5,7.5,7.494999885559082,7.5,1028.0
2026-06-09 09:48:00,EQTY.V,,0.27000001072883606,0.27000001072883606,0.27000001072883606,0.27000001072883606,500.0
2026-06-09 09:48:00,FDR.V,,4.329999923706055,4.329999923706055,4.329999923706055,4.329999923706055,300.0
2026-06-09 09:48:00,GSVR.V,,0.45750001072883606,0.46000000834465027,0.45500001311302185,0.45500001311302185,8000.0
2026-06-09 09:48:00,HMR.V,,0.7799999713897705,0.7799999713897705,0.7799999713897705,0.7799999713897705,5000.0
2026-06-09 09:48:00,HSTR.V,,1.7899999618530273,1.7899999618530273,1.7899999618530273,1.7899999618530273,500.0
2026-06-09 09:48:00,ITR.V,,3.380000114440918,3.380000114440918,3.380000114440918,3.380000114440918,200.0
2026-06-09 09:48:00,IVS.V,,0.2750000059604645,0.2750000059604645,0.2750000059604645,0.2750000059604645,0.0
2026-06-09 09:48:00,LITH.V,,0.6600000262260437,0.6600000262260437,0.6600000262260437,0.6600000262260437,2000.0
2026-06-09 09:48:00,LMN.V,,22.59000015258789,22.610000610351562,22.514999389648438,22.59000015258789,727.0
2026-06-09 09:48:00,LVG.V,,0.2750000059604645,0.2750000059604645,0.2750000059604645,0.2750000059604645,13500.0
2026-06-09 09:48:00,MLP.V,,1.9700000286102295,1.9700000286102295,1.9700000286102295,1.9700000286102295,700.0
2026-06-09 09:48:00,PNG.V,,7.510000228881836,7.53000020980835,7.5,7.510000228881836,1500.0
2026-06-09 09:48:00,TUF.V,,0.7200000286102295,0.7200000286102295,0.7200000286102295,0.7200000286102295,500.0
2026-06-09 09:49:00,FDR.V,,4.349999904632568,4.349999904632568,4.340000152587891,4.340000152587891,200.0
2026-06-09 09:49:00,GQC.V,,0.9700000286102295,0.9700000286102295,0.949999988079071,0.949999988079071,42500.0
2026-06-09 09:49:00,GSVR.V,,0.4650000035762787,0.4650000035762787,0.4650000035762787,0.4650000035762787,25000.0
2026-06-09 09:49:00,GWM.V,,0.5299999713897705,0.5400000214576721,0.5299999713897705,0.5400000214576721,19400.0
2026-06-09 09:49:00,HSTR.V,,1.7999999523162842,1.7999999523162842,1.7999999523162842,1.7999999523162842,100.0
2026-06-09 09:49:00,IFOS.V,,2.430000066757202,2.430000066757202,2.430000066757202,2.430000066757202,200.0
2026-06-09 09:49:00,LCX.V,,1.7000000476837158,1.7000000476837158,1.7000000476837158,1.7000000476837158,9500.0
2026-06-09 09:49:00,LG.V,,0.35499998927116394,0.35499998927116394,0.35499998927116394,0.35499998927116394,4558.0
2026-06-09 09:49:00,MKO.V,,10.600000381469727,10.600000381469727,10.470000267028809,10.470000267028809,15716.0
2026-06-09 09:49:00,MLP.V,,1.9600000381469727,1.9600000381469727,1.9600000381469727,1.9600000381469727,7000.0
2026-06-09 09:49:00,PNG.V,,7.510000228881836,7.534999847412109,7.510000228881836,7.534999847412109,1300.0
2026-06-09 09:49:00,TUF.V,,0.7300000190734863,0.7300000190734863,0.7200000286102295,0.7200000286102295,7900.0
2026-06-09 09:50:00,BIG.V,,0.6600000262260437,0.6600000262260437,0.6600000262260437,0.6600000262260437,7000.0
2026-06-09 09:50:00,EQTY.V,,0.27000001072883606,0.27000001072883606,0.27000001072883606,0.27000001072883606,36000.0
2026-06-09 09:50:00,FORT.V,,3.700000047683716,3.700000047683716,3.700000047683716,3.700000047683716,300.0
2026-06-09 09:50:00,GQC.V,,1.0,1.0,0.9900000095367432,0.9900000095367432,20900.0
2026-06-09 09:50:00,GSVR.V,,0.4650000035762787,0.4650000035762787,0.4625000059604645,0.4625000059604645,1000.0
2026-06-09 09:50:00,GWM.V,,0.5400000214576721,0.5400000214576721,0.5400000214576721,0.5400000214576721,3000.0
2026-06-09 09:50:00,HHH.V,,5.610000133514404,5.610000133514404,5.610000133514404,5.610000133514404,100.0
2026-06-09 09:50:00,HITI.V,,3.299999952316284,3.299999952316284,3.2899999618530273,3.2899999618530273,2232.0
2026-06-09 09:50:00,IFOS.V,,2.430000066757202,2.430000066757202,2.4200000762939453,2.430000066757202,2600.0
2026-06-09 09:50:00,ITR.V,,3.380000114440918,3.380000114440918,3.380000114440918,3.380000114440918,200.0
2026-06-09 09:50:00,IVC-H.V,,0.10000000149011612,0.10000000149011612,0.10000000149011612,0.10000000149011612,0.0
2026-06-09 09:50:00,LG.V,,0.35499998927116394,0.35499998927116394,0.35499998927116394,0.35499998927116394,15000.0
2026-06-09 09:50:00,LTH.V,,0.8799999952316284,0.8799999952316284,0.8700000047683716,0.8700000047683716,2500.0
2026-06-09 09:50:00,MEK.V,,0.054999999701976776,0.054999999701976776,0.054999999701976776,0.054999999701976776,10000.0
2026-06-09 09:50:00,NURS.V,,4.340000152587891,4.349999904632568,4.340000152587891,4.349999904632568,300.0
2026-06-09 09:50:00,PNG.V,,7.5,7.519999980926514,7.5,7.510000228881836,737.0
2026-06-09 09:51:00,GQC.V,,1.0,1.0099999904632568,1.0,1.0099999904632568,4500.0
2026-06-09 09:51:00,GSVR.V,,0.46000000834465027,0.46000000834465027,0.46000000834465027,0.46000000834465027,12500.0
2026-06-09 09:51:00,JUGR.V,,1.0199999809265137,1.0199999809265137,1.0199999809265137,1.0199999809265137,200.0
2026-06-09 09:51:00,LCX.V,,1.7000000476837158,1.7000000476837158,1.7000000476837158,1.7000000476837158,100.0
2026-06-09 09:51:00,MCM-A.V,,0.33000001311302185,0.33000001311302185,0.33000001311302185,0.33000001311302185,0.0
2026-06-09 09:51:00,MIM.V,,0.22499999403953552,0.22499999403953552,0.22499999403953552,0.22499999403953552,500.0
2026-06-09 09:51:00,MLP.V,,1.9700000286102295,1.9700000286102295,1.9700000286102295,1.9700000286102295,1100.0
2026-06-09 09:51:00,NURS.V,,4.28000020980835,4.329999923706055,4.28000020980835,4.329999923706055,1700.0
2026-06-09 09:51:00,PNG.V,,7.5,7.5,7.5,7.5,1900.0
2026-06-09 09:52:00,BIG.V,,0.6600000262260437,0.6600000262260437,0.6600000262260437,0.6600000262260437,3000.0
2026-06-09 09:52:00,ESK.V,,0.4000000059604645,0.4000000059604645,0.4000000059604645,0.4000000059604645,8000.0
2026-06-09 09:52:00,FMN.V,,0.20000000298023224,0.20000000298023224,0.20000000298023224,0.20000000298023224,0.0
2026-06-09 09:52:00,GGO.V,,1.1200000047683716,1.1200000047683716,1.1200000047683716,1.1200000047683716,2770.0
2026-06-09 09:52:00,ITR.V,,3.369999885559082,3.380000114440918,3.369999885559082,3.380000114440918,3930.0
2026-06-09 09:52:00,JUGR.V,,1.0199999809265137,1.0199999809265137,1.0199999809265137,1.0199999809265137,100.0
2026-06-09 09:52:00,MKO.V,,10.510000228881836,10.510000228881836,10.510000228881836,10.510000228881836,200.0
2026-06-09 09:52:00,MLP.V,,1.9800000190734863,1.9800000190734863,1.9700000286102295,1.9700000286102295,2300.0
2026-06-09 09:52:00,NURS.V,,4.25,4.260000228881836,4.25,4.260000228881836,1200.0
2026-06-09 09:52:00,PNG.V,,7.53000020980835,7.53000020980835,7.505000114440918,7.505000114440918,1000.0
2026-06-09 09:53:00,FORT.V,,3.25,3.619999885559082,3.25,3.619999885559082,3400.0
2026-06-09 09:53:00,HHH.V,,5.550000190734863,5.610000133514404,5.550000190734863,5.610000133514404,2000.0
2026-06-09 09:53:00,HSTR.V,,1.7799999713897705,1.7799999713897705,1.7799999713897705,1.7799999713897705,500.0
2026-06-09 09:53:00,JUGR.V,,1.0199999809265137,1.0199999809265137,1.0199999809265137,1.0199999809265137,200.0
2026-06-09 09:53:00,PNG.V,,7.510000228881836,7.519999980926514,7.510000228881836,7.519999980926514,1284.0
2026-06-09 09:54:00,BIG.V,,0.6499999761581421,0.6499999761581421,0.6499999761581421,0.6499999761581421,500.0
2026-06-09 09:54:00,FORT.V,,3.2100000381469727,3.2100000381469727,3.2100000381469727,3.2100000381469727,200.0
2026-06-09 09:54:00,GSI.V,,1.1299999952316284,1.1299999952316284,1.1299999952316284,1.1299999952316284,300.0
2026-06-09 09:54:00,GSVR.V,,0.46000000834465027,0.46000000834465027,0.45750001072883606,0.45750001072883606,1500.0
2026-06-09 09:54:00,GWM.V,,0.5400000214576721,0.5400000214576721,0.5400000214576721,0.5400000214576721,1387.0
2026-06-09 09:54:00,HHH.V,,5.550000190734863,5.550000190734863,5.550000190734863,5.550000190734863,400.0
2026-06-09 09:54:00,JUGR.V,,1.0199999809265137,1.0199999809265137,1.0199999809265137,1.0199999809265137,200.0
2026-06-09 09:54:00,KCC.V,,0.9200000166893005,0.9200000166893005,0.9200000166893005,0.9200000166893005,0.0
2026-06-09 09:54:00,KNG.V,,1.0299999713897705,1.0299999713897705,1.0299999713897705,1.0299999713897705,0.0
2026-06-09 09:54:00,LCX.V,,1.7200000286102295,1.7200000286102295,1.7000000476837158,1.7000000476837158,11200.0
2026-06-09 09:54:00,MN.V,,0.1274999976158142,0.1274999976158142,0.1274999976158142,0.1274999976158142,1000.0
2026-06-09 09:54:00,PNG.V,,7.5,7.5,7.5,7.5,100.0
2026-06-09 09:55:00,FPC.V,,0.48500001430511475,0.48500001430511475,0.48500001430511475,0.48500001430511475,11000.0
2026-06-09 09:55:00,GGX.V,,0.03999999910593033,0.03999999910593033,0.03999999910593033,0.03999999910593033,0.0
2026-06-09 09:55:00,GLAD.V,,2.380000114440918,2.380000114440918,2.380000114440918,2.380000114440918,1200.0
2026-06-09 09:55:00,HMR.V,,0.7799999713897705,0.7799999713897705,0.7799999713897705,0.7799999713897705,4500.0
2026-06-09 09:55:00,JUGR.V,,1.0199999809265137,1.0199999809265137,1.0199999809265137,1.0199999809265137,200.0
2026-06-09 09:55:00,LCX.V,,1.7100000381469727,1.7100000381469727,1.7000000476837158,1.7000000476837158,2000.0
2026-06-09 09:55:00,LG.V,,0.35499998927116394,0.35499998927116394,0.35499998927116394,0.35499998927116394,21500.0
2026-06-09 09:55:00,MLP.V,,1.9600000381469727,1.9800000190734863,1.9600000381469727,1.9800000190734863,3900.0
2026-06-09 09:55:00,PNG.V,,7.510000228881836,7.510000228881836,7.480000019073486,7.510000228881836,1305.0
2026-06-09 09:56:00,FWTC.V,,0.04500000178813934,0.04500000178813934,0.04500000178813934,0.04500000178813934,0.0
2026-06-09 09:56:00,ITR.V,,3.359999895095825,3.359999895095825,3.359999895095825,3.359999895095825,5605.0
2026-06-09 09:56:00,JUGR.V,,1.0199999809265137,1.0199999809265137,1.0199999809265137,1.0199999809265137,200.0
2026-06-09 09:56:00,KTO.V,,0.6600000262260437,0.6600000262260437,0.6499999761581421,0.6499999761581421,59500.0
2026-06-09 09:56:00,LG.V,,0.35499998927116394,0.35499998927116394,0.35499998927116394,0.35499998927116394,5000.0
2026-06-09 09:56:00,LMN.V,,22.6299991607666,22.6299991607666,22.6200008392334,22.6299991607666,445.0
2026-06-09 09:56:00,NURS.V,,4.25,4.25,4.25,4.25,100.0
2026-06-09 09:57:00,BIG.V,,0.6499999761581421,0.6499999761581421,0.6499999761581421,0.6499999761581421,3000.0
2026-06-09 09:57:00,EQTY.V,,0.27000001072883606,0.27000001072883606,0.27000001072883606,0.27000001072883606,1400.0
2026-06-09 09:57:00,FWTC.V,,0.04500000178813934,0.04500000178813934,0.04500000178813934,0.04500000178813934,13000.0
2026-06-09 09:57:00,GGO.V,,1.1100000143051147,1.1100000143051147,1.1100000143051147,1.1100000143051147,1200.0
2026-06-09 09:57:00,JUGR.V,,1.0199999809265137,1.0199999809265137,1.0199999809265137,1.0199999809265137,900.0
2026-06-09 09:57:00,PNG.V,,7.485000133514404,7.485000133514404,7.46999979019165,7.485000133514404,500.0
2026-06-09 09:58:00,FDR.V,,4.300000190734863,4.300000190734863,4.300000190734863,4.300000190734863,100.0
2026-06-09 09:58:00,FNC.V,,0.1550000011920929,0.1550000011920929,0.1550000011920929,0.1550000011920929,0.0
2026-06-09 09:58:00,FWTC.V,,0.04500000178813934,0.04500000178813934,0.04500000178813934,0.04500000178813934,5001.0
2026-06-09 09:58:00,HSTR.V,,1.7799999713897705,1.7799999713897705,1.7799999713897705,1.7799999713897705,1500.0
2026-06-09 09:58:00,ITR.V,,3.369999885559082,3.369999885559082,3.369999885559082,3.369999885559082,100.0
2026-06-09 09:58:00,PNG.V,,7.5,7.5,7.489999771118164,7.489999771118164,1600.0
2026-06-09 09:59:00,EQTY.V,,0.27000001072883606,0.27000001072883606,0.27000001072883606,0.27000001072883606,5000.0
2026-06-09 09:59:00,FOR.V,,0.6499999761581421,0.6600000262260437,0.6499999761581421,0.6600000262260437,2504.0
2026-06-09 09:59:00,FORT.V,,3.299999952316284,3.299999952316284,3.299999952316284,3.299999952316284,100.0
2026-06-09 09:59:00,GLAD.V,,2.380000114440918,2.380000114440918,2.380000114440918,2.380000114440918,100.0
2026-06-09 09:59:00,GSI.V,,1.1299999952316284,1.1299999952316284,1.1299999952316284,1.1299999952316284,700.0
2026-06-09 09:59:00,GSVR.V,,0.45500001311302185,0.45500001311302185,0.45500001311302185,0.45500001311302185,5000.0
2026-06-09 09:59:00,GTC.V,,0.17499999701976776,0.17499999701976776,0.17499999701976776,0.17499999701976776,54000.0
2026-06-09 09:59:00,GWM.V,,0.5299999713897705,0.5299999713897705,0.5299999713897705,0.5299999713897705,4500.0
2026-06-09 09:59:00,ITR.V,,3.369999885559082,3.369999885559082,3.369999885559082,3.369999885559082,200.0
2026-06-09 09:59:00,NHHH.V,,0.03999999910593033,0.03999999910593033,0.03999999910593033,0.03999999910593033,0.0
2026-06-09 09:59:00,PNG.V,,7.510000228881836,7.510000228881836,7.510000228881836,7.510000228881836,100.0
2026-06-09 10:00:00,GMV.V,,0.13500000536441803,0.13500000536441803,0.13500000536441803,0.13500000536441803,0.0
2026-06-09 10:00:00,GPH.V,,1.090000033378601,1.090000033378601,1.090000033378601,1.090000033378601,960.0
2026-06-09 10:00:00,GSVR.V,,0.46000000834465027,0.46000000834465027,0.46000000834465027,0.46000000834465027,500.0
2026-06-09 10:00:00,LCX.V,,1.7000000476837158,1.7000000476837158,1.690000057220459,1.690000057220459,3000.0
2026-06-09 10:00:00,PNG.V,,7.5,7.519999980926514,7.5,7.519999980926514,1400.0
2026-06-09 10:01:00,FDR.V,,4.320000171661377,4.320000171661377,4.300000190734863,4.300000190734863,900.0
2026-06-09 10:01:00,GSVR.V,,0.46000000834465027,0.46000000834465027,0.46000000834465027,0.46000000834465027,65500.0
2026-06-09 10:01:00,HI.V,,0.1599999964237213,0.1599999964237213,0.1599999964237213,0.1599999964237213,0.0
2026-06-09 10:01:00,HSTR.V,,1.7699999809265137,1.7799999713897705,1.7699999809265137,1.7799999713897705,1000.0
2026-06-09 10:01:00,ITR.V,,3.380000114440918,3.380000114440918,3.380000114440918,3.380000114440918,2200.0
2026-06-09 10:01:00,JZR.V,,0.25,0.25,0.24500000476837158,0.24500000476837158,6897.0
2026-06-09 10:01:00,PNG.V,,7.510000228881836,7.510000228881836,7.5,7.5,1500.0
2026-06-09 10:02:00,FOR.V,,0.6499999761581421,0.6499999761581421,0.6499999761581421,0.6499999761581421,2500.0
2026-06-09 10:02:00,FRED.V,,0.5400000214576721,0.5400000214576721,0.5400000214576721,0.5400000214576721,1851.0
2026-06-09 10:02:00,GAL.V,,0.4399999976158142,0.4399999976158142,0.4399999976158142,0.4399999976158142,7000.0
2026-06-09 10:02:00,GLAD.V,,2.380000114440918,2.380000114440918,2.380000114440918,2.380000114440918,1900.0
2026-06-09 10:02:00,GQC.V,,0.9800000190734863,0.9800000190734863,0.9800000190734863,0.9800000190734863,500.0
2026-06-09 10:02:00,GSVR.V,,0.46000000834465027,0.46000000834465027,0.46000000834465027,0.46000000834465027,4000.0
2026-06-09 10:02:00,KALO.V,,0.1850000023841858,0.1850000023841858,0.1850000023841858,0.1850000023841858,0.0
2026-06-09 10:02:00,LG.V,,0.36000001430511475,0.36000001430511475,0.36000001430511475,0.36000001430511475,6500.0
2026-06-09 10:02:00,LQWD.V,,0.8600000143051147,0.8600000143051147,0.8600000143051147,0.8600000143051147,0.0
2026-06-09 10:02:00,NURS.V,,4.269999980926514,4.269999980926514,4.260000228881836,4.269999980926514,2600.0
2026-06-09 10:02:00,PNG.V,,7.480000019073486,7.510000228881836,7.480000019073486,7.5,1798.0
2026-06-09 10:03:00,FG.V,,0.03500000014901161,0.03500000014901161,0.03500000014901161,0.03500000014901161,97000.0
2026-06-09 10:03:00,GQC.V,,0.9599999785423279,0.9599999785423279,0.9599999785423279,0.9599999785423279,6000.0
2026-06-09 10:03:00,GSVR.V,,0.46000000834465027,0.46000000834465027,0.46000000834465027,0.46000000834465027,16000.0
2026-06-09 10:03:00,HAM.V,,5.320000171661377,5.320000171661377,5.320000171661377,5.320000171661377,100.0
2026-06-09 10:03:00,HHH.V,,5.599999904632568,5.599999904632568,5.599999904632568,5.599999904632568,800.0
2026-06-09 10:03:00,HITI.V,,3.319999933242798,3.319999933242798,3.319999933242798,3.319999933242798,2044.0
2026-06-09 10:03:00,HSTR.V,,1.75,1.7599999904632568,1.75,1.7599999904632568,7200.0
2026-06-09 10:03:00,JUGR.V,,1.0099999904632568,1.0099999904632568,1.0099999904632568,1.0099999904632568,500.0
2026-06-09 10:04:00,ESK.V,,0.4000000059604645,0.4000000059604645,0.4000000059604645,0.4000000059604645,5000.0
2026-06-09 10:04:00,GSI.V,,1.1299999952316284,1.1299999952316284,1.1299999952316284,1.1299999952316284,900.0
2026-06-09 10:04:00,HHH.V,,5.599999904632568,5.599999904632568,5.599999904632568,5.599999904632568,500.0
2026-06-09 10:04:00,HI.V,,0.16500000655651093,0.16500000655651093,0.1599999964237213,0.1599999964237213,116500.0
2026-06-09 10:04:00,LG.V,,0.36500000953674316,0.36500000953674316,0.36000001430511475,0.36000001430511475,18000.0
2026-06-09 10:04:00,PNG.V,,7.440000057220459,7.465000152587891,7.429999828338623,7.460000038146973,8075.0
2026-06-09 10:05:00,GQC.V,,0.9800000190734863,0.9800000190734863,0.9599999785423279,0.9599999785423279,9900.0
2026-06-09 10:05:00,GSVR.V,,0.46000000834465027,0.46000000834465027,0.46000000834465027,0.46000000834465027,9305.0
2026-06-09 10:05:00,HI.V,,0.16500000655651093,0.16500000655651093,0.16500000655651093,0.16500000655651093,5100.0
2026-06-09 10:05:00,HSTR.V,,1.7699999809265137,1.7699999809265137,1.75,1.75,17600.0
2026-06-09 10:05:00,JUGR.V,,1.0099999904632568,1.0099999904632568,1.0099999904632568,1.0099999904632568,200.0
2026-06-09 10:05:00,LSTR.V,,0.07999999821186066,0.07999999821186066,0.07999999821186066,0.07999999821186066,0.0
2026-06-09 10:05:00,LVX.V,,0.699999988079071,0.699999988079071,0.699999988079071,0.699999988079071,4051.0
2026-06-09 10:05:00,MLP.V,,1.9500000476837158,1.9500000476837158,1.9500000476837158,1.9500000476837158,509.0
2026-06-09 10:05:00,NURS.V,,4.300000190734863,4.300000190734863,4.300000190734863,4.300000190734863,1000.0
2026-06-09 10:05:00,PNG.V,,7.460000038146973,7.460000038146973,7.449999809265137,7.449999809265137,10712.0
2026-06-09 10:06:00,FG.V,,0.03500000014901161,0.03500000014901161,0.03500000014901161,0.03500000014901161,36000.0
2026-06-09 10:06:00,FOR.V,,0.6299999952316284,0.6399999856948853,0.6299999952316284,0.6399999856948853,4500.0
2026-06-09 10:06:00,GSVR.V,,0.46000000834465027,0.46000000834465027,0.46000000834465027,0.46000000834465027,1014.0
2026-06-09 10:06:00,GTC.V,,0.17000000178813934,0.17000000178813934,0.17000000178813934,0.17000000178813934,1000.0
2026-06-09 10:06:00,ITR.V,,3.380000114440918,3.380000114440918,3.380000114440918,3.380000114440918,200.0
2026-06-09 10:06:00,LSTR.V,,0.07999999821186066,0.07999999821186066,0.07999999821186066,0.07999999821186066,20000.0
2026-06-09 10:06:00,MGM.V,,2.890000104904175,2.890000104904175,2.890000104904175,2.890000104904175,750.0
2026-06-09 10:06:00,MKO.V,,10.420000076293945,10.420000076293945,10.420000076293945,10.420000076293945,100.0
2026-06-09 10:06:00,PNG.V,,7.46999979019165,7.46999979019165,7.460000038146973,7.460000038146973,1000.0
2026-06-09 10:07:00,HI.V,,0.16500000655651093,0.16500000655651093,0.16500000655651093,0.16500000655651093,3000.0
2026-06-09 10:07:00,HSTR.V,,1.7799999713897705,1.7799999713897705,1.7799999713897705,1.7799999713897705,800.0
2026-06-09 10:07:00,KALO.V,,0.1850000023841858,0.1850000023841858,0.1850000023841858,0.1850000023841858,7000.0
2026-06-09 10:07:00,LCX.V,,1.7000000476837158,1.7000000476837158,1.7000000476837158,1.7000000476837158,3350.0
2026-06-09 10:07:00,LG.V,,0.36000001430511475,0.36000001430511475,0.36000001430511475,0.36000001430511475,9000.0
2026-06-09 10:07:00,LSTR.V,,0.07999999821186066,0.07999999821186066,0.07999999821186066,0.07999999821186066,10000.0
2026-06-09 10:07:00,PNG.V,,7.460000038146973,7.480000019073486,7.460000038146973,7.480000019073486,2000.0
2026-06-09 10:08:00,GQC.V,,0.9800000190734863,0.9800000190734863,0.9800000190734863,0.9800000190734863,2000.0
2026-06-09 10:08:00,HSTR.V,,1.7799999713897705,1.7799999713897705,1.7799999713897705,1.7799999713897705,800.0
2026-06-09 10:08:00,JUGR.V,,1.0099999904632568,1.0099999904632568,1.0099999904632568,1.0099999904632568,200.0
2026-06-09 10:08:00,KTN.V,,1.440000057220459,1.440000057220459,1.440000057220459,1.440000057220459,100.0
2026-06-09 10:08:00,LG.V,,0.3725000023841858,0.375,0.36500000953674316,0.36500000953674316,143000.0
2026-06-09 10:08:00,PNG.V,,7.449999809265137,7.449999809265137,7.440000057220459,7.449999809265137,700.0
2026-06-09 10:09:00,FMN.V,,0.20000000298023224,0.20000000298023224,0.20000000298023224,0.20000000298023224,10000.0
2026-06-09 10:09:00,HI.V,,0.16500000655651093,0.16500000655651093,0.16500000655651093,0.16500000655651093,31000.0
2026-06-09 10:09:00,HSTR.V,,1.7799999713897705,1.7799999713897705,1.7799999713897705,1.7799999713897705,500.0
2026-06-09 10:09:00,LG.V,,0.3700000047683716,0.3700000047683716,0.3700000047683716,0.3700000047683716,8000.0
2026-06-09 10:09:00,MTS.V,,0.1550000011920929,0.1550000011920929,0.1550000011920929,0.1550000011920929,0.0
2026-06-09 10:09:00,PNG.V,,7.440000057220459,7.460000038146973,7.440000057220459,7.449999809265137,7211.0
2026-06-09 10:09:00,ZNG.V,,0.9399999976158142,0.9399999976158142,0.9399999976158142,0.9399999976158142,500.0
2026-06-09 10:10:00,FDR.V,,4.300000190734863,4.300000190734863,4.300000190734863,4.300000190734863,700.0
2026-06-09 10:10:00,FOR.V,,0.6399999856948853,0.6399999856948853,0.6399999856948853,0.6399999856948853,500.0
2026-06-09 10:10:00,GMV.V,,0.13500000536441803,0.13500000536441803,0.13500000536441803,0.13500000536441803,5815.0
2026-06-09 10:10:00,GPH.V,,1.1100000143051147,1.1100000143051147,1.1100000143051147,1.1100000143051147,305.0
2026-06-09 10:10:00,HSTR.V,,1.75,1.7699999809265137,1.75,1.7699999809265137,18700.0
2026-06-09 10:10:00,ITR.V,,3.380000114440918,3.380000114440918,3.380000114440918,3.380000114440918,1100.0
2026-06-09 10:10:00,LG.V,,0.3700000047683716,0.3700000047683716,0.3700000047683716,0.3700000047683716,17500.0
2026-06-09 10:10:00,MLP.V,,1.940000057220459,1.940000057220459,1.940000057220459,1.940000057220459,209.0
2026-06-09 10:10:00,PNG.V,,7.420000076293945,7.440000057220459,7.420000076293945,7.429999828338623,1400.0
2026-06-09 10:11:00,GQC.V,,0.9700000286102295,0.9700000286102295,0.9700000286102295,0.9700000286102295,500.0
2026-06-09 10:11:00,GSVR.V,,0.45500001311302185,0.45500001311302185,0.45500001311302185,0.45500001311302185,35500.0
2026-06-09 10:11:00,HMT.V,,1.0499999523162842,1.0499999523162842,1.0499999523162842,1.0499999523162842,0.0
2026-06-09 10:11:00,HSTR.V,,1.75,1.75,1.75,1.75,5800.0
2026-06-09 10:11:00,JUGR.V,,1.0099999904632568,1.0099999904632568,1.0099999904632568,1.0099999904632568,100.0
2026-06-09 10:11:00,LCX.V,,1.690000057220459,1.690000057220459,1.690000057220459,1.690000057220459,1000.0
2026-06-09 10:11:00,LG.V,,0.3700000047683716,0.3700000047683716,0.3700000047683716,0.3700000047683716,8000.0
2026-06-09 10:11:00,LGN.V,,0.9100000262260437,0.9100000262260437,0.9100000262260437,0.9100000262260437,2000.0
2026-06-09 10:11:00,LIO.V,,0.15000000596046448,0.15000000596046448,0.15000000596046448,0.15000000596046448,24852.0
2026-06-09 10:11:00,MKO.V,,10.40999984741211,10.420000076293945,10.40999984741211,10.420000076293945,200.0
2026-06-09 10:11:00,PNG.V,,7.409999847412109,7.425000190734863,7.389999866485596,7.425000190734863,6940.0
2026-06-09 10:11:00,TUF.V,,0.7400000095367432,0.7400000095367432,0.7400000095367432,0.7400000095367432,1500.0
2026-06-09 10:12:00,BLOK-H.V,,0.17000000178813934,0.17000000178813934,0.17000000178813934,0.17000000178813934,2000.0
2026-06-09 10:12:00,FDR.V,,4.25,4.25,4.25,4.25,100.0
2026-06-09 10:12:00,GSVR.V,,0.45500001311302185,0.45500001311302185,0.45500001311302185,0.45500001311302185,20500.0
2026-06-09 10:12:00,LG.V,,0.36000001430511475,0.3700000047683716,0.36000001430511475,0.3700000047683716,118500.0
2026-06-09 10:12:00,LMN.V,,22.5,22.5,22.5,22.5,1000.0
2026-06-09 10:12:00,PNG.V,,7.429999828338623,7.454999923706055,7.429999828338623,7.440000057220459,1131.0
2026-06-09 10:13:00,FUU.V,,0.14499999582767487,0.14499999582767487,0.14499999582767487,0.14499999582767487,21000.0
2026-06-09 10:13:00,GQC.V,,0.9399999976158142,0.9599999785423279,0.9200000166893005,0.9599999785423279,25100.0
2026-06-09 10:13:00,GSVR.V,,0.45500001311302185,0.45500001311302185,0.45249998569488525,0.45249998569488525,84707.0
2026-06-09 10:13:00,HSTR.V,,1.75,1.75,1.75,1.75,700.0
2026-06-09 10:13:00,ITR.V,,3.369999885559082,3.369999885559082,3.369999885559082,3.369999885559082,3042.0
2026-06-09 10:13:00,JUGR.V,,1.0099999904632568,1.0099999904632568,1.0099999904632568,1.0099999904632568,100.0
2026-06-09 10:13:00,LG.V,,0.36000001430511475,0.36000001430511475,0.36000001430511475,0.36000001430511475,10000.0
2026-06-09 10:13:00,MKO.V,,10.380000114440918,10.420000076293945,10.380000114440918,10.420000076293945,500.0
2026-06-09 10:13:00,PNG.V,,7.400000095367432,7.420000076293945,7.389999866485596,7.420000076293945,3220.0
2026-06-09 10:14:00,FAIR.V,,0.05000000074505806,0.05000000074505806,0.04500000178813934,0.04500000178813934,15000.0
2026-06-09 10:14:00,FDR.V,,4.25,4.25,4.25,4.25,1400.0
2026-06-09 10:14:00,FUU.V,,0.14499999582767487,0.14499999582767487,0.14499999582767487,0.14499999582767487,9503.0
2026-06-09 10:14:00,GQC.V,,0.9399999976158142,0.9399999976158142,0.9399999976158142,0.9399999976158142,2500.0
2026-06-09 10:14:00,GSVR.V,,0.45500001311302185,0.45500001311302185,0.45249998569488525,0.45249998569488525,11000.0
2026-06-09 10:14:00,ITR.V,,3.380000114440918,3.380000114440918,3.369999885559082,3.369999885559082,6180.0
2026-06-09 10:14:00,LCX.V,,1.6799999475479126,1.6799999475479126,1.6799999475479126,1.6799999475479126,100.0
2026-06-09 10:14:00,LMN.V,,22.5,22.5,22.5,22.5,157.0
2026-06-09 10:14:00,LTH.V,,0.8700000047683716,0.875,0.8700000047683716,0.875,8000.0
2026-06-09 10:14:00,NURS.V,,4.300000190734863,4.309999942779541,4.300000190734863,4.309999942779541,1500.0
2026-06-09 10:14:00,PNG.V,,7.400000095367432,7.420000076293945,7.400000095367432,7.409999847412109,700.0
2026-06-09 10:15:00,FDR.V,,4.28000020980835,4.28000020980835,4.230000019073486,4.230000019073486,5200.0
2026-06-09 10:15:00,HITI.V,,3.309999942779541,3.309999942779541,3.309999942779541,3.309999942779541,100.0
2026-06-09 10:15:00,KTN.V,,1.4249999523162842,1.4299999475479126,1.4199999570846558,1.4299999475479126,17880.0
2026-06-09 10:15:00,MEK.V,,0.05000000074505806,0.05000000074505806,0.05000000074505806,0.05000000074505806,5000.0
2026-06-09 10:15:00,MKO.V,,10.40999984741211,10.40999984741211,10.380000114440918,10.380000114440918,600.0
2026-06-09 10:15:00,NURS.V,,4.329999923706055,4.329999923706055,4.309999942779541,4.309999942779541,900.0
2026-06-09 10:15:00,PNG.V,,7.400000095367432,7.400000095367432,7.389999866485596,7.400000095367432,23400.0
2026-06-09 10:16:00,GMV.V,,0.13500000536441803,0.13500000536441803,0.13500000536441803,0.13500000536441803,3500.0
2026-06-09 10:16:00,HAM.V,,5.400000095367432,5.400000095367432,5.389999866485596,5.389999866485596,300.0
2026-06-09 10:16:00,IVS.V,,0.26499998569488525,0.26499998569488525,0.26499998569488525,0.26499998569488525,1000.0
2026-06-09 10:16:00,KTN.V,,1.4299999475479126,1.4299999475479126,1.4299999475479126,1.4299999475479126,100.0
2026-06-09 10:16:00,NURS.V,,4.309999942779541,4.309999942779541,4.300000190734863,4.300000190734863,19400.0
2026-06-09 10:16:00,PNG.V,,7.400000095367432,7.400000095367432,7.389999866485596,7.389999866485596,2073.0
2026-06-09 10:17:00,FOR.V,,0.6299999952316284,0.6499999761581421,0.6299999952316284,0.6399999856948853,21000.0
2026-06-09 10:17:00,FUU.V,,0.14499999582767487,0.14499999582767487,0.14499999582767487,0.14499999582767487,500.0
2026-06-09 10:17:00,GGAU.V,,0.2199999988079071,0.2199999988079071,0.2199999988079071,0.2199999988079071,3500.0
2026-06-09 10:17:00,GPH.V,,1.090000033378601,1.090000033378601,1.090000033378601,1.090000033378601,2900.0
2026-06-09 10:17:00,GQC.V,,0.949999988079071,0.949999988079071,0.949999988079071,0.949999988079071,500.0
2026-06-09 10:17:00,GSVR.V,,0.45500001311302185,0.45500001311302185,0.45500001311302185,0.45500001311302185,2150.0
2026-06-09 10:17:00,GWM.V,,0.5299999713897705,0.5299999713897705,0.5299999713897705,0.5299999713897705,47768.0
2026-06-09 10:17:00,HSTR.V,,1.7400000095367432,1.7400000095367432,1.7400000095367432,1.7400000095367432,3400.0
2026-06-09 10:17:00,IFOS.V,,2.4200000762939453,2.4200000762939453,2.4200000762939453,2.4200000762939453,100.0
2026-06-09 10:17:00,KTN.V,,1.4249999523162842,1.4299999475479126,1.4199999570846558,1.4299999475479126,2800.0
2026-06-09 10:17:00,LG.V,,0.36000001430511475,0.36000001430511475,0.36000001430511475,0.36000001430511475,5000.0
2026-06-09 10:17:00,MKO.V,,10.329999923706055,10.329999923706055,10.329999923706055,10.329999923706055,500.0
2026-06-09 10:17:00,PNG.V,,7.389999866485596,7.400000095367432,7.389999866485596,7.400000095367432,3210.0
2026-06-09 10:17:00,TUF.V,,0.7099999785423279,0.7400000095367432,0.6899999976158142,0.7200000286102295,48221.0
2026-06-09 10:18:00,EMM.V,,0.09000000357627869,0.09000000357627869,0.09000000357627869,0.09000000357627869,0.0
2026-06-09 10:18:00,EQTY.V,,0.26499998569488525,0.26499998569488525,0.26499998569488525,0.26499998569488525,18000.0
2026-06-09 10:18:00,GGAU.V,,0.2199999988079071,0.2199999988079071,0.2199999988079071,0.2199999988079071,2000.0
2026-06-09 10:18:00,GRZ.V,,7.0,7.0,7.0,7.0,1300.0
2026-06-09 10:18:00,GSVR.V,,0.44999998807907104,0.44999998807907104,0.44999998807907104,0.44999998807907104,83421.0
2026-06-09 10:18:00,IFOS.V,,2.4100000858306885,2.4200000762939453,2.4100000858306885,2.4200000762939453,11500.0
2026-06-09 10:18:00,ITR.V,,3.3299999237060547,3.3299999237060547,3.3299999237060547,3.3299999237060547,200.0
2026-06-09 10:18:00,JUGR.V,,1.0099999904632568,1.0099999904632568,1.0099999904632568,1.0099999904632568,100.0
2026-06-09 10:18:00,KTN.V,,1.4299999475479126,1.4299999475479126,1.4249999523162842,1.4249999523162842,900.0
2026-06-09 10:18:00,LCX.V,,1.6799999475479126,1.6799999475479126,1.649999976158142,1.6799999475479126,43500.0
2026-06-09 10:18:00,LQWD.V,,0.8600000143051147,0.8600000143051147,0.8600000143051147,0.8600000143051147,540.0
2026-06-09 10:18:00,MLP.V,,1.9299999475479126,1.9299999475479126,1.9199999570846558,1.9199999570846558,2434.0
2026-06-09 10:18:00,MTA.V,,10.029999732971191,10.029999732971191,10.029999732971191,10.029999732971191,256.0
2026-06-09 10:18:00,PNG.V,,7.389999866485596,7.389999866485596,7.389999866485596,7.389999866485596,100.0
2026-06-09 10:19:00,GQC.V,,0.949999988079071,0.949999988079071,0.949999988079071,0.949999988079071,500.0
2026-06-09 10:19:00,GSVR.V,,0.44999998807907104,0.44999998807907104,0.44999998807907104,0.44999998807907104,45000.0
2026-06-09 10:19:00,HSTR.V,,1.7300000190734863,1.7300000190734863,1.7300000190734863,1.7300000190734863,200.0
2026-06-09 10:19:00,ITR.V,,3.3299999237060547,3.3299999237060547,3.3299999237060547,3.3299999237060547,2700.0
2026-06-09 10:19:00,LIO.V,,0.14499999582767487,0.14499999582767487,0.14499999582767487,0.14499999582767487,37000.0
2026-06-09 10:19:00,LVG.V,,0.27000001072883606,0.27000001072883606,0.27000001072883606,0.27000001072883606,9600.0
2026-06-09 10:19:00,MLP.V,,1.909999966621399,1.909999966621399,1.909999966621399,1.909999966621399,143.0
2026-06-09 10:19:00,PNG.V,,7.400000095367432,7.400000095367432,7.400000095367432,7.400000095367432,1400.0
2026-06-09 10:20:00,GMV.V,,0.12999999523162842,0.12999999523162842,0.12999999523162842,0.12999999523162842,15000.0
2026-06-09 10:20:00,HSTR.V,,1.715000033378601,1.725000023841858,1.715000033378601,1.725000023841858,6505.0
2026-06-09 10:20:00,IFOS.V,,2.4100000858306885,2.4100000858306885,2.4100000858306885,2.4100000858306885,110.0
2026-06-09 10:20:00,KAPA.V,,0.13500000536441803,0.13500000536441803,0.13500000536441803,0.13500000536441803,0.0
2026-06-09 10:20:00,KRI.V,,0.20000000298023224,0.20000000298023224,0.20000000298023224,0.20000000298023224,500.0
2026-06-09 10:20:00,KTN.V,,1.4199999570846558,1.4199999570846558,1.4199999570846558,1.4199999570846558,400.0
2026-06-09 10:20:00,LBNK.V,,0.5600000023841858,0.5600000023841858,0.5600000023841858,0.5600000023841858,1000.0
2026-06-09 10:20:00,MMG.V,,0.25,0.25,0.25,0.25,500.0
2026-06-09 10:20:00,PNG.V,,7.414999961853027,7.414999961853027,7.400000095367432,7.400000095367432,1500.0
2026-06-09 10:20:00,TUF.V,,0.699999988079071,0.699999988079071,0.699999988079071,0.699999988079071,5500.0
2026-06-09 10:21:00,FUU.V,,0.14499999582767487,0.14499999582767487,0.14499999582767487,0.14499999582767487,27000.0
2026-06-09 10:21:00,GSVR.V,,0.44999998807907104,0.44999998807907104,0.44999998807907104,0.44999998807907104,22000.0
2026-06-09 10:21:00,HAM.V,,5.320000171661377,5.320000171661377,5.320000171661377,5.320000171661377,100.0
2026-06-09 10:21:00,ITR.V,,3.3299999237060547,3.3299999237060547,3.3299999237060547,3.3299999237060547,600.0
2026-06-09 10:21:00,KTN.V,,1.4299999475479126,1.4299999475479126,1.4299999475479126,1.4299999475479126,210.0
2026-06-09 10:21:00,MKO.V,,10.239999771118164,10.239999771118164,10.239999771118164,10.239999771118164,100.0
2026-06-09 10:21:00,NURS.V,,4.199999809265137,4.300000190734863,4.199999809265137,4.300000190734863,37800.0
2026-06-09 10:21:00,PNG.V,,7.400000095367432,7.409999847412109,7.389999866485596,7.409999847412109,1531.0
2026-06-09 10:21:00,TUF.V,,0.699999988079071,0.699999988079071,0.699999988079071,0.699999988079071,3000.0
2026-06-09 10:22:00,FOR.V,,0.6299999952316284,0.6299999952316284,0.6299999952316284,0.6299999952316284,3000.0
2026-06-09 10:22:00,FPC.V,,0.48500001430511475,0.48500001430511475,0.48500001430511475,0.48500001430511475,10500.0
2026-06-09 10:22:00,GSVR.V,,0.44999998807907104,0.44999998807907104,0.44999998807907104,0.44999998807907104,1000.0
2026-06-09 10:22:00,HSTR.V,,1.7200000286102295,1.7200000286102295,1.7200000286102295,1.7200000286102295,500.0
2026-06-09 10:22:00,ITR.V,,3.3399999141693115,3.3399999141693115,3.3399999141693115,3.3399999141693115,500.0
2026-06-09 10:22:00,JUGR.V,,1.0099999904632568,1.0099999904632568,1.0099999904632568,1.0099999904632568,100.0
2026-06-09 10:22:00,LCX.V,,1.659999966621399,1.659999966621399,1.659999966621399,1.659999966621399,800.0
2026-06-09 10:22:00,LVX.V,,0.6399999856948853,0.6800000071525574,0.6399999856948853,0.6800000071525574,10540.0
2026-06-09 10:22:00,MKO.V,,10.390000343322754,10.390000343322754,10.300000190734863,10.300000190734863,427.0
2026-06-09 10:22:00,NURS.V,,4.269999980926514,4.269999980926514,4.269999980926514,4.269999980926514,800.0
2026-06-09 10:22:00,PNG.V,,7.329999923706055,7.389999866485596,7.329999923706055,7.389999866485596,18917.0
2026-06-09 10:23:00,GQC.V,,0.9399999976158142,0.949999988079071,0.9399999976158142,0.949999988079071,2501.0
2026-06-09 10:23:00,KTO.V,,0.6800000071525574,0.6800000071525574,0.6700000166893005,0.6700000166893005,17000.0
2026-06-09 10:23:00,MN.V,,0.1274999976158142,0.1274999976158142,0.1274999976158142,0.1274999976158142,1000.0
2026-06-09 10:23:00,PNG.V,,7.340000152587891,7.360000133514404,7.340000152587891,7.360000133514404,1900.0
2026-06-09 10:23:00,TUF.V,,0.699999988079071,0.699999988079071,0.699999988079071,0.699999988079071,9000.0
2026-06-09 10:24:00,GSVR.V,,0.44999998807907104,0.44999998807907104,0.44999998807907104,0.44999998807907104,29500.0
2026-06-09 10:24:00,HME.V,,2.7899999618530273,2.799999952316284,2.7899999618530273,2.799999952316284,9600.0
2026-06-09 10:24:00,HSTR.V,,1.7200000286102295,1.7200000286102295,1.7200000286102295,1.7200000286102295,5200.0
2026-06-09 10:24:00,LMN.V,,22.420000076293945,22.420000076293945,22.420000076293945,22.420000076293945,100.0
2026-06-09 10:24:00,MLP.V,,1.909999966621399,1.9199999570846558,1.909999966621399,1.9199999570846558,500.0
2026-06-09 10:24:00,PNG.V,,7.360000133514404,7.360000133514404,7.349999904632568,7.349999904632568,831.0
2026-06-09 10:25:00,ESK.V,,0.38999998569488525,0.4000000059604645,0.38999998569488525,0.4000000059604645,4500.0
2026-06-09 10:25:00,GSVR.V,,0.44999998807907104,0.44999998807907104,0.44999998807907104,0.44999998807907104,1200.0
2026-06-09 10:25:00,GWM.V,,0.5199999809265137,0.5249999761581421,0.5199999809265137,0.5249999761581421,8000.0
2026-06-09 10:25:00,HSTR.V,,1.7000000476837158,1.7200000286102295,1.7000000476837158,1.7200000286102295,44700.0
2026-06-09 10:25:00,KTN.V,,1.4299999475479126,1.4299999475479126,1.4299999475479126,1.4299999475479126,300.0
2026-06-09 10:25:00,MLP.V,,1.899999976158142,1.899999976158142,1.899999976158142,1.899999976158142,5300.0
2026-06-09 10:25:00,PNG.V,,7.369999885559082,7.369999885559082,7.369999885559082,7.369999885559082,600.0
2026-06-09 10:26:00,FOR.V,,0.6299999952316284,0.6299999952316284,0.6299999952316284,0.6299999952316284,1000.0
2026-06-09 10:26:00,GSVR.V,,0.4449999928474426,0.4449999928474426,0.4449999928474426,0.4449999928474426,84051.0
2026-06-09 10:26:00,HSTR.V,,1.7200000286102295,1.7200000286102295,1.7200000286102295,1.7200000286102295,1600.0
2026-06-09 10:26:00,IFOS.V,,2.4100000858306885,2.4100000858306885,2.4100000858306885,2.4100000858306885,1000.0
2026-06-09 10:26:00,JUGR.V,,1.0149999856948853,1.0149999856948853,1.0149999856948853,1.0149999856948853,100.0
2026-06-09 10:26:00,KRI.V,,0.20000000298023224,0.20000000298023224,0.20000000298023224,0.20000000298023224,500.0
2026-06-09 10:26:00,LCX.V,,1.659999966621399,1.659999966621399,1.659999966621399,1.659999966621399,1300.0
2026-06-09 10:26:00,LPS.V,,0.125,0.125,0.125,0.125,1000.0
2026-06-09 10:26:00,PNG.V,,7.380000114440918,7.385000228881836,7.349999904632568,7.369999885559082,13100.0
2026-06-09 10:26:00,YGT.V,,0.19499999284744263,0.19499999284744263,0.19499999284744263,0.19499999284744263,31018.0
2026-06-09 10:27:00,GFG.V,,0.20000000298023224,0.20000000298023224,0.20000000298023224,0.20000000298023224,5000.0
2026-06-09 10:27:00,GGO.V,,1.090000033378601,1.100000023841858,1.090000033378601,1.100000023841858,2074.0
2026-06-09 10:27:00,GSVR.V,,0.44999998807907104,0.44999998807907104,0.4449999928474426,0.4449999928474426,139000.0
2026-06-09 10:27:00,GUG.V,,0.04500000178813934,0.04500000178813934,0.04500000178813934,0.04500000178813934,21000.0
2026-06-09 10:27:00,HME.V,,2.7699999809265137,2.7699999809265137,2.759999990463257,2.7699999809265137,900.0
2026-06-09 10:27:00,HSTR.V,,1.7200000286102295,1.7200000286102295,1.7200000286102295,1.7200000286102295,500.0
2026-06-09 10:27:00,KTN.V,,1.434999942779541,1.434999942779541,1.4299999475479126,1.4299999475479126,800.0
2026-06-09 10:27:00,LG.V,,0.3499999940395355,0.35499998927116394,0.3499999940395355,0.35499998927116394,141000.0
2026-06-09 10:27:00,LIO.V,,0.14000000059604645,0.14249999821186066,0.14000000059604645,0.14249999821186066,122700.0
2026-06-09 10:27:00,LWR.V,,0.04500000178813934,0.04500000178813934,0.04500000178813934,0.04500000178813934,0.0
2026-06-09 10:27:00,PNG.V,,7.369999885559082,7.369999885559082,7.369999885559082,7.369999885559082,200.0
2026-06-09 10:28:00,FDR.V,,4.269999980926514,4.269999980926514,4.269999980926514,4.269999980926514,200.0
2026-06-09 10:28:00,FORT.V,,3.3499999046325684,3.3499999046325684,3.3499999046325684,3.3499999046325684,5000.0
2026-06-09 10:28:00,GAL.V,,0.4375,0.4375,0.4375,0.4375,1500.0
2026-06-09 10:28:00,GSVR.V,,0.44999998807907104,0.45500001311302185,0.44999998807907104,0.45500001311302185,17000.0
2026-06-09 10:28:00,HSTR.V,,1.7100000381469727,1.7100000381469727,1.7100000381469727,1.7100000381469727,4200.0
2026-06-09 10:28:00,IFOS.V,,2.4100000858306885,2.4100000858306885,2.4100000858306885,2.4100000858306885,1000.0
2026-06-09 10:28:00,JUGR.V,,1.0,1.0,1.0,1.0,200.0
2026-06-09 10:28:00,LCX.V,,1.649999976158142,1.659999966621399,1.649999976158142,1.659999966621399,11400.0
2026-06-09 10:28:00,LIO.V,,0.14499999582767487,0.14499999582767487,0.14499999582767487,0.14499999582767487,33000.0
2026-06-09 10:28:00,PNG.V,,7.369999885559082,7.369999885559082,7.369999885559082,7.369999885559082,100.0
2026-06-09 10:29:00,GWM.V,,0.5199999809265137,0.5199999809265137,0.5199999809265137,0.5199999809265137,600.0
2026-06-09 10:29:00,HAM.V,,5.320000171661377,5.320000171661377,5.320000171661377,5.320000171661377,200.0
2026-06-09 10:29:00,HHH.V,,5.5,5.559999942779541,5.5,5.559999942779541,2200.0
2026-06-09 10:29:00,HITI.V,,3.299999952316284,3.299999952316284,3.299999952316284,3.299999952316284,143.0
2026-06-09 10:29:00,HMR.V,,0.7699999809265137,0.7699999809265137,0.7699999809265137,0.7699999809265137,2745.0
2026-06-09 10:29:00,ITR.V,,3.3399999141693115,3.3399999141693115,3.3399999141693115,3.3399999141693115,500.0
2026-06-09 10:29:00,LGN.V,,0.9200000166893005,0.9200000166893005,0.9200000166893005,0.9200000166893005,500.0
2026-06-09 10:29:00,MD.V,,0.4399999976158142,0.4399999976158142,0.4399999976158142,0.4399999976158142,1500.0
2026-06-09 10:29:00,MKO.V,,10.380000114440918,10.380000114440918,10.380000114440918,10.380000114440918,200.0
2026-06-09 10:29:00,PNG.V,,7.329999923706055,7.369999885559082,7.329999923706055,7.369999885559082,9677.0
2026-06-09 10:30:00,BIG.V,,0.6499999761581421,0.6499999761581421,0.6499999761581421,0.6499999761581421,17100.0
2026-06-09 10:30:00,FOR.V,,0.6399999856948853,0.6399999856948853,0.6399999856948853,0.6399999856948853,5000.0
2026-06-09 10:30:00,GPH.V,,1.0800000429153442,1.0800000429153442,1.0800000429153442,1.0800000429153442,600.0
2026-06-09 10:30:00,GSVR.V,,0.44999998807907104,0.44999998807907104,0.44999998807907104,0.44999998807907104,500.0
2026-06-09 10:30:00,IFOS.V,,2.4100000858306885,2.4100000858306885,2.4100000858306885,2.4100000858306885,1500.0
2026-06-09 10:30:00,LG.V,,0.3499999940395355,0.3499999940395355,0.3499999940395355,0.3499999940395355,7500.0
2026-06-09 10:30:00,LIO.V,,0.15000000596046448,0.15000000596046448,0.15000000596046448,0.15000000596046448,20500.0
2026-06-09 10:30:00,LTH.V,,0.8600000143051147,0.8600000143051147,0.8600000143051147,0.8600000143051147,2000.0
2026-06-09 10:30:00,PNG.V,,7.340000152587891,7.34499979019165,7.329999923706055,7.340000152587891,7000.0
2026-06-09 10:31:00,FRI.V,,0.06499999761581421,0.06499999761581421,0.06499999761581421,0.06499999761581421,15000.0
2026-06-09 10:31:00,HHH.V,,5.5,5.5,5.5,5.5,2400.0
2026-06-09 10:31:00,HI.V,,0.1599999964237213,0.16500000655651093,0.1599999964237213,0.16500000655651093,21500.0
2026-06-09 10:31:00,JUGR.V,,1.0,1.0,1.0,1.0,300.0
2026-06-09 10:31:00,LIO.V,,0.14499999582767487,0.14499999582767487,0.14499999582767487,0.14499999582767487,21150.0
2026-06-09 10:31:00,LMN.V,,22.469999313354492,22.469999313354492,22.469999313354492,22.469999313354492,100.0
2026-06-09 10:31:00,PNG.V,,7.309999942779541,7.329999923706055,7.309999942779541,7.329999923706055,2549.0
2026-06-09 10:32:00,FOR.V,,0.6499999761581421,0.6499999761581421,0.6499999761581421,0.6499999761581421,500.0
2026-06-09 10:32:00,HITI.V,,3.3399999141693115,3.3399999141693115,3.309999942779541,3.309999942779541,8900.0
2026-06-09 10:32:00,HME.V,,2.7699999809265137,2.7799999713897705,2.7699999809265137,2.7799999713897705,13124.0
2026-06-09 10:32:00,HSTR.V,,1.715000033378601,1.715000033378601,1.715000033378601,1.715000033378601,100.0
2026-06-09 10:32:00,ITR.V,,3.3399999141693115,3.3399999141693115,3.3399999141693115,3.3399999141693115,100.0
2026-06-09 10:32:00,KRI.V,,0.20000000298023224,0.20000000298023224,0.20000000298023224,0.20000000298023224,500.0
2026-06-09 10:32:00,LG.V,,0.3499999940395355,0.3499999940395355,0.3499999940395355,0.3499999940395355,18700.0
2026-06-09 10:32:00,LIO.V,,0.14499999582767487,0.14499999582767487,0.14499999582767487,0.14499999582767487,4000.0
2026-06-09 10:32:00,MLP.V,,1.909999966621399,1.909999966621399,1.909999966621399,1.909999966621399,190.0
2026-06-09 10:32:00,PNG.V,,7.360000133514404,7.360000133514404,7.340000152587891,7.340000152587891,4400.0
2026-06-09 10:32:00,YGT.V,,0.19499999284744263,0.19499999284744263,0.19499999284744263,0.19499999284744263,6000.0
2026-06-09 10:33:00,FDR.V,,4.260000228881836,4.260000228881836,4.260000228881836,4.260000228881836,200.0
2026-06-09 10:33:00,HAM.V,,5.400000095367432,5.400000095367432,5.360000133514404,5.360000133514404,700.0
2026-06-09 10:33:00,HI.V,,0.16500000655651093,0.16500000655651093,0.16500000655651093,0.16500000655651093,30000.0
2026-06-09 10:33:00,HITI.V,,3.3399999141693115,3.3399999141693115,3.3399999141693115,3.3399999141693115,8300.0
2026-06-09 10:33:00,HSTR.V,,1.7100000381469727,1.715000033378601,1.7000000476837158,1.715000033378601,10900.0
2026-06-09 10:33:00,IFOS.V,,2.4100000858306885,2.440000057220459,2.4100000858306885,2.430000066757202,2900.0
2026-06-09 10:33:00,JUGR.V,,1.0,1.0,1.0,1.0,300.0
2026-06-09 10:33:00,LTH.V,,0.8600000143051147,0.8600000143051147,0.8600000143051147,0.8600000143051147,54930.0
2026-06-09 10:33:00,MDX.V,,0.05000000074505806,0.05000000074505806,0.05000000074505806,0.05000000074505806,0.0
2026-06-09 10:33:00,MLP.V,,1.9199999570846558,1.9199999570846558,1.9199999570846558,1.9199999570846558,300.0
2026-06-09 10:33:00,PNG.V,,7.340000152587891,7.355000019073486,7.340000152587891,7.355000019073486,1000.0
2026-06-09 10:33:00,YGT.V,,0.19499999284744263,0.19499999284744263,0.19499999284744263,0.19499999284744263,29500.0
2026-06-09 10:34:00,GSVR.V,,0.44749999046325684,0.44749999046325684,0.4449999928474426,0.4449999928474426,4472.0
2026-06-09 10:34:00,HSTR.V,,1.7100000381469727,1.7100000381469727,1.7100000381469727,1.7100000381469727,900.0
2026-06-09 10:34:00,ICM.V,,0.05999999865889549,0.05999999865889549,0.05999999865889549,0.05999999865889549,114860.0
2026-06-09 10:34:00,ITR.V,,3.3299999237060547,3.3299999237060547,3.3299999237060547,3.3299999237060547,300.0
2026-06-09 10:34:00,LG.V,,0.3499999940395355,0.3499999940395355,0.3499999940395355,0.3499999940395355,5000.0
2026-06-09 10:34:00,MIM.V,,0.23000000417232513,0.23000000417232513,0.23000000417232513,0.23000000417232513,4000.0
2026-06-09 10:34:00,MLP.V,,1.9199999570846558,1.9199999570846558,1.9199999570846558,1.9199999570846558,1450.0
2026-06-09 10:34:00,PNG.V,,7.360000133514404,7.360000133514404,7.340000152587891,7.340000152587891,2500.0
2026-06-09 10:34:00,YGT.V,,0.19499999284744263,0.19499999284744263,0.19499999284744263,0.19499999284744263,40000.0
2026-06-09 10:35:00,GRB.V,,0.48500001430511475,0.48500001430511475,0.48500001430511475,0.48500001430511475,0.0
2026-06-09 10:35:00,GSVR.V,,0.4449999928474426,0.4449999928474426,0.4449999928474426,0.4449999928474426,4000.0
2026-06-09 10:35:00,HSTR.V,,1.7100000381469727,1.7100000381469727,1.7100000381469727,1.7100000381469727,272.0
2026-06-09 10:35:00,IFOS.V,,2.4000000953674316,2.4000000953674316,2.4000000953674316,2.4000000953674316,1600.0
2026-06-09 10:35:00,ITR.V,,3.3399999141693115,3.3399999141693115,3.3299999237060547,3.3299999237060547,2900.0
2026-06-09 10:35:00,JUGR.V,,1.0,1.0,1.0,1.0,400.0
2026-06-09 10:35:00,KALO.V,,0.1899999976158142,0.1899999976158142,0.1899999976158142,0.1899999976158142,5000.0
2026-06-09 10:35:00,LCX.V,,1.659999966621399,1.659999966621399,1.659999966621399,1.659999966621399,2000.0
2026-06-09 10:35:00,LIO.V,,0.15000000596046448,0.15000000596046448,0.15000000596046448,0.15000000596046448,23500.0
2026-06-09 10:35:00,LMN.V,,22.530000686645508,22.540000915527344,22.530000686645508,22.530000686645508,1400.0
2026-06-09 10:35:00,PNG.V,,7.329999923706055,7.355000019073486,7.329999923706055,7.349999904632568,10625.0
2026-06-09 10:36:00,FORT.V,,3.0,3.0,3.0,3.0,1000.0
2026-06-09 10:36:00,GAL.V,,0.4350000023841858,0.4350000023841858,0.4350000023841858,0.4350000023841858,15500.0
2026-06-09 10:36:00,GMV.V,,0.125,0.125,0.125,0.125,3850.0
2026-06-09 10:36:00,GSVR.V,,0.4399999976158142,0.4399999976158142,0.4399999976158142,0.4399999976158142,2500.0
2026-06-09 10:36:00,HMR.V,,0.7699999809265137,0.7699999809265137,0.7699999809265137,0.7699999809265137,625.0
2026-06-09 10:36:00,HSTR.V,,1.7000000476837158,1.7100000381469727,1.7000000476837158,1.7100000381469727,1200.0
2026-06-09 10:36:00,IFOS.V,,2.4100000858306885,2.4100000858306885,2.4100000858306885,2.4100000858306885,200.0
2026-06-09 10:36:00,LG.V,,0.3499999940395355,0.3499999940395355,0.3499999940395355,0.3499999940395355,500.0
2026-06-09 10:36:00,MGM.V,,2.859999895095825,2.859999895095825,2.859999895095825,2.859999895095825,100.0
2026-06-09 10:36:00,MIM.V,,0.22499999403953552,0.22499999403953552,0.22499999403953552,0.22499999403953552,1500.0
2026-06-09 10:36:00,TUF.V,,0.699999988079071,0.699999988079071,0.699999988079071,0.699999988079071,1428.0
2026-06-09 10:37:00,FORT.V,,3.0,3.0,3.0,3.0,500.0
2026-06-09 10:37:00,GSVR.V,,0.4449999928474426,0.4449999928474426,0.4449999928474426,0.4449999928474426,3000.0
2026-06-09 10:37:00,IFOS.V,,2.4100000858306885,2.4100000858306885,2.4100000858306885,2.4100000858306885,7271.0
2026-06-09 10:37:00,MKO.V,,10.229999542236328,10.239999771118164,10.199999809265137,10.229999542236328,5400.0
2026-06-09 10:37:00,MTLO.V,,0.004999999888241291,0.004999999888241291,0.004999999888241291,0.004999999888241291,0.0
2026-06-09 10:38:00,FDR.V,,4.230000019073486,4.25,4.230000019073486,4.25,800.0
2026-06-09 10:38:00,HI.V,,0.16500000655651093,0.16500000655651093,0.16500000655651093,0.16500000655651093,1500.0
2026-06-09 10:38:00,HME.V,,2.7899999618530273,2.7899999618530273,2.7899999618530273,2.7899999618530273,200.0
2026-06-09 10:38:00,HMR.V,,0.7799999713897705,0.7799999713897705,0.7799999713897705,0.7799999713897705,4500.0
2026-06-09 10:38:00,HSTR.V,,1.7000000476837158,1.7000000476837158,1.690000057220459,1.7000000476837158,25000.0
2026-06-09 10:38:00,KTN.V,,1.4299999475479126,1.4299999475479126,1.4299999475479126,1.4299999475479126,340.0
2026-06-09 10:38:00,LVX.V,,0.6800000071525574,0.6800000071525574,0.6800000071525574,0.6800000071525574,500.0
2026-06-09 10:38:00,MKO.V,,10.25,10.25,10.210000038146973,10.210000038146973,300.0
2026-06-09 10:38:00,PNG.V,,7.349999904632568,7.360000133514404,7.329999923706055,7.349999904632568,2400.0
2026-06-09 10:38:00,TUF.V,,0.699999988079071,0.699999988079071,0.699999988079071,0.699999988079071,505.0
2026-06-09 10:39:00,HME.V,,2.7899999618530273,2.7899999618530273,2.7899999618530273,2.7899999618530273,200.0
2026-06-09 10:39:00,PNG.V,,7.329999923706055,7.349999904632568,7.329999923706055,7.349999904632568,1225.0
2026-06-09 10:40:00,GAL.V,,0.4449999928474426,0.4449999928474426,0.4300000071525574,0.4350000023841858,81500.0
2026-06-09 10:40:00,GKO.V,,0.04500000178813934,0.04500000178813934,0.03999999910593033,0.03999999910593033,0.0
2026-06-09 10:40:00,GMV.V,,0.12999999523162842,0.12999999523162842,0.12999999523162842,0.12999999523162842,2000.0
2026-06-09 10:40:00,GSVR.V,,0.4449999928474426,0.4449999928474426,0.4399999976158142,0.4399999976158142,2750.0
2026-06-09 10:40:00,HHH.V,,5.5,5.5,5.449999809265137,5.449999809265137,600.0
2026-06-09 10:40:00,HSTR.V,,1.7000000476837158,1.7000000476837158,1.7000000476837158,1.7000000476837158,6400.0
2026-06-09 10:40:00,MEK.V,,0.05000000074505806,0.05000000074505806,0.05000000074505806,0.05000000074505806,1000.0
2026-06-09 10:40:00,NURS.V,,4.25,4.25,4.25,4.25,100.0
2026-06-09 10:40:00,PNG.V,,7.349999904632568,7.349999904632568,7.340000152587891,7.340000152587891,400.0
2026-06-09 10:40:00,ZNG.V,,0.9300000071525574,0.9300000071525574,0.9300000071525574,0.9300000071525574,2069.0
2026-06-09 10:41:00,HI.V,,0.16500000655651093,0.17000000178813934,0.16500000655651093,0.17000000178813934,32000.0
2026-06-09 10:41:00,LIFT.V,,5.25,5.25,5.25,5.25,100.0
2026-06-09 10:41:00,LMN.V,,22.489999771118164,22.489999771118164,22.489999771118164,22.489999771118164,400.0
2026-06-09 10:41:00,LVX.V,,0.6800000071525574,0.6800000071525574,0.6800000071525574,0.6800000071525574,3500.0
2026-06-09 10:41:00,MKO.V,,10.199999809265137,10.210000038146973,10.199999809265137,10.210000038146973,600.0
2026-06-09 10:41:00,PNG.V,,7.340000152587891,7.340000152587891,7.329999923706055,7.340000152587891,600.0
2026-06-09 10:41:00,SCAN.V,,5.849999904632568,5.849999904632568,5.849999904632568,5.849999904632568,0.0
2026-06-09 10:42:00,EMM.V,,0.08500000089406967,0.08500000089406967,0.08500000089406967,0.08500000089406967,30000.0
2026-06-09 10:42:00,FDR.V,,4.210000038146973,4.210000038146973,4.210000038146973,4.210000038146973,100.0
2026-06-09 10:42:00,GKO.V,,0.03999999910593033,0.03999999910593033,0.03999999910593033,0.03999999910593033,100000.0
2026-06-09 10:42:00,GPH.V,,1.0800000429153442,1.0800000429153442,1.0800000429153442,1.0800000429153442,500.0
2026-06-09 10:42:00,GSVR.V,,0.4449999928474426,0.4449999928474426,0.4449999928474426,0.4449999928474426,5099.0
2026-06-09 10:42:00,HSTR.V,,1.7000000476837158,1.7000000476837158,1.7000000476837158,1.7000000476837158,20300.0
2026-06-09 10:42:00,KTN.V,,1.4149999618530273,1.4199999570846558,1.409999966621399,1.4199999570846558,15753.0
2026-06-09 10:42:00,LG.V,,0.3449999988079071,0.3449999988079071,0.3449999988079071,0.3449999988079071,43025.0
2026-06-09 10:42:00,LMN.V,,22.489999771118164,22.489999771118164,22.489999771118164,22.489999771118164,400.0
2026-06-09 10:42:00,MKO.V,,10.199999809265137,10.239999771118164,10.199999809265137,10.239999771118164,400.0
2026-06-09 10:42:00,PNG.V,,7.329999923706055,7.349999904632568,7.329999923706055,7.340000152587891,2225.0
2026-06-09 10:43:00,EQTY.V,,0.25999999046325684,0.25999999046325684,0.25999999046325684,0.25999999046325684,30586.0
2026-06-09 10:43:00,FDR.V,,4.199999809265137,4.199999809265137,4.199999809265137,4.199999809265137,1500.0
2026-06-09 10:43:00,GGO.V,,1.0700000524520874,1.0700000524520874,1.0700000524520874,1.0700000524520874,1600.0
2026-06-09 10:43:00,GKO.V,,0.03999999910593033,0.03999999910593033,0.03999999910593033,0.03999999910593033,100000.0
2026-06-09 10:43:00,GQC.V,,0.9200000166893005,0.9200000166893005,0.9200000166893005,0.9200000166893005,700.0
2026-06-09 10:43:00,GSVR.V,,0.4449999928474426,0.4449999928474426,0.4449999928474426,0.4449999928474426,1000.0
2026-06-09 10:43:00,HME.V,,2.7699999809265137,2.7699999809265137,2.7699999809265137,2.7699999809265137,5000.0
2026-06-09 10:43:00,HMR.V,,0.75,0.7799999713897705,0.75,0.7699999809265137,86650.0
2026-06-09 10:43:00,HSTR.V,,1.690000057220459,1.7000000476837158,1.690000057220459,1.7000000476837158,4600.0
2026-06-09 10:43:00,IFOS.V,,2.4100000858306885,2.4200000762939453,2.4100000858306885,2.4200000762939453,900.0
2026-06-09 10:43:00,ITR.V,,3.319999933242798,3.319999933242798,3.319999933242798,3.319999933242798,100.0
2026-06-09 10:43:00,LG.V,,0.3400000035762787,0.3400000035762787,0.3400000035762787,0.3400000035762787,5000.0
2026-06-09 10:43:00,LVX.V,,0.6700000166893005,0.6800000071525574,0.6700000166893005,0.6800000071525574,36500.0
2026-06-09 10:43:00,MKO.V,,10.199999809265137,10.210000038146973,10.199999809265137,10.210000038146973,2100.0
2026-06-09 10:43:00,MTA.V,,9.970000267028809,9.970000267028809,9.970000267028809,9.970000267028809,100.0
2026-06-09 10:43:00,NURS.V,,4.239999771118164,4.25,4.239999771118164,4.25,2800.0
2026-06-09 10:43:00,PNG.V,,7.320000171661377,7.329999923706055,7.309999942779541,7.329999923706055,1306.0
2026-06-09 10:44:00,BIG.V,,0.6399999856948853,0.6399999856948853,0.6399999856948853,0.6399999856948853,2500.0
2026-06-09 10:44:00,FRED.V,,0.5099999904632568,0.5400000214576721,0.5099999904632568,0.5400000214576721,12000.0
2026-06-09 10:44:00,GAL.V,,0.4300000071525574,0.4300000071525574,0.4300000071525574,0.4300000071525574,10500.0
2026-06-09 10:44:00,GLAD.V,,2.3499999046325684,2.3499999046325684,2.3399999141693115,2.3399999141693115,300.0
2026-06-09 10:44:00,GSVR.V,,0.4424999952316284,0.4424999952316284,0.4424999952316284,0.4424999952316284,500.0
2026-06-09 10:44:00,GTC.V,,0.1599999964237213,0.1599999964237213,0.1599999964237213,0.1599999964237213,1000.0
2026-06-09 10:44:00,ITR.V,,3.299999952316284,3.309999942779541,3.299999952316284,3.309999942779541,11250.0
2026-06-09 10:44:00,LCX.V,,1.6649999618530273,1.6649999618530273,1.6649999618530273,1.6649999618530273,100.0
2026-06-09 10:44:00,LG.V,,0.3400000035762787,0.3400000035762787,0.3400000035762787,0.3400000035762787,1000.0
2026-06-09 10:44:00,LIFT.V,,5.079999923706055,5.079999923706055,5.079999923706055,5.079999923706055,100.0
2026-06-09 10:44:00,MIM.V,,0.22499999403953552,0.22499999403953552,0.22499999403953552,0.22499999403953552,2500.0
2026-06-09 10:44:00,MKO.V,,10.199999809265137,10.199999809265137,10.199999809265137,10.199999809265137,6000.0
2026-06-09 10:44:00,MLP.V,,1.8899999856948853,1.899999976158142,1.8899999856948853,1.899999976158142,14358.0
2026-06-09 10:44:00,MTA.V,,9.960000038146973,9.960000038146973,9.960000038146973,9.960000038146973,150.0
2026-06-09 10:44:00,NURS.V,,4.25,4.25,4.25,4.25,800.0
2026-06-09 10:44:00,PNG.V,,7.300000190734863,7.320000171661377,7.300000190734863,7.309999942779541,10667.0
2026-06-09 10:44:00,ZNG.V,,0.8999999761581421,0.9200000166893005,0.8999999761581421,0.9200000166893005,25000.0
2026-06-09 10:45:00,FDR.V,,4.21999979019165,4.21999979019165,4.21999979019165,4.21999979019165,100.0
2026-06-09 10:45:00,FRED.V,,0.5,0.5099999904632568,0.5,0.5099999904632568,45400.0
2026-06-09 10:45:00,GRB.V,,0.48500001430511475,0.48500001430511475,0.48500001430511475,0.48500001430511475,500.0
2026-06-09 10:45:00,GRZ.V,,7.0,7.0,7.0,7.0,2000.0
2026-06-09 10:45:00,HITI.V,,3.3399999141693115,3.3399999141693115,3.3399999141693115,3.3399999141693115,6800.0
2026-06-09 10:45:00,HME.V,,2.7899999618530273,2.7899999618530273,2.7899999618530273,2.7899999618530273,200.0
2026-06-09 10:45:00,HMR.V,,0.7599999904632568,0.7599999904632568,0.7599999904632568,0.7599999904632568,1000.0
2026-06-09 10:45:00,LG.V,,0.3400000035762787,0.3400000035762787,0.3400000035762787,0.3400000035762787,70020.0
2026-06-09 10:45:00,LIFT.V,,5.050000190734863,5.050000190734863,5.050000190734863,5.050000190734863,500.0
2026-06-09 10:45:00,LTH.V,,0.8500000238418579,0.8500000238418579,0.8500000238418579,0.8500000238418579,56100.0
2026-06-09 10:45:00,LVG.V,,0.2750000059604645,0.2750000059604645,0.2750000059604645,0.2750000059604645,500.0
2026-06-09 10:45:00,MGM.V,,2.819999933242798,2.8299999237060547,2.819999933242798,2.8299999237060547,4150.0
2026-06-09 10:45:00,MKO.V,,10.1899995803833,10.199999809265137,10.1899995803833,10.199999809265137,3130.0
2026-06-09 10:45:00,MLP.V,,1.8899999856948853,1.8899999856948853,1.8899999856948853,1.8899999856948853,500.0
2026-06-09 10:45:00,NURS.V,,4.230000019073486,4.230000019073486,4.230000019073486,4.230000019073486,100.0
2026-06-09 10:45:00,PNG.V,,7.28000020980835,7.289999961853027,7.269999980926514,7.289999961853027,8657.0
2026-06-09 10:46:00,FDR.V,,4.179999828338623,4.179999828338623,4.179999828338623,4.179999828338623,1000.0
2026-06-09 10:46:00,FOR.V,,0.6399999856948853,0.6399999856948853,0.6399999856948853,0.6399999856948853,6500.0
2026-06-09 10:46:00,FUU.V,,0.14499999582767487,0.14499999582767487,0.14499999582767487,0.14499999582767487,1000.0
2026-06-09 10:46:00,GKO.V,,0.03999999910593033,0.03999999910593033,0.03999999910593033,0.03999999910593033,100000.0
2026-06-09 10:46:00,GLAD.V,,2.299999952316284,2.309999942779541,2.299999952316284,2.309999942779541,9330.0
2026-06-09 10:46:00,GRZ.V,,7.0,7.0,7.0,7.0,500.0
2026-06-09 10:46:00,GSI.V,,1.1399999856948853,1.1399999856948853,1.1299999952316284,1.1399999856948853,4200.0
2026-06-09 10:46:00,GSVR.V,,0.4399999976158142,0.4424999952316284,0.4399999976158142,0.4424999952316284,9500.0
2026-06-09 10:46:00,GWM.V,,0.5099999904632568,0.5099999904632568,0.5099999904632568,0.5099999904632568,500.0
2026-06-09 10:46:00,HITI.V,,3.319999933242798,3.3399999141693115,3.319999933242798,3.3399999141693115,3000.0
2026-06-09 10:46:00,HME.V,,2.7799999713897705,2.7899999618530273,2.7799999713897705,2.7899999618530273,2400.0
2026-06-09 10:46:00,HSTR.V,,1.690000057220459,1.6950000524520874,1.690000057220459,1.6950000524520874,3400.0
2026-06-09 10:46:00,ITR.V,,3.2899999618530273,3.2899999618530273,3.2899999618530273,3.2899999618530273,201.0
2026-06-09 10:46:00,LCX.V,,1.659999966621399,1.659999966621399,1.659999966621399,1.659999966621399,900.0
2026-06-09 10:46:00,MD.V,,0.4300000071525574,0.4300000071525574,0.4300000071525574,0.4300000071525574,500.0
2026-06-09 10:46:00,MKO.V,,10.119999885559082,10.119999885559082,10.119999885559082,10.119999885559082,100.0
2026-06-09 10:46:00,NURS.V,,4.230000019073486,4.230000019073486,4.230000019073486,4.230000019073486,100.0
2026-06-09 10:46:00,PNG.V,,7.28000020980835,7.28000020980835,7.28000020980835,7.28000020980835,400.0
2026-06-09 10:46:00,YGT.V,,0.19499999284744263,0.19499999284744263,0.19499999284744263,0.19499999284744263,50000.0
2026-06-09 10:47:00,FDR.V,,4.199999809265137,4.199999809265137,4.199999809265137,4.199999809265137,100.0
2026-06-09 10:47:00,FPC.V,,0.4749999940395355,0.47999998927116394,0.4749999940395355,0.47999998927116394,23500.0
2026-06-09 10:47:00,GMV.V,,0.125,0.125,0.125,0.125,2000.0
2026-06-09 10:47:00,GSVR.V,,0.4399999976158142,0.4399999976158142,0.4399999976158142,0.4399999976158142,276672.0
2026-06-09 10:47:00,HITI.V,,3.319999933242798,3.319999933242798,3.319999933242798,3.319999933242798,4300.0
2026-06-09 10:47:00,HME.V,,2.7799999713897705,2.7799999713897705,2.7799999713897705,2.7799999713897705,200.0
2026-06-09 10:47:00,KRI.V,,0.20000000298023224,0.20000000298023224,0.20000000298023224,0.20000000298023224,6500.0
2026-06-09 10:47:00,MLP.V,,1.8700000047683716,1.8700000047683716,1.8700000047683716,1.8700000047683716,100.0
2026-06-09 10:47:00,PNG.V,,7.21999979019165,7.269999980926514,7.210000038146973,7.260000228881836,52242.0
2026-06-09 10:47:00,TUF.V,,0.6899999976158142,0.6899999976158142,0.6899999976158142,0.6899999976158142,4750.0
2026-06-09 10:47:00,YGT.V,,0.19499999284744263,0.19499999284744263,0.19499999284744263,0.19499999284744263,29000.0
2026-06-09 10:48:00,BIG.V,,0.6399999856948853,0.6399999856948853,0.6399999856948853,0.6399999856948853,47600.0
2026-06-09 10:48:00,GAL.V,,0.4300000071525574,0.4300000071525574,0.42500001192092896,0.42500001192092896,8000.0
2026-06-09 10:48:00,GSPR.V,,0.10000000149011612,0.10000000149011612,0.10000000149011612,0.10000000149011612,0.0
2026-06-09 10:48:00,GSVR.V,,0.4399999976158142,0.4399999976158142,0.4399999976158142,0.4399999976158142,1000.0
2026-06-09 10:48:00,HCH.V,,1.850000023841858,1.8600000143051147,1.850000023841858,1.8600000143051147,800.0
2026-06-09 10:48:00,HI.V,,0.16500000655651093,0.16500000655651093,0.16500000655651093,0.16500000655651093,1000.0
2026-06-09 10:48:00,HITI.V,,3.319999933242798,3.319999933242798,3.319999933242798,3.319999933242798,2300.0
2026-06-09 10:48:00,HME.V,,2.7799999713897705,2.7799999713897705,2.7799999713897705,2.7799999713897705,7000.0
2026-06-09 10:48:00,HSTR.V,,1.6799999475479126,1.6799999475479126,1.6799999475479126,1.6799999475479126,1100.0
2026-06-09 10:48:00,ITR.V,,3.2799999713897705,3.2799999713897705,3.2799999713897705,3.2799999713897705,200.0
2026-06-09 10:48:00,JUGR.V,,1.0099999904632568,1.0099999904632568,1.0099999904632568,1.0099999904632568,400.0
2026-06-09 10:48:00,LG.V,,0.33500000834465027,0.33500000834465027,0.33500000834465027,0.33500000834465027,6000.0
2026-06-09 10:48:00,MKO.V,,10.109999656677246,10.109999656677246,10.109999656677246,10.109999656677246,200.0
2026-06-09 10:48:00,MTS.V,,0.15000000596046448,0.15000000596046448,0.15000000596046448,0.15000000596046448,108301.0
2026-06-09 10:48:00,PNG.V,,7.190000057220459,7.239999771118164,7.190000057220459,7.21999979019165,70848.0
2026-06-09 10:48:00,TUF.V,,0.6899999976158142,0.6899999976158142,0.6899999976158142,0.6899999976158142,500.0
2026-06-09 10:49:00,EQTY.V,,0.2549999952316284,0.2549999952316284,0.2549999952316284,0.2549999952316284,500.0
2026-06-09 10:49:00,FOR.V,,0.6299999952316284,0.6299999952316284,0.6299999952316284,0.6299999952316284,1500.0
2026-06-09 10:49:00,GAL.V,,0.4350000023841858,0.4350000023841858,0.4350000023841858,0.4350000023841858,3000.0
2026-06-09 10:49:00,GSVR.V,,0.4350000023841858,0.4399999976158142,0.4350000023841858,0.4399999976158142,37500.0
2026-06-09 10:49:00,GWM.V,,0.5099999904632568,0.5099999904632568,0.5099999904632568,0.5099999904632568,1500.0
2026-06-09 10:49:00,HCH.V,,1.8300000429153442,1.850000023841858,1.8300000429153442,1.850000023841858,1300.0
2026-06-09 10:49:00,HITI.V,,3.299999952316284,3.299999952316284,3.299999952316284,3.299999952316284,1900.0
2026-06-09 10:49:00,HME.V,,2.7799999713897705,2.7799999713897705,2.7799999713897705,2.7799999713897705,5400.0
2026-06-09 10:49:00,HSTR.V,,1.6799999475479126,1.6799999475479126,1.6749999523162842,1.6749999523162842,5600.0
2026-06-09 10:49:00,KTN.V,,1.3899999856948853,1.399999976158142,1.3899999856948853,1.399999976158142,12055.0
2026-06-09 10:49:00,KTO.V,,0.6600000262260437,0.6700000166893005,0.6499999761581421,0.6700000166893005,77500.0
2026-06-09 10:49:00,LCX.V,,1.6699999570846558,1.6699999570846558,1.659999966621399,1.659999966621399,10300.0
2026-06-09 10:49:00,LIFT.V,,5.050000190734863,5.050000190734863,5.050000190734863,5.050000190734863,2600.0
2026-06-09 10:49:00,MGM.V,,2.7799999713897705,2.799999952316284,2.7799999713897705,2.799999952316284,3700.0
2026-06-09 10:49:00,MKO.V,,10.010000228881836,10.100000381469727,10.010000228881836,10.100000381469727,1600.0
2026-06-09 10:49:00,NURS.V,,4.21999979019165,4.21999979019165,4.21999979019165,4.21999979019165,1200.0
2026-06-09 10:49:00,PNG.V,,7.184999942779541,7.199999809265137,7.170000076293945,7.179999828338623,3590.0
2026-06-09 10:50:00,EQTY.V,,0.2549999952316284,0.2549999952316284,0.2549999952316284,0.2549999952316284,3000.0
2026-06-09 10:50:00,FRI.V,,0.06499999761581421,0.06499999761581421,0.06499999761581421,0.06499999761581421,4000.0
2026-06-09 10:50:00,GMV.V,,0.125,0.125,0.125,0.125,5500.0
2026-06-09 10:50:00,GQC.V,,0.9100000262260437,0.9100000262260437,0.9100000262260437,0.9100000262260437,2101.0
2026-06-09 10:50:00,GSVR.V,,0.4399999976158142,0.4399999976158142,0.4399999976158142,0.4399999976158142,128700.0
2026-06-09 10:50:00,HCH.V,,1.8300000429153442,1.8300000429153442,1.8300000429153442,1.8300000429153442,1200.0
2026-06-09 10:50:00,ITR.V,,3.2899999618530273,3.2899999618530273,3.2799999713897705,3.2799999713897705,3600.0
2026-06-09 10:50:00,MCF.V,,0.029999999329447746,0.029999999329447746,0.029999999329447746,0.029999999329447746,0.0
2026-06-09 10:50:00,PNG.V,,7.170000076293945,7.170000076293945,7.150000095367432,7.170000076293945,13947.0
2026-06-09 10:51:00,EQTY.V,,0.2549999952316284,0.2549999952316284,0.2549999952316284,0.2549999952316284,23200.0
2026-06-09 10:51:00,GSVR.V,,0.4449999928474426,0.4449999928474426,0.4449999928474426,0.4449999928474426,3000.0
2026-06-09 10:51:00,HCH.V,,1.8300000429153442,1.8300000429153442,1.8300000429153442,1.8300000429153442,300.0
2026-06-09 10:51:00,HITI.V,,3.309999942779541,3.309999942779541,3.309999942779541,3.309999942779541,100.0
2026-06-09 10:51:00,HSTR.V,,1.7000000476837158,1.7000000476837158,1.6799999475479126,1.6799999475479126,24000.0
2026-06-09 10:51:00,ITR.V,,3.2899999618530273,3.2899999618530273,3.2899999618530273,3.2899999618530273,200.0
2026-06-09 10:51:00,JUGR.V,,1.0,1.0,1.0,1.0,4600.0
2026-06-09 10:51:00,KTN.V,,1.4049999713897705,1.4049999713897705,1.4049999713897705,1.4049999713897705,700.0
2026-06-09 10:51:00,MKO.V,,10.010000228881836,10.050000190734863,10.010000228881836,10.050000190734863,600.0
2026-06-09 10:51:00,MLP.V,,1.8700000047683716,1.8700000047683716,1.8700000047683716,1.8700000047683716,100.0
2026-06-09 10:51:00,NURS.V,,4.199999809265137,4.210000038146973,4.199999809265137,4.210000038146973,1528.0
2026-06-09 10:51:00,PNG.V,,7.179999828338623,7.179999828338623,7.159999847412109,7.164999961853027,2320.0
2026-06-09 10:51:00,TUF.V,,0.6899999976158142,0.6899999976158142,0.6899999976158142,0.6899999976158142,4227.0
2026-06-09 10:52:00,FDR.V,,4.195000171661377,4.210000038146973,4.195000171661377,4.210000038146973,300.0
2026-06-09 10:52:00,FNC.V,,0.15000000596046448,0.15000000596046448,0.15000000596046448,0.15000000596046448,5000.0
2026-06-09 10:52:00,GQC.V,,0.9200000166893005,0.9200000166893005,0.9100000262260437,0.9100000262260437,1200.0
2026-06-09 10:52:00,GSVR.V,,0.4399999976158142,0.4399999976158142,0.4399999976158142,0.4399999976158142,61500.0
2026-06-09 10:52:00,HAM.V,,5.369999885559082,5.380000114440918,5.369999885559082,5.380000114440918,1450.0
2026-06-09 10:52:00,HME.V,,2.759999990463257,2.7699999809265137,2.759999990463257,2.7699999809265137,4600.0
2026-06-09 10:52:00,HSTR.V,,1.6799999475479126,1.690000057220459,1.6799999475479126,1.690000057220459,10200.0
2026-06-09 10:52:00,IFOS.V,,2.4100000858306885,2.4200000762939453,2.4100000858306885,2.4200000762939453,1800.0
2026-06-09 10:52:00,KTN.V,,1.399999976158142,1.399999976158142,1.399999976158142,1.399999976158142,1300.0
2026-06-09 10:52:00,LG.V,,0.3400000035762787,0.3400000035762787,0.3400000035762787,0.3400000035762787,27000.0
2026-06-09 10:52:00,MN.V,,0.125,0.125,0.125,0.125,16000.0
2026-06-09 10:52:00,NURS.V,,4.179999828338623,4.190000057220459,4.179999828338623,4.190000057220459,600.0
2026-06-09 10:52:00,PNG.V,,7.170000076293945,7.170000076293945,7.170000076293945,7.170000076293945,1407.0
2026-06-09 10:53:00,GSVR.V,,0.4399999976158142,0.4399999976158142,0.4399999976158142,0.4399999976158142,10490.0
2026-06-09 10:53:00,HSTR.V,,1.6799999475479126,1.6799999475479126,1.6799999475479126,1.6799999475479126,1000.0
2026-06-09 10:53:00,LCX.V,,1.6699999570846558,1.6699999570846558,1.659999966621399,1.659999966621399,1000.0
2026-06-09 10:53:00,LTH.V,,0.824999988079071,0.8399999737739563,0.824999988079071,0.8399999737739563,25491.0
2026-06-09 10:53:00,MKO.V,,10.020000457763672,10.0600004196167,10.020000457763672,10.0600004196167,400.0
2026-06-09 10:53:00,NURS.V,,4.199999809265137,4.199999809265137,4.179999828338623,4.179999828338623,700.0
2026-06-09 10:53:00,PNG.V,,7.159999847412109,7.179999828338623,7.15500020980835,7.175000190734863,5000.0
2026-06-09 10:54:00,GSVR.V,,0.4449999928474426,0.4449999928474426,0.4449999928474426,0.4449999928474426,28500.0
2026-06-09 10:54:00,GTC.V,,0.1599999964237213,0.1599999964237213,0.1599999964237213,0.1599999964237213,34200.0
2026-06-09 10:54:00,HSTR.V,,1.6799999475479126,1.6799999475479126,1.6699999570846558,1.6799999475479126,2900.0
2026-06-09 10:54:00,KTN.V,,1.399999976158142,1.399999976158142,1.399999976158142,1.399999976158142,100.0
2026-06-09 10:54:00,LPS.V,,0.125,0.125,0.125,0.125,1500.0
2026-06-09 10:54:00,LTH.V,,0.8299999833106995,0.8299999833106995,0.8299999833106995,0.8299999833106995,5000.0
2026-06-09 10:54:00,PNG.V,,7.159999847412109,7.159999847412109,7.159999847412109,7.159999847412109,100.0
2026-06-09 10:55:00,GMA.V,,0.27000001072883606,0.27000001072883606,0.27000001072883606,0.27000001072883606,5000.0
2026-06-09 10:55:00,GPH.V,,1.0700000524520874,1.0800000429153442,1.0700000524520874,1.0800000429153442,30000.0
2026-06-09 10:55:00,GQC.V,,0.9200000166893005,0.9200000166893005,0.9200000166893005,0.9200000166893005,2001.0
2026-06-09 10:55:00,GSI.V,,1.149999976158142,1.149999976158142,1.1399999856948853,1.1399999856948853,4700.0
2026-06-09 10:55:00,GSVR.V,,0.4449999928474426,0.4449999928474426,0.4449999928474426,0.4449999928474426,7696.0
2026-06-09 10:55:00,HITI.V,,3.309999942779541,3.309999942779541,3.309999942779541,3.309999942779541,100.0
2026-06-09 10:55:00,HSTR.V,,1.6799999475479126,1.6799999475479126,1.6799999475479126,1.6799999475479126,200.0
2026-06-09 10:55:00,JUGR.V,,1.0,1.0,1.0,1.0,1100.0
2026-06-09 10:55:00,KNG.V,,1.0,1.0,1.0,1.0,600.0
2026-06-09 10:55:00,KTN.V,,1.3899999856948853,1.3949999809265137,1.3899999856948853,1.3949999809265137,15072.0
2026-06-09 10:55:00,MLP.V,,1.8600000143051147,1.8700000047683716,1.8600000143051147,1.8700000047683716,3449.0
2026-06-09 10:55:00,PNG.V,,7.190000057220459,7.190000057220459,7.190000057220459,7.190000057220459,200.0
2026-06-09 10:56:00,FDR.V,,4.230000019073486,4.230000019073486,4.230000019073486,4.230000019073486,200.0
2026-06-09 10:56:00,GPH.V,,1.0800000429153442,1.0800000429153442,1.0800000429153442,1.0800000429153442,6700.0
2026-06-09 10:56:00,GSVR.V,,0.4449999928474426,0.4449999928474426,0.4449999928474426,0.4449999928474426,11500.0
2026-06-09 10:56:00,ITR.V,,3.299999952316284,3.299999952316284,3.299999952316284,3.299999952316284,800.0
2026-06-09 10:56:00,LG.V,,0.3400000035762787,0.3400000035762787,0.3400000035762787,0.3400000035762787,13500.0
2026-06-09 10:56:00,PNG.V,,7.190000057220459,7.190000057220459,7.190000057220459,7.190000057220459,356.0
2026-06-09 10:56:00,TUF.V,,0.6899999976158142,0.6899999976158142,0.6899999976158142,0.6899999976158142,1500.0
2026-06-09 10:57:00,GGO.V,,1.0499999523162842,1.059999942779541,1.0499999523162842,1.059999942779541,8448.0
2026-06-09 10:57:00,GPH.V,,1.0800000429153442,1.0800000429153442,1.0800000429153442,1.0800000429153442,600.0
2026-06-09 10:57:00,GSVR.V,,0.4449999928474426,0.4449999928474426,0.4449999928474426,0.4449999928474426,3000.0
2026-06-09 10:57:00,HSTR.V,,1.6749999523162842,1.6799999475479126,1.6749999523162842,1.6749999523162842,7300.0
2026-06-09 10:57:00,ITR.V,,3.299999952316284,3.299999952316284,3.299999952316284,3.299999952316284,1000.0
2026-06-09 10:57:00,KALO.V,,0.1899999976158142,0.1899999976158142,0.1899999976158142,0.1899999976158142,4500.0
2026-06-09 10:57:00,MLP.V,,1.8899999856948853,1.8899999856948853,1.8899999856948853,1.8899999856948853,600.0
2026-06-09 10:57:00,NURS.V,,4.199999809265137,4.199999809265137,4.199999809265137,4.199999809265137,1000.0
2026-06-09 10:57:00,PNG.V,,7.179999828338623,7.179999828338623,7.179999828338623,7.179999828338623,100.0
2026-06-09 10:58:00,HME.V,,2.759999990463257,2.759999990463257,2.759999990463257,2.759999990463257,500.0
2026-06-09 10:58:00,HSTR.V,,1.6799999475479126,1.6799999475479126,1.6799999475479126,1.6799999475479126,5400.0
2026-06-09 10:58:00,JUGR.V,,1.0,1.0,1.0,1.0,400.0
2026-06-09 10:58:00,MKO.V,,10.029999732971191,10.029999732971191,10.029999732971191,10.029999732971191,100.0
2026-06-09 10:58:00,PNG.V,,7.119999885559082,7.175000190734863,7.119999885559082,7.170000076293945,17042.0
2026-06-09 10:58:00,TUF.V,,0.6899999976158142,0.6899999976158142,0.6899999976158142,0.6899999976158142,22000.0
2026-06-09 10:59:00,HME.V,,2.75,2.759999990463257,2.75,2.75,5375.0
2026-06-09 10:59:00,HSTR.V,,1.6799999475479126,1.6799999475479126,1.6799999475479126,1.6799999475479126,8948.0
2026-06-09 10:59:00,LG.V,,0.3400000035762787,0.3400000035762787,0.3400000035762787,0.3400000035762787,14500.0
2026-06-09 10:59:00,LMN.V,,22.40999984741211,22.40999984741211,22.40999984741211,22.40999984741211,100.0
2026-06-09 10:59:00,LTH.V,,0.8299999833106995,0.8299999833106995,0.8299999833106995,0.8299999833106995,500.0
2026-06-09 10:59:00,NURS.V,,4.21999979019165,4.21999979019165,4.199999809265137,4.199999809265137,3200.0
2026-06-09 10:59:00,PNG.V,,7.150000095367432,7.150000095367432,7.119999885559082,7.130000114440918,2500.0
2026-06-09 10:59:00,TUF.V,,0.6899999976158142,0.6899999976158142,0.6899999976158142,0.6899999976158142,9500.0
2026-06-09 11:00:00,GEL.V,,0.10499999672174454,0.10499999672174454,0.10499999672174454,0.10499999672174454,2500.0
2026-06-09 11:00:00,GMV.V,,0.125,0.125,0.125,0.125,5500.0
2026-06-09 11:00:00,ITR.V,,3.299999952316284,3.299999952316284,3.299999952316284,3.299999952316284,1000.0
2026-06-09 11:00:00,LG.V,,0.3449999988079071,0.3449999988079071,0.3400000035762787,0.3400000035762787,394000.0
2026-06-09 11:00:00,NURS.V,,4.21999979019165,4.21999979019165,4.21999979019165,4.21999979019165,600.0
2026-06-09 11:00:00,PNG.V,,7.150000095367432,7.164999961853027,7.150000095367432,7.164999961853027,1100.0
2026-06-09 11:01:00,GAL.V,,0.4300000071525574,0.4300000071525574,0.4300000071525574,0.4300000071525574,6000.0
2026-06-09 11:01:00,GPH.V,,1.0800000429153442,1.0800000429153442,1.0800000429153442,1.0800000429153442,8000.0
2026-06-09 11:01:00,HME.V,,2.7699999809265137,2.7699999809265137,2.7699999809265137,2.7699999809265137,1000.0
2026-06-09 11:01:00,JUGR.V,,1.0,1.0,1.0,1.0,400.0
2026-06-09 11:01:00,LG.V,,0.3449999988079071,0.3449999988079071,0.3449999988079071,0.3449999988079071,15000.0
2026-06-09 11:01:00,NURS.V,,4.25,4.25,4.210000038146973,4.210000038146973,5800.0
2026-06-09 11:01:00,PNG.V,,7.130000114440918,7.150000095367432,7.130000114440918,7.150000095367432,4400.0
2026-06-09 11:02:00,FDR.V,,4.199999809265137,4.230000019073486,4.199999809265137,4.230000019073486,1600.0
2026-06-09 11:02:00,FORT.V,,3.0,3.390000104904175,3.0,3.390000104904175,400.0
2026-06-09 11:02:00,FPC.V,,0.4749999940395355,0.4749999940395355,0.4749999940395355,0.4749999940395355,500.0
2026-06-09 11:02:00,FRED.V,,0.5099999904632568,0.5099999904632568,0.5099999904632568,0.5099999904632568,3000.0
2026-06-09 11:02:00,GQC.V,,0.9200000166893005,0.9200000166893005,0.9200000166893005,0.9200000166893005,994.0
2026-06-09 11:02:00,GSVR.V,,0.4449999928474426,0.4449999928474426,0.4399999976158142,0.4399999976158142,8805.0
2026-06-09 11:02:00,HSTR.V,,1.6799999475479126,1.6799999475479126,1.6799999475479126,1.6799999475479126,3500.0
2026-06-09 11:02:00,PNG.V,,7.130000114440918,7.144999980926514,7.119999885559082,7.119999885559082,3100.0
2026-06-09 11:02:00,TUF.V,,0.699999988079071,0.699999988079071,0.699999988079071,0.699999988079071,5000.0
2026-06-09 11:03:00,HSTR.V,,1.690000057220459,1.690000057220459,1.690000057220459,1.690000057220459,5800.0
2026-06-09 11:03:00,JUGR.V,,1.0,1.0,1.0,1.0,2900.0
2026-06-09 11:03:00,LMN.V,,22.459999084472656,22.459999084472656,22.459999084472656,22.459999084472656,100.0
2026-06-09 11:03:00,MKO.V,,10.0600004196167,10.0600004196167,10.0600004196167,10.0600004196167,200.0
2026-06-09 11:03:00,PNG.V,,7.150000095367432,7.150000095367432,7.150000095367432,7.150000095367432,300.0
2026-06-09 11:04:00,ITR.V,,3.299999952316284,3.299999952316284,3.299999952316284,3.299999952316284,1000.0
2026-06-09 11:04:00,LMN.V,,22.399999618530273,22.399999618530273,22.399999618530273,22.399999618530273,100.0
2026-06-09 11:04:00,LTH.V,,0.8199999928474426,0.8199999928474426,0.8199999928474426,0.8199999928474426,7505.0
2026-06-09 11:04:00,MIM.V,,0.22499999403953552,0.22499999403953552,0.22499999403953552,0.22499999403953552,1500.0
2026-06-09 11:04:00,MKO.V,,10.0600004196167,10.0600004196167,10.0600004196167,10.0600004196167,100.0
2026-06-09 11:04:00,PNG.V,,7.159999847412109,7.159999847412109,7.139999866485596,7.139999866485596,274.0
2026-06-09 11:04:00,YGT.V,,0.19499999284744263,0.19499999284744263,0.19499999284744263,0.19499999284744263,44000.0
2026-06-09 11:05:00,EQTY.V,,0.25999999046325684,0.25999999046325684,0.25999999046325684,0.25999999046325684,31900.0
2026-06-09 11:05:00,GAL.V,,0.4350000023841858,0.4350000023841858,0.4350000023841858,0.4350000023841858,2000.0
2026-06-09 11:05:00,HVG.V,,0.05000000074505806,0.05000000074505806,0.05000000074505806,0.05000000074505806,0.0
2026-06-09 11:05:00,JUGR.V,,0.9900000095367432,1.0,0.9900000095367432,1.0,4900.0
2026-06-09 11:05:00,NURS.V,,4.230000019073486,4.230000019073486,4.230000019073486,4.230000019073486,100.0
2026-06-09 11:05:00,PNG.V,,7.130000114440918,7.144999980926514,7.130000114440918,7.144999980926514,1150.0
2026-06-09 11:06:00,FDR.V,,4.190000057220459,4.199999809265137,4.190000057220459,4.199999809265137,9800.0
2026-06-09 11:06:00,FUU.V,,0.14000000059604645,0.14000000059604645,0.14000000059604645,0.14000000059604645,257284.0
2026-06-09 11:06:00,GSVR.V,,0.44999998807907104,0.44999998807907104,0.4449999928474426,0.4449999928474426,1500.0
2026-06-09 11:06:00,ITR.V,,3.299999952316284,3.299999952316284,3.299999952316284,3.299999952316284,100.0
2026-06-09 11:06:00,KTN.V,,1.3899999856948853,1.3899999856948853,1.3899999856948853,1.3899999856948853,120.0
2026-06-09 11:06:00,LCX.V,,1.7000000476837158,1.7000000476837158,1.690000057220459,1.690000057220459,3400.0
2026-06-09 11:06:00,MKO.V,,10.069999694824219,10.069999694824219,10.069999694824219,10.069999694824219,6800.0
2026-06-09 11:06:00,MLP.V,,1.899999976158142,1.899999976158142,1.899999976158142,1.899999976158142,500.0
2026-06-09 11:06:00,NURS.V,,4.230000019073486,4.230000019073486,4.230000019073486,4.230000019073486,200.0
2026-06-09 11:06:00,PNG.V,,7.159999847412109,7.159999847412109,7.139999866485596,7.139999866485596,863.0
2026-06-09 11:07:00,FDR.V,,4.199999809265137,4.199999809265137,4.184999942779541,4.184999942779541,1300.0
2026-06-09 11:07:00,FUU.V,,0.14499999582767487,0.14499999582767487,0.13750000298023224,0.14499999582767487,29860.0
2026-06-09 11:07:00,GSVR.V,,0.44999998807907104,0.44999998807907104,0.44999998807907104,0.44999998807907104,66500.0
2026-06-09 11:07:00,HSTR.V,,1.690000057220459,1.690000057220459,1.690000057220459,1.690000057220459,900.0
2026-06-09 11:07:00,PNG.V,,7.164999961853027,7.164999961853027,7.164999961853027,7.164999961853027,300.0
2026-06-09 11:08:00,GSVR.V,,0.44999998807907104,0.44999998807907104,0.44999998807907104,0.44999998807907104,1000.0
2026-06-09 11:08:00,HSTR.V,,1.690000057220459,1.690000057220459,1.6799999475479126,1.690000057220459,1700.0
2026-06-09 11:08:00,MMG.V,,0.25,0.25,0.25,0.25,3500.0
2026-06-09 11:08:00,NURS.V,,4.199999809265137,4.210000038146973,4.199999809265137,4.210000038146973,600.0
2026-06-09 11:08:00,PNG.V,,7.179999828338623,7.179999828338623,7.179999828338623,7.179999828338623,200.0
2026-06-09 11:09:00,EQTY.V,,0.26499998569488525,0.26499998569488525,0.26499998569488525,0.26499998569488525,3700.0
2026-06-09 11:09:00,FRED.V,,0.5099999904632568,0.5099999904632568,0.5099999904632568,0.5099999904632568,13000.0
2026-06-09 11:09:00,HSTR.V,,1.690000057220459,1.690000057220459,1.690000057220459,1.690000057220459,200.0
2026-06-09 11:09:00,KTN.V,,1.3899999856948853,1.3899999856948853,1.3899999856948853,1.3899999856948853,100.0
2026-06-09 11:09:00,LMN.V,,22.520000457763672,22.520000457763672,22.489999771118164,22.489999771118164,800.0
2026-06-09 11:09:00,MGM.V,,2.799999952316284,2.799999952316284,2.799999952316284,2.799999952316284,400.0
2026-06-09 11:09:00,PNG.V,,7.210000038146973,7.210000038146973,7.190000057220459,7.190000057220459,1100.0
2026-06-09 11:10:00,BIG.V,,0.6499999761581421,0.6499999761581421,0.6499999761581421,0.6499999761581421,500.0
2026-06-09 11:10:00,GMV.V,,0.125,0.125,0.125,0.125,6000.0
2026-06-09 11:10:00,HSTR.V,,1.7000000476837158,1.7000000476837158,1.7000000476837158,1.7000000476837158,600.0
2026-06-09 11:10:00,KTN.V,,1.4049999713897705,1.4049999713897705,1.399999976158142,1.399999976158142,5200.0
2026-06-09 11:10:00,LTH.V,,0.8299999833106995,0.8299999833106995,0.8299999833106995,0.8299999833106995,500.0
2026-06-09 11:10:00,MLP.V,,1.899999976158142,1.899999976158142,1.8899999856948853,1.899999976158142,2000.0
2026-06-09 11:10:00,PNG.V,,7.179999828338623,7.210000038146973,7.179999828338623,7.210000038146973,5144.0
2026-06-09 11:11:00,GQC.V,,0.9200000166893005,0.9200000166893005,0.9200000166893005,0.9200000166893005,2000.0
2026-06-09 11:11:00,LMN.V,,22.420000076293945,22.420000076293945,22.420000076293945,22.420000076293945,300.0
2026-06-09 11:11:00,MGM.V,,2.7899999618530273,2.7899999618530273,2.7899999618530273,2.7899999618530273,200.0
2026-06-09 11:11:00,MLP.V,,1.8799999952316284,1.8799999952316284,1.8799999952316284,1.8799999952316284,400.0
2026-06-09 11:11:00,PNG.V,,7.179999828338623,7.190000057220459,7.179999828338623,7.190000057220459,1100.0
2026-06-09 11:12:00,EQTY.V,,0.26499998569488525,0.26499998569488525,0.26499998569488525,0.26499998569488525,15000.0
2026-06-09 11:12:00,GSI.V,,1.1399999856948853,1.1399999856948853,1.1399999856948853,1.1399999856948853,100.0
2026-06-09 11:12:00,GWM.V,,0.5099999904632568,0.5099999904632568,0.5099999904632568,0.5099999904632568,6085.0
2026-06-09 11:12:00,HSTR.V,,1.7000000476837158,1.7000000476837158,1.7000000476837158,1.7000000476837158,100.0
2026-06-09 11:12:00,ITR.V,,3.299999952316284,3.299999952316284,3.299999952316284,3.299999952316284,100.0
2026-06-09 11:12:00,KALO.V,,0.1899999976158142,0.1899999976158142,0.1899999976158142,0.1899999976158142,7500.0
2026-06-09 11:12:00,KTN.V,,1.399999976158142,1.399999976158142,1.399999976158142,1.399999976158142,2000.0
2026-06-09 11:12:00,LIFT.V,,5.139999866485596,5.139999866485596,5.139999866485596,5.139999866485596,200.0
2026-06-09 11:12:00,MD.V,,0.4300000071525574,0.4300000071525574,0.4300000071525574,0.4300000071525574,500.0
2026-06-09 11:12:00,MKR.V,,0.125,0.125,0.125,0.125,5000.0
2026-06-09 11:12:00,MLP.V,,1.8799999952316284,1.8799999952316284,1.8799999952316284,1.8799999952316284,500.0
2026-06-09 11:12:00,PNG.V,,7.159999847412109,7.170000076293945,7.159999847412109,7.170000076293945,1280.0
2026-06-09 11:13:00,GPH.V,,1.0800000429153442,1.0800000429153442,1.0800000429153442,1.0800000429153442,300.0
2026-06-09 11:13:00,HITI.V,,3.299999952316284,3.299999952316284,3.299999952316284,3.299999952316284,100.0
2026-06-09 11:13:00,HSTR.V,,1.7000000476837158,1.7000000476837158,1.7000000476837158,1.7000000476837158,100.0
2026-06-09 11:13:00,NURS.V,,4.239999771118164,4.239999771118164,4.230000019073486,4.230000019073486,300.0
2026-06-09 11:13:00,PNG.V,,7.179999828338623,7.179999828338623,7.159999847412109,7.179999828338623,1541.0
2026-06-09 11:14:00,EMN.V,,0.10499999672174454,0.10499999672174454,0.10499999672174454,0.10499999672174454,500.0
2026-06-09 11:14:00,GAL.V,,0.4300000071525574,0.4300000071525574,0.4300000071525574,0.4300000071525574,7000.0
2026-06-09 11:14:00,GPH.V,,1.0800000429153442,1.0800000429153442,1.0800000429153442,1.0800000429153442,710.0
2026-06-09 11:14:00,HSTR.V,,1.7000000476837158,1.7100000381469727,1.7000000476837158,1.7100000381469727,1600.0
2026-06-09 11:14:00,JUGR.V,,0.9900000095367432,0.9900000095367432,0.9900000095367432,0.9900000095367432,400.0
2026-06-09 11:14:00,MN.V,,0.11500000208616257,0.11999999731779099,0.11500000208616257,0.11999999731779099,32000.0
2026-06-09 11:14:00,PNG.V,,7.179999828338623,7.179999828338623,7.179999828338623,7.179999828338623,558.0
2026-06-09 11:15:00,FRI.V,,0.06499999761581421,0.06499999761581421,0.06499999761581421,0.06499999761581421,6000.0
2026-06-09 11:15:00,GWM.V,,0.5,0.5,0.5,0.5,500.0
2026-06-09 11:15:00,HME.V,,2.7699999809265137,2.7699999809265137,2.7699999809265137,2.7699999809265137,800.0
2026-06-09 11:15:00,HMR.V,,0.7599999904632568,0.7599999904632568,0.7599999904632568,0.7599999904632568,1000.0
2026-06-09 11:15:00,ITR.V,,3.2899999618530273,3.299999952316284,3.2899999618530273,3.299999952316284,8000.0
2026-06-09 11:15:00,MLP.V,,1.8799999952316284,1.8799999952316284,1.8799999952316284,1.8799999952316284,100.0
2026-06-09 11:15:00,PNG.V,,7.184999942779541,7.184999942779541,7.179999828338623,7.179999828338623,1510.0
2026-06-09 11:16:00,EMN.V,,0.10499999672174454,0.10499999672174454,0.10499999672174454,0.10499999672174454,50000.0
2026-06-09 11:16:00,EQTY.V,,0.2549999952316284,0.2549999952316284,0.2549999952316284,0.2549999952316284,18000.0
2026-06-09 11:16:00,FOR.V,,0.6399999856948853,0.6399999856948853,0.6399999856948853,0.6399999856948853,584.0
2026-06-09 11:16:00,FRI.V,,0.07000000029802322,0.07000000029802322,0.06499999761581421,0.06499999761581421,94000.0
2026-06-09 11:16:00,GSVR.V,,0.44999998807907104,0.44999998807907104,0.44999998807907104,0.44999998807907104,4000.0
2026-06-09 11:16:00,HITI.V,,3.299999952316284,3.299999952316284,3.299999952316284,3.299999952316284,100.0
2026-06-09 11:16:00,HMR.V,,0.7599999904632568,0.7599999904632568,0.7599999904632568,0.7599999904632568,1000.0
2026-06-09 11:16:00,HSTR.V,,1.7000000476837158,1.7050000429153442,1.7000000476837158,1.7050000429153442,1900.0
2026-06-09 11:16:00,ITR.V,,3.309999942779541,3.309999942779541,3.299999952316284,3.299999952316284,6600.0
2026-06-09 11:16:00,LG.V,,0.3449999988079071,0.3449999988079071,0.3449999988079071,0.3449999988079071,5500.0
2026-06-09 11:16:00,LIO.V,,0.14499999582767487,0.14499999582767487,0.14499999582767487,0.14499999582767487,6500.0
2026-06-09 11:16:00,MLP.V,,1.8799999952316284,1.8799999952316284,1.8799999952316284,1.8799999952316284,200.0
2026-06-09 11:16:00,PNG.V,,7.159999847412109,7.159999847412109,7.159999847412109,7.159999847412109,1970.0
2026-06-09 11:16:00,YGT.V,,0.1899999976158142,0.1899999976158142,0.1899999976158142,0.1899999976158142,500.0
2026-06-09 11:17:00,EMN.V,,0.10499999672174454,0.10499999672174454,0.10499999672174454,0.10499999672174454,1500.0
2026-06-09 11:17:00,FDR.V,,4.199999809265137,4.199999809265137,4.199999809265137,4.199999809265137,700.0
2026-06-09 11:17:00,GRDM.V,,0.11500000208616257,0.11500000208616257,0.11500000208616257,0.11500000208616257,50500.0
2026-06-09 11:17:00,MKO.V,,10.039999961853027,10.050000190734863,10.039999961853027,10.050000190734863,200.0
2026-06-09 11:17:00,MLP.V,,1.8799999952316284,1.8799999952316284,1.8799999952316284,1.8799999952316284,100.0
2026-06-09 11:17:00,PNG.V,,7.170000076293945,7.170000076293945,7.150000095367432,7.150000095367432,2500.0
2026-06-09 11:18:00,HAM.V,,5.320000171661377,5.329999923706055,5.320000171661377,5.329999923706055,200.0
2026-06-09 11:18:00,KTO.V,,0.6600000262260437,0.6600000262260437,0.6600000262260437,0.6600000262260437,13000.0
2026-06-09 11:18:00,LTH.V,,0.8399999737739563,0.8399999737739563,0.8299999833106995,0.8299999833106995,14300.0
2026-06-09 11:18:00,MKO.V,,10.039999961853027,10.039999961853027,10.039999961853027,10.039999961853027,100.0
2026-06-09 11:18:00,MLP.V,,1.8799999952316284,1.8799999952316284,1.8799999952316284,1.8799999952316284,2000.0
2026-06-09 11:18:00,NURS.V,,4.21999979019165,4.21999979019165,4.21999979019165,4.21999979019165,100.0
2026-06-09 11:18:00,PNG.V,,7.170000076293945,7.170000076293945,7.170000076293945,7.170000076293945,500.0
2026-06-09 11:19:00,FNC.V,,0.15000000596046448,0.15000000596046448,0.15000000596046448,0.15000000596046448,17000.0
2026-06-09 11:19:00,ITR.V,,3.2899999618530273,3.2899999618530273,3.2899999618530273,3.2899999618530273,700.0
2026-06-09 11:19:00,LGN.V,,0.9100000262260437,0.9100000262260437,0.9100000262260437,0.9100000262260437,500.0
2026-06-09 11:19:00,LMN.V,,22.299999237060547,22.399999618530273,22.299999237060547,22.399999618530273,2805.0
2026-06-09 11:19:00,MKO.V,,10.029999732971191,10.029999732971191,10.029999732971191,10.029999732971191,100.0
2026-06-09 11:19:00,MLP.V,,1.8799999952316284,1.8799999952316284,1.8799999952316284,1.8799999952316284,200.0
2026-06-09 11:19:00,NURS.V,,4.239999771118164,4.239999771118164,4.239999771118164,4.239999771118164,800.0
2026-06-09 11:19:00,PNG.V,,7.150000095367432,7.170000076293945,7.150000095367432,7.170000076293945,400.0
2026-06-09 11:19:00,ZNG.V,,0.9100000262260437,0.9100000262260437,0.8999999761581421,0.9100000262260437,4800.0
2026-06-09 11:20:00,EMN.V,,0.10499999672174454,0.10499999672174454,0.10499999672174454,0.10499999672174454,7500.0
2026-06-09 11:20:00,GMV.V,,0.125,0.125,0.125,0.125,3000.0
2026-06-09 11:20:00,GSTM.V,,0.17499999701976776,0.17499999701976776,0.17499999701976776,0.17499999701976776,4000.0
2026-06-09 11:20:00,HSTR.V,,1.690000057220459,1.690000057220459,1.690000057220459,1.690000057220459,1500.0
2026-06-09 11:20:00,ITR.V,,3.2899999618530273,3.2899999618530273,3.2899999618530273,3.2899999618530273,1500.0
2026-06-09 11:20:00,LGN.V,,0.9100000262260437,0.9100000262260437,0.9100000262260437,0.9100000262260437,11000.0
2026-06-09 11:20:00,MGM.V,,2.7799999713897705,2.7799999713897705,2.7799999713897705,2.7799999713897705,100.0
2026-06-09 11:20:00,NURS.V,,4.199999809265137,4.230000019073486,4.199999809265137,4.230000019073486,4600.0
2026-06-09 11:20:00,PNG.V,,7.119999885559082,7.139999866485596,7.119999885559082,7.139999866485596,4057.0
2026-06-09 11:21:00,GMV.V,,0.11999999731779099,0.11999999731779099,0.11999999731779099,0.11999999731779099,2500.0
2026-06-09 11:21:00,GSVR.V,,0.44999998807907104,0.44999998807907104,0.44999998807907104,0.44999998807907104,3000.0
2026-06-09 11:21:00,HHH.V,,5.400000095367432,5.400000095367432,5.400000095367432,5.400000095367432,1300.0
2026-06-09 11:21:00,HITI.V,,3.299999952316284,3.309999942779541,3.299999952316284,3.309999942779541,8350.0
2026-06-09 11:21:00,LCX.V,,1.6799999475479126,1.6799999475479126,1.6799999475479126,1.6799999475479126,100.0
2026-06-09 11:21:00,MD.V,,0.41999998688697815,0.41999998688697815,0.41999998688697815,0.41999998688697815,2000.0
2026-06-09 11:21:00,MGM.V,,2.799999952316284,2.799999952316284,2.799999952316284,2.799999952316284,100.0
2026-06-09 11:21:00,MLP.V,,1.8899999856948853,1.8899999856948853,1.8700000047683716,1.8700000047683716,295.0
2026-06-09 11:21:00,MMG.V,,0.2549999952316284,0.2549999952316284,0.2549999952316284,0.2549999952316284,2500.0
2026-06-09 11:22:00,FG.V,,0.03500000014901161,0.03500000014901161,0.03500000014901161,0.03500000014901161,45000.0
2026-06-09 11:22:00,GSVR.V,,0.44999998807907104,0.44999998807907104,0.44999998807907104,0.44999998807907104,4000.0
2026-06-09 11:22:00,HME.V,,2.7699999809265137,2.7699999809265137,2.7699999809265137,2.7699999809265137,700.0
2026-06-09 11:22:00,HMR.V,,0.75,0.7599999904632568,0.75,0.7599999904632568,10250.0
2026-06-09 11:22:00,LG.V,,0.3400000035762787,0.3400000035762787,0.3400000035762787,0.3400000035762787,120500.0
2026-06-09 11:22:00,NURS.V,,4.230000019073486,4.230000019073486,4.190000057220459,4.190000057220459,4300.0
2026-06-09 11:22:00,PNG.V,,7.110000133514404,7.119999885559082,7.110000133514404,7.110000133514404,1986.0
2026-06-09 11:23:00,EQTY.V,,0.25999999046325684,0.25999999046325684,0.25999999046325684,0.25999999046325684,500.0
2026-06-09 11:23:00,FL.V,,0.5099999904632568,0.5099999904632568,0.5099999904632568,0.5099999904632568,3500.0
2026-06-09 11:23:00,FRI.V,,0.07000000029802322,0.07000000029802322,0.07000000029802322,0.07000000029802322,1000.0
2026-06-09 11:23:00,GSVR.V,,0.4449999928474426,0.44999998807907104,0.4449999928474426,0.44999998807907104,3500.0
2026-06-09 11:23:00,HME.V,,2.7699999809265137,2.7699999809265137,2.7699999809265137,2.7699999809265137,200.0
2026-06-09 11:23:00,HSTR.V,,1.684999942779541,1.684999942779541,1.684999942779541,1.684999942779541,700.0
2026-06-09 11:23:00,JUGR.V,,0.9900000095367432,0.9900000095367432,0.9900000095367432,0.9900000095367432,300.0
2026-06-09 11:23:00,LVG.V,,0.2750000059604645,0.2750000059604645,0.2750000059604645,0.2750000059604645,108500.0
2026-06-09 11:23:00,MKO.V,,10.0,10.0,10.0,10.0,1050.0
2026-06-09 11:23:00,MLP.V,,1.8700000047683716,1.8700000047683716,1.8700000047683716,1.8700000047683716,200.0
2026-06-09 11:23:00,PNG.V,,7.110000133514404,7.119999885559082,7.079999923706055,7.110000133514404,30391.0
2026-06-09 11:23:00,YGT.V,,0.1899999976158142,0.1899999976158142,0.1899999976158142,0.1899999976158142,500.0
2026-06-09 11:24:00,HSTR.V,,1.684999942779541,1.684999942779541,1.684999942779541,1.684999942779541,100.0
2026-06-09 11:24:00,MLP.V,,1.8700000047683716,1.8700000047683716,1.8700000047683716,1.8700000047683716,2200.0
2026-06-09 11:24:00,PNG.V,,7.119999885559082,7.119999885559082,7.099999904632568,7.099999904632568,5520.0
2026-06-09 11:25:00,ESK.V,,0.38999998569488525,0.38999998569488525,0.38999998569488525,0.38999998569488525,5000.0
2026-06-09 11:25:00,FDR.V,,4.175000190734863,4.179999828338623,4.170000076293945,4.179999828338623,4515.0
2026-06-09 11:25:00,GMA.V,,0.26499998569488525,0.26499998569488525,0.26499998569488525,0.26499998569488525,44567.0
2026-06-09 11:25:00,GSVR.V,,0.4449999928474426,0.4449999928474426,0.4449999928474426,0.4449999928474426,500.0
2026-06-09 11:25:00,HITI.V,,3.299999952316284,3.299999952316284,3.299999952316284,3.299999952316284,900.0
2026-06-09 11:25:00,HSTR.V,,1.684999942779541,1.684999942779541,1.684999942779541,1.684999942779541,200.0
2026-06-09 11:25:00,LVG.V,,0.2800000011920929,0.2800000011920929,0.2800000011920929,0.2800000011920929,301000.0
2026-06-09 11:25:00,MTA.V,,9.720000267028809,9.760000228881836,9.720000267028809,9.760000228881836,700.0
2026-06-09 11:25:00,PNG.V,,7.119999885559082,7.119999885559082,7.099999904632568,7.110000133514404,2000.0
2026-06-09 11:25:00,TUF.V,,0.699999988079071,0.699999988079071,0.699999988079071,0.699999988079071,1500.0
2026-06-09 11:26:00,ESK.V,,0.3700000047683716,0.3799999952316284,0.36500000953674316,0.3799999952316284,18612.0
2026-06-09 11:26:00,FRI.V,,0.06499999761581421,0.06499999761581421,0.06499999761581421,0.06499999761581421,28000.0
2026-06-09 11:26:00,HITI.V,,3.299999952316284,3.299999952316284,3.299999952316284,3.299999952316284,11000.0
2026-06-09 11:26:00,HMR.V,,0.7400000095367432,0.7400000095367432,0.7400000095367432,0.7400000095367432,16000.0
2026-06-09 11:26:00,HSTR.V,,1.6799999475479126,1.6799999475479126,1.6799999475479126,1.6799999475479126,1400.0
2026-06-09 11:26:00,ITR.V,,3.2699999809265137,3.2699999809265137,3.2699999809265137,3.2699999809265137,700.0
2026-06-09 11:26:00,KTN.V,,1.399999976158142,1.399999976158142,1.399999976158142,1.399999976158142,100.0
2026-06-09 11:26:00,LVG.V,,0.28999999165534973,0.28999999165534973,0.28999999165534973,0.28999999165534973,500.0
2026-06-09 11:26:00,MGM.V,,2.7799999713897705,2.7799999713897705,2.7799999713897705,2.7799999713897705,100.0
2026-06-09 11:26:00,MTT.V,,0.14499999582767487,0.14499999582767487,0.14499999582767487,0.14499999582767487,5000.0
2026-06-09 11:26:00,PNG.V,,7.114999771118164,7.119999885559082,7.110000133514404,7.119999885559082,900.0
2026-06-09 11:26:00,YGT.V,,0.20000000298023224,0.20000000298023224,0.20000000298023224,0.20000000298023224,1000.0
2026-06-09 11:27:00,FDR.V,,4.150000095367432,4.150000095367432,4.150000095367432,4.150000095367432,1500.0
2026-06-09 11:27:00,FPC.V,,0.4699999988079071,0.4699999988079071,0.4699999988079071,0.4699999988079071,500.0
2026-06-09 11:27:00,GPAC.V,,0.38999998569488525,0.38999998569488525,0.38999998569488525,0.38999998569488525,0.0
2026-06-09 11:27:00,GRZ.V,,7.0,7.0,7.0,7.0,300.0
2026-06-09 11:27:00,GSVR.V,,0.44749999046325684,0.44749999046325684,0.44749999046325684,0.44749999046325684,500.0
2026-06-09 11:27:00,GWM.V,,0.5,0.5,0.5,0.5,500.0
2026-06-09 11:27:00,HITI.V,,3.299999952316284,3.299999952316284,3.299999952316284,3.299999952316284,300.0
2026-06-09 11:27:00,HMR.V,,0.7400000095367432,0.7400000095367432,0.7400000095367432,0.7400000095367432,1000.0
2026-06-09 11:27:00,ITR.V,,3.25,3.2699999809265137,3.25,3.259999990463257,4800.0
2026-06-09 11:27:00,KRI.V,,0.19499999284744263,0.19499999284744263,0.19499999284744263,0.19499999284744263,5000.0
2026-06-09 11:27:00,KTN.V,,1.399999976158142,1.399999976158142,1.399999976158142,1.399999976158142,10500.0
2026-06-09 11:27:00,LG.V,,0.3400000035762787,0.3400000035762787,0.3400000035762787,0.3400000035762787,24500.0
2026-06-09 11:27:00,MKO.V,,9.949999809265137,9.949999809265137,9.949999809265137,9.949999809265137,300.0
2026-06-09 11:27:00,MLP.V,,1.8600000143051147,1.8700000047683716,1.8600000143051147,1.8700000047683716,2500.0
2026-06-09 11:27:00,PNG.V,,7.099999904632568,7.114999771118164,7.099999904632568,7.114999771118164,4050.0
2026-06-09 11:28:00,ESK.V,,0.3700000047683716,0.3700000047683716,0.3700000047683716,0.3700000047683716,5000.0
2026-06-09 11:28:00,FL.V,,0.5,0.5099999904632568,0.5,0.5099999904632568,56909.0
2026-06-09 11:28:00,GAL.V,,0.4300000071525574,0.4300000071525574,0.4300000071525574,0.4300000071525574,28000.0
2026-06-09 11:28:00,GPH.V,,1.0700000524520874,1.0700000524520874,1.0700000524520874,1.0700000524520874,25500.0
2026-06-09 11:28:00,GSI.V,,1.1399999856948853,1.1399999856948853,1.1399999856948853,1.1399999856948853,700.0
2026-06-09 11:28:00,GSVR.V,,0.4449999928474426,0.4449999928474426,0.4449999928474426,0.4449999928474426,500.0
2026-06-09 11:28:00,HITI.V,,3.299999952316284,3.299999952316284,3.299999952316284,3.299999952316284,300.0
2026-06-09 11:28:00,HSTR.V,,1.6699999570846558,1.6699999570846558,1.659999966621399,1.6699999570846558,8907.0
2026-06-09 11:28:00,ITR.V,,3.25,3.25,3.25,3.25,3608.0
2026-06-09 11:28:00,KTN.V,,1.399999976158142,1.399999976158142,1.399999976158142,1.399999976158142,400.0
2026-06-09 11:28:00,LMN.V,,22.399999618530273,22.399999618530273,22.399999618530273,22.399999618530273,146.0
2026-06-09 11:28:00,LTH.V,,0.8299999833106995,0.8299999833106995,0.8299999833106995,0.8299999833106995,1000.0
2026-06-09 11:28:00,MGM.V,,2.7799999713897705,2.7799999713897705,2.7799999713897705,2.7799999713897705,4400.0
2026-06-09 11:28:00,MLP.V,,1.8600000143051147,1.8600000143051147,1.8600000143051147,1.8600000143051147,200.0
2026-06-09 11:28:00,MMG.V,,0.25,0.25,0.25,0.25,500.0
2026-06-09 11:28:00,NURS.V,,4.170000076293945,4.170000076293945,4.170000076293945,4.170000076293945,1700.0
2026-06-09 11:28:00,PNG.V,,7.099999904632568,7.099999904632568,7.099999904632568,7.099999904632568,722.0
2026-06-09 11:29:00,EPF.V,,0.5699999928474426,0.5699999928474426,0.5699999928474426,0.5699999928474426,1000.0
2026-06-09 11:29:00,ESK.V,,0.36500000953674316,0.36500000953674316,0.36500000953674316,0.36500000953674316,570.0
2026-06-09 11:29:00,GAL.V,,0.42500001192092896,0.4300000071525574,0.42500001192092896,0.4300000071525574,5500.0
2026-06-09 11:29:00,GRZ.V,,7.0,7.0,7.0,7.0,2000.0
2026-06-09 11:29:00,GSVR.V,,0.4449999928474426,0.4449999928474426,0.4399999976158142,0.4449999928474426,23500.0
2026-06-09 11:29:00,HAM.V,,5.329999923706055,5.329999923706055,5.329999923706055,5.329999923706055,100.0
2026-06-09 11:29:00,HITI.V,,3.299999952316284,3.299999952316284,3.299999952316284,3.299999952316284,15200.0
2026-06-09 11:29:00,HME.V,,2.75,2.759999990463257,2.75,2.759999990463257,1500.0
2026-06-09 11:29:00,HMR.V,,0.75,0.75,0.75,0.75,44000.0
2026-06-09 11:29:00,HSTR.V,,1.6749999523162842,1.6749999523162842,1.6699999570846558,1.6699999570846558,1711.0
2026-06-09 11:29:00,IFOS.V,,2.390000104904175,2.4100000858306885,2.390000104904175,2.4100000858306885,30615.0
2026-06-09 11:29:00,ITR.V,,3.240000009536743,3.240000009536743,3.240000009536743,3.240000009536743,1000.0
2026-06-09 11:29:00,KTO.V,,0.6700000166893005,0.6700000166893005,0.6700000166893005,0.6700000166893005,3000.0
2026-06-09 11:29:00,MD.V,,0.41499999165534973,0.41999998688697815,0.41499999165534973,0.41999998688697815,2000.0
2026-06-09 11:29:00,MLP.V,,1.8600000143051147,1.8600000143051147,1.8600000143051147,1.8600000143051147,100.0
2026-06-09 11:29:00,MN.V,,0.11500000208616257,0.11500000208616257,0.11500000208616257,0.11500000208616257,3500.0
2026-06-09 11:29:00,PNG.V,,7.070000171661377,7.099999904632568,7.070000171661377,7.099999904632568,10201.0
2026-06-09 11:29:00,YGT.V,,0.1899999976158142,0.1899999976158142,0.1899999976158142,0.1899999976158142,500.0
2026-06-09 11:30:00,EQTY.V,,0.2549999952316284,0.2549999952316284,0.2549999952316284,0.2549999952316284,48900.0
2026-06-09 11:30:00,GMV.V,,0.125,0.125,0.125,0.125,6000.0
2026-06-09 11:30:00,GRB.V,,0.44999998807907104,0.48500001430511475,0.44999998807907104,0.48500001430511475,10000.0
2026-06-09 11:30:00,GRZ.V,,7.0,7.0,7.0,7.0,300.0
2026-06-09 11:30:00,HME.V,,2.759999990463257,2.759999990463257,2.759999990463257,2.759999990463257,700.0
2026-06-09 11:30:00,HMR.V,,0.7699999809265137,0.7699999809265137,0.7599999904632568,0.7599999904632568,2000.0
2026-06-09 11:30:00,HSTR.V,,1.6799999475479126,1.6799999475479126,1.6699999570846558,1.6699999570846558,560.0
2026-06-09 11:30:00,KALO.V,,0.1899999976158142,0.1899999976158142,0.1899999976158142,0.1899999976158142,9500.0
2026-06-09 11:30:00,KTN.V,,1.3899999856948853,1.3899999856948853,1.3899999856948853,1.3899999856948853,100.0
2026-06-09 11:30:00,LVG.V,,0.30000001192092896,0.30000001192092896,0.30000001192092896,0.30000001192092896,63000.0
2026-06-09 11:30:00,MGM.V,,2.759999990463257,2.759999990463257,2.759999990463257,2.759999990463257,2700.0
2026-06-09 11:30:00,MKO.V,,9.880000114440918,9.880000114440918,9.880000114440918,9.880000114440918,400.0
2026-06-09 11:30:00,MLP.V,,1.8600000143051147,1.8600000143051147,1.8600000143051147,1.8600000143051147,100.0
2026-06-09 11:30:00,NURS.V,,4.130000114440918,4.170000076293945,4.130000114440918,4.170000076293945,4000.0
2026-06-09 11:30:00,PNG.V,,7.070000171661377,7.070000171661377,7.059999942779541,7.070000171661377,1200.0
2026-06-09 11:31:00,FMS.V,,0.4449999928474426,0.4449999928474426,0.4449999928474426,0.4449999928474426,1650.0
2026-06-09 11:31:00,GPH.V,,1.059999942779541,1.059999942779541,1.059999942779541,1.059999942779541,7600.0
2026-06-09 11:31:00,HITI.V,,3.299999952316284,3.299999952316284,3.299999952316284,3.299999952316284,3000.0
2026-06-09 11:31:00,HMR.V,,0.7699999809265137,0.7699999809265137,0.7699999809265137,0.7699999809265137,1000.0
2026-06-09 11:31:00,HSTR.V,,1.6699999570846558,1.6699999570846558,1.6699999570846558,1.6699999570846558,3540.0
2026-06-09 11:31:00,KTN.V,,1.3899999856948853,1.3899999856948853,1.3899999856948853,1.3899999856948853,400.0
2026-06-09 11:31:00,LCX.V,,1.6799999475479126,1.690000057220459,1.649999976158142,1.690000057220459,67506.0
2026-06-09 11:31:00,LME.V,,0.20000000298023224,0.20000000298023224,0.20000000298023224,0.20000000298023224,500.0
2026-06-09 11:31:00,MLP.V,,1.850000023841858,1.8600000143051147,1.850000023841858,1.8600000143051147,2605.0
2026-06-09 11:31:00,PNG.V,,7.050000190734863,7.079999923706055,7.050000190734863,7.070000171661377,6231.0
2026-06-09 11:32:00,FDR.V,,4.099999904632568,4.110000133514404,4.099999904632568,4.110000133514404,600.0
2026-06-09 11:32:00,GGI.V,,0.10000000149011612,0.10000000149011612,0.10000000149011612,0.10000000149011612,0.0
2026-06-09 11:32:00,GQC.V,,0.9100000262260437,0.9100000262260437,0.9100000262260437,0.9100000262260437,21001.0
2026-06-09 11:32:00,HITI.V,,3.299999952316284,3.299999952316284,3.299999952316284,3.299999952316284,1100.0
2026-06-09 11:32:00,HSTR.V,,1.659999966621399,1.6699999570846558,1.659999966621399,1.6699999570846558,3248.0
2026-06-09 11:32:00,JUGR.V,,0.9900000095367432,0.9900000095367432,0.9900000095367432,0.9900000095367432,9805.0
2026-06-09 11:32:00,KALO.V,,0.1899999976158142,0.1899999976158142,0.1899999976158142,0.1899999976158142,2000.0
2026-06-09 11:32:00,KTN.V,,1.3899999856948853,1.3899999856948853,1.3899999856948853,1.3899999856948853,100.0
2026-06-09 11:32:00,LTH.V,,0.8199999928474426,0.8199999928474426,0.8199999928474426,0.8199999928474426,12000.0
2026-06-09 11:32:00,LVX.V,,0.6800000071525574,0.6800000071525574,0.6800000071525574,0.6800000071525574,4510.0
2026-06-09 11:32:00,MLP.V,,1.850000023841858,1.850000023841858,1.850000023841858,1.850000023841858,100.0
2026-06-09 11:32:00,PNG.V,,7.039999961853027,7.050000190734863,7.039999961853027,7.050000190734863,17018.0
2026-06-09 11:33:00,GSI.V,,1.1299999952316284,1.1299999952316284,1.1299999952316284,1.1299999952316284,600.0
2026-06-09 11:33:00,HCH.V,,1.649999976158142,1.809999942779541,1.649999976158142,1.809999942779541,44715.0
2026-06-09 11:33:00,HME.V,,2.75,2.75,2.75,2.75,100.0
2026-06-09 11:33:00,HSTR.V,,1.659999966621399,1.659999966621399,1.649999976158142,1.659999966621399,14700.0
2026-06-09 11:33:00,IFOS.V,,2.380000114440918,2.380000114440918,2.380000114440918,2.380000114440918,100.0
2026-06-09 11:33:00,JG.V,,0.09000000357627869,0.09000000357627869,0.09000000357627869,0.09000000357627869,0.0
2026-06-09 11:33:00,KTN.V,,1.3899999856948853,1.3899999856948853,1.3899999856948853,1.3899999856948853,100.0
2026-06-09 11:33:00,LTH.V,,0.8199999928474426,0.8199999928474426,0.8199999928474426,0.8199999928474426,2500.0
2026-06-09 11:33:00,MKO.V,,9.779999732971191,9.829999923706055,9.779999732971191,9.829999923706055,700.0
2026-06-09 11:33:00,MMG.V,,0.25,0.25,0.25,0.25,1000.0
2026-06-09 11:33:00,PNG.V,,7.059999942779541,7.059999942779541,7.03000020980835,7.039999961853027,10200.0
2026-06-09 11:34:00,GQC.V,,0.8999999761581421,0.8999999761581421,0.8999999761581421,0.8999999761581421,1100.0
2026-06-09 11:34:00,GSVR.V,,0.4449999928474426,0.4449999928474426,0.4449999928474426,0.4449999928474426,21000.0
2026-06-09 11:34:00,HSTR.V,,1.659999966621399,1.659999966621399,1.659999966621399,1.659999966621399,700.0
2026-06-09 11:34:00,ITR.V,,3.2300000190734863,3.2300000190734863,3.2300000190734863,3.2300000190734863,2100.0
2026-06-09 11:34:00,KTN.V,,1.3899999856948853,1.3899999856948853,1.3799999952316284,1.3899999856948853,10200.0
2026-06-09 11:34:00,LG.V,,0.33500000834465027,0.33500000834465027,0.33500000834465027,0.33500000834465027,13000.0
2026-06-09 11:34:00,LQWD.V,,0.8299999833106995,0.8299999833106995,0.8299999833106995,0.8299999833106995,6188.0
2026-06-09 11:34:00,MLP.V,,1.8300000429153442,1.850000023841858,1.8300000429153442,1.850000023841858,89270.0
2026-06-09 11:34:00,NURS.V,,4.150000095367432,4.150000095367432,4.130000114440918,4.130000114440918,900.0
2026-06-09 11:34:00,PNG.V,,7.059999942779541,7.059999942779541,7.059999942779541,7.059999942779541,500.0
2026-06-09 11:35:00,FDR.V,,4.099999904632568,4.099999904632568,4.079999923706055,4.090000152587891,3200.0
2026-06-09 11:35:00,FPC.V,,0.4699999988079071,0.4699999988079071,0.4699999988079071,0.4699999988079071,13500.0
2026-06-09 11:35:00,GRZ.V,,7.0,7.0,7.0,7.0,4200.0
2026-06-09 11:35:00,GSI.V,,1.1399999856948853,1.1399999856948853,1.1399999856948853,1.1399999856948853,200.0
2026-06-09 11:35:00,GSVR.V,,0.4449999928474426,0.4449999928474426,0.4449999928474426,0.4449999928474426,8500.0
2026-06-09 11:35:00,HSTR.V,,1.649999976158142,1.649999976158142,1.649999976158142,1.649999976158142,12950.0
2026-06-09 11:35:00,ICM.V,,0.06499999761581421,0.06499999761581421,0.06499999761581421,0.06499999761581421,7000.0
2026-06-09 11:35:00,KTN.V,,1.3899999856948853,1.3899999856948853,1.3899999856948853,1.3899999856948853,2900.0
2026-06-09 11:35:00,LG.V,,0.33500000834465027,0.33500000834465027,0.33500000834465027,0.33500000834465027,5000.0
2026-06-09 11:35:00,MKO.V,,9.850000381469727,9.850000381469727,9.850000381469727,9.850000381469727,100.0
2026-06-09 11:35:00,MLP.V,,1.8300000429153442,1.8300000429153442,1.8300000429153442,1.8300000429153442,100.0
2026-06-09 11:35:00,NURS.V,,4.139999866485596,4.139999866485596,4.130000114440918,4.130000114440918,800.0
2026-06-09 11:35:00,PNG.V,,7.079999923706055,7.079999923706055,7.050000190734863,7.059999942779541,3485.0
2026-06-09 11:35:00,ZNG.V,,0.9100000262260437,0.9100000262260437,0.9100000262260437,0.9100000262260437,5500.0
2026-06-09 11:36:00,FPC.V,,0.4699999988079071,0.4699999988079071,0.4699999988079071,0.4699999988079071,500.0
2026-06-09 11:36:00,HSTR.V,,1.649999976158142,1.649999976158142,1.649999976158142,1.649999976158142,4989.0
2026-06-09 11:36:00,IFOS.V,,2.380000114440918,2.380000114440918,2.380000114440918,2.380000114440918,100.0
2026-06-09 11:36:00,IGO.V,,0.09000000357627869,0.09000000357627869,0.09000000357627869,0.09000000357627869,30000.0
2026-06-09 11:36:00,JG.V,,0.09000000357627869,0.09000000357627869,0.09000000357627869,0.09000000357627869,506000.0
2026-06-09 11:36:00,LIFT.V,,5.070000171661377,5.070000171661377,5.059999942779541,5.070000171661377,800.0
2026-06-09 11:36:00,LIO.V,,0.14499999582767487,0.14499999582767487,0.14499999582767487,0.14499999582767487,30500.0
2026-06-09 11:36:00,LVG.V,,0.30000001192092896,0.30000001192092896,0.30000001192092896,0.30000001192092896,34500.0
2026-06-09 11:36:00,MLP.V,,1.840000033378601,1.850000023841858,1.8300000429153442,1.8300000429153442,23000.0
2026-06-09 11:36:00,PNG.V,,7.079999923706055,7.079999923706055,7.070000171661377,7.079999923706055,1820.0
2026-06-09 11:36:00,YGT.V,,0.1899999976158142,0.1899999976158142,0.1899999976158142,0.1899999976158142,500.0
2026-06-09 11:37:00,GSI.V,,1.1399999856948853,1.1399999856948853,1.1399999856948853,1.1399999856948853,500.0
2026-06-09 11:37:00,HSTR.V,,1.649999976158142,1.649999976158142,1.6449999809265137,1.649999976158142,3500.0
2026-06-09 11:37:00,KNG.V,,1.0,1.0149999856948853,1.0,1.0149999856948853,7600.0
2026-06-09 11:37:00,LIFT.V,,5.059999942779541,5.059999942779541,5.059999942779541,5.059999942779541,100.0
2026-06-09 11:37:00,LTH.V,,0.8199999928474426,0.8199999928474426,0.8199999928474426,0.8199999928474426,1000.0
2026-06-09 11:37:00,MLP.V,,1.8300000429153442,1.8300000429153442,1.8300000429153442,1.8300000429153442,4900.0
2026-06-09 11:37:00,PNG.V,,7.059999942779541,7.079999923706055,7.059999942779541,7.079999923706055,700.0
2026-06-09 11:37:00,ZNG.V,,0.9100000262260437,0.9100000262260437,0.9100000262260437,0.9100000262260437,1101.0
2026-06-09 11:38:00,ESK.V,,0.36500000953674316,0.36500000953674316,0.36500000953674316,0.36500000953674316,8000.0
2026-06-09 11:38:00,FPC.V,,0.4699999988079071,0.4699999988079071,0.4699999988079071,0.4699999988079071,6300.0
2026-06-09 11:38:00,GPH.V,,1.059999942779541,1.059999942779541,1.059999942779541,1.059999942779541,100.0
2026-06-09 11:38:00,ICM.V,,0.06499999761581421,0.06499999761581421,0.06499999761581421,0.06499999761581421,1000.0
2026-06-09 11:38:00,IFOS.V,,2.380000114440918,2.380000114440918,2.380000114440918,2.380000114440918,100.0
2026-06-09 11:38:00,ITR.V,,3.2200000286102295,3.2300000190734863,3.2200000286102295,3.2300000190734863,1563.0
2026-06-09 11:38:00,JG.V,,0.09000000357627869,0.09000000357627869,0.09000000357627869,0.09000000357627869,89000.0
2026-06-09 11:38:00,KTN.V,,1.3899999856948853,1.3899999856948853,1.3899999856948853,1.3899999856948853,200.0
2026-06-09 11:38:00,LIFT.V,,5.019999980926514,5.059999942779541,5.019999980926514,5.059999942779541,8920.0
2026-06-09 11:38:00,MGM.V,,2.740000009536743,2.75,2.740000009536743,2.75,808.0
2026-06-09 11:38:00,PNG.V,,7.050000190734863,7.059999942779541,7.050000190734863,7.059999942779541,3948.0
2026-06-09 11:39:00,ESK.V,,0.3700000047683716,0.3700000047683716,0.36500000953674316,0.36500000953674316,14000.0
2026-06-09 11:39:00,GQC.V,,0.9100000262260437,0.9100000262260437,0.8899999856948853,0.8899999856948853,5500.0
2026-06-09 11:39:00,HITI.V,,3.299999952316284,3.299999952316284,3.299999952316284,3.299999952316284,400.0
2026-06-09 11:39:00,HSTR.V,,1.649999976158142,1.649999976158142,1.6399999856948853,1.6449999809265137,5200.0
2026-06-09 11:39:00,ITR.V,,3.2100000381469727,3.2200000286102295,3.2100000381469727,3.2200000286102295,11300.0
2026-06-09 11:39:00,KTN.V,,1.3899999856948853,1.3899999856948853,1.3899999856948853,1.3899999856948853,700.0
2026-06-09 11:39:00,LAB.V,,0.07000000029802322,0.07000000029802322,0.06499999761581421,0.06499999761581421,74000.0
2026-06-09 11:39:00,NURS.V,,4.130000114440918,4.130000114440918,4.130000114440918,4.130000114440918,100.0
2026-06-09 11:39:00,PNG.V,,7.039999961853027,7.039999961853027,7.039999961853027,7.039999961853027,300.0
2026-06-09 11:39:00,YGT.V,,0.19249999523162842,0.19249999523162842,0.19249999523162842,0.19249999523162842,1000.0
2026-06-09 11:40:00,GMV.V,,0.125,0.125,0.125,0.125,5500.0
2026-06-09 11:40:00,HITI.V,,3.299999952316284,3.299999952316284,3.299999952316284,3.299999952316284,100.0
2026-06-09 11:40:00,HSTR.V,,1.649999976158142,1.649999976158142,1.649999976158142,1.649999976158142,700.0
2026-06-09 11:40:00,IFOS.V,,2.380000114440918,2.380000114440918,2.380000114440918,2.380000114440918,500.0
2026-06-09 11:40:00,ITR.V,,3.2300000190734863,3.2300000190734863,3.2300000190734863,3.2300000190734863,1800.0
2026-06-09 11:40:00,KTN.V,,1.3899999856948853,1.3899999856948853,1.3899999856948853,1.3899999856948853,700.0
2026-06-09 11:40:00,LTH.V,,0.8199999928474426,0.8199999928474426,0.8199999928474426,0.8199999928474426,1500.0
2026-06-09 11:40:00,MGM.V,,2.740000009536743,2.740000009536743,2.740000009536743,2.740000009536743,1200.0
2026-06-09 11:40:00,MLP.V,,1.8200000524520874,1.8200000524520874,1.8200000524520874,1.8200000524520874,100.0
2026-06-09 11:40:00,NURS.V,,4.139999866485596,4.139999866485596,4.139999866485596,4.139999866485596,200.0
2026-06-09 11:40:00,PNG.V,,7.070000171661377,7.070000171661377,7.070000171661377,7.070000171661377,1000.0
2026-06-09 11:41:00,FDR.V,,4.110000133514404,4.110000133514404,4.079999923706055,4.090000152587891,14600.0
2026-06-09 11:41:00,GAL.V,,0.41999998688697815,0.41999998688697815,0.41999998688697815,0.41999998688697815,78500.0
2026-06-09 11:41:00,GSVR.V,,0.4449999928474426,0.4449999928474426,0.4449999928474426,0.4449999928474426,6500.0
2026-06-09 11:41:00,HME.V,,2.75,2.75,2.75,2.75,100.0
2026-06-09 11:41:00,HSTR.V,,1.649999976158142,1.649999976158142,1.649999976158142,1.649999976158142,600.0
2026-06-09 11:41:00,IFOS.V,,2.380000114440918,2.380000114440918,2.380000114440918,2.380000114440918,100.0
2026-06-09 11:41:00,ITR.V,,3.2300000190734863,3.2300000190734863,3.2300000190734863,3.2300000190734863,546.0
2026-06-09 11:41:00,LIFT.V,,5.099999904632568,5.099999904632568,5.099999904632568,5.099999904632568,100.0
2026-06-09 11:41:00,LVG.V,,0.30000001192092896,0.30000001192092896,0.30000001192092896,0.30000001192092896,50000.0
2026-06-09 11:41:00,MGM.V,,2.7300000190734863,2.7300000190734863,2.7300000190734863,2.7300000190734863,300.0
2026-06-09 11:41:00,MKO.V,,9.869999885559082,9.869999885559082,9.869999885559082,9.869999885559082,367.0
2026-06-09 11:41:00,PNG.V,,7.059999942779541,7.059999942779541,7.059999942779541,7.059999942779541,100.0
2026-06-09 11:42:00,GMV.V,,0.125,0.125,0.125,0.125,1000.0
2026-06-09 11:42:00,GNG.V,,0.10000000149011612,0.10999999940395355,0.10000000149011612,0.10999999940395355,0.0
2026-06-09 11:42:00,GRZ.V,,7.0,7.0,7.0,7.0,1000.0
2026-06-09 11:42:00,HME.V,,2.75,2.75,2.75,2.75,300.0
2026-06-09 11:42:00,HSTR.V,,1.649999976158142,1.649999976158142,1.649999976158142,1.649999976158142,500.0
2026-06-09 11:42:00,LVG.V,,0.30000001192092896,0.30000001192092896,0.30000001192092896,0.30000001192092896,46000.0
2026-06-09 11:42:00,MLP.V,,1.8300000429153442,1.8300000429153442,1.8300000429153442,1.8300000429153442,200.0
2026-06-09 11:42:00,PNG.V,,7.090000152587891,7.090000152587891,7.090000152587891,7.090000152587891,700.0
2026-06-09 11:43:00,GMV.V,,0.125,0.125,0.125,0.125,117500.0
2026-06-09 11:43:00,HITI.V,,3.309999942779541,3.309999942779541,3.309999942779541,3.309999942779541,400.0
2026-06-09 11:43:00,HSTR.V,,1.649999976158142,1.649999976158142,1.649999976158142,1.649999976158142,900.0
2026-06-09 11:43:00,ICM.V,,0.06499999761581421,0.06499999761581421,0.06499999761581421,0.06499999761581421,1000.0
2026-06-09 11:43:00,IFOS.V,,2.380000114440918,2.380000114440918,2.380000114440918,2.380000114440918,100.0
2026-06-09 11:43:00,ITR.V,,3.259999990463257,3.259999990463257,3.25,3.25,3900.0
2026-06-09 11:43:00,KNE.V,,0.029999999329447746,0.029999999329447746,0.029999999329447746,0.029999999329447746,0.0
2026-06-09 11:43:00,MLP.V,,1.8200000524520874,1.8200000524520874,1.8200000524520874,1.8200000524520874,300.0
2026-06-09 11:43:00,NURS.V,,4.139999866485596,4.139999866485596,4.139999866485596,4.139999866485596,100.0
2026-06-09 11:43:00,PNG.V,,7.059999942779541,7.079999923706055,7.059999942779541,7.079999923706055,1614.0
2026-06-09 11:43:00,YGT.V,,0.1899999976158142,0.1899999976158142,0.1899999976158142,0.1899999976158142,500.0
2026-06-09 11:44:00,GPH.V,,1.059999942779541,1.059999942779541,1.059999942779541,1.059999942779541,200.0
2026-06-09 11:44:00,GQC.V,,0.8999999761581421,0.8999999761581421,0.8999999761581421,0.8999999761581421,1000.0
2026-06-09 11:44:00,GSI.V,,1.1399999856948853,1.1399999856948853,1.1399999856948853,1.1399999856948853,4700.0
2026-06-09 11:44:00,HSTR.V,,1.649999976158142,1.649999976158142,1.649999976158142,1.649999976158142,12000.0
2026-06-09 11:44:00,ITR.V,,3.259999990463257,3.259999990463257,3.259999990463257,3.259999990463257,500.0
2026-06-09 11:44:00,KALO.V,,0.1899999976158142,0.1899999976158142,0.1899999976158142,0.1899999976158142,5500.0
2026-06-09 11:44:00,KTN.V,,1.3899999856948853,1.3899999856948853,1.3899999856948853,1.3899999856948853,100.0
2026-06-09 11:44:00,MEK.V,,0.05000000074505806,0.05000000074505806,0.05000000074505806,0.05000000074505806,112920.0
2026-06-09 11:44:00,MGM.V,,2.7300000190734863,2.7300000190734863,2.7300000190734863,2.7300000190734863,100.0
2026-06-09 11:44:00,MKO.V,,9.869999885559082,9.869999885559082,9.869999885559082,9.869999885559082,100.0
2026-06-09 11:44:00,MLP.V,,1.8200000524520874,1.8200000524520874,1.8200000524520874,1.8200000524520874,300.0
2026-06-09 11:44:00,PNG.V,,7.059999942779541,7.059999942779541,7.059999942779541,7.059999942779541,2741.0
2026-06-09 11:45:00,FDR.V,,4.119999885559082,4.119999885559082,4.119999885559082,4.119999885559082,100.0
2026-06-09 11:45:00,GPAC.V,,0.3799999952316284,0.3799999952316284,0.3799999952316284,0.3799999952316284,4000.0
2026-06-09 11:45:00,GSI.V,,1.1399999856948853,1.1399999856948853,1.1399999856948853,1.1399999856948853,900.0
2026-06-09 11:45:00,GSVR.V,,0.4449999928474426,0.4449999928474426,0.4449999928474426,0.4449999928474426,8000.0
2026-06-09 11:45:00,HME.V,,2.759999990463257,2.759999990463257,2.759999990463257,2.759999990463257,700.0
2026-06-09 11:45:00,HSTR.V,,1.649999976158142,1.649999976158142,1.649999976158142,1.649999976158142,17300.0
2026-06-09 11:45:00,MKO.V,,9.850000381469727,9.880000114440918,9.850000381469727,9.869999885559082,600.0
2026-06-09 11:45:00,MLP.V,,1.8300000429153442,1.840000033378601,1.8200000524520874,1.8200000524520874,4700.0
2026-06-09 11:45:00,PNG.V,,7.070000171661377,7.070000171661377,7.070000171661377,7.070000171661377,325.0
2026-06-09 11:46:00,FDR.V,,4.099999904632568,4.099999904632568,4.099999904632568,4.099999904632568,200.0
2026-06-09 11:46:00,FUU.V,,0.14000000059604645,0.14000000059604645,0.14000000059604645,0.14000000059604645,7500.0
2026-06-09 11:46:00,GMV.V,,0.12999999523162842,0.12999999523162842,0.12999999523162842,0.12999999523162842,11500.0
2026-06-09 11:46:00,GSI.V,,1.1399999856948853,1.1399999856948853,1.1399999856948853,1.1399999856948853,700.0
2026-06-09 11:46:00,HITI.V,,3.309999942779541,3.309999942779541,3.309999942779541,3.309999942779541,9900.0
2026-06-09 11:46:00,HSTR.V,,1.6699999570846558,1.6699999570846558,1.649999976158142,1.649999976158142,4900.0
2026-06-09 11:46:00,ICM.V,,0.06499999761581421,0.06499999761581421,0.06499999761581421,0.06499999761581421,1000.0
2026-06-09 11:46:00,KALO.V,,0.18000000715255737,0.1899999976158142,0.18000000715255737,0.1899999976158142,43000.0
2026-06-09 11:46:00,MGM.V,,2.7300000190734863,2.7300000190734863,2.7300000190734863,2.7300000190734863,628.0
2026-06-09 11:46:00,MIM.V,,0.22499999403953552,0.22499999403953552,0.22499999403953552,0.22499999403953552,9000.0
2026-06-09 11:46:00,MLP.V,,1.840000033378601,1.840000033378601,1.840000033378601,1.840000033378601,400.0
2026-06-09 11:46:00,NURS.V,,4.159999847412109,4.159999847412109,4.139999866485596,4.139999866485596,9900.0
2026-06-09 11:47:00,BIG.V,,0.6299999952316284,0.6399999856948853,0.6299999952316284,0.6399999856948853,14010.0
2026-06-09 11:47:00,FDR.V,,4.079999923706055,4.099999904632568,4.079999923706055,4.099999904632568,1100.0
2026-06-09 11:47:00,GLAD.V,,2.25,2.25,2.25,2.25,100.0
2026-06-09 11:47:00,GMV.V,,0.12999999523162842,0.12999999523162842,0.12999999523162842,0.12999999523162842,8500.0
2026-06-09 11:47:00,GQC.V,,0.8999999761581421,0.8999999761581421,0.8999999761581421,0.8999999761581421,4000.0
2026-06-09 11:47:00,HAN.V,,0.5299999713897705,0.5299999713897705,0.5299999713897705,0.5299999713897705,0.0
2026-06-09 11:47:00,HCH.V,,1.649999976158142,1.6799999475479126,1.649999976158142,1.6799999475479126,3323.0
2026-06-09 11:47:00,HSTR.V,,1.6699999570846558,1.6699999570846558,1.6699999570846558,1.6699999570846558,300.0
2026-06-09 11:47:00,ITR.V,,3.2699999809265137,3.2699999809265137,3.2699999809265137,3.2699999809265137,2300.0
2026-06-09 11:47:00,KGC.V,,0.029999999329447746,0.029999999329447746,0.029999999329447746,0.029999999329447746,0.0
2026-06-09 11:47:00,KTN.V,,1.3899999856948853,1.3899999856948853,1.3899999856948853,1.3899999856948853,100.0
2026-06-09 11:47:00,LIO.V,,0.14499999582767487,0.14499999582767487,0.14499999582767487,0.14499999582767487,10000.0
2026-06-09 11:47:00,NURS.V,,4.159999847412109,4.159999847412109,4.159999847412109,4.159999847412109,644.0
2026-06-09 11:47:00,PNG.V,,7.039999961853027,7.059999942779541,7.039999961853027,7.059999942779541,6553.0
2026-06-09 11:48:00,FPC.V,,0.4650000035762787,0.4650000035762787,0.4650000035762787,0.4650000035762787,500.0
2026-06-09 11:48:00,FRED.V,,0.5099999904632568,0.5099999904632568,0.5099999904632568,0.5099999904632568,42000.0
2026-06-09 11:48:00,FRI.V,,0.07000000029802322,0.07000000029802322,0.06499999761581421,0.06499999761581421,7000.0
2026-06-09 11:48:00,GMV.V,,0.12999999523162842,0.12999999523162842,0.12999999523162842,0.12999999523162842,41500.0
2026-06-09 11:48:00,GSI.V,,1.1299999952316284,1.1299999952316284,1.1299999952316284,1.1299999952316284,1100.0
2026-06-09 11:48:00,HSTR.V,,1.6649999618530273,1.6699999570846558,1.6649999618530273,1.6699999570846558,400.0
2026-06-09 11:48:00,KTN.V,,1.3899999856948853,1.3899999856948853,1.3899999856948853,1.3899999856948853,100.0
2026-06-09 11:48:00,KTO.V,,0.6600000262260437,0.6600000262260437,0.6600000262260437,0.6600000262260437,20000.0
2026-06-09 11:48:00,LG.V,,0.33500000834465027,0.33500000834465027,0.33500000834465027,0.33500000834465027,15000.0
2026-06-09 11:48:00,NURS.V,,4.159999847412109,4.159999847412109,4.159999847412109,4.159999847412109,900.0
2026-06-09 11:49:00,FPC.V,,0.4650000035762787,0.4650000035762787,0.4650000035762787,0.4650000035762787,23000.0
2026-06-09 11:49:00,FRI.V,,0.07500000298023224,0.07500000298023224,0.07000000029802322,0.07000000029802322,41000.0
2026-06-09 11:49:00,GQC.V,,0.8999999761581421,0.8999999761581421,0.8999999761581421,0.8999999761581421,1000.0
2026-06-09 11:49:00,HSTR.V,,1.6649999618530273,1.6649999618530273,1.6649999618530273,1.6649999618530273,200.0
2026-06-09 11:49:00,KRI.V,,0.19499999284744263,0.19499999284744263,0.19499999284744263,0.19499999284744263,2000.0
2026-06-09 11:49:00,KTN.V,,1.3899999856948853,1.3899999856948853,1.3899999856948853,1.3899999856948853,700.0
2026-06-09 11:49:00,KTO.V,,0.6600000262260437,0.6600000262260437,0.6600000262260437,0.6600000262260437,19000.0
2026-06-09 11:49:00,LG.V,,0.33500000834465027,0.33500000834465027,0.33500000834465027,0.33500000834465027,2000.0
2026-06-09 11:49:00,MLP.V,,1.8300000429153442,1.8300000429153442,1.8300000429153442,1.8300000429153442,100.0
2026-06-09 11:49:00,MMG.V,,0.2549999952316284,0.2549999952316284,0.2549999952316284,0.2549999952316284,39000.0
2026-06-09 11:50:00,BIG.V,,0.6399999856948853,0.6399999856948853,0.6299999952316284,0.6299999952316284,3000.0
2026-06-09 11:50:00,FRED.V,,0.5,0.5,0.5,0.5,35000.0
2026-06-09 11:50:00,GMV.V,,0.125,0.125,0.125,0.125,6000.0
2026-06-09 11:50:00,GSVR.V,,0.44749999046325684,0.44749999046325684,0.44749999046325684,0.44749999046325684,1500.0
2026-06-09 11:50:00,HSTR.V,,1.6649999618530273,1.6699999570846558,1.6649999618530273,1.6649999618530273,741.0
2026-06-09 11:50:00,MLP.V,,1.8200000524520874,1.8200000524520874,1.8200000524520874,1.8200000524520874,100.0
2026-06-09 11:50:00,MN.V,,0.11500000208616257,0.11500000208616257,0.11500000208616257,0.11500000208616257,12000.0
2026-06-09 11:50:00,PNG.V,,7.059999942779541,7.059999942779541,7.039999961853027,7.050000190734863,1761.0
2026-06-09 11:50:00,YGT.V,,0.1899999976158142,0.1899999976158142,0.1899999976158142,0.1899999976158142,500.0
2026-06-09 11:51:00,FDR.V,,4.090000152587891,4.090000152587891,4.090000152587891,4.090000152587891,100.0
2026-06-09 11:51:00,GSVR.V,,0.44999998807907104,0.44999998807907104,0.44999998807907104,0.44999998807907104,33824.0
2026-06-09 11:51:00,HITI.V,,3.299999952316284,3.299999952316284,3.299999952316284,3.299999952316284,3600.0
2026-06-09 11:51:00,HSTR.V,,1.6649999618530273,1.6649999618530273,1.6649999618530273,1.6649999618530273,300.0
2026-06-09 11:51:00,ITR.V,,3.2699999809265137,3.2699999809265137,3.2699999809265137,3.2699999809265137,200.0
2026-06-09 11:51:00,LG.V,,0.33500000834465027,0.33500000834465027,0.33500000834465027,0.33500000834465027,2500.0
2026-06-09 11:51:00,MEK.V,,0.04500000178813934,0.04500000178813934,0.04500000178813934,0.04500000178813934,1000.0
2026-06-09 11:51:00,MLP.V,,1.8300000429153442,1.8300000429153442,1.8300000429153442,1.8300000429153442,100.0
2026-06-09 11:51:00,MMG.V,,0.2549999952316284,0.2549999952316284,0.2549999952316284,0.2549999952316284,11100.0
2026-06-09 11:51:00,NURS.V,,4.170000076293945,4.170000076293945,4.170000076293945,4.170000076293945,1200.0
2026-06-09 11:51:00,PNG.V,,7.039999961853027,7.050000190734863,7.039999961853027,7.050000190734863,10644.0
2026-06-09 11:51:00,YGT.V,,0.1899999976158142,0.1899999976158142,0.1899999976158142,0.1899999976158142,500.0
2026-06-09 11:52:00,FDR.V,,4.090000152587891,4.090000152587891,4.090000152587891,4.090000152587891,100.0
2026-06-09 11:52:00,GGO.V,,1.0499999523162842,1.059999942779541,1.0499999523162842,1.059999942779541,8600.0
2026-06-09 11:52:00,GWM.V,,0.5099999904632568,0.5099999904632568,0.5099999904632568,0.5099999904632568,6000.0
2026-06-09 11:52:00,HAN.V,,0.5299999713897705,0.5299999713897705,0.5299999713897705,0.5299999713897705,7500.0
2026-06-09 11:52:00,HI.V,,0.16500000655651093,0.16500000655651093,0.16500000655651093,0.16500000655651093,42500.0
2026-06-09 11:52:00,HSTR.V,,1.6649999618530273,1.6699999570846558,1.6649999618530273,1.6699999570846558,200.0
2026-06-09 11:52:00,LG.V,,0.33500000834465027,0.33500000834465027,0.33500000834465027,0.33500000834465027,16500.0
2026-06-09 11:52:00,MLP.V,,1.8300000429153442,1.8300000429153442,1.8300000429153442,1.8300000429153442,200.0
2026-06-09 11:52:00,NURS.V,,4.159999847412109,4.159999847412109,4.159999847412109,4.159999847412109,200.0
2026-06-09 11:52:00,PNG.V,,7.03000020980835,7.059999942779541,7.03000020980835,7.059999942779541,1500.0
2026-06-09 11:53:00,EPF.V,,0.550000011920929,0.5600000023841858,0.550000011920929,0.5600000023841858,5000.0
2026-06-09 11:53:00,FDR.V,,4.079999923706055,4.079999923706055,4.079999923706055,4.079999923706055,200.0
2026-06-09 11:53:00,GRZ.V,,7.0,7.0,7.0,7.0,1000.0
2026-06-09 11:53:00,HSTR.V,,1.6649999618530273,1.6649999618530273,1.6649999618530273,1.6649999618530273,300.0
2026-06-09 11:53:00,IFOS.V,,2.369999885559082,2.369999885559082,2.369999885559082,2.369999885559082,100.0
2026-06-09 11:53:00,ITR.V,,3.2699999809265137,3.2699999809265137,3.2699999809265137,3.2699999809265137,9100.0
2026-06-09 11:53:00,KTN.V,,1.3899999856948853,1.3899999856948853,1.3899999856948853,1.3899999856948853,100.0
2026-06-09 11:53:00,MKO.V,,9.899999618530273,9.899999618530273,9.890000343322754,9.890000343322754,1600.0
2026-06-09 11:53:00,TUF.V,,0.699999988079071,0.699999988079071,0.699999988079071,0.699999988079071,1000.0
2026-06-09 11:54:00,GGO.V,,1.0399999618530273,1.0399999618530273,1.0399999618530273,1.0399999618530273,31052.0
2026-06-09 11:54:00,GSI.V,,1.1200000047683716,1.1200000047683716,1.1200000047683716,1.1200000047683716,100.0
2026-06-09 11:54:00,HITI.V,,3.299999952316284,3.299999952316284,3.299999952316284,3.299999952316284,900.0
2026-06-09 11:54:00,HSTR.V,,1.659999966621399,1.659999966621399,1.659999966621399,1.659999966621399,5500.0
2026-06-09 11:54:00,ITR.V,,3.259999990463257,3.259999990463257,3.259999990463257,3.259999990463257,1000.0
2026-06-09 11:54:00,KTN.V,,1.3899999856948853,1.3899999856948853,1.3899999856948853,1.3899999856948853,300.0
2026-06-09 11:54:00,LIFT.V,,5.099999904632568,5.099999904632568,5.099999904632568,5.099999904632568,2600.0
2026-06-09 11:54:00,LMN.V,,22.25,22.290000915527344,22.25,22.290000915527344,5457.0
2026-06-09 11:54:00,MLP.V,,1.8200000524520874,1.8200000524520874,1.8200000524520874,1.8200000524520874,100.0
2026-06-09 11:54:00,PNG.V,,7.039999961853027,7.059999942779541,7.039999961853027,7.059999942779541,1700.0
2026-06-09 11:55:00,FORT.V,,3.390000104904175,3.390000104904175,3.390000104904175,3.390000104904175,100.0
2026-06-09 11:55:00,GAL.V,,0.42500001192092896,0.42500001192092896,0.42500001192092896,0.42500001192092896,2000.0
2026-06-09 11:55:00,GSI.V,,1.1200000047683716,1.1200000047683716,1.1200000047683716,1.1200000047683716,400.0
2026-06-09 11:55:00,HI.V,,0.16750000417232513,0.16750000417232513,0.16750000417232513,0.16750000417232513,4000.0
2026-06-09 11:55:00,HME.V,,2.75,2.759999990463257,2.75,2.759999990463257,30930.0
2026-06-09 11:55:00,IFOS.V,,2.369999885559082,2.369999885559082,2.369999885559082,2.369999885559082,100.0
2026-06-09 11:55:00,KTN.V,,1.3899999856948853,1.3899999856948853,1.3899999856948853,1.3899999856948853,700.0
2026-06-09 11:55:00,LIO.V,,0.15000000596046448,0.15000000596046448,0.15000000596046448,0.15000000596046448,41000.0
2026-06-09 11:55:00,MLP.V,,1.8200000524520874,1.8200000524520874,1.8200000524520874,1.8200000524520874,200.0
2026-06-09 11:55:00,NURS.V,,4.179999828338623,4.179999828338623,4.179999828338623,4.179999828338623,400.0
2026-06-09 11:55:00,PNG.V,,7.019999980926514,7.039999961853027,7.019999980926514,7.039999961853027,3900.0
2026-06-09 11:56:00,FAIR.V,,0.04500000178813934,0.04500000178813934,0.04500000178813934,0.04500000178813934,882000.0
2026-06-09 11:56:00,FRED.V,,0.5,0.5,0.5,0.5,25500.0
2026-06-09 11:56:00,GSVR.V,,0.4449999928474426,0.4449999928474426,0.4449999928474426,0.4449999928474426,42000.0
2026-06-09 11:56:00,ITR.V,,3.240000009536743,3.259999990463257,3.240000009536743,3.259999990463257,16800.0
2026-06-09 11:56:00,KTN.V,,1.3899999856948853,1.3949999809265137,1.3899999856948853,1.3899999856948853,4200.0
2026-06-09 11:56:00,LCX.V,,1.659999966621399,1.659999966621399,1.659999966621399,1.659999966621399,100.0
2026-06-09 11:56:00,LG.V,,0.33500000834465027,0.33500000834465027,0.33500000834465027,0.33500000834465027,5000.0
2026-06-09 11:56:00,MLP.V,,1.8200000524520874,1.8200000524520874,1.8200000524520874,1.8200000524520874,100.0
2026-06-09 11:56:00,NURS.V,,4.199999809265137,4.199999809265137,4.190000057220459,4.190000057220459,500.0
2026-06-09 11:56:00,PNG.V,,7.03000020980835,7.03000020980835,7.03000020980835,7.03000020980835,3200.0
2026-06-09 11:56:00,TUF.V,,0.6899999976158142,0.6899999976158142,0.6899999976158142,0.6899999976158142,4000.0
2026-06-09 11:57:00,FDR.V,,4.059999942779541,4.079999923706055,4.050000190734863,4.079999923706055,3825.0
2026-06-09 11:57:00,FHYD.V,,0.44999998807907104,0.44999998807907104,0.4449999928474426,0.4449999928474426,0.0
2026-06-09 11:57:00,GAL.V,,0.41999998688697815,0.41999998688697815,0.41999998688697815,0.41999998688697815,30000.0
2026-06-09 11:57:00,GRZ.V,,7.0,7.0,6.960000038146973,6.96999979019165,6200.0
2026-06-09 11:57:00,GSVR.V,,0.4449999928474426,0.4449999928474426,0.4449999928474426,0.4449999928474426,1000.0
2026-06-09 11:57:00,HAM.V,,5.340000152587891,5.340000152587891,5.340000152587891,5.340000152587891,100.0
2026-06-09 11:57:00,HITI.V,,3.2799999713897705,3.299999952316284,3.2799999713897705,3.299999952316284,13210.0
2026-06-09 11:57:00,MKO.V,,9.84000015258789,9.84000015258789,9.84000015258789,9.84000015258789,4000.0
2026-06-09 11:57:00,MTA.V,,9.5,9.529999732971191,9.5,9.529999732971191,800.0
2026-06-09 11:57:00,PNG.V,,6.989999771118164,7.019999980926514,6.989999771118164,7.019999980926514,61589.0
2026-06-09 11:58:00,FAIR.V,,0.04500000178813934,0.04500000178813934,0.04500000178813934,0.04500000178813934,305000.0
2026-06-09 11:58:00,GCN.V,,0.03999999910593033,0.03999999910593033,0.03999999910593033,0.03999999910593033,4000.0
2026-06-09 11:58:00,GWM.V,,0.5,0.5,0.5,0.5,500.0
2026-06-09 11:58:00,HSTR.V,,1.649999976158142,1.649999976158142,1.649999976158142,1.649999976158142,2289.0
2026-06-09 11:58:00,ITR.V,,3.25,3.25,3.25,3.25,5400.0
2026-06-09 11:58:00,KTN.V,,1.3899999856948853,1.3899999856948853,1.3799999952316284,1.3899999856948853,15900.0
2026-06-09 11:58:00,LIFT.V,,5.0,5.0,5.0,5.0,8815.0
2026-06-09 11:58:00,LTH.V,,0.8199999928474426,0.8199999928474426,0.8199999928474426,0.8199999928474426,2003.0
2026-06-09 11:58:00,MLP.V,,1.8200000524520874,1.8200000524520874,1.8200000524520874,1.8200000524520874,100.0
2026-06-09 11:58:00,PNG.V,,6.980000019073486,7.0,6.980000019073486,6.980000019073486,8883.0
2026-06-09 11:59:00,FL.V,,0.5049999952316284,0.5049999952316284,0.5049999952316284,0.5049999952316284,500.0
2026-06-09 11:59:00,FPC.V,,0.45500001311302185,0.46000000834465027,0.45500001311302185,0.46000000834465027,53500.0
2026-06-09 11:59:00,FWTC.V,,0.04500000178813934,0.04500000178813934,0.04500000178813934,0.04500000178813934,8000.0
2026-06-09 11:59:00,GAL.V,,0.42500001192092896,0.42500001192092896,0.42500001192092896,0.42500001192092896,3000.0
2026-06-09 11:59:00,GMV.V,,0.12999999523162842,0.12999999523162842,0.12999999523162842,0.12999999523162842,2500.0
2026-06-09 11:59:00,HSTR.V,,1.649999976158142,1.649999976158142,1.649999976158142,1.649999976158142,500.0
2026-06-09 11:59:00,LCX.V,,1.659999966621399,1.659999966621399,1.659999966621399,1.659999966621399,100.0
2026-06-09 11:59:00,LMN.V,,22.25,22.25,22.25,22.25,100.0
2026-06-09 11:59:00,MKO.V,,9.880000114440918,9.880000114440918,9.880000114440918,9.880000114440918,100.0
2026-06-09 11:59:00,MLP.V,,1.8200000524520874,1.8200000524520874,1.8200000524520874,1.8200000524520874,300.0
2026-06-09 11:59:00,PNG.V,,7.0,7.010000228881836,7.0,7.010000228881836,3749.0
2026-06-09 11:59:00,YGT.V,,0.1899999976158142,0.1899999976158142,0.1899999976158142,0.1899999976158142,500.0
2026-06-09 11:59:00,ZNG.V,,0.9100000262260437,0.9100000262260437,0.9100000262260437,0.9100000262260437,1000.0
2026-06-09 12:00:00,FWTC.V,,0.04500000178813934,0.04500000178813934,0.04500000178813934,0.04500000178813934,8000.0
2026-06-09 12:00:00,GLAD.V,,2.25,2.25,2.25,2.25,4300.0
2026-06-09 12:00:00,GMV.V,,0.12999999523162842,0.12999999523162842,0.12999999523162842,0.12999999523162842,5500.0
2026-06-09 12:00:00,GQC.V,,0.8999999761581421,0.8999999761581421,0.8949999809265137,0.8949999809265137,3500.0
2026-06-09 12:00:00,GSTM.V,,0.17499999701976776,0.17499999701976776,0.17499999701976776,0.17499999701976776,1000.0
2026-06-09 12:00:00,HME.V,,2.7300000190734863,2.740000009536743,2.7300000190734863,2.740000009536743,9474.0
2026-06-09 12:00:00,HSTR.V,,1.6549999713897705,1.6549999713897705,1.6549999713897705,1.6549999713897705,500.0
2026-06-09 12:00:00,JUGR.V,,0.9800000190734863,0.9900000095367432,0.9800000190734863,0.9900000095367432,23800.0
2026-06-09 12:00:00,KTN.V,,1.3899999856948853,1.3899999856948853,1.3899999856948853,1.3899999856948853,1200.0
2026-06-09 12:00:00,KTO.V,,0.6600000262260437,0.6600000262260437,0.6600000262260437,0.6600000262260437,7000.0
2026-06-09 12:00:00,LCX.V,,1.659999966621399,1.659999966621399,1.659999966621399,1.659999966621399,100.0
2026-06-09 12:00:00,MLP.V,,1.8200000524520874,1.8200000524520874,1.8200000524520874,1.8200000524520874,200.0
2026-06-09 12:00:00,PNG.V,,6.989999771118164,7.010000228881836,6.989999771118164,7.010000228881836,8797.0
2026-06-09 12:01:00,FPC.V,,0.4650000035762787,0.4650000035762787,0.4650000035762787,0.4650000035762787,25500.0
2026-06-09 12:01:00,ITR.V,,3.25,3.25,3.25,3.25,3200.0
2026-06-09 12:01:00,IZN.V,,0.07000000029802322,0.07000000029802322,0.07000000029802322,0.07000000029802322,0.0
2026-06-09 12:01:00,JUGR.V,,0.9800000190734863,0.9850000143051147,0.9750000238418579,0.9850000143051147,10600.0
2026-06-09 12:01:00,LTH.V,,0.8100000023841858,0.8199999928474426,0.8100000023841858,0.8199999928474426,6500.0
2026-06-09 12:01:00,LVG.V,,0.30000001192092896,0.30000001192092896,0.30000001192092896,0.30000001192092896,5000.0
2026-06-09 12:01:00,MLP.V,,1.8200000524520874,1.8200000524520874,1.8200000524520874,1.8200000524520874,100.0
2026-06-09 12:01:00,PNG.V,,7.0,7.0,7.0,7.0,1800.0
2026-06-09 12:02:00,FRED.V,,0.5299999713897705,0.5299999713897705,0.5299999713897705,0.5299999713897705,1000.0
2026-06-09 12:02:00,GQC.V,,0.8999999761581421,0.8999999761581421,0.8949999809265137,0.8949999809265137,1500.0
2026-06-09 12:02:00,GRZ.V,,6.96999979019165,7.0,6.96999979019165,7.0,1100.0
2026-06-09 12:02:00,JUGR.V,,0.9800000190734863,0.9800000190734863,0.9800000190734863,0.9800000190734863,1000.0
2026-06-09 12:02:00,KTN.V,,1.3899999856948853,1.3899999856948853,1.3899999856948853,1.3899999856948853,500.0
2026-06-09 12:02:00,LG.V,,0.33000001311302185,0.33000001311302185,0.33000001311302185,0.33000001311302185,11500.0
2026-06-09 12:02:00,LTH.V,,0.8199999928474426,0.8199999928474426,0.8199999928474426,0.8199999928474426,2500.0
2026-06-09 12:02:00,MKO.V,,9.869999885559082,9.869999885559082,9.869999885559082,9.869999885559082,300.0
2026-06-09 12:02:00,MLP.V,,1.8300000429153442,1.8300000429153442,1.8300000429153442,1.8300000429153442,2200.0
2026-06-09 12:02:00,NURS.V,,4.170000076293945,4.170000076293945,4.170000076293945,4.170000076293945,100.0
2026-06-09 12:02:00,PNG.V,,7.0,7.03000020980835,7.0,7.019999980926514,2616.0
2026-06-09 12:03:00,GSVR.V,,0.4449999928474426,0.4449999928474426,0.4449999928474426,0.4449999928474426,2000.0
2026-06-09 12:03:00,HHH.V,,5.210000038146973,5.210000038146973,5.210000038146973,5.210000038146973,1000.0
2026-06-09 12:03:00,HI.V,,0.16500000655651093,0.16750000417232513,0.16500000655651093,0.16750000417232513,36000.0
2026-06-09 12:03:00,HME.V,,2.740000009536743,2.740000009536743,2.740000009536743,2.740000009536743,3267.0
2026-06-09 12:03:00,ITR.V,,3.259999990463257,3.259999990463257,3.25,3.25,1300.0
2026-06-09 12:03:00,KTN.V,,1.3899999856948853,1.3899999856948853,1.3899999856948853,1.3899999856948853,100.0
2026-06-09 12:03:00,LMN.V,,22.34000015258789,22.34000015258789,22.290000915527344,22.31999969482422,1600.0
2026-06-09 12:03:00,LRA.V,,3.859999895095825,3.859999895095825,3.859999895095825,3.859999895095825,0.0
2026-06-09 12:03:00,MGM.V,,2.759999990463257,2.759999990463257,2.75,2.75,200.0
2026-06-09 12:03:00,MLP.V,,1.8200000524520874,1.8200000524520874,1.8200000524520874,1.8200000524520874,100.0
2026-06-09 12:03:00,PNG.V,,7.0,7.010000228881836,7.0,7.010000228881836,1803.0
2026-06-09 12:04:00,GLAD.V,,2.2100000381469727,2.2200000286102295,2.2100000381469727,2.2200000286102295,7500.0
2026-06-09 12:04:00,KNG.V,,1.0099999904632568,1.0099999904632568,1.0099999904632568,1.0099999904632568,100.0
2026-06-09 12:04:00,LMN.V,,22.270000457763672,22.280000686645508,22.270000457763672,22.280000686645508,700.0
2026-06-09 12:04:00,MKO.V,,9.869999885559082,9.869999885559082,9.869999885559082,9.869999885559082,100.0
2026-06-09 12:04:00,PNG.V,,7.0,7.0,7.0,7.0,200.0
2026-06-09 12:05:00,EPF.V,,0.5699999928474426,0.5699999928474426,0.5699999928474426,0.5699999928474426,4500.0
2026-06-09 12:05:00,FMS.V,,0.41999998688697815,0.4300000071525574,0.41999998688697815,0.4300000071525574,5400.0
2026-06-09 12:05:00,FRI.V,,0.07000000029802322,0.07000000029802322,0.07000000029802322,0.07000000029802322,21000.0
2026-06-09 12:05:00,GWM.V,,0.5,0.5,0.5,0.5,500.0
2026-06-09 12:05:00,HSTR.V,,1.6549999713897705,1.6549999713897705,1.6549999713897705,1.6549999713897705,200.0
2026-06-09 12:05:00,ITR.V,,3.25,3.25,3.25,3.25,100.0
2026-06-09 12:05:00,LVG.V,,0.29499998688697815,0.29499998688697815,0.29499998688697815,0.29499998688697815,2000.0
2026-06-09 12:05:00,MKO.V,,9.859999656677246,9.859999656677246,9.859999656677246,9.859999656677246,100.0
2026-06-09 12:05:00,NURS.V,,4.199999809265137,4.199999809265137,4.190000057220459,4.190000057220459,1100.0
2026-06-09 12:05:00,PNG.V,,6.989999771118164,7.010000228881836,6.989999771118164,7.0,3225.0
2026-06-09 12:06:00,FRI.V,,0.07000000029802322,0.07000000029802322,0.07000000029802322,0.07000000029802322,60480.0
2026-06-09 12:06:00,GGO.V,,1.0299999713897705,1.0299999713897705,1.0299999713897705,1.0299999713897705,900.0
2026-06-09 12:06:00,HITI.V,,3.2699999809265137,3.2699999809265137,3.2699999809265137,3.2699999809265137,100.0
2026-06-09 12:06:00,HSTR.V,,1.649999976158142,1.649999976158142,1.649999976158142,1.649999976158142,7400.0
2026-06-09 12:06:00,IFOS.V,,2.369999885559082,2.369999885559082,2.369999885559082,2.369999885559082,100.0
2026-06-09 12:06:00,ITR.V,,3.240000009536743,3.25,3.240000009536743,3.25,1100.0
2026-06-09 12:06:00,LIFT.V,,4.96999979019165,4.96999979019165,4.96999979019165,4.96999979019165,100.0
2026-06-09 12:06:00,PNG.V,,7.050000190734863,7.050000190734863,7.0,7.0,4100.0
2026-06-09 12:07:00,GGO.V,,1.0299999713897705,1.0299999713897705,1.0299999713897705,1.0299999713897705,2900.0
2026-06-09 12:07:00,KTN.V,,1.3799999952316284,1.3799999952316284,1.3799999952316284,1.3799999952316284,100.0
2026-06-09 12:07:00,LG.V,,0.33500000834465027,0.33500000834465027,0.33500000834465027,0.33500000834465027,3500.0
2026-06-09 12:07:00,LMN.V,,22.360000610351562,22.360000610351562,22.299999237060547,22.299999237060547,800.0
2026-06-09 12:07:00,LSTR.V,,0.07999999821186066,0.07999999821186066,0.07999999821186066,0.07999999821186066,4000.0
2026-06-09 12:07:00,MKO.V,,9.850000381469727,9.850000381469727,9.850000381469727,9.850000381469727,100.0
2026-06-09 12:07:00,NURS.V,,4.179999828338623,4.179999828338623,4.179999828338623,4.179999828338623,200.0
2026-06-09 12:07:00,PNG.V,,7.019999980926514,7.03000020980835,7.019999980926514,7.019999980926514,943.0
2026-06-09 12:07:00,YGT.V,,0.1899999976158142,0.1899999976158142,0.1899999976158142,0.1899999976158142,500.0
2026-06-09 12:08:00,EPF.V,,0.5799999833106995,0.5799999833106995,0.5799999833106995,0.5799999833106995,10000.0
2026-06-09 12:08:00,GGO.V,,1.0299999713897705,1.0299999713897705,1.0299999713897705,1.0299999713897705,700.0
2026-06-09 12:08:00,HME.V,,2.740000009536743,2.740000009536743,2.740000009536743,2.740000009536743,16500.0
2026-06-09 12:08:00,ITR.V,,3.2300000190734863,3.2300000190734863,3.2300000190734863,3.2300000190734863,700.0
2026-06-09 12:08:00,LCX.V,,1.649999976158142,1.649999976158142,1.649999976158142,1.649999976158142,5800.0
2026-06-09 12:08:00,LG.V,,0.33500000834465027,0.33500000834465027,0.33500000834465027,0.33500000834465027,13000.0
2026-06-09 12:08:00,LIFT.V,,4.96999979019165,4.96999979019165,4.96999979019165,4.96999979019165,900.0
2026-06-09 12:08:00,MKO.V,,9.84000015258789,9.84000015258789,9.84000015258789,9.84000015258789,3009.0
2026-06-09 12:08:00,MLP.V,,1.809999942779541,1.8200000524520874,1.809999942779541,1.8200000524520874,5600.0
2026-06-09 12:08:00,MTA.V,,9.34000015258789,9.359999656677246,9.34000015258789,9.359999656677246,875.0
2026-06-09 12:08:00,NURS.V,,4.179999828338623,4.179999828338623,4.179999828338623,4.179999828338623,400.0
2026-06-09 12:08:00,PNG.V,,7.019999980926514,7.019999980926514,7.019999980926514,7.019999980926514,600.0
2026-06-09 12:08:00,TUF.V,,0.6800000071525574,0.6800000071525574,0.6800000071525574,0.6800000071525574,1000.0
2026-06-09 12:09:00,EPF.V,,0.5699999928474426,0.5699999928474426,0.5699999928474426,0.5699999928474426,5000.0
2026-06-09 12:09:00,FDR.V,,4.019999980926514,4.019999980926514,4.019999980926514,4.019999980926514,500.0
2026-06-09 12:09:00,GSVR.V,,0.4399999976158142,0.4399999976158142,0.4399999976158142,0.4399999976158142,15115.0
2026-06-09 12:09:00,HSTR.V,,1.649999976158142,1.649999976158142,1.649999976158142,1.649999976158142,11400.0
2026-06-09 12:09:00,KALO.V,,0.1899999976158142,0.1899999976158142,0.1899999976158142,0.1899999976158142,500.0
2026-06-09 12:09:00,KTN.V,,1.3799999952316284,1.3799999952316284,1.3799999952316284,1.3799999952316284,17306.0
2026-06-09 12:09:00,MKO.V,,9.84000015258789,9.84000015258789,9.84000015258789,9.84000015258789,2000.0
2026-06-09 12:09:00,MLP.V,,1.809999942779541,1.809999942779541,1.809999942779541,1.809999942779541,100.0
2026-06-09 12:09:00,MTA.V,,9.359999656677246,9.359999656677246,9.359999656677246,9.359999656677246,175.0
2026-06-09 12:09:00,NURS.V,,4.190000057220459,4.190000057220459,4.190000057220459,4.190000057220459,800.0
2026-06-09 12:09:00,PNG.V,,7.019999980926514,7.019999980926514,7.019999980926514,7.019999980926514,562.0
2026-06-09 12:09:00,TUF.V,,0.6800000071525574,0.6800000071525574,0.6800000071525574,0.6800000071525574,2000.0
2026-06-09 12:09:00,YGT.V,,0.1899999976158142,0.1899999976158142,0.1899999976158142,0.1899999976158142,500.0
2026-06-09 12:10:00,FDR.V,,4.0,4.0,4.0,4.0,2725.0
2026-06-09 12:10:00,GMV.V,,0.12999999523162842,0.12999999523162842,0.12999999523162842,0.12999999523162842,5500.0
2026-06-09 12:10:00,GPH.V,,1.059999942779541,1.059999942779541,1.059999942779541,1.059999942779541,6400.0
2026-06-09 12:10:00,GSVR.V,,0.4399999976158142,0.4399999976158142,0.4399999976158142,0.4399999976158142,13905.0
2026-06-09 12:10:00,HSTR.V,,1.649999976158142,1.649999976158142,1.649999976158142,1.649999976158142,3600.0
2026-06-09 12:10:00,ITR.V,,3.2200000286102295,3.2200000286102295,3.2200000286102295,3.2200000286102295,1000.0
2026-06-09 12:10:00,MKO.V,,9.84000015258789,9.84000015258789,9.84000015258789,9.84000015258789,200.0
2026-06-09 12:10:00,NURS.V,,4.179999828338623,4.179999828338623,4.179999828338623,4.179999828338623,400.0
2026-06-09 12:10:00,PNG.V,,7.010000228881836,7.03000020980835,7.010000228881836,7.03000020980835,1205.0
2026-06-09 12:10:00,ZNG.V,,0.8999999761581421,0.8999999761581421,0.8999999761581421,0.8999999761581421,27400.0
2026-06-09 12:11:00,EQTY.V,,0.25,0.25,0.24500000476837158,0.25,300402.0
2026-06-09 12:11:00,FDR.V,,4.010000228881836,4.019999980926514,3.990000009536743,3.990000009536743,13100.0
2026-06-09 12:11:00,FL.V,,0.5049999952316284,0.5049999952316284,0.5049999952316284,0.5049999952316284,12500.0
2026-06-09 12:11:00,GQC.V,,0.8899999856948853,0.8899999856948853,0.8849999904632568,0.8849999904632568,13941.0
2026-06-09 12:11:00,HSTR.V,,1.649999976158142,1.649999976158142,1.649999976158142,1.649999976158142,2477.0
2026-06-09 12:11:00,IFOS.V,,2.380000114440918,2.380000114440918,2.380000114440918,2.380000114440918,100.0
2026-06-09 12:11:00,LAB.V,,0.06499999761581421,0.06499999761581421,0.06499999761581421,0.06499999761581421,50000.0
2026-06-09 12:11:00,MKO.V,,9.84000015258789,9.84000015258789,9.84000015258789,9.84000015258789,6000.0
2026-06-09 12:11:00,NURS.V,,4.190000057220459,4.190000057220459,4.179999828338623,4.179999828338623,400.0
2026-06-09 12:11:00,PNG.V,,7.019999980926514,7.019999980926514,7.019999980926514,7.019999980926514,3700.0
2026-06-09 12:12:00,FDR.V,,4.0,4.010000228881836,4.0,4.010000228881836,900.0
2026-06-09 12:12:00,FL.V,,0.5049999952316284,0.5049999952316284,0.5049999952316284,0.5049999952316284,2000.0
2026-06-09 12:12:00,GAL.V,,0.41999998688697815,0.41999998688697815,0.41999998688697815,0.41999998688697815,500.0
2026-06-09 12:12:00,GGO.V,,1.0299999713897705,1.0299999713897705,1.0299999713897705,1.0299999713897705,47205.0
2026-06-09 12:12:00,HEVI.V,,0.20000000298023224,0.20000000298023224,0.20000000298023224,0.20000000298023224,500.0
2026-06-09 12:12:00,IFOS.V,,2.380000114440918,2.380000114440918,2.380000114440918,2.380000114440918,100.0
2026-06-09 12:12:00,NURS.V,,4.199999809265137,4.199999809265137,4.199999809265137,4.199999809265137,1000.0
2026-06-09 12:12:00,PNG.V,,7.019999980926514,7.039999961853027,7.019999980926514,7.039999961853027,4408.0
2026-06-09 12:13:00,EQTY.V,,0.25,0.25,0.25,0.25,8687.0
2026-06-09 12:13:00,FDR.V,,4.0,4.0,4.0,4.0,210.0
2026-06-09 12:13:00,FFOX.V,,0.5299999713897705,0.5299999713897705,0.5299999713897705,0.5299999713897705,0.0
2026-06-09 12:13:00,GPH.V,,1.059999942779541,1.059999942779541,1.059999942779541,1.059999942779541,100.0
2026-06-09 12:13:00,HME.V,,2.744999885559082,2.75,2.744999885559082,2.75,200.0
2026-06-09 12:13:00,IFOS.V,,2.369999885559082,2.380000114440918,2.369999885559082,2.380000114440918,1900.0
2026-06-09 12:13:00,INFI.V,,0.17499999701976776,0.17499999701976776,0.17499999701976776,0.17499999701976776,16520.0
2026-06-09 12:13:00,ITR.V,,3.2100000381469727,3.2100000381469727,3.2100000381469727,3.2100000381469727,300.0
2026-06-09 12:13:00,KTN.V,,1.3700000047683716,1.3700000047683716,1.3700000047683716,1.3700000047683716,1100.0
2026-06-09 12:13:00,MLP.V,,1.809999942779541,1.809999942779541,1.809999942779541,1.809999942779541,100.0
2026-06-09 12:13:00,NURS.V,,4.159999847412109,4.170000076293945,4.159999847412109,4.170000076293945,1700.0
2026-06-09 12:14:00,FDR.V,,4.0,4.0,4.0,4.0,200.0
2026-06-09 12:14:00,FOR.V,,0.6399999856948853,0.6499999761581421,0.6399999856948853,0.6499999761581421,1000.0
2026-06-09 12:14:00,GAL.V,,0.41999998688697815,0.41999998688697815,0.41999998688697815,0.41999998688697815,2000.0
2026-06-09 12:14:00,GPH.V,,1.059999942779541,1.059999942779541,1.059999942779541,1.059999942779541,200.0
2026-06-09 12:14:00,GSVR.V,,0.4399999976158142,0.4399999976158142,0.4399999976158142,0.4399999976158142,10200.0
2026-06-09 12:14:00,HSTR.V,,1.659999966621399,1.659999966621399,1.659999966621399,1.659999966621399,100.0
2026-06-09 12:14:00,KAPA.V,,0.125,0.125,0.125,0.125,500.0
2026-06-09 12:14:00,LVG.V,,0.2849999964237213,0.2849999964237213,0.2849999964237213,0.2849999964237213,7730.0
2026-06-09 12:14:00,MKO.V,,9.84000015258789,9.84000015258789,9.84000015258789,9.84000015258789,100.0
2026-06-09 12:15:00,FDR.V,,4.0,4.0,4.0,4.0,200.0
2026-06-09 12:15:00,FRI.V,,0.07500000298023224,0.07500000298023224,0.07500000298023224,0.07500000298023224,20500.0
2026-06-09 12:15:00,GPG.V,,0.2800000011920929,0.2800000011920929,0.2800000011920929,0.2800000011920929,0.0
2026-06-09 12:15:00,HME.V,,2.75,2.75,2.75,2.75,100.0
2026-06-09 12:15:00,HSTR.V,,1.6549999713897705,1.6549999713897705,1.6549999713897705,1.6549999713897705,100.0
2026-06-09 12:15:00,IFOS.V,,2.390000104904175,2.390000104904175,2.390000104904175,2.390000104904175,200.0
2026-06-09 12:15:00,KAPA.V,,0.125,0.125,0.125,0.125,500.0
2026-06-09 12:15:00,KTO.V,,0.6499999761581421,0.6499999761581421,0.6499999761581421,0.6499999761581421,25000.0
2026-06-09 12:15:00,MKO.V,,9.84000015258789,9.84000015258789,9.84000015258789,9.84000015258789,600.0
2026-06-09 12:15:00,MLP.V,,1.809999942779541,1.809999942779541,1.809999942779541,1.809999942779541,200.0
2026-06-09 12:15:00,PNG.V,,7.019999980926514,7.019999980926514,7.019999980926514,7.019999980926514,600.0
2026-06-09 12:15:00,TUF.V,,0.6800000071525574,0.6800000071525574,0.6800000071525574,0.6800000071525574,3000.0
2026-06-09 12:15:00,YGT.V,,0.1899999976158142,0.1899999976158142,0.1899999976158142,0.1899999976158142,500.0
2026-06-09 12:16:00,FRI.V,,0.07500000298023224,0.07500000298023224,0.07500000298023224,0.07500000298023224,1000.0
2026-06-09 12:16:00,GQC.V,,0.8899999856948853,0.8899999856948853,0.8799999952316284,0.8799999952316284,12000.0
2026-06-09 12:16:00,GSVR.V,,0.4399999976158142,0.4449999928474426,0.4399999976158142,0.4449999928474426,5500.0
2026-06-09 12:16:00,GWM.V,,0.5,0.5,0.5,0.5,27000.0
2026-06-09 12:16:00,HHH.V,,5.150000095367432,5.199999809265137,5.150000095367432,5.199999809265137,2000.0
2026-06-09 12:16:00,HSTR.V,,1.6549999713897705,1.6549999713897705,1.6549999713897705,1.6549999713897705,100.0
2026-06-09 12:16:00,IFOS.V,,2.369999885559082,2.369999885559082,2.369999885559082,2.369999885559082,1000.0
2026-06-09 12:16:00,ITR.V,,3.200000047683716,3.200000047683716,3.200000047683716,3.200000047683716,5715.0
2026-06-09 12:16:00,KAPA.V,,0.125,0.125,0.125,0.125,500.0
2026-06-09 12:16:00,LITH.V,,0.6499999761581421,0.6499999761581421,0.6499999761581421,0.6499999761581421,6000.0
2026-06-09 12:16:00,MKO.V,,9.84000015258789,9.84000015258789,9.819999694824219,9.84000015258789,6400.0
2026-06-09 12:16:00,MLP.V,,1.809999942779541,1.8200000524520874,1.809999942779541,1.8200000524520874,7390.0
2026-06-09 12:16:00,PNG.V,,7.0,7.010000228881836,7.0,7.010000228881836,22791.0
2026-06-09 12:17:00,FDR.V,,4.010000228881836,4.010000228881836,4.010000228881836,4.010000228881836,600.0
2026-06-09 12:17:00,GSVR.V,,0.4399999976158142,0.4399999976158142,0.4399999976158142,0.4399999976158142,29000.0
2026-06-09 12:17:00,HAN.V,,0.5199999809265137,0.5199999809265137,0.5199999809265137,0.5199999809265137,1000.0
2026-06-09 12:17:00,HME.V,,2.75,2.75,2.75,2.75,400.0
2026-06-09 12:17:00,HSTR.V,,1.6549999713897705,1.6549999713897705,1.6549999713897705,1.6549999713897705,200.0
2026-06-09 12:17:00,KAPA.V,,0.125,0.125,0.125,0.125,500.0
2026-06-09 12:17:00,MKO.V,,9.800000190734863,9.84000015258789,9.800000190734863,9.84000015258789,1240.0
2026-06-09 12:17:00,MN.V,,0.11999999731779099,0.11999999731779099,0.11999999731779099,0.11999999731779099,2000.0
2026-06-09 12:17:00,PNG.V,,7.019999980926514,7.019999980926514,7.019999980926514,7.019999980926514,1500.0
2026-06-09 12:17:00,ZNG.V,,0.8799999952316284,0.8899999856948853,0.8799999952316284,0.8899999856948853,19320.0
2026-06-09 12:18:00,GQC.V,,0.8849999904632568,0.8849999904632568,0.8849999904632568,0.8849999904632568,500.0
2026-06-09 12:18:00,GSVR.V,,0.4350000023841858,0.4350000023841858,0.4350000023841858,0.4350000023841858,20000.0
2026-06-09 12:18:00,HSTR.V,,1.6549999713897705,1.6549999713897705,1.6549999713897705,1.6549999713897705,200.0
2026-06-09 12:18:00,IFOS.V,,2.4000000953674316,2.4000000953674316,2.4000000953674316,2.4000000953674316,2900.0
2026-06-09 12:18:00,KAPA.V,,0.125,0.125,0.125,0.125,500.0
2026-06-09 12:18:00,KTN.V,,1.3700000047683716,1.375,1.3700000047683716,1.375,3900.0
2026-06-09 12:18:00,LIO.V,,0.14499999582767487,0.14499999582767487,0.14499999582767487,0.14499999582767487,10000.0
2026-06-09 12:18:00,LMR.V,,0.07999999821186066,0.07999999821186066,0.07999999821186066,0.07999999821186066,2000.0
2026-06-09 12:18:00,MIM.V,,0.22499999403953552,0.22499999403953552,0.22499999403953552,0.22499999403953552,2000.0
2026-06-09 12:18:00,MLP.V,,1.809999942779541,1.809999942779541,1.809999942779541,1.809999942779541,100.0
2026-06-09 12:19:00,FPC.V,,0.46000000834465027,0.46000000834465027,0.46000000834465027,0.46000000834465027,25000.0
2026-06-09 12:19:00,GQC.V,,0.8799999952316284,0.8799999952316284,0.8799999952316284,0.8799999952316284,4000.0
2026-06-09 12:19:00,GWM.V,,0.5,0.5,0.5,0.5,500.0
2026-06-09 12:19:00,HMR.V,,0.7599999904632568,0.7599999904632568,0.7599999904632568,0.7599999904632568,1000.0
2026-06-09 12:19:00,HSTR.V,,1.649999976158142,1.6549999713897705,1.649999976158142,1.6549999713897705,1000.0
2026-06-09 12:19:00,IFOS.V,,2.4000000953674316,2.4000000953674316,2.4000000953674316,2.4000000953674316,2000.0
2026-06-09 12:19:00,KAPA.V,,0.125,0.125,0.125,0.125,500.0
2026-06-09 12:19:00,LG.V,,0.33000001311302185,0.33000001311302185,0.33000001311302185,0.33000001311302185,18500.0
2026-06-09 12:19:00,LIO.V,,0.14499999582767487,0.14499999582767487,0.14499999582767487,0.14499999582767487,1000.0
2026-06-09 12:19:00,LMN.V,,22.18000030517578,22.299999237060547,22.18000030517578,22.299999237060547,1200.0
2026-06-09 12:19:00,MGM.V,,2.7300000190734863,2.7300000190734863,2.7300000190734863,2.7300000190734863,1000.0
2026-06-09 12:19:00,MLP.V,,1.809999942779541,1.809999942779541,1.809999942779541,1.809999942779541,5300.0
2026-06-09 12:19:00,PNG.V,,7.03000020980835,7.03000020980835,7.019999980926514,7.019999980926514,843.0
2026-06-09 12:20:00,BIG.V,,0.6200000047683716,0.6200000047683716,0.6200000047683716,0.6200000047683716,7681.0
2026-06-09 12:20:00,FRSH.V,,0.8299999833106995,0.8299999833106995,0.8299999833106995,0.8299999833106995,0.0
2026-06-09 12:20:00,GMV.V,,0.12999999523162842,0.12999999523162842,0.12999999523162842,0.12999999523162842,6000.0
2026-06-09 12:20:00,GPAC.V,,0.3799999952316284,0.3799999952316284,0.3799999952316284,0.3799999952316284,2000.0
2026-06-09 12:20:00,GQC.V,,0.8799999952316284,0.8899999856948853,0.8799999952316284,0.8899999856948853,3000.0
2026-06-09 12:20:00,HHH.V,,5.070000171661377,5.070000171661377,5.050000190734863,5.059999942779541,1300.0
2026-06-09 12:20:00,IFOS.V,,2.4000000953674316,2.4000000953674316,2.4000000953674316,2.4000000953674316,1000.0
2026-06-09 12:20:00,INFI.V,,0.17499999701976776,0.17499999701976776,0.17499999701976776,0.17499999701976776,3500.0
2026-06-09 12:20:00,IVS.V,,0.2800000011920929,0.2800000011920929,0.2800000011920929,0.2800000011920929,18000.0
2026-06-09 12:20:00,KAPA.V,,0.125,0.125,0.125,0.125,500.0
2026-06-09 12:20:00,LMN.V,,22.200000762939453,22.200000762939453,22.200000762939453,22.200000762939453,100.0
2026-06-09 12:20:00,MGM.V,,2.7300000190734863,2.7300000190734863,2.7300000190734863,2.7300000190734863,1000.0
2026-06-09 12:20:00,MKO.V,,9.75,9.760000228881836,9.75,9.760000228881836,500.0
2026-06-09 12:20:00,MLP.V,,1.7999999523162842,1.7999999523162842,1.7999999523162842,1.7999999523162842,200.0
2026-06-09 12:20:00,MTA.V,,9.199999809265137,9.199999809265137,9.199999809265137,9.199999809265137,100.0
2026-06-09 12:20:00,PNG.V,,7.03000020980835,7.03000020980835,7.019999980926514,7.019999980926514,5200.0
2026-06-09 12:21:00,GSVR.V,,0.4399999976158142,0.4399999976158142,0.4399999976158142,0.4399999976158142,11000.0
2026-06-09 12:21:00,GWM.V,,0.5,0.5,0.5,0.5,500.0
2026-06-09 12:21:00,HAN.V,,0.5099999904632568,0.5199999809265137,0.5099999904632568,0.5199999809265137,19023.0
2026-06-09 12:21:00,HSTR.V,,1.649999976158142,1.649999976158142,1.649999976158142,1.649999976158142,466.0
2026-06-09 12:21:00,IGO.V,,0.09000000357627869,0.09000000357627869,0.09000000357627869,0.09000000357627869,183000.0
2026-06-09 12:21:00,KAPA.V,,0.125,0.125,0.125,0.125,500.0
2026-06-09 12:21:00,KTN.V,,1.3600000143051147,1.3600000143051147,1.3600000143051147,1.3600000143051147,6800.0
2026-06-09 12:21:00,KTO.V,,0.6499999761581421,0.6499999761581421,0.6499999761581421,0.6499999761581421,1000.0
2026-06-09 12:21:00,LMN.V,,22.18000030517578,22.229999542236328,22.18000030517578,22.229999542236328,3318.0
2026-06-09 12:21:00,LTH.V,,0.8199999928474426,0.8199999928474426,0.8199999928474426,0.8199999928474426,2000.0
2026-06-09 12:21:00,LVG.V,,0.2849999964237213,0.2849999964237213,0.2849999964237213,0.2849999964237213,4000.0
2026-06-09 12:21:00,MKO.V,,9.8100004196167,9.8100004196167,9.789999961853027,9.789999961853027,4600.0
2026-06-09 12:21:00,MLP.V,,1.7999999523162842,1.7999999523162842,1.7999999523162842,1.7999999523162842,148.0
2026-06-09 12:21:00,PNG.V,,7.039999961853027,7.039999961853027,7.039999961853027,7.039999961853027,400.0
2026-06-09 12:22:00,ESK.V,,0.3700000047683716,0.3700000047683716,0.3700000047683716,0.3700000047683716,500.0
2026-06-09 12:22:00,FDR.V,,3.990000009536743,3.990000009536743,3.990000009536743,3.990000009536743,100.0
2026-06-09 12:22:00,FL.V,,0.5049999952316284,0.5049999952316284,0.5049999952316284,0.5049999952316284,1283.0
2026-06-09 12:22:00,FMS.V,,0.4050000011920929,0.4099999964237213,0.4050000011920929,0.4099999964237213,7000.0
2026-06-09 12:22:00,FOR.V,,0.6499999761581421,0.6499999761581421,0.6449999809265137,0.6449999809265137,9000.0
2026-06-09 12:22:00,HAM.V,,5.329999923706055,5.329999923706055,5.329999923706055,5.329999923706055,200.0
2026-06-09 12:22:00,HITI.V,,3.25,3.25,3.25,3.25,200.0
2026-06-09 12:22:00,KAPA.V,,0.125,0.125,0.125,0.125,500.0
2026-06-09 12:22:00,MGM.V,,2.7200000286102295,2.7200000286102295,2.7200000286102295,2.7200000286102295,200.0
2026-06-09 12:22:00,MKO.V,,9.800000190734863,9.800000190734863,9.800000190734863,9.800000190734863,100.0
2026-06-09 12:22:00,MLP.V,,1.8200000524520874,1.8200000524520874,1.8200000524520874,1.8200000524520874,2100.0
2026-06-09 12:22:00,MMG.V,,0.25,0.25,0.25,0.25,28807.0
2026-06-09 12:22:00,MTA.V,,9.229999542236328,9.229999542236328,9.220000267028809,9.229999542236328,309.0
2026-06-09 12:22:00,PNG.V,,7.050000190734863,7.050000190734863,7.050000190734863,7.050000190734863,300.0
2026-06-09 12:23:00,GWM.V,,0.5,0.5,0.5,0.5,1000.0
2026-06-09 12:23:00,HEVI.V,,0.20000000298023224,0.20000000298023224,0.20000000298023224,0.20000000298023224,1350.0
2026-06-09 12:23:00,HME.V,,2.75,2.75,2.75,2.75,200.0
2026-06-09 12:23:00,HSTR.V,,1.659999966621399,1.659999966621399,1.659999966621399,1.659999966621399,200.0
2026-06-09 12:23:00,IGO.V,,0.09000000357627869,0.09000000357627869,0.09000000357627869,0.09000000357627869,33000.0
2026-06-09 12:23:00,KAPA.V,,0.125,0.125,0.125,0.125,500.0
2026-06-09 12:23:00,KTN.V,,1.3600000143051147,1.3600000143051147,1.3600000143051147,1.3600000143051147,2000.0
2026-06-09 12:23:00,MKO.V,,9.789999961853027,9.789999961853027,9.789999961853027,9.789999961853027,160.0
2026-06-09 12:23:00,MLP.V,,1.809999942779541,1.809999942779541,1.809999942779541,1.809999942779541,3505.0
2026-06-09 12:23:00,YGT.V,,0.1899999976158142,0.1899999976158142,0.1899999976158142,0.1899999976158142,500.0
2026-06-09 12:24:00,GAL.V,,0.41999998688697815,0.41999998688697815,0.41999998688697815,0.41999998688697815,6000.0
2026-06-09 12:24:00,GMV.V,,0.12999999523162842,0.12999999523162842,0.12999999523162842,0.12999999523162842,6319.0
2026-06-09 12:24:00,HI.V,,0.16500000655651093,0.16750000417232513,0.16500000655651093,0.16750000417232513,9500.0
2026-06-09 12:24:00,KAPA.V,,0.125,0.125,0.125,0.125,500.0
2026-06-09 12:24:00,KRI.V,,0.19499999284744263,0.19499999284744263,0.19499999284744263,0.19499999284744263,18500.0
2026-06-09 12:24:00,KTN.V,,1.350000023841858,1.3600000143051147,1.350000023841858,1.3550000190734863,28330.0
2026-06-09 12:24:00,LG.V,,0.33000001311302185,0.33000001311302185,0.33000001311302185,0.33000001311302185,37015.0
2026-06-09 12:24:00,LMN.V,,22.260000228881836,22.270000457763672,22.260000228881836,22.270000457763672,500.0
2026-06-09 12:24:00,MGM.V,,2.7200000286102295,2.7200000286102295,2.7200000286102295,2.7200000286102295,500.0
2026-06-09 12:24:00,PNG.V,,7.059999942779541,7.090000152587891,7.059999942779541,7.070000171661377,4300.0
2026-06-09 12:25:00,FUU.V,,0.14000000059604645,0.14000000059604645,0.14000000059604645,0.14000000059604645,40000.0
2026-06-09 12:25:00,GMV.V,,0.12999999523162842,0.12999999523162842,0.12999999523162842,0.12999999523162842,815.0
2026-06-09 12:25:00,GSP.V,,0.14499999582767487,0.14499999582767487,0.14499999582767487,0.14499999582767487,3000.0
2026-06-09 12:25:00,HHH.V,,5.170000076293945,5.170000076293945,5.150000095367432,5.150000095367432,300.0
2026-06-09 12:25:00,HI.V,,0.16500000655651093,0.16500000655651093,0.16500000655651093,0.16500000655651093,5000.0
2026-06-09 12:25:00,HITI.V,,3.25,3.25,3.25,3.25,200.0
2026-06-09 12:25:00,HSTR.V,,1.659999966621399,1.659999966621399,1.659999966621399,1.659999966621399,2900.0
2026-06-09 12:25:00,ITR.V,,3.200000047683716,3.200000047683716,3.200000047683716,3.200000047683716,11900.0
2026-06-09 12:25:00,KAPA.V,,0.125,0.125,0.125,0.125,500.0
2026-06-09 12:25:00,KRI.V,,0.19499999284744263,0.19499999284744263,0.19499999284744263,0.19499999284744263,1500.0
2026-06-09 12:25:00,LG.V,,0.33500000834465027,0.33500000834465027,0.33500000834465027,0.33500000834465027,37000.0
2026-06-09 12:25:00,MMG.V,,0.25,0.25,0.25,0.25,6300.0
2026-06-09 12:25:00,PNG.V,,7.059999942779541,7.059999942779541,7.059999942779541,7.059999942779541,5700.0
2026-06-09 12:25:00,TUF.V,,0.699999988079071,0.699999988079071,0.6850000023841858,0.6850000023841858,12200.0
2026-06-09 12:25:00,ZNG.V,,0.8899999856948853,0.8899999856948853,0.8899999856948853,0.8899999856948853,2000.0
2026-06-09 12:26:00,FDR.V,,4.03000020980835,4.03000020980835,4.019999980926514,4.019999980926514,300.0
2026-06-09 12:26:00,HHH.V,,5.300000190734863,5.300000190734863,5.300000190734863,5.300000190734863,1800.0
2026-06-09 12:26:00,HSTR.V,,1.659999966621399,1.659999966621399,1.659999966621399,1.659999966621399,200.0
2026-06-09 12:26:00,IFOS.V,,2.369999885559082,2.380000114440918,2.369999885559082,2.380000114440918,2800.0
2026-06-09 12:26:00,KAPA.V,,0.125,0.125,0.125,0.125,500.0
2026-06-09 12:26:00,KTN.V,,1.3600000143051147,1.3600000143051147,1.3600000143051147,1.3600000143051147,1200.0
2026-06-09 12:26:00,KTO.V,,0.6399999856948853,0.6399999856948853,0.6399999856948853,0.6399999856948853,13500.0
2026-06-09 12:26:00,LIO.V,,0.14499999582767487,0.14499999582767487,0.14499999582767487,0.14499999582767487,1000.0
2026-06-09 12:26:00,MGM.V,,2.7200000286102295,2.7200000286102295,2.7200000286102295,2.7200000286102295,500.0
2026-06-09 12:26:00,MLP.V,,1.8200000524520874,1.8200000524520874,1.8200000524520874,1.8200000524520874,100.0
2026-06-09 12:26:00,NURS.V,,4.159999847412109,4.159999847412109,4.159999847412109,4.159999847412109,700.0
2026-06-09 12:26:00,PNG.V,,7.099999904632568,7.099999904632568,7.079999923706055,7.079999923706055,2087.0
2026-06-09 12:27:00,FUU.V,,0.14499999582767487,0.14499999582767487,0.14000000059604645,0.14000000059604645,67500.0
2026-06-09 12:27:00,GLAD.V,,2.190000057220459,2.190000057220459,2.180000066757202,2.190000057220459,400.0
2026-06-09 12:27:00,GMV.V,,0.13500000536441803,0.13500000536441803,0.13500000536441803,0.13500000536441803,27000.0
2026-06-09 12:27:00,GWM.V,,0.5,0.5,0.5,0.5,1500.0
2026-06-09 12:27:00,HAN.V,,0.5,0.5,0.5,0.5,6000.0
2026-06-09 12:27:00,HME.V,,2.7300000190734863,2.740000009536743,2.7300000190734863,2.740000009536743,16610.0
2026-06-09 12:27:00,KAPA.V,,0.125,0.125,0.125,0.125,500.0
2026-06-09 12:27:00,KTN.V,,1.3550000190734863,1.3550000190734863,1.3550000190734863,1.3550000190734863,600.0
2026-06-09 12:27:00,MKO.V,,9.829999923706055,9.829999923706055,9.829999923706055,9.829999923706055,250.0
2026-06-09 12:27:00,MLP.V,,1.809999942779541,1.809999942779541,1.809999942779541,1.809999942779541,100.0
2026-06-09 12:27:00,PNG.V,,7.090000152587891,7.099999904632568,7.079999923706055,7.079999923706055,6400.0
2026-06-09 12:28:00,GQC.V,,0.8799999952316284,0.8799999952316284,0.8799999952316284,0.8799999952316284,1000.0
2026-06-09 12:28:00,GWM.V,,0.5,0.5,0.5,0.5,1500.0
2026-06-09 12:28:00,HME.V,,2.7300000190734863,2.7300000190734863,2.7300000190734863,2.7300000190734863,3250.0
2026-06-09 12:28:00,KAPA.V,,0.125,0.125,0.125,0.125,500.0
2026-06-09 12:28:00,KTN.V,,1.3600000143051147,1.3600000143051147,1.3600000143051147,1.3600000143051147,300.0
2026-06-09 12:28:00,LG.V,,0.33500000834465027,0.33500000834465027,0.33500000834465027,0.33500000834465027,11500.0
2026-06-09 12:28:00,LTH.V,,0.8100000023841858,0.8199999928474426,0.800000011920929,0.8199999928474426,51600.0
2026-06-09 12:28:00,LVX.V,,0.6700000166893005,0.6700000166893005,0.6700000166893005,0.6700000166893005,2042.0
2026-06-09 12:28:00,PNG.V,,7.050000190734863,7.110000133514404,7.050000190734863,7.099999904632568,15159.0
2026-06-09 12:28:00,YGT.V,,0.1899999976158142,0.1899999976158142,0.1899999976158142,0.1899999976158142,500.0
2026-06-09 12:29:00,FPX.V,,0.44999998807907104,0.44999998807907104,0.44999998807907104,0.44999998807907104,17000.0
2026-06-09 12:29:00,GQC.V,,0.8999999761581421,0.8999999761581421,0.8899999856948853,0.8899999856948853,5000.0
2026-06-09 12:29:00,HAM.V,,5.329999923706055,5.329999923706055,5.329999923706055,5.329999923706055,100.0
2026-06-09 12:29:00,IFOS.V,,2.359999895095825,2.369999885559082,2.359999895095825,2.369999885559082,15350.0
2026-06-09 12:29:00,KAPA.V,,0.125,0.125,0.125,0.125,500.0
2026-06-09 12:29:00,LMN.V,,22.260000228881836,22.260000228881836,22.25,22.25,300.0
2026-06-09 12:29:00,LSTR.V,,0.08500000089406967,0.08500000089406967,0.07999999821186066,0.07999999821186066,20000.0
2026-06-09 12:29:00,LTH.V,,0.8149999976158142,0.8199999928474426,0.800000011920929,0.800000011920929,44500.0
2026-06-09 12:29:00,PNG.V,,7.090000152587891,7.090000152587891,7.059999942779541,7.070000171661377,2700.0
2026-06-09 12:29:00,TUF.V,,0.6899999976158142,0.699999988079071,0.6899999976158142,0.699999988079071,1500.0
2026-06-09 12:30:00,FDR.V,,4.050000190734863,4.050000190734863,4.050000190734863,4.050000190734863,600.0
2026-06-09 12:30:00,FOR.V,,0.6399999856948853,0.6399999856948853,0.6399999856948853,0.6399999856948853,500.0
2026-06-09 12:30:00,FPX.V,,0.44999998807907104,0.44999998807907104,0.4449999928474426,0.4449999928474426,6000.0
2026-06-09 12:30:00,GLAD.V,,2.180000066757202,2.190000057220459,2.180000066757202,2.190000057220459,6400.0
2026-06-09 12:30:00,GMA.V,,0.26499998569488525,0.26499998569488525,0.26499998569488525,0.26499998569488525,10000.0
2026-06-09 12:30:00,GMV.V,,0.12999999523162842,0.12999999523162842,0.12999999523162842,0.12999999523162842,5500.0
2026-06-09 12:30:00,GRZ.V,,6.880000114440918,6.880000114440918,6.880000114440918,6.880000114440918,100.0
2026-06-09 12:30:00,HI.V,,0.16500000655651093,0.16500000655651093,0.16500000655651093,0.16500000655651093,2000.0
2026-06-09 12:30:00,HME.V,,2.759999990463257,2.759999990463257,2.740000009536743,2.740000009536743,20600.0
2026-06-09 12:30:00,HSTR.V,,1.6649999618530273,1.6649999618530273,1.6649999618530273,1.6649999618530273,680.0
2026-06-09 12:30:00,KAPA.V,,0.125,0.125,0.125,0.125,500.0
2026-06-09 12:30:00,KTN.V,,1.340000033378601,1.3600000143051147,1.340000033378601,1.3600000143051147,44100.0
2026-06-09 12:30:00,LG.V,,0.33500000834465027,0.33500000834465027,0.33500000834465027,0.33500000834465027,5000.0
2026-06-09 12:30:00,LMN.V,,22.229999542236328,22.260000228881836,22.229999542236328,22.260000228881836,915.0
2026-06-09 12:30:00,PNG.V,,7.079999923706055,7.079999923706055,7.070000171661377,7.079999923706055,16100.0
2026-06-09 12:31:00,GRZ.V,,6.869999885559082,6.869999885559082,6.869999885559082,6.869999885559082,400.0
2026-06-09 12:31:00,GWM.V,,0.5,0.5,0.5,0.5,500.0
2026-06-09 12:31:00,HI.V,,0.16500000655651093,0.16500000655651093,0.16500000655651093,0.16500000655651093,50000.0
2026-06-09 12:31:00,HME.V,,2.759999990463257,2.759999990463257,2.75,2.759999990463257,2400.0
2026-06-09 12:31:00,IFOS.V,,2.369999885559082,2.369999885559082,2.369999885559082,2.369999885559082,100.0
2026-06-09 12:31:00,ITR.V,,3.200000047683716,3.200000047683716,3.200000047683716,3.200000047683716,100.0
2026-06-09 12:31:00,KAPA.V,,0.125,0.125,0.125,0.125,500.0
2026-06-09 12:31:00,LG.V,,0.3400000035762787,0.3400000035762787,0.33500000834465027,0.33500000834465027,29000.0
2026-06-09 12:31:00,LIO.V,,0.14499999582767487,0.14499999582767487,0.14499999582767487,0.14499999582767487,1500.0
2026-06-09 12:31:00,MLP.V,,1.7999999523162842,1.809999942779541,1.7999999523162842,1.809999942779541,7600.0
2026-06-09 12:31:00,MTA.V,,9.3100004196167,9.3100004196167,9.3100004196167,9.3100004196167,2237.0
2026-06-09 12:31:00,NURS.V,,4.170000076293945,4.170000076293945,4.159999847412109,4.159999847412109,1000.0
2026-06-09 12:31:00,PNG.V,,7.099999904632568,7.099999904632568,7.099999904632568,7.099999904632568,4296.0
2026-06-09 12:31:00,YGT.V,,0.1899999976158142,0.1899999976158142,0.1899999976158142,0.1899999976158142,500.0
2026-06-09 12:32:00,FDR.V,,4.059999942779541,4.059999942779541,4.059999942779541,4.059999942779541,100.0
2026-06-09 12:32:00,GSVR.V,,0.4449999928474426,0.4449999928474426,0.4399999976158142,0.4399999976158142,110500.0
2026-06-09 12:32:00,GTC.V,,0.1550000011920929,0.1550000011920929,0.1550000011920929,0.1550000011920929,1000.0
2026-06-09 12:32:00,HME.V,,2.75,2.75,2.75,2.75,600.0
2026-06-09 12:32:00,HSTR.V,,1.6699999570846558,1.6699999570846558,1.6699999570846558,1.6699999570846558,100.0
2026-06-09 12:32:00,ITR.V,,3.2100000381469727,3.2100000381469727,3.2100000381469727,3.2100000381469727,3505.0
2026-06-09 12:32:00,KAPA.V,,0.125,0.125,0.125,0.125,500.0
2026-06-09 12:32:00,KRI.V,,0.20000000298023224,0.20000000298023224,0.20000000298023224,0.20000000298023224,500.0
2026-06-09 12:32:00,KTN.V,,1.3600000143051147,1.3600000143051147,1.3350000381469727,1.350000023841858,55700.0
2026-06-09 12:32:00,LAB.V,,0.06499999761581421,0.06499999761581421,0.06499999761581421,0.06499999761581421,35000.0
2026-06-09 12:32:00,LG.V,,0.3400000035762787,0.3400000035762787,0.3400000035762787,0.3400000035762787,1000.0
2026-06-09 12:32:00,MGM.V,,2.740000009536743,2.740000009536743,2.7200000286102295,2.7200000286102295,400.0
2026-06-09 12:32:00,MLP.V,,1.809999942779541,1.809999942779541,1.7999999523162842,1.7999999523162842,1000.0
2026-06-09 12:32:00,NURS.V,,4.179999828338623,4.179999828338623,4.179999828338623,4.179999828338623,400.0
2026-06-09 12:32:00,PNG.V,,7.099999904632568,7.110000133514404,7.099999904632568,7.099999904632568,5966.0
2026-06-09 12:33:00,HI.V,,0.16500000655651093,0.16500000655651093,0.16500000655651093,0.16500000655651093,2000.0
2026-06-09 12:33:00,HME.V,,2.759999990463257,2.759999990463257,2.75,2.75,700.0
2026-06-09 12:33:00,HSTR.V,,1.6649999618530273,1.6649999618530273,1.6649999618530273,1.6649999618530273,308.0
2026-06-09 12:33:00,IFOS.V,,2.369999885559082,2.369999885559082,2.369999885559082,2.369999885559082,100.0
2026-06-09 12:33:00,IZN.V,,0.07000000029802322,0.07000000029802322,0.07000000029802322,0.07000000029802322,4000.0
2026-06-09 12:33:00,KAPA.V,,0.125,0.125,0.125,0.125,500.0
2026-06-09 12:33:00,NURS.V,,4.190000057220459,4.190000057220459,4.179999828338623,4.179999828338623,400.0
2026-06-09 12:33:00,PNG.V,,7.099999904632568,7.099999904632568,7.090000152587891,7.090000152587891,12010.0
2026-06-09 12:33:00,TUF.V,,0.699999988079071,0.699999988079071,0.699999988079071,0.699999988079071,4000.0
2026-06-09 12:34:00,GWM.V,,0.5,0.5,0.5,0.5,948.0
2026-06-09 12:34:00,HME.V,,2.759999990463257,2.759999990463257,2.75,2.75,1100.0
2026-06-09 12:34:00,IZN.V,,0.07500000298023224,0.07500000298023224,0.07500000298023224,0.07500000298023224,42000.0
2026-06-09 12:34:00,KAPA.V,,0.125,0.125,0.125,0.125,500.0
2026-06-09 12:34:00,PNG.V,,7.090000152587891,7.090000152587891,7.090000152587891,7.090000152587891,200.0
2026-06-09 12:35:00,GPM.V,,0.13500000536441803,0.13500000536441803,0.13500000536441803,0.13500000536441803,1500.0
2026-06-09 12:35:00,HME.V,,2.759999990463257,2.759999990463257,2.75,2.75,800.0
2026-06-09 12:35:00,ITR.V,,3.2100000381469727,3.2100000381469727,3.2100000381469727,3.2100000381469727,1600.0
2026-06-09 12:35:00,KAPA.V,,0.125,0.125,0.125,0.125,500.0
2026-06-09 12:35:00,LG.V,,0.3400000035762787,0.3400000035762787,0.3400000035762787,0.3400000035762787,1500.0
2026-06-09 12:35:00,LMR.V,,0.07999999821186066,0.07999999821186066,0.07999999821186066,0.07999999821186066,2000.0
2026-06-09 12:35:00,MKO.V,,9.829999923706055,9.829999923706055,9.819999694824219,9.819999694824219,1500.0
2026-06-09 12:35:00,MLP.V,,1.8200000524520874,1.8200000524520874,1.8200000524520874,1.8200000524520874,200.0
2026-06-09 12:35:00,PNG.V,,7.090000152587891,7.099999904632568,7.090000152587891,7.099999904632568,1100.0
2026-06-09 12:35:00,ZNG.V,,0.8899999856948853,0.8899999856948853,0.8899999856948853,0.8899999856948853,600.0
2026-06-09 12:36:00,FDR.V,,4.059999942779541,4.059999942779541,4.059999942779541,4.059999942779541,200.0
2026-06-09 12:36:00,GGO.V,,1.0299999713897705,1.0299999713897705,1.0299999713897705,1.0299999713897705,100.0
2026-06-09 12:36:00,GSPR.V,,0.10000000149011612,0.10000000149011612,0.10000000149011612,0.10000000149011612,5000.0
2026-06-09 12:36:00,HME.V,,2.759999990463257,2.759999990463257,2.759999990463257,2.759999990463257,500.0
2026-06-09 12:36:00,IFOS.V,,2.369999885559082,2.369999885559082,2.369999885559082,2.369999885559082,100.0
2026-06-09 12:36:00,KAPA.V,,0.125,0.125,0.125,0.125,500.0
2026-06-09 12:36:00,KTN.V,,1.340000033378601,1.350000023841858,1.340000033378601,1.350000023841858,3000.0
2026-06-09 12:36:00,LG.V,,0.3400000035762787,0.3400000035762787,0.3400000035762787,0.3400000035762787,4500.0
2026-06-09 12:36:00,LMR.V,,0.07999999821186066,0.07999999821186066,0.07999999821186066,0.07999999821186066,1000.0
2026-06-09 12:36:00,MDX.V,,0.05000000074505806,0.05000000074505806,0.05000000074505806,0.05000000074505806,170000.0
2026-06-09 12:37:00,FPC.V,,0.46000000834465027,0.46000000834465027,0.46000000834465027,0.46000000834465027,2000.0
2026-06-09 12:37:00,HSTR.V,,1.6699999570846558,1.6699999570846558,1.6699999570846558,1.6699999570846558,488.0
2026-06-09 12:37:00,KAPA.V,,0.125,0.125,0.125,0.125,500.0
2026-06-09 12:37:00,KTN.V,,1.340000033378601,1.340000033378601,1.340000033378601,1.340000033378601,5400.0
2026-06-09 12:37:00,KTO.V,,0.6499999761581421,0.6499999761581421,0.6499999761581421,0.6499999761581421,26000.0
2026-06-09 12:37:00,LMN.V,,22.190000534057617,22.190000534057617,22.190000534057617,22.190000534057617,100.0
2026-06-09 12:37:00,LMR.V,,0.07999999821186066,0.07999999821186066,0.07999999821186066,0.07999999821186066,1000.0
2026-06-09 12:37:00,PNG.V,,7.079999923706055,7.110000133514404,7.079999923706055,7.099999904632568,3304.0
2026-06-09 12:38:00,FDR.V,,4.0,4.090000152587891,4.0,4.059999942779541,2400.0
2026-06-09 12:38:00,GAL.V,,0.41999998688697815,0.41999998688697815,0.41999998688697815,0.41999998688697815,1000.0
2026-06-09 12:38:00,GPAC.V,,0.3799999952316284,0.38999998569488525,0.3799999952316284,0.38999998569488525,1000.0
2026-06-09 12:38:00,GSVR.V,,0.4399999976158142,0.4449999928474426,0.4399999976158142,0.4449999928474426,60000.0
2026-06-09 12:38:00,HME.V,,2.759999990463257,2.759999990463257,2.75,2.75,1900.0
2026-06-09 12:38:00,HSTR.V,,1.649999976158142,1.659999966621399,1.649999976158142,1.659999966621399,4300.0
2026-06-09 12:38:00,ITR.V,,3.190000057220459,3.190000057220459,3.190000057220459,3.190000057220459,100.0
2026-06-09 12:38:00,JUGR.V,,0.9700000286102295,0.9700000286102295,0.9700000286102295,0.9700000286102295,100.0
2026-06-09 12:38:00,KAPA.V,,0.125,0.125,0.125,0.125,500.0
2026-06-09 12:38:00,KTN.V,,1.340000033378601,1.340000033378601,1.340000033378601,1.340000033378601,1700.0
2026-06-09 12:38:00,LGN.V,,0.9100000262260437,0.9100000262260437,0.9100000262260437,0.9100000262260437,7000.0
2026-06-09 12:38:00,LIFT.V,,4.900000095367432,4.900000095367432,4.900000095367432,4.900000095367432,3000.0
2026-06-09 12:38:00,LMN.V,,22.170000076293945,22.280000686645508,22.170000076293945,22.18000030517578,4200.0
2026-06-09 12:38:00,LMR.V,,0.07999999821186066,0.07999999821186066,0.07999999821186066,0.07999999821186066,2000.0
2026-06-09 12:38:00,MKO.V,,9.739999771118164,9.800000190734863,9.739999771118164,9.800000190734863,1100.0
2026-06-09 12:38:00,MTA.V,,9.3100004196167,9.3100004196167,9.3100004196167,9.3100004196167,100.0
2026-06-09 12:38:00,PNG.V,,7.039999961853027,7.070000171661377,7.039999961853027,7.070000171661377,20824.0
2026-06-09 12:38:00,TUF.V,,0.6899999976158142,0.6899999976158142,0.6899999976158142,0.6899999976158142,6000.0
2026-06-09 12:39:00,GGO.V,,1.0299999713897705,1.0299999713897705,1.0299999713897705,1.0299999713897705,2300.0
2026-06-09 12:39:00,GWM.V,,0.5,0.5,0.5,0.5,1000.0
2026-06-09 12:39:00,HME.V,,2.75,2.75,2.75,2.75,800.0
2026-06-09 12:39:00,HSTR.V,,1.649999976158142,1.649999976158142,1.6399999856948853,1.6399999856948853,1545.0
2026-06-09 12:39:00,ITR.V,,3.174999952316284,3.180000066757202,3.174999952316284,3.180000066757202,239.0
2026-06-09 12:39:00,JZR.V,,0.23999999463558197,0.23999999463558197,0.23999999463558197,0.23999999463558197,2500.0
2026-06-09 12:39:00,KAPA.V,,0.125,0.125,0.125,0.125,500.0
2026-06-09 12:39:00,LG.V,,0.33500000834465027,0.33500000834465027,0.33500000834465027,0.33500000834465027,21000.0
2026-06-09 12:39:00,LMN.V,,22.170000076293945,22.170000076293945,22.170000076293945,22.170000076293945,250.0
2026-06-09 12:39:00,LMR.V,,0.07999999821186066,0.07999999821186066,0.07999999821186066,0.07999999821186066,1000.0
2026-06-09 12:39:00,MGM.V,,2.690000057220459,2.700000047683716,2.690000057220459,2.700000047683716,1000.0
2026-06-09 12:39:00,MIM.V,,0.2199999988079071,0.2199999988079071,0.2199999988079071,0.2199999988079071,2500.0
2026-06-09 12:39:00,MLP.V,,1.7999999523162842,1.809999942779541,1.7999999523162842,1.809999942779541,6600.0
2026-06-09 12:39:00,MTA.V,,9.239999771118164,9.239999771118164,9.239999771118164,9.239999771118164,200.0
2026-06-09 12:39:00,PNG.V,,7.03000020980835,7.03000020980835,7.03000020980835,7.03000020980835,493.0
2026-06-09 12:40:00,FMS.V,,0.4050000011920929,0.4050000011920929,0.4050000011920929,0.4050000011920929,3000.0
2026-06-09 12:40:00,GAL.V,,0.41999998688697815,0.41999998688697815,0.41999998688697815,0.41999998688697815,500.0
2026-06-09 12:40:00,GMV.V,,0.12999999523162842,0.12999999523162842,0.12999999523162842,0.12999999523162842,6000.0
2026-06-09 12:40:00,GQC.V,,0.8999999761581421,0.8999999761581421,0.8999999761581421,0.8999999761581421,505.0
2026-06-09 12:40:00,GRZ.V,,6.860000133514404,6.860000133514404,6.860000133514404,6.860000133514404,100.0
2026-06-09 12:40:00,GWM.V,,0.5,0.5,0.5,0.5,2381.0
2026-06-09 12:40:00,HME.V,,2.759999990463257,2.759999990463257,2.759999990463257,2.759999990463257,800.0
2026-06-09 12:40:00,ITR.V,,3.1700000762939453,3.1700000762939453,3.1700000762939453,3.1700000762939453,264.0
2026-06-09 12:40:00,KAPA.V,,0.125,0.125,0.125,0.125,500.0
2026-06-09 12:40:00,LG.V,,0.33500000834465027,0.33500000834465027,0.33500000834465027,0.33500000834465027,32000.0
2026-06-09 12:40:00,LME.V,,0.20000000298023224,0.20000000298023224,0.20000000298023224,0.20000000298023224,125500.0
2026-06-09 12:40:00,LMN.V,,22.270000457763672,22.270000457763672,22.170000076293945,22.170000076293945,919.0
2026-06-09 12:40:00,LMR.V,,0.07999999821186066,0.07999999821186066,0.07999999821186066,0.07999999821186066,1000.0
2026-06-09 12:40:00,MTA.V,,9.15999984741211,9.199999809265137,9.15999984741211,9.199999809265137,200.0
2026-06-09 12:40:00,PNG.V,,7.03000020980835,7.050000190734863,7.010000228881836,7.050000190734863,12850.0
2026-06-09 12:40:00,TUF.V,,0.6899999976158142,0.6899999976158142,0.6899999976158142,0.6899999976158142,1000.0
2026-06-09 12:41:00,GPH.V,,1.059999942779541,1.059999942779541,1.059999942779541,1.059999942779541,18700.0
2026-06-09 12:41:00,GRDM.V,,0.11500000208616257,0.11500000208616257,0.11500000208616257,0.11500000208616257,144000.0
2026-06-09 12:41:00,GSI.V,,1.1100000143051147,1.1100000143051147,1.1100000143051147,1.1100000143051147,4900.0
2026-06-09 12:41:00,IGO.V,,0.09000000357627869,0.09000000357627869,0.09000000357627869,0.09000000357627869,25000.0
2026-06-09 12:41:00,ITR.V,,3.1700000762939453,3.1700000762939453,3.1700000762939453,3.1700000762939453,100.0
2026-06-09 12:41:00,KAPA.V,,0.125,0.125,0.125,0.125,500.0
2026-06-09 12:41:00,KTN.V,,1.3300000429153442,1.3300000429153442,1.3300000429153442,1.3300000429153442,1500.0
2026-06-09 12:41:00,LGN.V,,0.9100000262260437,0.9100000262260437,0.9100000262260437,0.9100000262260437,3000.0
2026-06-09 12:41:00,LIFT.V,,4.860000133514404,4.860000133514404,4.860000133514404,4.860000133514404,100.0
2026-06-09 12:41:00,LMN.V,,22.290000915527344,22.290000915527344,22.280000686645508,22.290000915527344,400.0
2026-06-09 12:41:00,LMR.V,,0.07999999821186066,0.07999999821186066,0.07999999821186066,0.07999999821186066,1000.0
2026-06-09 12:41:00,MGM.V,,2.690000057220459,2.690000057220459,2.690000057220459,2.690000057220459,200.0
2026-06-09 12:41:00,MKO.V,,9.6899995803833,9.720000267028809,9.6899995803833,9.720000267028809,2700.0
2026-06-09 12:41:00,MTA.V,,9.180000305175781,9.180000305175781,9.180000305175781,9.180000305175781,200.0
2026-06-09 12:41:00,NURS.V,,4.179999828338623,4.190000057220459,4.179999828338623,4.179999828338623,1700.0
2026-06-09 12:41:00,PNG.V,,7.019999980926514,7.03000020980835,7.019999980926514,7.03000020980835,400.0
2026-06-09 12:41:00,YGT.V,,0.1899999976158142,0.1899999976158142,0.1899999976158142,0.1899999976158142,500.0
2026-06-09 12:42:00,GPH.V,,1.059999942779541,1.059999942779541,1.059999942779541,1.059999942779541,100.0
2026-06-09 12:42:00,HSTR.V,,1.649999976158142,1.649999976158142,1.649999976158142,1.649999976158142,8700.0
2026-06-09 12:42:00,KAPA.V,,0.125,0.125,0.125,0.125,500.0
2026-06-09 12:42:00,KTN.V,,1.3300000429153442,1.3300000429153442,1.3300000429153442,1.3300000429153442,18544.0
2026-06-09 12:42:00,LIO.V,,0.15000000596046448,0.15000000596046448,0.15000000596046448,0.15000000596046448,41500.0
2026-06-09 12:42:00,LMN.V,,22.170000076293945,22.260000228881836,22.170000076293945,22.260000228881836,600.0
2026-06-09 12:42:00,LMR.V,,0.07999999821186066,0.07999999821186066,0.07999999821186066,0.07999999821186066,1000.0
2026-06-09 12:42:00,MMG.V,,0.24500000476837158,0.24500000476837158,0.24500000476837158,0.24500000476837158,4500.0
2026-06-09 12:42:00,PNG.V,,6.989999771118164,7.019999980926514,6.989999771118164,7.019999980926514,16660.0
2026-06-09 12:43:00,GPH.V,,1.059999942779541,1.059999942779541,1.059999942779541,1.059999942779541,100.0
2026-06-09 12:43:00,GSVR.V,,0.4375,0.4399999976158142,0.4375,0.4399999976158142,19000.0
2026-06-09 12:43:00,HI.V,,0.16500000655651093,0.16500000655651093,0.16500000655651093,0.16500000655651093,132000.0
2026-06-09 12:43:00,HSTR.V,,1.659999966621399,1.659999966621399,1.649999976158142,1.649999976158142,2000.0
2026-06-09 12:43:00,KAPA.V,,0.125,0.125,0.125,0.125,500.0
2026-06-09 12:43:00,KNG.V,,0.9800000190734863,1.0,0.9800000190734863,1.0,2451.0
2026-06-09 12:43:00,LG.V,,0.3400000035762787,0.3400000035762787,0.3400000035762787,0.3400000035762787,500.0
2026-06-09 12:43:00,LGN.V,,0.9100000262260437,0.9100000262260437,0.9100000262260437,0.9100000262260437,500.0
2026-06-09 12:43:00,LIO.V,,0.14499999582767487,0.14499999582767487,0.14499999582767487,0.14499999582767487,158500.0
2026-06-09 12:43:00,LMR.V,,0.07999999821186066,0.07999999821186066,0.07999999821186066,0.07999999821186066,2000.0
2026-06-09 12:43:00,MGM.V,,2.700000047683716,2.700000047683716,2.690000057220459,2.690000057220459,210.0
2026-06-09 12:43:00,MLP.V,,1.7999999523162842,1.7999999523162842,1.7999999523162842,1.7999999523162842,10400.0
2026-06-09 12:43:00,NURS.V,,4.210000038146973,4.210000038146973,4.179999828338623,4.179999828338623,1600.0
2026-06-09 12:43:00,PNG.V,,7.0,7.0,6.96999979019165,6.980000019073486,5970.0
2026-06-09 12:43:00,TUF.V,,0.6899999976158142,0.6899999976158142,0.6899999976158142,0.6899999976158142,3000.0
2026-06-09 12:44:00,FDR.V,,4.039999961853027,4.039999961853027,4.019999980926514,4.019999980926514,400.0
2026-06-09 12:44:00,FPC.V,,0.45500001311302185,0.45500001311302185,0.45500001311302185,0.45500001311302185,4000.0
2026-06-09 12:44:00,GPH.V,,1.059999942779541,1.059999942779541,1.059999942779541,1.059999942779541,100.0
2026-06-09 12:44:00,IFOS.V,,2.359999895095825,2.359999895095825,2.359999895095825,2.359999895095825,11200.0
2026-06-09 12:44:00,ITR.V,,3.180000066757202,3.180000066757202,3.180000066757202,3.180000066757202,400.0
2026-06-09 12:44:00,KAPA.V,,0.125,0.125,0.125,0.125,500.0
2026-06-09 12:44:00,KNG.V,,0.9700000286102295,0.9700000286102295,0.9700000286102295,0.9700000286102295,225.0
2026-06-09 12:44:00,KTN.V,,1.3200000524520874,1.3300000429153442,1.3200000524520874,1.3300000429153442,15700.0
2026-06-09 12:44:00,LG.V,,0.3400000035762787,0.3400000035762787,0.3400000035762787,0.3400000035762787,2500.0
2026-06-09 12:44:00,LIO.V,,0.14000000059604645,0.14000000059604645,0.14000000059604645,0.14000000059604645,65050.0
2026-06-09 12:44:00,LMR.V,,0.07999999821186066,0.07999999821186066,0.07999999821186066,0.07999999821186066,1000.0
2026-06-09 12:44:00,LTH.V,,0.7950000166893005,0.800000011920929,0.7950000166893005,0.800000011920929,6296.0
2026-06-09 12:44:00,MLP.V,,1.7999999523162842,1.7999999523162842,1.7999999523162842,1.7999999523162842,400.0
2026-06-09 12:45:00,FUU.V,,0.14000000059604645,0.14000000059604645,0.14000000059604645,0.14000000059604645,41000.0
2026-06-09 12:45:00,GGO.V,,1.0199999809265137,1.0199999809265137,1.0199999809265137,1.0199999809265137,1018.0
2026-06-09 12:45:00,HHH.V,,5.210000038146973,5.210000038146973,5.210000038146973,5.210000038146973,400.0
2026-06-09 12:45:00,HI.V,,0.16500000655651093,0.16500000655651093,0.16500000655651093,0.16500000655651093,50000.0
2026-06-09 12:45:00,HME.V,,2.7799999713897705,2.7799999713897705,2.7799999713897705,2.7799999713897705,100.0
2026-06-09 12:45:00,HSTR.V,,1.6549999713897705,1.659999966621399,1.6549999713897705,1.659999966621399,500.0
2026-06-09 12:45:00,ITR.V,,3.180000066757202,3.180000066757202,3.180000066757202,3.180000066757202,600.0
2026-06-09 12:45:00,KAPA.V,,0.125,0.125,0.125,0.125,500.0
2026-06-09 12:45:00,LMR.V,,0.07999999821186066,0.07999999821186066,0.07999999821186066,0.07999999821186066,1000.0
2026-06-09 12:45:00,LTH.V,,0.800000011920929,0.800000011920929,0.800000011920929,0.800000011920929,1000.0
2026-06-09 12:45:00,MGM.V,,2.7100000381469727,2.7100000381469727,2.7100000381469727,2.7100000381469727,100.0
2026-06-09 12:45:00,MLP.V,,1.7999999523162842,1.7999999523162842,1.7999999523162842,1.7999999523162842,900.0
2026-06-09 12:45:00,NURS.V,,4.170000076293945,4.179999828338623,4.170000076293945,4.179999828338623,1600.0
2026-06-09 12:45:00,PNG.V,,7.03000020980835,7.03000020980835,7.03000020980835,7.03000020980835,800.0
2026-06-09 12:46:00,EQTY.V,,0.25,0.25,0.25,0.25,500.0
2026-06-09 12:46:00,FPC.V,,0.46000000834465027,0.46000000834465027,0.46000000834465027,0.46000000834465027,10000.0
2026-06-09 12:46:00,GPH.V,,1.059999942779541,1.059999942779541,1.059999942779541,1.059999942779541,100.0
2026-06-09 12:46:00,HAN.V,,0.5099999904632568,0.5099999904632568,0.5099999904632568,0.5099999904632568,500.0
2026-06-09 12:46:00,HME.V,,2.7899999618530273,2.7899999618530273,2.7899999618530273,2.7899999618530273,100.0
2026-06-09 12:46:00,IFOS.V,,2.390000104904175,2.390000104904175,2.359999895095825,2.359999895095825,2100.0
2026-06-09 12:46:00,ILC.V,,0.019999999552965164,0.019999999552965164,0.019999999552965164,0.019999999552965164,0.0
2026-06-09 12:46:00,KAPA.V,,0.125,0.125,0.125,0.125,500.0
2026-06-09 12:46:00,KTN.V,,1.3200000524520874,1.3200000524520874,1.3200000524520874,1.3200000524520874,100.0
2026-06-09 12:46:00,LCX.V,,1.649999976158142,1.659999966621399,1.649999976158142,1.659999966621399,3800.0
2026-06-09 12:46:00,LG.V,,0.3400000035762787,0.3400000035762787,0.3400000035762787,0.3400000035762787,500.0
2026-06-09 12:46:00,LGN.V,,0.9100000262260437,0.9100000262260437,0.9100000262260437,0.9100000262260437,500.0
2026-06-09 12:46:00,LMN.V,,22.18000030517578,22.18000030517578,22.18000030517578,22.18000030517578,100.0
2026-06-09 12:46:00,LMR.V,,0.07999999821186066,0.07999999821186066,0.07999999821186066,0.07999999821186066,1000.0
2026-06-09 12:46:00,LTH.V,,0.8100000023841858,0.8100000023841858,0.8100000023841858,0.8100000023841858,10500.0
2026-06-09 12:46:00,MLP.V,,1.809999942779541,1.809999942779541,1.809999942779541,1.809999942779541,100.0
2026-06-09 12:46:00,PNG.V,,7.019999980926514,7.039999961853027,7.019999980926514,7.019999980926514,1683.0
2026-06-09 12:46:00,TUF.V,,0.6800000071525574,0.6800000071525574,0.6800000071525574,0.6800000071525574,2500.0
2026-06-09 12:47:00,HME.V,,2.7899999618530273,2.7899999618530273,2.7899999618530273,2.7899999618530273,100.0
2026-06-09 12:47:00,ITR.V,,3.1700000762939453,3.1700000762939453,3.1700000762939453,3.1700000762939453,200.0
2026-06-09 12:47:00,IVS.V,,0.2800000011920929,0.2800000011920929,0.2800000011920929,0.2800000011920929,4500.0
2026-06-09 12:47:00,KAPA.V,,0.125,0.125,0.125,0.125,500.0
2026-06-09 12:47:00,LG.V,,0.3400000035762787,0.3400000035762787,0.3400000035762787,0.3400000035762787,500.0
2026-06-09 12:47:00,LMR.V,,0.07999999821186066,0.07999999821186066,0.07999999821186066,0.07999999821186066,1000.0
2026-06-09 12:48:00,FUU.V,,0.14000000059604645,0.14000000059604645,0.14000000059604645,0.14000000059604645,3000.0
2026-06-09 12:48:00,GSI.V,,1.1100000143051147,1.1100000143051147,1.1100000143051147,1.1100000143051147,100.0
2026-06-09 12:48:00,HME.V,,2.7799999713897705,2.7899999618530273,2.7799999713897705,2.7899999618530273,1100.0
2026-06-09 12:48:00,KAPA.V,,0.125,0.125,0.125,0.125,500.0
2026-06-09 12:48:00,KTN.V,,1.3200000524520874,1.3200000524520874,1.3200000524520874,1.3200000524520874,73700.0
2026-06-09 12:48:00,KTO.V,,0.6499999761581421,0.6499999761581421,0.6499999761581421,0.6499999761581421,5000.0
2026-06-09 12:48:00,LG.V,,0.3400000035762787,0.3400000035762787,0.3400000035762787,0.3400000035762787,6500.0
2026-06-09 12:48:00,LMR.V,,0.07999999821186066,0.07999999821186066,0.07999999821186066,0.07999999821186066,2000.0
2026-06-09 12:48:00,MKO.V,,9.699999809265137,9.699999809265137,9.699999809265137,9.699999809265137,665.0
2026-06-09 12:48:00,MLP.V,,1.7999999523162842,1.7999999523162842,1.7999999523162842,1.7999999523162842,2200.0
2026-06-09 12:48:00,NURS.V,,4.150000095367432,4.159999847412109,4.150000095367432,4.159999847412109,1500.0
2026-06-09 12:48:00,PNG.V,,7.039999961853027,7.039999961853027,7.03000020980835,7.039999961853027,479.0
2026-06-09 12:49:00,FAIR.V,,0.04500000178813934,0.04500000178813934,0.04500000178813934,0.04500000178813934,22500.0
2026-06-09 12:49:00,GPG.V,,0.2750000059604645,0.2750000059604645,0.2750000059604645,0.2750000059604645,9387.0
2026-06-09 12:49:00,GSVR.V,,0.4350000023841858,0.4350000023841858,0.4350000023841858,0.4350000023841858,26500.0
2026-06-09 12:49:00,HME.V,,2.7899999618530273,2.7899999618530273,2.7899999618530273,2.7899999618530273,100.0
2026-06-09 12:49:00,ITR.V,,3.180000066757202,3.180000066757202,3.180000066757202,3.180000066757202,100.0
2026-06-09 12:49:00,KAPA.V,,0.125,0.125,0.125,0.125,500.0
2026-06-09 12:49:00,LIO.V,,0.14000000059604645,0.14000000059604645,0.14000000059604645,0.14000000059604645,31000.0
2026-06-09 12:49:00,LMR.V,,0.07999999821186066,0.07999999821186066,0.07999999821186066,0.07999999821186066,1000.0
2026-06-09 12:49:00,NURS.V,,4.119999885559082,4.130000114440918,4.119999885559082,4.130000114440918,2000.0
2026-06-09 12:49:00,PNG.V,,7.039999961853027,7.039999961853027,7.039999961853027,7.039999961853027,100.0
2026-06-09 12:50:00,BIG.V,,0.625,0.625,0.6200000047683716,0.6200000047683716,11000.0
2026-06-09 12:50:00,GMV.V,,0.12999999523162842,0.12999999523162842,0.12999999523162842,0.12999999523162842,5500.0
2026-06-09 12:50:00,HME.V,,2.7899999618530273,2.7899999618530273,2.7899999618530273,2.7899999618530273,100.0
2026-06-09 12:50:00,HSTR.V,,1.649999976158142,1.649999976158142,1.6399999856948853,1.649999976158142,3900.0
2026-06-09 12:50:00,KAPA.V,,0.125,0.125,0.125,0.125,500.0
2026-06-09 12:50:00,LMN.V,,22.309999465942383,22.309999465942383,22.280000686645508,22.280000686645508,200.0
2026-06-09 12:50:00,LMR.V,,0.07999999821186066,0.07999999821186066,0.07999999821186066,0.07999999821186066,1000.0
2026-06-09 12:50:00,PNG.V,,7.050000190734863,7.050000190734863,7.039999961853027,7.039999961853027,1500.0
2026-06-09 12:50:00,YGT.V,,0.1899999976158142,0.1899999976158142,0.1899999976158142,0.1899999976158142,500.0
2026-06-09 12:51:00,GEN.V,,0.07500000298023224,0.07500000298023224,0.07500000298023224,0.07500000298023224,100000.0
2026-06-09 12:51:00,GLAD.V,,2.140000104904175,2.140000104904175,2.140000104904175,2.140000104904175,100.0
2026-06-09 12:51:00,HME.V,,2.7799999713897705,2.7799999713897705,2.7799999713897705,2.7799999713897705,100.0
2026-06-09 12:51:00,KAPA.V,,0.125,0.125,0.125,0.125,500.0
2026-06-09 12:51:00,LMN.V,,22.299999237060547,22.299999237060547,22.299999237060547,22.299999237060547,100.0
2026-06-09 12:51:00,LMR.V,,0.07999999821186066,0.07999999821186066,0.07999999821186066,0.07999999821186066,1000.0
2026-06-09 12:51:00,PNG.V,,7.03000020980835,7.03000020980835,7.03000020980835,7.03000020980835,1869.0
2026-06-09 12:52:00,BIG.V,,0.6200000047683716,0.6200000047683716,0.6200000047683716,0.6200000047683716,23166.0
2026-06-09 12:52:00,GAL.V,,0.41999998688697815,0.41999998688697815,0.41999998688697815,0.41999998688697815,10760.0
2026-06-09 12:52:00,GSVR.V,,0.4350000023841858,0.4350000023841858,0.4350000023841858,0.4350000023841858,2000.0
2026-06-09 12:52:00,HME.V,,2.7899999618530273,2.7899999618530273,2.7799999713897705,2.7799999713897705,1600.0
2026-06-09 12:52:00,ITR.V,,3.1600000858306885,3.1700000762939453,3.1600000858306885,3.1700000762939453,1300.0
2026-06-09 12:52:00,KAPA.V,,0.125,0.125,0.125,0.125,500.0
2026-06-09 12:52:00,KTO.V,,0.6499999761581421,0.6499999761581421,0.6499999761581421,0.6499999761581421,19000.0
2026-06-09 12:52:00,LG.V,,0.3400000035762787,0.3425000011920929,0.3400000035762787,0.3425000011920929,7000.0
2026-06-09 12:52:00,LMR.V,,0.07999999821186066,0.07999999821186066,0.07999999821186066,0.07999999821186066,1000.0
2026-06-09 12:52:00,LTH.V,,0.800000011920929,0.800000011920929,0.800000011920929,0.800000011920929,1000.0
2026-06-09 12:52:00,NURS.V,,4.110000133514404,4.110000133514404,4.110000133514404,4.110000133514404,1000.0
2026-06-09 12:53:00,GLDN.V,,0.054999999701976776,0.054999999701976776,0.054999999701976776,0.054999999701976776,0.0
2026-06-09 12:53:00,GQC.V,,0.8899999856948853,0.8899999856948853,0.8849999904632568,0.8849999904632568,1500.0
2026-06-09 12:53:00,KAPA.V,,0.125,0.125,0.125,0.125,500.0
2026-06-09 12:53:00,LCX.V,,1.6799999475479126,1.6799999475479126,1.6799999475479126,1.6799999475479126,100.0
2026-06-09 12:53:00,LG.V,,0.33500000834465027,0.33500000834465027,0.33000001311302185,0.33500000834465027,69500.0
2026-06-09 12:53:00,LIO.V,,0.14000000059604645,0.14000000059604645,0.14000000059604645,0.14000000059604645,29000.0
2026-06-09 12:53:00,LMR.V,,0.07999999821186066,0.07999999821186066,0.07999999821186066,0.07999999821186066,1000.0
2026-06-09 12:53:00,MLP.V,,1.7999999523162842,1.7999999523162842,1.7999999523162842,1.7999999523162842,200.0
2026-06-09 12:53:00,PNG.V,,7.050000190734863,7.054999828338623,7.050000190734863,7.050000190734863,1850.0
2026-06-09 12:53:00,YGT.V,,0.1899999976158142,0.1899999976158142,0.1899999976158142,0.1899999976158142,500.0
2026-06-09 12:54:00,GQC.V,,0.8899999856948853,0.8899999856948853,0.8899999856948853,0.8899999856948853,2000.0
2026-06-09 12:54:00,GSVR.V,,0.4300000071525574,0.4300000071525574,0.4300000071525574,0.4300000071525574,774.0
2026-06-09 12:54:00,GWM.V,,0.4950000047683716,0.4950000047683716,0.4950000047683716,0.4950000047683716,500.0
2026-06-09 12:54:00,HME.V,,2.7899999618530273,2.7899999618530273,2.7799999713897705,2.7799999713897705,200.0
2026-06-09 12:54:00,KAPA.V,,0.125,0.125,0.125,0.125,500.0
2026-06-09 12:54:00,LIO.V,,0.14000000059604645,0.14000000059604645,0.14000000059604645,0.14000000059604645,21000.0
2026-06-09 12:54:00,LMR.V,,0.07999999821186066,0.07999999821186066,0.07999999821186066,0.07999999821186066,2000.0
2026-06-09 12:54:00,MGM.V,,2.690000057220459,2.690000057220459,2.690000057220459,2.690000057220459,200.0
2026-06-09 12:54:00,MLP.V,,1.7999999523162842,1.7999999523162842,1.7999999523162842,1.7999999523162842,100.0
2026-06-09 12:54:00,PNG.V,,7.010000228881836,7.025000095367432,7.010000228881836,7.019999980926514,2403.0
2026-06-09 12:55:00,FDR.V,,4.03000020980835,4.03000020980835,4.03000020980835,4.03000020980835,200.0
2026-06-09 12:55:00,GQC.V,,0.8899999856948853,0.8899999856948853,0.8899999856948853,0.8899999856948853,4500.0
2026-06-09 12:55:00,GSI.V,,1.1050000190734863,1.1100000143051147,1.1050000190734863,1.1100000143051147,2300.0
2026-06-09 12:55:00,GSVR.V,,0.4300000071525574,0.4399999976158142,0.4300000071525574,0.4350000023841858,22000.0
2026-06-09 12:55:00,HHH.V,,5.28000020980835,5.28000020980835,5.28000020980835,5.28000020980835,100.0
2026-06-09 12:55:00,HITI.V,,3.2300000190734863,3.240000009536743,3.2300000190734863,3.240000009536743,1100.0
2026-06-09 12:55:00,HME.V,,2.7899999618530273,2.7899999618530273,2.7899999618530273,2.7899999618530273,100.0
2026-06-09 12:55:00,HSTR.V,,1.6549999713897705,1.6549999713897705,1.6549999713897705,1.6549999713897705,100.0
2026-06-09 12:55:00,KAPA.V,,0.125,0.125,0.125,0.125,500.0
2026-06-09 12:55:00,KTO.V,,0.6399999856948853,0.6399999856948853,0.6399999856948853,0.6399999856948853,10000.0
2026-06-09 12:55:00,LGN.V,,0.9100000262260437,0.9100000262260437,0.9100000262260437,0.9100000262260437,5000.0
2026-06-09 12:55:00,LMR.V,,0.07999999821186066,0.07999999821186066,0.07999999821186066,0.07999999821186066,1000.0
2026-06-09 12:55:00,MKO.V,,9.649999618530273,9.6899995803833,9.649999618530273,9.6899995803833,1100.0
2026-06-09 12:55:00,NURS.V,,4.110000133514404,4.110000133514404,4.110000133514404,4.110000133514404,100.0
2026-06-09 12:55:00,PNG.V,,7.03000020980835,7.03000020980835,7.019999980926514,7.019999980926514,1300.0
2026-06-09 12:56:00,FDR.V,,4.0,4.0,4.0,4.0,250.0
2026-06-09 12:56:00,GSVR.V,,0.4300000071525574,0.4300000071525574,0.4300000071525574,0.4300000071525574,700.0
2026-06-09 12:56:00,HME.V,,2.7799999713897705,2.7899999618530273,2.7799999713897705,2.7899999618530273,900.0
2026-06-09 12:56:00,ITR.V,,3.1600000858306885,3.1600000858306885,3.1600000858306885,3.1600000858306885,900.0
2026-06-09 12:56:00,KAPA.V,,0.125,0.125,0.125,0.125,500.0
2026-06-09 12:56:00,KTN.V,,1.3200000524520874,1.3200000524520874,1.3200000524520874,1.3200000524520874,200.0
2026-06-09 12:56:00,KTO.V,,0.6399999856948853,0.6399999856948853,0.6399999856948853,0.6399999856948853,10000.0
2026-06-09 12:56:00,LG.V,,0.3400000035762787,0.3400000035762787,0.3400000035762787,0.3400000035762787,1500.0
2026-06-09 12:56:00,LGN.V,,0.9100000262260437,0.9100000262260437,0.9100000262260437,0.9100000262260437,500.0
2026-06-09 12:56:00,LMR.V,,0.07999999821186066,0.07999999821186066,0.07999999821186066,0.07999999821186066,1000.0
2026-06-09 12:56:00,MLP.V,,1.7999999523162842,1.7999999523162842,1.7999999523162842,1.7999999523162842,200.0
2026-06-09 12:56:00,NURS.V,,4.110000133514404,4.110000133514404,4.110000133514404,4.110000133514404,100.0
2026-06-09 12:56:00,PNG.V,,7.03000020980835,7.03000020980835,7.03000020980835,7.03000020980835,490.0
2026-06-09 12:57:00,GEN.V,,0.07500000298023224,0.07500000298023224,0.07500000298023224,0.07500000298023224,1000.0
2026-06-09 12:57:00,HAN.V,,0.5099999904632568,0.5099999904632568,0.5099999904632568,0.5099999904632568,12500.0
2026-06-09 12:57:00,HHH.V,,5.289999961853027,5.289999961853027,5.28000020980835,5.28000020980835,1400.0
2026-06-09 12:57:00,KAPA.V,,0.125,0.125,0.125,0.125,500.0
2026-06-09 12:57:00,LG.V,,0.3400000035762787,0.3400000035762787,0.3400000035762787,0.3400000035762787,5000.0
2026-06-09 12:57:00,LMR.V,,0.07999999821186066,0.07999999821186066,0.07999999821186066,0.07999999821186066,2000.0
2026-06-09 12:57:00,MKO.V,,9.640000343322754,9.640000343322754,9.640000343322754,9.640000343322754,300.0
2026-06-09 12:57:00,NURS.V,,4.119999885559082,4.119999885559082,4.119999885559082,4.119999885559082,150.0
2026-06-09 12:57:00,PNG.V,,7.03000020980835,7.03000020980835,7.03000020980835,7.03000020980835,303.0
2026-06-09 12:57:00,TUF.V,,0.6800000071525574,0.6800000071525574,0.6800000071525574,0.6800000071525574,48848.0
2026-06-09 12:58:00,GQC.V,,0.8899999856948853,0.8899999856948853,0.8899999856948853,0.8899999856948853,500.0
2026-06-09 12:58:00,GSI.V,,1.1100000143051147,1.1100000143051147,1.1100000143051147,1.1100000143051147,600.0
2026-06-09 12:58:00,GSVR.V,,0.4300000071525574,0.4300000071525574,0.4300000071525574,0.4300000071525574,500.0
2026-06-09 12:58:00,HHH.V,,5.130000114440918,5.289999961853027,5.130000114440918,5.289999961853027,4200.0
2026-06-09 12:58:00,HITI.V,,3.2300000190734863,3.2300000190734863,3.2300000190734863,3.2300000190734863,100.0
2026-06-09 12:58:00,JUGR.V,,0.9700000286102295,0.9700000286102295,0.9700000286102295,0.9700000286102295,100.0
2026-06-09 12:58:00,KAPA.V,,0.125,0.125,0.125,0.125,500.0
2026-06-09 12:58:00,KTN.V,,1.315000057220459,1.315000057220459,1.315000057220459,1.315000057220459,100.0
2026-06-09 12:58:00,LBNK.V,,0.550000011920929,0.550000011920929,0.550000011920929,0.550000011920929,25000.0
2026-06-09 12:58:00,LG.V,,0.3449999988079071,0.3449999988079071,0.3400000035762787,0.3400000035762787,1500.0
2026-06-09 12:58:00,LIO.V,,0.14000000059604645,0.14000000059604645,0.14000000059604645,0.14000000059604645,15000.0
2026-06-09 12:58:00,LMR.V,,0.07999999821186066,0.07999999821186066,0.07999999821186066,0.07999999821186066,2000.0
2026-06-09 12:58:00,MGM.V,,2.700000047683716,2.700000047683716,2.700000047683716,2.700000047683716,1400.0
2026-06-09 12:58:00,MLP.V,,1.7999999523162842,1.7999999523162842,1.7999999523162842,1.7999999523162842,100.0
2026-06-09 12:58:00,PNG.V,,7.010000228881836,7.039999961853027,7.010000228881836,7.03000020980835,4507.0
2026-06-09 12:59:00,BIG.V,,0.6200000047683716,0.6200000047683716,0.6200000047683716,0.6200000047683716,17000.0
2026-06-09 12:59:00,FDR.V,,4.010000228881836,4.010000228881836,4.0,4.0,1600.0
2026-06-09 12:59:00,GSVR.V,,0.4399999976158142,0.4399999976158142,0.4399999976158142,0.4399999976158142,132000.0
2026-06-09 12:59:00,GWM.V,,0.5,0.5,0.5,0.5,500.0
2026-06-09 12:59:00,HHH.V,,5.130000114440918,5.150000095367432,5.130000114440918,5.150000095367432,4400.0
2026-06-09 12:59:00,HME.V,,2.7799999713897705,2.7799999713897705,2.7799999713897705,2.7799999713897705,100.0
2026-06-09 12:59:00,ITR.V,,3.1700000762939453,3.1700000762939453,3.1700000762939453,3.1700000762939453,900.0
2026-06-09 12:59:00,KAPA.V,,0.125,0.125,0.125,0.125,500.0
2026-06-09 12:59:00,KTO.V,,0.6399999856948853,0.6399999856948853,0.6399999856948853,0.6399999856948853,30000.0
2026-06-09 12:59:00,LBNK.V,,0.5400000214576721,0.5400000214576721,0.5400000214576721,0.5400000214576721,10335.0
2026-06-09 12:59:00,LG.V,,0.3449999988079071,0.3449999988079071,0.3449999988079071,0.3449999988079071,500.0
2026-06-09 12:59:00,LMN.V,,22.3799991607666,22.3799991607666,22.350000381469727,22.350000381469727,300.0
2026-06-09 12:59:00,LMR.V,,0.07999999821186066,0.07999999821186066,0.07999999821186066,0.07999999821186066,2000.0
2026-06-09 12:59:00,MLP.V,,1.7999999523162842,1.7999999523162842,1.7999999523162842,1.7999999523162842,100.0
2026-06-09 12:59:00,NURS.V,,4.119999885559082,4.119999885559082,4.119999885559082,4.119999885559082,1900.0
2026-06-09 12:59:00,PNG.V,,7.0,7.050000190734863,6.989999771118164,7.025000095367432,29342.0
2026-06-09 12:59:00,YGT.V,,0.1899999976158142,0.1899999976158142,0.1899999976158142,0.1899999976158142,500.0
2026-06-09 13:00:00,GMV.V,,0.13500000536441803,0.13500000536441803,0.12999999523162842,0.12999999523162842,7000.0
2026-06-09 13:00:00,GQC.V,,0.8999999761581421,0.8999999761581421,0.8899999856948853,0.8899999856948853,5500.0
2026-06-09 13:00:00,HITI.V,,3.240000009536743,3.240000009536743,3.240000009536743,3.240000009536743,100.0
2026-06-09 13:00:00,HME.V,,2.7899999618530273,2.7899999618530273,2.7899999618530273,2.7899999618530273,200.0
2026-06-09 13:00:00,KAPA.V,,0.125,0.125,0.125,0.125,500.0
2026-06-09 13:00:00,LCX.V,,1.6699999570846558,1.6699999570846558,1.6699999570846558,1.6699999570846558,1000.0
2026-06-09 13:00:00,LG.V,,0.3400000035762787,0.3425000011920929,0.3400000035762787,0.3425000011920929,9000.0
2026-06-09 13:00:00,LTH.V,,0.8100000023841858,0.8100000023841858,0.8100000023841858,0.8100000023841858,500.0
2026-06-09 13:00:00,NURS.V,,4.110000133514404,4.110000133514404,4.110000133514404,4.110000133514404,1100.0
2026-06-09 13:00:00,PNG.V,,7.050000190734863,7.050000190734863,7.010000228881836,7.010000228881836,16200.0
2026-06-09 13:01:00,FDR.V,,4.059999942779541,4.059999942779541,4.039999961853027,4.039999961853027,900.0
2026-06-09 13:01:00,GGX.V,,0.03999999910593033,0.03999999910593033,0.03999999910593033,0.03999999910593033,15000.0
2026-06-09 13:01:00,GSVR.V,,0.4399999976158142,0.4399999976158142,0.4399999976158142,0.4399999976158142,17072.0
2026-06-09 13:01:00,HITI.V,,3.240000009536743,3.240000009536743,3.240000009536743,3.240000009536743,600.0
2026-06-09 13:01:00,HME.V,,2.7899999618530273,2.7899999618530273,2.7899999618530273,2.7899999618530273,100.0
2026-06-09 13:01:00,KAPA.V,,0.125,0.125,0.125,0.125,500.0
2026-06-09 13:01:00,KTO.V,,0.6399999856948853,0.6399999856948853,0.6399999856948853,0.6399999856948853,2000.0
2026-06-09 13:01:00,LCX.V,,1.7200000286102295,1.7200000286102295,1.690000057220459,1.690000057220459,2700.0
2026-06-09 13:01:00,LIFT.V,,4.800000190734863,4.800000190734863,4.800000190734863,4.800000190734863,100.0
2026-06-09 13:01:00,NURS.V,,4.110000133514404,4.110000133514404,4.110000133514404,4.110000133514404,500.0
2026-06-09 13:01:00,PNG.V,,7.019999980926514,7.019999980926514,7.0,7.019999980926514,19550.0
2026-06-09 13:01:00,TUF.V,,0.6899999976158142,0.6899999976158142,0.6899999976158142,0.6899999976158142,990.0
2026-06-09 13:02:00,EQTY.V,,0.2549999952316284,0.2549999952316284,0.25,0.25,26842.0
2026-06-09 13:02:00,GQC.V,,0.8999999761581421,0.8999999761581421,0.8999999761581421,0.8999999761581421,2000.0
2026-06-09 13:02:00,GSVR.V,,0.4449999928474426,0.4449999928474426,0.4449999928474426,0.4449999928474426,500.0
2026-06-09 13:02:00,ITR.V,,3.1700000762939453,3.1700000762939453,3.1700000762939453,3.1700000762939453,200.0
2026-06-09 13:02:00,KAPA.V,,0.125,0.125,0.125,0.125,500.0
2026-06-09 13:02:00,KNG.V,,0.9700000286102295,0.9700000286102295,0.9700000286102295,0.9700000286102295,500.0
2026-06-09 13:02:00,LG.V,,0.3400000035762787,0.3400000035762787,0.3400000035762787,0.3400000035762787,5000.0
2026-06-09 13:02:00,LGN.V,,0.9100000262260437,0.9100000262260437,0.9100000262260437,0.9100000262260437,500.0
2026-06-09 13:02:00,LIO.V,,0.14499999582767487,0.14499999582767487,0.14499999582767487,0.14499999582767487,500.0
2026-06-09 13:02:00,LTH.V,,0.8100000023841858,0.8100000023841858,0.8100000023841858,0.8100000023841858,500.0
2026-06-09 13:02:00,MGM.V,,2.7100000381469727,2.7100000381469727,2.7100000381469727,2.7100000381469727,1500.0
2026-06-09 13:02:00,MLP.V,,1.7999999523162842,1.7999999523162842,1.7999999523162842,1.7999999523162842,100.0
2026-06-09 13:02:00,NURS.V,,4.110000133514404,4.110000133514404,4.110000133514404,4.110000133514404,2500.0
2026-06-09 13:02:00,PNG.V,,7.019999980926514,7.03000020980835,7.019999980926514,7.025000095367432,700.0
2026-06-09 13:02:00,TUF.V,,0.6899999976158142,0.6899999976158142,0.6899999976158142,0.6899999976158142,1000.0
2026-06-09 13:03:00,BIG.V,,0.6299999952316284,0.6299999952316284,0.6200000047683716,0.6200000047683716,44500.0
2026-06-09 13:03:00,GQC.V,,0.9100000262260437,0.9100000262260437,0.9100000262260437,0.9100000262260437,2000.0
2026-06-09 13:03:00,HSTR.V,,1.659999966621399,1.659999966621399,1.659999966621399,1.659999966621399,1100.0
2026-06-09 13:03:00,KALO.V,,0.18000000715255737,0.1850000023841858,0.18000000715255737,0.1850000023841858,3000.0
2026-06-09 13:03:00,KAPA.V,,0.125,0.125,0.125,0.125,500.0
2026-06-09 13:03:00,LCX.V,,1.7200000286102295,1.7200000286102295,1.7200000286102295,1.7200000286102295,100.0
2026-06-09 13:03:00,LMN.V,,22.3799991607666,22.3799991607666,22.3799991607666,22.3799991607666,100.0
2026-06-09 13:03:00,MGM.V,,2.7100000381469727,2.7100000381469727,2.700000047683716,2.700000047683716,500.0
2026-06-09 13:03:00,MKO.V,,9.770000457763672,9.770000457763672,9.699999809265137,9.699999809265137,400.0
2026-06-09 13:03:00,PNG.V,,7.039999961853027,7.039999961853027,7.014999866485596,7.039999961853027,3978.0
2026-06-09 13:03:00,TUF.V,,0.6899999976158142,0.6899999976158142,0.6899999976158142,0.6899999976158142,500.0
2026-06-09 13:04:00,FUU.V,,0.14000000059604645,0.14499999582767487,0.14000000059604645,0.14000000059604645,144590.0
2026-06-09 13:04:00,GPH.V,,1.0700000524520874,1.0700000524520874,1.0700000524520874,1.0700000524520874,100.0
2026-06-09 13:04:00,HAM.V,,5.329999923706055,5.329999923706055,5.329999923706055,5.329999923706055,100.0
2026-06-09 13:04:00,HCH.V,,1.7200000286102295,1.7200000286102295,1.7200000286102295,1.7200000286102295,100.0
2026-06-09 13:04:00,HHH.V,,5.130000114440918,5.130000114440918,5.130000114440918,5.130000114440918,100.0
2026-06-09 13:04:00,HITI.V,,3.259999990463257,3.259999990463257,3.25,3.25,300.0
2026-06-09 13:04:00,IFOS.V,,2.390000104904175,2.390000104904175,2.380000114440918,2.380000114440918,2500.0
2026-06-09 13:04:00,ITR.V,,3.180000066757202,3.180000066757202,3.180000066757202,3.180000066757202,100.0
2026-06-09 13:04:00,KAPA.V,,0.125,0.125,0.125,0.125,500.0
2026-06-09 13:04:00,KTN.V,,1.350000023841858,1.350000023841858,1.309999942779541,1.309999942779541,24200.0
2026-06-09 13:04:00,KTO.V,,0.6399999856948853,0.6399999856948853,0.6399999856948853,0.6399999856948853,1500.0
2026-06-09 13:04:00,LMN.V,,22.440000534057617,22.440000534057617,22.40999984741211,22.40999984741211,270.0
2026-06-09 13:04:00,LTH.V,,0.8299999833106995,0.8299999833106995,0.8199999928474426,0.8199999928474426,12000.0
2026-06-09 13:04:00,MGM.V,,2.7100000381469727,2.7100000381469727,2.7100000381469727,2.7100000381469727,100.0
2026-06-09 13:04:00,MKO.V,,9.760000228881836,9.770000457763672,9.760000228881836,9.770000457763672,200.0
2026-06-09 13:04:00,MLP.V,,1.8200000524520874,1.8200000524520874,1.8200000524520874,1.8200000524520874,4300.0
2026-06-09 13:04:00,NURS.V,,4.110000133514404,4.110000133514404,4.110000133514404,4.110000133514404,1800.0
2026-06-09 13:04:00,PNG.V,,7.039999961853027,7.059999942779541,7.039999961853027,7.059999942779541,1000.0
2026-06-09 13:05:00,FDR.V,,4.070000171661377,4.070000171661377,4.059999942779541,4.059999942779541,5500.0
2026-06-09 13:05:00,FMS.V,,0.41999998688697815,0.41999998688697815,0.4099999964237213,0.4099999964237213,27700.0
2026-06-09 13:05:00,FOR.V,,0.6299999952316284,0.6399999856948853,0.6299999952316284,0.6399999856948853,15077.0
2026-06-09 13:05:00,GGO.V,,1.0299999713897705,1.0299999713897705,1.0299999713897705,1.0299999713897705,8300.0
2026-06-09 13:05:00,GSVR.V,,0.4449999928474426,0.4449999928474426,0.4449999928474426,0.4449999928474426,12482.0
2026-06-09 13:05:00,HME.V,,2.7799999713897705,2.7799999713897705,2.7799999713897705,2.7799999713897705,100.0
2026-06-09 13:05:00,IFOS.V,,2.390000104904175,2.390000104904175,2.390000104904175,2.390000104904175,200.0
2026-06-09 13:05:00,ITR.V,,3.190000057220459,3.190000057220459,3.190000057220459,3.190000057220459,300.0
2026-06-09 13:05:00,JUGR.V,,0.9700000286102295,0.9700000286102295,0.9700000286102295,0.9700000286102295,100.0
2026-06-09 13:05:00,KAPA.V,,0.125,0.125,0.125,0.125,500.0
2026-06-09 13:05:00,KTN.V,,1.3450000286102295,1.3450000286102295,1.3450000286102295,1.3450000286102295,909.0
2026-06-09 13:05:00,LCX.V,,1.7200000286102295,1.7200000286102295,1.7200000286102295,1.7200000286102295,100.0
2026-06-09 13:05:00,LTH.V,,0.8299999833106995,0.8299999833106995,0.8299999833106995,0.8299999833106995,3500.0
2026-06-09 13:05:00,PNG.V,,7.059999942779541,7.059999942779541,7.050000190734863,7.050000190734863,1100.0
2026-06-09 13:05:00,TUF.V,,0.6899999976158142,0.6899999976158142,0.6899999976158142,0.6899999976158142,1000.0
2026-06-09 13:06:00,FDR.V,,4.070000171661377,4.070000171661377,4.070000171661377,4.070000171661377,100.0
2026-06-09 13:06:00,FOR.V,,0.6299999952316284,0.6299999952316284,0.6299999952316284,0.6299999952316284,21500.0
2026-06-09 13:06:00,GAL.V,,0.41999998688697815,0.41999998688697815,0.41999998688697815,0.41999998688697815,5000.0
2026-06-09 13:06:00,GLDN.V,,0.054999999701976776,0.054999999701976776,0.054999999701976776,0.054999999701976776,20000.0
2026-06-09 13:06:00,GQC.V,,0.9100000262260437,0.9100000262260437,0.9100000262260437,0.9100000262260437,500.0
2026-06-09 13:06:00,GSTM.V,,0.17000000178813934,0.17000000178813934,0.17000000178813934,0.17000000178813934,5000.0
2026-06-09 13:06:00,HHH.V,,5.130000114440918,5.130000114440918,5.130000114440918,5.130000114440918,100.0
2026-06-09 13:06:00,KAPA.V,,0.125,0.125,0.125,0.125,500.0
2026-06-09 13:06:00,LG.V,,0.3400000035762787,0.3400000035762787,0.3400000035762787,0.3400000035762787,1500.0
2026-06-09 13:06:00,PNG.V,,7.070000171661377,7.070000171661377,7.059999942779541,7.059999942779541,1000.0
2026-06-09 13:06:00,TUF.V,,0.699999988079071,0.699999988079071,0.699999988079071,0.699999988079071,500.0
2026-06-09 13:07:00,FDR.V,,4.070000171661377,4.070000171661377,4.070000171661377,4.070000171661377,200.0
2026-06-09 13:07:00,HSTR.V,,1.6699999570846558,1.6699999570846558,1.6699999570846558,1.6699999570846558,120.0
2026-06-09 13:07:00,IVS.V,,0.2800000011920929,0.2800000011920929,0.2800000011920929,0.2800000011920929,7000.0
2026-06-09 13:07:00,KAPA.V,,0.125,0.125,0.125,0.125,500.0
2026-06-09 13:07:00,LG.V,,0.3449999988079071,0.3449999988079071,0.3449999988079071,0.3449999988079071,500.0
2026-06-09 13:07:00,MLP.V,,1.840000033378601,1.840000033378601,1.840000033378601,1.840000033378601,1000.0
2026-06-09 13:07:00,PNG.V,,7.059999942779541,7.059999942779541,7.059999942779541,7.059999942779541,900.0
2026-06-09 13:07:00,ZNG.V,,0.8799999952316284,0.8799999952316284,0.8799999952316284,0.8799999952316284,7000.0
2026-06-09 13:08:00,ESK.V,,0.3700000047683716,0.3700000047683716,0.3700000047683716,0.3700000047683716,2000.0
2026-06-09 13:08:00,FDR.V,,4.070000171661377,4.070000171661377,4.070000171661377,4.070000171661377,200.0
2026-06-09 13:08:00,HEVI.V,,0.20000000298023224,0.20000000298023224,0.20000000298023224,0.20000000298023224,2000.0
2026-06-09 13:08:00,HHH.V,,5.130000114440918,5.139999866485596,5.130000114440918,5.139999866485596,4200.0
2026-06-09 13:08:00,HSTR.V,,1.6699999570846558,1.6699999570846558,1.6699999570846558,1.6699999570846558,513.0
2026-06-09 13:08:00,KAPA.V,,0.125,0.125,0.125,0.125,500.0
2026-06-09 13:08:00,LG.V,,0.3449999988079071,0.3449999988079071,0.3449999988079071,0.3449999988079071,500.0
2026-06-09 13:08:00,LGN.V,,0.9100000262260437,0.9100000262260437,0.9100000262260437,0.9100000262260437,500.0
2026-06-09 13:08:00,PNG.V,,7.050000190734863,7.050000190734863,7.050000190734863,7.050000190734863,500.0
2026-06-09 13:08:00,TUF.V,,0.699999988079071,0.699999988079071,0.699999988079071,0.699999988079071,500.0
2026-06-09 13:09:00,HME.V,,2.799999952316284,2.799999952316284,2.799999952316284,2.799999952316284,100.0
2026-06-09 13:09:00,HMR.V,,0.75,0.75,0.75,0.75,8000.0
2026-06-09 13:09:00,KAPA.V,,0.125,0.125,0.125,0.125,500.0
2026-06-09 13:09:00,KTN.V,,1.3450000286102295,1.3450000286102295,1.3450000286102295,1.3450000286102295,100.0
2026-06-09 13:09:00,LG.V,,0.3400000035762787,0.3400000035762787,0.3400000035762787,0.3400000035762787,24500.0
2026-06-09 13:09:00,LTH.V,,0.8299999833106995,0.8299999833106995,0.8299999833106995,0.8299999833106995,17500.0
2026-06-09 13:09:00,MKO.V,,9.779999732971191,9.789999961853027,9.779999732971191,9.789999961853027,448.0
2026-06-09 13:09:00,NURS.V,,4.110000133514404,4.110000133514404,4.110000133514404,4.110000133514404,800.0
2026-06-09 13:09:00,PNG.V,,7.050000190734863,7.059999942779541,7.050000190734863,7.050000190734863,2305.0
2026-06-09 13:09:00,TUF.V,,0.699999988079071,0.699999988079071,0.699999988079071,0.699999988079071,850.0
2026-06-09 13:10:00,FDR.V,,4.050000190734863,4.050000190734863,4.050000190734863,4.050000190734863,1000.0
2026-06-09 13:10:00,FL.V,,0.5,0.5,0.5,0.5,4000.0
2026-06-09 13:10:00,FOR.V,,0.6200000047683716,0.6200000047683716,0.6200000047683716,0.6200000047683716,3000.0
2026-06-09 13:10:00,GMV.V,,0.12999999523162842,0.12999999523162842,0.12999999523162842,0.12999999523162842,1000.0
2026-06-09 13:10:00,HME.V,,2.799999952316284,2.799999952316284,2.799999952316284,2.799999952316284,100.0
2026-06-09 13:10:00,HMR.V,,0.75,0.75,0.75,0.75,1000.0
2026-06-09 13:10:00,ITR.V,,3.190000057220459,3.190000057220459,3.190000057220459,3.190000057220459,200.0
2026-06-09 13:10:00,KAPA.V,,0.125,0.125,0.125,0.125,500.0
2026-06-09 13:10:00,LCX.V,,1.7200000286102295,1.7200000286102295,1.7200000286102295,1.7200000286102295,100.0
2026-06-09 13:10:00,LG.V,,0.3425000011920929,0.3425000011920929,0.3400000035762787,0.3400000035762787,8000.0
2026-06-09 13:10:00,LTH.V,,0.8299999833106995,0.8299999833106995,0.8299999833106995,0.8299999833106995,9500.0
2026-06-09 13:10:00,MLP.V,,1.8300000429153442,1.8300000429153442,1.8300000429153442,1.8300000429153442,100.0
2026-06-09 13:10:00,PNG.V,,7.050000190734863,7.050000190734863,7.050000190734863,7.050000190734863,710.0
2026-06-09 13:11:00,FDR.V,,4.050000190734863,4.050000190734863,4.050000190734863,4.050000190734863,600.0
2026-06-09 13:11:00,GLAD.V,,2.190000057220459,2.190000057220459,2.190000057220459,2.190000057220459,100.0
2026-06-09 13:11:00,GSP.V,,0.14249999821186066,0.14249999821186066,0.14249999821186066,0.14249999821186066,500.0
2026-06-09 13:11:00,HME.V,,2.7899999618530273,2.7899999618530273,2.7899999618530273,2.7899999618530273,100.0
2026-06-09 13:11:00,KAPA.V,,0.125,0.125,0.125,0.125,500.0
2026-06-09 13:11:00,KTN.V,,1.3450000286102295,1.3450000286102295,1.3450000286102295,1.3450000286102295,600.0
2026-06-09 13:11:00,MAR-UN.V,,0.800000011920929,0.800000011920929,0.800000011920929,0.800000011920929,0.0
2026-06-09 13:11:00,NURS.V,,4.110000133514404,4.110000133514404,4.110000133514404,4.110000133514404,1300.0
2026-06-09 13:11:00,YGT.V,,0.1899999976158142,0.1899999976158142,0.1899999976158142,0.1899999976158142,500.0
2026-06-09 13:12:00,FDR.V,,4.050000190734863,4.050000190734863,4.050000190734863,4.050000190734863,200.0
2026-06-09 13:12:00,FPC.V,,0.45500001311302185,0.45500001311302185,0.45500001311302185,0.45500001311302185,500.0
2026-06-09 13:12:00,GRZ.V,,6.800000190734863,6.849999904632568,6.789999961853027,6.849999904632568,8120.0
2026-06-09 13:12:00,GSTM.V,,0.17000000178813934,0.17000000178813934,0.17000000178813934,0.17000000178813934,881.0
2026-06-09 13:12:00,HI.V,,0.16500000655651093,0.16500000655651093,0.16500000655651093,0.16500000655651093,4000.0
2026-06-09 13:12:00,JUGR.V,,0.9700000286102295,0.9700000286102295,0.9700000286102295,0.9700000286102295,100.0
2026-06-09 13:12:00,KAPA.V,,0.125,0.125,0.125,0.125,500.0
2026-06-09 13:12:00,KNG.V,,0.9800000190734863,0.9800000190734863,0.9800000190734863,0.9800000190734863,1100.0
2026-06-09 13:12:00,KTN.V,,1.350000023841858,1.350000023841858,1.350000023841858,1.350000023841858,500.0
2026-06-09 13:12:00,PNG.V,,7.070000171661377,7.070000171661377,7.070000171661377,7.070000171661377,1251.0
2026-06-09 13:13:00,BIG.V,,0.6200000047683716,0.6200000047683716,0.6200000047683716,0.6200000047683716,4500.0
2026-06-09 13:13:00,FDR.V,,4.050000190734863,4.050000190734863,4.050000190734863,4.050000190734863,200.0
2026-06-09 13:13:00,GRZ.V,,6.849999904632568,6.900000095367432,6.800000190734863,6.800000190734863,4200.0
2026-06-09 13:13:00,HME.V,,2.7899999618530273,2.7899999618530273,2.7899999618530273,2.7899999618530273,800.0
2026-06-09 13:13:00,ITR.V,,3.190000057220459,3.190000057220459,3.190000057220459,3.190000057220459,300.0
2026-06-09 13:13:00,KAPA.V,,0.125,0.125,0.125,0.125,500.0
2026-06-09 13:13:00,LCX.V,,1.690000057220459,1.7100000381469727,1.690000057220459,1.7100000381469727,15300.0
2026-06-09 13:13:00,MLP.V,,1.8300000429153442,1.8300000429153442,1.8300000429153442,1.8300000429153442,100.0
2026-06-09 13:13:00,NURS.V,,4.110000133514404,4.110000133514404,4.110000133514404,4.110000133514404,400.0
2026-06-09 13:13:00,PNG.V,,7.070000171661377,7.070000171661377,7.070000171661377,7.070000171661377,200.0
2026-06-09 13:14:00,FDR.V,,4.050000190734863,4.050000190734863,4.050000190734863,4.050000190734863,300.0
2026-06-09 13:14:00,GSVR.V,,0.4449999928474426,0.4449999928474426,0.4449999928474426,0.4449999928474426,500.0
2026-06-09 13:14:00,GWM.V,,0.5,0.5,0.5,0.5,3000.0
2026-06-09 13:14:00,HI.V,,0.16500000655651093,0.16500000655651093,0.16500000655651093,0.16500000655651093,500.0
2026-06-09 13:14:00,ITR.V,,3.190000057220459,3.190000057220459,3.190000057220459,3.190000057220459,100.0
2026-06-09 13:14:00,KAPA.V,,0.125,0.125,0.125,0.125,500.0
2026-06-09 13:14:00,KTN.V,,1.350000023841858,1.350000023841858,1.350000023841858,1.350000023841858,100.0
2026-06-09 13:14:00,LCX.V,,1.7000000476837158,1.7000000476837158,1.7000000476837158,1.7000000476837158,100.0
2026-06-09 13:14:00,LG.V,,0.3449999988079071,0.3449999988079071,0.3449999988079071,0.3449999988079071,500.0
2026-06-09 13:14:00,MGM.V,,2.7100000381469727,2.7100000381469727,2.7100000381469727,2.7100000381469727,1000.0
2026-06-09 13:14:00,MKO.V,,9.819999694824219,9.819999694824219,9.819999694824219,9.819999694824219,200.0
2026-06-09 13:14:00,NURS.V,,4.099999904632568,4.119999885559082,4.099999904632568,4.110000133514404,6700.0
2026-06-09 13:14:00,PNG.V,,7.090000152587891,7.090000152587891,7.070000171661377,7.070000171661377,1420.0
2026-06-09 13:15:00,FDR.V,,4.050000190734863,4.059999942779541,4.050000190734863,4.050000190734863,500.0
2026-06-09 13:15:00,FL.V,,0.4925000071525574,0.5,0.4925000071525574,0.5,242795.0
2026-06-09 13:15:00,HSTR.V,,1.649999976158142,1.659999966621399,1.649999976158142,1.659999966621399,9500.0
2026-06-09 13:15:00,KAPA.V,,0.125,0.125,0.125,0.125,500.0
2026-06-09 13:15:00,LG.V,,0.3449999988079071,0.3449999988079071,0.3449999988079071,0.3449999988079071,500.0
2026-06-09 13:15:00,MIM.V,,0.2150000035762787,0.2150000035762787,0.2150000035762787,0.2150000035762787,16500.0
2026-06-09 13:15:00,MLP.V,,1.850000023841858,1.850000023841858,1.850000023841858,1.850000023841858,100.0
2026-06-09 13:15:00,PNG.V,,7.070000171661377,7.085000038146973,7.070000171661377,7.085000038146973,4809.0
2026-06-09 13:15:00,YGT.V,,0.1899999976158142,0.1899999976158142,0.1899999976158142,0.1899999976158142,55000.0
2026-06-09 13:16:00,FDR.V,,4.070000171661377,4.070000171661377,4.059999942779541,4.059999942779541,500.0
2026-06-09 13:16:00,ITR.V,,3.190000057220459,3.190000057220459,3.190000057220459,3.190000057220459,500.0
2026-06-09 13:16:00,KAPA.V,,0.125,0.125,0.125,0.125,500.0
2026-06-09 13:16:00,KTN.V,,1.340000033378601,1.340000033378601,1.340000033378601,1.340000033378601,1500.0
2026-06-09 13:16:00,LCX.V,,1.7000000476837158,1.7000000476837158,1.7000000476837158,1.7000000476837158,100.0
2026-06-09 13:16:00,LG.V,,0.3449999988079071,0.3449999988079071,0.3449999988079071,0.3449999988079071,500.0
2026-06-09 13:16:00,MTA.V,,9.260000228881836,9.260000228881836,9.260000228881836,9.260000228881836,100.0
2026-06-09 13:16:00,PNG.V,,7.039999961853027,7.059999942779541,7.039999961853027,7.059999942779541,500.0
2026-06-09 13:16:00,YGT.V,,0.1899999976158142,0.1899999976158142,0.1899999976158142,0.1899999976158142,1000.0
2026-06-09 13:17:00,FDR.V,,4.070000171661377,4.070000171661377,4.070000171661377,4.070000171661377,200.0
2026-06-09 13:17:00,HME.V,,2.7899999618530273,2.7899999618530273,2.7899999618530273,2.7899999618530273,300.0
2026-06-09 13:17:00,HSTR.V,,1.649999976158142,1.659999966621399,1.649999976158142,1.659999966621399,19677.0
2026-06-09 13:17:00,JUGR.V,,0.9700000286102295,0.9700000286102295,0.9700000286102295,0.9700000286102295,100.0
2026-06-09 13:17:00,LCX.V,,1.7000000476837158,1.7000000476837158,1.7000000476837158,1.7000000476837158,100.0
2026-06-09 13:17:00,LGN.V,,0.9100000262260437,0.9100000262260437,0.9100000262260437,0.9100000262260437,500.0
2026-06-09 13:17:00,PNG.V,,7.059999942779541,7.059999942779541,7.059999942779541,7.059999942779541,600.0
2026-06-09 13:17:00,ZNG.V,,0.8899999856948853,0.8899999856948853,0.8899999856948853,0.8899999856948853,3500.0
2026-06-09 13:18:00,GMV.V,,0.12999999523162842,0.12999999523162842,0.12999999523162842,0.12999999523162842,4500.0
2026-06-09 13:18:00,GPAC.V,,0.3799999952316284,0.3799999952316284,0.3799999952316284,0.3799999952316284,1000.0
2026-06-09 13:18:00,GQC.V,,0.9100000262260437,0.9100000262260437,0.9100000262260437,0.9100000262260437,1600.0
2026-06-09 13:18:00,GSVR.V,,0.44749999046325684,0.44749999046325684,0.44749999046325684,0.44749999046325684,1000.0
2026-06-09 13:18:00,ITR.V,,3.190000057220459,3.190000057220459,3.190000057220459,3.190000057220459,500.0
2026-06-09 13:18:00,KTN.V,,1.350000023841858,1.350000023841858,1.350000023841858,1.350000023841858,2390.0
2026-06-09 13:18:00,LCX.V,,1.7000000476837158,1.7000000476837158,1.7000000476837158,1.7000000476837158,100.0
2026-06-09 13:18:00,LG.V,,0.3449999988079071,0.3449999988079071,0.3449999988079071,0.3449999988079071,500.0
2026-06-09 13:18:00,PNG.V,,7.070000171661377,7.070000171661377,7.070000171661377,7.070000171661377,4800.0
2026-06-09 13:19:00,GSVR.V,,0.4449999928474426,0.4449999928474426,0.4449999928474426,0.4449999928474426,500.0
2026-06-09 13:19:00,HAM.V,,5.329999923706055,5.329999923706055,5.329999923706055,5.329999923706055,100.0
2026-06-09 13:19:00,HSTR.V,,1.659999966621399,1.659999966621399,1.659999966621399,1.659999966621399,100.0
2026-06-09 13:19:00,KTN.V,,1.350000023841858,1.350000023841858,1.350000023841858,1.350000023841858,300.0
2026-06-09 13:19:00,LG.V,,0.3449999988079071,0.3449999988079071,0.3449999988079071,0.3449999988079071,500.0
2026-06-09 13:19:00,LIFT.V,,4.900000095367432,4.900000095367432,4.900000095367432,4.900000095367432,2500.0
2026-06-09 13:19:00,LMN.V,,22.399999618530273,22.399999618530273,22.399999618530273,22.399999618530273,774.0
2026-06-09 13:19:00,MGM.V,,2.700000047683716,2.700000047683716,2.690000057220459,2.690000057220459,600.0
2026-06-09 13:19:00,PNG.V,,7.090000152587891,7.090000152587891,7.090000152587891,7.090000152587891,200.0
2026-06-09 13:19:00,ZNG.V,,0.8899999856948853,0.8899999856948853,0.8899999856948853,0.8899999856948853,7500.0
2026-06-09 13:20:00,FDR.V,,4.079999923706055,4.079999923706055,4.079999923706055,4.079999923706055,100.0
2026-06-09 13:20:00,GAL.V,,0.41499999165534973,0.41499999165534973,0.4099999964237213,0.41499999165534973,74000.0
2026-06-09 13:20:00,GMV.V,,0.12999999523162842,0.12999999523162842,0.12999999523162842,0.12999999523162842,5500.0
2026-06-09 13:20:00,GWM.V,,0.5099999904632568,0.5099999904632568,0.5099999904632568,0.5099999904632568,11000.0
2026-06-09 13:20:00,HHH.V,,5.110000133514404,5.110000133514404,5.110000133514404,5.110000133514404,100.0
2026-06-09 13:20:00,ITR.V,,3.200000047683716,3.200000047683716,3.200000047683716,3.200000047683716,1600.0
2026-06-09 13:20:00,IVS.V,,0.2800000011920929,0.2800000011920929,0.2800000011920929,0.2800000011920929,927.0
2026-06-09 13:20:00,KTN.V,,1.3600000143051147,1.3600000143051147,1.3600000143051147,1.3600000143051147,2800.0
2026-06-09 13:20:00,LG.V,,0.3449999988079071,0.3449999988079071,0.3449999988079071,0.3449999988079071,500.0
2026-06-09 13:20:00,MKO.V,,9.859999656677246,9.859999656677246,9.859999656677246,9.859999656677246,200.0
2026-06-09 13:20:00,MLP.V,,1.850000023841858,1.850000023841858,1.850000023841858,1.850000023841858,500.0
2026-06-09 13:20:00,NURS.V,,4.119999885559082,4.119999885559082,4.110000133514404,4.110000133514404,3900.0
2026-06-09 13:20:00,PNG.V,,7.099999904632568,7.105000019073486,7.090000152587891,7.090000152587891,16308.0
2026-06-09 13:21:00,FDR.V,,4.090000152587891,4.090000152587891,4.090000152587891,4.090000152587891,300.0
2026-06-09 13:21:00,FL.V,,0.49000000953674316,0.49000000953674316,0.49000000953674316,0.49000000953674316,6363.0
2026-06-09 13:21:00,GRZ.V,,6.849999904632568,6.849999904632568,6.849999904632568,6.849999904632568,600.0
2026-06-09 13:21:00,GSI.V,,1.100000023841858,1.1100000143051147,1.100000023841858,1.1100000143051147,3300.0
2026-06-09 13:21:00,GSVR.V,,0.44749999046325684,0.44999998807907104,0.44749999046325684,0.44999998807907104,9417.0
2026-06-09 13:21:00,GWM.V,,0.5149999856948853,0.5149999856948853,0.5149999856948853,0.5149999856948853,1000.0
2026-06-09 13:21:00,HEVI.V,,0.20000000298023224,0.20000000298023224,0.20000000298023224,0.20000000298023224,2000.0
2026-06-09 13:21:00,HITI.V,,3.259999990463257,3.259999990463257,3.259999990463257,3.259999990463257,1700.0
2026-06-09 13:21:00,HSTR.V,,1.659999966621399,1.659999966621399,1.659999966621399,1.659999966621399,900.0
2026-06-09 13:21:00,ITR.V,,3.200000047683716,3.200000047683716,3.200000047683716,3.200000047683716,300.0
2026-06-09 13:21:00,JUGR.V,,0.9700000286102295,0.9700000286102295,0.9700000286102295,0.9700000286102295,1200.0
2026-06-09 13:21:00,LG.V,,0.3449999988079071,0.3449999988079071,0.3449999988079071,0.3449999988079071,1000.0
2026-06-09 13:21:00,MGM.V,,2.700000047683716,2.7200000286102295,2.690000057220459,2.7100000381469727,6150.0
2026-06-09 13:21:00,MKO.V,,9.869999885559082,9.869999885559082,9.859999656677246,9.859999656677246,400.0
2026-06-09 13:21:00,PNG.V,,7.099999904632568,7.099999904632568,7.099999904632568,7.099999904632568,100.0
2026-06-09 13:22:00,EQTY.V,,0.2549999952316284,0.2549999952316284,0.2549999952316284,0.2549999952316284,2500.0
2026-06-09 13:22:00,FDR.V,,4.099999904632568,4.099999904632568,4.099999904632568,4.099999904632568,300.0
2026-06-09 13:22:00,FL.V,,0.49000000953674316,0.4950000047683716,0.49000000953674316,0.49000000953674316,96000.0
2026-06-09 13:22:00,GSVR.V,,0.4449999928474426,0.4449999928474426,0.4449999928474426,0.4449999928474426,1000.0
2026-06-09 13:22:00,GWM.V,,0.5199999809265137,0.5199999809265137,0.5199999809265137,0.5199999809265137,17000.0
2026-06-09 13:22:00,HHH.V,,5.110000133514404,5.110000133514404,5.110000133514404,5.110000133514404,100.0
2026-06-09 13:22:00,HSTR.V,,1.659999966621399,1.659999966621399,1.659999966621399,1.659999966621399,800.0
2026-06-09 13:22:00,IGO.V,,0.09000000357627869,0.09000000357627869,0.09000000357627869,0.09000000357627869,2000.0
2026-06-09 13:22:00,KTO.V,,0.6499999761581421,0.6499999761581421,0.6499999761581421,0.6499999761581421,25000.0
2026-06-09 13:22:00,LG.V,,0.3449999988079071,0.3449999988079071,0.3449999988079071,0.3449999988079071,500.0
2026-06-09 13:22:00,PNG.V,,7.090000152587891,7.099999904632568,7.090000152587891,7.099999904632568,2800.0
2026-06-09 13:23:00,FPC.V,,0.46000000834465027,0.46000000834465027,0.46000000834465027,0.46000000834465027,1000.0
2026-06-09 13:23:00,FPX.V,,0.4449999928474426,0.4449999928474426,0.4449999928474426,0.4449999928474426,500.0
2026-06-09 13:23:00,GSI.V,,1.1100000143051147,1.1100000143051147,1.1100000143051147,1.1100000143051147,100.0
2026-06-09 13:23:00,HSTR.V,,1.659999966621399,1.659999966621399,1.659999966621399,1.659999966621399,600.0
2026-06-09 13:23:00,LCX.V,,1.7000000476837158,1.7000000476837158,1.7000000476837158,1.7000000476837158,100.0
2026-06-09 13:23:00,MKO.V,,9.880000114440918,9.880000114440918,9.880000114440918,9.880000114440918,100.0
2026-06-09 13:23:00,MLP.V,,1.840000033378601,1.850000023841858,1.840000033378601,1.850000023841858,1900.0
2026-06-09 13:23:00,MTA.V,,9.369999885559082,9.369999885559082,9.350000381469727,9.350000381469727,800.0
2026-06-09 13:23:00,NURS.V,,4.110000133514404,4.110000133514404,4.110000133514404,4.110000133514404,1800.0
2026-06-09 13:24:00,ESK.V,,0.375,0.375,0.375,0.375,2000.0
2026-06-09 13:24:00,FDR.V,,4.090000152587891,4.090000152587891,4.090000152587891,4.090000152587891,200.0
2026-06-09 13:24:00,GSI.V,,1.1100000143051147,1.1100000143051147,1.1100000143051147,1.1100000143051147,6700.0
2026-06-09 13:24:00,HAM.V,,5.300000190734863,5.300000190734863,5.300000190734863,5.300000190734863,200.0
2026-06-09 13:24:00,HHH.V,,5.110000133514404,5.110000133514404,5.110000133514404,5.110000133514404,100.0
2026-06-09 13:24:00,HSTR.V,,1.659999966621399,1.659999966621399,1.659999966621399,1.659999966621399,600.0
2026-06-09 13:24:00,KTN.V,,1.350000023841858,1.350000023841858,1.350000023841858,1.350000023841858,100.0
2026-06-09 13:24:00,KTO.V,,0.6499999761581421,0.6499999761581421,0.6499999761581421,0.6499999761581421,1000.0
2026-06-09 13:24:00,LPS.V,,0.11999999731779099,0.11999999731779099,0.11999999731779099,0.11999999731779099,2500.0
2026-06-09 13:24:00,MKO.V,,9.859999656677246,9.859999656677246,9.859999656677246,9.859999656677246,100.0
2026-06-09 13:24:00,PNG.V,,7.059999942779541,7.079999923706055,7.059999942779541,7.079999923706055,7806.0
2026-06-09 13:24:00,YGT.V,,0.1899999976158142,0.1899999976158142,0.1899999976158142,0.1899999976158142,500.0
2026-06-09 13:25:00,FDR.V,,4.099999904632568,4.099999904632568,4.090000152587891,4.090000152587891,300.0
2026-06-09 13:25:00,FPX.V,,0.4399999976158142,0.4449999928474426,0.4399999976158142,0.4449999928474426,5000.0
2026-06-09 13:25:00,HSTR.V,,1.659999966621399,1.659999966621399,1.659999966621399,1.659999966621399,400.0
2026-06-09 13:25:00,KTN.V,,1.350000023841858,1.350000023841858,1.350000023841858,1.350000023841858,100.0
2026-06-09 13:25:00,LCX.V,,1.7000000476837158,1.7000000476837158,1.7000000476837158,1.7000000476837158,18800.0
2026-06-09 13:25:00,PNG.V,,7.059999942779541,7.059999942779541,7.059999942779541,7.059999942779541,400.0
2026-06-09 13:26:00,FDR.V,,4.099999904632568,4.099999904632568,4.099999904632568,4.099999904632568,300.0
2026-06-09 13:26:00,FOR.V,,0.6200000047683716,0.6200000047683716,0.6200000047683716,0.6200000047683716,500.0
2026-06-09 13:26:00,FPC.V,,0.46000000834465027,0.4650000035762787,0.46000000834465027,0.4650000035762787,3500.0
2026-06-09 13:26:00,GLAD.V,,2.190000057220459,2.190000057220459,2.190000057220459,2.190000057220459,100.0
2026-06-09 13:26:00,HAM.V,,5.300000190734863,5.300000190734863,5.300000190734863,5.300000190734863,100.0
2026-06-09 13:26:00,HHH.V,,5.110000133514404,5.110000133514404,5.110000133514404,5.110000133514404,100.0
2026-06-09 13:26:00,HSTR.V,,1.659999966621399,1.659999966621399,1.659999966621399,1.659999966621399,243.0
2026-06-09 13:26:00,ITR.V,,3.200000047683716,3.200000047683716,3.200000047683716,3.200000047683716,300.0
2026-06-09 13:26:00,LCX.V,,1.7100000381469727,1.7100000381469727,1.7100000381469727,1.7100000381469727,100.0
2026-06-09 13:26:00,LG.V,,0.3449999988079071,0.3449999988079071,0.3449999988079071,0.3449999988079071,500.0
2026-06-09 13:26:00,LQWD.V,,0.7900000214576721,0.800000011920929,0.7900000214576721,0.800000011920929,10099.0
2026-06-09 13:26:00,MLP.V,,1.840000033378601,1.840000033378601,1.840000033378601,1.840000033378601,100.0
2026-06-09 13:26:00,PNG.V,,7.059999942779541,7.059999942779541,7.059999942779541,7.059999942779541,1473.0
2026-06-09 13:27:00,EQTY.V,,0.25999999046325684,0.25999999046325684,0.25999999046325684,0.25999999046325684,22050.0
2026-06-09 13:27:00,FDR.V,,4.099999904632568,4.099999904632568,4.099999904632568,4.099999904632568,300.0
2026-06-09 13:27:00,GWM.V,,0.5099999904632568,0.5099999904632568,0.5099999904632568,0.5099999904632568,500.0
2026-06-09 13:27:00,HHH.V,,5.110000133514404,5.110000133514404,5.110000133514404,5.110000133514404,3600.0
2026-06-09 13:27:00,HME.V,,2.7699999809265137,2.7699999809265137,2.7699999809265137,2.7699999809265137,400.0
2026-06-09 13:27:00,HSTR.V,,1.6699999570846558,1.6699999570846558,1.659999966621399,1.659999966621399,4500.0
2026-06-09 13:27:00,ICM.V,,0.05999999865889549,0.05999999865889549,0.05999999865889549,0.05999999865889549,6000.0
2026-06-09 13:27:00,ISGI.V,,0.014999999664723873,0.014999999664723873,0.014999999664723873,0.014999999664723873,0.0
2026-06-09 13:27:00,JUGR.V,,0.9800000190734863,0.9800000190734863,0.9800000190734863,0.9800000190734863,900.0
2026-06-09 13:27:00,KTN.V,,1.350000023841858,1.350000023841858,1.350000023841858,1.350000023841858,100.0
2026-06-09 13:27:00,LG.V,,0.3400000035762787,0.3400000035762787,0.3400000035762787,0.3400000035762787,1000.0
2026-06-09 13:27:00,LQWD.V,,0.699999988079071,0.7599999904632568,0.699999988079071,0.7599999904632568,4600.0
2026-06-09 13:27:00,MGM.V,,2.7100000381469727,2.7100000381469727,2.7100000381469727,2.7100000381469727,200.0
2026-06-09 13:27:00,MKO.V,,9.859999656677246,9.859999656677246,9.859999656677246,9.859999656677246,100.0
2026-06-09 13:27:00,PNG.V,,7.079999923706055,7.079999923706055,7.070000171661377,7.070000171661377,2700.0
2026-06-09 13:28:00,EQTY.V,,0.25999999046325684,0.25999999046325684,0.25999999046325684,0.25999999046325684,13000.0
2026-06-09 13:28:00,FDR.V,,4.099999904632568,4.099999904632568,4.099999904632568,4.099999904632568,200.0
2026-06-09 13:28:00,FL.V,,0.49000000953674316,0.49000000953674316,0.49000000953674316,0.49000000953674316,1000.0
2026-06-09 13:28:00,HME.V,,2.7799999713897705,2.7799999713897705,2.7799999713897705,2.7799999713897705,100.0
2026-06-09 13:28:00,HSTR.V,,1.6699999570846558,1.6699999570846558,1.6699999570846558,1.6699999570846558,100.0
2026-06-09 13:28:00,IGO.V,,0.09000000357627869,0.09000000357627869,0.09000000357627869,0.09000000357627869,50000.0
2026-06-09 13:28:00,ISGI.V,,0.014999999664723873,0.014999999664723873,0.014999999664723873,0.014999999664723873,1000.0
2026-06-09 13:28:00,LG.V,,0.3449999988079071,0.3449999988079071,0.3449999988079071,0.3449999988079071,500.0
2026-06-09 13:28:00,LIFT.V,,4.869999885559082,4.869999885559082,4.869999885559082,4.869999885559082,400.0
2026-06-09 13:28:00,LQWD.V,,0.7699999809265137,0.7699999809265137,0.7200000286102295,0.7200000286102295,26000.0
2026-06-09 13:28:00,PNG.V,,7.099999904632568,7.099999904632568,7.099999904632568,7.099999904632568,200.0
2026-06-09 13:29:00,FDR.V,,4.099999904632568,4.099999904632568,4.099999904632568,4.099999904632568,300.0
2026-06-09 13:29:00,ITR.V,,3.190000057220459,3.190000057220459,3.190000057220459,3.190000057220459,300.0
2026-06-09 13:29:00,LCX.V,,1.7100000381469727,1.7100000381469727,1.7100000381469727,1.7100000381469727,100.0
2026-06-09 13:29:00,MKO.V,,9.829999923706055,9.850000381469727,9.829999923706055,9.850000381469727,460.0
2026-06-09 13:29:00,MLP.V,,1.850000023841858,1.850000023841858,1.840000033378601,1.840000033378601,1100.0
2026-06-09 13:29:00,PNG.V,,7.099999904632568,7.099999904632568,7.099999904632568,7.099999904632568,8800.0
2026-06-09 13:30:00,EQTY.V,,0.25999999046325684,0.25999999046325684,0.25999999046325684,0.25999999046325684,500.0
2026-06-09 13:30:00,FDR.V,,4.099999904632568,4.099999904632568,4.099999904632568,4.099999904632568,300.0
2026-06-09 13:30:00,GMV.V,,0.125,0.125,0.125,0.125,6000.0
2026-06-09 13:30:00,GSVR.V,,0.44999998807907104,0.44999998807907104,0.44999998807907104,0.44999998807907104,2000.0
2026-06-09 13:30:00,GWM.V,,0.5099999904632568,0.5099999904632568,0.5099999904632568,0.5099999904632568,500.0
2026-06-09 13:30:00,HME.V,,2.7799999713897705,2.7799999713897705,2.7799999713897705,2.7799999713897705,100.0
2026-06-09 13:30:00,HMR.V,,0.75,0.75,0.75,0.75,1000.0
2026-06-09 13:30:00,HSTR.V,,1.6699999570846558,1.6699999570846558,1.6699999570846558,1.6699999570846558,1141.0
2026-06-09 13:30:00,LG.V,,0.3449999988079071,0.3449999988079071,0.3449999988079071,0.3449999988079071,500.0
2026-06-09 13:30:00,PNG.V,,7.090000152587891,7.099999904632568,7.090000152587891,7.099999904632568,900.0
2026-06-09 13:31:00,FDR.V,,4.099999904632568,4.099999904632568,4.099999904632568,4.099999904632568,900.0
2026-06-09 13:31:00,GSI.V,,1.1050000190734863,1.1100000143051147,1.100000023841858,1.1100000143051147,5061.0
2026-06-09 13:31:00,GSVR.V,,0.44999998807907104,0.44999998807907104,0.44999998807907104,0.44999998807907104,5500.0
2026-06-09 13:31:00,ITR.V,,3.190000057220459,3.190000057220459,3.190000057220459,3.190000057220459,200.0
2026-06-09 13:31:00,LQWD.V,,0.7699999809265137,0.7699999809265137,0.7699999809265137,0.7699999809265137,501.0
2026-06-09 13:31:00,LSTR.V,,0.07999999821186066,0.07999999821186066,0.07999999821186066,0.07999999821186066,30000.0
2026-06-09 13:31:00,PNG.V,,7.090000152587891,7.099999904632568,7.090000152587891,7.090000152587891,1900.0
2026-06-09 13:31:00,TUF.V,,0.6899999976158142,0.6899999976158142,0.6899999976158142,0.6899999976158142,4000.0
2026-06-09 13:31:00,YGT.V,,0.1899999976158142,0.1899999976158142,0.1899999976158142,0.1899999976158142,10000.0
2026-06-09 13:32:00,FDR.V,,4.099999904632568,4.099999904632568,4.099999904632568,4.099999904632568,300.0
2026-06-09 13:32:00,FRED.V,,0.5199999809265137,0.5199999809265137,0.5199999809265137,0.5199999809265137,2000.0
2026-06-09 13:32:00,FUU.V,,0.14499999582767487,0.14499999582767487,0.14499999582767487,0.14499999582767487,2500.0
2026-06-09 13:32:00,GSVR.V,,0.44999998807907104,0.45500001311302185,0.44999998807907104,0.44999998807907104,43342.0
2026-06-09 13:32:00,HHH.V,,5.010000228881836,5.050000190734863,5.010000228881836,5.050000190734863,23900.0
2026-06-09 13:32:00,HME.V,,2.7799999713897705,2.7799999713897705,2.7799999713897705,2.7799999713897705,100.0
2026-06-09 13:32:00,ISGI.V,,0.014999999664723873,0.014999999664723873,0.014999999664723873,0.014999999664723873,1000.0
2026-06-09 13:32:00,MTA.V,,9.390000343322754,9.390000343322754,9.390000343322754,9.390000343322754,135.0
2026-06-09 13:32:00,PNG.V,,7.090000152587891,7.090000152587891,7.090000152587891,7.090000152587891,310.0
2026-06-09 13:33:00,HHH.V,,4.949999809265137,5.03000020980835,4.949999809265137,5.03000020980835,5080.0
2026-06-09 13:33:00,HSTR.V,,1.6699999570846558,1.6699999570846558,1.6699999570846558,1.6699999570846558,100.0
2026-06-09 13:33:00,ITR.V,,3.200000047683716,3.200000047683716,3.200000047683716,3.200000047683716,600.0
2026-06-09 13:33:00,KTN.V,,1.350000023841858,1.350000023841858,1.350000023841858,1.350000023841858,100.0
2026-06-09 13:33:00,LG.V,,0.3449999988079071,0.3449999988079071,0.3449999988079071,0.3449999988079071,500.0
2026-06-09 13:33:00,LSTR.V,,0.07999999821186066,0.07999999821186066,0.07999999821186066,0.07999999821186066,20000.0
2026-06-09 13:33:00,PNG.V,,7.090000152587891,7.090000152587891,7.090000152587891,7.090000152587891,182.0
2026-06-09 13:34:00,GWM.V,,0.5149999856948853,0.5149999856948853,0.5149999856948853,0.5149999856948853,500.0
2026-06-09 13:34:00,HHH.V,,4.900000095367432,4.900000095367432,4.900000095367432,4.900000095367432,300.0
2026-06-09 13:34:00,HITI.V,,3.2699999809265137,3.2699999809265137,3.2699999809265137,3.2699999809265137,200.0
2026-06-09 13:34:00,HME.V,,2.7799999713897705,2.7799999713897705,2.7799999713897705,2.7799999713897705,100.0
2026-06-09 13:34:00,HSTR.V,,1.6799999475479126,1.6799999475479126,1.6799999475479126,1.6799999475479126,3543.0
2026-06-09 13:34:00,KTN.V,,1.350000023841858,1.350000023841858,1.350000023841858,1.350000023841858,1000.0
2026-06-09 13:34:00,MLP.V,,1.8300000429153442,1.8300000429153442,1.8300000429153442,1.8300000429153442,200.0
2026-06-09 13:34:00,NURS.V,,4.090000152587891,4.090000152587891,4.090000152587891,4.090000152587891,100.0
2026-06-09 13:34:00,PNG.V,,7.090000152587891,7.105000019073486,7.090000152587891,7.099999904632568,3635.0
2026-06-09 13:34:00,ZNG.V,,0.8799999952316284,0.8799999952316284,0.8799999952316284,0.8799999952316284,15000.0
2026-06-09 13:35:00,GGO.V,,1.0199999809265137,1.0199999809265137,1.0199999809265137,1.0199999809265137,500.0
2026-06-09 13:35:00,GSI.V,,1.1200000047683716,1.1200000047683716,1.1100000143051147,1.1100000143051147,1500.0
2026-06-09 13:35:00,GSVR.V,,0.44999998807907104,0.44999998807907104,0.44999998807907104,0.44999998807907104,27000.0
2026-06-09 13:35:00,IFOS.V,,2.380000114440918,2.380000114440918,2.380000114440918,2.380000114440918,100.0
2026-06-09 13:35:00,KTN.V,,1.3550000190734863,1.3550000190734863,1.3550000190734863,1.3550000190734863,300.0
2026-06-09 13:35:00,KTO.V,,0.6499999761581421,0.6499999761581421,0.6499999761581421,0.6499999761581421,8000.0
2026-06-09 13:35:00,LG.V,,0.3449999988079071,0.3449999988079071,0.3449999988079071,0.3449999988079071,500.0
2026-06-09 13:35:00,LMN.V,,22.600000381469727,22.600000381469727,22.459999084472656,22.459999084472656,2962.0
2026-06-09 13:35:00,MKO.V,,9.890000343322754,9.890000343322754,9.890000343322754,9.890000343322754,100.0
2026-06-09 13:36:00,GPAC.V,,0.38999998569488525,0.38999998569488525,0.38999998569488525,0.38999998569488525,500.0
2026-06-09 13:36:00,GRZ.V,,6.849999904632568,6.849999904632568,6.849999904632568,6.849999904632568,600.0
2026-06-09 13:36:00,GSI.V,,1.1200000047683716,1.1200000047683716,1.1200000047683716,1.1200000047683716,100.0
2026-06-09 13:36:00,GTC.V,,0.1599999964237213,0.1599999964237213,0.1599999964237213,0.1599999964237213,14000.0
2026-06-09 13:36:00,PNG.V,,7.090000152587891,7.110000133514404,7.079999923706055,7.110000133514404,7800.0
2026-06-09 13:37:00,FDR.V,,4.130000114440918,4.130000114440918,4.130000114440918,4.130000114440918,300.0
2026-06-09 13:37:00,GRZ.V,,6.849999904632568,6.849999904632568,6.849999904632568,6.849999904632568,500.0
2026-06-09 13:37:00,GSVR.V,,0.44999998807907104,0.44999998807907104,0.44999998807907104,0.44999998807907104,500.0
2026-06-09 13:37:00,HME.V,,2.7799999713897705,2.7799999713897705,2.7799999713897705,2.7799999713897705,100.0
2026-06-09 13:37:00,KTN.V,,1.350000023841858,1.350000023841858,1.350000023841858,1.350000023841858,100.0
2026-06-09 13:37:00,KTO.V,,0.6399999856948853,0.6499999761581421,0.6399999856948853,0.6399999856948853,28367.0
2026-06-09 13:37:00,LMN.V,,22.760000228881836,22.760000228881836,22.760000228881836,22.760000228881836,350.0
2026-06-09 13:37:00,MGM.V,,2.7200000286102295,2.7200000286102295,2.7200000286102295,2.7200000286102295,300.0
2026-06-09 13:37:00,MKO.V,,9.869999885559082,9.869999885559082,9.869999885559082,9.869999885559082,200.0
2026-06-09 13:38:00,FDR.V,,4.110000133514404,4.110000133514404,4.110000133514404,4.110000133514404,200.0
2026-06-09 13:38:00,GSVR.V,,0.44999998807907104,0.44999998807907104,0.44999998807907104,0.44999998807907104,796.0
2026-06-09 13:38:00,HSTR.V,,1.6799999475479126,1.6799999475479126,1.6799999475479126,1.6799999475479126,2200.0
2026-06-09 13:38:00,KTN.V,,1.350000023841858,1.350000023841858,1.350000023841858,1.350000023841858,200.0
2026-06-09 13:38:00,LG.V,,0.3449999988079071,0.3449999988079071,0.3449999988079071,0.3449999988079071,500.0
2026-06-09 13:38:00,MKO.V,,9.90999984741211,9.90999984741211,9.899999618530273,9.899999618530273,599.0
2026-06-09 13:38:00,MLP.V,,1.8300000429153442,1.8300000429153442,1.8300000429153442,1.8300000429153442,200.0
2026-06-09 13:38:00,PNG.V,,7.105000019073486,7.105000019073486,7.105000019073486,7.105000019073486,1400.0
2026-06-09 13:38:00,YGT.V,,0.1899999976158142,0.1899999976158142,0.1899999976158142,0.1899999976158142,500.0
2026-06-09 13:39:00,GSVR.V,,0.45249998569488525,0.45249998569488525,0.45249998569488525,0.45249998569488525,1000.0
2026-06-09 13:39:00,GWM.V,,0.5149999856948853,0.5149999856948853,0.5149999856948853,0.5149999856948853,500.0
2026-06-09 13:39:00,HSTR.V,,1.6799999475479126,1.6799999475479126,1.6799999475479126,1.6799999475479126,1400.0
2026-06-09 13:39:00,KNG.V,,0.9700000286102295,0.9800000190734863,0.9700000286102295,0.9800000190734863,5000.0
2026-06-09 13:39:00,LSTR.V,,0.07999999821186066,0.07999999821186066,0.07999999821186066,0.07999999821186066,30000.0
2026-06-09 13:39:00,NURS.V,,4.119999885559082,4.119999885559082,4.110000133514404,4.110000133514404,1500.0
2026-06-09 13:39:00,PNG.V,,7.090000152587891,7.090000152587891,7.090000152587891,7.090000152587891,100.0
2026-06-09 13:39:00,ZNG.V,,0.8700000047683716,0.8700000047683716,0.8700000047683716,0.8700000047683716,500.0
2026-06-09 13:40:00,BIG.V,,0.6299999952316284,0.6299999952316284,0.6299999952316284,0.6299999952316284,2000.0
2026-06-09 13:40:00,FL.V,,0.48500001430511475,0.48500001430511475,0.48500001430511475,0.48500001430511475,44000.0
2026-06-09 13:40:00,GMV.V,,0.125,0.125,0.125,0.125,5500.0
2026-06-09 13:40:00,HSTR.V,,1.6799999475479126,1.6799999475479126,1.6749999523162842,1.6799999475479126,6100.0
2026-06-09 13:40:00,ITR.V,,3.2100000381469727,3.2100000381469727,3.2100000381469727,3.2100000381469727,600.0
2026-06-09 13:40:00,LMN.V,,22.530000686645508,22.530000686645508,22.530000686645508,22.530000686645508,139.0
2026-06-09 13:40:00,NURS.V,,4.110000133514404,4.119999885559082,4.110000133514404,4.110000133514404,3500.0
2026-06-09 13:40:00,PNG.V,,7.110000133514404,7.110000133514404,7.110000133514404,7.110000133514404,500.0
2026-06-09 13:41:00,FPC.V,,0.46000000834465027,0.46000000834465027,0.46000000834465027,0.46000000834465027,34000.0
2026-06-09 13:41:00,GLAD.V,,2.2300000190734863,2.2300000190734863,2.2300000190734863,2.2300000190734863,100.0
2026-06-09 13:41:00,GSVR.V,,0.44999998807907104,0.44999998807907104,0.44999998807907104,0.44999998807907104,500.0
2026-06-09 13:41:00,HME.V,,2.7799999713897705,2.7799999713897705,2.7799999713897705,2.7799999713897705,100.0
2026-06-09 13:41:00,HSTR.V,,1.6799999475479126,1.6799999475479126,1.6799999475479126,1.6799999475479126,1600.0
2026-06-09 13:41:00,ITR.V,,3.2100000381469727,3.2100000381469727,3.2100000381469727,3.2100000381469727,100.0
2026-06-09 13:41:00,LCX.V,,1.6799999475479126,1.6799999475479126,1.6799999475479126,1.6799999475479126,6500.0
2026-06-09 13:41:00,LG.V,,0.3449999988079071,0.3449999988079071,0.3449999988079071,0.3449999988079071,1000.0
2026-06-09 13:41:00,LGN.V,,0.9100000262260437,0.9100000262260437,0.9100000262260437,0.9100000262260437,500.0
2026-06-09 13:41:00,LMN.V,,22.520000457763672,22.520000457763672,22.520000457763672,22.520000457763672,853.0
2026-06-09 13:41:00,NURS.V,,4.110000133514404,4.130000114440918,4.110000133514404,4.110000133514404,3400.0
2026-06-09 13:41:00,PNG.V,,7.139999866485596,7.139999866485596,7.119999885559082,7.119999885559082,5276.0
2026-06-09 13:42:00,FDR.V,,4.130000114440918,4.130000114440918,4.130000114440918,4.130000114440918,100.0
2026-06-09 13:42:00,FL.V,,0.48500001430511475,0.48500001430511475,0.48500001430511475,0.48500001430511475,3500.0
2026-06-09 13:42:00,HAM.V,,5.300000190734863,5.300000190734863,5.300000190734863,5.300000190734863,150.0
2026-06-09 13:42:00,HSTR.V,,1.6799999475479126,1.6799999475479126,1.6799999475479126,1.6799999475479126,5600.0
2026-06-09 13:42:00,ITR.V,,3.2100000381469727,3.2100000381469727,3.2100000381469727,3.2100000381469727,100.0
2026-06-09 13:42:00,LCX.V,,1.690000057220459,1.690000057220459,1.659999966621399,1.659999966621399,13316.0
2026-06-09 13:42:00,NURS.V,,4.110000133514404,4.110000133514404,4.110000133514404,4.110000133514404,1900.0
2026-06-09 13:43:00,GSVR.V,,0.44999998807907104,0.44999998807907104,0.44999998807907104,0.44999998807907104,500.0
2026-06-09 13:43:00,HHH.V,,4.929999828338623,4.940000057220459,4.929999828338623,4.929999828338623,300.0
2026-06-09 13:43:00,KTN.V,,1.350000023841858,1.350000023841858,1.350000023841858,1.350000023841858,2600.0
2026-06-09 13:43:00,LCX.V,,1.7000000476837158,1.7000000476837158,1.690000057220459,1.690000057220459,7900.0
2026-06-09 13:43:00,LG.V,,0.3449999988079071,0.3449999988079071,0.3449999988079071,0.3449999988079071,500.0
2026-06-09 13:43:00,MLP.V,,1.8600000143051147,1.8600000143051147,1.850000023841858,1.850000023841858,600.0
2026-06-09 13:43:00,PNG.V,,7.159999847412109,7.159999847412109,7.130000114440918,7.130000114440918,810.0
2026-06-09 13:44:00,GWM.V,,0.5149999856948853,0.5149999856948853,0.5149999856948853,0.5149999856948853,500.0
2026-06-09 13:44:00,JUGR.V,,0.9800000190734863,0.9800000190734863,0.9800000190734863,0.9800000190734863,300.0
2026-06-09 13:44:00,KTN.V,,1.3450000286102295,1.3450000286102295,1.3450000286102295,1.3450000286102295,100.0
2026-06-09 13:44:00,LG.V,,0.3449999988079071,0.3449999988079071,0.3449999988079071,0.3449999988079071,7220.0
2026-06-09 13:44:00,MTA.V,,9.510000228881836,9.510000228881836,9.510000228881836,9.510000228881836,100.0
2026-06-09 13:44:00,PNG.V,,7.150000095367432,7.170000076293945,7.150000095367432,7.170000076293945,2654.0
2026-06-09 13:44:00,ZNG.V,,0.8899999856948853,0.8899999856948853,0.8799999952316284,0.8799999952316284,5500.0
2026-06-09 13:45:00,HME.V,,2.7799999713897705,2.7799999713897705,2.7799999713897705,2.7799999713897705,100.0
2026-06-09 13:45:00,LGN.V,,0.9100000262260437,0.9100000262260437,0.9100000262260437,0.9100000262260437,500.0
2026-06-09 13:45:00,LMN.V,,22.510000228881836,22.520000457763672,22.510000228881836,22.510000228881836,494.0
2026-06-09 13:45:00,MGM.V,,2.7300000190734863,2.7300000190734863,2.7200000286102295,2.7200000286102295,300.0
2026-06-09 13:45:00,MLP.V,,1.850000023841858,1.850000023841858,1.850000023841858,1.850000023841858,200.0
2026-06-09 13:45:00,PNG.V,,7.150000095367432,7.150000095367432,7.139999866485596,7.139999866485596,2150.0
2026-06-09 13:46:00,GPH.V,,1.0700000524520874,1.0700000524520874,1.0700000524520874,1.0700000524520874,100.0
2026-06-09 13:46:00,GSVR.V,,0.44999998807907104,0.44999998807907104,0.44999998807907104,0.44999998807907104,500.0
2026-06-09 13:46:00,HSTR.V,,1.6799999475479126,1.6799999475479126,1.6799999475479126,1.6799999475479126,9100.0
2026-06-09 13:46:00,LMN.V,,22.510000228881836,22.510000228881836,22.510000228881836,22.510000228881836,100.0
2026-06-09 13:46:00,MKO.V,,9.880000114440918,9.880000114440918,9.880000114440918,9.880000114440918,200.0
2026-06-09 13:46:00,MTA.V,,9.449999809265137,9.449999809265137,9.449999809265137,9.449999809265137,100.0
2026-06-09 13:46:00,PNG.V,,7.139999866485596,7.159999847412109,7.139999866485596,7.139999866485596,2670.0
2026-06-09 13:47:00,FL.V,,0.48500001430511475,0.48500001430511475,0.48500001430511475,0.48500001430511475,3500.0
2026-06-09 13:47:00,FUU.V,,0.14000000059604645,0.14000000059604645,0.14000000059604645,0.14000000059604645,6628.0
2026-06-09 13:47:00,GAL.V,,0.41499999165534973,0.41499999165534973,0.41499999165534973,0.41499999165534973,6000.0
2026-06-09 13:47:00,GSVR.V,,0.44999998807907104,0.44999998807907104,0.44999998807907104,0.44999998807907104,17500.0
2026-06-09 13:47:00,HMR.V,,0.75,0.75,0.75,0.75,2000.0
2026-06-09 13:47:00,HSTR.V,,1.6799999475479126,1.6799999475479126,1.6799999475479126,1.6799999475479126,4400.0
2026-06-09 13:47:00,IFOS.V,,2.390000104904175,2.390000104904175,2.380000114440918,2.380000114440918,600.0
2026-06-09 13:47:00,LG.V,,0.3449999988079071,0.3449999988079071,0.3449999988079071,0.3449999988079071,5000.0
2026-06-09 13:47:00,MLP.V,,1.840000033378601,1.840000033378601,1.840000033378601,1.840000033378601,100.0
2026-06-09 13:47:00,PNG.V,,7.119999885559082,7.130000114440918,7.119999885559082,7.130000114440918,1001.0
2026-06-09 13:48:00,FL.V,,0.48500001430511475,0.48500001430511475,0.48500001430511475,0.48500001430511475,6500.0
2026-06-09 13:48:00,GRZ.V,,6.849999904632568,6.849999904632568,6.849999904632568,6.849999904632568,200.0
2026-06-09 13:48:00,GSVR.V,,0.4449999928474426,0.4449999928474426,0.4449999928474426,0.4449999928474426,500.0
2026-06-09 13:48:00,HSTR.V,,1.6799999475479126,1.6799999475479126,1.6799999475479126,1.6799999475479126,2400.0
2026-06-09 13:48:00,MIM.V,,0.20999999344348907,0.20999999344348907,0.20999999344348907,0.20999999344348907,5500.0
2026-06-09 13:48:00,MLP.V,,1.840000033378601,1.840000033378601,1.840000033378601,1.840000033378601,100.0
2026-06-09 13:48:00,NURS.V,,4.099999904632568,4.099999904632568,4.099999904632568,4.099999904632568,2400.0
2026-06-09 13:48:00,PNG.V,,7.099999904632568,7.110000133514404,7.099999904632568,7.110000133514404,3320.0
2026-06-09 13:49:00,FUU.V,,0.14000000059604645,0.14000000059604645,0.14000000059604645,0.14000000059604645,2000.0
2026-06-09 13:49:00,GRZ.V,,6.800000190734863,6.809999942779541,6.800000190734863,6.809999942779541,200.0
2026-06-09 13:49:00,GWM.V,,0.5099999904632568,0.5099999904632568,0.5099999904632568,0.5099999904632568,500.0
2026-06-09 13:49:00,HEVI.V,,0.20000000298023224,0.20000000298023224,0.20000000298023224,0.20000000298023224,14000.0
2026-06-09 13:49:00,HI.V,,0.16500000655651093,0.16500000655651093,0.16500000655651093,0.16500000655651093,57500.0
2026-06-09 13:49:00,KNG.V,,1.0099999904632568,1.0099999904632568,1.0,1.0,5300.0
2026-06-09 13:49:00,KTN.V,,1.350000023841858,1.350000023841858,1.350000023841858,1.350000023841858,1800.0
2026-06-09 13:49:00,LG.V,,0.3449999988079071,0.3449999988079071,0.3449999988079071,0.3449999988079071,500.0
2026-06-09 13:49:00,LGN.V,,0.9100000262260437,0.9100000262260437,0.9100000262260437,0.9100000262260437,500.0
2026-06-09 13:49:00,MD.V,,0.4300000071525574,0.4300000071525574,0.4300000071525574,0.4300000071525574,2000.0
2026-06-09 13:49:00,MIM.V,,0.20999999344348907,0.20999999344348907,0.20999999344348907,0.20999999344348907,8000.0
2026-06-09 13:49:00,MTA.V,,9.380000114440918,9.390000343322754,9.380000114440918,9.390000343322754,200.0
2026-06-09 13:50:00,EPF.V,,0.5799999833106995,0.5899999737739563,0.5799999833106995,0.5899999737739563,17500.0
2026-06-09 13:50:00,GMV.V,,0.125,0.125,0.125,0.125,6000.0
2026-06-09 13:50:00,GSVR.V,,0.44999998807907104,0.44999998807907104,0.44999998807907104,0.44999998807907104,5000.0
2026-06-09 13:50:00,HME.V,,2.759999990463257,2.7799999713897705,2.759999990463257,2.7799999713897705,1400.0
2026-06-09 13:50:00,HSTR.V,,1.6799999475479126,1.6799999475479126,1.6799999475479126,1.6799999475479126,2800.0
2026-06-09 13:50:00,ITR.V,,3.200000047683716,3.200000047683716,3.200000047683716,3.200000047683716,2600.0
2026-06-09 13:50:00,LCX.V,,1.7000000476837158,1.7100000381469727,1.7000000476837158,1.7000000476837158,7800.0
2026-06-09 13:50:00,MGM.V,,2.7300000190734863,2.7300000190734863,2.7300000190734863,2.7300000190734863,100.0
2026-06-09 13:50:00,MLP.V,,1.840000033378601,1.840000033378601,1.840000033378601,1.840000033378601,100.0
2026-06-09 13:50:00,PNG.V,,7.119999885559082,7.119999885559082,7.119999885559082,7.119999885559082,100.0
2026-06-09 13:51:00,ESK.V,,0.375,0.375,0.375,0.375,500.0
2026-06-09 13:51:00,JUGR.V,,0.9800000190734863,0.9800000190734863,0.9800000190734863,0.9800000190734863,300.0
2026-06-09 13:51:00,LMN.V,,22.700000762939453,22.700000762939453,22.549999237060547,22.549999237060547,3300.0
2026-06-09 13:51:00,MLP.V,,1.840000033378601,1.840000033378601,1.840000033378601,1.840000033378601,100.0
2026-06-09 13:51:00,PNG.V,,7.159999847412109,7.159999847412109,7.159999847412109,7.159999847412109,158.0
2026-06-09 13:51:00,YGT.V,,0.1899999976158142,0.1899999976158142,0.1899999976158142,0.1899999976158142,4000.0
2026-06-09 13:51:00,ZNG.V,,0.8799999952316284,0.8799999952316284,0.8799999952316284,0.8799999952316284,9500.0
2026-06-09 13:52:00,GLAD.V,,2.299999952316284,2.299999952316284,2.240000009536743,2.240000009536743,5900.0
2026-06-09 13:52:00,GPAC.V,,0.3799999952316284,0.3799999952316284,0.3799999952316284,0.3799999952316284,4500.0
2026-06-09 13:52:00,GSVR.V,,0.44999998807907104,0.44999998807907104,0.44999998807907104,0.44999998807907104,2000.0
2026-06-09 13:52:00,IFOS.V,,2.390000104904175,2.390000104904175,2.380000114440918,2.380000114440918,9400.0
2026-06-09 13:52:00,LG.V,,0.3449999988079071,0.3449999988079071,0.3449999988079071,0.3449999988079071,500.0
2026-06-09 13:52:00,LGN.V,,0.9100000262260437,0.9100000262260437,0.9100000262260437,0.9100000262260437,500.0
2026-06-09 13:52:00,LMN.V,,22.719999313354492,22.719999313354492,22.709999084472656,22.709999084472656,357.0
2026-06-09 13:52:00,MKO.V,,9.890000343322754,9.890000343322754,9.890000343322754,9.890000343322754,300.0
2026-06-09 13:52:00,PNG.V,,7.159999847412109,7.159999847412109,7.159999847412109,7.159999847412109,200.0
2026-06-09 13:52:00,YGT.V,,0.1899999976158142,0.1899999976158142,0.1899999976158142,0.1899999976158142,500.0
2026-06-09 13:52:00,ZNG.V,,0.8799999952316284,0.8899999856948853,0.8799999952316284,0.8899999856948853,3300.0
2026-06-09 13:53:00,EMM.V,,0.08500000089406967,0.08500000089406967,0.08500000089406967,0.08500000089406967,5000.0
2026-06-09 13:53:00,FDR.V,,4.114999771118164,4.114999771118164,4.114999771118164,4.114999771118164,100.0
2026-06-09 13:53:00,FPC.V,,0.46000000834465027,0.46000000834465027,0.46000000834465027,0.46000000834465027,500.0
2026-06-09 13:53:00,GSVR.V,,0.44999998807907104,0.44999998807907104,0.44999998807907104,0.44999998807907104,3000.0
2026-06-09 13:53:00,GWM.V,,0.5099999904632568,0.5099999904632568,0.5099999904632568,0.5099999904632568,500.0
2026-06-09 13:53:00,HME.V,,2.7799999713897705,2.7799999713897705,2.7799999713897705,2.7799999713897705,200.0
2026-06-09 13:53:00,HSTR.V,,1.6799999475479126,1.6799999475479126,1.6799999475479126,1.6799999475479126,5600.0
2026-06-09 13:53:00,JUGR.V,,0.9800000190734863,0.9800000190734863,0.9800000190734863,0.9800000190734863,800.0
2026-06-09 13:53:00,LQWD.V,,0.7099999785423279,0.7200000286102295,0.699999988079071,0.699999988079071,15800.0
2026-06-09 13:53:00,MIM.V,,0.20999999344348907,0.20999999344348907,0.20999999344348907,0.20999999344348907,3500.0
2026-06-09 13:53:00,MLP.V,,1.840000033378601,1.840000033378601,1.840000033378601,1.840000033378601,100.0
2026-06-09 13:53:00,MTLO.V,,0.004999999888241291,0.004999999888241291,0.004999999888241291,0.004999999888241291,990200.0
2026-06-09 13:53:00,NURS.V,,4.110000133514404,4.110000133514404,4.110000133514404,4.110000133514404,1400.0
2026-06-09 13:53:00,PNG.V,,7.130000114440918,7.144999980926514,7.130000114440918,7.139999866485596,2525.0
2026-06-09 13:54:00,FPC.V,,0.4625000059604645,0.4625000059604645,0.4625000059604645,0.4625000059604645,3500.0
2026-06-09 13:54:00,FUU.V,,0.14000000059604645,0.14000000059604645,0.14000000059604645,0.14000000059604645,2500.0
2026-06-09 13:54:00,GCN.V,,0.03500000014901161,0.03500000014901161,0.03500000014901161,0.03500000014901161,2000.0
2026-06-09 13:54:00,HSTR.V,,1.6799999475479126,1.6799999475479126,1.6799999475479126,1.6799999475479126,2200.0
2026-06-09 13:54:00,KTN.V,,1.350000023841858,1.350000023841858,1.350000023841858,1.350000023841858,253.0
2026-06-09 13:54:00,MLP.V,,1.840000033378601,1.840000033378601,1.840000033378601,1.840000033378601,100.0
2026-06-09 13:55:00,FPC.V,,0.4650000035762787,0.4650000035762787,0.4625000059604645,0.4625000059604645,8000.0
2026-06-09 13:55:00,GCN.V,,0.03500000014901161,0.03500000014901161,0.03500000014901161,0.03500000014901161,30000.0
2026-06-09 13:55:00,GRZ.V,,6.800000190734863,6.800000190734863,6.800000190734863,6.800000190734863,100.0
2026-06-09 13:55:00,GSVR.V,,0.44999998807907104,0.44999998807907104,0.44999998807907104,0.44999998807907104,3500.0
2026-06-09 13:55:00,HAM.V,,5.300000190734863,5.300000190734863,5.300000190734863,5.300000190734863,300.0
2026-06-09 13:55:00,HME.V,,2.7799999713897705,2.7799999713897705,2.7799999713897705,2.7799999713897705,200.0
2026-06-09 13:55:00,HSTR.V,,1.690000057220459,1.690000057220459,1.690000057220459,1.690000057220459,400.0
2026-06-09 13:55:00,HVG.V,,0.04500000178813934,0.04500000178813934,0.04500000178813934,0.04500000178813934,25000.0
2026-06-09 13:55:00,LCX.V,,1.7200000286102295,1.7200000286102295,1.7200000286102295,1.7200000286102295,100.0
2026-06-09 13:55:00,MTA.V,,9.399999618530273,9.399999618530273,9.399999618530273,9.399999618530273,100.0
2026-06-09 13:55:00,PNG.V,,7.159999847412109,7.159999847412109,7.130000114440918,7.159999847412109,450.0
2026-06-09 13:56:00,FPC.V,,0.4650000035762787,0.4650000035762787,0.4650000035762787,0.4650000035762787,7000.0
2026-06-09 13:56:00,GSVR.V,,0.44999998807907104,0.44999998807907104,0.44999998807907104,0.44999998807907104,3500.0
2026-06-09 13:56:00,HAM.V,,5.28000020980835,5.289999961853027,5.28000020980835,5.289999961853027,850.0
2026-06-09 13:56:00,HME.V,,2.7799999713897705,2.7799999713897705,2.7799999713897705,2.7799999713897705,100.0
2026-06-09 13:56:00,LG.V,,0.3449999988079071,0.3449999988079071,0.3449999988079071,0.3449999988079071,500.0
2026-06-09 13:56:00,LMN.V,,22.719999313354492,22.719999313354492,22.719999313354492,22.719999313354492,200.0
2026-06-09 13:56:00,MKO.V,,9.899999618530273,9.899999618530273,9.899999618530273,9.899999618530273,800.0
2026-06-09 13:56:00,MLP.V,,1.840000033378601,1.840000033378601,1.840000033378601,1.840000033378601,100.0
2026-06-09 13:56:00,NURS.V,,4.099999904632568,4.099999904632568,4.099999904632568,4.099999904632568,2400.0
2026-06-09 13:56:00,PNG.V,,7.150000095367432,7.150000095367432,7.139999866485596,7.150000095367432,1900.0
2026-06-09 13:57:00,FRI.V,,0.06499999761581421,0.06499999761581421,0.06499999761581421,0.06499999761581421,36000.0
2026-06-09 13:57:00,GSVR.V,,0.44999998807907104,0.44999998807907104,0.44999998807907104,0.44999998807907104,6000.0
2026-06-09 13:57:00,HSTR.V,,1.6799999475479126,1.6799999475479126,1.6799999475479126,1.6799999475479126,972.0
2026-06-09 13:57:00,IGO.V,,0.09000000357627869,0.09000000357627869,0.09000000357627869,0.09000000357627869,14000.0
2026-06-09 13:57:00,JUGR.V,,0.9800000190734863,0.9800000190734863,0.9800000190734863,0.9800000190734863,500.0
2026-06-09 13:57:00,MKO.V,,9.899999618530273,9.899999618530273,9.899999618530273,9.899999618530273,1000.0
2026-06-09 13:57:00,MLP.V,,1.840000033378601,1.840000033378601,1.840000033378601,1.840000033378601,100.0
2026-06-09 13:57:00,PNG.V,,7.150000095367432,7.150000095367432,7.130000114440918,7.150000095367432,3400.0
2026-06-09 13:58:00,FL.V,,0.47999998927116394,0.47999998927116394,0.47999998927116394,0.47999998927116394,17112.0
2026-06-09 13:58:00,FUU.V,,0.14000000059604645,0.14000000059604645,0.14000000059604645,0.14000000059604645,500.0
2026-06-09 13:58:00,GSVR.V,,0.44999998807907104,0.44999998807907104,0.44999998807907104,0.44999998807907104,3500.0
2026-06-09 13:58:00,HHH.V,,4.940000057220459,4.940000057220459,4.940000057220459,4.940000057220459,200.0
2026-06-09 13:58:00,LMN.V,,22.770000457763672,22.81999969482422,22.770000457763672,22.770000457763672,1500.0
2026-06-09 13:58:00,PNG.V,,7.150000095367432,7.150000095367432,7.150000095367432,7.150000095367432,1900.0
2026-06-09 13:59:00,FL.V,,0.47999998927116394,0.48249998688697815,0.47999998927116394,0.48249998688697815,25500.0
2026-06-09 13:59:00,FRI.V,,0.07000000029802322,0.07000000029802322,0.07000000029802322,0.07000000029802322,4000.0
2026-06-09 13:59:00,MKO.V,,9.899999618530273,9.899999618530273,9.899999618530273,9.899999618530273,1200.0
2026-06-09 13:59:00,MLP.V,,1.840000033378601,1.840000033378601,1.840000033378601,1.840000033378601,100.0
2026-06-09 13:59:00,PNG.V,,7.150000095367432,7.150000095367432,7.150000095367432,7.150000095367432,3800.0
2026-06-09 14:00:00,FDR.V,,4.090000152587891,4.139999866485596,4.090000152587891,4.130000114440918,400.0
2026-06-09 14:00:00,FOR.V,,0.6100000143051147,0.6100000143051147,0.6100000143051147,0.6100000143051147,4500.0
2026-06-09 14:00:00,GLAD.V,,2.2100000381469727,2.2200000286102295,2.2100000381469727,2.2200000286102295,6700.0
2026-06-09 14:00:00,GMV.V,,0.125,0.125,0.125,0.125,5500.0
2026-06-09 14:00:00,GPH.V,,1.0700000524520874,1.0700000524520874,1.0700000524520874,1.0700000524520874,100.0
2026-06-09 14:00:00,HITI.V,,3.2699999809265137,3.2699999809265137,3.2699999809265137,3.2699999809265137,100.0
2026-06-09 14:00:00,KTN.V,,1.350000023841858,1.350000023841858,1.350000023841858,1.350000023841858,200.0
2026-06-09 14:00:00,LGN.V,,0.9100000262260437,0.9100000262260437,0.9100000262260437,0.9100000262260437,500.0
2026-06-09 14:00:00,MLP.V,,1.840000033378601,1.840000033378601,1.840000033378601,1.840000033378601,100.0
2026-06-09 14:00:00,PNG.V,,7.130000114440918,7.150000095367432,7.130000114440918,7.150000095367432,700.0
2026-06-09 14:01:00,EQTY.V,,0.26499998569488525,0.26499998569488525,0.25999999046325684,0.25999999046325684,37000.0
2026-06-09 14:01:00,FDR.V,,4.139999866485596,4.139999866485596,4.130000114440918,4.130000114440918,300.0
2026-06-09 14:01:00,FUU.V,,0.14000000059604645,0.14000000059604645,0.14000000059604645,0.14000000059604645,500.0
2026-06-09 14:01:00,GGO.V,,1.0199999809265137,1.0199999809265137,1.0199999809265137,1.0199999809265137,500.0
2026-06-09 14:01:00,IVS.V,,0.27000001072883606,0.27000001072883606,0.27000001072883606,0.27000001072883606,4950.0
2026-06-09 14:01:00,KTN.V,,1.3600000143051147,1.3600000143051147,1.3600000143051147,1.3600000143051147,28300.0
2026-06-09 14:01:00,LMN.V,,22.770000457763672,22.829999923706055,22.770000457763672,22.829999923706055,600.0
2026-06-09 14:01:00,MLP.V,,1.840000033378601,1.840000033378601,1.840000033378601,1.840000033378601,100.0
2026-06-09 14:01:00,MMG.V,,0.24500000476837158,0.24500000476837158,0.24500000476837158,0.24500000476837158,10000.0
2026-06-09 14:01:00,PNG.V,,7.144999980926514,7.150000095367432,7.139999866485596,7.139999866485596,14900.0
2026-06-09 14:02:00,EQTY.V,,0.26499998569488525,0.26499998569488525,0.26499998569488525,0.26499998569488525,68429.0
2026-06-09 14:02:00,FDR.V,,4.130000114440918,4.130000114440918,4.130000114440918,4.130000114440918,200.0
2026-06-09 14:02:00,GSI.V,,1.1100000143051147,1.1100000143051147,1.1100000143051147,1.1100000143051147,100.0
2026-06-09 14:02:00,KGC.V,,0.029999999329447746,0.029999999329447746,0.029999999329447746,0.029999999329447746,3000.0
2026-06-09 14:02:00,LCX.V,,1.7200000286102295,1.7200000286102295,1.7200000286102295,1.7200000286102295,100.0
2026-06-09 14:02:00,LG.V,,0.3449999988079071,0.3449999988079071,0.3449999988079071,0.3449999988079071,500.0
2026-06-09 14:02:00,PNG.V,,7.150000095367432,7.159999847412109,7.139999866485596,7.159999847412109,500.0
2026-06-09 14:03:00,FDR.V,,4.110000133514404,4.110000133514404,4.099999904632568,4.099999904632568,3700.0
2026-06-09 14:03:00,HITI.V,,3.2699999809265137,3.2699999809265137,3.2699999809265137,3.2699999809265137,100.0
2026-06-09 14:03:00,HSTR.V,,1.684999942779541,1.684999942779541,1.684999942779541,1.684999942779541,800.0
2026-06-09 14:03:00,LMN.V,,22.84000015258789,22.84000015258789,22.729999542236328,22.729999542236328,300.0
2026-06-09 14:03:00,MLP.V,,1.840000033378601,1.840000033378601,1.840000033378601,1.840000033378601,100.0
2026-06-09 14:03:00,PNG.V,,7.119999885559082,7.150000095367432,7.099999904632568,7.150000095367432,10445.0
2026-06-09 14:04:00,FUU.V,,0.14000000059604645,0.14000000059604645,0.14000000059604645,0.14000000059604645,3000.0
2026-06-09 14:04:00,GSTM.V,,0.16500000655651093,0.16500000655651093,0.16500000655651093,0.16500000655651093,15000.0
2026-06-09 14:04:00,GWM.V,,0.5099999904632568,0.5099999904632568,0.5099999904632568,0.5099999904632568,500.0
2026-06-09 14:04:00,HMR.V,,0.75,0.75,0.75,0.75,1000.0
2026-06-09 14:04:00,HSTR.V,,1.6799999475479126,1.6799999475479126,1.6799999475479126,1.6799999475479126,2078.0
2026-06-09 14:04:00,ITR.V,,3.200000047683716,3.200000047683716,3.200000047683716,3.200000047683716,1000.0
2026-06-09 14:04:00,KTN.V,,1.350000023841858,1.350000023841858,1.350000023841858,1.350000023841858,3300.0
2026-06-09 14:04:00,LGN.V,,0.9100000262260437,0.9100000262260437,0.9100000262260437,0.9100000262260437,500.0
2026-06-09 14:04:00,MLP.V,,1.850000023841858,1.850000023841858,1.840000033378601,1.840000033378601,200.0
2026-06-09 14:04:00,NURS.V,,4.079999923706055,4.079999923706055,4.079999923706055,4.079999923706055,175.0
2026-06-09 14:04:00,PNG.V,,7.130000114440918,7.130000114440918,7.119999885559082,7.119999885559082,1700.0
2026-06-09 14:05:00,GSVR.V,,0.45500001311302185,0.45500001311302185,0.45249998569488525,0.45249998569488525,16000.0
2026-06-09 14:05:00,KTN.V,,1.350000023841858,1.350000023841858,1.350000023841858,1.350000023841858,100.0
2026-06-09 14:05:00,LMN.V,,22.780000686645508,22.780000686645508,22.780000686645508,22.780000686645508,200.0
2026-06-09 14:05:00,NURS.V,,4.059999942779541,4.079999923706055,4.059999942779541,4.079999923706055,4800.0
2026-06-09 14:05:00,PNG.V,,7.130000114440918,7.130000114440918,7.130000114440918,7.130000114440918,2100.0
2026-06-09 14:05:00,TUF.V,,0.699999988079071,0.699999988079071,0.699999988079071,0.699999988079071,12600.0
2026-06-09 14:05:00,YGT.V,,0.1899999976158142,0.1899999976158142,0.1899999976158142,0.1899999976158142,500.0
2026-06-09 14:06:00,FDR.V,,4.119999885559082,4.119999885559082,4.119999885559082,4.119999885559082,100.0
2026-06-09 14:06:00,GSVR.V,,0.45500001311302185,0.45500001311302185,0.45500001311302185,0.45500001311302185,16000.0
2026-06-09 14:06:00,KTO.V,,0.6499999761581421,0.6499999761581421,0.6499999761581421,0.6499999761581421,1000.0
2026-06-09 14:06:00,LMN.V,,22.829999923706055,22.829999923706055,22.829999923706055,22.829999923706055,100.0
2026-06-09 14:06:00,MLP.V,,1.8300000429153442,1.8300000429153442,1.8300000429153442,1.8300000429153442,160.0
2026-06-09 14:06:00,NURS.V,,4.070000171661377,4.070000171661377,4.059999942779541,4.059999942779541,1600.0
2026-06-09 14:06:00,PNG.V,,7.130000114440918,7.130000114440918,7.130000114440918,7.130000114440918,100.0
2026-06-09 14:07:00,FL.V,,0.47999998927116394,0.47999998927116394,0.47999998927116394,0.47999998927116394,3500.0
2026-06-09 14:07:00,FUU.V,,0.14000000059604645,0.14000000059604645,0.14000000059604645,0.14000000059604645,500.0
2026-06-09 14:07:00,GSVR.V,,0.46000000834465027,0.46000000834465027,0.46000000834465027,0.46000000834465027,82500.0
2026-06-09 14:07:00,HI.V,,0.1599999964237213,0.1599999964237213,0.1599999964237213,0.1599999964237213,4500.0
2026-06-09 14:07:00,KTN.V,,1.3550000190734863,1.3550000190734863,1.3450000286102295,1.350000023841858,2900.0
2026-06-09 14:07:00,LMN.V,,22.84000015258789,22.8799991607666,22.84000015258789,22.84000015258789,500.0
2026-06-09 14:07:00,PNG.V,,7.130000114440918,7.130000114440918,7.130000114440918,7.130000114440918,4100.0
2026-06-09 14:08:00,FOR.V,,0.6000000238418579,0.6100000143051147,0.6000000238418579,0.6100000143051147,15300.0
2026-06-09 14:08:00,FPX.V,,0.4449999928474426,0.4449999928474426,0.4449999928474426,0.4449999928474426,1000.0
2026-06-09 14:08:00,GSVR.V,,0.46000000834465027,0.46000000834465027,0.46000000834465027,0.46000000834465027,42000.0
2026-06-09 14:08:00,ITR.V,,3.200000047683716,3.200000047683716,3.200000047683716,3.200000047683716,100.0
2026-06-09 14:08:00,LMN.V,,22.829999923706055,22.829999923706055,22.829999923706055,22.829999923706055,200.0
2026-06-09 14:08:00,MTS.V,,0.14000000059604645,0.14000000059604645,0.14000000059604645,0.14000000059604645,1000.0
2026-06-09 14:08:00,PNG.V,,7.150000095367432,7.150000095367432,7.150000095367432,7.150000095367432,136.0
2026-06-09 14:09:00,FUU.V,,0.14000000059604645,0.14000000059604645,0.14000000059604645,0.14000000059604645,2000.0
2026-06-09 14:09:00,FWTC.V,,0.04500000178813934,0.04500000178813934,0.04500000178813934,0.04500000178813934,20000.0
2026-06-09 14:09:00,GSVR.V,,0.46000000834465027,0.46000000834465027,0.46000000834465027,0.46000000834465027,11500.0
2026-06-09 14:09:00,ITR.V,,3.200000047683716,3.200000047683716,3.200000047683716,3.200000047683716,400.0
2026-06-09 14:09:00,PNG.V,,7.139999866485596,7.139999866485596,7.139999866485596,7.139999866485596,501.0
2026-06-09 14:10:00,ESK.V,,0.3799999952316284,0.3799999952316284,0.3799999952316284,0.3799999952316284,500.0
2026-06-09 14:10:00,FL.V,,0.47999998927116394,0.47999998927116394,0.47999998927116394,0.47999998927116394,500.0
2026-06-09 14:10:00,FUU.V,,0.14000000059604645,0.14000000059604645,0.14000000059604645,0.14000000059604645,1000.0
2026-06-09 14:10:00,LMN.V,,22.829999923706055,22.829999923706055,22.829999923706055,22.829999923706055,200.0
2026-06-09 14:10:00,MTS.V,,0.14000000059604645,0.14000000059604645,0.14000000059604645,0.14000000059604645,10000.0
2026-06-09 14:10:00,PNG.V,,7.150000095367432,7.150000095367432,7.150000095367432,7.150000095367432,1500.0
2026-06-09 14:11:00,FL.V,,0.48500001430511475,0.48500001430511475,0.47999998927116394,0.47999998927116394,15500.0
2026-06-09 14:11:00,GSI.V,,1.1100000143051147,1.1100000143051147,1.1100000143051147,1.1100000143051147,100.0
2026-06-09 14:11:00,GSVR.V,,0.46000000834465027,0.46000000834465027,0.46000000834465027,0.46000000834465027,19000.0
2026-06-09 14:12:00,FL.V,,0.49000000953674316,0.49000000953674316,0.49000000953674316,0.49000000953674316,1000.0
2026-06-09 14:12:00,FRED.V,,0.5199999809265137,0.5199999809265137,0.5199999809265137,0.5199999809265137,1411.0
2026-06-09 14:12:00,GQC.V,,0.8999999761581421,0.8999999761581421,0.8999999761581421,0.8999999761581421,500.0
2026-06-09 14:12:00,JUGR.V,,0.9800000190734863,0.9800000190734863,0.9800000190734863,0.9800000190734863,600.0
2026-06-09 14:12:00,KTN.V,,1.3300000429153442,1.340000033378601,1.3300000429153442,1.340000033378601,36375.0
2026-06-09 14:12:00,LMN.V,,22.8799991607666,22.8799991607666,22.8799991607666,22.8799991607666,200.0
2026-06-09 14:12:00,PNG.V,,7.150000095367432,7.150000095367432,7.150000095367432,7.150000095367432,400.0
2026-06-09 14:13:00,FDR.V,,4.110000133514404,4.110000133514404,4.110000133514404,4.110000133514404,1300.0
2026-06-09 14:13:00,FUU.V,,0.14499999582767487,0.14499999582767487,0.14000000059604645,0.14000000059604645,69500.0
2026-06-09 14:13:00,GAL.V,,0.4099999964237213,0.41499999165534973,0.4099999964237213,0.41499999165534973,4500.0
2026-06-09 14:13:00,GLAD.V,,2.180000066757202,2.180000066757202,2.180000066757202,2.180000066757202,100.0
2026-06-09 14:13:00,GSVR.V,,0.46000000834465027,0.46000000834465027,0.46000000834465027,0.46000000834465027,18500.0
2026-06-09 14:13:00,HME.V,,2.7799999713897705,2.7799999713897705,2.7799999713897705,2.7799999713897705,100.0
2026-06-09 14:13:00,ITR.V,,3.2100000381469727,3.2100000381469727,3.2100000381469727,3.2100000381469727,1500.0
2026-06-09 14:13:00,KTN.V,,1.3200000524520874,1.3300000429153442,1.3200000524520874,1.3200000524520874,15600.0
2026-06-09 14:13:00,LIO.V,,0.14000000059604645,0.14000000059604645,0.14000000059604645,0.14000000059604645,7500.0
2026-06-09 14:13:00,MD.V,,0.41999998688697815,0.41999998688697815,0.41999998688697815,0.41999998688697815,2000.0
2026-06-09 14:13:00,PNG.V,,7.130000114440918,7.139999866485596,7.130000114440918,7.139999866485596,4612.0
2026-06-09 14:14:00,ESK.V,,0.3799999952316284,0.3799999952316284,0.3799999952316284,0.3799999952316284,6000.0
2026-06-09 14:14:00,GAL.V,,0.4099999964237213,0.4099999964237213,0.4099999964237213,0.4099999964237213,4000.0
2026-06-09 14:14:00,KTN.V,,1.3200000524520874,1.3200000524520874,1.309999942779541,1.309999942779541,26900.0
2026-06-09 14:14:00,LG.V,,0.3449999988079071,0.3449999988079071,0.3449999988079071,0.3449999988079071,3500.0
2026-06-09 14:14:00,LGN.V,,0.9100000262260437,0.9100000262260437,0.9100000262260437,0.9100000262260437,500.0
2026-06-09 14:14:00,MLP.V,,1.8300000429153442,1.8300000429153442,1.8300000429153442,1.8300000429153442,100.0
2026-06-09 14:14:00,TUF.V,,0.699999988079071,0.699999988079071,0.699999988079071,0.699999988079071,1000.0
2026-06-09 14:15:00,ESK.V,,0.375,0.375,0.375,0.375,15000.0
2026-06-09 14:15:00,FG.V,,0.03500000014901161,0.03500000014901161,0.03500000014901161,0.03500000014901161,13000.0
2026-06-09 14:15:00,GAL.V,,0.4099999964237213,0.4099999964237213,0.4099999964237213,0.4099999964237213,4000.0
2026-06-09 14:15:00,GQC.V,,0.8999999761581421,0.8999999761581421,0.8999999761581421,0.8999999761581421,500.0
2026-06-09 14:15:00,GSVR.V,,0.46000000834465027,0.46000000834465027,0.46000000834465027,0.46000000834465027,19500.0
2026-06-09 14:15:00,HME.V,,2.75,2.759999990463257,2.75,2.759999990463257,515.0
2026-06-09 14:15:00,IFOS.V,,2.380000114440918,2.380000114440918,2.380000114440918,2.380000114440918,100.0
2026-06-09 14:15:00,KTN.V,,1.3300000429153442,1.3300000429153442,1.3300000429153442,1.3300000429153442,9300.0
2026-06-09 14:15:00,PNG.V,,7.130000114440918,7.144999980926514,7.130000114440918,7.139999866485596,1609.0
2026-06-09 14:16:00,GAL.V,,0.4099999964237213,0.4099999964237213,0.4099999964237213,0.4099999964237213,4000.0
2026-06-09 14:16:00,GSPR.V,,0.10000000149011612,0.10000000149011612,0.10000000149011612,0.10000000149011612,5000.0
2026-06-09 14:16:00,GSVR.V,,0.46000000834465027,0.46000000834465027,0.46000000834465027,0.46000000834465027,32000.0
2026-06-09 14:16:00,GWM.V,,0.5099999904632568,0.5099999904632568,0.5099999904632568,0.5099999904632568,500.0
2026-06-09 14:16:00,KNG.V,,1.0199999809265137,1.0199999809265137,1.0199999809265137,1.0199999809265137,1000.0
2026-06-09 14:16:00,KTN.V,,1.309999942779541,1.3300000429153442,1.309999942779541,1.3300000429153442,15900.0
2026-06-09 14:16:00,LMN.V,,22.84000015258789,22.875,22.84000015258789,22.875,500.0
2026-06-09 14:16:00,LPS.V,,0.11999999731779099,0.11999999731779099,0.11999999731779099,0.11999999731779099,11500.0
2026-06-09 14:16:00,MLP.V,,1.8300000429153442,1.8300000429153442,1.8300000429153442,1.8300000429153442,119.0
2026-06-09 14:16:00,NURS.V,,4.079999923706055,4.079999923706055,4.079999923706055,4.079999923706055,100.0
2026-06-09 14:17:00,FDR.V,,4.090000152587891,4.090000152587891,4.090000152587891,4.090000152587891,400.0
2026-06-09 14:17:00,KTN.V,,1.309999942779541,1.309999942779541,1.309999942779541,1.309999942779541,1800.0
2026-06-09 14:17:00,LMR.V,,0.07999999821186066,0.07999999821186066,0.07999999821186066,0.07999999821186066,4000.0
2026-06-09 14:17:00,YGT.V,,0.1899999976158142,0.1899999976158142,0.1899999976158142,0.1899999976158142,6500.0
2026-06-09 14:18:00,GAL.V,,0.4099999964237213,0.4099999964237213,0.4099999964237213,0.4099999964237213,4000.0
2026-06-09 14:18:00,GSVR.V,,0.46000000834465027,0.46000000834465027,0.46000000834465027,0.46000000834465027,5000.0
2026-06-09 14:18:00,ITR.V,,3.2200000286102295,3.2200000286102295,3.2200000286102295,3.2200000286102295,700.0
2026-06-09 14:18:00,KTN.V,,1.309999942779541,1.309999942779541,1.309999942779541,1.309999942779541,16500.0
2026-06-09 14:18:00,LMN.V,,22.780000686645508,22.780000686645508,22.780000686645508,22.780000686645508,100.0
2026-06-09 14:18:00,MKO.V,,9.949999809265137,9.949999809265137,9.949999809265137,9.949999809265137,100.0
2026-06-09 14:18:00,PNG.V,,7.139999866485596,7.139999866485596,7.139999866485596,7.139999866485596,600.0
2026-06-09 14:19:00,GAL.V,,0.4099999964237213,0.4099999964237213,0.4099999964237213,0.4099999964237213,4000.0
2026-06-09 14:19:00,GSI.V,,1.1299999952316284,1.1299999952316284,1.1299999952316284,1.1299999952316284,100.0
2026-06-09 14:19:00,KTN.V,,1.309999942779541,1.309999942779541,1.309999942779541,1.309999942779541,16150.0
2026-06-09 14:19:00,LMN.V,,22.889999389648438,22.889999389648438,22.84000015258789,22.84000015258789,200.0
2026-06-09 14:19:00,MTA.V,,9.399999618530273,9.399999618530273,9.399999618530273,9.399999618530273,100.0
2026-06-09 14:19:00,PNG.V,,7.150000095367432,7.150000095367432,7.150000095367432,7.150000095367432,200.0
2026-06-09 14:19:00,TUF.V,,0.699999988079071,0.699999988079071,0.6899999976158142,0.6899999976158142,14000.0
2026-06-09 14:19:00,YGT.V,,0.1899999976158142,0.1899999976158142,0.1899999976158142,0.1899999976158142,500.0
2026-06-09 14:20:00,FL.V,,0.4950000047683716,0.4950000047683716,0.4950000047683716,0.4950000047683716,40500.0
2026-06-09 14:20:00,GAL.V,,0.4099999964237213,0.4099999964237213,0.4099999964237213,0.4099999964237213,4000.0
2026-06-09 14:20:00,GLAD.V,,2.2300000190734863,2.2300000190734863,2.2300000190734863,2.2300000190734863,900.0
2026-06-09 14:20:00,HAM.V,,5.28000020980835,5.28000020980835,5.239999771118164,5.239999771118164,400.0
2026-06-09 14:20:00,HSTR.V,,1.690000057220459,1.690000057220459,1.690000057220459,1.690000057220459,238.0
2026-06-09 14:20:00,LMN.V,,22.959999084472656,22.959999084472656,22.90999984741211,22.90999984741211,700.0
2026-06-09 14:20:00,MLP.V,,1.8300000429153442,1.8300000429153442,1.8300000429153442,1.8300000429153442,100.0
2026-06-09 14:20:00,NURS.V,,4.090000152587891,4.090000152587891,4.090000152587891,4.090000152587891,100.0
2026-06-09 14:20:00,PNG.V,,7.159999847412109,7.159999847412109,7.159999847412109,7.159999847412109,252.0
2026-06-09 14:21:00,FDR.V,,4.090000152587891,4.090000152587891,4.090000152587891,4.090000152587891,100.0
2026-06-09 14:21:00,LMN.V,,22.889999389648438,22.899999618530273,22.889999389648438,22.899999618530273,400.0
2026-06-09 14:22:00,FDR.V,,4.099999904632568,4.099999904632568,4.099999904632568,4.099999904632568,200.0
2026-06-09 14:22:00,GAL.V,,0.41999998688697815,0.41999998688697815,0.4099999964237213,0.4099999964237213,15000.0
2026-06-09 14:22:00,GGO.V,,1.0199999809265137,1.0199999809265137,1.0199999809265137,1.0199999809265137,100.0
2026-06-09 14:22:00,GWM.V,,0.5149999856948853,0.5149999856948853,0.5149999856948853,0.5149999856948853,500.0
2026-06-09 14:22:00,HI.V,,0.1599999964237213,0.1599999964237213,0.1599999964237213,0.1599999964237213,1500.0
2026-06-09 14:22:00,HITI.V,,3.2799999713897705,3.2799999713897705,3.2799999713897705,3.2799999713897705,500.0
2026-06-09 14:22:00,LCX.V,,1.690000057220459,1.7100000381469727,1.690000057220459,1.7100000381469727,50500.0
2026-06-09 14:22:00,MLP.V,,1.8300000429153442,1.8300000429153442,1.8300000429153442,1.8300000429153442,100.0
2026-06-09 14:22:00,MMG.V,,0.24500000476837158,0.24500000476837158,0.24500000476837158,0.24500000476837158,20500.0
2026-06-09 14:23:00,FDR.V,,4.099999904632568,4.099999904632568,4.099999904632568,4.099999904632568,100.0
2026-06-09 14:23:00,GGO.V,,1.0199999809265137,1.0199999809265137,1.0199999809265137,1.0199999809265137,1400.0
2026-06-09 14:23:00,HAN.V,,0.5,0.5,0.5,0.5,3520.0
2026-06-09 14:23:00,HVG.V,,0.04500000178813934,0.04500000178813934,0.04500000178813934,0.04500000178813934,2000.0
2026-06-09 14:23:00,KALO.V,,0.1850000023841858,0.1850000023841858,0.1850000023841858,0.1850000023841858,952.0
2026-06-09 14:23:00,LMN.V,,22.889999389648438,22.889999389648438,22.889999389648438,22.889999389648438,200.0
2026-06-09 14:23:00,MKO.V,,9.979999542236328,9.979999542236328,9.979999542236328,9.979999542236328,1000.0
2026-06-09 14:23:00,MQM.V,,0.23499999940395355,0.23499999940395355,0.23499999940395355,0.23499999940395355,1500.0
2026-06-09 14:23:00,PNG.V,,7.159999847412109,7.159999847412109,7.15500020980835,7.159999847412109,10787.0
2026-06-09 14:24:00,ESK.V,,0.375,0.375,0.375,0.375,4500.0
2026-06-09 14:24:00,FDR.V,,4.090000152587891,4.090000152587891,4.090000152587891,4.090000152587891,200.0
2026-06-09 14:24:00,KTN.V,,1.309999942779541,1.309999942779541,1.2999999523162842,1.309999942779541,73400.0
2026-06-09 14:24:00,LCX.V,,1.7000000476837158,1.7000000476837158,1.7000000476837158,1.7000000476837158,700.0
2026-06-09 14:24:00,MLP.V,,1.8600000143051147,1.8600000143051147,1.850000023841858,1.850000023841858,1900.0
2026-06-09 14:24:00,NURS.V,,4.099999904632568,4.119999885559082,4.090000152587891,4.090000152587891,2600.0
2026-06-09 14:24:00,PNG.V,,7.179999828338623,7.179999828338623,7.179999828338623,7.179999828338623,100.0
2026-06-09 14:25:00,FDR.V,,4.090000152587891,4.090000152587891,4.090000152587891,4.090000152587891,300.0
2026-06-09 14:25:00,GSVR.V,,0.45500001311302185,0.45500001311302185,0.45500001311302185,0.45500001311302185,602.0
2026-06-09 14:25:00,IFOS.V,,2.390000104904175,2.390000104904175,2.390000104904175,2.390000104904175,200.0
2026-06-09 14:25:00,ITR.V,,3.2200000286102295,3.2200000286102295,3.2200000286102295,3.2200000286102295,600.0
2026-06-09 14:25:00,KTN.V,,1.309999942779541,1.309999942779541,1.309999942779541,1.309999942779541,5600.0
2026-06-09 14:25:00,LGN.V,,0.9100000262260437,0.9100000262260437,0.9100000262260437,0.9100000262260437,500.0
2026-06-09 14:25:00,LMN.V,,22.8799991607666,22.8799991607666,22.8799991607666,22.8799991607666,800.0
2026-06-09 14:25:00,LTH.V,,0.8399999737739563,0.8399999737739563,0.8399999737739563,0.8399999737739563,9000.0
2026-06-09 14:25:00,MKO.V,,10.029999732971191,10.029999732971191,10.029999732971191,10.029999732971191,200.0
2026-06-09 14:25:00,MLP.V,,1.850000023841858,1.8700000047683716,1.850000023841858,1.8700000047683716,91900.0
2026-06-09 14:25:00,PNG.V,,7.170000076293945,7.184999942779541,7.170000076293945,7.179999828338623,1710.0
2026-06-09 14:25:00,TUF.V,,0.699999988079071,0.699999988079071,0.699999988079071,0.699999988079071,500.0
2026-06-09 14:26:00,FDR.V,,4.099999904632568,4.099999904632568,4.099999904632568,4.099999904632568,100.0
2026-06-09 14:26:00,GGO.V,,1.0199999809265137,1.0199999809265137,1.0199999809265137,1.0199999809265137,100.0
2026-06-09 14:26:00,HSTR.V,,1.6799999475479126,1.6799999475479126,1.6799999475479126,1.6799999475479126,441.0
2026-06-09 14:26:00,KALO.V,,0.1850000023841858,0.1850000023841858,0.18000000715255737,0.18000000715255737,1500.0
2026-06-09 14:26:00,LCX.V,,1.7100000381469727,1.7100000381469727,1.7100000381469727,1.7100000381469727,100.0
2026-06-09 14:26:00,LMN.V,,22.850000381469727,22.850000381469727,22.850000381469727,22.850000381469727,200.0
2026-06-09 14:26:00,MKO.V,,10.0,10.0,10.0,10.0,1900.0
2026-06-09 14:26:00,NURS.V,,4.110000133514404,4.110000133514404,4.110000133514404,4.110000133514404,100.0
2026-06-09 14:26:00,PNG.V,,7.150000095367432,7.150000095367432,7.150000095367432,7.150000095367432,2200.0
2026-06-09 14:27:00,FDR.V,,4.099999904632568,4.099999904632568,4.099999904632568,4.099999904632568,300.0
2026-06-09 14:27:00,FUU.V,,0.14499999582767487,0.14499999582767487,0.14499999582767487,0.14499999582767487,25500.0
2026-06-09 14:27:00,GCOM.V,,0.06499999761581421,0.06499999761581421,0.06499999761581421,0.06499999761581421,23000.0
2026-06-09 14:27:00,HME.V,,2.7799999713897705,2.7799999713897705,2.7799999713897705,2.7799999713897705,100.0
2026-06-09 14:27:00,ITR.V,,3.2200000286102295,3.2200000286102295,3.2200000286102295,3.2200000286102295,2100.0
2026-06-09 14:27:00,KTN.V,,1.3200000524520874,1.3200000524520874,1.309999942779541,1.309999942779541,4700.0
2026-06-09 14:27:00,LCX.V,,1.7100000381469727,1.7100000381469727,1.7100000381469727,1.7100000381469727,300.0
2026-06-09 14:27:00,LIFT.V,,4.920000076293945,4.920000076293945,4.920000076293945,4.920000076293945,600.0
2026-06-09 14:27:00,MLP.V,,1.840000033378601,1.840000033378601,1.840000033378601,1.840000033378601,300.0
2026-06-09 14:27:00,NURS.V,,4.110000133514404,4.110000133514404,4.110000133514404,4.110000133514404,700.0
2026-06-09 14:27:00,PNG.V,,7.190000057220459,7.190000057220459,7.190000057220459,7.190000057220459,100.0
2026-06-09 14:28:00,FDR.V,,4.099999904632568,4.099999904632568,4.099999904632568,4.099999904632568,500.0
2026-06-09 14:28:00,FL.V,,0.5,0.5,0.5,0.5,5000.0
2026-06-09 14:28:00,GPAC.V,,0.3799999952316284,0.3799999952316284,0.3799999952316284,0.3799999952316284,5000.0
2026-06-09 14:28:00,HME.V,,2.765000104904175,2.765000104904175,2.765000104904175,2.765000104904175,500.0
2026-06-09 14:28:00,HSTR.V,,1.690000057220459,1.690000057220459,1.690000057220459,1.690000057220459,700.0
2026-06-09 14:28:00,IGO.V,,0.0949999988079071,0.0949999988079071,0.0949999988079071,0.0949999988079071,1000.0
2026-06-09 14:28:00,KTN.V,,1.309999942779541,1.309999942779541,1.2999999523162842,1.309999942779541,12000.0
2026-06-09 14:28:00,LCX.V,,1.7100000381469727,1.7100000381469727,1.7100000381469727,1.7100000381469727,200.0
2026-06-09 14:28:00,LIFT.V,,4.920000076293945,4.920000076293945,4.920000076293945,4.920000076293945,2000.0
2026-06-09 14:28:00,LMN.V,,22.899999618530273,22.899999618530273,22.899999618530273,22.899999618530273,200.0
2026-06-09 14:28:00,MGM.V,,2.700000047683716,2.700000047683716,2.700000047683716,2.700000047683716,12200.0
2026-06-09 14:28:00,MLP.V,,1.840000033378601,1.840000033378601,1.840000033378601,1.840000033378601,100.0
2026-06-09 14:29:00,FDR.V,,4.099999904632568,4.099999904632568,4.099999904632568,4.099999904632568,2000.0
2026-06-09 14:29:00,FL.V,,0.4950000047683716,0.4950000047683716,0.4950000047683716,0.4950000047683716,500.0
2026-06-09 14:29:00,GSVR.V,,0.46000000834465027,0.46000000834465027,0.45750001072883606,0.45750001072883606,25000.0
2026-06-09 14:29:00,GWM.V,,0.5149999856948853,0.5149999856948853,0.5149999856948853,0.5149999856948853,500.0
2026-06-09 14:29:00,KTN.V,,1.309999942779541,1.309999942779541,1.309999942779541,1.309999942779541,100.0
2026-06-09 14:29:00,LCX.V,,1.7100000381469727,1.7100000381469727,1.7100000381469727,1.7100000381469727,100.0
2026-06-09 14:29:00,LG.V,,0.3449999988079071,0.3449999988079071,0.3449999988079071,0.3449999988079071,1297.0
2026-06-09 14:29:00,LIFT.V,,4.980000019073486,4.980000019073486,4.960000038146973,4.960000038146973,500.0
2026-06-09 14:29:00,PNG.V,,7.190000057220459,7.190000057220459,7.190000057220459,7.190000057220459,100.0
2026-06-09 14:30:00,FDR.V,,4.099999904632568,4.099999904632568,4.099999904632568,4.099999904632568,100.0
2026-06-09 14:30:00,FPC.V,,0.46000000834465027,0.46000000834465027,0.46000000834465027,0.46000000834465027,500.0
2026-06-09 14:30:00,GSVR.V,,0.4650000035762787,0.4650000035762787,0.46000000834465027,0.46000000834465027,509624.0
2026-06-09 14:30:00,HCH.V,,1.7300000190734863,1.7300000190734863,1.7300000190734863,1.7300000190734863,500.0
2026-06-09 14:30:00,IFOS.V,,2.4000000953674316,2.4000000953674316,2.4000000953674316,2.4000000953674316,12600.0
2026-06-09 14:30:00,ITR.V,,3.2300000190734863,3.2300000190734863,3.2300000190734863,3.2300000190734863,200.0
2026-06-09 14:30:00,KTN.V,,1.315000057220459,1.315000057220459,1.315000057220459,1.315000057220459,900.0
2026-06-09 14:30:00,LAB.V,,0.05999999865889549,0.05999999865889549,0.05999999865889549,0.05999999865889549,50000.0
2026-06-09 14:30:00,LCX.V,,1.6799999475479126,1.7100000381469727,1.6799999475479126,1.7100000381469727,2100.0
2026-06-09 14:30:00,LG.V,,0.3449999988079071,0.3449999988079071,0.3449999988079071,0.3449999988079071,5500.0
2026-06-09 14:30:00,LIFT.V,,4.960000038146973,4.960000038146973,4.960000038146973,4.960000038146973,900.0
2026-06-09 14:30:00,LMN.V,,22.899999618530273,22.899999618530273,22.81999969482422,22.829999923706055,300.0
2026-06-09 14:30:00,LSTR.V,,0.07999999821186066,0.07999999821186066,0.07999999821186066,0.07999999821186066,20000.0
2026-06-09 14:30:00,MLP.V,,1.8600000143051147,1.8600000143051147,1.8600000143051147,1.8600000143051147,1000.0
2026-06-09 14:30:00,MTA.V,,9.420000076293945,9.420000076293945,9.399999618530273,9.399999618530273,600.0
2026-06-09 14:30:00,PNG.V,,7.199999809265137,7.199999809265137,7.190000057220459,7.190000057220459,1200.0
2026-06-09 14:30:00,YGT.V,,0.1899999976158142,0.1899999976158142,0.1899999976158142,0.1899999976158142,11500.0
2026-06-09 14:31:00,FDR.V,,4.099999904632568,4.099999904632568,4.099999904632568,4.099999904632568,500.0
2026-06-09 14:31:00,HAM.V,,5.320000171661377,5.320000171661377,5.28000020980835,5.28000020980835,1700.0
2026-06-09 14:31:00,IFOS.V,,2.4000000953674316,2.4000000953674316,2.4000000953674316,2.4000000953674316,1400.0
2026-06-09 14:31:00,NURS.V,,4.110000133514404,4.110000133514404,4.110000133514404,4.110000133514404,900.0
2026-06-09 14:31:00,PNG.V,,7.199999809265137,7.199999809265137,7.199999809265137,7.199999809265137,4630.0
2026-06-09 14:31:00,TUF.V,,0.699999988079071,0.699999988079071,0.699999988079071,0.699999988079071,500.0
2026-06-09 14:31:00,ZNG.V,,0.8899999856948853,0.8899999856948853,0.8899999856948853,0.8899999856948853,12000.0
2026-06-09 14:32:00,FDR.V,,4.110000133514404,4.110000133514404,4.110000133514404,4.110000133514404,200.0
2026-06-09 14:32:00,GGO.V,,1.0199999809265137,1.0199999809265137,1.0199999809265137,1.0199999809265137,100.0
2026-06-09 14:32:00,HME.V,,2.7699999809265137,2.7699999809265137,2.7699999809265137,2.7699999809265137,100.0
2026-06-09 14:32:00,IFOS.V,,2.4000000953674316,2.4000000953674316,2.4000000953674316,2.4000000953674316,100.0
2026-06-09 14:32:00,ITR.V,,3.2200000286102295,3.2200000286102295,3.2200000286102295,3.2200000286102295,100.0
2026-06-09 14:32:00,KTN.V,,1.3200000524520874,1.3200000524520874,1.3200000524520874,1.3200000524520874,100.0
2026-06-09 14:32:00,LCX.V,,1.6799999475479126,1.6799999475479126,1.6799999475479126,1.6799999475479126,100.0
2026-06-09 14:32:00,LVG.V,,0.2750000059604645,0.2750000059604645,0.2750000059604645,0.2750000059604645,1500.0
2026-06-09 14:32:00,MTA.V,,9.390000343322754,9.390000343322754,9.390000343322754,9.390000343322754,100.0
2026-06-09 14:32:00,NURS.V,,4.110000133514404,4.110000133514404,4.110000133514404,4.110000133514404,900.0
2026-06-09 14:32:00,PNG.V,,7.210000038146973,7.21999979019165,7.190000057220459,7.204999923706055,2005.0
2026-06-09 14:33:00,FDR.V,,4.110000133514404,4.110000133514404,4.110000133514404,4.110000133514404,300.0
2026-06-09 14:33:00,FL.V,,0.49000000953674316,0.4950000047683716,0.49000000953674316,0.4950000047683716,15500.0
2026-06-09 14:33:00,GAL.V,,0.4099999964237213,0.4099999964237213,0.4099999964237213,0.4099999964237213,4500.0
2026-06-09 14:33:00,ITR.V,,3.2100000381469727,3.2100000381469727,3.2100000381469727,3.2100000381469727,100.0
2026-06-09 14:33:00,LCX.V,,1.6799999475479126,1.6799999475479126,1.6799999475479126,1.6799999475479126,100.0
2026-06-09 14:33:00,NURS.V,,4.110000133514404,4.110000133514404,4.110000133514404,4.110000133514404,100.0
2026-06-09 14:33:00,PNG.V,,7.21999979019165,7.21999979019165,7.21999979019165,7.21999979019165,551.0
2026-06-09 14:33:00,TUF.V,,0.7099999785423279,0.7099999785423279,0.699999988079071,0.699999988079071,3000.0
2026-06-09 14:34:00,FDR.V,,4.110000133514404,4.110000133514404,4.110000133514404,4.110000133514404,200.0
2026-06-09 14:34:00,FPX.V,,0.4449999928474426,0.4449999928474426,0.4449999928474426,0.4449999928474426,1000.0
2026-06-09 14:34:00,GAL.V,,0.41999998688697815,0.41999998688697815,0.41499999165534973,0.41499999165534973,24000.0
2026-06-09 14:34:00,GSVR.V,,0.46000000834465027,0.4650000035762787,0.46000000834465027,0.4625000059604645,59500.0
2026-06-09 14:34:00,KTN.V,,1.3200000524520874,1.3200000524520874,1.3200000524520874,1.3200000524520874,100.0
2026-06-09 14:34:00,LCX.V,,1.6799999475479126,1.6799999475479126,1.6799999475479126,1.6799999475479126,100.0
2026-06-09 14:34:00,LG.V,,0.3449999988079071,0.3449999988079071,0.3449999988079071,0.3449999988079071,6000.0
2026-06-09 14:34:00,LMN.V,,22.829999923706055,22.829999923706055,22.829999923706055,22.829999923706055,100.0
2026-06-09 14:34:00,NURS.V,,4.090000152587891,4.099999904632568,4.090000152587891,4.099999904632568,1400.0
2026-06-09 14:34:00,PNG.V,,7.21999979019165,7.21999979019165,7.21999979019165,7.21999979019165,100.0
2026-06-09 14:35:00,FDR.V,,4.110000133514404,4.110000133514404,4.110000133514404,4.110000133514404,300.0
2026-06-09 14:35:00,HAM.V,,5.400000095367432,5.400000095367432,5.400000095367432,5.400000095367432,700.0
2026-06-09 14:35:00,HITI.V,,3.2899999618530273,3.2899999618530273,3.2899999618530273,3.2899999618530273,100.0
2026-06-09 14:35:00,ITR.V,,3.2200000286102295,3.2200000286102295,3.2200000286102295,3.2200000286102295,100.0
2026-06-09 14:35:00,KTN.V,,1.309999942779541,1.315000057220459,1.309999942779541,1.315000057220459,1100.0
2026-06-09 14:35:00,LCX.V,,1.6799999475479126,1.6799999475479126,1.6799999475479126,1.6799999475479126,100.0
2026-06-09 14:35:00,LG.V,,0.3449999988079071,0.3449999988079071,0.3449999988079071,0.3449999988079071,5000.0
2026-06-09 14:35:00,MTA.V,,9.380000114440918,9.380000114440918,9.380000114440918,9.380000114440918,100.0
2026-06-09 14:35:00,PNG.V,,7.199999809265137,7.21999979019165,7.199999809265137,7.21999979019165,1700.0
2026-06-09 14:36:00,FDR.V,,4.125,4.125,4.110000133514404,4.110000133514404,400.0
2026-06-09 14:36:00,FPC.V,,0.4650000035762787,0.4650000035762787,0.4650000035762787,0.4650000035762787,1000.0
2026-06-09 14:36:00,GEL.V,,0.10499999672174454,0.10499999672174454,0.10499999672174454,0.10499999672174454,9500.0
2026-06-09 14:36:00,GSVR.V,,0.46000000834465027,0.46000000834465027,0.46000000834465027,0.46000000834465027,72300.0
2026-06-09 14:36:00,GWM.V,,0.5149999856948853,0.5149999856948853,0.5149999856948853,0.5149999856948853,500.0
2026-06-09 14:36:00,ITR.V,,3.2200000286102295,3.2200000286102295,3.2200000286102295,3.2200000286102295,100.0
2026-06-09 14:36:00,KCC.V,,0.8899999856948853,0.8899999856948853,0.8899999856948853,0.8899999856948853,2009.0
2026-06-09 14:36:00,KTN.V,,1.309999942779541,1.309999942779541,1.309999942779541,1.309999942779541,100.0
2026-06-09 14:36:00,LCX.V,,1.6799999475479126,1.6799999475479126,1.6799999475479126,1.6799999475479126,100.0
2026-06-09 14:36:00,LMN.V,,22.65999984741211,22.65999984741211,22.65999984741211,22.65999984741211,100.0
2026-06-09 14:36:00,NURS.V,,4.090000152587891,4.110000133514404,4.090000152587891,4.110000133514404,272.0
2026-06-09 14:36:00,PNG.V,,7.21999979019165,7.21999979019165,7.21999979019165,7.21999979019165,600.0
2026-06-09 14:36:00,YGT.V,,0.1850000023841858,0.1850000023841858,0.1850000023841858,0.1850000023841858,500.0
2026-06-09 14:37:00,ESK.V,,0.375,0.375,0.375,0.375,1000.0
2026-06-09 14:37:00,FMS.V,,0.41999998688697815,0.41999998688697815,0.41999998688697815,0.41999998688697815,15500.0
2026-06-09 14:37:00,GAL.V,,0.42500001192092896,0.42500001192092896,0.41999998688697815,0.41999998688697815,8000.0
2026-06-09 14:37:00,GSVR.V,,0.46000000834465027,0.46000000834465027,0.46000000834465027,0.46000000834465027,500.0
2026-06-09 14:37:00,ITR.V,,3.2200000286102295,3.2200000286102295,3.2200000286102295,3.2200000286102295,100.0
2026-06-09 14:37:00,LCX.V,,1.6799999475479126,1.6799999475479126,1.6799999475479126,1.6799999475479126,100.0
2026-06-09 14:37:00,LIFT.V,,4.920000076293945,4.920000076293945,4.920000076293945,4.920000076293945,2000.0
2026-06-09 14:37:00,LMN.V,,22.75,22.75,22.75,22.75,200.0
2026-06-09 14:37:00,MGM.V,,2.7200000286102295,2.7200000286102295,2.7200000286102295,2.7200000286102295,500.0
2026-06-09 14:37:00,PNG.V,,7.179999828338623,7.210000038146973,7.179999828338623,7.199999809265137,3375.0
2026-06-09 14:38:00,GSI.V,,1.1200000047683716,1.1200000047683716,1.1200000047683716,1.1200000047683716,100.0
2026-06-09 14:38:00,GTC.V,,0.17499999701976776,0.17499999701976776,0.17499999701976776,0.17499999701976776,25000.0
2026-06-09 14:38:00,HME.V,,2.7699999809265137,2.7699999809265137,2.7699999809265137,2.7699999809265137,100.0
2026-06-09 14:38:00,ITR.V,,3.2200000286102295,3.2200000286102295,3.2200000286102295,3.2200000286102295,100.0
2026-06-09 14:38:00,KTN.V,,1.309999942779541,1.309999942779541,1.309999942779541,1.309999942779541,1000.0
2026-06-09 14:38:00,LCX.V,,1.6799999475479126,1.6799999475479126,1.6799999475479126,1.6799999475479126,200.0
2026-06-09 14:38:00,LTH.V,,0.8399999737739563,0.8399999737739563,0.8399999737739563,0.8399999737739563,500.0
2026-06-09 14:38:00,MEK.V,,0.04500000178813934,0.04500000178813934,0.04500000178813934,0.04500000178813934,50000.0
2026-06-09 14:39:00,BIG.V,,0.6299999952316284,0.6299999952316284,0.6299999952316284,0.6299999952316284,3000.0
2026-06-09 14:39:00,FDR.V,,4.099999904632568,4.099999904632568,4.099999904632568,4.099999904632568,1900.0
2026-06-09 14:39:00,FRED.V,,0.5,0.5,0.5,0.5,3300.0
2026-06-09 14:39:00,GAL.V,,0.41999998688697815,0.41999998688697815,0.41999998688697815,0.41999998688697815,4500.0
2026-06-09 14:39:00,GQC.V,,0.8999999761581421,0.8999999761581421,0.8999999761581421,0.8999999761581421,6500.0
2026-06-09 14:39:00,HI.V,,0.1550000011920929,0.1550000011920929,0.1550000011920929,0.1550000011920929,50000.0
2026-06-09 14:39:00,IFOS.V,,2.4000000953674316,2.4000000953674316,2.4000000953674316,2.4000000953674316,3700.0
2026-06-09 14:39:00,ITR.V,,3.2200000286102295,3.2200000286102295,3.2200000286102295,3.2200000286102295,100.0
2026-06-09 14:39:00,LMN.V,,22.610000610351562,22.6299991607666,22.600000381469727,22.6299991607666,1200.0
2026-06-09 14:39:00,PNG.V,,7.210000038146973,7.210000038146973,7.199999809265137,7.199999809265137,700.0
2026-06-09 14:39:00,TUF.V,,0.699999988079071,0.699999988079071,0.699999988079071,0.699999988079071,1000.0
2026-06-09 14:40:00,FDR.V,,4.099999904632568,4.099999904632568,4.099999904632568,4.099999904632568,500.0
2026-06-09 14:40:00,GAL.V,,0.41999998688697815,0.41999998688697815,0.41999998688697815,0.41999998688697815,4500.0
2026-06-09 14:40:00,GLAD.V,,2.200000047683716,2.200000047683716,2.200000047683716,2.200000047683716,200.0
2026-06-09 14:40:00,GQC.V,,0.8999999761581421,0.8999999761581421,0.8999999761581421,0.8999999761581421,500.0
2026-06-09 14:40:00,ITR.V,,3.2200000286102295,3.2200000286102295,3.2200000286102295,3.2200000286102295,500.0
2026-06-09 14:40:00,KTN.V,,1.340000033378601,1.340000033378601,1.309999942779541,1.309999942779541,17700.0
2026-06-09 14:40:00,LVX.V,,0.699999988079071,0.699999988079071,0.699999988079071,0.699999988079071,8500.0
2026-06-09 14:40:00,MLP.V,,1.840000033378601,1.850000023841858,1.840000033378601,1.850000023841858,1500.0
2026-06-09 14:41:00,FPX.V,,0.44999998807907104,0.44999998807907104,0.44999998807907104,0.44999998807907104,4500.0
2026-06-09 14:41:00,GQC.V,,0.9100000262260437,0.9100000262260437,0.9100000262260437,0.9100000262260437,500.0
2026-06-09 14:41:00,GSVR.V,,0.46000000834465027,0.46000000834465027,0.46000000834465027,0.46000000834465027,19500.0
2026-06-09 14:41:00,JUGR.V,,0.9800000190734863,0.9800000190734863,0.9800000190734863,0.9800000190734863,200.0
2026-06-09 14:41:00,LMN.V,,22.56999969482422,22.56999969482422,22.520000457763672,22.520000457763672,300.0
2026-06-09 14:41:00,TUF.V,,0.699999988079071,0.699999988079071,0.699999988079071,0.699999988079071,500.0
2026-06-09 14:42:00,GAL.V,,0.41999998688697815,0.41999998688697815,0.41999998688697815,0.41999998688697815,4500.0
2026-06-09 14:42:00,GEL.V,,0.10499999672174454,0.10499999672174454,0.10499999672174454,0.10499999672174454,3000.0
2026-06-09 14:42:00,GSVR.V,,0.46000000834465027,0.46000000834465027,0.46000000834465027,0.46000000834465027,1500.0
2026-06-09 14:42:00,HSTR.V,,1.6799999475479126,1.6799999475479126,1.6799999475479126,1.6799999475479126,1200.0
2026-06-09 14:42:00,MLP.V,,1.840000033378601,1.840000033378601,1.840000033378601,1.840000033378601,200.0
2026-06-09 14:42:00,PNG.V,,7.210000038146973,7.21999979019165,7.199999809265137,7.21999979019165,900.0
2026-06-09 14:42:00,ZNG.V,,0.8799999952316284,0.8899999856948853,0.8799999952316284,0.8899999856948853,8000.0
2026-06-09 14:43:00,EQTY.V,,0.27000001072883606,0.27000001072883606,0.27000001072883606,0.27000001072883606,85000.0
2026-06-09 14:43:00,GAL.V,,0.41999998688697815,0.41999998688697815,0.41999998688697815,0.41999998688697815,4500.0
2026-06-09 14:43:00,GGO.V,,1.0199999809265137,1.0199999809265137,1.0199999809265137,1.0199999809265137,900.0
2026-06-09 14:43:00,HHH.V,,5.090000152587891,5.090000152587891,5.090000152587891,5.090000152587891,2200.0
2026-06-09 14:43:00,ITR.V,,3.200000047683716,3.200000047683716,3.200000047683716,3.200000047683716,100.0
2026-06-09 14:43:00,KTN.V,,1.340000033378601,1.350000023841858,1.340000033378601,1.340000033378601,6300.0
2026-06-09 14:43:00,LTH.V,,0.8399999737739563,0.8399999737739563,0.8399999737739563,0.8399999737739563,500.0
2026-06-09 14:43:00,MLP.V,,1.840000033378601,1.840000033378601,1.840000033378601,1.840000033378601,200.0
2026-06-09 14:43:00,PNG.V,,7.210000038146973,7.230000019073486,7.210000038146973,7.21999979019165,2905.0
2026-06-09 14:44:00,FL.V,,0.4950000047683716,0.4950000047683716,0.4950000047683716,0.4950000047683716,6045.0
2026-06-09 14:44:00,GAL.V,,0.41999998688697815,0.41999998688697815,0.41999998688697815,0.41999998688697815,10000.0
2026-06-09 14:44:00,GLAD.V,,2.190000057220459,2.190000057220459,2.190000057220459,2.190000057220459,100.0
2026-06-09 14:44:00,GWM.V,,0.5099999904632568,0.5099999904632568,0.5099999904632568,0.5099999904632568,500.0
2026-06-09 14:44:00,HSTR.V,,1.6799999475479126,1.6799999475479126,1.6799999475479126,1.6799999475479126,2300.0
2026-06-09 14:44:00,ICM.V,,0.06499999761581421,0.06499999761581421,0.06499999761581421,0.06499999761581421,20000.0
2026-06-09 14:44:00,INX.V,,0.38499999046325684,0.38499999046325684,0.38499999046325684,0.38499999046325684,0.0
2026-06-09 14:44:00,LMN.V,,22.559999465942383,22.559999465942383,22.559999465942383,22.559999465942383,200.0
2026-06-09 14:44:00,PNG.V,,7.199999809265137,7.230000019073486,7.199999809265137,7.230000019073486,2185.0
2026-06-09 14:44:00,ZNG.V,,0.8799999952316284,0.8799999952316284,0.8799999952316284,0.8799999952316284,1500.0
2026-06-09 14:45:00,EQTY.V,,0.27000001072883606,0.27000001072883606,0.27000001072883606,0.27000001072883606,5000.0
2026-06-09 14:45:00,FUU.V,,0.14499999582767487,0.14499999582767487,0.14499999582767487,0.14499999582767487,500.0
2026-06-09 14:45:00,GGO.V,,1.024999976158142,1.024999976158142,1.024999976158142,1.024999976158142,100.0
2026-06-09 14:45:00,GLAD.V,,2.2200000286102295,2.2200000286102295,2.2100000381469727,2.2100000381469727,1600.0
2026-06-09 14:45:00,HME.V,,2.7699999809265137,2.7699999809265137,2.7699999809265137,2.7699999809265137,100.0
2026-06-09 14:45:00,JUGR.V,,0.9800000190734863,0.9800000190734863,0.9800000190734863,0.9800000190734863,200.0
2026-06-09 14:45:00,KNG.V,,1.024999976158142,1.024999976158142,1.024999976158142,1.024999976158142,300.0
2026-06-09 14:45:00,KTO.V,,0.6499999761581421,0.6499999761581421,0.6499999761581421,0.6499999761581421,10000.0
2026-06-09 14:45:00,MCF.V,,0.02500000037252903,0.02500000037252903,0.02500000037252903,0.02500000037252903,7000.0
2026-06-09 14:45:00,MLP.V,,1.840000033378601,1.840000033378601,1.840000033378601,1.840000033378601,100.0
2026-06-09 14:46:00,FRED.V,,0.49000000953674316,0.5049999952316284,0.49000000953674316,0.5049999952316284,7000.0
2026-06-09 14:46:00,GSVR.V,,0.46000000834465027,0.46000000834465027,0.46000000834465027,0.46000000834465027,27000.0
2026-06-09 14:46:00,ITR.V,,3.200000047683716,3.200000047683716,3.200000047683716,3.200000047683716,100.0
2026-06-09 14:46:00,LMN.V,,22.549999237060547,22.549999237060547,22.549999237060547,22.549999237060547,200.0
2026-06-09 14:46:00,MKO.V,,9.949999809265137,9.949999809265137,9.949999809265137,9.949999809265137,200.0
2026-06-09 14:46:00,PNG.V,,7.210000038146973,7.235000133514404,7.210000038146973,7.21999979019165,3577.0
2026-06-09 14:47:00,EQTY.V,,0.27000001072883606,0.27000001072883606,0.27000001072883606,0.27000001072883606,20500.0
2026-06-09 14:47:00,FORT.V,,3.390000104904175,3.390000104904175,3.390000104904175,3.390000104904175,200.0
2026-06-09 14:47:00,GGO.V,,1.0199999809265137,1.0199999809265137,1.0199999809265137,1.0199999809265137,100.0
2026-06-09 14:47:00,GSVR.V,,0.46000000834465027,0.46000000834465027,0.46000000834465027,0.46000000834465027,18500.0
2026-06-09 14:47:00,HME.V,,2.7699999809265137,2.7699999809265137,2.7699999809265137,2.7699999809265137,5100.0
2026-06-09 14:47:00,KTN.V,,1.340000033378601,1.340000033378601,1.340000033378601,1.340000033378601,300.0
2026-06-09 14:47:00,TUF.V,,0.699999988079071,0.699999988079071,0.699999988079071,0.699999988079071,5000.0
2026-06-09 14:47:00,ZNG.V,,0.8799999952316284,0.8799999952316284,0.8799999952316284,0.8799999952316284,500.0
2026-06-09 14:48:00,FDR.V,,4.099999904632568,4.099999904632568,4.099999904632568,4.099999904632568,1100.0
2026-06-09 14:48:00,GSVR.V,,0.46000000834465027,0.46000000834465027,0.46000000834465027,0.46000000834465027,2000.0
2026-06-09 14:48:00,HME.V,,2.7699999809265137,2.7699999809265137,2.7699999809265137,2.7699999809265137,400.0
2026-06-09 14:48:00,KIP.V,,0.2199999988079071,0.2199999988079071,0.2199999988079071,0.2199999988079071,1000.0
2026-06-09 14:48:00,MKO.V,,9.949999809265137,9.949999809265137,9.949999809265137,9.949999809265137,100.0
2026-06-09 14:49:00,FUU.V,,0.14499999582767487,0.14499999582767487,0.14499999582767487,0.14499999582767487,500.0
2026-06-09 14:49:00,GLAD.V,,2.1700000762939453,2.190000057220459,2.1700000762939453,2.190000057220459,30400.0
2026-06-09 14:49:00,KTN.V,,1.3350000381469727,1.3350000381469727,1.3350000381469727,1.3350000381469727,100.0
2026-06-09 14:49:00,LTH.V,,0.8399999737739563,0.8399999737739563,0.8399999737739563,0.8399999737739563,1500.0
2026-06-09 14:49:00,MGM.V,,2.7100000381469727,2.7100000381469727,2.7100000381469727,2.7100000381469727,100.0
2026-06-09 14:50:00,GRZ.V,,6.789999961853027,6.789999961853027,6.78000020980835,6.78000020980835,1700.0
2026-06-09 14:50:00,HME.V,,2.7699999809265137,2.7699999809265137,2.7699999809265137,2.7699999809265137,100.0
2026-06-09 14:50:00,HSTR.V,,1.690000057220459,1.690000057220459,1.690000057220459,1.690000057220459,4300.0
2026-06-09 14:50:00,JUGR.V,,0.9800000190734863,0.9800000190734863,0.9800000190734863,0.9800000190734863,200.0
2026-06-09 14:50:00,LMN.V,,22.510000228881836,22.510000228881836,22.510000228881836,22.510000228881836,200.0
2026-06-09 14:50:00,MTS.V,,0.14000000059604645,0.14000000059604645,0.14000000059604645,0.14000000059604645,1000.0
2026-06-09 14:50:00,TUF.V,,0.699999988079071,0.699999988079071,0.699999988079071,0.699999988079071,500.0
2026-06-09 14:51:00,GLAD.V,,2.2100000381469727,2.2100000381469727,2.180000066757202,2.180000066757202,2300.0
2026-06-09 14:51:00,GPG.V,,0.27000001072883606,0.27000001072883606,0.27000001072883606,0.27000001072883606,1000.0
2026-06-09 14:51:00,GSVR.V,,0.46000000834465027,0.46000000834465027,0.46000000834465027,0.46000000834465027,7000.0
2026-06-09 14:51:00,HAM.V,,5.630000114440918,5.630000114440918,5.630000114440918,5.630000114440918,700.0
2026-06-09 14:51:00,HSTR.V,,1.690000057220459,1.690000057220459,1.690000057220459,1.690000057220459,100.0
2026-06-09 14:51:00,LIO.V,,0.14000000059604645,0.14000000059604645,0.14000000059604645,0.14000000059604645,14000.0
2026-06-09 14:51:00,MKO.V,,9.949999809265137,9.949999809265137,9.949999809265137,9.949999809265137,243.0
2026-06-09 14:51:00,PNG.V,,7.21999979019165,7.224999904632568,7.210000038146973,7.210000038146973,1300.0
2026-06-09 14:52:00,GPH.V,,1.0700000524520874,1.0700000524520874,1.0700000524520874,1.0700000524520874,100.0
2026-06-09 14:52:00,GSVR.V,,0.46000000834465027,0.46000000834465027,0.46000000834465027,0.46000000834465027,1500.0
2026-06-09 14:52:00,GWM.V,,0.5099999904632568,0.5099999904632568,0.5099999904632568,0.5099999904632568,500.0
2026-06-09 14:52:00,HAM.V,,5.630000114440918,5.630000114440918,5.630000114440918,5.630000114440918,3900.0
2026-06-09 14:52:00,KTN.V,,1.3300000429153442,1.3350000381469727,1.3300000429153442,1.3350000381469727,3000.0
2026-06-09 14:52:00,LCX.V,,1.7000000476837158,1.7000000476837158,1.7000000476837158,1.7000000476837158,147.0
2026-06-09 14:52:00,LMN.V,,22.540000915527344,22.56999969482422,22.520000457763672,22.530000686645508,880.0
2026-06-09 14:52:00,LSTR.V,,0.08500000089406967,0.08500000089406967,0.08500000089406967,0.08500000089406967,6000.0
2026-06-09 14:52:00,MKO.V,,9.989999771118164,9.989999771118164,9.989999771118164,9.989999771118164,300.0
2026-06-09 14:52:00,PNG.V,,7.230000019073486,7.230000019073486,7.230000019073486,7.230000019073486,1000.0
2026-06-09 14:53:00,FDR.V,,4.119999885559082,4.119999885559082,4.119999885559082,4.119999885559082,500.0
2026-06-09 14:53:00,FPC.V,,0.4699999988079071,0.4699999988079071,0.4699999988079071,0.4699999988079071,14500.0
2026-06-09 14:53:00,ICM.V,,0.05999999865889549,0.05999999865889549,0.05999999865889549,0.05999999865889549,303700.0
2026-06-09 14:53:00,LMN.V,,22.549999237060547,22.579999923706055,22.549999237060547,22.579999923706055,300.0
2026-06-09 14:53:00,NURS.V,,4.099999904632568,4.099999904632568,4.099999904632568,4.099999904632568,100.0
2026-06-09 14:54:00,HAN.V,,0.5,0.5,0.5,0.5,16500.0
2026-06-09 14:54:00,HSTR.V,,1.7000000476837158,1.7000000476837158,1.690000057220459,1.690000057220459,2400.0
2026-06-09 14:54:00,ICM.V,,0.054999999701976776,0.054999999701976776,0.054999999701976776,0.054999999701976776,348004.0
2026-06-09 14:54:00,IFOS.V,,2.4000000953674316,2.4000000953674316,2.4000000953674316,2.4000000953674316,300.0
2026-06-09 14:54:00,JUGR.V,,0.9800000190734863,0.9800000190734863,0.9800000190734863,0.9800000190734863,200.0
2026-06-09 14:54:00,KTN.V,,1.3350000381469727,1.3350000381469727,1.3350000381469727,1.3350000381469727,100.0
2026-06-09 14:54:00,MGM.V,,2.7100000381469727,2.7100000381469727,2.7100000381469727,2.7100000381469727,100.0
2026-06-09 14:54:00,MLP.V,,1.840000033378601,1.840000033378601,1.840000033378601,1.840000033378601,100.0
2026-06-09 14:54:00,NURS.V,,4.110000133514404,4.110000133514404,4.110000133514404,4.110000133514404,1700.0
2026-06-09 14:54:00,PNG.V,,7.239999771118164,7.239999771118164,7.239999771118164,7.239999771118164,100.0
2026-06-09 14:55:00,GNG.V,,0.10000000149011612,0.10499999672174454,0.10000000149011612,0.10499999672174454,4500.0
2026-06-09 14:55:00,GRZ.V,,6.789999961853027,6.789999961853027,6.789999961853027,6.789999961853027,100.0
2026-06-09 14:55:00,GSVR.V,,0.46000000834465027,0.46000000834465027,0.46000000834465027,0.46000000834465027,4150.0
2026-06-09 14:55:00,HAM.V,,5.5,5.510000228881836,5.5,5.510000228881836,700.0
2026-06-09 14:55:00,HME.V,,2.7699999809265137,2.7699999809265137,2.7699999809265137,2.7699999809265137,900.0
2026-06-09 14:55:00,ICM.V,,0.054999999701976776,0.054999999701976776,0.054999999701976776,0.054999999701976776,61000.0
2026-06-09 14:55:00,LMN.V,,22.549999237060547,22.549999237060547,22.549999237060547,22.549999237060547,200.0
2026-06-09 14:55:00,LVG.V,,0.2750000059604645,0.2750000059604645,0.2750000059604645,0.2750000059604645,10500.0
2026-06-09 14:55:00,NURS.V,,4.130000114440918,4.130000114440918,4.110000133514404,4.110000133514404,2500.0
2026-06-09 14:56:00,GAL.V,,0.41999998688697815,0.41999998688697815,0.41999998688697815,0.41999998688697815,7000.0
2026-06-09 14:56:00,GSVR.V,,0.46000000834465027,0.46000000834465027,0.46000000834465027,0.46000000834465027,4458.0
2026-06-09 14:56:00,ITR.V,,3.2200000286102295,3.2200000286102295,3.2200000286102295,3.2200000286102295,1959.0
2026-06-09 14:56:00,NURS.V,,4.110000133514404,4.119999885559082,4.110000133514404,4.119999885559082,2800.0
2026-06-09 14:56:00,PNG.V,,7.25,7.25,7.239999771118164,7.239999771118164,1093.0
2026-06-09 14:57:00,EQTY.V,,0.27000001072883606,0.27000001072883606,0.27000001072883606,0.27000001072883606,50500.0
2026-06-09 14:57:00,FP.V,,0.8600000143051147,0.8600000143051147,0.8600000143051147,0.8600000143051147,0.0
2026-06-09 14:57:00,GRZ.V,,6.800000190734863,6.800000190734863,6.789999961853027,6.789999961853027,10200.0
2026-06-09 14:57:00,GSVR.V,,0.46000000834465027,0.46000000834465027,0.46000000834465027,0.46000000834465027,14000.0
2026-06-09 14:57:00,HME.V,,2.7799999713897705,2.7799999713897705,2.7799999713897705,2.7799999713897705,100.0
2026-06-09 14:57:00,HSTR.V,,1.690000057220459,1.690000057220459,1.690000057220459,1.690000057220459,1400.0
2026-06-09 14:57:00,ICM.V,,0.054999999701976776,0.054999999701976776,0.054999999701976776,0.054999999701976776,4000.0
2026-06-09 14:57:00,LMN.V,,22.56999969482422,22.56999969482422,22.56999969482422,22.56999969482422,200.0
2026-06-09 14:57:00,MKO.V,,10.020000457763672,10.020000457763672,10.020000457763672,10.020000457763672,100.0
2026-06-09 14:57:00,MLP.V,,1.840000033378601,1.840000033378601,1.840000033378601,1.840000033378601,100.0
2026-06-09 14:57:00,MMG.V,,0.24500000476837158,0.24500000476837158,0.24500000476837158,0.24500000476837158,2500.0
2026-06-09 14:57:00,NURS.V,,4.110000133514404,4.110000133514404,4.110000133514404,4.110000133514404,300.0
2026-06-09 14:57:00,PNG.V,,7.239999771118164,7.25,7.239999771118164,7.25,2295.0
2026-06-09 14:58:00,FDR.V,,4.139999866485596,4.139999866485596,4.119999885559082,4.119999885559082,200.0
2026-06-09 14:58:00,GQC.V,,0.9200000166893005,0.9200000166893005,0.9150000214576721,0.9150000214576721,3000.0
2026-06-09 14:58:00,JUGR.V,,0.9800000190734863,0.9800000190734863,0.9800000190734863,0.9800000190734863,200.0
2026-06-09 14:58:00,LMN.V,,22.530000686645508,22.530000686645508,22.530000686645508,22.530000686645508,100.0
2026-06-09 14:58:00,MLP.V,,1.850000023841858,1.850000023841858,1.850000023841858,1.850000023841858,100.0
2026-06-09 14:58:00,PNG.V,,7.260000228881836,7.260000228881836,7.239999771118164,7.239999771118164,1500.0
2026-06-09 14:58:00,YGT.V,,0.1850000023841858,0.1850000023841858,0.1850000023841858,0.1850000023841858,500.0
2026-06-09 14:59:00,FDR.V,,4.150000095367432,4.150000095367432,4.150000095367432,4.150000095367432,400.0
2026-06-09 14:59:00,GRZ.V,,6.800000190734863,6.800000190734863,6.800000190734863,6.800000190734863,1200.0
2026-06-09 14:59:00,HSTR.V,,1.7000000476837158,1.7000000476837158,1.7000000476837158,1.7000000476837158,1400.0
2026-06-09 14:59:00,IFOS.V,,2.390000104904175,2.390000104904175,2.390000104904175,2.390000104904175,100.0
2026-06-09 14:59:00,KTN.V,,1.3350000381469727,1.3350000381469727,1.3350000381469727,1.3350000381469727,100.0
2026-06-09 14:59:00,LIFT.V,,5.0,5.0,4.980000019073486,4.980000019073486,7200.0
2026-06-09 14:59:00,LMN.V,,22.579999923706055,22.579999923706055,22.56999969482422,22.56999969482422,300.0
2026-06-09 14:59:00,MGM.V,,2.7100000381469727,2.7100000381469727,2.7100000381469727,2.7100000381469727,100.0
2026-06-09 14:59:00,MLP.V,,1.850000023841858,1.850000023841858,1.850000023841858,1.850000023841858,300.0
2026-06-09 14:59:00,NURS.V,,4.119999885559082,4.119999885559082,4.110000133514404,4.110000133514404,2400.0
2026-06-09 14:59:00,PNG.V,,7.28000020980835,7.28000020980835,7.239999771118164,7.260000228881836,1945.0
2026-06-09 15:00:00,HITI.V,,3.2799999713897705,3.2799999713897705,3.2799999713897705,3.2799999713897705,200.0
2026-06-09 15:00:00,HSTR.V,,1.7000000476837158,1.7000000476837158,1.7000000476837158,1.7000000476837158,3800.0
2026-06-09 15:00:00,ITR.V,,3.2200000286102295,3.2200000286102295,3.2200000286102295,3.2200000286102295,200.0
2026-06-09 15:00:00,LIFT.V,,5.0,5.0,5.0,5.0,700.0
2026-06-09 15:00:00,LMN.V,,22.549999237060547,22.549999237060547,22.549999237060547,22.549999237060547,100.0
2026-06-09 15:00:00,MKO.V,,10.079999923706055,10.079999923706055,10.010000228881836,10.010000228881836,1100.0
2026-06-09 15:00:00,NURS.V,,4.110000133514404,4.110000133514404,4.110000133514404,4.110000133514404,100.0
2026-06-09 15:01:00,EMN.V,,0.10000000149011612,0.10000000149011612,0.10000000149011612,0.10000000149011612,500.0
2026-06-09 15:01:00,GGO.V,,1.024999976158142,1.024999976158142,1.024999976158142,1.024999976158142,500.0
2026-06-09 15:01:00,GSVR.V,,0.4650000035762787,0.4650000035762787,0.4650000035762787,0.4650000035762787,1000.0
2026-06-09 15:01:00,ITR.V,,3.2300000190734863,3.2300000190734863,3.2200000286102295,3.2200000286102295,900.0
2026-06-09 15:01:00,LCX.V,,1.7000000476837158,1.7000000476837158,1.7000000476837158,1.7000000476837158,100.0
2026-06-09 15:01:00,LG.V,,0.3449999988079071,0.3449999988079071,0.3449999988079071,0.3449999988079071,10000.0
2026-06-09 15:01:00,LMN.V,,22.579999923706055,22.59000015258789,22.579999923706055,22.59000015258789,400.0
2026-06-09 15:01:00,MGM.V,,2.7100000381469727,2.7100000381469727,2.7100000381469727,2.7100000381469727,100.0
2026-06-09 15:01:00,MKO.V,,10.09000015258789,10.09000015258789,10.09000015258789,10.09000015258789,100.0
2026-06-09 15:01:00,NURS.V,,4.119999885559082,4.119999885559082,4.119999885559082,4.119999885559082,1200.0
2026-06-09 15:02:00,FDR.V,,4.150000095367432,4.150000095367432,4.150000095367432,4.150000095367432,1300.0
2026-06-09 15:02:00,FG.V,,0.03999999910593033,0.03999999910593033,0.03999999910593033,0.03999999910593033,5000.0
2026-06-09 15:02:00,GQC.V,,0.9300000071525574,0.9300000071525574,0.9300000071525574,0.9300000071525574,4100.0
2026-06-09 15:02:00,GSI.V,,1.1299999952316284,1.1299999952316284,1.1299999952316284,1.1299999952316284,100.0
2026-06-09 15:02:00,HME.V,,2.7799999713897705,2.7799999713897705,2.7799999713897705,2.7799999713897705,100.0
2026-06-09 15:02:00,HSTR.V,,1.7100000381469727,1.7100000381469727,1.7050000429153442,1.7050000429153442,1100.0
2026-06-09 15:02:00,ITR.V,,3.2300000190734863,3.2300000190734863,3.2249999046325684,3.2249999046325684,1400.0
2026-06-09 15:02:00,KTN.V,,1.350000023841858,1.350000023841858,1.340000033378601,1.340000033378601,4600.0
2026-06-09 15:02:00,MKO.V,,10.100000381469727,10.100000381469727,10.100000381469727,10.100000381469727,100.0
2026-06-09 15:02:00,NURS.V,,4.110000133514404,4.110000133514404,4.110000133514404,4.110000133514404,1000.0
2026-06-09 15:02:00,TUF.V,,0.699999988079071,0.699999988079071,0.699999988079071,0.699999988079071,500.0
2026-06-09 15:03:00,FDR.V,,4.150000095367432,4.150000095367432,4.150000095367432,4.150000095367432,500.0
2026-06-09 15:03:00,GCOM.V,,0.06499999761581421,0.06499999761581421,0.06499999761581421,0.06499999761581421,1000.0
2026-06-09 15:03:00,HHH.V,,5.150000095367432,5.150000095367432,5.150000095367432,5.150000095367432,200.0
2026-06-09 15:03:00,HSTR.V,,1.7100000381469727,1.7200000286102295,1.7100000381469727,1.7100000381469727,4300.0
2026-06-09 15:03:00,JUGR.V,,0.9800000190734863,0.9800000190734863,0.9800000190734863,0.9800000190734863,200.0
2026-06-09 15:03:00,KTN.V,,1.340000033378601,1.350000023841858,1.340000033378601,1.350000023841858,6900.0
2026-06-09 15:03:00,MQM.V,,0.23499999940395355,0.23499999940395355,0.23499999940395355,0.23499999940395355,2000.0
2026-06-09 15:03:00,PNG.V,,7.28000020980835,7.28000020980835,7.28000020980835,7.28000020980835,2205.0
2026-06-09 15:04:00,FORT.V,,3.390000104904175,3.390000104904175,3.390000104904175,3.390000104904175,400.0
2026-06-09 15:04:00,GQC.V,,0.9399999976158142,0.9399999976158142,0.9399999976158142,0.9399999976158142,4000.0
2026-06-09 15:04:00,GWM.V,,0.5149999856948853,0.5149999856948853,0.5149999856948853,0.5149999856948853,500.0
2026-06-09 15:04:00,HME.V,,2.7799999713897705,2.7799999713897705,2.7799999713897705,2.7799999713897705,100.0
2026-06-09 15:04:00,HSTR.V,,1.7100000381469727,1.7100000381469727,1.7100000381469727,1.7100000381469727,1700.0
2026-06-09 15:04:00,JJ.V,,0.054999999701976776,0.054999999701976776,0.054999999701976776,0.054999999701976776,0.0
2026-06-09 15:04:00,LMN.V,,22.520000457763672,22.520000457763672,22.510000228881836,22.510000228881836,300.0
2026-06-09 15:04:00,LXE.V,,0.1599999964237213,0.1599999964237213,0.1599999964237213,0.1599999964237213,0.0
2026-06-09 15:04:00,MGM.V,,2.7300000190734863,2.7300000190734863,2.7300000190734863,2.7300000190734863,576.0
2026-06-09 15:04:00,PNG.V,,7.269999980926514,7.289999961853027,7.269999980926514,7.289999961853027,2765.0
2026-06-09 15:04:00,ZNG.V,,0.8799999952316284,0.8799999952316284,0.8799999952316284,0.8799999952316284,500.0
2026-06-09 15:05:00,GEMC.V,,0.02500000037252903,0.02500000037252903,0.02500000037252903,0.02500000037252903,0.0
2026-06-09 15:05:00,GRDM.V,,0.11500000208616257,0.11500000208616257,0.11500000208616257,0.11500000208616257,7500.0
2026-06-09 15:05:00,HSTR.V,,1.7100000381469727,1.7100000381469727,1.7100000381469727,1.7100000381469727,4900.0
2026-06-09 15:05:00,ITR.V,,3.2200000286102295,3.240000009536743,3.2200000286102295,3.2300000190734863,9700.0
2026-06-09 15:05:00,JJ.V,,0.05999999865889549,0.05999999865889549,0.05999999865889549,0.05999999865889549,1000.0
2026-06-09 15:05:00,LCX.V,,1.690000057220459,1.690000057220459,1.690000057220459,1.690000057220459,100.0
2026-06-09 15:05:00,MLP.V,,1.8600000143051147,1.8600000143051147,1.8600000143051147,1.8600000143051147,2200.0
2026-06-09 15:05:00,MTA.V,,9.529999732971191,9.529999732971191,9.529999732971191,9.529999732971191,100.0
2026-06-09 15:05:00,PNG.V,,7.269999980926514,7.289999961853027,7.260000228881836,7.289999961853027,3805.0
2026-06-09 15:06:00,EQTY.V,,0.27000001072883606,0.27000001072883606,0.27000001072883606,0.27000001072883606,10000.0
2026-06-09 15:06:00,ESK.V,,0.375,0.375,0.375,0.375,1000.0
2026-06-09 15:06:00,GAL.V,,0.42500001192092896,0.42500001192092896,0.42500001192092896,0.42500001192092896,5000.0
2026-06-09 15:06:00,GGO.V,,1.0199999809265137,1.0199999809265137,1.0199999809265137,1.0199999809265137,100.0
2026-06-09 15:06:00,GSI.V,,1.1299999952316284,1.1299999952316284,1.1299999952316284,1.1299999952316284,6500.0
2026-06-09 15:06:00,GSVR.V,,0.4699999988079071,0.4699999988079071,0.4699999988079071,0.4699999988079071,5500.0
2026-06-09 15:06:00,HME.V,,2.7799999713897705,2.7799999713897705,2.7799999713897705,2.7799999713897705,200.0
2026-06-09 15:06:00,HSTR.V,,1.7100000381469727,1.7100000381469727,1.7100000381469727,1.7100000381469727,3600.0
2026-06-09 15:06:00,ITR.V,,3.240000009536743,3.240000009536743,3.2300000190734863,3.2300000190734863,6000.0
2026-06-09 15:06:00,LCX.V,,1.6799999475479126,1.690000057220459,1.6799999475479126,1.690000057220459,500.0
2026-06-09 15:06:00,LGN.V,,0.9100000262260437,0.9100000262260437,0.9100000262260437,0.9100000262260437,1000.0
2026-06-09 15:06:00,LMN.V,,22.520000457763672,22.520000457763672,22.469999313354492,22.469999313354492,300.0
2026-06-09 15:06:00,MLP.V,,1.8700000047683716,1.8799999952316284,1.8600000143051147,1.8799999952316284,2500.0
2026-06-09 15:06:00,MSC.V,,0.02500000037252903,0.02500000037252903,0.02500000037252903,0.02500000037252903,0.0
2026-06-09 15:06:00,PNG.V,,7.25,7.25,7.25,7.25,600.0
2026-06-09 15:07:00,GGO.V,,1.0199999809265137,1.0199999809265137,1.0199999809265137,1.0199999809265137,100.0
2026-06-09 15:07:00,HSTR.V,,1.7100000381469727,1.7100000381469727,1.7100000381469727,1.7100000381469727,100.0
2026-06-09 15:07:00,ITR.V,,3.2300000190734863,3.2300000190734863,3.2300000190734863,3.2300000190734863,1900.0
2026-06-09 15:07:00,LGN.V,,0.9100000262260437,0.9100000262260437,0.9100000262260437,0.9100000262260437,5000.0
2026-06-09 15:07:00,LQWD.V,,0.7900000214576721,0.7900000214576721,0.7900000214576721,0.7900000214576721,1000.0
2026-06-09 15:07:00,MKO.V,,10.100000381469727,10.100000381469727,10.100000381469727,10.100000381469727,300.0
2026-06-09 15:07:00,PNG.V,,7.260000228881836,7.260000228881836,7.25,7.25,500.0
2026-06-09 15:08:00,GAL.V,,0.42500001192092896,0.42500001192092896,0.42500001192092896,0.42500001192092896,2000.0
2026-06-09 15:08:00,HME.V,,2.7799999713897705,2.7799999713897705,2.7799999713897705,2.7799999713897705,900.0
2026-06-09 15:08:00,HSTR.V,,1.7000000476837158,1.7000000476837158,1.7000000476837158,1.7000000476837158,100.0
2026-06-09 15:08:00,IFOS.V,,2.4100000858306885,2.4100000858306885,2.4100000858306885,2.4100000858306885,300.0
2026-06-09 15:08:00,KTN.V,,1.340000033378601,1.340000033378601,1.340000033378601,1.340000033378601,100.0
2026-06-09 15:08:00,LMN.V,,22.530000686645508,22.530000686645508,22.530000686645508,22.530000686645508,200.0
2026-06-09 15:08:00,MLP.V,,1.8700000047683716,1.8700000047683716,1.8700000047683716,1.8700000047683716,300.0
2026-06-09 15:09:00,FDR.V,,4.135000228881836,4.179999828338623,4.135000228881836,4.179999828338623,4500.0
2026-06-09 15:09:00,GGO.V,,1.0199999809265137,1.0199999809265137,1.0199999809265137,1.0199999809265137,400.0
2026-06-09 15:09:00,HHH.V,,5.010000228881836,5.019999980926514,5.005000114440918,5.019999980926514,4200.0
2026-06-09 15:09:00,HME.V,,2.7799999713897705,2.7799999713897705,2.7799999713897705,2.7799999713897705,300.0
2026-06-09 15:09:00,ITR.V,,3.2249999046325684,3.2249999046325684,3.2200000286102295,3.2200000286102295,300.0
2026-06-09 15:09:00,LGN.V,,0.9100000262260437,0.9100000262260437,0.9100000262260437,0.9100000262260437,3000.0
2026-06-09 15:09:00,MKO.V,,10.039999961853027,10.069999694824219,10.039999961853027,10.069999694824219,927.0
2026-06-09 15:09:00,PNG.V,,7.269999980926514,7.269999980926514,7.269999980926514,7.269999980926514,350.0
2026-06-09 15:10:00,HSTR.V,,1.7000000476837158,1.7000000476837158,1.7000000476837158,1.7000000476837158,800.0
2026-06-09 15:10:00,IFOS.V,,2.390000104904175,2.390000104904175,2.390000104904175,2.390000104904175,100.0
2026-06-09 15:10:00,ITR.V,,3.2200000286102295,3.2200000286102295,3.2200000286102295,3.2200000286102295,1500.0
2026-06-09 15:10:00,JUGR.V,,0.9800000190734863,0.9800000190734863,0.9800000190734863,0.9800000190734863,200.0
2026-06-09 15:10:00,KNG.V,,1.0299999713897705,1.0299999713897705,1.0299999713897705,1.0299999713897705,1000.0
2026-06-09 15:10:00,KTO.V,,0.6499999761581421,0.6499999761581421,0.6499999761581421,0.6499999761581421,5000.0
2026-06-09 15:10:00,LCX.V,,1.6799999475479126,1.6799999475479126,1.6799999475479126,1.6799999475479126,1800.0
2026-06-09 15:10:00,MGM.V,,2.7300000190734863,2.7300000190734863,2.7300000190734863,2.7300000190734863,100.0
2026-06-09 15:10:00,MMG.V,,0.25,0.25,0.25,0.25,1000.0
2026-06-09 15:10:00,MTT.V,,0.15000000596046448,0.15000000596046448,0.15000000596046448,0.15000000596046448,8000.0
2026-06-09 15:10:00,PNG.V,,7.269999980926514,7.275000095367432,7.269999980926514,7.269999980926514,805.0
2026-06-09 15:11:00,GSI.V,,1.1299999952316284,1.1299999952316284,1.1299999952316284,1.1299999952316284,2800.0
2026-06-09 15:11:00,GSVR.V,,0.4675000011920929,0.4675000011920929,0.4675000011920929,0.4675000011920929,500.0
2026-06-09 15:11:00,HHH.V,,5.010000228881836,5.010000228881836,5.010000228881836,5.010000228881836,100.0
2026-06-09 15:11:00,HME.V,,2.7699999809265137,2.7899999618530273,2.7699999809265137,2.7899999618530273,1200.0
2026-06-09 15:11:00,ITR.V,,3.2200000286102295,3.2200000286102295,3.2200000286102295,3.2200000286102295,700.0
2026-06-09 15:11:00,LMN.V,,22.530000686645508,22.530000686645508,22.530000686645508,22.530000686645508,200.0
2026-06-09 15:11:00,MEK.V,,0.04500000178813934,0.04500000178813934,0.04500000178813934,0.04500000178813934,18000.0
2026-06-09 15:11:00,PNG.V,,7.25,7.264999866485596,7.239999771118164,7.264999866485596,2900.0
2026-06-09 15:12:00,GGO.V,,1.0199999809265137,1.0199999809265137,1.0199999809265137,1.0199999809265137,100.0
2026-06-09 15:12:00,HHH.V,,5.010000228881836,5.010000228881836,5.010000228881836,5.010000228881836,200.0
2026-06-09 15:12:00,HSTR.V,,1.7000000476837158,1.7000000476837158,1.7000000476837158,1.7000000476837158,100.0
2026-06-09 15:12:00,ITR.V,,3.2200000286102295,3.2249999046325684,3.2200000286102295,3.2200000286102295,2100.0
2026-06-09 15:12:00,MTA.V,,9.489999771118164,9.489999771118164,9.489999771118164,9.489999771118164,100.0
2026-06-09 15:12:00,TUF.V,,0.699999988079071,0.699999988079071,0.699999988079071,0.699999988079071,500.0
2026-06-09 15:12:00,YGT.V,,0.1850000023841858,0.1850000023841858,0.1850000023841858,0.1850000023841858,500.0
2026-06-09 15:13:00,EQTY.V,,0.26499998569488525,0.26499998569488525,0.26499998569488525,0.26499998569488525,5183.0
2026-06-09 15:13:00,FDR.V,,4.130000114440918,4.130000114440918,4.130000114440918,4.130000114440918,2100.0
2026-06-09 15:13:00,FFOX.V,,0.5299999713897705,0.5299999713897705,0.5299999713897705,0.5299999713897705,1500.0
2026-06-09 15:13:00,GGO.V,,1.0199999809265137,1.0199999809265137,1.0199999809265137,1.0199999809265137,100.0
2026-06-09 15:13:00,GQC.V,,0.9399999976158142,0.9399999976158142,0.9399999976158142,0.9399999976158142,500.0
2026-06-09 15:13:00,GSVR.V,,0.4650000035762787,0.4650000035762787,0.4650000035762787,0.4650000035762787,3000.0
2026-06-09 15:13:00,HSTR.V,,1.7050000429153442,1.7050000429153442,1.7050000429153442,1.7050000429153442,700.0
2026-06-09 15:13:00,KTN.V,,1.3350000381469727,1.340000033378601,1.3350000381469727,1.340000033378601,500.0
2026-06-09 15:13:00,LG.V,,0.3449999988079071,0.3449999988079071,0.3449999988079071,0.3449999988079071,9500.0
2026-06-09 15:13:00,LGN.V,,0.9100000262260437,0.9100000262260437,0.9100000262260437,0.9100000262260437,1500.0
2026-06-09 15:13:00,LMN.V,,22.440000534057617,22.440000534057617,22.440000534057617,22.440000534057617,200.0
2026-06-09 15:13:00,MTA.V,,9.479999542236328,9.479999542236328,9.479999542236328,9.479999542236328,100.0
2026-06-09 15:13:00,NURS.V,,4.110000133514404,4.110000133514404,4.110000133514404,4.110000133514404,100.0
2026-06-09 15:13:00,PNG.V,,7.260000228881836,7.260000228881836,7.25,7.25,1400.0
2026-06-09 15:14:00,GLAD.V,,2.180000066757202,2.180000066757202,2.180000066757202,2.180000066757202,200.0
2026-06-09 15:14:00,GSVR.V,,0.4650000035762787,0.4650000035762787,0.4650000035762787,0.4650000035762787,12750.0
2026-06-09 15:14:00,GWM.V,,0.5099999904632568,0.5099999904632568,0.5099999904632568,0.5099999904632568,500.0
2026-06-09 15:14:00,ITR.V,,3.2200000286102295,3.2200000286102295,3.2200000286102295,3.2200000286102295,3700.0
2026-06-09 15:14:00,KTN.V,,1.340000033378601,1.340000033378601,1.340000033378601,1.340000033378601,500.0
2026-06-09 15:14:00,LIO.V,,0.14000000059604645,0.14000000059604645,0.14000000059604645,0.14000000059604645,14000.0
2026-06-09 15:14:00,MLP.V,,1.8600000143051147,1.8600000143051147,1.850000023841858,1.850000023841858,430.0
2026-06-09 15:14:00,PNG.V,,7.269999980926514,7.269999980926514,7.260000228881836,7.260000228881836,300.0
2026-06-09 15:15:00,ESK.V,,0.375,0.375,0.375,0.375,500.0
2026-06-09 15:15:00,FDR.V,,4.119999885559082,4.119999885559082,4.119999885559082,4.119999885559082,100.0
2026-06-09 15:15:00,FPX.V,,0.4399999976158142,0.4399999976158142,0.4399999976158142,0.4399999976158142,33000.0
2026-06-09 15:15:00,GGO.V,,1.0199999809265137,1.0199999809265137,1.0199999809265137,1.0199999809265137,100.0
2026-06-09 15:15:00,HME.V,,2.7799999713897705,2.7799999713897705,2.7799999713897705,2.7799999713897705,100.0
2026-06-09 15:15:00,ITR.V,,3.2149999141693115,3.2200000286102295,3.2149999141693115,3.2200000286102295,9100.0
2026-06-09 15:15:00,JUGR.V,,0.9800000190734863,0.9800000190734863,0.9800000190734863,0.9800000190734863,200.0
2026-06-09 15:15:00,LMN.V,,22.40999984741211,22.459999084472656,22.40999984741211,22.420000076293945,745.0
2026-06-09 15:15:00,MGM.V,,2.7300000190734863,2.7300000190734863,2.7300000190734863,2.7300000190734863,100.0
2026-06-09 15:15:00,PNG.V,,7.239999771118164,7.255000114440918,7.230000019073486,7.239999771118164,2700.0
2026-06-09 15:16:00,ESK.V,,0.375,0.375,0.375,0.375,7500.0
2026-06-09 15:16:00,FRNT.V,,0.10000000149011612,0.10000000149011612,0.10000000149011612,0.10000000149011612,0.0
2026-06-09 15:16:00,GLAD.V,,2.200000047683716,2.200000047683716,2.200000047683716,2.200000047683716,100.0
2026-06-09 15:16:00,GSI.V,,1.125,1.125,1.125,1.125,2000.0
2026-06-09 15:16:00,HME.V,,2.7799999713897705,2.7799999713897705,2.7799999713897705,2.7799999713897705,100.0
2026-06-09 15:16:00,HSTR.V,,1.7000000476837158,1.7000000476837158,1.7000000476837158,1.7000000476837158,31150.0
2026-06-09 15:16:00,LIO.V,,0.14000000059604645,0.14000000059604645,0.14000000059604645,0.14000000059604645,2000.0
2026-06-09 15:16:00,LSTR.V,,0.07000000029802322,0.07500000298023224,0.07000000029802322,0.07500000298023224,35000.0
2026-06-09 15:16:00,MGM.V,,2.7100000381469727,2.7300000190734863,2.7100000381469727,2.7300000190734863,1590.0
2026-06-09 15:16:00,MLP.V,,1.850000023841858,1.850000023841858,1.850000023841858,1.850000023841858,100.0
2026-06-09 15:16:00,PNG.V,,7.260000228881836,7.260000228881836,7.260000228881836,7.260000228881836,200.0
2026-06-09 15:17:00,GGO.V,,1.0199999809265137,1.0199999809265137,1.0199999809265137,1.0199999809265137,100.0
2026-06-09 15:17:00,HHH.V,,5.0,5.0,4.989999771118164,4.989999771118164,5400.0
2026-06-09 15:17:00,HITI.V,,3.299999952316284,3.299999952316284,3.2899999618530273,3.2899999618530273,1300.0
2026-06-09 15:17:00,HME.V,,2.7799999713897705,2.7799999713897705,2.7799999713897705,2.7799999713897705,280.0
2026-06-09 15:17:00,JUGR.V,,0.9800000190734863,0.9800000190734863,0.9800000190734863,0.9800000190734863,200.0
2026-06-09 15:17:00,KTN.V,,1.3300000429153442,1.3300000429153442,1.3300000429153442,1.3300000429153442,100.0
2026-06-09 15:17:00,LGN.V,,0.9100000262260437,0.9100000262260437,0.9100000262260437,0.9100000262260437,500.0
2026-06-09 15:17:00,LMN.V,,22.469999313354492,22.469999313354492,22.469999313354492,22.469999313354492,200.0
2026-06-09 15:17:00,MLP.V,,1.850000023841858,1.8600000143051147,1.850000023841858,1.850000023841858,2000.0
2026-06-09 15:17:00,PNG.V,,7.239999771118164,7.239999771118164,7.210000038146973,7.21999979019165,1010.0
2026-06-09 15:17:00,TUF.V,,0.699999988079071,0.699999988079071,0.699999988079071,0.699999988079071,1000.0
2026-06-09 15:18:00,GGO.V,,1.0199999809265137,1.0199999809265137,1.0199999809265137,1.0199999809265137,200.0
2026-06-09 15:18:00,GSTM.V,,0.17000000178813934,0.17000000178813934,0.17000000178813934,0.17000000178813934,5000.0
2026-06-09 15:18:00,HHH.V,,5.090000152587891,5.090000152587891,5.090000152587891,5.090000152587891,263.0
2026-06-09 15:18:00,HITI.V,,3.299999952316284,3.299999952316284,3.299999952316284,3.299999952316284,2600.0
2026-06-09 15:18:00,HME.V,,2.7799999713897705,2.7799999713897705,2.7799999713897705,2.7799999713897705,100.0
2026-06-09 15:18:00,IGO.V,,0.09000000357627869,0.09000000357627869,0.09000000357627869,0.09000000357627869,2500.0
2026-06-09 15:18:00,ITR.V,,3.2100000381469727,3.2100000381469727,3.2100000381469727,3.2100000381469727,100.0
2026-06-09 15:18:00,KTN.V,,1.340000033378601,1.340000033378601,1.340000033378601,1.340000033378601,100.0
2026-06-09 15:18:00,MLP.V,,1.8700000047683716,1.8700000047683716,1.8600000143051147,1.8600000143051147,290.0
2026-06-09 15:19:00,FPC.V,,0.4650000035762787,0.4650000035762787,0.4650000035762787,0.4650000035762787,4500.0
2026-06-09 15:19:00,GGO.V,,1.0199999809265137,1.0199999809265137,1.0199999809265137,1.0199999809265137,500.0
2026-06-09 15:19:00,GSVR.V,,0.46000000834465027,0.46000000834465027,0.45750001072883606,0.46000000834465027,61059.0
2026-06-09 15:19:00,HME.V,,2.7799999713897705,2.7799999713897705,2.7799999713897705,2.7799999713897705,149.0
2026-06-09 15:19:00,HSTR.V,,1.6950000524520874,1.6950000524520874,1.6950000524520874,1.6950000524520874,200.0
2026-06-09 15:19:00,IGO.V,,0.09000000357627869,0.09000000357627869,0.09000000357627869,0.09000000357627869,5000.0
2026-06-09 15:19:00,ITR.V,,3.2100000381469727,3.2100000381469727,3.2100000381469727,3.2100000381469727,300.0
2026-06-09 15:19:00,JUGR.V,,0.9800000190734863,0.9800000190734863,0.9800000190734863,0.9800000190734863,200.0
2026-06-09 15:19:00,KTN.V,,1.3300000429153442,1.3300000429153442,1.3300000429153442,1.3300000429153442,10000.0
2026-06-09 15:19:00,KTO.V,,0.6499999761581421,0.6499999761581421,0.6499999761581421,0.6499999761581421,7000.0
2026-06-09 15:19:00,LMN.V,,22.479999542236328,22.479999542236328,22.479999542236328,22.479999542236328,200.0
2026-06-09 15:19:00,LMR.V,,0.07999999821186066,0.07999999821186066,0.07999999821186066,0.07999999821186066,100000.0
2026-06-09 15:19:00,MLP.V,,1.850000023841858,1.850000023841858,1.850000023841858,1.850000023841858,100.0
2026-06-09 15:19:00,PNG.V,,7.239999771118164,7.239999771118164,7.239999771118164,7.239999771118164,500.0
2026-06-09 15:20:00,GGO.V,,1.0199999809265137,1.0199999809265137,1.0199999809265137,1.0199999809265137,700.0
2026-06-09 15:20:00,GLAD.V,,2.180000066757202,2.180000066757202,2.180000066757202,2.180000066757202,3000.0
2026-06-09 15:20:00,GSVR.V,,0.46000000834465027,0.46000000834465027,0.46000000834465027,0.46000000834465027,18500.0
2026-06-09 15:20:00,HSTR.V,,1.6950000524520874,1.6950000524520874,1.6950000524520874,1.6950000524520874,100.0
2026-06-09 15:20:00,IGO.V,,0.09000000357627869,0.09000000357627869,0.09000000357627869,0.09000000357627869,5000.0
2026-06-09 15:20:00,ITR.V,,3.2100000381469727,3.2100000381469727,3.200000047683716,3.2100000381469727,1500.0
2026-06-09 15:20:00,LIFT.V,,5.0,5.0,4.980000019073486,4.980000019073486,3900.0
2026-06-09 15:20:00,LMN.V,,22.510000228881836,22.510000228881836,22.450000762939453,22.5,500.0
2026-06-09 15:20:00,MTA.V,,9.40999984741211,9.40999984741211,9.40999984741211,9.40999984741211,283.0
2026-06-09 15:20:00,PNG.V,,7.21999979019165,7.230000019073486,7.21999979019165,7.21999979019165,1300.0
2026-06-09 15:21:00,GGO.V,,1.0199999809265137,1.0199999809265137,1.0199999809265137,1.0199999809265137,700.0
2026-06-09 15:21:00,GLAD.V,,2.200000047683716,2.200000047683716,2.200000047683716,2.200000047683716,2000.0
2026-06-09 15:21:00,HME.V,,2.7899999618530273,2.7899999618530273,2.7899999618530273,2.7899999618530273,100.0
2026-06-09 15:21:00,HSTR.V,,1.690000057220459,1.690000057220459,1.690000057220459,1.690000057220459,100.0
2026-06-09 15:21:00,IFOS.V,,2.390000104904175,2.390000104904175,2.390000104904175,2.390000104904175,100.0
2026-06-09 15:21:00,ITR.V,,3.2100000381469727,3.2100000381469727,3.200000047683716,3.200000047683716,600.0
2026-06-09 15:21:00,JUGR.V,,0.9800000190734863,0.9800000190734863,0.9800000190734863,0.9800000190734863,200.0
2026-06-09 15:21:00,LMN.V,,22.450000762939453,22.450000762939453,22.450000762939453,22.450000762939453,100.0
2026-06-09 15:21:00,MIM.V,,0.20000000298023224,0.20000000298023224,0.20000000298023224,0.20000000298023224,1500.0
2026-06-09 15:21:00,PNG.V,,7.210000038146973,7.21999979019165,7.210000038146973,7.21999979019165,1050.0
2026-06-09 15:22:00,EMN.V,,0.10000000149011612,0.10000000149011612,0.10000000149011612,0.10000000149011612,54500.0
2026-06-09 15:22:00,GGO.V,,1.0199999809265137,1.0199999809265137,1.0199999809265137,1.0199999809265137,800.0
2026-06-09 15:22:00,GWM.V,,0.5099999904632568,0.5099999904632568,0.5099999904632568,0.5099999904632568,500.0
2026-06-09 15:22:00,HME.V,,2.7799999713897705,2.7799999713897705,2.7799999713897705,2.7799999713897705,100.0
2026-06-09 15:22:00,HSTR.V,,1.690000057220459,1.690000057220459,1.690000057220459,1.690000057220459,200.0
2026-06-09 15:22:00,HVG.V,,0.04500000178813934,0.04500000178813934,0.04500000178813934,0.04500000178813934,80000.0
2026-06-09 15:22:00,ITR.V,,3.200000047683716,3.2100000381469727,3.200000047683716,3.2100000381469727,500.0
2026-06-09 15:22:00,KTN.V,,1.3300000429153442,1.3300000429153442,1.3300000429153442,1.3300000429153442,100.0
2026-06-09 15:22:00,LMN.V,,22.469999313354492,22.469999313354492,22.469999313354492,22.469999313354492,200.0
2026-06-09 15:22:00,NURS.V,,4.110000133514404,4.110000133514404,4.110000133514404,4.110000133514404,100.0
2026-06-09 15:22:00,YGT.V,,0.1850000023841858,0.1850000023841858,0.1850000023841858,0.1850000023841858,500.0
2026-06-09 15:23:00,GGO.V,,1.0199999809265137,1.0199999809265137,1.0199999809265137,1.0199999809265137,400.0
2026-06-09 15:23:00,GSTM.V,,0.17000000178813934,0.17000000178813934,0.17000000178813934,0.17000000178813934,4500.0
2026-06-09 15:23:00,HSTR.V,,1.6950000524520874,1.6950000524520874,1.690000057220459,1.690000057220459,200.0
2026-06-09 15:23:00,IFOS.V,,2.390000104904175,2.390000104904175,2.390000104904175,2.390000104904175,200.0
2026-06-09 15:23:00,ITR.V,,3.2100000381469727,3.2100000381469727,3.200000047683716,3.200000047683716,18800.0
2026-06-09 15:23:00,MLP.V,,1.8600000143051147,1.8600000143051147,1.850000023841858,1.850000023841858,4800.0
2026-06-09 15:23:00,NURS.V,,4.110000133514404,4.110000133514404,4.110000133514404,4.110000133514404,200.0
2026-06-09 15:24:00,FDR.V,,4.110000133514404,4.110000133514404,4.110000133514404,4.110000133514404,2800.0
2026-06-09 15:24:00,FPC.V,,0.4650000035762787,0.4650000035762787,0.46000000834465027,0.4650000035762787,27000.0
2026-06-09 15:24:00,GAL.V,,0.41999998688697815,0.41999998688697815,0.41999998688697815,0.41999998688697815,23500.0
2026-06-09 15:24:00,GPAC.V,,0.3799999952316284,0.3799999952316284,0.3799999952316284,0.3799999952316284,1000.0
2026-06-09 15:24:00,GSP.V,,0.14499999582767487,0.14499999582767487,0.14499999582767487,0.14499999582767487,57500.0
2026-06-09 15:24:00,GSVR.V,,0.46000000834465027,0.46000000834465027,0.46000000834465027,0.46000000834465027,500.0
2026-06-09 15:24:00,GTC.V,,0.17000000178813934,0.17000000178813934,0.17000000178813934,0.17000000178813934,2000.0
2026-06-09 15:24:00,HITI.V,,3.2799999713897705,3.2899999618530273,3.2799999713897705,3.2899999618530273,2600.0
2026-06-09 15:24:00,HME.V,,2.7799999713897705,2.7799999713897705,2.7799999713897705,2.7799999713897705,100.0
2026-06-09 15:24:00,HSTR.V,,1.690000057220459,1.690000057220459,1.690000057220459,1.690000057220459,200.0
2026-06-09 15:24:00,IGO.V,,0.09000000357627869,0.09000000357627869,0.09000000357627869,0.09000000357627869,6000.0
2026-06-09 15:24:00,ITR.V,,3.2100000381469727,3.2100000381469727,3.2049999237060547,3.2049999237060547,3100.0
2026-06-09 15:24:00,KTN.V,,1.3250000476837158,1.3250000476837158,1.3250000476837158,1.3250000476837158,800.0
2026-06-09 15:24:00,LMN.V,,22.549999237060547,22.549999237060547,22.459999084472656,22.459999084472656,1000.0
2026-06-09 15:24:00,LVX.V,,0.6899999976158142,0.6899999976158142,0.6899999976158142,0.6899999976158142,5000.0
2026-06-09 15:24:00,MGM.V,,2.7300000190734863,2.7300000190734863,2.7300000190734863,2.7300000190734863,600.0
2026-06-09 15:24:00,MLP.V,,1.8600000143051147,1.8600000143051147,1.840000033378601,1.840000033378601,200.0
2026-06-09 15:24:00,PNG.V,,7.21999979019165,7.224999904632568,7.210000038146973,7.224999904632568,2935.0
2026-06-09 15:25:00,FDR.V,,4.09499979019165,4.110000133514404,4.090000152587891,4.110000133514404,3200.0
2026-06-09 15:25:00,GAL.V,,0.41999998688697815,0.41999998688697815,0.41999998688697815,0.41999998688697815,10500.0
2026-06-09 15:25:00,GGO.V,,1.0199999809265137,1.0199999809265137,1.0199999809265137,1.0199999809265137,400.0
2026-06-09 15:25:00,GSVR.V,,0.46000000834465027,0.46000000834465027,0.46000000834465027,0.46000000834465027,18000.0
2026-06-09 15:25:00,HME.V,,2.7799999713897705,2.7799999713897705,2.7799999713897705,2.7799999713897705,100.0
2026-06-09 15:25:00,HSTR.V,,1.690000057220459,1.690000057220459,1.690000057220459,1.690000057220459,100.0
2026-06-09 15:25:00,IGO.V,,0.09000000357627869,0.09000000357627869,0.09000000357627869,0.09000000357627869,2000.0
2026-06-09 15:25:00,PNG.V,,7.199999809265137,7.199999809265137,7.199999809265137,7.199999809265137,1435.0
2026-06-09 15:26:00,FDR.V,,4.090000152587891,4.090000152587891,4.090000152587891,4.090000152587891,100.0
2026-06-09 15:26:00,GSVR.V,,0.46000000834465027,0.46000000834465027,0.46000000834465027,0.46000000834465027,4000.0
2026-06-09 15:26:00,HSTR.V,,1.690000057220459,1.690000057220459,1.690000057220459,1.690000057220459,100.0
2026-06-09 15:26:00,IGO.V,,0.09000000357627869,0.09000000357627869,0.09000000357627869,0.09000000357627869,60000.0
2026-06-09 15:26:00,ITR.V,,3.2100000381469727,3.2100000381469727,3.2100000381469727,3.2100000381469727,1100.0
2026-06-09 15:26:00,JUGR.V,,0.9800000190734863,0.9800000190734863,0.9800000190734863,0.9800000190734863,200.0
2026-06-09 15:26:00,LMN.V,,22.469999313354492,22.489999771118164,22.469999313354492,22.489999771118164,300.0
2026-06-09 15:26:00,MLP.V,,1.840000033378601,1.840000033378601,1.840000033378601,1.840000033378601,100.0
2026-06-09 15:27:00,ESK.V,,0.36000001430511475,0.36000001430511475,0.36000001430511475,0.36000001430511475,500.0
2026-06-09 15:27:00,GAL.V,,0.41999998688697815,0.41999998688697815,0.41999998688697815,0.41999998688697815,6500.0
2026-06-09 15:27:00,GGO.V,,1.0199999809265137,1.0199999809265137,1.0199999809265137,1.0199999809265137,400.0
2026-06-09 15:27:00,GSI.V,,1.1299999952316284,1.1299999952316284,1.1299999952316284,1.1299999952316284,100.0
2026-06-09 15:27:00,GSVR.V,,0.46000000834465027,0.46000000834465027,0.46000000834465027,0.46000000834465027,6500.0
2026-06-09 15:27:00,HME.V,,2.7799999713897705,2.7799999713897705,2.7799999713897705,2.7799999713897705,100.0
2026-06-09 15:27:00,HSTR.V,,1.7000000476837158,1.7000000476837158,1.6950000524520874,1.6950000524520874,5940.0
2026-06-09 15:27:00,ITR.V,,3.2100000381469727,3.2100000381469727,3.2100000381469727,3.2100000381469727,200.0
2026-06-09 15:27:00,KTN.V,,1.3300000429153442,1.3300000429153442,1.3300000429153442,1.3300000429153442,100.0
2026-06-09 15:27:00,MLP.V,,1.8700000047683716,1.8700000047683716,1.8600000143051147,1.8600000143051147,2800.0
2026-06-09 15:27:00,PNG.V,,7.210000038146973,7.210000038146973,7.210000038146973,7.210000038146973,300.0
2026-06-09 15:28:00,EQTY.V,,0.27000001072883606,0.27000001072883606,0.27000001072883606,0.27000001072883606,2000.0
2026-06-09 15:28:00,FDR.V,,4.090000152587891,4.090000152587891,4.090000152587891,4.090000152587891,100.0
2026-06-09 15:28:00,FORT.V,,3.390000104904175,3.390000104904175,3.390000104904175,3.390000104904175,600.0
2026-06-09 15:28:00,GGO.V,,1.0199999809265137,1.0199999809265137,1.0199999809265137,1.0199999809265137,100.0
2026-06-09 15:28:00,IFOS.V,,2.390000104904175,2.390000104904175,2.390000104904175,2.390000104904175,200.0
2026-06-09 15:28:00,ITR.V,,3.2100000381469727,3.2100000381469727,3.2100000381469727,3.2100000381469727,1100.0
2026-06-09 15:28:00,LG.V,,0.3400000035762787,0.3400000035762787,0.3400000035762787,0.3400000035762787,154100.0
2026-06-09 15:28:00,LMN.V,,22.540000915527344,22.540000915527344,22.5,22.5,200.0
2026-06-09 15:28:00,MKO.V,,10.029999732971191,10.029999732971191,10.029999732971191,10.029999732971191,100.0
2026-06-09 15:28:00,PNG.V,,7.210000038146973,7.210000038146973,7.199999809265137,7.210000038146973,6215.0
2026-06-09 15:28:00,TUF.V,,0.699999988079071,0.699999988079071,0.699999988079071,0.699999988079071,500.0
2026-06-09 15:29:00,FDR.V,,4.099999904632568,4.110000133514404,4.099999904632568,4.110000133514404,600.0
2026-06-09 15:29:00,GAL.V,,0.41999998688697815,0.41999998688697815,0.41999998688697815,0.41999998688697815,6500.0
2026-06-09 15:29:00,GGO.V,,1.0199999809265137,1.0199999809265137,1.0199999809265137,1.0199999809265137,400.0
2026-06-09 15:29:00,GMA.V,,0.26499998569488525,0.26499998569488525,0.26499998569488525,0.26499998569488525,5000.0
2026-06-09 15:29:00,GSVR.V,,0.46000000834465027,0.46000000834465027,0.46000000834465027,0.46000000834465027,7000.0
2026-06-09 15:29:00,HSTR.V,,1.7000000476837158,1.7000000476837158,1.7000000476837158,1.7000000476837158,3300.0
2026-06-09 15:29:00,LTH.V,,0.8500000238418579,0.8500000238418579,0.8500000238418579,0.8500000238418579,9500.0
2026-06-09 15:29:00,MKO.V,,9.989999771118164,9.989999771118164,9.989999771118164,9.989999771118164,100.0
2026-06-09 15:29:00,PNG.V,,7.239999771118164,7.239999771118164,7.239999771118164,7.239999771118164,100.0
2026-06-09 15:29:00,YGT.V,,0.1850000023841858,0.1850000023841858,0.1850000023841858,0.1850000023841858,500.0
2026-06-09 15:30:00,FNC.V,,0.14499999582767487,0.14499999582767487,0.14499999582767487,0.14499999582767487,8500.0
2026-06-09 15:30:00,GGO.V,,1.0199999809265137,1.0199999809265137,1.0199999809265137,1.0199999809265137,800.0
2026-06-09 15:30:00,GSVR.V,,0.46000000834465027,0.46000000834465027,0.46000000834465027,0.46000000834465027,1000.0
2026-06-09 15:30:00,GWM.V,,0.5099999904632568,0.5099999904632568,0.5099999904632568,0.5099999904632568,500.0
2026-06-09 15:30:00,HHH.V,,5.110000133514404,5.110000133514404,5.110000133514404,5.110000133514404,234.0
2026-06-09 15:30:00,HME.V,,2.7799999713897705,2.7799999713897705,2.7799999713897705,2.7799999713897705,100.0
2026-06-09 15:30:00,IGO.V,,0.0949999988079071,0.0949999988079071,0.0949999988079071,0.0949999988079071,1000.0
2026-06-09 15:30:00,ITR.V,,3.2100000381469727,3.2100000381469727,3.2100000381469727,3.2100000381469727,100.0
2026-06-09 15:30:00,LGN.V,,0.9100000262260437,0.9100000262260437,0.9100000262260437,0.9100000262260437,505.0
2026-06-09 15:30:00,MLP.V,,1.8700000047683716,1.8700000047683716,1.8700000047683716,1.8700000047683716,100.0
2026-06-09 15:30:00,MSC.V,,0.02500000037252903,0.02500000037252903,0.02500000037252903,0.02500000037252903,76000.0
2026-06-09 15:30:00,NURS.V,,4.110000133514404,4.110000133514404,4.110000133514404,4.110000133514404,500.0
2026-06-09 15:30:00,PNG.V,,7.21999979019165,7.230000019073486,7.21999979019165,7.230000019073486,1628.0
2026-06-09 15:31:00,GAL.V,,0.41999998688697815,0.41999998688697815,0.41999998688697815,0.41999998688697815,6500.0
2026-06-09 15:31:00,GGO.V,,1.0199999809265137,1.0199999809265137,1.0199999809265137,1.0199999809265137,800.0
2026-06-09 15:31:00,GSVR.V,,0.46000000834465027,0.46000000834465027,0.46000000834465027,0.46000000834465027,3500.0
2026-06-09 15:31:00,ITR.V,,3.2100000381469727,3.2100000381469727,3.2100000381469727,3.2100000381469727,100.0
2026-06-09 15:31:00,LCX.V,,1.690000057220459,1.7100000381469727,1.690000057220459,1.7100000381469727,14600.0
2026-06-09 15:31:00,LMN.V,,22.489999771118164,22.530000686645508,22.489999771118164,22.530000686645508,300.0
2026-06-09 15:31:00,NURS.V,,4.090000152587891,4.090000152587891,4.090000152587891,4.090000152587891,1200.0
2026-06-09 15:31:00,PNG.V,,7.199999809265137,7.239999771118164,7.199999809265137,7.230000019073486,4121.0
2026-06-09 15:32:00,FDR.V,,4.110000133514404,4.119999885559082,4.110000133514404,4.119999885559082,600.0
2026-06-09 15:32:00,FORT.V,,3.390000104904175,3.390000104904175,3.390000104904175,3.390000104904175,200.0
2026-06-09 15:32:00,GAL.V,,0.41999998688697815,0.41999998688697815,0.41999998688697815,0.41999998688697815,6500.0
2026-06-09 15:32:00,GGO.V,,1.0199999809265137,1.0199999809265137,1.0199999809265137,1.0199999809265137,400.0
2026-06-09 15:32:00,GSVR.V,,0.46000000834465027,0.46000000834465027,0.46000000834465027,0.46000000834465027,500.0
2026-06-09 15:32:00,HAM.V,,5.5,5.5,5.5,5.5,1000.0
2026-06-09 15:32:00,HME.V,,2.7899999618530273,2.7899999618530273,2.7899999618530273,2.7899999618530273,100.0
2026-06-09 15:32:00,HSTR.V,,1.7000000476837158,1.7000000476837158,1.7000000476837158,1.7000000476837158,600.0
2026-06-09 15:32:00,ITR.V,,3.2100000381469727,3.2100000381469727,3.2100000381469727,3.2100000381469727,200.0
2026-06-09 15:32:00,KRI.V,,0.20000000298023224,0.20000000298023224,0.20000000298023224,0.20000000298023224,760.0
2026-06-09 15:32:00,LMN.V,,22.40999984741211,22.489999771118164,22.40999984741211,22.489999771118164,300.0
2026-06-09 15:32:00,MGM.V,,2.7200000286102295,2.7200000286102295,2.7200000286102295,2.7200000286102295,100.0
2026-06-09 15:32:00,PNG.V,,7.190000057220459,7.190000057220459,7.179999828338623,7.190000057220459,2304.0
2026-06-09 15:33:00,FDR.V,,4.099999904632568,4.110000133514404,4.099999904632568,4.110000133514404,4800.0
2026-06-09 15:33:00,GGO.V,,1.0199999809265137,1.0199999809265137,1.0199999809265137,1.0199999809265137,400.0
2026-06-09 15:33:00,GLAD.V,,2.1700000762939453,2.1700000762939453,2.1700000762939453,2.1700000762939453,100.0
2026-06-09 15:33:00,HAM.V,,5.5,5.5,5.5,5.5,200.0
2026-06-09 15:33:00,HAN.V,,0.5,0.5,0.5,0.5,500.0
2026-06-09 15:33:00,ITR.V,,3.200000047683716,3.2100000381469727,3.200000047683716,3.2100000381469727,300.0
2026-06-09 15:33:00,JUGR.V,,0.9800000190734863,0.9800000190734863,0.9800000190734863,0.9800000190734863,200.0
2026-06-09 15:33:00,KTN.V,,1.3300000429153442,1.3300000429153442,1.3300000429153442,1.3300000429153442,400.0
2026-06-09 15:33:00,LMN.V,,22.469999313354492,22.469999313354492,22.469999313354492,22.469999313354492,231.0
2026-06-09 15:33:00,MQM.V,,0.23499999940395355,0.23499999940395355,0.23499999940395355,0.23499999940395355,500.0
2026-06-09 15:33:00,NURS.V,,4.110000133514404,4.110000133514404,4.110000133514404,4.110000133514404,800.0
2026-06-09 15:33:00,PNG.V,,7.170000076293945,7.184999942779541,7.170000076293945,7.184999942779541,2492.0
2026-06-09 15:34:00,FORT.V,,3.390000104904175,3.390000104904175,3.390000104904175,3.390000104904175,500.0
2026-06-09 15:34:00,GAL.V,,0.41999998688697815,0.41999998688697815,0.41999998688697815,0.41999998688697815,7500.0
2026-06-09 15:34:00,GCOM.V,,0.06499999761581421,0.06499999761581421,0.06499999761581421,0.06499999761581421,100000.0
2026-06-09 15:34:00,GLAD.V,,2.190000057220459,2.190000057220459,2.190000057220459,2.190000057220459,100.0
2026-06-09 15:34:00,GSI.V,,1.125,1.125,1.125,1.125,100.0
2026-06-09 15:34:00,GSVR.V,,0.4650000035762787,0.4650000035762787,0.4625000059604645,0.4625000059604645,46200.0
2026-06-09 15:34:00,HME.V,,2.7899999618530273,2.7899999618530273,2.7899999618530273,2.7899999618530273,108.0
2026-06-09 15:34:00,HSTR.V,,1.7000000476837158,1.7000000476837158,1.7000000476837158,1.7000000476837158,1600.0
2026-06-09 15:34:00,ITR.V,,3.200000047683716,3.200000047683716,3.200000047683716,3.200000047683716,200.0
2026-06-09 15:34:00,LCX.V,,1.6699999570846558,1.6699999570846558,1.6699999570846558,1.6699999570846558,100.0
2026-06-09 15:34:00,LG.V,,0.3400000035762787,0.3400000035762787,0.3400000035762787,0.3400000035762787,781.0
2026-06-09 15:34:00,MLP.V,,1.8700000047683716,1.8700000047683716,1.8700000047683716,1.8700000047683716,100.0
2026-06-09 15:34:00,NURS.V,,4.110000133514404,4.110000133514404,4.099999904632568,4.099999904632568,800.0
2026-06-09 15:34:00,PNG.V,,7.179999828338623,7.179999828338623,7.150000095367432,7.170000076293945,2501.0
2026-06-09 15:35:00,ESK.V,,0.36000001430511475,0.36000001430511475,0.36000001430511475,0.36000001430511475,500.0
2026-06-09 15:35:00,GGO.V,,1.0199999809265137,1.0199999809265137,1.0199999809265137,1.0199999809265137,400.0
2026-06-09 15:35:00,GSVR.V,,0.4650000035762787,0.4699999988079071,0.4650000035762787,0.4699999988079071,6500.0
2026-06-09 15:35:00,GWM.V,,0.5099999904632568,0.5099999904632568,0.5099999904632568,0.5099999904632568,500.0
2026-06-09 15:35:00,HME.V,,2.7899999618530273,2.7899999618530273,2.7899999618530273,2.7899999618530273,100.0
2026-06-09 15:35:00,ITR.V,,3.2100000381469727,3.2100000381469727,3.2100000381469727,3.2100000381469727,400.0
2026-06-09 15:35:00,LCX.V,,1.690000057220459,1.690000057220459,1.690000057220459,1.690000057220459,100.0
2026-06-09 15:35:00,LMN.V,,22.5,22.5,22.40999984741211,22.40999984741211,400.0
2026-06-09 15:35:00,MSC.V,,0.02500000037252903,0.02500000037252903,0.02500000037252903,0.02500000037252903,34000.0
2026-06-09 15:35:00,MTA.V,,9.40999984741211,9.40999984741211,9.40999984741211,9.40999984741211,400.0
2026-06-09 15:35:00,PNG.V,,7.190000057220459,7.190000057220459,7.159999847412109,7.179999828338623,1200.0
2026-06-09 15:35:00,TUF.V,,0.6899999976158142,0.6899999976158142,0.6899999976158142,0.6899999976158142,2500.0
2026-06-09 15:36:00,GAL.V,,0.41999998688697815,0.41999998688697815,0.41999998688697815,0.41999998688697815,7000.0
2026-06-09 15:36:00,GGO.V,,1.0199999809265137,1.0199999809265137,1.0199999809265137,1.0199999809265137,400.0
2026-06-09 15:36:00,GWM.V,,0.5099999904632568,0.5099999904632568,0.5099999904632568,0.5099999904632568,500.0
2026-06-09 15:36:00,ITR.V,,3.2100000381469727,3.2100000381469727,3.2100000381469727,3.2100000381469727,1200.0
2026-06-09 15:36:00,JUGR.V,,0.9800000190734863,0.9800000190734863,0.9800000190734863,0.9800000190734863,100.0
2026-06-09 15:36:00,LG.V,,0.33500000834465027,0.33500000834465027,0.33500000834465027,0.33500000834465027,500.0
2026-06-09 15:36:00,LMN.V,,22.549999237060547,22.549999237060547,22.469999313354492,22.469999313354492,600.0
2026-06-09 15:36:00,MGM.V,,2.7200000286102295,2.7200000286102295,2.7200000286102295,2.7200000286102295,100.0
2026-06-09 15:36:00,MLP.V,,1.8700000047683716,1.8700000047683716,1.850000023841858,1.8700000047683716,400.0
2026-06-09 15:36:00,PNG.V,,7.190000057220459,7.190000057220459,7.170000076293945,7.179999828338623,2601.0
2026-06-09 15:36:00,TUF.V,,0.699999988079071,0.699999988079071,0.699999988079071,0.699999988079071,500.0
2026-06-09 15:36:00,YGT.V,,0.1850000023841858,0.1850000023841858,0.1850000023841858,0.1850000023841858,500.0
2026-06-09 15:37:00,BIG.V,,0.6299999952316284,0.6299999952316284,0.6299999952316284,0.6299999952316284,1000.0
2026-06-09 15:37:00,GAL.V,,0.41999998688697815,0.41999998688697815,0.41999998688697815,0.41999998688697815,7000.0
2026-06-09 15:37:00,GGO.V,,1.0199999809265137,1.0199999809265137,1.0199999809265137,1.0199999809265137,800.0
2026-06-09 15:37:00,GSI.V,,1.125,1.1299999952316284,1.125,1.125,3100.0
2026-06-09 15:37:00,GSVR.V,,0.46000000834465027,0.46000000834465027,0.46000000834465027,0.46000000834465027,10500.0
2026-06-09 15:37:00,GWM.V,,0.5099999904632568,0.5099999904632568,0.5099999904632568,0.5099999904632568,500.0
2026-06-09 15:37:00,ITR.V,,3.2200000286102295,3.2200000286102295,3.2100000381469727,3.2100000381469727,1100.0
2026-06-09 15:37:00,MLP.V,,1.850000023841858,1.850000023841858,1.850000023841858,1.850000023841858,100.0
2026-06-09 15:37:00,PNG.V,,7.179999828338623,7.184999942779541,7.179999828338623,7.179999828338623,600.0
2026-06-09 15:37:00,TUF.V,,0.6899999976158142,0.6899999976158142,0.6899999976158142,0.6899999976158142,8000.0
2026-06-09 15:38:00,GAL.V,,0.41999998688697815,0.41999998688697815,0.41999998688697815,0.41999998688697815,8500.0
2026-06-09 15:38:00,GGO.V,,1.0199999809265137,1.0199999809265137,1.0199999809265137,1.0199999809265137,900.0
2026-06-09 15:38:00,GLAD.V,,2.1700000762939453,2.1700000762939453,2.1700000762939453,2.1700000762939453,100.0
2026-06-09 15:38:00,GSI.V,,1.1299999952316284,1.1299999952316284,1.1299999952316284,1.1299999952316284,1600.0
2026-06-09 15:38:00,GSVR.V,,0.46000000834465027,0.46000000834465027,0.46000000834465027,0.46000000834465027,1500.0
2026-06-09 15:38:00,GWM.V,,0.5099999904632568,0.5099999904632568,0.5099999904632568,0.5099999904632568,500.0
2026-06-09 15:38:00,HME.V,,2.7899999618530273,2.7899999618530273,2.7899999618530273,2.7899999618530273,100.0
2026-06-09 15:38:00,ITR.V,,3.2100000381469727,3.2100000381469727,3.2100000381469727,3.2100000381469727,800.0
2026-06-09 15:38:00,JUGR.V,,0.9800000190734863,0.9800000190734863,0.9800000190734863,0.9800000190734863,100.0
2026-06-09 15:38:00,KTN.V,,1.3350000381469727,1.3350000381469727,1.3350000381469727,1.3350000381469727,200.0
2026-06-09 15:38:00,LCX.V,,1.6699999570846558,1.690000057220459,1.6699999570846558,1.690000057220459,200.0
2026-06-09 15:38:00,LMN.V,,22.530000686645508,22.579999923706055,22.530000686645508,22.579999923706055,420.0
2026-06-09 15:38:00,PNG.V,,7.179999828338623,7.179999828338623,7.170000076293945,7.179999828338623,2300.0
2026-06-09 15:39:00,GGO.V,,1.0199999809265137,1.0199999809265137,1.0199999809265137,1.0199999809265137,1100.0
2026-06-09 15:39:00,GSVR.V,,0.46000000834465027,0.4625000059604645,0.46000000834465027,0.4625000059604645,22500.0
2026-06-09 15:39:00,HSTR.V,,1.7000000476837158,1.7000000476837158,1.7000000476837158,1.7000000476837158,500.0
2026-06-09 15:39:00,ITR.V,,3.2100000381469727,3.2100000381469727,3.2100000381469727,3.2100000381469727,3300.0
2026-06-09 15:39:00,KTN.V,,1.3200000524520874,1.3300000429153442,1.3200000524520874,1.3300000429153442,1300.0
2026-06-09 15:39:00,LMR.V,,0.07999999821186066,0.07999999821186066,0.07999999821186066,0.07999999821186066,22176.0
2026-06-09 15:39:00,LQWD.V,,0.7900000214576721,0.7900000214576721,0.7900000214576721,0.7900000214576721,500.0
2026-06-09 15:39:00,MKO.V,,10.020000457763672,10.020000457763672,9.989999771118164,10.0,1500.0
2026-06-09 15:39:00,PNG.V,,7.179999828338623,7.179999828338623,7.179999828338623,7.179999828338623,100.0
2026-06-09 15:40:00,FDR.V,,4.079999923706055,4.09499979019165,4.079999923706055,4.09499979019165,200.0
2026-06-09 15:40:00,GAL.V,,0.41999998688697815,0.41999998688697815,0.41999998688697815,0.41999998688697815,500.0
2026-06-09 15:40:00,GLAD.V,,2.1700000762939453,2.1700000762939453,2.1700000762939453,2.1700000762939453,15750.0
2026-06-09 15:40:00,GSVR.V,,0.46000000834465027,0.46000000834465027,0.46000000834465027,0.46000000834465027,5500.0
2026-06-09 15:40:00,HAN.V,,0.5,0.5,0.5,0.5,4500.0
2026-06-09 15:40:00,HSTR.V,,1.7000000476837158,1.7000000476837158,1.7000000476837158,1.7000000476837158,6386.0
2026-06-09 15:40:00,ITR.V,,3.2300000190734863,3.240000009536743,3.2200000286102295,3.2300000190734863,20300.0
2026-06-09 15:40:00,LCX.V,,1.6699999570846558,1.6699999570846558,1.6699999570846558,1.6699999570846558,100.0
2026-06-09 15:40:00,LGN.V,,0.9049999713897705,0.9049999713897705,0.9049999713897705,0.9049999713897705,500.0
2026-06-09 15:40:00,LMN.V,,22.549999237060547,22.549999237060547,22.5,22.5,200.0
2026-06-09 15:40:00,LTH.V,,0.8399999737739563,0.8399999737739563,0.8399999737739563,0.8399999737739563,3000.0
2026-06-09 15:40:00,MLP.V,,1.850000023841858,1.850000023841858,1.850000023841858,1.850000023841858,3200.0
2026-06-09 15:40:00,PNG.V,,7.15500020980835,7.170000076293945,7.15500020980835,7.170000076293945,1803.0
2026-06-09 15:40:00,ZNG.V,,0.8600000143051147,0.8700000047683716,0.8600000143051147,0.8700000047683716,13000.0
2026-06-09 15:41:00,FOR.V,,0.6000000238418579,0.6000000238418579,0.6000000238418579,0.6000000238418579,1000.0
2026-06-09 15:41:00,FPC.V,,0.4650000035762787,0.4699999988079071,0.4650000035762787,0.4650000035762787,18000.0
2026-06-09 15:41:00,GAL.V,,0.41999998688697815,0.42500001192092896,0.41999998688697815,0.42500001192092896,62500.0
2026-06-09 15:41:00,GGO.V,,1.0199999809265137,1.0199999809265137,1.0199999809265137,1.0199999809265137,400.0
2026-06-09 15:41:00,GLAD.V,,2.1700000762939453,2.1700000762939453,2.1700000762939453,2.1700000762939453,7000.0
2026-06-09 15:41:00,GSVR.V,,0.46000000834465027,0.46000000834465027,0.46000000834465027,0.46000000834465027,4500.0
2026-06-09 15:41:00,HCH.V,,1.7899999618530273,1.7899999618530273,1.7899999618530273,1.7899999618530273,901.0
2026-06-09 15:41:00,HME.V,,2.7899999618530273,2.7899999618530273,2.7899999618530273,2.7899999618530273,100.0
2026-06-09 15:41:00,LCX.V,,1.690000057220459,1.690000057220459,1.690000057220459,1.690000057220459,100.0
2026-06-09 15:41:00,LG.V,,0.33500000834465027,0.33500000834465027,0.33500000834465027,0.33500000834465027,30000.0
2026-06-09 15:41:00,LIO.V,,0.14000000059604645,0.14000000059604645,0.14000000059604645,0.14000000059604645,8000.0
2026-06-09 15:41:00,LMN.V,,22.56999969482422,22.56999969482422,22.56999969482422,22.56999969482422,200.0
2026-06-09 15:41:00,MLP.V,,1.8700000047683716,1.8700000047683716,1.8600000143051147,1.8600000143051147,5800.0
2026-06-09 15:41:00,PNG.V,,7.170000076293945,7.170000076293945,7.15500020980835,7.15500020980835,1300.0
2026-06-09 15:42:00,GGO.V,,1.0199999809265137,1.0199999809265137,1.0199999809265137,1.0199999809265137,400.0
2026-06-09 15:42:00,HCH.V,,1.7999999523162842,1.7999999523162842,1.7699999809265137,1.7699999809265137,9900.0
2026-06-09 15:42:00,ITR.V,,3.2200000286102295,3.2200000286102295,3.2200000286102295,3.2200000286102295,500.0
2026-06-09 15:42:00,KTN.V,,1.3200000524520874,1.3250000476837158,1.3200000524520874,1.3250000476837158,6620.0
2026-06-09 15:42:00,LCX.V,,1.7000000476837158,1.7000000476837158,1.7000000476837158,1.7000000476837158,100.0
2026-06-09 15:42:00,LMN.V,,22.56999969482422,22.56999969482422,22.549999237060547,22.549999237060547,400.0
2026-06-09 15:42:00,MLP.V,,1.8799999952316284,1.8799999952316284,1.8799999952316284,1.8799999952316284,800.0
2026-06-09 15:42:00,PNG.V,,7.159999847412109,7.170000076293945,7.159999847412109,7.170000076293945,827.0
2026-06-09 15:42:00,ZNG.V,,0.8600000143051147,0.8600000143051147,0.8600000143051147,0.8600000143051147,6500.0
2026-06-09 15:43:00,ESK.V,,0.36500000953674316,0.36500000953674316,0.36500000953674316,0.36500000953674316,500.0
2026-06-09 15:43:00,FORT.V,,3.390000104904175,3.390000104904175,3.390000104904175,3.390000104904175,100.0
2026-06-09 15:43:00,FRED.V,,0.5299999713897705,0.5299999713897705,0.5199999809265137,0.5199999809265137,18000.0
2026-06-09 15:43:00,GGO.V,,1.0199999809265137,1.0199999809265137,1.0199999809265137,1.0199999809265137,800.0
2026-06-09 15:43:00,GSVR.V,,0.4650000035762787,0.4650000035762787,0.4625000059604645,0.4625000059604645,54500.0
2026-06-09 15:43:00,IFOS.V,,2.390000104904175,2.390000104904175,2.390000104904175,2.390000104904175,100.0
2026-06-09 15:43:00,ITR.V,,3.2200000286102295,3.2200000286102295,3.2200000286102295,3.2200000286102295,500.0
2026-06-09 15:43:00,JUGR.V,,0.9800000190734863,0.9800000190734863,0.9800000190734863,0.9800000190734863,100.0
2026-06-09 15:43:00,LCX.V,,1.7000000476837158,1.7000000476837158,1.7000000476837158,1.7000000476837158,500.0
2026-06-09 15:43:00,LMN.V,,22.540000915527344,22.540000915527344,22.540000915527344,22.540000915527344,400.0
2026-06-09 15:43:00,MGM.V,,2.7100000381469727,2.7100000381469727,2.7100000381469727,2.7100000381469727,100.0
2026-06-09 15:43:00,MLP.V,,1.8799999952316284,1.8799999952316284,1.8799999952316284,1.8799999952316284,100.0
2026-06-09 15:43:00,PNG.V,,7.164999961853027,7.164999961853027,7.164999961853027,7.164999961853027,300.0
2026-06-09 15:43:00,YGT.V,,0.1850000023841858,0.1850000023841858,0.1850000023841858,0.1850000023841858,500.0
2026-06-09 15:44:00,ESK.V,,0.36500000953674316,0.36500000953674316,0.36500000953674316,0.36500000953674316,500.0
2026-06-09 15:44:00,FDR.V,,4.079999923706055,4.099999904632568,4.079999923706055,4.099999904632568,300.0
2026-06-09 15:44:00,FL.V,,0.49000000953674316,0.49000000953674316,0.49000000953674316,0.49000000953674316,7000.0
2026-06-09 15:44:00,FORT.V,,3.390000104904175,3.390000104904175,3.390000104904175,3.390000104904175,100.0
2026-06-09 15:44:00,GCOM.V,,0.05999999865889549,0.05999999865889549,0.05999999865889549,0.05999999865889549,391000.0
2026-06-09 15:44:00,GGO.V,,1.0199999809265137,1.0199999809265137,1.0199999809265137,1.0199999809265137,900.0
2026-06-09 15:44:00,HHH.V,,5.110000133514404,5.110000133514404,5.110000133514404,5.110000133514404,1200.0
2026-06-09 15:44:00,HME.V,,2.7899999618530273,2.7899999618530273,2.7899999618530273,2.7899999618530273,100.0
2026-06-09 15:44:00,KTN.V,,1.3200000524520874,1.3200000524520874,1.3200000524520874,1.3200000524520874,100.0
2026-06-09 15:44:00,LG.V,,0.33500000834465027,0.33500000834465027,0.33500000834465027,0.33500000834465027,1000.0
2026-06-09 15:44:00,LMN.V,,22.56999969482422,22.56999969482422,22.56999969482422,22.56999969482422,200.0
2026-06-09 15:44:00,LRA.V,,3.8499999046325684,3.859999895095825,3.8499999046325684,3.859999895095825,5600.0
2026-06-09 15:44:00,MKO.V,,10.020000457763672,10.020000457763672,10.020000457763672,10.020000457763672,1000.0
2026-06-09 15:44:00,MLP.V,,1.8899999856948853,1.8899999856948853,1.8799999952316284,1.8799999952316284,900.0
2026-06-09 15:44:00,MTA.V,,9.40999984741211,9.40999984741211,9.40999984741211,9.40999984741211,300.0
2026-06-09 15:44:00,NURS.V,,4.099999904632568,4.099999904632568,4.099999904632568,4.099999904632568,564.0
2026-06-09 15:44:00,ZNG.V,,0.8500000238418579,0.8700000047683716,0.8500000238418579,0.8700000047683716,21300.0
2026-06-09 15:45:00,FDR.V,,4.079999923706055,4.079999923706055,4.079999923706055,4.079999923706055,100.0
2026-06-09 15:45:00,FORT.V,,3.390000104904175,3.390000104904175,3.390000104904175,3.390000104904175,300.0
2026-06-09 15:45:00,FRED.V,,0.5099999904632568,0.5299999713897705,0.5099999904632568,0.5299999713897705,24500.0
2026-06-09 15:45:00,GGO.V,,1.0199999809265137,1.0199999809265137,1.0199999809265137,1.0199999809265137,500.0
2026-06-09 15:45:00,GLAD.V,,2.2100000381469727,2.2100000381469727,2.200000047683716,2.200000047683716,300.0
2026-06-09 15:45:00,GRZ.V,,6.789999961853027,6.789999961853027,6.789999961853027,6.789999961853027,100.0
2026-06-09 15:45:00,GSVR.V,,0.4650000035762787,0.4650000035762787,0.4650000035762787,0.4650000035762787,500.0
2026-06-09 15:45:00,HHH.V,,5.050000190734863,5.050000190734863,5.050000190734863,5.050000190734863,700.0
2026-06-09 15:45:00,HSTR.V,,1.7100000381469727,1.7100000381469727,1.7000000476837158,1.7000000476837158,4800.0
2026-06-09 15:45:00,JUGR.V,,0.9800000190734863,0.9800000190734863,0.9800000190734863,0.9800000190734863,100.0
2026-06-09 15:45:00,KTN.V,,1.3300000429153442,1.3300000429153442,1.3200000524520874,1.3200000524520874,4100.0
2026-06-09 15:45:00,LCX.V,,1.6799999475479126,1.6799999475479126,1.6799999475479126,1.6799999475479126,100.0
2026-06-09 15:45:00,LIO.V,,0.13500000536441803,0.13500000536441803,0.13500000536441803,0.13500000536441803,1000.0
2026-06-09 15:45:00,MGM.V,,2.7100000381469727,2.7100000381469727,2.7100000381469727,2.7100000381469727,100.0
2026-06-09 15:45:00,MLP.V,,1.8700000047683716,1.8899999856948853,1.8700000047683716,1.8799999952316284,5000.0
2026-06-09 15:45:00,PNG.V,,7.159999847412109,7.159999847412109,7.159999847412109,7.159999847412109,400.0
2026-06-09 15:46:00,FORT.V,,3.390000104904175,3.390000104904175,3.390000104904175,3.390000104904175,400.0
2026-06-09 15:46:00,GGO.V,,1.0199999809265137,1.0199999809265137,1.0199999809265137,1.0199999809265137,800.0
2026-06-09 15:46:00,HME.V,,2.7899999618530273,2.7899999618530273,2.7899999618530273,2.7899999618530273,100.0
2026-06-09 15:46:00,ITR.V,,3.240000009536743,3.240000009536743,3.2200000286102295,3.2200000286102295,4500.0
2026-06-09 15:46:00,JUGR.V,,0.9800000190734863,0.9800000190734863,0.9800000190734863,0.9800000190734863,100.0
2026-06-09 15:46:00,LMN.V,,22.559999465942383,22.559999465942383,22.540000915527344,22.540000915527344,300.0
2026-06-09 15:46:00,LTH.V,,0.8399999737739563,0.8399999737739563,0.8399999737739563,0.8399999737739563,500.0
2026-06-09 15:46:00,MKO.V,,10.029999732971191,10.029999732971191,10.029999732971191,10.029999732971191,400.0
2026-06-09 15:46:00,PNG.V,,7.150000095367432,7.150000095367432,7.150000095367432,7.150000095367432,3600.0
2026-06-09 15:46:00,TUF.V,,0.699999988079071,0.699999988079071,0.699999988079071,0.699999988079071,4000.0
2026-06-09 15:47:00,ESK.V,,0.375,0.375,0.375,0.375,1000.0
2026-06-09 15:47:00,FDR.V,,4.090000152587891,4.119999885559082,4.090000152587891,4.110000133514404,10600.0
2026-06-09 15:47:00,FL.V,,0.49000000953674316,0.49000000953674316,0.49000000953674316,0.49000000953674316,500.0
2026-06-09 15:47:00,FPC.V,,0.4699999988079071,0.4699999988079071,0.4699999988079071,0.4699999988079071,500.0
2026-06-09 15:47:00,FUU.V,,0.14000000059604645,0.14000000059604645,0.14000000059604645,0.14000000059604645,4500.0
2026-06-09 15:47:00,GAL.V,,0.41999998688697815,0.41999998688697815,0.41999998688697815,0.41999998688697815,68000.0
2026-06-09 15:47:00,GGO.V,,1.0199999809265137,1.0199999809265137,1.0199999809265137,1.0199999809265137,100.0
2026-06-09 15:47:00,HME.V,,2.7899999618530273,2.7899999618530273,2.7899999618530273,2.7899999618530273,100.0
2026-06-09 15:47:00,HSTR.V,,1.7000000476837158,1.7000000476837158,1.7000000476837158,1.7000000476837158,1372.0
2026-06-09 15:47:00,JUGR.V,,0.9800000190734863,0.9800000190734863,0.9800000190734863,0.9800000190734863,8900.0
2026-06-09 15:47:00,LCX.V,,1.6799999475479126,1.6799999475479126,1.6799999475479126,1.6799999475479126,100.0
2026-06-09 15:47:00,LIO.V,,0.14000000059604645,0.14000000059604645,0.14000000059604645,0.14000000059604645,8000.0
2026-06-09 15:47:00,LMN.V,,22.540000915527344,22.56999969482422,22.540000915527344,22.56999969482422,374.0
2026-06-09 15:47:00,MLP.V,,1.8700000047683716,1.8799999952316284,1.8700000047683716,1.8799999952316284,1600.0
2026-06-09 15:47:00,MMG.V,,0.24500000476837158,0.24500000476837158,0.24500000476837158,0.24500000476837158,31000.0
2026-06-09 15:47:00,NURS.V,,4.090000152587891,4.090000152587891,4.090000152587891,4.090000152587891,1700.0
2026-06-09 15:47:00,TUF.V,,0.699999988079071,0.699999988079071,0.699999988079071,0.699999988079071,1500.0
2026-06-09 15:48:00,FDR.V,,4.130000114440918,4.130000114440918,4.090000152587891,4.090000152587891,8700.0
2026-06-09 15:48:00,FUU.V,,0.14000000059604645,0.14000000059604645,0.14000000059604645,0.14000000059604645,10000.0
2026-06-09 15:48:00,HME.V,,2.7899999618530273,2.7899999618530273,2.7899999618530273,2.7899999618530273,100.0
2026-06-09 15:48:00,ICM.V,,0.05999999865889549,0.05999999865889549,0.05999999865889549,0.05999999865889549,1000.0
2026-06-09 15:48:00,LGN.V,,0.8999999761581421,0.8999999761581421,0.8999999761581421,0.8999999761581421,500.0
2026-06-09 15:48:00,LMN.V,,22.489999771118164,22.489999771118164,22.489999771118164,22.489999771118164,100.0
2026-06-09 15:48:00,MN.V,,0.12999999523162842,0.12999999523162842,0.11999999731779099,0.11999999731779099,46000.0
2026-06-09 15:48:00,MTA.V,,9.399999618530273,9.399999618530273,9.399999618530273,9.399999618530273,200.0
2026-06-09 15:48:00,NURS.V,,4.079999923706055,4.090000152587891,4.079999923706055,4.090000152587891,1400.0
2026-06-09 15:48:00,PNG.V,,7.139999866485596,7.139999866485596,7.139999866485596,7.139999866485596,200.0
2026-06-09 15:48:00,TUF.V,,0.7099999785423279,0.7099999785423279,0.7099999785423279,0.7099999785423279,12000.0
2026-06-09 15:49:00,ESK.V,,0.36500000953674316,0.36500000953674316,0.36000001430511475,0.36500000953674316,19000.0
2026-06-09 15:49:00,FDR.V,,4.150000095367432,4.150000095367432,4.139999866485596,4.139999866485596,1400.0
2026-06-09 15:49:00,GGO.V,,1.0199999809265137,1.0199999809265137,1.0199999809265137,1.0199999809265137,300.0
2026-06-09 15:49:00,HAM.V,,5.460000038146973,5.460000038146973,5.460000038146973,5.460000038146973,100.0
2026-06-09 15:49:00,HITI.V,,3.2699999809265137,3.2699999809265137,3.2699999809265137,3.2699999809265137,500.0
2026-06-09 15:49:00,HME.V,,2.7899999618530273,2.7899999618530273,2.7899999618530273,2.7899999618530273,100.0
2026-06-09 15:49:00,ITR.V,,3.2300000190734863,3.2300000190734863,3.2300000190734863,3.2300000190734863,2600.0
2026-06-09 15:49:00,JUGR.V,,0.9800000190734863,0.9800000190734863,0.9800000190734863,0.9800000190734863,300.0
2026-06-09 15:49:00,KNG.V,,1.059999942779541,1.059999942779541,1.0499999523162842,1.0499999523162842,1700.0
2026-06-09 15:49:00,KTN.V,,1.3300000429153442,1.3300000429153442,1.3300000429153442,1.3300000429153442,100.0
2026-06-09 15:49:00,LMN.V,,22.540000915527344,22.540000915527344,22.540000915527344,22.540000915527344,100.0
2026-06-09 15:49:00,MD.V,,0.41499999165534973,0.41499999165534973,0.41499999165534973,0.41499999165534973,10000.0
2026-06-09 15:49:00,MKO.V,,10.039999961853027,10.039999961853027,10.039999961853027,10.039999961853027,100.0
2026-06-09 15:49:00,MLP.V,,1.8899999856948853,1.8899999856948853,1.8799999952316284,1.8799999952316284,4700.0
2026-06-09 15:49:00,MTA.V,,9.380000114440918,9.380000114440918,9.380000114440918,9.380000114440918,200.0
2026-06-09 15:49:00,PNG.V,,7.150000095367432,7.150000095367432,7.139999866485596,7.139999866485596,1609.0
2026-06-09 15:49:00,TUF.V,,0.7200000286102295,0.7200000286102295,0.7200000286102295,0.7200000286102295,500.0
2026-06-09 15:49:00,YGT.V,,0.1850000023841858,0.1850000023841858,0.1850000023841858,0.1850000023841858,500.0
2026-06-09 15:50:00,ESK.V,,0.36500000953674316,0.36500000953674316,0.36500000953674316,0.36500000953674316,1500.0
2026-06-09 15:50:00,FDR.V,,4.159999847412109,4.159999847412109,4.150000095367432,4.150000095367432,500.0
2026-06-09 15:50:00,GAL.V,,0.42500001192092896,0.42500001192092896,0.42500001192092896,0.42500001192092896,62500.0
2026-06-09 15:50:00,GGO.V,,1.0199999809265137,1.0199999809265137,1.0199999809265137,1.0199999809265137,900.0
2026-06-09 15:50:00,GQC.V,,0.9300000071525574,0.9300000071525574,0.9300000071525574,0.9300000071525574,4500.0
2026-06-09 15:50:00,GSVR.V,,0.4650000035762787,0.4650000035762787,0.4650000035762787,0.4650000035762787,9500.0
2026-06-09 15:50:00,HITI.V,,3.2699999809265137,3.2699999809265137,3.2699999809265137,3.2699999809265137,466.0
2026-06-09 15:50:00,HME.V,,2.7899999618530273,2.7899999618530273,2.7899999618530273,2.7899999618530273,100.0
2026-06-09 15:50:00,HSTR.V,,1.7100000381469727,1.7100000381469727,1.7100000381469727,1.7100000381469727,202.0
2026-06-09 15:50:00,IFOS.V,,2.380000114440918,2.380000114440918,2.380000114440918,2.380000114440918,200.0
2026-06-09 15:50:00,ITR.V,,3.240000009536743,3.240000009536743,3.240000009536743,3.240000009536743,900.0
2026-06-09 15:50:00,JUGR.V,,0.9800000190734863,0.9800000190734863,0.9800000190734863,0.9800000190734863,300.0
2026-06-09 15:50:00,KTO.V,,0.6399999856948853,0.6399999856948853,0.6399999856948853,0.6399999856948853,3000.0
2026-06-09 15:50:00,LCX.V,,1.6699999570846558,1.6699999570846558,1.6699999570846558,1.6699999570846558,100.0
2026-06-09 15:50:00,LMN.V,,22.600000381469727,22.6299991607666,22.559999465942383,22.559999465942383,2200.0
2026-06-09 15:50:00,LTH.V,,0.8399999737739563,0.8399999737739563,0.8399999737739563,0.8399999737739563,500.0
2026-06-09 15:50:00,MGM.V,,2.7100000381469727,2.7100000381469727,2.7100000381469727,2.7100000381469727,100.0
2026-06-09 15:50:00,NURS.V,,4.079999923706055,4.079999923706055,4.079999923706055,4.079999923706055,100.0
2026-06-09 15:50:00,PNG.V,,7.150000095367432,7.159999847412109,7.150000095367432,7.150000095367432,4007.0
2026-06-09 15:50:00,TUF.V,,0.7200000286102295,0.7200000286102295,0.7200000286102295,0.7200000286102295,1500.0
2026-06-09 15:51:00,ESK.V,,0.36000001430511475,0.36000001430511475,0.36000001430511475,0.36000001430511475,500.0
2026-06-09 15:51:00,GGO.V,,1.0199999809265137,1.0199999809265137,1.0199999809265137,1.0199999809265137,1200.0
2026-06-09 15:51:00,GSVR.V,,0.46000000834465027,0.46000000834465027,0.46000000834465027,0.46000000834465027,1156.0
2026-06-09 15:51:00,HME.V,,2.7799999713897705,2.7799999713897705,2.7699999809265137,2.7699999809265137,1900.0
2026-06-09 15:51:00,HSTR.V,,1.7100000381469727,1.7100000381469727,1.7100000381469727,1.7100000381469727,600.0
2026-06-09 15:51:00,IFOS.V,,2.380000114440918,2.380000114440918,2.380000114440918,2.380000114440918,300.0
2026-06-09 15:51:00,ITR.V,,3.25,3.25,3.25,3.25,200.0
2026-06-09 15:51:00,JUGR.V,,0.9800000190734863,0.9800000190734863,0.9800000190734863,0.9800000190734863,200.0
2026-06-09 15:51:00,KTN.V,,1.3300000429153442,1.3300000429153442,1.3300000429153442,1.3300000429153442,200.0
2026-06-09 15:51:00,LGN.V,,0.8999999761581421,0.8999999761581421,0.8999999761581421,0.8999999761581421,500.0
2026-06-09 15:51:00,LMN.V,,22.510000228881836,22.579999923706055,22.5,22.579999923706055,4500.0
2026-06-09 15:51:00,MEK.V,,0.05000000074505806,0.05000000074505806,0.05000000074505806,0.05000000074505806,10000.0
2026-06-09 15:51:00,NURS.V,,4.079999923706055,4.079999923706055,4.079999923706055,4.079999923706055,700.0
2026-06-09 15:51:00,PNG.V,,7.170000076293945,7.170000076293945,7.150000095367432,7.170000076293945,7101.0
2026-06-09 15:52:00,GGO.V,,1.0199999809265137,1.0199999809265137,1.0199999809265137,1.0199999809265137,1000.0
2026-06-09 15:52:00,GQC.V,,0.9300000071525574,0.9300000071525574,0.9300000071525574,0.9300000071525574,1000.0
2026-06-09 15:52:00,HAM.V,,5.5,5.510000228881836,5.5,5.510000228881836,1000.0
2026-06-09 15:52:00,HME.V,,2.7799999713897705,2.7899999618530273,2.7799999713897705,2.7850000858306885,2600.0
2026-06-09 15:52:00,IGO.V,,0.09000000357627869,0.09000000357627869,0.09000000357627869,0.09000000357627869,3000.0
2026-06-09 15:52:00,ITR.V,,3.240000009536743,3.240000009536743,3.240000009536743,3.240000009536743,400.0
2026-06-09 15:52:00,JUGR.V,,0.9800000190734863,0.9800000190734863,0.9800000190734863,0.9800000190734863,100.0
2026-06-09 15:52:00,KTO.V,,0.6399999856948853,0.6399999856948853,0.6399999856948853,0.6399999856948853,500.0
2026-06-09 15:52:00,LCX.V,,1.6699999570846558,1.6699999570846558,1.6699999570846558,1.6699999570846558,100.0
2026-06-09 15:52:00,NURS.V,,4.079999923706055,4.079999923706055,4.079999923706055,4.079999923706055,1100.0
2026-06-09 15:52:00,PNG.V,,7.179999828338623,7.179999828338623,7.170000076293945,7.170000076293945,1328.0
2026-06-09 15:52:00,YGT.V,,0.1899999976158142,0.1899999976158142,0.1899999976158142,0.1899999976158142,19500.0
2026-06-09 15:52:00,ZNG.V,,0.8600000143051147,0.8700000047683716,0.8600000143051147,0.8650000095367432,8000.0
2026-06-09 15:53:00,FDR.V,,4.139999866485596,4.139999866485596,4.139999866485596,4.139999866485596,300.0
2026-06-09 15:53:00,FORT.V,,3.4700000286102295,3.4700000286102295,3.390000104904175,3.390000104904175,4600.0
2026-06-09 15:53:00,FPC.V,,0.4650000035762787,0.4650000035762787,0.4650000035762787,0.4650000035762787,500.0
2026-06-09 15:53:00,GGO.V,,1.0199999809265137,1.0199999809265137,1.0199999809265137,1.0199999809265137,400.0
2026-06-09 15:53:00,GPG.V,,0.27000001072883606,0.27000001072883606,0.27000001072883606,0.27000001072883606,50400.0
2026-06-09 15:53:00,GSI.V,,1.1399999856948853,1.1399999856948853,1.1399999856948853,1.1399999856948853,200.0
2026-06-09 15:53:00,GSVR.V,,0.4650000035762787,0.4650000035762787,0.4625000059604645,0.4625000059604645,3500.0
2026-06-09 15:53:00,HHH.V,,5.050000190734863,5.050000190734863,5.050000190734863,5.050000190734863,900.0
2026-06-09 15:53:00,JUGR.V,,0.9800000190734863,0.9800000190734863,0.9800000190734863,0.9800000190734863,100.0
2026-06-09 15:53:00,KTN.V,,1.3300000429153442,1.3300000429153442,1.3300000429153442,1.3300000429153442,200.0
2026-06-09 15:53:00,LG.V,,0.3400000035762787,0.3400000035762787,0.3400000035762787,0.3400000035762787,147500.0
2026-06-09 15:53:00,LMN.V,,22.559999465942383,22.559999465942383,22.520000457763672,22.520000457763672,400.0
2026-06-09 15:53:00,LVG.V,,0.28999999165534973,0.28999999165534973,0.28999999165534973,0.28999999165534973,500.0
2026-06-09 15:53:00,MGM.V,,2.7200000286102295,2.7200000286102295,2.7200000286102295,2.7200000286102295,100.0
2026-06-09 15:53:00,NURS.V,,4.079999923706055,4.079999923706055,4.079999923706055,4.079999923706055,200.0
2026-06-09 15:53:00,YGT.V,,0.1899999976158142,0.1899999976158142,0.1899999976158142,0.1899999976158142,11500.0
2026-06-09 15:53:00,ZNG.V,,0.8600000143051147,0.8600000143051147,0.8600000143051147,0.8600000143051147,1200.0
2026-06-09 15:54:00,FNC.V,,0.14499999582767487,0.14499999582767487,0.14499999582767487,0.14499999582767487,33000.0
2026-06-09 15:54:00,FORT.V,,3.4700000286102295,3.4700000286102295,3.4700000286102295,3.4700000286102295,100.0
2026-06-09 15:54:00,GGO.V,,1.0199999809265137,1.0199999809265137,1.0199999809265137,1.0199999809265137,600.0
2026-06-09 15:54:00,GSI.V,,1.1399999856948853,1.1399999856948853,1.1399999856948853,1.1399999856948853,100.0
2026-06-09 15:54:00,HME.V,,2.7899999618530273,2.7899999618530273,2.7899999618530273,2.7899999618530273,200.0
2026-06-09 15:54:00,HMR.V,,0.7599999904632568,0.7599999904632568,0.7599999904632568,0.7599999904632568,1500.0
2026-06-09 15:54:00,INFI.V,,0.20000000298023224,0.20000000298023224,0.20000000298023224,0.20000000298023224,3000.0
2026-06-09 15:54:00,ITR.V,,3.25,3.25,3.25,3.25,2000.0
2026-06-09 15:54:00,JUGR.V,,0.9800000190734863,0.9800000190734863,0.9800000190734863,0.9800000190734863,100.0
2026-06-09 15:54:00,KTN.V,,1.340000033378601,1.340000033378601,1.3300000429153442,1.3300000429153442,500.0
2026-06-09 15:54:00,LG.V,,0.3400000035762787,0.3400000035762787,0.3400000035762787,0.3400000035762787,15000.0
2026-06-09 15:54:00,LIFT.V,,4.949999809265137,4.949999809265137,4.949999809265137,4.949999809265137,100.0
2026-06-09 15:54:00,LMN.V,,22.540000915527344,22.540000915527344,22.540000915527344,22.540000915527344,100.0
2026-06-09 15:54:00,MKO.V,,10.069999694824219,10.069999694824219,10.050000190734863,10.050000190734863,1780.0
2026-06-09 15:54:00,MLP.V,,1.8899999856948853,1.8899999856948853,1.8899999856948853,1.8899999856948853,200.0
2026-06-09 15:54:00,NURS.V,,4.070000171661377,4.079999923706055,4.070000171661377,4.079999923706055,4250.0
2026-06-09 15:54:00,PNG.V,,7.179999828338623,7.179999828338623,7.179999828338623,7.179999828338623,302.0
2026-06-09 15:54:00,TUF.V,,0.7200000286102295,0.7200000286102295,0.7200000286102295,0.7200000286102295,500.0
2026-06-09 15:54:00,YGT.V,,0.19499999284744263,0.19499999284744263,0.19499999284744263,0.19499999284744263,5000.0
2026-06-09 15:54:00,ZNG.V,,0.8600000143051147,0.8600000143051147,0.8600000143051147,0.8600000143051147,1500.0
2026-06-09 15:55:00,BIG.V,,0.6299999952316284,0.6299999952316284,0.6299999952316284,0.6299999952316284,500.0
2026-06-09 15:55:00,FDR.V,,4.159999847412109,4.170000076293945,4.159999847412109,4.159999847412109,900.0
2026-06-09 15:55:00,FHYD.V,,0.41999998688697815,0.41999998688697815,0.41999998688697815,0.41999998688697815,3292.0
2026-06-09 15:55:00,FNC.V,,0.14499999582767487,0.14499999582767487,0.14499999582767487,0.14499999582767487,14000.0
2026-06-09 15:55:00,FORT.V,,3.4700000286102295,3.4700000286102295,3.4600000381469727,3.4600000381469727,900.0
2026-06-09 15:55:00,GGO.V,,1.0199999809265137,1.0199999809265137,1.0199999809265137,1.0199999809265137,700.0
2026-06-09 15:55:00,GLAD.V,,2.200000047683716,2.200000047683716,2.200000047683716,2.200000047683716,100.0
2026-06-09 15:55:00,GPG.V,,0.27000001072883606,0.27000001072883606,0.27000001072883606,0.27000001072883606,500.0
2026-06-09 15:55:00,GRZ.V,,6.849999904632568,6.960000038146973,6.789999961853027,6.789999961853027,12100.0
2026-06-09 15:55:00,HAM.V,,5.5,5.510000228881836,5.5,5.510000228881836,600.0
2026-06-09 15:55:00,HME.V,,2.7899999618530273,2.7899999618530273,2.7899999618530273,2.7899999618530273,101.0
2026-06-09 15:55:00,ITR.V,,3.259999990463257,3.259999990463257,3.259999990463257,3.259999990463257,4600.0
2026-06-09 15:55:00,KTN.V,,1.340000033378601,1.340000033378601,1.340000033378601,1.340000033378601,100.0
2026-06-09 15:55:00,LCX.V,,1.6799999475479126,1.6799999475479126,1.6799999475479126,1.6799999475479126,700.0
2026-06-09 15:55:00,LGN.V,,0.9049999713897705,0.9049999713897705,0.9049999713897705,0.9049999713897705,500.0
2026-06-09 15:55:00,LMN.V,,22.579999923706055,22.579999923706055,22.520000457763672,22.530000686645508,2600.0
2026-06-09 15:55:00,NURS.V,,4.090000152587891,4.090000152587891,4.090000152587891,4.090000152587891,100.0
2026-06-09 15:55:00,PNG.V,,7.170000076293945,7.170000076293945,7.170000076293945,7.170000076293945,4653.0
2026-06-09 15:55:00,TUF.V,,0.7200000286102295,0.7200000286102295,0.7200000286102295,0.7200000286102295,1000.0
2026-06-09 15:55:00,ZNG.V,,0.8600000143051147,0.8600000143051147,0.8600000143051147,0.8600000143051147,2500.0
2026-06-09 15:56:00,FDR.V,,4.159999847412109,4.159999847412109,4.150000095367432,4.150000095367432,4200.0
2026-06-09 15:56:00,FPC.V,,0.4675000011920929,0.4675000011920929,0.4675000011920929,0.4675000011920929,500.0
2026-06-09 15:56:00,GCOM.V,,0.05999999865889549,0.05999999865889549,0.05999999865889549,0.05999999865889549,77000.0
2026-06-09 15:56:00,GLAD.V,,2.200000047683716,2.200000047683716,2.200000047683716,2.200000047683716,100.0
2026-06-09 15:56:00,GPH.V,,1.0700000524520874,1.0700000524520874,1.0700000524520874,1.0700000524520874,100.0
2026-06-09 15:56:00,GRZ.V,,6.900000095367432,6.900000095367432,6.849999904632568,6.849999904632568,3000.0
2026-06-09 15:56:00,GSI.V,,1.1399999856948853,1.1399999856948853,1.1399999856948853,1.1399999856948853,100.0
2026-06-09 15:56:00,HAM.V,,5.460000038146973,5.460000038146973,5.460000038146973,5.460000038146973,100.0
2026-06-09 15:56:00,HI.V,,0.1550000011920929,0.1550000011920929,0.1550000011920929,0.1550000011920929,500.0
2026-06-09 15:56:00,HSTR.V,,1.7100000381469727,1.7100000381469727,1.7000000476837158,1.7050000429153442,8918.0
2026-06-09 15:56:00,ITR.V,,3.25,3.259999990463257,3.25,3.259999990463257,3800.0
2026-06-09 15:56:00,KTN.V,,1.340000033378601,1.340000033378601,1.340000033378601,1.340000033378601,200.0
2026-06-09 15:56:00,LBNK.V,,0.5400000214576721,0.5400000214576721,0.5400000214576721,0.5400000214576721,4500.0
2026-06-09 15:56:00,LCX.V,,1.6799999475479126,1.6799999475479126,1.6799999475479126,1.6799999475479126,4200.0
2026-06-09 15:56:00,LMN.V,,22.549999237060547,22.56999969482422,22.549999237060547,22.56999969482422,600.0
2026-06-09 15:56:00,MGM.V,,2.75,2.75,2.740000009536743,2.740000009536743,700.0
2026-06-09 15:56:00,MKO.V,,10.039999961853027,10.050000190734863,10.020000457763672,10.039999961853027,1700.0
2026-06-09 15:56:00,NURS.V,,4.070000171661377,4.070000171661377,4.070000171661377,4.070000171661377,100.0
2026-06-09 15:56:00,PNG.V,,7.190000057220459,7.190000057220459,7.164999961853027,7.164999961853027,7064.0
2026-06-09 15:56:00,TUF.V,,0.7200000286102295,0.7200000286102295,0.7200000286102295,0.7200000286102295,1000.0
2026-06-09 15:56:00,ZNG.V,,0.8500000238418579,0.8500000238418579,0.8500000238418579,0.8500000238418579,1500.0
2026-06-09 15:57:00,FDR.V,,4.170000076293945,4.170000076293945,4.150000095367432,4.150000095367432,2300.0
2026-06-09 15:57:00,FORT.V,,3.4600000381469727,3.4600000381469727,3.4600000381469727,3.4600000381469727,400.0
2026-06-09 15:57:00,GGO.V,,1.0199999809265137,1.0199999809265137,1.0199999809265137,1.0199999809265137,1100.0
2026-06-09 15:57:00,GLAD.V,,2.200000047683716,2.200000047683716,2.200000047683716,2.200000047683716,100.0
2026-06-09 15:57:00,GSVR.V,,0.4650000035762787,0.4650000035762787,0.4625000059604645,0.4625000059604645,35000.0
2026-06-09 15:57:00,HITI.V,,3.2699999809265137,3.2699999809265137,3.2699999809265137,3.2699999809265137,600.0
2026-06-09 15:57:00,HSTR.V,,1.7100000381469727,1.7100000381469727,1.7100000381469727,1.7100000381469727,1200.0
2026-06-09 15:57:00,JUGR.V,,0.9800000190734863,0.9800000190734863,0.9800000190734863,0.9800000190734863,500.0
2026-06-09 15:57:00,KTN.V,,1.3450000286102295,1.3450000286102295,1.3450000286102295,1.3450000286102295,300.0
2026-06-09 15:57:00,LCX.V,,1.690000057220459,1.690000057220459,1.690000057220459,1.690000057220459,2500.0
2026-06-09 15:57:00,LGN.V,,0.8999999761581421,0.8999999761581421,0.8999999761581421,0.8999999761581421,500.0
2026-06-09 15:57:00,LMN.V,,22.520000457763672,22.549999237060547,22.520000457763672,22.549999237060547,203.0
2026-06-09 15:57:00,LVX.V,,0.6700000166893005,0.6700000166893005,0.6700000166893005,0.6700000166893005,30500.0
2026-06-09 15:57:00,MLP.V,,1.8700000047683716,1.8899999856948853,1.8700000047683716,1.8700000047683716,600.0
2026-06-09 15:57:00,PNG.V,,7.045000076293945,7.179999828338623,7.039999961853027,7.179999828338623,146678.0
2026-06-09 15:57:00,TUF.V,,0.7200000286102295,0.7200000286102295,0.7200000286102295,0.7200000286102295,500.0
2026-06-09 15:57:00,ZNG.V,,0.8500000238418579,0.8500000238418579,0.8500000238418579,0.8500000238418579,2000.0
2026-06-09 15:58:00,FDR.V,,4.179999828338623,4.179999828338623,4.150000095367432,4.170000076293945,2600.0
2026-06-09 15:58:00,FL.V,,0.49000000953674316,0.49000000953674316,0.49000000953674316,0.49000000953674316,500.0
2026-06-09 15:58:00,GCOM.V,,0.06499999761581421,0.06499999761581421,0.06499999761581421,0.06499999761581421,40000.0
2026-06-09 15:58:00,GGO.V,,1.0199999809265137,1.0199999809265137,1.0199999809265137,1.0199999809265137,600.0
2026-06-09 15:58:00,GLAD.V,,2.2100000381469727,2.2100000381469727,2.2100000381469727,2.2100000381469727,100.0
2026-06-09 15:58:00,GPH.V,,1.0700000524520874,1.0700000524520874,1.0700000524520874,1.0700000524520874,443.0
2026-06-09 15:58:00,GSI.V,,1.1349999904632568,1.1349999904632568,1.1349999904632568,1.1349999904632568,100.0
2026-06-09 15:58:00,GSP.V,,0.14499999582767487,0.14499999582767487,0.14249999821186066,0.14249999821186066,7500.0
2026-06-09 15:58:00,GSVR.V,,0.4625000059604645,0.4650000035762787,0.4625000059604645,0.4650000035762787,4000.0
2026-06-09 15:58:00,HAN.V,,0.5,0.5,0.5,0.5,3000.0
2026-06-09 15:58:00,HITI.V,,3.259999990463257,3.2699999809265137,3.259999990463257,3.2699999809265137,2700.0
2026-06-09 15:58:00,HSTR.V,,1.7100000381469727,1.7100000381469727,1.7100000381469727,1.7100000381469727,1061.0
2026-06-09 15:58:00,ILI.V,,0.019999999552965164,0.019999999552965164,0.019999999552965164,0.019999999552965164,2000.0
2026-06-09 15:58:00,ITR.V,,3.25,3.2699999809265137,3.25,3.259999990463257,4700.0
2026-06-09 15:58:00,LCX.V,,1.7000000476837158,1.7000000476837158,1.690000057220459,1.690000057220459,500.0
2026-06-09 15:58:00,LIFT.V,,4.949999809265137,4.949999809265137,4.949999809265137,4.949999809265137,100.0
2026-06-09 15:58:00,LMN.V,,22.56999969482422,22.610000610351562,22.55500030517578,22.55500030517578,2800.0
2026-06-09 15:58:00,LTX.V,,0.17000000178813934,0.17000000178813934,0.17000000178813934,0.17000000178813934,0.0
2026-06-09 15:58:00,LVX.V,,0.6700000166893005,0.6700000166893005,0.6700000166893005,0.6700000166893005,1500.0
2026-06-09 15:58:00,MEK.V,,0.04500000178813934,0.04500000178813934,0.04500000178813934,0.04500000178813934,1000.0
2026-06-09 15:58:00,MGM.V,,2.75,2.75,2.75,2.75,300.0
2026-06-09 15:58:00,MKO.V,,10.050000190734863,10.050000190734863,10.050000190734863,10.050000190734863,100.0
2026-06-09 15:58:00,NURS.V,,4.070000171661377,4.070000171661377,4.070000171661377,4.070000171661377,200.0
2026-06-09 15:58:00,PNG.V,,7.130000114440918,7.139999866485596,7.050000190734863,7.050000190734863,3342.0
2026-06-09 15:58:00,TUF.V,,0.7200000286102295,0.7200000286102295,0.7200000286102295,0.7200000286102295,500.0
2026-06-09 15:58:00,ZNG.V,,0.8700000047683716,0.8700000047683716,0.8500000238418579,0.8600000143051147,15600.0
2026-06-09 15:59:00,BIG.V,,0.6299999952316284,0.6399999856948853,0.6299999952316284,0.6399999856948853,14500.0
2026-06-09 15:59:00,EQTY.V,,0.27000001072883606,0.27000001072883606,0.27000001072883606,0.27000001072883606,500.0
2026-06-09 15:59:00,ESK.V,,0.36000001430511475,0.36000001430511475,0.36000001430511475,0.36000001430511475,500.0
2026-06-09 15:59:00,FBF.V,,0.949999988079071,0.949999988079071,0.949999988079071,0.949999988079071,0.0
2026-06-09 15:59:00,FDR.V,,4.150000095367432,4.190000057220459,4.150000095367432,4.170000076293945,4949.0
2026-06-09 15:59:00,FL.V,,0.49000000953674316,0.49000000953674316,0.49000000953674316,0.49000000953674316,23000.0
2026-06-09 15:59:00,FPC.V,,0.4675000011920929,0.4675000011920929,0.4675000011920929,0.4675000011920929,2500.0
2026-06-09 15:59:00,FPX.V,,0.4399999976158142,0.4399999976158142,0.4399999976158142,0.4399999976158142,10000.0
2026-06-09 15:59:00,FRED.V,,0.5099999904632568,0.5099999904632568,0.5099999904632568,0.5099999904632568,500.0
2026-06-09 15:59:00,FUU.V,,0.14000000059604645,0.14499999582767487,0.14000000059604645,0.14499999582767487,10000.0
2026-06-09 15:59:00,GAL.V,,0.41499999165534973,0.41999998688697815,0.41499999165534973,0.41999998688697815,8000.0
2026-06-09 15:59:00,GGO.V,,1.0099999904632568,1.0199999809265137,1.0099999904632568,1.0199999809265137,23500.0
2026-06-09 15:59:00,GMV.V,,0.13500000536441803,0.13500000536441803,0.13500000536441803,0.13500000536441803,14500.0
2026-06-09 15:59:00,GPAC.V,,0.3799999952316284,0.3799999952316284,0.3799999952316284,0.3799999952316284,500.0
2026-06-09 15:59:00,GPH.V,,1.059999942779541,1.0700000524520874,1.059999942779541,1.0700000524520874,1500.0
2026-06-09 15:59:00,GQC.V,,0.949999988079071,0.949999988079071,0.9300000071525574,0.9399999976158142,5500.0
2026-06-09 15:59:00,GRF.V,,0.18000000715255737,0.18000000715255737,0.18000000715255737,0.18000000715255737,0.0
2026-06-09 15:59:00,GRZ.V,,6.900000095367432,6.900000095367432,6.78000020980835,6.78000020980835,200.0
2026-06-09 15:59:00,GSI.V,,1.1299999952316284,1.159999966621399,1.1299999952316284,1.1299999952316284,1100.0
2026-06-09 15:59:00,GSVR.V,,0.4650000035762787,0.4650000035762787,0.46000000834465027,0.4625000059604645,55936.0
2026-06-09 15:59:00,GWM.V,,0.5099999904632568,0.5099999904632568,0.5099999904632568,0.5099999904632568,12000.0
2026-06-09 15:59:00,HAN.V,,0.5,0.5,0.5,0.5,1000.0
2026-06-09 15:59:00,HHH.V,,5.050000190734863,5.050000190734863,5.050000190734863,5.050000190734863,100.0
2026-06-09 15:59:00,HITI.V,,3.2699999809265137,3.2699999809265137,3.2699999809265137,3.2699999809265137,400.0
2026-06-09 15:59:00,HME.V,,2.799999952316284,2.799999952316284,2.7799999713897705,2.7799999713897705,1200.0
2026-06-09 15:59:00,HMR.V,,0.7599999904632568,0.7599999904632568,0.7599999904632568,0.7599999904632568,500.0
2026-06-09 15:59:00,HSTR.V,,1.7000000476837158,1.7100000381469727,1.7000000476837158,1.7100000381469727,3320.0
2026-06-09 15:59:00,IFOS.V,,2.380000114440918,2.430000066757202,2.380000114440918,2.4000000953674316,4500.0
2026-06-09 15:59:00,ITR.V,,3.2799999713897705,3.2799999713897705,3.240000009536743,3.25,500.0
2026-06-09 15:59:00,JUGR.V,,0.9800000190734863,0.9800000190734863,0.9800000190734863,0.9800000190734863,700.0
2026-06-09 15:59:00,KIP.V,,0.23000000417232513,0.23000000417232513,0.23000000417232513,0.23000000417232513,500.0
2026-06-09 15:59:00,KTN.V,,1.340000033378601,1.340000033378601,1.340000033378601,1.340000033378601,551.0
2026-06-09 15:59:00,LCX.V,,1.690000057220459,1.7400000095367432,1.690000057220459,1.7000000476837158,3100.0
2026-06-09 15:59:00,LGN.V,,0.8999999761581421,0.9049999713897705,0.8999999761581421,0.8999999761581421,7000.0
2026-06-09 15:59:00,LIFT.V,,5.0,5.0,4.949999809265137,5.0,3800.0
2026-06-09 15:59:00,LIO.V,,0.13500000536441803,0.13500000536441803,0.13500000536441803,0.13500000536441803,1000.0
2026-06-09 15:59:00,LITH.V,,0.6499999761581421,0.6499999761581421,0.6499999761581421,0.6499999761581421,215500.0
2026-06-09 15:59:00,LMN.V,,22.5,22.56999969482422,22.5,22.56999969482422,1790.0
2026-06-09 15:59:00,LTH.V,,0.8450000286102295,0.8450000286102295,0.8450000286102295,0.8450000286102295,3500.0
2026-06-09 15:59:00,MGM.V,,2.7699999809265137,2.7699999809265137,2.7699999809265137,2.7699999809265137,400.0
2026-06-09 15:59:00,MKO.V,,10.039999961853027,10.0600004196167,10.010000228881836,10.029999732971191,2619.0
2026-06-09 15:59:00,MLP.V,,1.8799999952316284,1.8899999856948853,1.8799999952316284,1.8899999856948853,1300.0
2026-06-09 15:59:00,MTA.V,,9.4399995803833,9.4399995803833,9.40999984741211,9.40999984741211,200.0
2026-06-09 15:59:00,NURS.V,,4.070000171661377,4.079999923706055,4.070000171661377,4.079999923706055,200.0
2026-06-09 15:59:00,PNG.V,,7.130000114440918,7.150000095367432,7.070000171661377,7.135000228881836,15500.0
2026-06-09 15:59:00,TUF.V,,0.7200000286102295,0.7200000286102295,0.7200000286102295,0.7200000286102295,500.0
2026-06-09 15:59:00,ZNG.V,,0.8600000143051147,0.8600000143051147,0.8500000238418579,0.8600000143051147,2500.0
