Datetime,Ticker,Adj Close,Close,High,Low,Open,Volume
2026-08-20 09:30:00,BIG.V,,1.350000023841858,1.350000023841858,1.340000033378601,1.350000023841858,0.0
2026-08-20 09:30:00,EPF.V,,0.47999998927116394,0.47999998927116394,0.47999998927116394,0.47999998927116394,0.0
2026-08-20 09:30:00,FDR.V,,6.039999961853027,6.050000190734863,6.03000020980835,6.03000020980835,0.0
2026-08-20 09:30:00,FHYD.V,,0.35499998927116394,0.35499998927116394,0.35499998927116394,0.35499998927116394,0.0
2026-08-20 09:30:00,FL.V,,0.4300000071525574,0.4300000071525574,0.4300000071525574,0.4300000071525574,0.0
2026-08-20 09:30:00,FMAN.V,,0.39500001072883606,0.39500001072883606,0.39500001072883606,0.39500001072883606,0.0
2026-08-20 09:30:00,FMS.V,,0.46000000834465027,0.46000000834465027,0.46000000834465027,0.46000000834465027,0.0
2026-08-20 09:30:00,FOBI.V,,0.03999999910593033,0.04500000178813934,0.03999999910593033,0.04500000178813934,0.0
2026-08-20 09:30:00,FOR.V,,0.6800000071525574,0.6800000071525574,0.6800000071525574,0.6800000071525574,0.0
2026-08-20 09:30:00,FP.V,,0.8999999761581421,0.8999999761581421,0.8999999761581421,0.8999999761581421,0.0
2026-08-20 09:30:00,FRED.V,,0.6600000262260437,0.6600000262260437,0.6600000262260437,0.6600000262260437,0.0
2026-08-20 09:30:00,FREQ.V,,0.27000001072883606,0.27000001072883606,0.27000001072883606,0.27000001072883606,0.0
2026-08-20 09:30:00,FTEC.V,,0.02500000037252903,0.02500000037252903,0.02500000037252903,0.02500000037252903,0.0
2026-08-20 09:30:00,FUU.V,,0.14499999582767487,0.14499999582767487,0.14499999582767487,0.14499999582767487,0.0
2026-08-20 09:30:00,FWZ.V,,3.2799999713897705,3.2799999713897705,3.2799999713897705,3.2799999713897705,0.0
2026-08-20 09:30:00,FYL.V,,0.0949999988079071,0.0949999988079071,0.0949999988079071,0.0949999988079071,0.0
2026-08-20 09:30:00,GAL.V,,0.4699999988079071,0.47999998927116394,0.4699999988079071,0.47999998927116394,0.0
2026-08-20 09:30:00,GFG.V,,0.23000000417232513,0.23000000417232513,0.23000000417232513,0.23000000417232513,0.0
2026-08-20 09:30:00,GG.V,,3.049999952316284,3.049999952316284,3.049999952316284,3.049999952316284,0.0
2026-08-20 09:30:00,GGO.V,,1.159999966621399,1.1699999570846558,1.159999966621399,1.1699999570846558,0.0
2026-08-20 09:30:00,GLAD.V,,2.7799999713897705,2.7799999713897705,2.7799999713897705,2.7799999713897705,0.0
2026-08-20 09:30:00,GLB.V,,0.32499998807907104,0.32499998807907104,0.32499998807907104,0.32499998807907104,0.0
2026-08-20 09:30:00,GLD.V,,0.04500000178813934,0.04500000178813934,0.04500000178813934,0.04500000178813934,0.0
2026-08-20 09:30:00,GMA.V,,0.2549999952316284,0.2549999952316284,0.2549999952316284,0.2549999952316284,0.0
2026-08-20 09:30:00,GMG.V,,2.1500000953674316,2.1500000953674316,2.1500000953674316,2.1500000953674316,0.0
2026-08-20 09:30:00,GOT.V,,1.7400000095367432,1.7599999904632568,1.7400000095367432,1.7599999904632568,0.0
2026-08-20 09:30:00,GPAC.V,,0.33500000834465027,0.36500000953674316,0.33500000834465027,0.33500000834465027,0.0
2026-08-20 09:30:00,GPG.V,,0.4050000011920929,0.4050000011920929,0.4050000011920929,0.4050000011920929,0.0
2026-08-20 09:30:00,GPH.V,,0.949999988079071,0.949999988079071,0.9399999976158142,0.9399999976158142,0.0
2026-08-20 09:30:00,GQC.V,,0.9800000190734863,0.9800000190734863,0.9800000190734863,0.9800000190734863,0.0
2026-08-20 09:30:00,GRSL.V,,0.4099999964237213,0.4099999964237213,0.4099999964237213,0.4099999964237213,0.0
2026-08-20 09:30:00,GSI.V,,1.7000000476837158,1.7200000286102295,1.7000000476837158,1.7100000381469727,0.0
2026-08-20 09:30:00,GSP.V,,0.12999999523162842,0.12999999523162842,0.12999999523162842,0.12999999523162842,0.0
2026-08-20 09:30:00,GSR.V,,0.39500001072883606,0.39500001072883606,0.39500001072883606,0.39500001072883606,0.0
2026-08-20 09:30:00,GSTM.V,,0.20000000298023224,0.20000000298023224,0.20000000298023224,0.20000000298023224,0.0
2026-08-20 09:30:00,GSVR.V,,0.550000011920929,0.550000011920929,0.550000011920929,0.550000011920929,0.0
2026-08-20 09:30:00,GTC.V,,0.8899999856948853,0.8899999856948853,0.8899999856948853,0.8899999856948853,0.0
2026-08-20 09:30:00,GWM.V,,0.5899999737739563,0.6000000238418579,0.5899999737739563,0.6000000238418579,0.0
2026-08-20 09:30:00,HAN.V,,0.8299999833106995,0.8399999737739563,0.8299999833106995,0.8399999737739563,0.0
2026-08-20 09:30:00,HAWK.V,,0.029999999329447746,0.029999999329447746,0.029999999329447746,0.029999999329447746,0.0
2026-08-20 09:30:00,HELI.V,,0.029999999329447746,0.029999999329447746,0.029999999329447746,0.029999999329447746,0.0
2026-08-20 09:30:00,HITI.V,,3.4000000953674316,3.4000000953674316,3.4000000953674316,3.4000000953674316,0.0
2026-08-20 09:30:00,HME.V,,2.640000104904175,2.759999990463257,2.640000104904175,2.759999990463257,0.0
2026-08-20 09:30:00,HMR.V,,0.47999998927116394,0.47999998927116394,0.47999998927116394,0.47999998927116394,0.0
2026-08-20 09:30:00,HPQ.V,,0.15000000596046448,0.15000000596046448,0.15000000596046448,0.15000000596046448,0.0
2026-08-20 09:30:00,HSTR.V,,2.2799999713897705,2.299999952316284,2.2799999713897705,2.299999952316284,0.0
2026-08-20 09:30:00,ICM.V,,0.05000000074505806,0.05000000074505806,0.05000000074505806,0.05000000074505806,0.0
2026-08-20 09:30:00,IFOS.V,,2.259999990463257,2.259999990463257,2.259999990463257,2.259999990463257,0.0
2026-08-20 09:30:00,IGO.V,,0.14499999582767487,0.14499999582767487,0.14499999582767487,0.14499999582767487,0.0
2026-08-20 09:30:00,ILI.V,,0.014999999664723873,0.014999999664723873,0.014999999664723873,0.014999999664723873,0.0
2026-08-20 09:30:00,INTR.V,,0.8199999928474426,0.8199999928474426,0.8199999928474426,0.8199999928474426,0.0
2026-08-20 09:30:00,IPT.V,,0.28999999165534973,0.29499998688697815,0.28999999165534973,0.29499998688697815,0.0
2026-08-20 09:30:00,ITR.V,,3.799999952316284,3.799999952316284,3.799999952316284,3.799999952316284,0.0
2026-08-20 09:30:00,IVS.V,,0.2800000011920929,0.2800000011920929,0.2800000011920929,0.2800000011920929,0.0
2026-08-20 09:30:00,JUGR.V,,1.3799999952316284,1.3799999952316284,1.3799999952316284,1.3799999952316284,0.0
2026-08-20 09:30:00,JZR.V,,0.25999999046325684,0.25999999046325684,0.25999999046325684,0.25999999046325684,0.0
2026-08-20 09:30:00,KC.V,,0.2849999964237213,0.2849999964237213,0.2849999964237213,0.2849999964237213,0.0
2026-08-20 09:30:00,KDK.V,,0.800000011920929,0.800000011920929,0.800000011920929,0.800000011920929,0.0
2026-08-20 09:30:00,KFR.V,,1.3200000524520874,1.3200000524520874,1.3200000524520874,1.3200000524520874,0.0
2026-08-20 09:30:00,KG.V,,0.17000000178813934,0.17000000178813934,0.17000000178813934,0.17000000178813934,0.0
2026-08-20 09:30:00,KLD.V,,2.5,2.5,2.5,2.5,0.0
2026-08-20 09:30:00,KLDC.V,,0.2849999964237213,0.2849999964237213,0.2849999964237213,0.2849999964237213,0.0
2026-08-20 09:30:00,KNG.V,,1.1399999856948853,1.1399999856948853,1.1399999856948853,1.1399999856948853,0.0
2026-08-20 09:30:00,KRI.V,,0.24500000476837158,0.24500000476837158,0.24500000476837158,0.24500000476837158,0.0
2026-08-20 09:30:00,KRY.V,,3.5999999046325684,3.5999999046325684,3.5999999046325684,3.5999999046325684,0.0
2026-08-20 09:30:00,KS.V,,0.15000000596046448,0.15000000596046448,0.15000000596046448,0.15000000596046448,0.0
2026-08-20 09:30:00,KTN.V,,1.350000023841858,1.350000023841858,1.3200000524520874,1.3300000429153442,0.0
2026-08-20 09:30:00,KTO.V,,0.8999999761581421,0.8999999761581421,0.8999999761581421,0.8999999761581421,0.0
2026-08-20 09:30:00,LA.V,,13.210000038146973,13.210000038146973,13.210000038146973,13.210000038146973,0.0
2026-08-20 09:30:00,LAB.V,,0.054999999701976776,0.054999999701976776,0.054999999701976776,0.054999999701976776,0.0
2026-08-20 09:30:00,LCX.V,,1.75,1.75,1.75,1.75,0.0
2026-08-20 09:30:00,LEM.V,,0.26499998569488525,0.26499998569488525,0.26499998569488525,0.26499998569488525,0.0
2026-08-20 09:30:00,LFST.V,,0.05999999865889549,0.05999999865889549,0.05999999865889549,0.05999999865889549,0.0
2026-08-20 09:30:00,LG.V,,0.38999998569488525,0.4000000059604645,0.38999998569488525,0.4000000059604645,0.0
2026-08-20 09:30:00,LGC.V,,3.130000114440918,3.130000114440918,3.0199999809265137,3.0199999809265137,0.0
2026-08-20 09:30:00,LIFT.V,,2.6600000858306885,2.680000066757202,2.6500000953674316,2.6600000858306885,0.0
2026-08-20 09:30:00,LIO.V,,0.1599999964237213,0.1599999964237213,0.1550000011920929,0.1599999964237213,0.0
2026-08-20 09:30:00,LITH.V,,0.41499999165534973,0.41999998688697815,0.41499999165534973,0.41999998688697815,0.0
2026-08-20 09:30:00,LME.V,,0.12999999523162842,0.12999999523162842,0.12999999523162842,0.12999999523162842,0.0
2026-08-20 09:30:00,LMN.V,,25.1299991607666,25.139999389648438,25.1299991607666,25.1299991607666,0.0
2026-08-20 09:30:00,LMR.V,,0.11999999731779099,0.11999999731779099,0.11999999731779099,0.11999999731779099,0.0
2026-08-20 09:30:00,LPS.V,,0.23999999463558197,0.23999999463558197,0.23999999463558197,0.23999999463558197,0.0
2026-08-20 09:30:00,LQWD.V,,0.7300000190734863,0.7300000190734863,0.7300000190734863,0.7300000190734863,0.0
2026-08-20 09:30:00,LRA.V,,4.320000171661377,4.320000171661377,4.320000171661377,4.320000171661377,0.0
2026-08-20 09:30:00,LSL.V,,0.36000001430511475,0.36000001430511475,0.36000001430511475,0.36000001430511475,0.0
2026-08-20 09:30:00,LSTR.V,,0.06499999761581421,0.06499999761581421,0.06499999761581421,0.06499999761581421,0.0
2026-08-20 09:30:00,LTH.V,,0.5899999737739563,0.5899999737739563,0.5899999737739563,0.5899999737739563,0.0
2026-08-20 09:30:00,LUCA.V,,1.0,1.0,1.0,1.0,0.0
2026-08-20 09:30:00,LVG.V,,0.29499998688697815,0.29499998688697815,0.29499998688697815,0.29499998688697815,0.0
2026-08-20 09:30:00,LVX.V,,0.5400000214576721,0.5400000214576721,0.5400000214576721,0.5400000214576721,0.0
2026-08-20 09:30:00,MAH.V,,0.17000000178813934,0.17000000178813934,0.17000000178813934,0.17000000178813934,0.0
2026-08-20 09:30:00,MASS.V,,0.07500000298023224,0.07500000298023224,0.07500000298023224,0.07500000298023224,0.0
2026-08-20 09:30:00,MEK.V,,0.05000000074505806,0.05000000074505806,0.05000000074505806,0.05000000074505806,0.0
2026-08-20 09:30:00,MFG.V,,4.099999904632568,4.119999885559082,4.099999904632568,4.099999904632568,0.0
2026-08-20 09:30:00,MGM.V,,2.8299999237060547,2.8299999237060547,2.809999942779541,2.809999942779541,0.0
2026-08-20 09:30:00,MJS.V,,0.10000000149011612,0.10000000149011612,0.10000000149011612,0.10000000149011612,0.0
2026-08-20 09:30:00,MKO.V,,14.319999694824219,14.329999923706055,14.3100004196167,14.329999923706055,0.0
2026-08-20 09:30:00,MKR.V,,0.11999999731779099,0.12999999523162842,0.11999999731779099,0.12999999523162842,0.0
2026-08-20 09:30:00,MLP.V,,2.799999952316284,2.799999952316284,2.7300000190734863,2.75,0.0
2026-08-20 09:30:00,MMA.V,,0.6399999856948853,0.6399999856948853,0.6399999856948853,0.6399999856948853,0.0
2026-08-20 09:30:00,MRVL.V,,0.1550000011920929,0.1550000011920929,0.1550000011920929,0.1550000011920929,0.0
2026-08-20 09:30:00,MSC.V,,0.014999999664723873,0.014999999664723873,0.014999999664723873,0.014999999664723873,0.0
2026-08-20 09:30:00,MTA.V,,14.949999809265137,14.949999809265137,14.949999809265137,14.949999809265137,0.0
2026-08-20 09:30:00,MTLO.V,,0.009999999776482582,0.009999999776482582,0.009999999776482582,0.009999999776482582,0.0
2026-08-20 09:30:00,NURS.V,,4.099999904632568,4.099999904632568,4.099999904632568,4.099999904632568,0.0
2026-08-20 09:30:00,PNG.V,,5.920000076293945,5.980000019073486,5.920000076293945,5.980000019073486,0.0
2026-08-20 09:30:00,TUF.V,,0.7200000286102295,0.7300000190734863,0.7200000286102295,0.7300000190734863,0.0
2026-08-20 09:30:00,YGT.V,,0.1899999976158142,0.1899999976158142,0.1899999976158142,0.1899999976158142,0.0
2026-08-20 09:30:00,ZNG.V,,0.800000011920929,0.8199999928474426,0.7799999713897705,0.8199999928474426,0.0
2026-08-20 09:31:00,GAL.V,,0.47999998927116394,0.47999998927116394,0.4749999940395355,0.4749999940395355,22500.0
2026-08-20 09:31:00,GMG.V,,2.1500000953674316,2.1500000953674316,2.1500000953674316,2.1500000953674316,10300.0
2026-08-20 09:31:00,GQC.V,,0.9900000095367432,0.9900000095367432,0.9900000095367432,0.9900000095367432,1000.0
2026-08-20 09:31:00,GRZ.V,,6.300000190734863,6.440000057220459,6.300000190734863,6.440000057220459,0.0
2026-08-20 09:31:00,HME.V,,2.7100000381469727,2.7100000381469727,2.7100000381469727,2.7100000381469727,200.0
2026-08-20 09:31:00,HMR.V,,0.4749999940395355,0.4749999940395355,0.4749999940395355,0.4749999940395355,1000.0
2026-08-20 09:31:00,HSTR.V,,2.259999990463257,2.2799999713897705,2.259999990463257,2.2799999713897705,7511.0
2026-08-20 09:31:00,IEI.V,,4.75,4.75,4.75,4.75,0.0
2026-08-20 09:31:00,IVS.V,,0.2800000011920929,0.2800000011920929,0.2800000011920929,0.2800000011920929,4000.0
2026-08-20 09:31:00,JUGR.V,,1.3899999856948853,1.3899999856948853,1.3899999856948853,1.3899999856948853,3800.0
2026-08-20 09:31:00,KLDC.V,,0.2800000011920929,0.2800000011920929,0.2800000011920929,0.2800000011920929,27394.0
2026-08-20 09:31:00,KNG.V,,1.149999976158142,1.149999976158142,1.149999976158142,1.149999976158142,100.0
2026-08-20 09:31:00,KRY.V,,3.4700000286102295,3.609999895095825,3.4700000286102295,3.5399999618530273,2500.0
2026-08-20 09:31:00,LCX.V,,1.7999999523162842,1.7999999523162842,1.7699999809265137,1.7899999618530273,40200.0
2026-08-20 09:31:00,LIO.V,,0.1599999964237213,0.1599999964237213,0.1599999964237213,0.1599999964237213,10000.0
2026-08-20 09:31:00,LMN.V,,25.270000457763672,25.270000457763672,25.270000457763672,25.270000457763672,100.0
2026-08-20 09:31:00,LRA.V,,4.329999923706055,4.329999923706055,4.329999923706055,4.329999923706055,422.0
2026-08-20 09:31:00,MJS.V,,0.10000000149011612,0.10000000149011612,0.10000000149011612,0.10000000149011612,130000.0
2026-08-20 09:31:00,MLP.V,,2.799999952316284,2.799999952316284,2.799999952316284,2.799999952316284,800.0
2026-08-20 09:31:00,MMG.V,,0.23499999940395355,0.23499999940395355,0.23499999940395355,0.23499999940395355,0.0
2026-08-20 09:31:00,MTA.V,,15.020000457763672,15.020000457763672,15.0,15.0,2784.0
2026-08-20 09:31:00,PNG.V,,5.929999828338623,5.949999809265137,5.900000095367432,5.900000095367432,13324.0
2026-08-20 09:31:00,TUF.V,,0.7200000286102295,0.7200000286102295,0.7200000286102295,0.7200000286102295,750.0
2026-08-20 09:32:00,BIG.V,,1.3350000381469727,1.3350000381469727,1.3300000429153442,1.3300000429153442,2020.0
2026-08-20 09:32:00,FDR.V,,6.03000020980835,6.03000020980835,6.019999980926514,6.019999980926514,1900.0
2026-08-20 09:32:00,FMS.V,,0.44999998807907104,0.44999998807907104,0.44999998807907104,0.44999998807907104,17592.0
2026-08-20 09:32:00,GAL.V,,0.4950000047683716,0.4950000047683716,0.48500001430511475,0.48500001430511475,26300.0
2026-08-20 09:32:00,GGO.V,,1.1399999856948853,1.149999976158142,1.1399999856948853,1.149999976158142,49827.0
2026-08-20 09:32:00,GPAC.V,,0.33000001311302185,0.33000001311302185,0.33000001311302185,0.33000001311302185,500.0
2026-08-20 09:32:00,GRSL.V,,0.41499999165534973,0.41499999165534973,0.41499999165534973,0.41499999165534973,4500.0
2026-08-20 09:32:00,GSVR.V,,0.5299999713897705,0.5400000214576721,0.5299999713897705,0.5400000214576721,117700.0
2026-08-20 09:32:00,HME.V,,2.700000047683716,2.700000047683716,2.690000057220459,2.690000057220459,37100.0
2026-08-20 09:32:00,HMR.V,,0.4699999988079071,0.4699999988079071,0.4699999988079071,0.4699999988079071,4000.0
2026-08-20 09:32:00,HSTR.V,,2.25,2.259999990463257,2.25,2.259999990463257,4300.0
2026-08-20 09:32:00,IVS.V,,0.2800000011920929,0.2800000011920929,0.2800000011920929,0.2800000011920929,2000.0
2026-08-20 09:32:00,KDA.V,,0.08500000089406967,0.08500000089406967,0.07999999821186066,0.07999999821186066,0.0
2026-08-20 09:32:00,LG.V,,0.38999998569488525,0.38999998569488525,0.38999998569488525,0.38999998569488525,10300.0
2026-08-20 09:32:00,LMN.V,,25.270000457763672,25.270000457763672,25.270000457763672,25.270000457763672,100.0
2026-08-20 09:32:00,LUCA.V,,1.0,1.0,1.0,1.0,100.0
2026-08-20 09:32:00,MDX.V,,0.054999999701976776,0.054999999701976776,0.054999999701976776,0.054999999701976776,0.0
2026-08-20 09:32:00,MFG.V,,4.090000152587891,4.090000152587891,4.090000152587891,4.090000152587891,2170.0
2026-08-20 09:32:00,MJS.V,,0.10000000149011612,0.10000000149011612,0.10000000149011612,0.10000000149011612,32000.0
2026-08-20 09:32:00,MLP.V,,2.7699999809265137,2.7799999713897705,2.7699999809265137,2.7799999713897705,1600.0
2026-08-20 09:32:00,MRVL.V,,0.16500000655651093,0.16500000655651093,0.16500000655651093,0.16500000655651093,5000.0
2026-08-20 09:32:00,PNG.V,,5.940000057220459,5.96999979019165,5.940000057220459,5.96999979019165,7100.0
2026-08-20 09:32:00,TUF.V,,0.7200000286102295,0.7200000286102295,0.7200000286102295,0.7200000286102295,3500.0
2026-08-20 09:33:00,FDR.V,,6.034999847412109,6.039999961853027,6.03000020980835,6.039999961853027,1200.0
2026-08-20 09:33:00,FMAN.V,,0.4000000059604645,0.4000000059604645,0.4000000059604645,0.4000000059604645,9359.0
2026-08-20 09:33:00,GAL.V,,0.5,0.5,0.49000000953674316,0.49000000953674316,133500.0
2026-08-20 09:33:00,GSVR.V,,0.5400000214576721,0.5400000214576721,0.5400000214576721,0.5400000214576721,10500.0
2026-08-20 09:33:00,GWM.V,,0.6000000238418579,0.6000000238418579,0.6000000238418579,0.6000000238418579,500.0
2026-08-20 09:33:00,HITI.V,,3.4000000953674316,3.4000000953674316,3.4000000953674316,3.4000000953674316,5500.0
2026-08-20 09:33:00,IPT.V,,0.29499998688697815,0.29499998688697815,0.29499998688697815,0.29499998688697815,500.0
2026-08-20 09:33:00,ITR.V,,3.8399999141693115,3.8399999141693115,3.8399999141693115,3.8399999141693115,100.0
2026-08-20 09:33:00,IVS.V,,0.2800000011920929,0.2800000011920929,0.2800000011920929,0.2800000011920929,2000.0
2026-08-20 09:33:00,KNG.V,,1.149999976158142,1.149999976158142,1.149999976158142,1.149999976158142,1400.0
2026-08-20 09:33:00,LIO.V,,0.16500000655651093,0.16500000655651093,0.1599999964237213,0.1599999964237213,16000.0
2026-08-20 09:33:00,LMN.V,,25.270000457763672,25.270000457763672,25.170000076293945,25.170000076293945,500.0
2026-08-20 09:33:00,MMG.V,,0.22499999403953552,0.23499999940395355,0.22499999403953552,0.23499999940395355,60500.0
2026-08-20 09:33:00,PNG.V,,5.940000057220459,5.940000057220459,5.940000057220459,5.940000057220459,200.0
2026-08-20 09:33:00,TUF.V,,0.7200000286102295,0.7300000190734863,0.7200000286102295,0.7200000286102295,136000.0
2026-08-20 09:34:00,FDR.V,,6.034999847412109,6.034999847412109,6.034999847412109,6.034999847412109,1000.0
2026-08-20 09:34:00,FOBI.V,,0.03999999910593033,0.03999999910593033,0.03999999910593033,0.03999999910593033,651000.0
2026-08-20 09:34:00,GOT.V,,1.75,1.75,1.75,1.75,100.0
2026-08-20 09:34:00,GPAC.V,,0.35499998927116394,0.35499998927116394,0.35499998927116394,0.35499998927116394,5000.0
2026-08-20 09:34:00,GSI.V,,1.7000000476837158,1.7000000476837158,1.7000000476837158,1.7000000476837158,3000.0
2026-08-20 09:34:00,HSTR.V,,2.25,2.25,2.25,2.25,400.0
2026-08-20 09:34:00,ITR.V,,3.8499999046325684,3.8499999046325684,3.8499999046325684,3.8499999046325684,100.0
2026-08-20 09:34:00,IVS.V,,0.2800000011920929,0.2800000011920929,0.2800000011920929,0.2800000011920929,2000.0
2026-08-20 09:34:00,JEV.V,,0.1899999976158142,0.1899999976158142,0.1899999976158142,0.1899999976158142,0.0
2026-08-20 09:34:00,KNG.V,,1.149999976158142,1.149999976158142,1.149999976158142,1.149999976158142,3000.0
2026-08-20 09:34:00,KTN.V,,1.340000033378601,1.340000033378601,1.340000033378601,1.340000033378601,200.0
2026-08-20 09:34:00,LQWD.V,,0.75,0.75,0.75,0.75,3000.0
2026-08-20 09:34:00,MTA.V,,15.1899995803833,15.1899995803833,15.1899995803833,15.1899995803833,260.0
2026-08-20 09:34:00,NURS.V,,4.070000171661377,4.099999904632568,4.070000171661377,4.099999904632568,600.0
2026-08-20 09:34:00,PNG.V,,5.949999809265137,5.949999809265137,5.949999809265137,5.949999809265137,100.0
2026-08-20 09:34:00,TUF.V,,0.7250000238418579,0.7250000238418579,0.7200000286102295,0.7200000286102295,4391.0
2026-08-20 09:35:00,FDR.V,,6.050000190734863,6.050000190734863,6.039999961853027,6.050000190734863,23300.0
2026-08-20 09:35:00,FOBI.V,,0.03999999910593033,0.03999999910593033,0.03999999910593033,0.03999999910593033,59100.0
2026-08-20 09:35:00,FWZ.V,,3.299999952316284,3.299999952316284,3.299999952316284,3.299999952316284,2600.0
2026-08-20 09:35:00,GGO.V,,1.1399999856948853,1.1399999856948853,1.1349999904632568,1.1349999904632568,7000.0
2026-08-20 09:35:00,GOT.V,,1.75,1.75,1.75,1.75,700.0
2026-08-20 09:35:00,GQC.V,,0.9800000190734863,0.9900000095367432,0.9800000190734863,0.9900000095367432,8500.0
2026-08-20 09:35:00,GSI.V,,1.690000057220459,1.7000000476837158,1.690000057220459,1.7000000476837158,650.0
2026-08-20 09:35:00,GSS.V,,0.02500000037252903,0.02500000037252903,0.02500000037252903,0.02500000037252903,0.0
2026-08-20 09:35:00,GSVR.V,,0.550000011920929,0.550000011920929,0.5400000214576721,0.5400000214576721,70000.0
2026-08-20 09:35:00,GWM.V,,0.6000000238418579,0.6000000238418579,0.6000000238418579,0.6000000238418579,500.0
2026-08-20 09:35:00,HITI.V,,3.369999885559082,3.4000000953674316,3.369999885559082,3.4000000953674316,2500.0
2026-08-20 09:35:00,HSTR.V,,2.25,2.25,2.25,2.25,200.0
2026-08-20 09:35:00,IGO.V,,0.14499999582767487,0.14499999582767487,0.14499999582767487,0.14499999582767487,3500.0
2026-08-20 09:35:00,IRO.V,,1.0800000429153442,1.0800000429153442,1.0800000429153442,1.0800000429153442,0.0
2026-08-20 09:35:00,ITR.V,,3.869999885559082,3.869999885559082,3.869999885559082,3.869999885559082,48000.0
2026-08-20 09:35:00,IVS.V,,0.2800000011920929,0.2800000011920929,0.2800000011920929,0.2800000011920929,2000.0
2026-08-20 09:35:00,KDA.V,,0.08500000089406967,0.08500000089406967,0.08500000089406967,0.08500000089406967,8000.0
2026-08-20 09:35:00,KLDC.V,,0.2800000011920929,0.2800000011920929,0.2800000011920929,0.2800000011920929,4500.0
2026-08-20 09:35:00,LIO.V,,0.16500000655651093,0.16500000655651093,0.16500000655651093,0.16500000655651093,136000.0
2026-08-20 09:35:00,LITH.V,,0.41999998688697815,0.41999998688697815,0.41999998688697815,0.41999998688697815,7000.0
2026-08-20 09:35:00,LMN.V,,25.270000457763672,25.270000457763672,25.270000457763672,25.270000457763672,200.0
2026-08-20 09:35:00,MMA.V,,0.6600000262260437,0.6600000262260437,0.6600000262260437,0.6600000262260437,2550.0
2026-08-20 09:35:00,PNG.V,,5.960000038146973,5.960000038146973,5.920000076293945,5.960000038146973,14500.0
2026-08-20 09:35:00,TUF.V,,0.7200000286102295,0.7300000190734863,0.7200000286102295,0.7250000238418579,208500.0
2026-08-20 09:36:00,FDR.V,,6.050000190734863,6.050000190734863,6.039999961853027,6.039999961853027,7000.0
2026-08-20 09:36:00,FMS.V,,0.44999998807907104,0.44999998807907104,0.44999998807907104,0.44999998807907104,2000.0
2026-08-20 09:36:00,FTEC.V,,0.02500000037252903,0.02500000037252903,0.02500000037252903,0.02500000037252903,25000.0
2026-08-20 09:36:00,GGO.V,,1.1299999952316284,1.1299999952316284,1.1299999952316284,1.1299999952316284,500.0
2026-08-20 09:36:00,GOT.V,,1.75,1.75,1.75,1.75,300.0
2026-08-20 09:36:00,GQC.V,,0.9800000190734863,0.9800000190734863,0.9800000190734863,0.9800000190734863,11000.0
2026-08-20 09:36:00,GRDM.V,,0.14499999582767487,0.14499999582767487,0.14499999582767487,0.14499999582767487,0.0
2026-08-20 09:36:00,GSR.V,,0.38999998569488525,0.38999998569488525,0.38999998569488525,0.38999998569488525,10000.0
2026-08-20 09:36:00,IPT.V,,0.29499998688697815,0.29499998688697815,0.29499998688697815,0.29499998688697815,10500.0
2026-08-20 09:36:00,ITR.V,,3.890000104904175,3.890000104904175,3.890000104904175,3.890000104904175,1900.0
2026-08-20 09:36:00,IVS.V,,0.2800000011920929,0.2800000011920929,0.2800000011920929,0.2800000011920929,1000.0
2026-08-20 09:36:00,KTN.V,,1.3450000286102295,1.350000023841858,1.340000033378601,1.340000033378601,5600.0
2026-08-20 09:36:00,KTO.V,,0.8899999856948853,0.8899999856948853,0.8899999856948853,0.8899999856948853,22612.0
2026-08-20 09:36:00,LIO.V,,0.16500000655651093,0.16500000655651093,0.16500000655651093,0.16500000655651093,6000.0
2026-08-20 09:36:00,LITH.V,,0.41999998688697815,0.41999998688697815,0.41999998688697815,0.41999998688697815,54000.0
2026-08-20 09:36:00,LMN.V,,25.149999618530273,25.219999313354492,25.149999618530273,25.219999313354492,500.0
2026-08-20 09:36:00,LVX.V,,0.5299999713897705,0.5299999713897705,0.5299999713897705,0.5299999713897705,30000.0
2026-08-20 09:36:00,MKO.V,,14.180000305175781,14.350000381469727,14.170000076293945,14.3100004196167,7400.0
2026-08-20 09:36:00,MMG.V,,0.23499999940395355,0.23499999940395355,0.23499999940395355,0.23499999940395355,25490.0
2026-08-20 09:36:00,PNG.V,,5.949999809265137,5.960000038146973,5.949999809265137,5.949999809265137,1800.0
2026-08-20 09:36:00,TUF.V,,0.7300000190734863,0.7300000190734863,0.7300000190734863,0.7300000190734863,11500.0
2026-08-20 09:37:00,BIG.V,,1.340000033378601,1.340000033378601,1.340000033378601,1.340000033378601,2100.0
2026-08-20 09:37:00,GMG.V,,2.109999895095825,2.109999895095825,2.109999895095825,2.109999895095825,3200.0
2026-08-20 09:37:00,GOT.V,,1.75,1.75,1.75,1.75,1100.0
2026-08-20 09:37:00,ITR.V,,3.880000114440918,3.880000114440918,3.880000114440918,3.880000114440918,100.0
2026-08-20 09:37:00,KLDC.V,,0.2800000011920929,0.2800000011920929,0.2800000011920929,0.2800000011920929,40000.0
2026-08-20 09:37:00,KTN.V,,1.340000033378601,1.340000033378601,1.340000033378601,1.340000033378601,1500.0
2026-08-20 09:37:00,LA.V,,13.199999809265137,13.199999809265137,13.199999809265137,13.199999809265137,100.0
2026-08-20 09:37:00,LCX.V,,1.7999999523162842,1.7999999523162842,1.7999999523162842,1.7999999523162842,29200.0
2026-08-20 09:37:00,LIO.V,,0.16500000655651093,0.16500000655651093,0.16500000655651093,0.16500000655651093,5000.0
2026-08-20 09:37:00,LMN.V,,25.049999237060547,25.18000030517578,25.049999237060547,25.149999618530273,15322.0
2026-08-20 09:37:00,LUCA.V,,1.0099999904632568,1.0099999904632568,1.0099999904632568,1.0099999904632568,3200.0
2026-08-20 09:37:00,MTA.V,,15.319999694824219,15.319999694824219,15.319999694824219,15.319999694824219,110.0
2026-08-20 09:37:00,PNG.V,,5.96999979019165,5.96999979019165,5.96999979019165,5.96999979019165,100.0
2026-08-20 09:37:00,TUF.V,,0.7300000190734863,0.7300000190734863,0.7300000190734863,0.7300000190734863,3500.0
2026-08-20 09:38:00,FDR.V,,6.039999961853027,6.039999961853027,6.039999961853027,6.039999961853027,100.0
2026-08-20 09:38:00,GOT.V,,1.7400000095367432,1.7400000095367432,1.7400000095367432,1.7400000095367432,4283.0
2026-08-20 09:38:00,GRSL.V,,0.41999998688697815,0.41999998688697815,0.41999998688697815,0.41999998688697815,29303.0
2026-08-20 09:38:00,GSR.V,,0.38999998569488525,0.38999998569488525,0.38999998569488525,0.38999998569488525,11000.0
2026-08-20 09:38:00,GSVR.V,,0.550000011920929,0.550000011920929,0.550000011920929,0.550000011920929,1500.0
2026-08-20 09:38:00,GWM.V,,0.6000000238418579,0.6000000238418579,0.6000000238418579,0.6000000238418579,1000.0
2026-08-20 09:38:00,HPQ.V,,0.15000000596046448,0.15000000596046448,0.15000000596046448,0.15000000596046448,315700.0
2026-08-20 09:38:00,ICM.V,,0.054999999701976776,0.054999999701976776,0.054999999701976776,0.054999999701976776,1000.0
2026-08-20 09:38:00,IOT.V,,0.07500000298023224,0.07500000298023224,0.07500000298023224,0.07500000298023224,0.0
2026-08-20 09:38:00,ITR.V,,3.880000114440918,3.880000114440918,3.880000114440918,3.880000114440918,100.0
2026-08-20 09:38:00,KTO.V,,0.8799999952316284,0.8799999952316284,0.8799999952316284,0.8799999952316284,3509.0
2026-08-20 09:38:00,LCX.V,,1.809999942779541,1.809999942779541,1.809999942779541,1.809999942779541,1500.0
2026-08-20 09:38:00,LMN.V,,24.969999313354492,25.010000228881836,24.969999313354492,25.010000228881836,600.0
2026-08-20 09:38:00,LUCA.V,,1.0099999904632568,1.0099999904632568,1.0099999904632568,1.0099999904632568,1100.0
2026-08-20 09:38:00,LVG.V,,0.29499998688697815,0.29499998688697815,0.29499998688697815,0.29499998688697815,16500.0
2026-08-20 09:38:00,MFG.V,,4.0,4.019999980926514,4.0,4.019999980926514,800.0
2026-08-20 09:38:00,MJS.V,,0.10000000149011612,0.10000000149011612,0.10000000149011612,0.10000000149011612,68000.0
2026-08-20 09:38:00,MKO.V,,14.170000076293945,14.260000228881836,14.170000076293945,14.260000228881836,2300.0
2026-08-20 09:38:00,ZNG.V,,0.7900000214576721,0.7900000214576721,0.7900000214576721,0.7900000214576721,60000.0
2026-08-20 09:39:00,BIG.V,,1.350000023841858,1.350000023841858,1.350000023841858,1.350000023841858,17310.0
2026-08-20 09:39:00,FDR.V,,6.050000190734863,6.050000190734863,6.039999961853027,6.050000190734863,8000.0
2026-08-20 09:39:00,FWZ.V,,3.2799999713897705,3.2899999618530273,3.2799999713897705,3.2899999618530273,810.0
2026-08-20 09:39:00,GLAD.V,,2.8299999237060547,2.8299999237060547,2.8299999237060547,2.8299999237060547,100.0
2026-08-20 09:39:00,GOT.V,,1.7300000190734863,1.7400000095367432,1.7300000190734863,1.7400000095367432,500.0
2026-08-20 09:39:00,GRSL.V,,0.42500001192092896,0.42500001192092896,0.42500001192092896,0.42500001192092896,3632.0
2026-08-20 09:39:00,GSVR.V,,0.550000011920929,0.550000011920929,0.550000011920929,0.550000011920929,500.0
2026-08-20 09:39:00,HME.V,,2.7200000286102295,2.7200000286102295,2.7200000286102295,2.7200000286102295,600.0
2026-08-20 09:39:00,HSTR.V,,2.25,2.25,2.25,2.25,4000.0
2026-08-20 09:39:00,IGO.V,,0.14499999582767487,0.14499999582767487,0.14499999582767487,0.14499999582767487,35000.0
2026-08-20 09:39:00,ITR.V,,3.890000104904175,3.890000104904175,3.890000104904175,3.890000104904175,500.0
2026-08-20 09:39:00,KLDC.V,,0.2800000011920929,0.2800000011920929,0.2800000011920929,0.2800000011920929,20500.0
2026-08-20 09:39:00,KTN.V,,1.340000033378601,1.3450000286102295,1.340000033378601,1.3450000286102295,5300.0
2026-08-20 09:39:00,LIO.V,,0.17000000178813934,0.17000000178813934,0.17000000178813934,0.17000000178813934,13000.0
2026-08-20 09:39:00,LMN.V,,24.989999771118164,24.989999771118164,24.989999771118164,24.989999771118164,210.0
2026-08-20 09:39:00,LPS.V,,0.23999999463558197,0.23999999463558197,0.23999999463558197,0.23999999463558197,4815.0
2026-08-20 09:39:00,LQWD.V,,0.7599999904632568,0.7599999904632568,0.75,0.75,7000.0
2026-08-20 09:39:00,LUCA.V,,1.0099999904632568,1.0099999904632568,1.0099999904632568,1.0099999904632568,7000.0
2026-08-20 09:39:00,MFG.V,,4.090000152587891,4.090000152587891,4.070000171661377,4.079999923706055,100.0
2026-08-20 09:39:00,PNG.V,,5.980000019073486,5.980000019073486,5.96999979019165,5.96999979019165,800.0
2026-08-20 09:39:00,TUF.V,,0.7250000238418579,0.7250000238418579,0.7250000238418579,0.7250000238418579,500.0
2026-08-20 09:40:00,FAIR.V,,0.05999999865889549,0.05999999865889549,0.05999999865889549,0.05999999865889549,0.0
2026-08-20 09:40:00,FDR.V,,6.050000190734863,6.050000190734863,6.050000190734863,6.050000190734863,100.0
2026-08-20 09:40:00,FMS.V,,0.44999998807907104,0.44999998807907104,0.44999998807907104,0.44999998807907104,10694.0
2026-08-20 09:40:00,GOT.V,,1.7300000190734863,1.7300000190734863,1.7300000190734863,1.7300000190734863,2300.0
2026-08-20 09:40:00,GRSL.V,,0.41999998688697815,0.42500001192092896,0.41999998688697815,0.42500001192092896,23000.0
2026-08-20 09:40:00,GSVR.V,,0.550000011920929,0.550000011920929,0.550000011920929,0.550000011920929,2086.0
2026-08-20 09:40:00,HSTR.V,,2.244999885559082,2.244999885559082,2.244999885559082,2.244999885559082,500.0
2026-08-20 09:40:00,KFR.V,,1.2999999523162842,1.2999999523162842,1.2999999523162842,1.2999999523162842,752.0
2026-08-20 09:40:00,KLDC.V,,0.2800000011920929,0.2800000011920929,0.2800000011920929,0.2800000011920929,9500.0
2026-08-20 09:40:00,LCX.V,,1.7999999523162842,1.8049999475479126,1.7999999523162842,1.8049999475479126,12900.0
2026-08-20 09:40:00,LIO.V,,0.17000000178813934,0.17000000178813934,0.17000000178813934,0.17000000178813934,10500.0
2026-08-20 09:40:00,LMN.V,,24.899999618530273,24.90999984741211,24.899999618530273,24.90999984741211,300.0
2026-08-20 09:40:00,MKO.V,,14.170000076293945,14.180000305175781,14.170000076293945,14.180000305175781,300.0
2026-08-20 09:40:00,MLP.V,,2.7799999713897705,2.7799999713897705,2.7799999713897705,2.7799999713897705,1200.0
2026-08-20 09:40:00,PNG.V,,5.960000038146973,5.960000038146973,5.960000038146973,5.960000038146973,100.0
2026-08-20 09:41:00,BIG.V,,1.350000023841858,1.3550000190734863,1.350000023841858,1.350000023841858,15700.0
2026-08-20 09:41:00,FAIR.V,,0.05999999865889549,0.05999999865889549,0.05999999865889549,0.05999999865889549,171100.0
2026-08-20 09:41:00,FDR.V,,6.050000190734863,6.050000190734863,6.050000190734863,6.050000190734863,7600.0
2026-08-20 09:41:00,GOT.V,,1.7300000190734863,1.7300000190734863,1.7200000286102295,1.7300000190734863,700.0
2026-08-20 09:41:00,HITI.V,,3.390000104904175,3.390000104904175,3.390000104904175,3.390000104904175,100.0
2026-08-20 09:41:00,IPT.V,,0.30000001192092896,0.30000001192092896,0.30000001192092896,0.30000001192092896,5000.0
2026-08-20 09:41:00,ITR.V,,3.859999895095825,3.859999895095825,3.859999895095825,3.859999895095825,200.0
2026-08-20 09:41:00,KDK.V,,0.800000011920929,0.800000011920929,0.800000011920929,0.800000011920929,2500.0
2026-08-20 09:41:00,LMN.V,,24.90999984741211,24.90999984741211,24.899999618530273,24.899999618530273,600.0
2026-08-20 09:41:00,MD.V,,0.4000000059604645,0.4000000059604645,0.4000000059604645,0.4000000059604645,0.0
2026-08-20 09:41:00,MLP.V,,2.799999952316284,2.799999952316284,2.7899999618530273,2.7899999618530273,1600.0
2026-08-20 09:41:00,MTA.V,,15.300000190734863,15.350000381469727,15.289999961853027,15.300000190734863,7100.0
2026-08-20 09:41:00,PNG.V,,5.960000038146973,5.980000019073486,5.960000038146973,5.96999979019165,2600.0
2026-08-20 09:41:00,TUF.V,,0.7250000238418579,0.7250000238418579,0.7250000238418579,0.7250000238418579,1500.0
2026-08-20 09:42:00,BIG.V,,1.340000033378601,1.350000023841858,1.340000033378601,1.350000023841858,14855.0
2026-08-20 09:42:00,FAIR.V,,0.05999999865889549,0.05999999865889549,0.05999999865889549,0.05999999865889549,7000.0
2026-08-20 09:42:00,FDR.V,,6.050000190734863,6.050000190734863,6.050000190734863,6.050000190734863,300.0
2026-08-20 09:42:00,FWZ.V,,3.259999990463257,3.259999990463257,3.259999990463257,3.259999990463257,100.0
2026-08-20 09:42:00,GPAC.V,,0.35499998927116394,0.35499998927116394,0.35499998927116394,0.35499998927116394,5000.0
2026-08-20 09:42:00,GSVR.V,,0.550000011920929,0.550000011920929,0.550000011920929,0.550000011920929,38223.0
2026-08-20 09:42:00,LIO.V,,0.17000000178813934,0.17000000178813934,0.17000000178813934,0.17000000178813934,12000.0
2026-08-20 09:42:00,LMN.V,,24.90999984741211,24.90999984741211,24.90999984741211,24.90999984741211,100.0
2026-08-20 09:42:00,MKR.V,,0.12999999523162842,0.12999999523162842,0.12999999523162842,0.12999999523162842,7500.0
2026-08-20 09:42:00,MMA.V,,0.6399999856948853,0.6399999856948853,0.6399999856948853,0.6399999856948853,21550.0
2026-08-20 09:42:00,MTA.V,,15.3100004196167,15.34000015258789,15.300000190734863,15.3100004196167,2600.0
2026-08-20 09:42:00,PNG.V,,5.949999809265137,5.949999809265137,5.940000057220459,5.949999809265137,25800.0
2026-08-20 09:42:00,TUF.V,,0.7300000190734863,0.7300000190734863,0.7250000238418579,0.7300000190734863,7500.0
2026-08-20 09:42:00,ZNG.V,,0.800000011920929,0.800000011920929,0.800000011920929,0.800000011920929,500.0
2026-08-20 09:43:00,FDR.V,,6.039999961853027,6.039999961853027,6.039999961853027,6.039999961853027,3700.0
2026-08-20 09:43:00,GOT.V,,1.7350000143051147,1.7350000143051147,1.7350000143051147,1.7350000143051147,500.0
2026-08-20 09:43:00,GSVR.V,,0.550000011920929,0.550000011920929,0.550000011920929,0.550000011920929,500.0
2026-08-20 09:43:00,HSTR.V,,2.259999990463257,2.259999990463257,2.244999885559082,2.244999885559082,1400.0
2026-08-20 09:43:00,IFOS.V,,2.2799999713897705,2.2799999713897705,2.2799999713897705,2.2799999713897705,2900.0
2026-08-20 09:43:00,LIO.V,,0.17000000178813934,0.17000000178813934,0.17000000178813934,0.17000000178813934,138450.0
2026-08-20 09:43:00,LMN.V,,24.969999313354492,25.0,24.969999313354492,24.979999542236328,800.0
2026-08-20 09:43:00,LUCA.V,,1.0,1.0,1.0,1.0,11299.0
2026-08-20 09:43:00,MGM.V,,2.7699999809265137,2.7699999809265137,2.7699999809265137,2.7699999809265137,1700.0
2026-08-20 09:43:00,MKR.V,,0.12999999523162842,0.12999999523162842,0.12999999523162842,0.12999999523162842,14000.0
2026-08-20 09:43:00,ZNG.V,,0.8100000023841858,0.8100000023841858,0.8100000023841858,0.8100000023841858,500.0
2026-08-20 09:44:00,BIG.V,,1.340000033378601,1.340000033378601,1.340000033378601,1.340000033378601,1800.0
2026-08-20 09:44:00,FDR.V,,6.010000228881836,6.014999866485596,6.010000228881836,6.014999866485596,2000.0
2026-08-20 09:44:00,FWZ.V,,3.25,3.25,3.25,3.25,300.0
2026-08-20 09:44:00,GLDN.V,,0.05999999865889549,0.05999999865889549,0.05999999865889549,0.05999999865889549,0.0
2026-08-20 09:44:00,GMG.V,,2.130000114440918,2.130000114440918,2.130000114440918,2.130000114440918,2000.0
2026-08-20 09:44:00,GOT.V,,1.7300000190734863,1.7300000190734863,1.7300000190734863,1.7300000190734863,1100.0
2026-08-20 09:44:00,JUGR.V,,1.3799999952316284,1.3799999952316284,1.3799999952316284,1.3799999952316284,3000.0
2026-08-20 09:44:00,LUCA.V,,1.0,1.0,1.0,1.0,1000.0
2026-08-20 09:44:00,MGM.V,,2.7799999713897705,2.7799999713897705,2.7799999713897705,2.7799999713897705,2000.0
2026-08-20 09:44:00,MKR.V,,0.12999999523162842,0.12999999523162842,0.12999999523162842,0.12999999523162842,17500.0
2026-08-20 09:44:00,MTA.V,,15.350000381469727,15.350000381469727,15.350000381469727,15.350000381469727,800.0
2026-08-20 09:45:00,BIG.V,,1.350000023841858,1.350000023841858,1.350000023841858,1.350000023841858,6900.0
2026-08-20 09:45:00,FIN.V,,0.07999999821186066,0.07999999821186066,0.07999999821186066,0.07999999821186066,0.0
2026-08-20 09:45:00,FWZ.V,,3.2100000381469727,3.2200000286102295,3.2100000381469727,3.2200000286102295,2370.0
2026-08-20 09:45:00,GLDN.V,,0.05999999865889549,0.05999999865889549,0.05999999865889549,0.05999999865889549,50000.0
2026-08-20 09:45:00,GOT.V,,1.7300000190734863,1.7300000190734863,1.7300000190734863,1.7300000190734863,1200.0
2026-08-20 09:45:00,GRG.V,,0.10499999672174454,0.10499999672174454,0.10499999672174454,0.10499999672174454,0.0
2026-08-20 09:45:00,GSVR.V,,0.550000011920929,0.550000011920929,0.550000011920929,0.550000011920929,3085.0
2026-08-20 09:45:00,HAM.V,,5.949999809265137,5.949999809265137,5.940000057220459,5.949999809265137,0.0
2026-08-20 09:45:00,HME.V,,2.7300000190734863,2.7300000190734863,2.7300000190734863,2.7300000190734863,100.0
2026-08-20 09:45:00,IPT.V,,0.29499998688697815,0.29499998688697815,0.29499998688697815,0.29499998688697815,1300.0
2026-08-20 09:45:00,ITR.V,,3.880000114440918,3.880000114440918,3.880000114440918,3.880000114440918,100.0
2026-08-20 09:45:00,LCX.V,,1.7999999523162842,1.7999999523162842,1.7999999523162842,1.7999999523162842,6100.0
2026-08-20 09:45:00,LIO.V,,0.17499999701976776,0.17499999701976776,0.17499999701976776,0.17499999701976776,15000.0
2026-08-20 09:45:00,LMN.V,,24.959999084472656,25.079999923706055,24.959999084472656,25.049999237060547,500.0
2026-08-20 09:45:00,LUCA.V,,0.9900000095367432,0.9900000095367432,0.9900000095367432,0.9900000095367432,1500.0
2026-08-20 09:45:00,MGM.V,,2.7699999809265137,2.7699999809265137,2.7699999809265137,2.7699999809265137,968.0
2026-08-20 09:45:00,MKO.V,,14.180000305175781,14.180000305175781,14.180000305175781,14.180000305175781,100.0
2026-08-20 09:45:00,MMG.V,,0.23499999940395355,0.23499999940395355,0.23499999940395355,0.23499999940395355,2000.0
2026-08-20 09:45:00,PNG.V,,5.980000019073486,5.989999771118164,5.954999923706055,5.954999923706055,8810.0
2026-08-20 09:45:00,TUF.V,,0.7250000238418579,0.7250000238418579,0.7250000238418579,0.7250000238418579,1500.0
2026-08-20 09:46:00,FWZ.V,,3.259999990463257,3.259999990463257,3.25,3.25,2600.0
2026-08-20 09:46:00,GRSL.V,,0.42500001192092896,0.42500001192092896,0.42500001192092896,0.42500001192092896,7000.0
2026-08-20 09:46:00,GSVR.V,,0.550000011920929,0.550000011920929,0.550000011920929,0.550000011920929,1000.0
2026-08-20 09:46:00,HAM.V,,5.989999771118164,5.989999771118164,5.989999771118164,5.989999771118164,100.0
2026-08-20 09:46:00,IPT.V,,0.28999999165534973,0.28999999165534973,0.28999999165534973,0.28999999165534973,22000.0
2026-08-20 09:46:00,JUGR.V,,1.3700000047683716,1.3700000047683716,1.3700000047683716,1.3700000047683716,2000.0
2026-08-20 09:46:00,LCX.V,,1.7999999523162842,1.7999999523162842,1.7999999523162842,1.7999999523162842,10200.0
2026-08-20 09:46:00,LGC.V,,3.2300000190734863,3.2300000190734863,3.2300000190734863,3.2300000190734863,600.0
2026-08-20 09:46:00,MKR.V,,0.12999999523162842,0.12999999523162842,0.12999999523162842,0.12999999523162842,7500.0
2026-08-20 09:46:00,MTA.V,,15.270000457763672,15.270000457763672,15.270000457763672,15.270000457763672,300.0
2026-08-20 09:46:00,PNG.V,,5.989999771118164,6.0,5.989999771118164,5.989999771118164,3390.0
2026-08-20 09:46:00,TUF.V,,0.7250000238418579,0.7250000238418579,0.7250000238418579,0.7250000238418579,6000.0
2026-08-20 09:47:00,FDR.V,,6.0,6.0,6.0,6.0,600.0
2026-08-20 09:47:00,FWZ.V,,3.259999990463257,3.259999990463257,3.259999990463257,3.259999990463257,280.0
2026-08-20 09:47:00,GOT.V,,1.7400000095367432,1.7400000095367432,1.7300000190734863,1.7400000095367432,3900.0
2026-08-20 09:47:00,GSVR.V,,0.550000011920929,0.550000011920929,0.550000011920929,0.550000011920929,2500.0
2026-08-20 09:47:00,HITI.V,,3.380000114440918,3.380000114440918,3.380000114440918,3.380000114440918,100.0
2026-08-20 09:47:00,HME.V,,2.7300000190734863,2.7300000190734863,2.7300000190734863,2.7300000190734863,100.0
2026-08-20 09:47:00,HSTR.V,,2.25,2.25,2.25,2.25,4000.0
2026-08-20 09:47:00,HVG.V,,0.05000000074505806,0.05000000074505806,0.05000000074505806,0.05000000074505806,0.0
2026-08-20 09:47:00,ITR.V,,3.859999895095825,3.859999895095825,3.859999895095825,3.859999895095825,200.0
2026-08-20 09:47:00,LCX.V,,1.7999999523162842,1.7999999523162842,1.7999999523162842,1.7999999523162842,100.0
2026-08-20 09:47:00,LIFT.V,,2.5999999046325684,2.619999885559082,2.5999999046325684,2.619999885559082,2301.0
2026-08-20 09:47:00,LVG.V,,0.29499998688697815,0.29499998688697815,0.29499998688697815,0.29499998688697815,6500.0
2026-08-20 09:47:00,MKO.V,,14.170000076293945,14.170000076293945,14.170000076293945,14.170000076293945,100.0
2026-08-20 09:47:00,MLP.V,,2.809999942779541,2.819999933242798,2.809999942779541,2.809999942779541,1200.0
2026-08-20 09:47:00,PNG.V,,5.989999771118164,5.989999771118164,5.989999771118164,5.989999771118164,500.0
2026-08-20 09:48:00,FDR.V,,5.989999771118164,5.989999771118164,5.989999771118164,5.989999771118164,200.0
2026-08-20 09:48:00,FWZ.V,,3.25,3.25,3.25,3.25,3400.0
2026-08-20 09:48:00,GAL.V,,0.5099999904632568,0.5099999904632568,0.5099999904632568,0.5099999904632568,1139.0
2026-08-20 09:48:00,GOT.V,,1.7300000190734863,1.7300000190734863,1.7300000190734863,1.7300000190734863,12600.0
2026-08-20 09:48:00,GRSL.V,,0.42500001192092896,0.42500001192092896,0.42500001192092896,0.42500001192092896,6838.0
2026-08-20 09:48:00,GSVR.V,,0.5550000071525574,0.5550000071525574,0.5550000071525574,0.5550000071525574,2595.0
2026-08-20 09:48:00,HAM.V,,6.0,6.0,6.0,6.0,4000.0
2026-08-20 09:48:00,HMR.V,,0.4699999988079071,0.4699999988079071,0.4699999988079071,0.4699999988079071,1000.0
2026-08-20 09:48:00,HPL.V,,0.33500000834465027,0.33500000834465027,0.33500000834465027,0.33500000834465027,0.0
2026-08-20 09:48:00,HSTR.V,,2.25,2.25,2.25,2.25,4400.0
2026-08-20 09:48:00,IPT.V,,0.29499998688697815,0.29499998688697815,0.29499998688697815,0.29499998688697815,8000.0
2026-08-20 09:48:00,LCX.V,,1.7999999523162842,1.7999999523162842,1.7999999523162842,1.7999999523162842,100.0
2026-08-20 09:48:00,LIO.V,,0.17499999701976776,0.17499999701976776,0.17499999701976776,0.17499999701976776,75000.0
2026-08-20 09:48:00,LMN.V,,25.0,25.0,24.959999084472656,24.959999084472656,700.0
2026-08-20 09:48:00,LUCA.V,,0.9950000047683716,0.9950000047683716,0.9950000047683716,0.9950000047683716,3000.0
2026-08-20 09:48:00,MLP.V,,2.799999952316284,2.809999942779541,2.799999952316284,2.809999942779541,6800.0
2026-08-20 09:48:00,MTA.V,,15.229999542236328,15.229999542236328,15.229999542236328,15.229999542236328,100.0
2026-08-20 09:48:00,PNG.V,,6.0,6.0,5.989999771118164,5.989999771118164,4334.0
2026-08-20 09:49:00,BIG.V,,1.350000023841858,1.350000023841858,1.350000023841858,1.350000023841858,4700.0
2026-08-20 09:49:00,FDR.V,,6.010000228881836,6.010000228881836,6.0,6.0,400.0
2026-08-20 09:49:00,FWZ.V,,3.259999990463257,3.259999990463257,3.259999990463257,3.259999990463257,900.0
2026-08-20 09:49:00,GGO.V,,1.1299999952316284,1.1299999952316284,1.125,1.1299999952316284,200.0
2026-08-20 09:49:00,GSVR.V,,0.5550000071525574,0.5550000071525574,0.5550000071525574,0.5550000071525574,500.0
2026-08-20 09:49:00,HME.V,,2.7249999046325684,2.7249999046325684,2.7249999046325684,2.7249999046325684,200.0
2026-08-20 09:49:00,HPQ.V,,0.15000000596046448,0.15000000596046448,0.15000000596046448,0.15000000596046448,50100.0
2026-08-20 09:49:00,HSTR.V,,2.255000114440918,2.255000114440918,2.255000114440918,2.255000114440918,400.0
2026-08-20 09:49:00,IGO.V,,0.15000000596046448,0.15000000596046448,0.15000000596046448,0.15000000596046448,1500.0
2026-08-20 09:49:00,ITR.V,,3.859999895095825,3.859999895095825,3.859999895095825,3.859999895095825,200.0
2026-08-20 09:49:00,LCX.V,,1.7999999523162842,1.7999999523162842,1.7999999523162842,1.7999999523162842,100.0
2026-08-20 09:49:00,LIO.V,,0.17499999701976776,0.17499999701976776,0.17499999701976776,0.17499999701976776,31500.0
2026-08-20 09:49:00,MERG.V,,0.8399999737739563,0.8700000047683716,0.8399999737739563,0.8700000047683716,0.0
2026-08-20 09:49:00,MKO.V,,14.15999984741211,14.15999984741211,14.140000343322754,14.140000343322754,500.0
2026-08-20 09:49:00,MTT.V,,0.1550000011920929,0.1550000011920929,0.1550000011920929,0.1550000011920929,0.0
2026-08-20 09:49:00,PNG.V,,5.980000019073486,5.980000019073486,5.980000019073486,5.980000019073486,1400.0
2026-08-20 09:50:00,BIG.V,,1.340000033378601,1.340000033378601,1.340000033378601,1.340000033378601,1000.0
2026-08-20 09:50:00,FDR.V,,5.96999979019165,6.010000228881836,5.96999979019165,6.010000228881836,1100.0
2026-08-20 09:50:00,FWZ.V,,3.259999990463257,3.259999990463257,3.259999990463257,3.259999990463257,100.0
2026-08-20 09:50:00,GOT.V,,1.7300000190734863,1.7300000190734863,1.7300000190734863,1.7300000190734863,900.0
2026-08-20 09:50:00,GRSL.V,,0.41999998688697815,0.41999998688697815,0.41999998688697815,0.41999998688697815,4000.0
2026-08-20 09:50:00,GSVR.V,,0.5550000071525574,0.5550000071525574,0.5550000071525574,0.5550000071525574,500.0
2026-08-20 09:50:00,GWM.V,,0.5899999737739563,0.5899999737739563,0.5899999737739563,0.5899999737739563,500.0
2026-08-20 09:50:00,HME.V,,2.7200000286102295,2.7200000286102295,2.7200000286102295,2.7200000286102295,400.0
2026-08-20 09:50:00,HPQ.V,,0.15000000596046448,0.15000000596046448,0.15000000596046448,0.15000000596046448,6000.0
2026-08-20 09:50:00,HSTR.V,,2.25,2.25,2.25,2.25,4434.0
2026-08-20 09:50:00,ITR.V,,3.8499999046325684,3.8499999046325684,3.8499999046325684,3.8499999046325684,300.0
2026-08-20 09:50:00,LCX.V,,1.7999999523162842,1.7999999523162842,1.7999999523162842,1.7999999523162842,100.0
2026-08-20 09:50:00,LUCA.V,,1.0,1.0,1.0,1.0,1000.0
2026-08-20 09:50:00,MJS.V,,0.10000000149011612,0.10000000149011612,0.10000000149011612,0.10000000149011612,7500.0
2026-08-20 09:50:00,MLP.V,,2.7899999618530273,2.7899999618530273,2.7899999618530273,2.7899999618530273,100.0
2026-08-20 09:50:00,MMG.V,,0.23499999940395355,0.23499999940395355,0.23499999940395355,0.23499999940395355,8500.0
2026-08-20 09:50:00,MTA.V,,15.300000190734863,15.369999885559082,15.279999732971191,15.350000381469727,3300.0
2026-08-20 09:50:00,TUF.V,,0.7200000286102295,0.7200000286102295,0.7200000286102295,0.7200000286102295,19960.0
2026-08-20 09:51:00,FDR.V,,5.989999771118164,5.989999771118164,5.96999979019165,5.96999979019165,700.0
2026-08-20 09:51:00,GAL.V,,0.5099999904632568,0.5099999904632568,0.5099999904632568,0.5099999904632568,1211.0
2026-08-20 09:51:00,GOT.V,,1.7300000190734863,1.7300000190734863,1.7300000190734863,1.7300000190734863,3300.0
2026-08-20 09:51:00,GWM.V,,0.5899999737739563,0.5899999737739563,0.5849999785423279,0.5899999737739563,1500.0
2026-08-20 09:51:00,HSTR.V,,2.244999885559082,2.244999885559082,2.244999885559082,2.244999885559082,200.0
2026-08-20 09:51:00,ITR.V,,3.8399999141693115,3.8399999141693115,3.8399999141693115,3.8399999141693115,52400.0
2026-08-20 09:51:00,KFR.V,,1.2799999713897705,1.2799999713897705,1.2799999713897705,1.2799999713897705,3300.0
2026-08-20 09:51:00,LCX.V,,1.7999999523162842,1.7999999523162842,1.7999999523162842,1.7999999523162842,200.0
2026-08-20 09:51:00,MKO.V,,14.15999984741211,14.15999984741211,14.15999984741211,14.15999984741211,200.0
2026-08-20 09:51:00,MLP.V,,2.7899999618530273,2.7899999618530273,2.7799999713897705,2.7899999618530273,6300.0
2026-08-20 09:51:00,MTA.V,,15.380000114440918,15.380000114440918,15.305000305175781,15.3100004196167,4600.0
2026-08-20 09:51:00,PNG.V,,5.96999979019165,5.989999771118164,5.960000038146973,5.989999771118164,6360.0
2026-08-20 09:52:00,BIG.V,,1.340000033378601,1.340000033378601,1.340000033378601,1.340000033378601,10700.0
2026-08-20 09:52:00,GOT.V,,1.7200000286102295,1.7200000286102295,1.7200000286102295,1.7200000286102295,300.0
2026-08-20 09:52:00,GWM.V,,0.5899999737739563,0.5899999737739563,0.5849999785423279,0.5849999785423279,5500.0
2026-08-20 09:52:00,HITI.V,,3.359999895095825,3.369999885559082,3.359999895095825,3.369999885559082,400.0
2026-08-20 09:52:00,HME.V,,2.740000009536743,2.740000009536743,2.7300000190734863,2.7300000190734863,2500.0
2026-08-20 09:52:00,HPQ.V,,0.15000000596046448,0.15000000596046448,0.15000000596046448,0.15000000596046448,4000.0
2026-08-20 09:52:00,ITR.V,,3.8450000286102295,3.8499999046325684,3.8450000286102295,3.8499999046325684,1100.0
2026-08-20 09:52:00,JUGR.V,,1.3700000047683716,1.3700000047683716,1.3700000047683716,1.3700000047683716,100.0
2026-08-20 09:52:00,KTN.V,,1.3300000429153442,1.3300000429153442,1.3300000429153442,1.3300000429153442,1000.0
2026-08-20 09:52:00,LCX.V,,1.809999942779541,1.809999942779541,1.809999942779541,1.809999942779541,3900.0
2026-08-20 09:52:00,LEM.V,,0.26499998569488525,0.26499998569488525,0.26499998569488525,0.26499998569488525,14500.0
2026-08-20 09:52:00,LGC.V,,3.2300000190734863,3.2300000190734863,3.2300000190734863,3.2300000190734863,500.0
2026-08-20 09:52:00,LIO.V,,0.17000000178813934,0.17000000178813934,0.17000000178813934,0.17000000178813934,11000.0
2026-08-20 09:52:00,LMN.V,,24.93000030517578,24.93000030517578,24.8799991607666,24.8799991607666,500.0
2026-08-20 09:52:00,LVG.V,,0.29499998688697815,0.29499998688697815,0.29499998688697815,0.29499998688697815,3500.0
2026-08-20 09:52:00,MDX.V,,0.054999999701976776,0.054999999701976776,0.054999999701976776,0.054999999701976776,5000.0
2026-08-20 09:52:00,MKO.V,,14.140000343322754,14.15999984741211,14.140000343322754,14.15999984741211,200.0
2026-08-20 09:52:00,MLP.V,,2.799999952316284,2.799999952316284,2.7899999618530273,2.7899999618530273,1100.0
2026-08-20 09:52:00,PNG.V,,5.960000038146973,5.960000038146973,5.960000038146973,5.960000038146973,2100.0
2026-08-20 09:53:00,FMAN.V,,0.4000000059604645,0.4000000059604645,0.4000000059604645,0.4000000059604645,2500.0
2026-08-20 09:53:00,FOBI.V,,0.03999999910593033,0.03999999910593033,0.03999999910593033,0.03999999910593033,16074.0
2026-08-20 09:53:00,FYL.V,,0.0949999988079071,0.0949999988079071,0.0949999988079071,0.0949999988079071,53000.0
2026-08-20 09:53:00,GLAD.V,,2.799999952316284,2.799999952316284,2.799999952316284,2.799999952316284,100.0
2026-08-20 09:53:00,GMA.V,,0.23499999940395355,0.24500000476837158,0.23499999940395355,0.24500000476837158,50900.0
2026-08-20 09:53:00,GSI.V,,1.690000057220459,1.7000000476837158,1.690000057220459,1.690000057220459,2000.0
2026-08-20 09:53:00,GSR.V,,0.38999998569488525,0.38999998569488525,0.38999998569488525,0.38999998569488525,3000.0
2026-08-20 09:53:00,GSVR.V,,0.5550000071525574,0.5550000071525574,0.5550000071525574,0.5550000071525574,6000.0
2026-08-20 09:53:00,HAM.V,,6.019999980926514,6.050000190734863,6.019999980926514,6.050000190734863,1300.0
2026-08-20 09:53:00,HME.V,,2.740000009536743,2.740000009536743,2.740000009536743,2.740000009536743,1600.0
2026-08-20 09:53:00,HPQ.V,,0.15000000596046448,0.15000000596046448,0.15000000596046448,0.15000000596046448,5500.0
2026-08-20 09:53:00,ITR.V,,3.8299999237060547,3.8399999141693115,3.8299999237060547,3.8399999141693115,600.0
2026-08-20 09:53:00,JUGR.V,,1.3700000047683716,1.3700000047683716,1.3700000047683716,1.3700000047683716,4200.0
2026-08-20 09:53:00,KNG.V,,1.1200000047683716,1.1200000047683716,1.1200000047683716,1.1200000047683716,1000.0
2026-08-20 09:53:00,LCX.V,,1.809999942779541,1.809999942779541,1.809999942779541,1.809999942779541,100.0
2026-08-20 09:53:00,LEM.V,,0.26499998569488525,0.26499998569488525,0.26499998569488525,0.26499998569488525,1500.0
2026-08-20 09:53:00,LUCA.V,,1.0,1.0,1.0,1.0,85200.0
2026-08-20 09:53:00,MLP.V,,2.799999952316284,2.799999952316284,2.799999952316284,2.799999952316284,3000.0
2026-08-20 09:53:00,MTA.V,,15.380000114440918,15.380000114440918,15.359999656677246,15.359999656677246,1718.0
2026-08-20 09:54:00,FWZ.V,,3.240000009536743,3.240000009536743,3.240000009536743,3.240000009536743,3000.0
2026-08-20 09:54:00,GMA.V,,0.24500000476837158,0.24500000476837158,0.24500000476837158,0.24500000476837158,500.0
2026-08-20 09:54:00,GOT.V,,1.7200000286102295,1.7200000286102295,1.7200000286102295,1.7200000286102295,500.0
2026-08-20 09:54:00,GSVR.V,,0.5550000071525574,0.5550000071525574,0.5550000071525574,0.5550000071525574,500.0
2026-08-20 09:54:00,HAM.V,,6.019999980926514,6.019999980926514,6.019999980926514,6.019999980926514,3900.0
2026-08-20 09:54:00,HME.V,,2.740000009536743,2.740000009536743,2.740000009536743,2.740000009536743,100.0
2026-08-20 09:54:00,HSTR.V,,2.259999990463257,2.259999990463257,2.240000009536743,2.240000009536743,5800.0
2026-08-20 09:54:00,KFR.V,,1.2699999809265137,1.2699999809265137,1.2699999809265137,1.2699999809265137,1700.0
2026-08-20 09:54:00,LCX.V,,1.7999999523162842,1.7999999523162842,1.7999999523162842,1.7999999523162842,6700.0
2026-08-20 09:54:00,LIO.V,,0.17000000178813934,0.17000000178813934,0.17000000178813934,0.17000000178813934,9500.0
2026-08-20 09:54:00,LMN.V,,24.8700008392334,24.8700008392334,24.8700008392334,24.8700008392334,100.0
2026-08-20 09:54:00,MJS.V,,0.10000000149011612,0.10000000149011612,0.10000000149011612,0.10000000149011612,84500.0
2026-08-20 09:54:00,MKO.V,,14.15999984741211,14.15999984741211,14.15999984741211,14.15999984741211,300.0
2026-08-20 09:54:00,NURS.V,,4.070000171661377,4.070000171661377,4.070000171661377,4.070000171661377,100.0
2026-08-20 09:54:00,PNG.V,,5.949999809265137,5.949999809265137,5.949999809265137,5.949999809265137,3668.0
2026-08-20 09:54:00,TUF.V,,0.7099999785423279,0.7099999785423279,0.7099999785423279,0.7099999785423279,154050.0
2026-08-20 09:54:00,ZNG.V,,0.7900000214576721,0.8100000023841858,0.7900000214576721,0.8100000023841858,21700.0
2026-08-20 09:55:00,FDR.V,,5.980000019073486,5.980000019073486,5.96999979019165,5.980000019073486,400.0
2026-08-20 09:55:00,GOT.V,,1.7200000286102295,1.7200000286102295,1.7200000286102295,1.7200000286102295,1500.0
2026-08-20 09:55:00,GSI.V,,1.690000057220459,1.690000057220459,1.690000057220459,1.690000057220459,1300.0
2026-08-20 09:55:00,GWM.V,,0.5899999737739563,0.5899999737739563,0.5849999785423279,0.5849999785423279,4000.0
2026-08-20 09:55:00,ITR.V,,3.8299999237060547,3.8299999237060547,3.8299999237060547,3.8299999237060547,200.0
2026-08-20 09:55:00,KLDC.V,,0.2800000011920929,0.2800000011920929,0.2800000011920929,0.2800000011920929,2500.0
2026-08-20 09:55:00,KNG.V,,1.1200000047683716,1.1200000047683716,1.1200000047683716,1.1200000047683716,800.0
2026-08-20 09:55:00,LMN.V,,24.780000686645508,24.84000015258789,24.780000686645508,24.799999237060547,1000.0
2026-08-20 09:55:00,LUCA.V,,0.9900000095367432,0.9900000095367432,0.9900000095367432,0.9900000095367432,100.0
2026-08-20 09:55:00,MJS.V,,0.10000000149011612,0.10000000149011612,0.10000000149011612,0.10000000149011612,2500.0
2026-08-20 09:55:00,MKR.V,,0.12999999523162842,0.12999999523162842,0.12999999523162842,0.12999999523162842,9000.0
2026-08-20 09:55:00,MLP.V,,2.819999933242798,2.819999933242798,2.809999942779541,2.809999942779541,1400.0
2026-08-20 09:55:00,MTA.V,,15.359999656677246,15.359999656677246,15.359999656677246,15.359999656677246,100.0
2026-08-20 09:55:00,NURS.V,,4.079999923706055,4.079999923706055,4.079999923706055,4.079999923706055,100.0
2026-08-20 09:55:00,PNG.V,,5.949999809265137,5.960000038146973,5.949999809265137,5.960000038146973,4100.0
2026-08-20 09:56:00,FDR.V,,5.96999979019165,5.96999979019165,5.96999979019165,5.96999979019165,100.0
2026-08-20 09:56:00,FMAN.V,,0.4000000059604645,0.4000000059604645,0.4000000059604645,0.4000000059604645,5000.0
2026-08-20 09:56:00,FOR.V,,0.699999988079071,0.699999988079071,0.6899999976158142,0.6899999976158142,13500.0
2026-08-20 09:56:00,FWZ.V,,3.2300000190734863,3.240000009536743,3.2300000190734863,3.240000009536743,500.0
2026-08-20 09:56:00,GAL.V,,0.5099999904632568,0.5099999904632568,0.5099999904632568,0.5099999904632568,5234.0
2026-08-20 09:56:00,GOT.V,,1.7200000286102295,1.7200000286102295,1.7200000286102295,1.7200000286102295,100.0
2026-08-20 09:56:00,GRSL.V,,0.41999998688697815,0.42250001430511475,0.41999998688697815,0.42250001430511475,75000.0
2026-08-20 09:56:00,GSI.V,,1.7000000476837158,1.7000000476837158,1.690000057220459,1.690000057220459,2700.0
2026-08-20 09:56:00,GSR.V,,0.38499999046325684,0.38499999046325684,0.38499999046325684,0.38499999046325684,7000.0
2026-08-20 09:56:00,GSVR.V,,0.5550000071525574,0.5550000071525574,0.5550000071525574,0.5550000071525574,5190.0
2026-08-20 09:56:00,HSTR.V,,2.2699999809265137,2.2699999809265137,2.259999990463257,2.259999990463257,5500.0
2026-08-20 09:56:00,KFR.V,,1.2699999809265137,1.2699999809265137,1.2699999809265137,1.2699999809265137,2500.0
2026-08-20 09:56:00,LMN.V,,24.729999542236328,24.729999542236328,24.729999542236328,24.729999542236328,105.0
2026-08-20 09:56:00,MKO.V,,14.109999656677246,14.109999656677246,14.100000381469727,14.109999656677246,500.0
2026-08-20 09:56:00,MLP.V,,2.8299999237060547,2.8399999141693115,2.8299999237060547,2.8399999141693115,1559.0
2026-08-20 09:56:00,MTA.V,,15.3100004196167,15.3100004196167,15.3100004196167,15.3100004196167,100.0
2026-08-20 09:56:00,NURS.V,,4.079999923706055,4.079999923706055,4.079999923706055,4.079999923706055,300.0
2026-08-20 09:56:00,PNG.V,,5.940000057220459,5.945000171661377,5.940000057220459,5.945000171661377,1000.0
2026-08-20 09:57:00,FDR.V,,5.960000038146973,5.960000038146973,5.949999809265137,5.949999809265137,2300.0
2026-08-20 09:57:00,FWZ.V,,3.200000047683716,3.200000047683716,3.200000047683716,3.200000047683716,8160.0
2026-08-20 09:57:00,GAL.V,,0.5099999904632568,0.5099999904632568,0.5099999904632568,0.5099999904632568,9500.0
2026-08-20 09:57:00,GG.V,,2.950000047683716,2.950000047683716,2.950000047683716,2.950000047683716,340.0
2026-08-20 09:57:00,GLAD.V,,2.7850000858306885,2.7850000858306885,2.7850000858306885,2.7850000858306885,100.0
2026-08-20 09:57:00,GMA.V,,0.25,0.25,0.25,0.25,500.0
2026-08-20 09:57:00,GOOD.V,,0.18000000715255737,0.18000000715255737,0.18000000715255737,0.18000000715255737,0.0
2026-08-20 09:57:00,GOT.V,,1.7200000286102295,1.7200000286102295,1.7200000286102295,1.7200000286102295,400.0
2026-08-20 09:57:00,GRSL.V,,0.42250001430511475,0.42250001430511475,0.42250001430511475,0.42250001430511475,13000.0
2026-08-20 09:57:00,HITI.V,,3.369999885559082,3.369999885559082,3.369999885559082,3.369999885559082,1300.0
2026-08-20 09:57:00,ITR.V,,3.819999933242798,3.819999933242798,3.819999933242798,3.819999933242798,100.0
2026-08-20 09:57:00,LIO.V,,0.17000000178813934,0.17000000178813934,0.17000000178813934,0.17000000178813934,10000.0
2026-08-20 09:57:00,LRA.V,,4.349999904632568,4.349999904632568,4.349999904632568,4.349999904632568,500.0
2026-08-20 09:57:00,LUCA.V,,1.0,1.0,1.0,1.0,63000.0
2026-08-20 09:57:00,MFG.V,,4.079999923706055,4.079999923706055,4.079999923706055,4.079999923706055,900.0
2026-08-20 09:57:00,MGM.V,,2.799999952316284,2.799999952316284,2.799999952316284,2.799999952316284,1000.0
2026-08-20 09:57:00,MIM.V,,0.15000000596046448,0.15000000596046448,0.15000000596046448,0.15000000596046448,0.0
2026-08-20 09:57:00,MKO.V,,14.079999923706055,14.079999923706055,14.050000190734863,14.079999923706055,600.0
2026-08-20 09:57:00,MLP.V,,2.8399999141693115,2.8499999046325684,2.8399999141693115,2.8399999141693115,5800.0
2026-08-20 09:57:00,TUF.V,,0.699999988079071,0.699999988079071,0.699999988079071,0.699999988079071,14500.0
2026-08-20 09:58:00,BIG.V,,1.340000033378601,1.340000033378601,1.340000033378601,1.340000033378601,1100.0
2026-08-20 09:58:00,GSVR.V,,0.5550000071525574,0.5550000071525574,0.5550000071525574,0.5550000071525574,3500.0
2026-08-20 09:58:00,HSTR.V,,2.2699999809265137,2.2699999809265137,2.259999990463257,2.259999990463257,900.0
2026-08-20 09:58:00,ITR.V,,3.8299999237060547,3.8299999237060547,3.8299999237060547,3.8299999237060547,800.0
2026-08-20 09:58:00,KTN.V,,1.3300000429153442,1.3300000429153442,1.3300000429153442,1.3300000429153442,400.0
2026-08-20 09:58:00,LCX.V,,1.7999999523162842,1.7999999523162842,1.7999999523162842,1.7999999523162842,100.0
2026-08-20 09:58:00,PNG.V,,5.949999809265137,5.949999809265137,5.940000057220459,5.949999809265137,700.0
2026-08-20 09:58:00,TUF.V,,0.699999988079071,0.699999988079071,0.699999988079071,0.699999988079071,16500.0
2026-08-20 09:59:00,HSTR.V,,2.2699999809265137,2.2699999809265137,2.2699999809265137,2.2699999809265137,400.0
2026-08-20 09:59:00,IPT.V,,0.28999999165534973,0.28999999165534973,0.28999999165534973,0.28999999165534973,1500.0
2026-08-20 09:59:00,IVS.V,,0.2750000059604645,0.2750000059604645,0.2750000059604645,0.2750000059604645,5000.0
2026-08-20 09:59:00,LEM.V,,0.26499998569488525,0.26499998569488525,0.26499998569488525,0.26499998569488525,500.0
2026-08-20 09:59:00,LIO.V,,0.17000000178813934,0.17000000178813934,0.17000000178813934,0.17000000178813934,45000.0
2026-08-20 09:59:00,LITH.V,,0.4300000071525574,0.4300000071525574,0.4300000071525574,0.4300000071525574,40000.0
2026-08-20 09:59:00,LMN.V,,24.790000915527344,24.790000915527344,24.790000915527344,24.790000915527344,177.0
2026-08-20 09:59:00,MLP.V,,2.8399999141693115,2.8399999141693115,2.8399999141693115,2.8399999141693115,900.0
2026-08-20 09:59:00,PNG.V,,5.949999809265137,5.949999809265137,5.940000057220459,5.940000057220459,820.0
2026-08-20 09:59:00,ZNG.V,,0.800000011920929,0.800000011920929,0.800000011920929,0.800000011920929,1150.0
2026-08-20 10:00:00,GAL.V,,0.5199999809265137,0.5199999809265137,0.5099999904632568,0.5099999904632568,13500.0
2026-08-20 10:00:00,GOT.V,,1.7200000286102295,1.7200000286102295,1.7200000286102295,1.7200000286102295,2900.0
2026-08-20 10:00:00,GRSL.V,,0.42500001192092896,0.42500001192092896,0.42500001192092896,0.42500001192092896,6500.0
2026-08-20 10:00:00,GSVR.V,,0.5550000071525574,0.5550000071525574,0.5550000071525574,0.5550000071525574,13000.0
2026-08-20 10:00:00,HSTR.V,,2.2799999713897705,2.2799999713897705,2.2699999809265137,2.2699999809265137,11700.0
2026-08-20 10:00:00,KLDC.V,,0.2800000011920929,0.2800000011920929,0.2800000011920929,0.2800000011920929,2500.0
2026-08-20 10:00:00,LITH.V,,0.4300000071525574,0.4300000071525574,0.4300000071525574,0.4300000071525574,1000.0
2026-08-20 10:00:00,LMN.V,,24.719999313354492,24.75,24.719999313354492,24.75,282.0
2026-08-20 10:01:00,FWZ.V,,3.240000009536743,3.25,3.2300000190734863,3.2300000190734863,2800.0
2026-08-20 10:01:00,GLAD.V,,2.7799999713897705,2.7799999713897705,2.7799999713897705,2.7799999713897705,100.0
2026-08-20 10:01:00,GRSL.V,,0.42500001192092896,0.42500001192092896,0.42500001192092896,0.42500001192092896,500.0
2026-08-20 10:01:00,GWM.V,,0.5899999737739563,0.5899999737739563,0.5899999737739563,0.5899999737739563,500.0
2026-08-20 10:01:00,HITI.V,,3.369999885559082,3.369999885559082,3.369999885559082,3.369999885559082,100.0
2026-08-20 10:01:00,HMR.V,,0.4749999940395355,0.4749999940395355,0.4749999940395355,0.4749999940395355,500.0
2026-08-20 10:01:00,KRY.V,,3.5399999618530273,3.5399999618530273,3.5399999618530273,3.5399999618530273,300.0
2026-08-20 10:01:00,LIO.V,,0.17000000178813934,0.17000000178813934,0.17000000178813934,0.17000000178813934,10000.0
2026-08-20 10:01:00,LMN.V,,24.610000610351562,24.6200008392334,24.610000610351562,24.6200008392334,400.0
2026-08-20 10:01:00,LSTR.V,,0.06499999761581421,0.06499999761581421,0.06499999761581421,0.06499999761581421,40000.0
2026-08-20 10:01:00,LUCA.V,,1.0099999904632568,1.0099999904632568,1.0,1.0,22600.0
2026-08-20 10:01:00,MLP.V,,2.8299999237060547,2.8299999237060547,2.819999933242798,2.819999933242798,400.0
2026-08-20 10:01:00,MTA.V,,15.329999923706055,15.34000015258789,15.329999923706055,15.34000015258789,500.0
2026-08-20 10:02:00,FDR.V,,5.980000019073486,5.980000019073486,5.980000019073486,5.980000019073486,67020.0
2026-08-20 10:02:00,FOBI.V,,0.04500000178813934,0.04500000178813934,0.04500000178813934,0.04500000178813934,1000.0
2026-08-20 10:02:00,FWZ.V,,3.234999895095825,3.234999895095825,3.234999895095825,3.234999895095825,100.0
2026-08-20 10:02:00,GOT.V,,1.725000023841858,1.725000023841858,1.725000023841858,1.725000023841858,500.0
2026-08-20 10:02:00,GSI.V,,1.7100000381469727,1.7100000381469727,1.7000000476837158,1.7000000476837158,400.0
2026-08-20 10:02:00,HME.V,,2.740000009536743,2.740000009536743,2.740000009536743,2.740000009536743,100.0
2026-08-20 10:02:00,INTR.V,,0.8199999928474426,0.8199999928474426,0.8199999928474426,0.8199999928474426,5500.0
2026-08-20 10:02:00,ITR.V,,3.8399999141693115,3.8399999141693115,3.8399999141693115,3.8399999141693115,200.0
2026-08-20 10:02:00,JUGR.V,,1.3700000047683716,1.3700000047683716,1.3700000047683716,1.3700000047683716,9500.0
2026-08-20 10:02:00,KTN.V,,1.3300000429153442,1.3300000429153442,1.3300000429153442,1.3300000429153442,200.0
2026-08-20 10:02:00,LIO.V,,0.17000000178813934,0.17000000178813934,0.17000000178813934,0.17000000178813934,29500.0
2026-08-20 10:02:00,LMN.V,,24.614999771118164,24.6200008392334,24.614999771118164,24.6200008392334,200.0
2026-08-20 10:02:00,LUCA.V,,1.0099999904632568,1.0099999904632568,1.0099999904632568,1.0099999904632568,36200.0
2026-08-20 10:02:00,MLP.V,,2.8299999237060547,2.8299999237060547,2.8299999237060547,2.8299999237060547,300.0
2026-08-20 10:02:00,MTA.V,,15.279999732971191,15.279999732971191,15.260000228881836,15.279999732971191,580.0
2026-08-20 10:03:00,BIG.V,,1.340000033378601,1.340000033378601,1.340000033378601,1.340000033378601,2520.0
2026-08-20 10:03:00,FMS.V,,0.4449999928474426,0.4449999928474426,0.4449999928474426,0.4449999928474426,3000.0
2026-08-20 10:03:00,FWZ.V,,3.2200000286102295,3.2200000286102295,3.2200000286102295,3.2200000286102295,900.0
2026-08-20 10:03:00,GOT.V,,1.7200000286102295,1.7200000286102295,1.7200000286102295,1.7200000286102295,200.0
2026-08-20 10:03:00,GSVR.V,,0.550000011920929,0.550000011920929,0.550000011920929,0.550000011920929,47000.0
2026-08-20 10:03:00,HSTR.V,,2.2699999809265137,2.2699999809265137,2.2699999809265137,2.2699999809265137,100.0
2026-08-20 10:03:00,ITR.V,,3.809999942779541,3.8299999237060547,3.809999942779541,3.8299999237060547,699.0
2026-08-20 10:03:00,KFR.V,,1.2799999713897705,1.2799999713897705,1.2799999713897705,1.2799999713897705,100.0
2026-08-20 10:03:00,LA.V,,13.199999809265137,13.199999809265137,13.199999809265137,13.199999809265137,100.0
2026-08-20 10:03:00,LIO.V,,0.17000000178813934,0.17000000178813934,0.17000000178813934,0.17000000178813934,6500.0
2026-08-20 10:03:00,LUCA.V,,1.0099999904632568,1.0099999904632568,1.0099999904632568,1.0099999904632568,100.0
2026-08-20 10:03:00,MKO.V,,14.140000343322754,14.140000343322754,14.140000343322754,14.140000343322754,100.0
2026-08-20 10:03:00,MKR.V,,0.12999999523162842,0.12999999523162842,0.12999999523162842,0.12999999523162842,5500.0
2026-08-20 10:03:00,MLP.V,,2.8299999237060547,2.8299999237060547,2.8299999237060547,2.8299999237060547,450.0
2026-08-20 10:03:00,PNG.V,,5.960000038146973,5.960000038146973,5.960000038146973,5.960000038146973,100.0
2026-08-20 10:04:00,FWZ.V,,3.2300000190734863,3.2300000190734863,3.2249999046325684,3.2300000190734863,3500.0
2026-08-20 10:04:00,GAL.V,,0.5199999809265137,0.5199999809265137,0.5199999809265137,0.5199999809265137,3000.0
2026-08-20 10:04:00,GOT.V,,1.7100000381469727,1.7100000381469727,1.7100000381469727,1.7100000381469727,100.0
2026-08-20 10:04:00,GRSL.V,,0.41999998688697815,0.41999998688697815,0.41999998688697815,0.41999998688697815,32500.0
2026-08-20 10:04:00,HITI.V,,3.359999895095825,3.359999895095825,3.359999895095825,3.359999895095825,100.0
2026-08-20 10:04:00,IFOS.V,,2.2899999618530273,2.2899999618530273,2.2799999713897705,2.2799999713897705,2100.0
2026-08-20 10:04:00,ITR.V,,3.819999933242798,3.819999933242798,3.819999933242798,3.819999933242798,100.0
2026-08-20 10:04:00,KFR.V,,1.2799999713897705,1.2799999713897705,1.2799999713897705,1.2799999713897705,100.0
2026-08-20 10:04:00,KLD.V,,2.4800000190734863,2.5399999618530273,2.4800000190734863,2.5399999618530273,4200.0
2026-08-20 10:04:00,LIO.V,,0.17000000178813934,0.17000000178813934,0.17000000178813934,0.17000000178813934,39500.0
2026-08-20 10:04:00,LME.V,,0.13500000536441803,0.13500000536441803,0.13500000536441803,0.13500000536441803,6500.0
2026-08-20 10:04:00,LMN.V,,24.56999969482422,24.56999969482422,24.56999969482422,24.56999969482422,100.0
2026-08-20 10:04:00,LVX.V,,0.5199999809265137,0.5199999809265137,0.5199999809265137,0.5199999809265137,5500.0
2026-08-20 10:04:00,MGM.V,,2.7100000381469727,2.799999952316284,2.7100000381469727,2.799999952316284,2510.0
2026-08-20 10:04:00,PNG.V,,5.949999809265137,5.949999809265137,5.949999809265137,5.949999809265137,2500.0
2026-08-20 10:04:00,VAND.V,,0.75,0.75,0.7400000095367432,0.7400000095367432,0.0
2026-08-20 10:05:00,FWZ.V,,3.240000009536743,3.240000009536743,3.240000009536743,3.240000009536743,3400.0
2026-08-20 10:05:00,GLAD.V,,2.7799999713897705,2.7799999713897705,2.7799999713897705,2.7799999713897705,200.0
2026-08-20 10:05:00,GRDM.V,,0.14499999582767487,0.14499999582767487,0.14499999582767487,0.14499999582767487,18500.0
2026-08-20 10:05:00,HSTR.V,,2.259999990463257,2.259999990463257,2.259999990463257,2.259999990463257,2000.0
2026-08-20 10:05:00,ITR.V,,3.819999933242798,3.819999933242798,3.819999933242798,3.819999933242798,1000.0
2026-08-20 10:05:00,KNG.V,,1.1200000047683716,1.1200000047683716,1.1200000047683716,1.1200000047683716,1200.0
2026-08-20 10:05:00,LCX.V,,1.7999999523162842,1.7999999523162842,1.7999999523162842,1.7999999523162842,100.0
2026-08-20 10:05:00,LIO.V,,0.17000000178813934,0.17000000178813934,0.17000000178813934,0.17000000178813934,25000.0
2026-08-20 10:05:00,LMN.V,,24.6200008392334,24.6200008392334,24.579999923706055,24.579999923706055,200.0
2026-08-20 10:05:00,LUCA.V,,1.0099999904632568,1.0099999904632568,1.0099999904632568,1.0099999904632568,200.0
2026-08-20 10:05:00,PNG.V,,5.949999809265137,5.960000038146973,5.949999809265137,5.960000038146973,700.0
2026-08-20 10:06:00,FRI.V,,0.05000000074505806,0.05000000074505806,0.05000000074505806,0.05000000074505806,0.0
2026-08-20 10:06:00,GGO.V,,1.1299999952316284,1.1299999952316284,1.1299999952316284,1.1299999952316284,3000.0
2026-08-20 10:06:00,GLAD.V,,2.759999990463257,2.759999990463257,2.7100000381469727,2.759999990463257,1000.0
2026-08-20 10:06:00,GOT.V,,1.7100000381469727,1.7100000381469727,1.7100000381469727,1.7100000381469727,400.0
2026-08-20 10:06:00,GRDM.V,,0.14499999582767487,0.14499999582767487,0.14499999582767487,0.14499999582767487,10500.0
2026-08-20 10:06:00,GSVR.V,,0.550000011920929,0.550000011920929,0.550000011920929,0.550000011920929,1000.0
2026-08-20 10:06:00,HMR.V,,0.4749999940395355,0.4749999940395355,0.4749999940395355,0.4749999940395355,500.0
2026-08-20 10:06:00,IPT.V,,0.29499998688697815,0.29499998688697815,0.29499998688697815,0.29499998688697815,4500.0
2026-08-20 10:06:00,JUGR.V,,1.3600000143051147,1.3600000143051147,1.3600000143051147,1.3600000143051147,300.0
2026-08-20 10:06:00,KRY.V,,3.5299999713897705,3.5299999713897705,3.5299999713897705,3.5299999713897705,200.0
2026-08-20 10:06:00,LA.V,,13.199999809265137,13.199999809265137,13.199999809265137,13.199999809265137,100.0
2026-08-20 10:06:00,LGC.V,,3.2100000381469727,3.2100000381469727,3.2100000381469727,3.2100000381469727,100.0
2026-08-20 10:06:00,LIO.V,,0.16500000655651093,0.17000000178813934,0.16500000655651093,0.17000000178813934,108700.0
2026-08-20 10:06:00,LUCA.V,,1.0099999904632568,1.0099999904632568,1.0099999904632568,1.0099999904632568,100.0
2026-08-20 10:06:00,MLP.V,,2.8399999141693115,2.8399999141693115,2.8399999141693115,2.8399999141693115,6700.0
2026-08-20 10:06:00,PNG.V,,5.940000057220459,5.940000057220459,5.940000057220459,5.940000057220459,534.0
2026-08-20 10:06:00,TUF.V,,0.7049999833106995,0.7049999833106995,0.7049999833106995,0.7049999833106995,1000.0
2026-08-20 10:07:00,BIG.V,,1.340000033378601,1.340000033378601,1.340000033378601,1.340000033378601,100.0
2026-08-20 10:07:00,EMM.V,,0.07500000298023224,0.07500000298023224,0.07500000298023224,0.07500000298023224,0.0
2026-08-20 10:07:00,FOBI.V,,0.03999999910593033,0.03999999910593033,0.03999999910593033,0.03999999910593033,273000.0
2026-08-20 10:07:00,GCOM.V,,0.07000000029802322,0.07000000029802322,0.07000000029802322,0.07000000029802322,0.0
2026-08-20 10:07:00,GRSL.V,,0.42250001430511475,0.42250001430511475,0.42250001430511475,0.42250001430511475,9500.0
2026-08-20 10:07:00,HSTR.V,,2.259999990463257,2.259999990463257,2.259999990463257,2.259999990463257,400.0
2026-08-20 10:07:00,KC.V,,0.2849999964237213,0.2849999964237213,0.2849999964237213,0.2849999964237213,11500.0
2026-08-20 10:07:00,KTN.V,,1.3200000524520874,1.3200000524520874,1.3200000524520874,1.3200000524520874,14400.0
2026-08-20 10:07:00,LMN.V,,24.690000534057617,24.690000534057617,24.690000534057617,24.690000534057617,200.0
2026-08-20 10:07:00,MJS.V,,0.10000000149011612,0.10000000149011612,0.10000000149011612,0.10000000149011612,50000.0
2026-08-20 10:07:00,MKR.V,,0.12999999523162842,0.12999999523162842,0.12999999523162842,0.12999999523162842,32000.0
2026-08-20 10:07:00,MLP.V,,2.8399999141693115,2.8399999141693115,2.8399999141693115,2.8399999141693115,900.0
2026-08-20 10:07:00,MRVL.V,,0.1599999964237213,0.1599999964237213,0.1599999964237213,0.1599999964237213,5000.0
2026-08-20 10:07:00,PNG.V,,5.940000057220459,5.940000057220459,5.940000057220459,5.940000057220459,100.0
2026-08-20 10:07:00,TUF.V,,0.699999988079071,0.699999988079071,0.6949999928474426,0.699999988079071,79678.0
2026-08-20 10:08:00,BIG.V,,1.350000023841858,1.350000023841858,1.340000033378601,1.340000033378601,7500.0
2026-08-20 10:08:00,FDR.V,,5.96999979019165,5.980000019073486,5.96999979019165,5.980000019073486,9900.0
2026-08-20 10:08:00,FWZ.V,,3.25,3.25,3.25,3.25,300.0
2026-08-20 10:08:00,GLAD.V,,2.7899999618530273,2.7899999618530273,2.7899999618530273,2.7899999618530273,500.0
2026-08-20 10:08:00,GMG.V,,2.109999895095825,2.119999885559082,2.109999895095825,2.119999885559082,827.0
2026-08-20 10:08:00,GOT.V,,1.7100000381469727,1.7100000381469727,1.7100000381469727,1.7100000381469727,100.0
2026-08-20 10:08:00,GRSL.V,,0.42500001192092896,0.42500001192092896,0.42500001192092896,0.42500001192092896,1000.0
2026-08-20 10:08:00,HAR.V,,0.03500000014901161,0.03500000014901161,0.03500000014901161,0.03500000014901161,0.0
2026-08-20 10:08:00,HME.V,,2.7300000190734863,2.7300000190734863,2.7300000190734863,2.7300000190734863,300.0
2026-08-20 10:08:00,HPQ.V,,0.15000000596046448,0.15000000596046448,0.15000000596046448,0.15000000596046448,20000.0
2026-08-20 10:08:00,HSTR.V,,2.2699999809265137,2.2699999809265137,2.2699999809265137,2.2699999809265137,700.0
2026-08-20 10:08:00,JUGR.V,,1.3600000143051147,1.3600000143051147,1.3600000143051147,1.3600000143051147,1200.0
2026-08-20 10:08:00,LCX.V,,1.7999999523162842,1.7999999523162842,1.7999999523162842,1.7999999523162842,600.0
2026-08-20 10:08:00,LIO.V,,0.17000000178813934,0.17000000178813934,0.17000000178813934,0.17000000178813934,500.0
2026-08-20 10:08:00,LTH.V,,0.6000000238418579,0.6100000143051147,0.6000000238418579,0.6000000238418579,4600.0
2026-08-20 10:08:00,LUCA.V,,1.0099999904632568,1.0099999904632568,1.0099999904632568,1.0099999904632568,200.0
2026-08-20 10:08:00,MGM.V,,2.8399999141693115,2.8399999141693115,2.8399999141693115,2.8399999141693115,2300.0
2026-08-20 10:08:00,MLP.V,,2.8299999237060547,2.8299999237060547,2.8299999237060547,2.8299999237060547,100.0
2026-08-20 10:08:00,PNG.V,,5.920000076293945,5.940000057220459,5.920000076293945,5.929999828338623,2302.0
2026-08-20 10:08:00,TUF.V,,0.6949999928474426,0.6949999928474426,0.6949999928474426,0.6949999928474426,1000.0
2026-08-20 10:09:00,BIG.V,,1.340000033378601,1.340000033378601,1.340000033378601,1.340000033378601,700.0
2026-08-20 10:09:00,EVER.V,,0.5299999713897705,0.5299999713897705,0.5299999713897705,0.5299999713897705,0.0
2026-08-20 10:09:00,FOBI.V,,0.03999999910593033,0.03999999910593033,0.03999999910593033,0.03999999910593033,62000.0
2026-08-20 10:09:00,FWZ.V,,3.25,3.25,3.25,3.25,100.0
2026-08-20 10:09:00,GR.V,,0.07000000029802322,0.07000000029802322,0.07000000029802322,0.07000000029802322,0.0
2026-08-20 10:09:00,HSTR.V,,2.2750000953674316,2.2899999618530273,2.259999990463257,2.2699999809265137,4600.0
2026-08-20 10:09:00,IFOS.V,,2.240000009536743,2.259999990463257,2.240000009536743,2.259999990463257,8200.0
2026-08-20 10:09:00,JUGR.V,,1.350000023841858,1.350000023841858,1.350000023841858,1.350000023841858,900.0
2026-08-20 10:09:00,LPS.V,,0.2800000011920929,0.2800000011920929,0.24500000476837158,0.24500000476837158,103511.0
2026-08-20 10:09:00,LUCA.V,,1.0099999904632568,1.0099999904632568,1.0099999904632568,1.0099999904632568,4200.0
2026-08-20 10:09:00,MLP.V,,2.8499999046325684,2.8499999046325684,2.8499999046325684,2.8499999046325684,1100.0
2026-08-20 10:09:00,MTA.V,,15.130000114440918,15.130000114440918,15.130000114440918,15.130000114440918,100.0
2026-08-20 10:09:00,PNG.V,,5.900000095367432,5.920000076293945,5.864999771118164,5.920000076293945,50133.0
2026-08-20 10:09:00,TUF.V,,0.699999988079071,0.699999988079071,0.6949999928474426,0.6949999928474426,36581.0
2026-08-20 10:10:00,GSVR.V,,0.550000011920929,0.550000011920929,0.550000011920929,0.550000011920929,3000.0
2026-08-20 10:10:00,IFOS.V,,2.25,2.25,2.25,2.25,5500.0
2026-08-20 10:10:00,LMN.V,,24.6299991607666,24.6299991607666,24.6200008392334,24.6299991607666,525.0
2026-08-20 10:10:00,LSTR.V,,0.06499999761581421,0.06499999761581421,0.06499999761581421,0.06499999761581421,47000.0
2026-08-20 10:10:00,LUCA.V,,1.0199999809265137,1.0199999809265137,1.0149999856948853,1.0149999856948853,6200.0
2026-08-20 10:10:00,LVG.V,,0.30000001192092896,0.30000001192092896,0.30000001192092896,0.30000001192092896,19000.0
2026-08-20 10:10:00,MLP.V,,2.859999895095825,2.859999895095825,2.859999895095825,2.859999895095825,100.0
2026-08-20 10:10:00,MMA.V,,0.6299999952316284,0.6299999952316284,0.6299999952316284,0.6299999952316284,1450.0
2026-08-20 10:10:00,PNG.V,,5.900000095367432,5.900000095367432,5.889999866485596,5.900000095367432,2400.0
2026-08-20 10:11:00,FDR.V,,5.980000019073486,5.980000019073486,5.980000019073486,5.980000019073486,4300.0
2026-08-20 10:11:00,HSTR.V,,2.2799999713897705,2.2799999713897705,2.2799999713897705,2.2799999713897705,900.0
2026-08-20 10:11:00,JUGR.V,,1.3899999856948853,1.3899999856948853,1.3700000047683716,1.3700000047683716,3100.0
2026-08-20 10:11:00,LMN.V,,24.649999618530273,24.649999618530273,24.649999618530273,24.649999618530273,300.0
2026-08-20 10:11:00,LTH.V,,0.6000000238418579,0.6000000238418579,0.6000000238418579,0.6000000238418579,2500.0
2026-08-20 10:11:00,MKO.V,,14.140000343322754,14.140000343322754,14.140000343322754,14.140000343322754,900.0
2026-08-20 10:11:00,MLP.V,,2.869999885559082,2.869999885559082,2.859999895095825,2.859999895095825,2815.0
2026-08-20 10:11:00,MMA.V,,0.625,0.6299999952316284,0.625,0.6299999952316284,9000.0
2026-08-20 10:11:00,PNG.V,,5.909999847412109,5.909999847412109,5.900000095367432,5.900000095367432,1000.0
2026-08-20 10:12:00,GLAD.V,,2.819999933242798,2.825000047683716,2.7899999618530273,2.799999952316284,2900.0
2026-08-20 10:12:00,GRSL.V,,0.42500001192092896,0.42500001192092896,0.42500001192092896,0.42500001192092896,2000.0
2026-08-20 10:12:00,GWM.V,,0.6000000238418579,0.6000000238418579,0.5950000286102295,0.5950000286102295,5500.0
2026-08-20 10:12:00,HME.V,,2.7300000190734863,2.7300000190734863,2.7300000190734863,2.7300000190734863,100.0
2026-08-20 10:12:00,HSTR.V,,2.2850000858306885,2.2850000858306885,2.2850000858306885,2.2850000858306885,600.0
2026-08-20 10:12:00,IPT.V,,0.29499998688697815,0.29499998688697815,0.29499998688697815,0.29499998688697815,11000.0
2026-08-20 10:12:00,JUGR.V,,1.3899999856948853,1.3899999856948853,1.3899999856948853,1.3899999856948853,8800.0
2026-08-20 10:12:00,KFR.V,,1.2599999904632568,1.2599999904632568,1.2599999904632568,1.2599999904632568,15200.0
2026-08-20 10:12:00,KRY.V,,3.559999942779541,3.559999942779541,3.5199999809265137,3.5299999713897705,2200.0
2026-08-20 10:12:00,LG.V,,0.38999998569488525,0.38999998569488525,0.38999998569488525,0.38999998569488525,7500.0
2026-08-20 10:12:00,LTH.V,,0.6000000238418579,0.6000000238418579,0.6000000238418579,0.6000000238418579,1000.0
2026-08-20 10:12:00,LUCA.V,,1.0199999809265137,1.0199999809265137,1.0199999809265137,1.0199999809265137,1000.0
2026-08-20 10:12:00,MIM.V,,0.14499999582767487,0.14499999582767487,0.14499999582767487,0.14499999582767487,4000.0
2026-08-20 10:12:00,MLP.V,,2.869999885559082,2.869999885559082,2.869999885559082,2.869999885559082,155.0
2026-08-20 10:12:00,PNG.V,,5.909999847412109,5.909999847412109,5.909999847412109,5.909999847412109,1210.0
2026-08-20 10:13:00,FDR.V,,5.980000019073486,5.980000019073486,5.980000019073486,5.980000019073486,2600.0
2026-08-20 10:13:00,FL.V,,0.42500001192092896,0.42500001192092896,0.42500001192092896,0.42500001192092896,500.0
2026-08-20 10:13:00,GOT.V,,1.725000023841858,1.725000023841858,1.725000023841858,1.725000023841858,200.0
2026-08-20 10:13:00,GRSL.V,,0.41999998688697815,0.41999998688697815,0.41999998688697815,0.41999998688697815,1729.0
2026-08-20 10:13:00,GRZ.V,,6.329999923706055,6.329999923706055,6.329999923706055,6.329999923706055,1700.0
2026-08-20 10:13:00,HITI.V,,3.3550000190734863,3.3550000190734863,3.3550000190734863,3.3550000190734863,900.0
2026-08-20 10:13:00,HSTR.V,,2.2899999618530273,2.2899999618530273,2.2899999618530273,2.2899999618530273,500.0
2026-08-20 10:13:00,JG.V,,0.06499999761581421,0.06499999761581421,0.06499999761581421,0.06499999761581421,0.0
2026-08-20 10:13:00,JUGR.V,,1.3899999856948853,1.3899999856948853,1.3899999856948853,1.3899999856948853,18000.0
2026-08-20 10:13:00,KFR.V,,1.2799999713897705,1.2799999713897705,1.2799999713897705,1.2799999713897705,600.0
2026-08-20 10:13:00,LIO.V,,0.17000000178813934,0.17000000178813934,0.17000000178813934,0.17000000178813934,1000.0
2026-08-20 10:13:00,MLP.V,,2.869999885559082,2.869999885559082,2.869999885559082,2.869999885559082,100.0
2026-08-20 10:14:00,GAL.V,,0.5,0.5,0.5,0.5,5000.0
2026-08-20 10:14:00,HSTR.V,,2.2699999809265137,2.2799999713897705,2.2699999809265137,2.2799999713897705,1600.0
2026-08-20 10:14:00,IPT.V,,0.29499998688697815,0.29499998688697815,0.29499998688697815,0.29499998688697815,5000.0
2026-08-20 10:14:00,ITR.V,,3.819999933242798,3.819999933242798,3.819999933242798,3.819999933242798,1500.0
2026-08-20 10:14:00,JG.V,,0.06499999761581421,0.06499999761581421,0.06499999761581421,0.06499999761581421,2000.0
2026-08-20 10:14:00,KTN.V,,1.315000057220459,1.315000057220459,1.315000057220459,1.315000057220459,24905.0
2026-08-20 10:14:00,LMN.V,,24.600000381469727,24.65999984741211,24.600000381469727,24.6200008392334,600.0
2026-08-20 10:14:00,LPS.V,,0.2800000011920929,0.2800000011920929,0.2800000011920929,0.2800000011920929,20500.0
2026-08-20 10:14:00,LUCA.V,,1.0099999904632568,1.0099999904632568,1.0099999904632568,1.0099999904632568,400.0
2026-08-20 10:14:00,MKO.V,,14.109999656677246,14.109999656677246,14.109999656677246,14.109999656677246,100.0
2026-08-20 10:14:00,MLP.V,,2.880000114440918,2.880000114440918,2.869999885559082,2.869999885559082,300.0
2026-08-20 10:14:00,MTA.V,,15.109999656677246,15.109999656677246,15.109999656677246,15.109999656677246,1000.0
2026-08-20 10:14:00,PNG.V,,5.909999847412109,5.909999847412109,5.909999847412109,5.909999847412109,500.0
2026-08-20 10:15:00,FOBI.V,,0.03999999910593033,0.03999999910593033,0.03999999910593033,0.03999999910593033,45000.0
2026-08-20 10:15:00,FRED.V,,0.6499999761581421,0.6499999761581421,0.6499999761581421,0.6499999761581421,4000.0
2026-08-20 10:15:00,GRSL.V,,0.41999998688697815,0.41999998688697815,0.41999998688697815,0.41999998688697815,2173.0
2026-08-20 10:15:00,GSVR.V,,0.5550000071525574,0.5550000071525574,0.5550000071525574,0.5550000071525574,1500.0
2026-08-20 10:15:00,GWM.V,,0.5950000286102295,0.5950000286102295,0.5950000286102295,0.5950000286102295,2500.0
2026-08-20 10:15:00,HAM.V,,6.050000190734863,6.050000190734863,6.050000190734863,6.050000190734863,800.0
2026-08-20 10:15:00,ITR.V,,3.819999933242798,3.819999933242798,3.819999933242798,3.819999933242798,100.0
2026-08-20 10:15:00,JUGR.V,,1.3899999856948853,1.3899999856948853,1.3899999856948853,1.3899999856948853,2300.0
2026-08-20 10:15:00,KFR.V,,1.2699999809265137,1.2699999809265137,1.2699999809265137,1.2699999809265137,1600.0
2026-08-20 10:15:00,KTN.V,,1.3200000524520874,1.3200000524520874,1.3200000524520874,1.3200000524520874,4300.0
2026-08-20 10:15:00,KTO.V,,0.8849999904632568,0.8849999904632568,0.8849999904632568,0.8849999904632568,500.0
2026-08-20 10:15:00,LCX.V,,1.7999999523162842,1.7999999523162842,1.7999999523162842,1.7999999523162842,600.0
2026-08-20 10:15:00,LMN.V,,24.65999984741211,24.65999984741211,24.65999984741211,24.65999984741211,100.0
2026-08-20 10:15:00,LUCA.V,,1.0099999904632568,1.0099999904632568,1.0099999904632568,1.0099999904632568,700.0
2026-08-20 10:15:00,MJS.V,,0.10000000149011612,0.10000000149011612,0.10000000149011612,0.10000000149011612,50000.0
2026-08-20 10:15:00,MLP.V,,2.869999885559082,2.869999885559082,2.869999885559082,2.869999885559082,200.0
2026-08-20 10:15:00,PNG.V,,5.914999961853027,5.914999961853027,5.914999961853027,5.914999961853027,200.0
2026-08-20 10:15:00,ZNG.V,,0.800000011920929,0.800000011920929,0.800000011920929,0.800000011920929,500.0
2026-08-20 10:16:00,FDR.V,,5.980000019073486,5.980000019073486,5.980000019073486,5.980000019073486,1300.0
2026-08-20 10:16:00,FRED.V,,0.6499999761581421,0.6499999761581421,0.6499999761581421,0.6499999761581421,2000.0
2026-08-20 10:16:00,GMG.V,,2.0899999141693115,2.0999999046325684,2.0899999141693115,2.0999999046325684,3094.0
2026-08-20 10:16:00,GPAC.V,,0.35499998927116394,0.35499998927116394,0.35499998927116394,0.35499998927116394,1000.0
2026-08-20 10:16:00,HITI.V,,3.3550000190734863,3.3550000190734863,3.3550000190734863,3.3550000190734863,300.0
2026-08-20 10:16:00,HME.V,,2.7300000190734863,2.7300000190734863,2.7300000190734863,2.7300000190734863,2700.0
2026-08-20 10:16:00,KLDC.V,,0.2800000011920929,0.2800000011920929,0.2800000011920929,0.2800000011920929,500.0
2026-08-20 10:16:00,KTN.V,,1.3250000476837158,1.3250000476837158,1.3250000476837158,1.3250000476837158,1000.0
2026-08-20 10:16:00,KTO.V,,0.8799999952316284,0.8799999952316284,0.8799999952316284,0.8799999952316284,64500.0
2026-08-20 10:16:00,LA.V,,13.199999809265137,13.199999809265137,13.199999809265137,13.199999809265137,200.0
2026-08-20 10:16:00,LMN.V,,24.65999984741211,24.65999984741211,24.65999984741211,24.65999984741211,100.0
2026-08-20 10:16:00,LQWD.V,,0.7599999904632568,0.7699999809265137,0.7599999904632568,0.7699999809265137,9000.0
2026-08-20 10:16:00,LUCA.V,,1.0049999952316284,1.0049999952316284,1.0049999952316284,1.0049999952316284,100.0
2026-08-20 10:16:00,MLP.V,,2.880000114440918,2.880000114440918,2.880000114440918,2.880000114440918,400.0
2026-08-20 10:16:00,MMA.V,,0.6299999952316284,0.6299999952316284,0.6299999952316284,0.6299999952316284,1500.0
2026-08-20 10:16:00,PNG.V,,5.900000095367432,5.914999961853027,5.885000228881836,5.900000095367432,12963.0
2026-08-20 10:17:00,FRED.V,,0.6499999761581421,0.6499999761581421,0.6499999761581421,0.6499999761581421,1000.0
2026-08-20 10:17:00,FWZ.V,,3.25,3.25,3.25,3.25,400.0
2026-08-20 10:17:00,GSVR.V,,0.550000011920929,0.550000011920929,0.550000011920929,0.550000011920929,4599.0
2026-08-20 10:17:00,HME.V,,2.7300000190734863,2.7300000190734863,2.7300000190734863,2.7300000190734863,1200.0
2026-08-20 10:17:00,HPL.V,,0.3100000023841858,0.3100000023841858,0.3100000023841858,0.3100000023841858,500.0
2026-08-20 10:17:00,ITR.V,,3.809999942779541,3.825000047683716,3.809999942779541,3.825000047683716,320.0
2026-08-20 10:17:00,KFR.V,,1.2899999618530273,1.2899999618530273,1.2899999618530273,1.2899999618530273,100.0
2026-08-20 10:17:00,LMN.V,,24.600000381469727,24.610000610351562,24.600000381469727,24.610000610351562,1200.0
2026-08-20 10:17:00,LUCA.V,,1.0099999904632568,1.0099999904632568,1.0099999904632568,1.0099999904632568,1400.0
2026-08-20 10:17:00,MIR.V,,0.05999999865889549,0.05999999865889549,0.05999999865889549,0.05999999865889549,0.0
2026-08-20 10:17:00,MLP.V,,2.869999885559082,2.869999885559082,2.869999885559082,2.869999885559082,100.0
2026-08-20 10:17:00,MMG.V,,0.23499999940395355,0.23499999940395355,0.23499999940395355,0.23499999940395355,64000.0
2026-08-20 10:17:00,PNG.V,,5.900000095367432,5.909999847412109,5.900000095367432,5.909999847412109,248.0
2026-08-20 10:18:00,BIG.V,,1.350000023841858,1.350000023841858,1.350000023841858,1.350000023841858,8017.0
2026-08-20 10:18:00,GSI.V,,1.7000000476837158,1.7000000476837158,1.7000000476837158,1.7000000476837158,700.0
2026-08-20 10:18:00,HAM.V,,6.050000190734863,6.050000190734863,6.050000190734863,6.050000190734863,800.0
2026-08-20 10:18:00,IGO.V,,0.14499999582767487,0.14499999582767487,0.14499999582767487,0.14499999582767487,5000.0
2026-08-20 10:18:00,JUGR.V,,1.3799999952316284,1.3799999952316284,1.3799999952316284,1.3799999952316284,2100.0
2026-08-20 10:18:00,KFR.V,,1.2899999618530273,1.2899999618530273,1.2899999618530273,1.2899999618530273,500.0
2026-08-20 10:18:00,LCX.V,,1.8049999475479126,1.8049999475479126,1.8049999475479126,1.8049999475479126,100.0
2026-08-20 10:18:00,LG.V,,0.38999998569488525,0.38999998569488525,0.38999998569488525,0.38999998569488525,10307.0
2026-08-20 10:18:00,MFG.V,,4.050000190734863,4.050000190734863,4.050000190734863,4.050000190734863,703.0
2026-08-20 10:18:00,MLP.V,,2.869999885559082,2.880000114440918,2.869999885559082,2.880000114440918,1100.0
2026-08-20 10:18:00,MTA.V,,15.149999618530273,15.15999984741211,15.149999618530273,15.15999984741211,300.0
2026-08-20 10:18:00,TUF.V,,0.7099999785423279,0.7099999785423279,0.7099999785423279,0.7099999785423279,1500.0
2026-08-20 10:19:00,GOT.V,,1.715000033378601,1.7200000286102295,1.715000033378601,1.7200000286102295,11300.0
2026-08-20 10:19:00,GRSL.V,,0.42250001430511475,0.42250001430511475,0.42250001430511475,0.42250001430511475,3000.0
2026-08-20 10:19:00,HME.V,,2.7300000190734863,2.7300000190734863,2.7300000190734863,2.7300000190734863,100.0
2026-08-20 10:19:00,HSTR.V,,2.2799999713897705,2.2799999713897705,2.2799999713897705,2.2799999713897705,1710.0
2026-08-20 10:19:00,IGO.V,,0.14000000059604645,0.14000000059604645,0.14000000059604645,0.14000000059604645,318980.0
2026-08-20 10:19:00,KFR.V,,1.2899999618530273,1.2899999618530273,1.2899999618530273,1.2899999618530273,100.0
2026-08-20 10:19:00,MFG.V,,4.070000171661377,4.070000171661377,4.050000190734863,4.050000190734863,1300.0
2026-08-20 10:19:00,MLP.V,,2.869999885559082,2.869999885559082,2.869999885559082,2.869999885559082,100.0
2026-08-20 10:20:00,EMM.V,,0.07500000298023224,0.07500000298023224,0.07500000298023224,0.07500000298023224,32000.0
2026-08-20 10:20:00,FRED.V,,0.6399999856948853,0.6399999856948853,0.6399999856948853,0.6399999856948853,12500.0
2026-08-20 10:20:00,FWZ.V,,3.25,3.25,3.25,3.25,2900.0
2026-08-20 10:20:00,GSVR.V,,0.5550000071525574,0.5550000071525574,0.5550000071525574,0.5550000071525574,500.0
2026-08-20 10:20:00,GWM.V,,0.5899999737739563,0.5899999737739563,0.5899999737739563,0.5899999737739563,2500.0
2026-08-20 10:20:00,KFR.V,,1.2899999618530273,1.2899999618530273,1.2899999618530273,1.2899999618530273,200.0
2026-08-20 10:20:00,LUCA.V,,1.0099999904632568,1.0099999904632568,1.0099999904632568,1.0099999904632568,100.0
2026-08-20 10:20:00,MFG.V,,4.079999923706055,4.079999923706055,4.079999923706055,4.079999923706055,2500.0
2026-08-20 10:20:00,MLP.V,,2.859999895095825,2.859999895095825,2.859999895095825,2.859999895095825,4100.0
2026-08-20 10:20:00,TUF.V,,0.7099999785423279,0.7099999785423279,0.7049999833106995,0.7099999785423279,54782.0
2026-08-20 10:21:00,FHYD.V,,0.36000001430511475,0.36500000953674316,0.36000001430511475,0.36500000953674316,10210.0
2026-08-20 10:21:00,FWZ.V,,3.25,3.25,3.25,3.25,3300.0
2026-08-20 10:21:00,GAL.V,,0.5099999904632568,0.5099999904632568,0.5099999904632568,0.5099999904632568,500.0
2026-08-20 10:21:00,GGO.V,,1.1299999952316284,1.1299999952316284,1.1299999952316284,1.1299999952316284,100.0
2026-08-20 10:21:00,GRSL.V,,0.41999998688697815,0.41999998688697815,0.41999998688697815,0.41999998688697815,3192.0
2026-08-20 10:21:00,GWM.V,,0.5899999737739563,0.5899999737739563,0.5899999737739563,0.5899999737739563,2500.0
2026-08-20 10:21:00,HITI.V,,3.3399999141693115,3.3550000190734863,3.3399999141693115,3.3550000190734863,1626.0
2026-08-20 10:21:00,ITR.V,,3.809999942779541,3.809999942779541,3.809999942779541,3.809999942779541,100.0
2026-08-20 10:21:00,KFR.V,,1.2899999618530273,1.2899999618530273,1.2899999618530273,1.2899999618530273,100.0
2026-08-20 10:21:00,TUF.V,,0.7099999785423279,0.7099999785423279,0.7049999833106995,0.7049999833106995,2500.0
2026-08-20 10:22:00,BIG.V,,1.350000023841858,1.350000023841858,1.350000023841858,1.350000023841858,2500.0
2026-08-20 10:22:00,FWZ.V,,3.2699999809265137,3.2699999809265137,3.2699999809265137,3.2699999809265137,100.0
2026-08-20 10:22:00,GQC.V,,0.9800000190734863,0.9800000190734863,0.9800000190734863,0.9800000190734863,500.0
2026-08-20 10:22:00,HITI.V,,3.3399999141693115,3.3399999141693115,3.3399999141693115,3.3399999141693115,100.0
2026-08-20 10:22:00,HPQ.V,,0.1550000011920929,0.1550000011920929,0.1550000011920929,0.1550000011920929,5500.0
2026-08-20 10:22:00,HSTR.V,,2.2799999713897705,2.2799999713897705,2.2799999713897705,2.2799999713897705,400.0
2026-08-20 10:22:00,KDK.V,,0.800000011920929,0.800000011920929,0.800000011920929,0.800000011920929,1000.0
2026-08-20 10:22:00,KFR.V,,1.2999999523162842,1.2999999523162842,1.2999999523162842,1.2999999523162842,100.0
2026-08-20 10:22:00,LCX.V,,1.7999999523162842,1.7999999523162842,1.7999999523162842,1.7999999523162842,200.0
2026-08-20 10:22:00,LMN.V,,24.6299991607666,24.6299991607666,24.6299991607666,24.6299991607666,200.0
2026-08-20 10:22:00,LVG.V,,0.30000001192092896,0.30000001192092896,0.30000001192092896,0.30000001192092896,4000.0
2026-08-20 10:22:00,MFG.V,,4.090000152587891,4.090000152587891,4.090000152587891,4.090000152587891,100.0
2026-08-20 10:22:00,PNG.V,,5.914999961853027,5.914999961853027,5.914999961853027,5.914999961853027,100.0
2026-08-20 10:22:00,TUF.V,,0.7099999785423279,0.7099999785423279,0.7099999785423279,0.7099999785423279,2500.0
2026-08-20 10:23:00,FP.V,,0.8999999761581421,0.8999999761581421,0.8999999761581421,0.8999999761581421,10500.0
2026-08-20 10:23:00,GQC.V,,0.9900000095367432,0.9900000095367432,0.9900000095367432,0.9900000095367432,500.0
2026-08-20 10:23:00,HSTR.V,,2.2850000858306885,2.2850000858306885,2.2850000858306885,2.2850000858306885,800.0
2026-08-20 10:23:00,IPT.V,,0.30000001192092896,0.30000001192092896,0.30000001192092896,0.30000001192092896,50000.0
2026-08-20 10:23:00,LUCA.V,,1.0099999904632568,1.0099999904632568,1.0099999904632568,1.0099999904632568,100.0
2026-08-20 10:23:00,PNG.V,,5.920000076293945,5.920000076293945,5.914999961853027,5.914999961853027,1700.0
2026-08-20 10:24:00,GRZ.V,,6.670000076293945,6.670000076293945,6.5,6.5,4800.0
2026-08-20 10:24:00,KFR.V,,1.2999999523162842,1.2999999523162842,1.2999999523162842,1.2999999523162842,100.0
2026-08-20 10:24:00,KNG.V,,1.100000023841858,1.100000023841858,1.100000023841858,1.100000023841858,0.0
2026-08-20 10:24:00,LEM.V,,0.26499998569488525,0.26499998569488525,0.26499998569488525,0.26499998569488525,500.0
2026-08-20 10:24:00,LMN.V,,24.530000686645508,24.59000015258789,24.530000686645508,24.59000015258789,400.0
2026-08-20 10:24:00,LUCA.V,,1.024999976158142,1.024999976158142,1.0199999809265137,1.0199999809265137,4600.0
2026-08-20 10:24:00,MLP.V,,2.880000114440918,2.880000114440918,2.880000114440918,2.880000114440918,1210.0
2026-08-20 10:24:00,MMG.V,,0.23499999940395355,0.23499999940395355,0.23499999940395355,0.23499999940395355,8000.0
2026-08-20 10:24:00,PNG.V,,5.929999828338623,5.929999828338623,5.929999828338623,5.929999828338623,200.0
2026-08-20 10:25:00,HPL.V,,0.33500000834465027,0.33500000834465027,0.33500000834465027,0.33500000834465027,500.0
2026-08-20 10:25:00,HSTR.V,,2.2850000858306885,2.2850000858306885,2.2850000858306885,2.2850000858306885,100.0
2026-08-20 10:25:00,ITR.V,,3.8299999237060547,3.8299999237060547,3.8299999237060547,3.8299999237060547,300.0
2026-08-20 10:25:00,IVS.V,,0.2750000059604645,0.2750000059604645,0.2750000059604645,0.2750000059604645,3461.0
2026-08-20 10:25:00,KNG.V,,1.100000023841858,1.100000023841858,1.100000023841858,1.100000023841858,12400.0
2026-08-20 10:25:00,KTN.V,,1.340000033378601,1.340000033378601,1.340000033378601,1.340000033378601,1000.0
2026-08-20 10:25:00,LIO.V,,0.17000000178813934,0.17000000178813934,0.17000000178813934,0.17000000178813934,36500.0
2026-08-20 10:25:00,LUCA.V,,1.0199999809265137,1.0199999809265137,1.0199999809265137,1.0199999809265137,700.0
2026-08-20 10:25:00,PNG.V,,5.920000076293945,5.940000057220459,5.920000076293945,5.940000057220459,1500.0
2026-08-20 10:25:00,TUF.V,,0.7149999737739563,0.7149999737739563,0.7149999737739563,0.7149999737739563,500.0
2026-08-20 10:26:00,GGO.V,,1.1299999952316284,1.1299999952316284,1.1299999952316284,1.1299999952316284,600.0
2026-08-20 10:26:00,GQC.V,,0.9900000095367432,0.9900000095367432,0.9900000095367432,0.9900000095367432,1000.0
2026-08-20 10:26:00,KFR.V,,1.2999999523162842,1.2999999523162842,1.2999999523162842,1.2999999523162842,100.0
2026-08-20 10:26:00,LIFT.V,,2.609999895095825,2.609999895095825,2.609999895095825,2.609999895095825,100.0
2026-08-20 10:26:00,LIO.V,,0.17000000178813934,0.17000000178813934,0.17000000178813934,0.17000000178813934,10000.0
2026-08-20 10:26:00,MLP.V,,2.880000114440918,2.880000114440918,2.880000114440918,2.880000114440918,900.0
2026-08-20 10:26:00,PNG.V,,5.925000190734863,5.925000190734863,5.920000076293945,5.920000076293945,200.0
2026-08-20 10:27:00,FOBI.V,,0.04500000178813934,0.04500000178813934,0.04500000178813934,0.04500000178813934,5000.0
2026-08-20 10:27:00,GQC.V,,1.0,1.0,0.9950000047683716,0.9950000047683716,7000.0
2026-08-20 10:27:00,HME.V,,2.7300000190734863,2.7300000190734863,2.7300000190734863,2.7300000190734863,100.0
2026-08-20 10:27:00,LG.V,,0.3799999952316284,0.38499999046325684,0.3799999952316284,0.38499999046325684,14500.0
2026-08-20 10:27:00,LGC.V,,3.1700000762939453,3.1700000762939453,3.1600000858306885,3.1600000858306885,600.0
2026-08-20 10:27:00,LIO.V,,0.16750000417232513,0.16750000417232513,0.16750000417232513,0.16750000417232513,1500.0
2026-08-20 10:27:00,LUCA.V,,1.0199999809265137,1.0199999809265137,1.0199999809265137,1.0199999809265137,300.0
2026-08-20 10:27:00,MKO.V,,14.109999656677246,14.109999656677246,14.109999656677246,14.109999656677246,200.0
2026-08-20 10:27:00,MLP.V,,2.880000114440918,2.880000114440918,2.880000114440918,2.880000114440918,581.0
2026-08-20 10:27:00,PNG.V,,5.909999847412109,5.920000076293945,5.900000095367432,5.920000076293945,1000.0
2026-08-20 10:28:00,HSTR.V,,2.2799999713897705,2.2850000858306885,2.2799999713897705,2.2799999713897705,3900.0
2026-08-20 10:28:00,IGO.V,,0.14000000059604645,0.14000000059604645,0.14000000059604645,0.14000000059604645,60000.0
2026-08-20 10:28:00,JEV.V,,0.19499999284744263,0.19499999284744263,0.19499999284744263,0.19499999284744263,12000.0
2026-08-20 10:28:00,KFR.V,,1.2899999618530273,1.2899999618530273,1.2899999618530273,1.2899999618530273,3100.0
2026-08-20 10:28:00,LMN.V,,24.709999084472656,24.709999084472656,24.709999084472656,24.709999084472656,100.0
2026-08-20 10:28:00,LQWD.V,,0.800000011920929,0.800000011920929,0.800000011920929,0.800000011920929,1000.0
2026-08-20 10:28:00,LUCA.V,,1.0199999809265137,1.0199999809265137,1.0199999809265137,1.0199999809265137,3600.0
2026-08-20 10:28:00,MLP.V,,2.880000114440918,2.880000114440918,2.880000114440918,2.880000114440918,2500.0
2026-08-20 10:28:00,PNG.V,,5.909999847412109,5.909999847412109,5.909999847412109,5.909999847412109,400.0
2026-08-20 10:28:00,TUF.V,,0.7049999833106995,0.7099999785423279,0.7049999833106995,0.7099999785423279,6005.0
2026-08-20 10:29:00,BIG.V,,1.3550000190734863,1.3550000190734863,1.350000023841858,1.350000023841858,5400.0
2026-08-20 10:29:00,FP.V,,0.8999999761581421,0.8999999761581421,0.8999999761581421,0.8999999761581421,10500.0
2026-08-20 10:29:00,GOT.V,,1.7200000286102295,1.7200000286102295,1.7200000286102295,1.7200000286102295,2400.0
2026-08-20 10:29:00,GQC.V,,1.0,1.0,1.0,1.0,1000.0
2026-08-20 10:29:00,GSPR.V,,0.11500000208616257,0.11500000208616257,0.11500000208616257,0.11500000208616257,0.0
2026-08-20 10:29:00,HSTR.V,,2.2799999713897705,2.2799999713897705,2.2799999713897705,2.2799999713897705,200.0
2026-08-20 10:29:00,IGO.V,,0.14000000059604645,0.14000000059604645,0.14000000059604645,0.14000000059604645,100000.0
2026-08-20 10:29:00,INTR.V,,0.8100000023841858,0.8100000023841858,0.8100000023841858,0.8100000023841858,4500.0
2026-08-20 10:29:00,JUGR.V,,1.3700000047683716,1.3700000047683716,1.3700000047683716,1.3700000047683716,1000.0
2026-08-20 10:29:00,LEM.V,,0.27000001072883606,0.27000001072883606,0.27000001072883606,0.27000001072883606,2500.0
2026-08-20 10:29:00,LIO.V,,0.17000000178813934,0.17000000178813934,0.17000000178813934,0.17000000178813934,32500.0
2026-08-20 10:29:00,LMN.V,,24.7549991607666,24.799999237060547,24.719999313354492,24.719999313354492,700.0
2026-08-20 10:29:00,LQWD.V,,0.8399999737739563,0.8399999737739563,0.800000011920929,0.800000011920929,1000.0
2026-08-20 10:29:00,MLP.V,,2.869999885559082,2.869999885559082,2.869999885559082,2.869999885559082,100.0
2026-08-20 10:29:00,PNG.V,,5.909999847412109,5.909999847412109,5.909999847412109,5.909999847412109,175.0
2026-08-20 10:29:00,TUF.V,,0.699999988079071,0.699999988079071,0.699999988079071,0.699999988079071,47380.0
2026-08-20 10:30:00,FL.V,,0.42500001192092896,0.42500001192092896,0.42500001192092896,0.42500001192092896,3000.0
2026-08-20 10:30:00,HMR.V,,0.4749999940395355,0.4749999940395355,0.4749999940395355,0.4749999940395355,1000.0
2026-08-20 10:30:00,INTR.V,,0.8100000023841858,0.8100000023841858,0.8100000023841858,0.8100000023841858,6500.0
2026-08-20 10:30:00,ITR.V,,3.8299999237060547,3.8299999237060547,3.809999942779541,3.809999942779541,5100.0
2026-08-20 10:30:00,LG.V,,0.38499999046325684,0.38499999046325684,0.38499999046325684,0.38499999046325684,1500.0
2026-08-20 10:30:00,MFG.V,,4.070000171661377,4.070000171661377,4.070000171661377,4.070000171661377,100.0
2026-08-20 10:30:00,MLP.V,,2.890000104904175,2.890000104904175,2.880000114440918,2.880000114440918,1327.0
2026-08-20 10:30:00,PNG.V,,5.90500020980835,5.90500020980835,5.900000095367432,5.900000095367432,2500.0
2026-08-20 10:30:00,TUF.V,,0.699999988079071,0.699999988079071,0.699999988079071,0.699999988079071,5000.0
2026-08-20 10:31:00,GGO.V,,1.1399999856948853,1.1399999856948853,1.1399999856948853,1.1399999856948853,4808.0
2026-08-20 10:31:00,GOT.V,,1.7300000190734863,1.7300000190734863,1.7200000286102295,1.7200000286102295,500.0
2026-08-20 10:31:00,GSI.V,,1.7000000476837158,1.7000000476837158,1.7000000476837158,1.7000000476837158,4300.0
2026-08-20 10:31:00,GSVR.V,,0.5600000023841858,0.5600000023841858,0.5600000023841858,0.5600000023841858,2718.0
2026-08-20 10:31:00,HPQ.V,,0.15000000596046448,0.15000000596046448,0.15000000596046448,0.15000000596046448,17000.0
2026-08-20 10:31:00,IGO.V,,0.14000000059604645,0.14000000059604645,0.14000000059604645,0.14000000059604645,294000.0
2026-08-20 10:31:00,KFR.V,,1.2899999618530273,1.2899999618530273,1.2899999618530273,1.2899999618530273,300.0
2026-08-20 10:31:00,LMN.V,,24.700000762939453,24.719999313354492,24.700000762939453,24.719999313354492,300.0
2026-08-20 10:31:00,LQWD.V,,0.8600000143051147,0.8600000143051147,0.8600000143051147,0.8600000143051147,766.0
2026-08-20 10:31:00,LUCA.V,,1.0199999809265137,1.0199999809265137,1.0199999809265137,1.0199999809265137,100.0
2026-08-20 10:31:00,PNG.V,,5.90500020980835,5.90500020980835,5.90500020980835,5.90500020980835,500.0
2026-08-20 10:31:00,TUF.V,,0.699999988079071,0.699999988079071,0.699999988079071,0.699999988079071,9750.0
2026-08-20 10:31:00,YGT.V,,0.19499999284744263,0.19499999284744263,0.19499999284744263,0.19499999284744263,229612.0
2026-08-20 10:32:00,GMG.V,,2.0799999237060547,2.0799999237060547,2.0799999237060547,2.0799999237060547,352.0
2026-08-20 10:32:00,GOT.V,,1.7300000190734863,1.7300000190734863,1.7300000190734863,1.7300000190734863,100.0
2026-08-20 10:32:00,HSTR.V,,2.2899999618530273,2.2899999618530273,2.2850000858306885,2.2850000858306885,600.0
2026-08-20 10:32:00,JUGR.V,,1.375,1.375,1.375,1.375,100.0
2026-08-20 10:32:00,KFR.V,,1.2899999618530273,1.2899999618530273,1.2899999618530273,1.2899999618530273,100.0
2026-08-20 10:32:00,LIO.V,,0.17499999701976776,0.17499999701976776,0.17499999701976776,0.17499999701976776,107000.0
2026-08-20 10:32:00,MLP.V,,2.869999885559082,2.890000104904175,2.869999885559082,2.880000114440918,13025.0
2026-08-20 10:32:00,PNG.V,,5.909999847412109,5.909999847412109,5.909999847412109,5.909999847412109,1695.0
2026-08-20 10:33:00,BIG.V,,1.350000023841858,1.350000023841858,1.350000023841858,1.350000023841858,6000.0
2026-08-20 10:33:00,GMG.V,,2.0799999237060547,2.0799999237060547,2.0799999237060547,2.0799999237060547,100.0
2026-08-20 10:33:00,GQC.V,,1.0,1.0,1.0,1.0,2000.0
2026-08-20 10:33:00,HCH.V,,1.6799999475479126,1.6799999475479126,1.6799999475479126,1.6799999475479126,0.0
2026-08-20 10:33:00,HITI.V,,3.359999895095825,3.359999895095825,3.359999895095825,3.359999895095825,1300.0
2026-08-20 10:33:00,KTN.V,,1.340000033378601,1.340000033378601,1.340000033378601,1.340000033378601,600.0
2026-08-20 10:33:00,LTH.V,,0.6000000238418579,0.6000000238418579,0.6000000238418579,0.6000000238418579,17000.0
2026-08-20 10:33:00,LUCA.V,,1.024999976158142,1.024999976158142,1.024999976158142,1.024999976158142,1200.0
2026-08-20 10:33:00,MAR-UN.V,,0.7599999904632568,0.7699999809265137,0.7599999904632568,0.7699999809265137,0.0
2026-08-20 10:33:00,MFG.V,,4.090000152587891,4.090000152587891,4.090000152587891,4.090000152587891,200.0
2026-08-20 10:33:00,MGM.V,,2.799999952316284,2.799999952316284,2.799999952316284,2.799999952316284,100.0
2026-08-20 10:33:00,MLP.V,,2.880000114440918,2.890000104904175,2.869999885559082,2.869999885559082,4775.0
2026-08-20 10:33:00,PNG.V,,5.900000095367432,5.900000095367432,5.900000095367432,5.900000095367432,6700.0
2026-08-20 10:34:00,BIG.V,,1.350000023841858,1.350000023841858,1.350000023841858,1.350000023841858,1000.0
2026-08-20 10:34:00,GSVR.V,,0.5600000023841858,0.5600000023841858,0.5600000023841858,0.5600000023841858,7500.0
2026-08-20 10:34:00,HSTR.V,,2.2850000858306885,2.2850000858306885,2.2850000858306885,2.2850000858306885,600.0
2026-08-20 10:34:00,JG.V,,0.05999999865889549,0.05999999865889549,0.05999999865889549,0.05999999865889549,573779.0
2026-08-20 10:34:00,KTO.V,,0.8799999952316284,0.8799999952316284,0.8799999952316284,0.8799999952316284,15500.0
2026-08-20 10:34:00,LCX.V,,1.7999999523162842,1.7999999523162842,1.7999999523162842,1.7999999523162842,100.0
2026-08-20 10:34:00,LIO.V,,0.17749999463558197,0.18000000715255737,0.17499999701976776,0.17749999463558197,40000.0
2026-08-20 10:34:00,LUCA.V,,1.024999976158142,1.024999976158142,1.024999976158142,1.024999976158142,300.0
2026-08-20 10:34:00,MGM.V,,2.819999933242798,2.819999933242798,2.819999933242798,2.819999933242798,100.0
2026-08-20 10:34:00,PNG.V,,5.900000095367432,5.900000095367432,5.900000095367432,5.900000095367432,3800.0
2026-08-20 10:35:00,FL.V,,0.42500001192092896,0.42500001192092896,0.42500001192092896,0.42500001192092896,500.0
2026-08-20 10:35:00,FRED.V,,0.6399999856948853,0.6399999856948853,0.6399999856948853,0.6399999856948853,7000.0
2026-08-20 10:35:00,GOT.V,,1.7200000286102295,1.7200000286102295,1.7200000286102295,1.7200000286102295,100.0
2026-08-20 10:35:00,GSVR.V,,0.5600000023841858,0.5600000023841858,0.5600000023841858,0.5600000023841858,500.0
2026-08-20 10:35:00,HAR.V,,0.03999999910593033,0.03999999910593033,0.03999999910593033,0.03999999910593033,2500.0
2026-08-20 10:35:00,KFR.V,,1.2899999618530273,1.2899999618530273,1.2899999618530273,1.2899999618530273,100.0
2026-08-20 10:35:00,KTO.V,,0.8799999952316284,0.8799999952316284,0.8799999952316284,0.8799999952316284,7000.0
2026-08-20 10:35:00,LUCA.V,,1.0199999809265137,1.0199999809265137,1.0199999809265137,1.0199999809265137,1600.0
2026-08-20 10:35:00,MKO.V,,14.100000381469727,14.100000381469727,14.100000381469727,14.100000381469727,500.0
2026-08-20 10:35:00,MLP.V,,2.869999885559082,2.869999885559082,2.869999885559082,2.869999885559082,1000.0
2026-08-20 10:35:00,PNG.V,,5.889999866485596,5.900000095367432,5.889999866485596,5.900000095367432,2998.0
2026-08-20 10:35:00,TUF.V,,0.7099999785423279,0.7099999785423279,0.7099999785423279,0.7099999785423279,500.0
2026-08-20 10:36:00,FDR.V,,6.010000228881836,6.010000228881836,6.010000228881836,6.010000228881836,700.0
2026-08-20 10:36:00,GAL.V,,0.5099999904632568,0.5099999904632568,0.5099999904632568,0.5099999904632568,4500.0
2026-08-20 10:36:00,GFG.V,,0.23499999940395355,0.23499999940395355,0.23499999940395355,0.23499999940395355,167500.0
2026-08-20 10:36:00,GGO.V,,1.149999976158142,1.149999976158142,1.149999976158142,1.149999976158142,1200.0
2026-08-20 10:36:00,GOT.V,,1.7300000190734863,1.7300000190734863,1.7300000190734863,1.7300000190734863,100.0
2026-08-20 10:36:00,GPAC.V,,0.3499999940395355,0.3499999940395355,0.3499999940395355,0.3499999940395355,500.0
2026-08-20 10:36:00,GSVR.V,,0.5600000023841858,0.5600000023841858,0.5600000023841858,0.5600000023841858,169209.0
2026-08-20 10:36:00,HME.V,,2.7300000190734863,2.7300000190734863,2.7300000190734863,2.7300000190734863,1700.0
2026-08-20 10:36:00,HSTR.V,,2.2899999618530273,2.2899999618530273,2.2799999713897705,2.2850000858306885,1000.0
2026-08-20 10:36:00,ITR.V,,3.8399999141693115,3.8399999141693115,3.8399999141693115,3.8399999141693115,1900.0
2026-08-20 10:36:00,JUGR.V,,1.3700000047683716,1.3799999952316284,1.3700000047683716,1.3799999952316284,200.0
2026-08-20 10:36:00,LIFT.V,,2.619999885559082,2.619999885559082,2.619999885559082,2.619999885559082,100.0
2026-08-20 10:36:00,LUCA.V,,1.0199999809265137,1.0199999809265137,1.0199999809265137,1.0199999809265137,12800.0
2026-08-20 10:36:00,MGM.V,,2.819999933242798,2.819999933242798,2.819999933242798,2.819999933242798,100.0
2026-08-20 10:36:00,MLP.V,,2.880000114440918,2.880000114440918,2.880000114440918,2.880000114440918,1000.0
2026-08-20 10:36:00,PNG.V,,5.880000114440918,5.880000114440918,5.880000114440918,5.880000114440918,4252.0
2026-08-20 10:37:00,GOT.V,,1.7300000190734863,1.7350000143051147,1.7300000190734863,1.7300000190734863,1500.0
2026-08-20 10:37:00,GPAC.V,,0.3499999940395355,0.3499999940395355,0.3499999940395355,0.3499999940395355,500.0
2026-08-20 10:37:00,GRSL.V,,0.4350000023841858,0.4350000023841858,0.4300000071525574,0.4300000071525574,52776.0
2026-08-20 10:37:00,GSVR.V,,0.5600000023841858,0.5600000023841858,0.5600000023841858,0.5600000023841858,1508.0
2026-08-20 10:37:00,HSTR.V,,2.2899999618530273,2.2899999618530273,2.2899999618530273,2.2899999618530273,1031.0
2026-08-20 10:37:00,ITR.V,,3.8499999046325684,3.8499999046325684,3.8499999046325684,3.8499999046325684,100.0
2026-08-20 10:37:00,KFR.V,,1.2899999618530273,1.2899999618530273,1.2899999618530273,1.2899999618530273,100.0
2026-08-20 10:37:00,KTN.V,,1.340000033378601,1.350000023841858,1.340000033378601,1.340000033378601,6900.0
2026-08-20 10:37:00,LMN.V,,24.6299991607666,24.655000686645508,24.59000015258789,24.6299991607666,1033.0
2026-08-20 10:37:00,MGM.V,,2.819999933242798,2.819999933242798,2.819999933242798,2.819999933242798,100.0
2026-08-20 10:37:00,PNG.V,,5.900000095367432,5.900000095367432,5.889999866485596,5.889999866485596,2500.0
2026-08-20 10:38:00,BIG.V,,1.3300000429153442,1.350000023841858,1.3300000429153442,1.350000023841858,37800.0
2026-08-20 10:38:00,FDR.V,,6.010000228881836,6.010000228881836,6.010000228881836,6.010000228881836,200.0
2026-08-20 10:38:00,FUU.V,,0.14000000059604645,0.14000000059604645,0.14000000059604645,0.14000000059604645,249620.0
2026-08-20 10:38:00,FWZ.V,,3.2699999809265137,3.2699999809265137,3.2699999809265137,3.2699999809265137,900.0
2026-08-20 10:38:00,GAL.V,,0.5099999904632568,0.5099999904632568,0.5099999904632568,0.5099999904632568,500.0
2026-08-20 10:38:00,GOT.V,,1.725000023841858,1.7300000190734863,1.725000023841858,1.7300000190734863,2000.0
2026-08-20 10:38:00,GTC.V,,0.8899999856948853,0.8899999856948853,0.8899999856948853,0.8899999856948853,1000.0
2026-08-20 10:38:00,HME.V,,2.734999895095825,2.734999895095825,2.734999895095825,2.734999895095825,100.0
2026-08-20 10:38:00,IGO.V,,0.14000000059604645,0.14000000059604645,0.14000000059604645,0.14000000059604645,28500.0
2026-08-20 10:38:00,ITR.V,,3.8399999141693115,3.8399999141693115,3.8399999141693115,3.8399999141693115,400.0
2026-08-20 10:38:00,KTN.V,,1.340000033378601,1.340000033378601,1.340000033378601,1.340000033378601,100.0
2026-08-20 10:38:00,LIO.V,,0.17499999701976776,0.17499999701976776,0.17499999701976776,0.17499999701976776,4500.0
2026-08-20 10:38:00,MTA.V,,15.149999618530273,15.149999618530273,15.149999618530273,15.149999618530273,1000.0
2026-08-20 10:38:00,PNG.V,,5.880000114440918,5.889999866485596,5.880000114440918,5.889999866485596,800.0
2026-08-20 10:39:00,BIG.V,,1.309999942779541,1.3200000524520874,1.309999942779541,1.3200000524520874,64100.0
2026-08-20 10:39:00,FDR.V,,6.0,6.010000228881836,6.0,6.010000228881836,200.0
2026-08-20 10:39:00,GOT.V,,1.75,1.75,1.7300000190734863,1.7300000190734863,130800.0
2026-08-20 10:39:00,ITR.V,,3.8399999141693115,3.8399999141693115,3.8399999141693115,3.8399999141693115,100.0
2026-08-20 10:39:00,MFG.V,,4.159999847412109,4.159999847412109,4.159999847412109,4.159999847412109,100.0
2026-08-20 10:39:00,MLP.V,,2.859999895095825,2.869999885559082,2.859999895095825,2.869999885559082,2570.0
2026-08-20 10:39:00,MTLO.V,,0.009999999776482582,0.009999999776482582,0.009999999776482582,0.009999999776482582,4000.0
2026-08-20 10:40:00,FOR.V,,0.7300000190734863,0.7300000190734863,0.7099999785423279,0.7099999785423279,18109.0
2026-08-20 10:40:00,GOT.V,,1.75,1.75,1.75,1.75,1000.0
2026-08-20 10:40:00,GSVR.V,,0.5600000023841858,0.5600000023841858,0.5600000023841858,0.5600000023841858,1300.0
2026-08-20 10:40:00,HME.V,,2.734999895095825,2.734999895095825,2.734999895095825,2.734999895095825,100.0
2026-08-20 10:40:00,ITR.V,,3.8299999237060547,3.8299999237060547,3.8299999237060547,3.8299999237060547,4000.0
2026-08-20 10:40:00,KFR.V,,1.2899999618530273,1.2899999618530273,1.2899999618530273,1.2899999618530273,100.0
2026-08-20 10:40:00,KLDC.V,,0.2800000011920929,0.2800000011920929,0.2800000011920929,0.2800000011920929,2000.0
2026-08-20 10:40:00,LG.V,,0.38499999046325684,0.38499999046325684,0.38499999046325684,0.38499999046325684,3500.0
2026-08-20 10:40:00,LSTR.V,,0.06499999761581421,0.06499999761581421,0.06499999761581421,0.06499999761581421,1000.0
2026-08-20 10:40:00,MFG.V,,4.139999866485596,4.190000057220459,4.139999866485596,4.179999828338623,1800.0
2026-08-20 10:40:00,MGM.V,,2.819999933242798,2.819999933242798,2.819999933242798,2.819999933242798,100.0
2026-08-20 10:40:00,MKO.V,,14.109999656677246,14.109999656677246,14.109999656677246,14.109999656677246,200.0
2026-08-20 10:40:00,MLP.V,,2.8499999046325684,2.8499999046325684,2.8499999046325684,2.8499999046325684,200.0
2026-08-20 10:41:00,BIG.V,,1.3200000524520874,1.3200000524520874,1.3200000524520874,1.3200000524520874,800.0
2026-08-20 10:41:00,GLDN.V,,0.05999999865889549,0.05999999865889549,0.05999999865889549,0.05999999865889549,10000.0
2026-08-20 10:41:00,GOT.V,,1.75,1.75,1.75,1.75,1200.0
2026-08-20 10:41:00,GRSL.V,,0.4300000071525574,0.4300000071525574,0.4300000071525574,0.4300000071525574,32000.0
2026-08-20 10:41:00,GSP.V,,0.12999999523162842,0.12999999523162842,0.12999999523162842,0.12999999523162842,12000.0
2026-08-20 10:41:00,GSVR.V,,0.5600000023841858,0.5600000023841858,0.5600000023841858,0.5600000023841858,43500.0
2026-08-20 10:41:00,HITI.V,,3.3499999046325684,3.3499999046325684,3.3499999046325684,3.3499999046325684,100.0
2026-08-20 10:41:00,HPQ.V,,0.15000000596046448,0.15000000596046448,0.15000000596046448,0.15000000596046448,31160.0
2026-08-20 10:41:00,IGO.V,,0.14000000059604645,0.14000000059604645,0.14000000059604645,0.14000000059604645,3000.0
2026-08-20 10:41:00,ITR.V,,3.8299999237060547,3.8299999237060547,3.8299999237060547,3.8299999237060547,100.0
2026-08-20 10:41:00,KTN.V,,1.340000033378601,1.340000033378601,1.340000033378601,1.340000033378601,600.0
2026-08-20 10:41:00,LIO.V,,0.18000000715255737,0.18000000715255737,0.18000000715255737,0.18000000715255737,16000.0
2026-08-20 10:41:00,LTH.V,,0.6050000190734863,0.6050000190734863,0.6050000190734863,0.6050000190734863,1500.0
2026-08-20 10:41:00,MKO.V,,14.09000015258789,14.100000381469727,14.09000015258789,14.100000381469727,100.0
2026-08-20 10:41:00,MLP.V,,2.8499999046325684,2.8499999046325684,2.8499999046325684,2.8499999046325684,2650.0
2026-08-20 10:41:00,PNG.V,,5.875,5.889999866485596,5.864999771118164,5.889999866485596,4815.0
2026-08-20 10:41:00,TUF.V,,0.7049999833106995,0.7049999833106995,0.7049999833106995,0.7049999833106995,500.0
2026-08-20 10:42:00,FWZ.V,,3.25,3.25,3.25,3.25,500.0
2026-08-20 10:42:00,GOT.V,,1.75,1.75,1.75,1.75,1800.0
2026-08-20 10:42:00,GSI.V,,1.690000057220459,1.690000057220459,1.690000057220459,1.690000057220459,2100.0
2026-08-20 10:42:00,GSVR.V,,0.5600000023841858,0.5600000023841858,0.5600000023841858,0.5600000023841858,1000.0
2026-08-20 10:42:00,HSTR.V,,2.2899999618530273,2.2899999618530273,2.2899999618530273,2.2899999618530273,1700.0
2026-08-20 10:42:00,IGO.V,,0.14000000059604645,0.14000000059604645,0.14000000059604645,0.14000000059604645,1500.0
2026-08-20 10:42:00,ITR.V,,3.8299999237060547,3.8299999237060547,3.8299999237060547,3.8299999237060547,100.0
2026-08-20 10:42:00,LG.V,,0.38499999046325684,0.38499999046325684,0.38499999046325684,0.38499999046325684,2000.0
2026-08-20 10:42:00,LPS.V,,0.2750000059604645,0.2750000059604645,0.2750000059604645,0.2750000059604645,500.0
2026-08-20 10:42:00,LUCA.V,,1.0299999713897705,1.0299999713897705,1.0299999713897705,1.0299999713897705,400.0
2026-08-20 10:42:00,MGM.V,,2.8299999237060547,2.8299999237060547,2.8299999237060547,2.8299999237060547,100.0
2026-08-20 10:42:00,MLP.V,,2.8299999237060547,2.8299999237060547,2.8299999237060547,2.8299999237060547,100.0
2026-08-20 10:42:00,PNG.V,,5.860000133514404,5.869999885559082,5.860000133514404,5.869999885559082,630.0
2026-08-20 10:42:00,TUF.V,,0.7049999833106995,0.7049999833106995,0.7049999833106995,0.7049999833106995,500.0
2026-08-20 10:42:00,YGT.V,,0.19499999284744263,0.19499999284744263,0.19499999284744263,0.19499999284744263,10000.0
2026-08-20 10:43:00,BIG.V,,1.3300000429153442,1.3300000429153442,1.3300000429153442,1.3300000429153442,1500.0
2026-08-20 10:43:00,GAL.V,,0.5099999904632568,0.5099999904632568,0.5099999904632568,0.5099999904632568,500.0
2026-08-20 10:43:00,GOT.V,,1.7400000095367432,1.7400000095367432,1.7400000095367432,1.7400000095367432,900.0
2026-08-20 10:43:00,GSVR.V,,0.550000011920929,0.550000011920929,0.550000011920929,0.550000011920929,536.0
2026-08-20 10:43:00,HITI.V,,3.359999895095825,3.359999895095825,3.359999895095825,3.359999895095825,2600.0
2026-08-20 10:43:00,HME.V,,2.740000009536743,2.740000009536743,2.740000009536743,2.740000009536743,100.0
2026-08-20 10:43:00,HPQ.V,,0.15000000596046448,0.15000000596046448,0.15000000596046448,0.15000000596046448,500.0
2026-08-20 10:43:00,KTN.V,,1.3300000429153442,1.3300000429153442,1.3300000429153442,1.3300000429153442,1300.0
2026-08-20 10:43:00,LCX.V,,1.7999999523162842,1.7999999523162842,1.7999999523162842,1.7999999523162842,100.0
2026-08-20 10:43:00,LEM.V,,0.27000001072883606,0.27000001072883606,0.27000001072883606,0.27000001072883606,1000.0
2026-08-20 10:43:00,LGC.V,,2.9200000762939453,2.930000066757202,2.9200000762939453,2.930000066757202,200.0
2026-08-20 10:43:00,MJS.V,,0.10000000149011612,0.10000000149011612,0.10000000149011612,0.10000000149011612,8000.0
2026-08-20 10:43:00,MLP.V,,2.859999895095825,2.859999895095825,2.8499999046325684,2.8499999046325684,2765.0
2026-08-20 10:43:00,PNG.V,,5.869999885559082,5.869999885559082,5.860000133514404,5.864999771118164,7800.0
2026-08-20 10:44:00,GG.V,,2.9700000286102295,2.9700000286102295,2.9700000286102295,2.9700000286102295,200.0
2026-08-20 10:44:00,GSVR.V,,0.5600000023841858,0.5600000023841858,0.5600000023841858,0.5600000023841858,500.0
2026-08-20 10:44:00,HCH.V,,1.7200000286102295,1.7200000286102295,1.7200000286102295,1.7200000286102295,100.0
2026-08-20 10:44:00,IFOS.V,,2.259999990463257,2.259999990463257,2.259999990463257,2.259999990463257,100.0
2026-08-20 10:44:00,LGC.V,,2.9200000762939453,2.930000066757202,2.75,2.930000066757202,9000.0
2026-08-20 10:44:00,LMN.V,,24.510000228881836,24.530000686645508,24.510000228881836,24.530000686645508,300.0
2026-08-20 10:44:00,LUCA.V,,1.0199999809265137,1.0199999809265137,1.0199999809265137,1.0199999809265137,200.0
2026-08-20 10:44:00,MFG.V,,4.110000133514404,4.119999885559082,4.110000133514404,4.110000133514404,800.0
2026-08-20 10:44:00,MLP.V,,2.8499999046325684,2.8499999046325684,2.8499999046325684,2.8499999046325684,2700.0
2026-08-20 10:44:00,PNG.V,,5.880000114440918,5.894999980926514,5.869999885559082,5.869999885559082,27000.0
2026-08-20 10:44:00,TUF.V,,0.7049999833106995,0.7049999833106995,0.7049999833106995,0.7049999833106995,500.0
2026-08-20 10:44:00,ZNG.V,,0.7900000214576721,0.7900000214576721,0.7900000214576721,0.7900000214576721,9500.0
2026-08-20 10:45:00,GG.V,,2.950000047683716,2.950000047683716,2.950000047683716,2.950000047683716,1400.0
2026-08-20 10:45:00,GOT.V,,1.75,1.75,1.75,1.75,600.0
2026-08-20 10:45:00,GSVR.V,,0.5600000023841858,0.5600000023841858,0.5600000023841858,0.5600000023841858,8000.0
2026-08-20 10:45:00,HAM.V,,6.050000190734863,6.050000190734863,6.050000190734863,6.050000190734863,400.0
2026-08-20 10:45:00,HITI.V,,3.359999895095825,3.359999895095825,3.359999895095825,3.359999895095825,500.0
2026-08-20 10:45:00,JUGR.V,,1.3700000047683716,1.3700000047683716,1.3700000047683716,1.3700000047683716,200.0
2026-08-20 10:45:00,KFR.V,,1.2699999809265137,1.2699999809265137,1.2699999809265137,1.2699999809265137,46012.0
2026-08-20 10:45:00,LCX.V,,1.7999999523162842,1.7999999523162842,1.7999999523162842,1.7999999523162842,100.0
2026-08-20 10:45:00,LTH.V,,0.6100000143051147,0.6100000143051147,0.6050000190734863,0.6050000190734863,7500.0
2026-08-20 10:45:00,MFG.V,,4.119999885559082,4.119999885559082,4.070000171661377,4.090000152587891,10200.0
2026-08-20 10:45:00,MLP.V,,2.8499999046325684,2.859999895095825,2.8499999046325684,2.859999895095825,500.0
2026-08-20 10:45:00,MTA.V,,15.170000076293945,15.170000076293945,15.149999618530273,15.170000076293945,500.0
2026-08-20 10:45:00,PNG.V,,5.880000114440918,5.889999866485596,5.869999885559082,5.880000114440918,6900.0
2026-08-20 10:45:00,TUF.V,,0.699999988079071,0.699999988079071,0.6949999928474426,0.699999988079071,99880.0
2026-08-20 10:46:00,GAL.V,,0.5099999904632568,0.5099999904632568,0.5099999904632568,0.5099999904632568,5000.0
2026-08-20 10:46:00,GGO.V,,1.149999976158142,1.149999976158142,1.149999976158142,1.149999976158142,100.0
2026-08-20 10:46:00,GOT.V,,1.7549999952316284,1.7549999952316284,1.7549999952316284,1.7549999952316284,1100.0
2026-08-20 10:46:00,HITI.V,,3.359999895095825,3.359999895095825,3.359999895095825,3.359999895095825,200.0
2026-08-20 10:46:00,HME.V,,2.734999895095825,2.734999895095825,2.734999895095825,2.734999895095825,100.0
2026-08-20 10:46:00,HSTR.V,,2.299999952316284,2.299999952316284,2.299999952316284,2.299999952316284,2886.0
2026-08-20 10:46:00,IGO.V,,0.14499999582767487,0.14499999582767487,0.14499999582767487,0.14499999582767487,500.0
2026-08-20 10:46:00,ITR.V,,3.8399999141693115,3.8399999141693115,3.8399999141693115,3.8399999141693115,100.0
2026-08-20 10:46:00,JUGR.V,,1.3799999952316284,1.3799999952316284,1.3700000047683716,1.3700000047683716,600.0
2026-08-20 10:46:00,KLDC.V,,0.2800000011920929,0.2800000011920929,0.2800000011920929,0.2800000011920929,500.0
2026-08-20 10:46:00,KTO.V,,0.8799999952316284,0.8799999952316284,0.8799999952316284,0.8799999952316284,10000.0
2026-08-20 10:46:00,LGC.V,,2.9000000953674316,2.9000000953674316,2.890000104904175,2.890000104904175,1000.0
2026-08-20 10:46:00,LSTR.V,,0.06499999761581421,0.06499999761581421,0.06499999761581421,0.06499999761581421,5000.0
2026-08-20 10:46:00,LUCA.V,,1.0199999809265137,1.0199999809265137,1.0199999809265137,1.0199999809265137,200.0
2026-08-20 10:46:00,MKO.V,,14.130000114440918,14.140000343322754,14.130000114440918,14.140000343322754,1000.0
2026-08-20 10:46:00,MLP.V,,2.859999895095825,2.859999895095825,2.859999895095825,2.859999895095825,300.0
2026-08-20 10:46:00,MTA.V,,15.170000076293945,15.170000076293945,15.170000076293945,15.170000076293945,200.0
2026-08-20 10:46:00,PNG.V,,5.880000114440918,5.880000114440918,5.880000114440918,5.880000114440918,300.0
2026-08-20 10:46:00,TUF.V,,0.699999988079071,0.699999988079071,0.6949999928474426,0.6949999928474426,48000.0
2026-08-20 10:47:00,BIG.V,,1.3200000524520874,1.3200000524520874,1.3200000524520874,1.3200000524520874,2400.0
2026-08-20 10:47:00,HME.V,,2.7300000190734863,2.7300000190734863,2.7300000190734863,2.7300000190734863,300.0
2026-08-20 10:47:00,HSTR.V,,2.299999952316284,2.305000066757202,2.2950000762939453,2.305000066757202,900.0
2026-08-20 10:47:00,JUGR.V,,1.3799999952316284,1.3799999952316284,1.375,1.375,3200.0
2026-08-20 10:47:00,LGC.V,,2.9000000953674316,2.9000000953674316,2.9000000953674316,2.9000000953674316,13175.0
2026-08-20 10:47:00,MMG.V,,0.23499999940395355,0.23499999940395355,0.23499999940395355,0.23499999940395355,14000.0
2026-08-20 10:47:00,PNG.V,,5.869999885559082,5.880000114440918,5.860000133514404,5.880000114440918,1800.0
2026-08-20 10:48:00,GSI.V,,1.7000000476837158,1.7000000476837158,1.7000000476837158,1.7000000476837158,800.0
2026-08-20 10:48:00,IPT.V,,0.29499998688697815,0.29499998688697815,0.29499998688697815,0.29499998688697815,2000.0
2026-08-20 10:48:00,JUGR.V,,1.3799999952316284,1.3799999952316284,1.3799999952316284,1.3799999952316284,100.0
2026-08-20 10:48:00,KFR.V,,1.2899999618530273,1.2899999618530273,1.2899999618530273,1.2899999618530273,100.0
2026-08-20 10:48:00,KRY.V,,3.5299999713897705,3.5299999713897705,3.509999990463257,3.5299999713897705,12649.0
2026-08-20 10:48:00,KTN.V,,1.3350000381469727,1.3350000381469727,1.3350000381469727,1.3350000381469727,100.0
2026-08-20 10:48:00,LUCA.V,,1.0199999809265137,1.0199999809265137,1.0199999809265137,1.0199999809265137,200.0
2026-08-20 10:48:00,MGM.V,,2.8499999046325684,2.8499999046325684,2.8499999046325684,2.8499999046325684,720.0
2026-08-20 10:48:00,MLP.V,,2.859999895095825,2.859999895095825,2.859999895095825,2.859999895095825,300.0
2026-08-20 10:48:00,MMG.V,,0.23499999940395355,0.23499999940395355,0.23499999940395355,0.23499999940395355,14500.0
2026-08-20 10:48:00,TUF.V,,0.699999988079071,0.699999988079071,0.699999988079071,0.699999988079071,4000.0
2026-08-20 10:49:00,BIG.V,,1.3300000429153442,1.3300000429153442,1.3300000429153442,1.3300000429153442,3000.0
2026-08-20 10:49:00,FOBI.V,,0.03999999910593033,0.03999999910593033,0.03999999910593033,0.03999999910593033,27000.0
2026-08-20 10:49:00,GRSL.V,,0.4300000071525574,0.4300000071525574,0.4300000071525574,0.4300000071525574,1500.0
2026-08-20 10:49:00,GSI.V,,1.7000000476837158,1.7000000476837158,1.6950000524520874,1.6950000524520874,1500.0
2026-08-20 10:49:00,GSVR.V,,0.5600000023841858,0.5600000023841858,0.5600000023841858,0.5600000023841858,7500.0
2026-08-20 10:49:00,GWM.V,,0.5950000286102295,0.5950000286102295,0.5950000286102295,0.5950000286102295,4000.0
2026-08-20 10:49:00,IPT.V,,0.29499998688697815,0.29499998688697815,0.29499998688697815,0.29499998688697815,174696.0
2026-08-20 10:49:00,JUGR.V,,1.3799999952316284,1.3799999952316284,1.3799999952316284,1.3799999952316284,5900.0
2026-08-20 10:49:00,KFR.V,,1.2899999618530273,1.2899999618530273,1.2899999618530273,1.2899999618530273,100.0
2026-08-20 10:49:00,KTN.V,,1.340000033378601,1.340000033378601,1.340000033378601,1.340000033378601,6900.0
2026-08-20 10:49:00,MMG.V,,0.23499999940395355,0.23499999940395355,0.23499999940395355,0.23499999940395355,33000.0
2026-08-20 10:49:00,NURS.V,,4.070000171661377,4.079999923706055,4.070000171661377,4.079999923706055,300.0
2026-08-20 10:49:00,PNG.V,,5.869999885559082,5.869999885559082,5.869999885559082,5.869999885559082,100.0
2026-08-20 10:49:00,TUF.V,,0.699999988079071,0.699999988079071,0.699999988079071,0.699999988079071,11896.0
2026-08-20 10:50:00,GOT.V,,1.75,1.75,1.75,1.75,200.0
2026-08-20 10:50:00,GSVR.V,,0.5600000023841858,0.5600000023841858,0.5600000023841858,0.5600000023841858,9000.0
2026-08-20 10:50:00,HSTR.V,,2.299999952316284,2.305000066757202,2.299999952316284,2.305000066757202,1432.0
2026-08-20 10:50:00,JUGR.V,,1.3799999952316284,1.3899999856948853,1.3799999952316284,1.3849999904632568,3500.0
2026-08-20 10:50:00,KFR.V,,1.2999999523162842,1.2999999523162842,1.2999999523162842,1.2999999523162842,100.0
2026-08-20 10:50:00,KTN.V,,1.3350000381469727,1.3350000381469727,1.3350000381469727,1.3350000381469727,100.0
2026-08-20 10:50:00,LITH.V,,0.4350000023841858,0.4350000023841858,0.4300000071525574,0.4300000071525574,19500.0
2026-08-20 10:50:00,LPS.V,,0.26499998569488525,0.26499998569488525,0.26499998569488525,0.26499998569488525,500.0
2026-08-20 10:50:00,LUCA.V,,1.0199999809265137,1.0199999809265137,1.0199999809265137,1.0199999809265137,200.0
2026-08-20 10:50:00,MKO.V,,14.239999771118164,14.239999771118164,14.180000305175781,14.180000305175781,1000.0
2026-08-20 10:50:00,MTA.V,,15.194999694824219,15.194999694824219,15.194999694824219,15.194999694824219,100.0
2026-08-20 10:50:00,PNG.V,,5.869999885559082,5.869999885559082,5.869999885559082,5.869999885559082,1100.0
2026-08-20 10:50:00,ZNG.V,,0.800000011920929,0.800000011920929,0.800000011920929,0.800000011920929,1500.0
2026-08-20 10:51:00,GWM.V,,0.6000000238418579,0.6000000238418579,0.6000000238418579,0.6000000238418579,2000.0
2026-08-20 10:51:00,HAM.V,,6.09499979019165,6.09499979019165,6.090000152587891,6.090000152587891,1902.0
2026-08-20 10:51:00,HSTR.V,,2.305000066757202,2.305000066757202,2.299999952316284,2.299999952316284,1000.0
2026-08-20 10:51:00,IPT.V,,0.29499998688697815,0.29499998688697815,0.29499998688697815,0.29499998688697815,1000.0
2026-08-20 10:51:00,JUGR.V,,1.3799999952316284,1.3799999952316284,1.3799999952316284,1.3799999952316284,3500.0
2026-08-20 10:51:00,LMN.V,,24.600000381469727,24.600000381469727,24.600000381469727,24.600000381469727,200.0
2026-08-20 10:51:00,LUCA.V,,1.0299999713897705,1.0299999713897705,1.0299999713897705,1.0299999713897705,11500.0
2026-08-20 10:51:00,MGM.V,,2.859999895095825,2.869999885559082,2.859999895095825,2.869999885559082,10300.0
2026-08-20 10:51:00,MKO.V,,14.239999771118164,14.239999771118164,14.239999771118164,14.239999771118164,100.0
2026-08-20 10:51:00,MLP.V,,2.8499999046325684,2.859999895095825,2.8499999046325684,2.859999895095825,1100.0
2026-08-20 10:51:00,MTA.V,,15.199999809265137,15.199999809265137,15.199999809265137,15.199999809265137,100.0
2026-08-20 10:51:00,PNG.V,,5.869999885559082,5.869999885559082,5.869999885559082,5.869999885559082,1003.0
2026-08-20 10:51:00,TUF.V,,0.699999988079071,0.699999988079071,0.699999988079071,0.699999988079071,3500.0
2026-08-20 10:52:00,HAM.V,,6.09499979019165,6.09499979019165,6.09499979019165,6.09499979019165,101.0
2026-08-20 10:52:00,JUGR.V,,1.3799999952316284,1.3799999952316284,1.375,1.375,3800.0
2026-08-20 10:52:00,KFR.V,,1.2999999523162842,1.2999999523162842,1.2999999523162842,1.2999999523162842,100.0
2026-08-20 10:52:00,KLDC.V,,0.27000001072883606,0.2750000059604645,0.27000001072883606,0.2750000059604645,36000.0
2026-08-20 10:52:00,KTN.V,,1.3350000381469727,1.3350000381469727,1.3350000381469727,1.3350000381469727,100.0
2026-08-20 10:52:00,MGM.V,,2.799999952316284,2.8399999141693115,2.7899999618530273,2.8399999141693115,11600.0
2026-08-20 10:52:00,MLP.V,,2.8299999237060547,2.8299999237060547,2.8299999237060547,2.8299999237060547,100.0
2026-08-20 10:52:00,MMG.V,,0.23999999463558197,0.23999999463558197,0.23999999463558197,0.23999999463558197,14000.0
2026-08-20 10:52:00,TUF.V,,0.699999988079071,0.699999988079071,0.699999988079071,0.699999988079071,18500.0
2026-08-20 10:53:00,BIG.V,,1.3350000381469727,1.3350000381469727,1.3350000381469727,1.3350000381469727,100.0
2026-08-20 10:53:00,ESK.V,,0.35499998927116394,0.35499998927116394,0.35499998927116394,0.35499998927116394,0.0
2026-08-20 10:53:00,FDR.V,,6.010000228881836,6.050000190734863,6.0,6.039999961853027,1900.0
2026-08-20 10:53:00,FWZ.V,,3.2799999713897705,3.2799999713897705,3.2799999713897705,3.2799999713897705,0.0
2026-08-20 10:53:00,GOT.V,,1.7549999952316284,1.7549999952316284,1.7549999952316284,1.7549999952316284,1600.0
2026-08-20 10:53:00,GSP.V,,0.13500000536441803,0.13500000536441803,0.13500000536441803,0.13500000536441803,14000.0
2026-08-20 10:53:00,GSVR.V,,0.5600000023841858,0.5600000023841858,0.5600000023841858,0.5600000023841858,5000.0
2026-08-20 10:53:00,HPM.V,,0.03500000014901161,0.03500000014901161,0.03500000014901161,0.03500000014901161,0.0
2026-08-20 10:53:00,IGO.V,,0.14499999582767487,0.14499999582767487,0.14499999582767487,0.14499999582767487,17500.0
2026-08-20 10:53:00,ITR.V,,3.8499999046325684,3.8499999046325684,3.8499999046325684,3.8499999046325684,1500.0
2026-08-20 10:53:00,KDK.V,,0.800000011920929,0.800000011920929,0.7950000166893005,0.7950000166893005,21000.0
2026-08-20 10:53:00,KFR.V,,1.2999999523162842,1.2999999523162842,1.2999999523162842,1.2999999523162842,200.0
2026-08-20 10:53:00,LMN.V,,24.5,24.5,24.5,24.5,1100.0
2026-08-20 10:53:00,MKO.V,,14.270000457763672,14.270000457763672,14.25,14.25,800.0
2026-08-20 10:53:00,MLP.V,,2.8399999141693115,2.8399999141693115,2.8399999141693115,2.8399999141693115,100.0
2026-08-20 10:53:00,MMA.V,,0.6399999856948853,0.6399999856948853,0.6399999856948853,0.6399999856948853,4500.0
2026-08-20 10:53:00,MMG.V,,0.23999999463558197,0.23999999463558197,0.23999999463558197,0.23999999463558197,54500.0
2026-08-20 10:53:00,MTA.V,,15.210000038146973,15.210000038146973,15.1850004196167,15.1850004196167,200.0
2026-08-20 10:53:00,PNG.V,,5.869999885559082,5.869999885559082,5.869999885559082,5.869999885559082,350.0
2026-08-20 10:54:00,FOR.V,,0.7099999785423279,0.7200000286102295,0.7099999785423279,0.7200000286102295,10000.0
2026-08-20 10:54:00,FWZ.V,,3.2799999713897705,3.2799999713897705,3.2699999809265137,3.2699999809265137,58548.0
2026-08-20 10:54:00,GGO.V,,1.149999976158142,1.149999976158142,1.149999976158142,1.149999976158142,1100.0
2026-08-20 10:54:00,GOT.V,,1.75,1.75,1.75,1.75,6900.0
2026-08-20 10:54:00,HITI.V,,3.3550000190734863,3.3550000190734863,3.3550000190734863,3.3550000190734863,100.0
2026-08-20 10:54:00,IPT.V,,0.30000001192092896,0.30000001192092896,0.30000001192092896,0.30000001192092896,41000.0
2026-08-20 10:54:00,KFR.V,,1.2899999618530273,1.2899999618530273,1.2899999618530273,1.2899999618530273,100.0
2026-08-20 10:54:00,KTN.V,,1.3350000381469727,1.3350000381469727,1.3350000381469727,1.3350000381469727,100.0
2026-08-20 10:54:00,LITH.V,,0.4350000023841858,0.4350000023841858,0.4350000023841858,0.4350000023841858,500.0
2026-08-20 10:54:00,LMN.V,,24.59000015258789,24.6299991607666,24.565000534057617,24.565000534057617,1100.0
2026-08-20 10:54:00,MMA.V,,0.6399999856948853,0.6399999856948853,0.6399999856948853,0.6399999856948853,500.0
2026-08-20 10:54:00,MMG.V,,0.24500000476837158,0.24500000476837158,0.24500000476837158,0.24500000476837158,500.0
2026-08-20 10:54:00,TUF.V,,0.7099999785423279,0.7099999785423279,0.7099999785423279,0.7099999785423279,2000.0
2026-08-20 10:55:00,FOR.V,,0.7099999785423279,0.7099999785423279,0.7099999785423279,0.7099999785423279,3000.0
2026-08-20 10:55:00,GMG.V,,2.0999999046325684,2.0999999046325684,2.0999999046325684,2.0999999046325684,2100.0
2026-08-20 10:55:00,GOT.V,,1.75,1.75,1.75,1.75,200.0
2026-08-20 10:55:00,HITI.V,,3.359999895095825,3.359999895095825,3.359999895095825,3.359999895095825,100.0
2026-08-20 10:55:00,HME.V,,2.7200000286102295,2.7200000286102295,2.7200000286102295,2.7200000286102295,800.0
2026-08-20 10:55:00,HMR.V,,0.4749999940395355,0.4749999940395355,0.4749999940395355,0.4749999940395355,1000.0
2026-08-20 10:55:00,HSTR.V,,2.299999952316284,2.299999952316284,2.299999952316284,2.299999952316284,400.0
2026-08-20 10:55:00,KFR.V,,1.2799999713897705,1.2799999713897705,1.2799999713897705,1.2799999713897705,800.0
2026-08-20 10:55:00,LMN.V,,24.5,24.635000228881836,24.5,24.540000915527344,4800.0
2026-08-20 10:55:00,MERG.V,,0.8500000238418579,0.8500000238418579,0.8500000238418579,0.8500000238418579,581.0
2026-08-20 10:55:00,MKO.V,,14.229999542236328,14.229999542236328,14.229999542236328,14.229999542236328,100.0
2026-08-20 10:55:00,MMA.V,,0.6399999856948853,0.6399999856948853,0.6399999856948853,0.6399999856948853,500.0
2026-08-20 10:55:00,MMG.V,,0.24500000476837158,0.24500000476837158,0.24500000476837158,0.24500000476837158,58700.0
2026-08-20 10:56:00,ESK.V,,0.35499998927116394,0.35499998927116394,0.35499998927116394,0.35499998927116394,500.0
2026-08-20 10:56:00,GOT.V,,1.75,1.75,1.75,1.75,200.0
2026-08-20 10:56:00,GSI.V,,1.690000057220459,1.690000057220459,1.690000057220459,1.690000057220459,1400.0
2026-08-20 10:56:00,HSTR.V,,2.309999942779541,2.309999942779541,2.305000066757202,2.305000066757202,950.0
2026-08-20 10:56:00,ITR.V,,3.859999895095825,3.859999895095825,3.859999895095825,3.859999895095825,100.0
2026-08-20 10:56:00,JUGR.V,,1.3799999952316284,1.3799999952316284,1.3799999952316284,1.3799999952316284,400.0
2026-08-20 10:56:00,KFR.V,,1.2799999713897705,1.2799999713897705,1.2799999713897705,1.2799999713897705,100.0
2026-08-20 10:56:00,KTN.V,,1.3350000381469727,1.3350000381469727,1.3350000381469727,1.3350000381469727,100.0
2026-08-20 10:56:00,LA.V,,13.199999809265137,13.199999809265137,13.199999809265137,13.199999809265137,100.0
2026-08-20 10:56:00,LG.V,,0.38499999046325684,0.38499999046325684,0.38499999046325684,0.38499999046325684,8000.0
2026-08-20 10:56:00,LIO.V,,0.1850000023841858,0.1850000023841858,0.18000000715255737,0.18000000715255737,655999.0
2026-08-20 10:56:00,LMN.V,,24.704999923706055,24.704999923706055,24.59000015258789,24.600000381469727,4100.0
2026-08-20 10:56:00,LMR.V,,0.11999999731779099,0.11999999731779099,0.11999999731779099,0.11999999731779099,500.0
2026-08-20 10:56:00,LUCA.V,,1.0399999618530273,1.0399999618530273,1.0399999618530273,1.0399999618530273,22369.0
2026-08-20 10:56:00,MLP.V,,2.8399999141693115,2.8399999141693115,2.8399999141693115,2.8399999141693115,400.0
2026-08-20 10:56:00,PNG.V,,5.869999885559082,5.869999885559082,5.869999885559082,5.869999885559082,200.0
2026-08-20 10:57:00,AUEN.V,,0.29499998688697815,0.29499998688697815,0.29499998688697815,0.29499998688697815,0.0
2026-08-20 10:57:00,BIG.V,,1.340000033378601,1.340000033378601,1.340000033378601,1.340000033378601,135.0
2026-08-20 10:57:00,GLAD.V,,2.7899999618530273,2.7899999618530273,2.7899999618530273,2.7899999618530273,100.0
2026-08-20 10:57:00,HME.V,,2.7100000381469727,2.7100000381469727,2.7100000381469727,2.7100000381469727,1600.0
2026-08-20 10:57:00,ITR.V,,3.859999895095825,3.859999895095825,3.859999895095825,3.859999895095825,200.0
2026-08-20 10:57:00,LIO.V,,0.1899999976158142,0.1899999976158142,0.1899999976158142,0.1899999976158142,50000.0
2026-08-20 10:57:00,LTX.V,,0.15000000596046448,0.15000000596046448,0.15000000596046448,0.15000000596046448,0.0
2026-08-20 10:57:00,LUCA.V,,1.0399999618530273,1.0399999618530273,1.0399999618530273,1.0399999618530273,18800.0
2026-08-20 10:57:00,PNG.V,,5.860000133514404,5.869999885559082,5.849999904632568,5.869999885559082,46686.0
2026-08-20 10:58:00,BIG.V,,1.3300000429153442,1.3300000429153442,1.3300000429153442,1.3300000429153442,1000.0
2026-08-20 10:58:00,GOOD.V,,0.18000000715255737,0.20000000298023224,0.18000000715255737,0.18000000715255737,8500.0
2026-08-20 10:58:00,GOT.V,,1.7599999904632568,1.7599999904632568,1.75,1.7549999952316284,6100.0
2026-08-20 10:58:00,GSVR.V,,0.5600000023841858,0.5600000023841858,0.5600000023841858,0.5600000023841858,1000.0
2026-08-20 10:58:00,ICM.V,,0.054999999701976776,0.054999999701976776,0.054999999701976776,0.054999999701976776,21000.0
2026-08-20 10:58:00,KFR.V,,1.2799999713897705,1.2799999713897705,1.2799999713897705,1.2799999713897705,200.0
2026-08-20 10:58:00,KTN.V,,1.3350000381469727,1.3350000381469727,1.3350000381469727,1.3350000381469727,100.0
2026-08-20 10:58:00,LCX.V,,1.7999999523162842,1.7999999523162842,1.7999999523162842,1.7999999523162842,200.0
2026-08-20 10:58:00,LMN.V,,24.709999084472656,24.709999084472656,24.709999084472656,24.709999084472656,300.0
2026-08-20 10:58:00,LUCA.V,,1.0399999618530273,1.0399999618530273,1.0399999618530273,1.0399999618530273,100.0
2026-08-20 10:58:00,MLP.V,,2.8399999141693115,2.8399999141693115,2.8399999141693115,2.8399999141693115,100.0
2026-08-20 10:58:00,PNG.V,,5.869999885559082,5.880000114440918,5.869999885559082,5.869999885559082,3100.0
2026-08-20 10:58:00,ZNG.V,,0.800000011920929,0.800000011920929,0.800000011920929,0.800000011920929,500.0
2026-08-20 10:59:00,FDR.V,,6.0,6.010000228881836,6.0,6.010000228881836,900.0
2026-08-20 10:59:00,GOOD.V,,0.20000000298023224,0.20000000298023224,0.20000000298023224,0.20000000298023224,11350.0
2026-08-20 10:59:00,GWM.V,,0.6000000238418579,0.6000000238418579,0.6000000238418579,0.6000000238418579,500.0
2026-08-20 10:59:00,KFR.V,,1.2799999713897705,1.2799999713897705,1.2799999713897705,1.2799999713897705,100.0
2026-08-20 10:59:00,LUCA.V,,1.0499999523162842,1.0499999523162842,1.0499999523162842,1.0499999523162842,15670.0
2026-08-20 10:59:00,MLP.V,,2.859999895095825,2.859999895095825,2.8399999141693115,2.8450000286102295,756.0
2026-08-20 10:59:00,PNG.V,,5.880000114440918,5.880000114440918,5.880000114440918,5.880000114440918,500.0
2026-08-20 10:59:00,TUF.V,,0.7049999833106995,0.7049999833106995,0.7049999833106995,0.7049999833106995,500.0
2026-08-20 11:00:00,BIG.V,,1.340000033378601,1.340000033378601,1.340000033378601,1.340000033378601,300.0
2026-08-20 11:00:00,GAL.V,,0.5199999809265137,0.5199999809265137,0.5199999809265137,0.5199999809265137,133500.0
2026-08-20 11:00:00,GOT.V,,1.7599999904632568,1.7599999904632568,1.7599999904632568,1.7599999904632568,100.0
2026-08-20 11:00:00,GWM.V,,0.6000000238418579,0.6000000238418579,0.6000000238418579,0.6000000238418579,3000.0
2026-08-20 11:00:00,KFR.V,,1.2799999713897705,1.2799999713897705,1.2799999713897705,1.2799999713897705,100.0
2026-08-20 11:00:00,KLDC.V,,0.2750000059604645,0.2750000059604645,0.2750000059604645,0.2750000059604645,4000.0
2026-08-20 11:00:00,KTN.V,,1.3300000429153442,1.340000033378601,1.3300000429153442,1.340000033378601,3800.0
2026-08-20 11:00:00,LIO.V,,0.1899999976158142,0.1899999976158142,0.1899999976158142,0.1899999976158142,5000.0
2026-08-20 11:00:00,LITH.V,,0.4300000071525574,0.4300000071525574,0.4300000071525574,0.4300000071525574,9000.0
2026-08-20 11:00:00,LUCA.V,,1.0499999523162842,1.0499999523162842,1.0499999523162842,1.0499999523162842,500.0
2026-08-20 11:00:00,MKO.V,,14.279999732971191,14.279999732971191,14.270000457763672,14.270000457763672,400.0
2026-08-20 11:00:00,TUF.V,,0.7099999785423279,0.7099999785423279,0.7099999785423279,0.7099999785423279,25500.0
2026-08-20 11:01:00,BIG.V,,1.340000033378601,1.340000033378601,1.340000033378601,1.340000033378601,100.0
2026-08-20 11:01:00,FDR.V,,5.989999771118164,5.989999771118164,5.989999771118164,5.989999771118164,100.0
2026-08-20 11:01:00,FWZ.V,,3.2799999713897705,3.2799999713897705,3.2799999713897705,3.2799999713897705,1300.0
2026-08-20 11:01:00,GOT.V,,1.7599999904632568,1.7599999904632568,1.7599999904632568,1.7599999904632568,1000.0
2026-08-20 11:01:00,GRSL.V,,0.4399999976158142,0.4399999976158142,0.4399999976158142,0.4399999976158142,9000.0
2026-08-20 11:01:00,GSI.V,,1.7000000476837158,1.7000000476837158,1.7000000476837158,1.7000000476837158,1000.0
2026-08-20 11:01:00,HSTR.V,,2.319999933242798,2.319999933242798,2.305000066757202,2.309999942779541,10200.0
2026-08-20 11:01:00,IGO.V,,0.14499999582767487,0.14499999582767487,0.14499999582767487,0.14499999582767487,13500.0
2026-08-20 11:01:00,ITR.V,,3.880000114440918,3.880000114440918,3.880000114440918,3.880000114440918,700.0
2026-08-20 11:01:00,KFR.V,,1.2799999713897705,1.2799999713897705,1.2799999713897705,1.2799999713897705,100.0
2026-08-20 11:01:00,KNG.V,,1.090000033378601,1.090000033378601,1.090000033378601,1.090000033378601,100.0
2026-08-20 11:01:00,KRY.V,,3.5299999713897705,3.5299999713897705,3.490000009536743,3.509999990463257,3700.0
2026-08-20 11:01:00,MKO.V,,14.289999961853027,14.289999961853027,14.279999732971191,14.279999732971191,400.0
2026-08-20 11:01:00,PNG.V,,5.889999866485596,5.900000095367432,5.889999866485596,5.889999866485596,2148.0
2026-08-20 11:01:00,TUF.V,,0.7099999785423279,0.7099999785423279,0.7099999785423279,0.7099999785423279,29500.0
2026-08-20 11:02:00,FWZ.V,,3.2799999713897705,3.2799999713897705,3.2799999713897705,3.2799999713897705,810.0
2026-08-20 11:02:00,GPH.V,,0.9800000190734863,0.9800000190734863,0.9800000190734863,0.9800000190734863,1000.0
2026-08-20 11:02:00,GSVR.V,,0.5699999928474426,0.5699999928474426,0.5699999928474426,0.5699999928474426,89000.0
2026-08-20 11:02:00,HSTR.V,,2.309999942779541,2.309999942779541,2.309999942779541,2.309999942779541,1000.0
2026-08-20 11:02:00,IPT.V,,0.3050000071525574,0.3050000071525574,0.3050000071525574,0.3050000071525574,6000.0
2026-08-20 11:02:00,ITR.V,,3.890000104904175,3.890000104904175,3.890000104904175,3.890000104904175,2400.0
2026-08-20 11:02:00,KFR.V,,1.2699999809265137,1.2699999809265137,1.2699999809265137,1.2699999809265137,7600.0
2026-08-20 11:02:00,KNG.V,,1.0700000524520874,1.0700000524520874,1.0700000524520874,1.0700000524520874,1200.0
2026-08-20 11:02:00,LTH.V,,0.6200000047683716,0.6200000047683716,0.6200000047683716,0.6200000047683716,4000.0
2026-08-20 11:02:00,LUCA.V,,1.0499999523162842,1.0499999523162842,1.0499999523162842,1.0499999523162842,8500.0
2026-08-20 11:02:00,MKO.V,,14.34000015258789,14.350000381469727,14.319999694824219,14.319999694824219,1500.0
2026-08-20 11:02:00,MTA.V,,15.329999923706055,15.329999923706055,15.329999923706055,15.329999923706055,100.0
2026-08-20 11:02:00,PNG.V,,5.900000095367432,5.900000095367432,5.889999866485596,5.889999866485596,600.0
2026-08-20 11:02:00,TUF.V,,0.7099999785423279,0.7099999785423279,0.7099999785423279,0.7099999785423279,147750.0
2026-08-20 11:03:00,FMS.V,,0.4449999928474426,0.4449999928474426,0.4449999928474426,0.4449999928474426,2000.0
2026-08-20 11:03:00,FWZ.V,,3.2799999713897705,3.2799999713897705,3.2799999713897705,3.2799999713897705,1500.0
2026-08-20 11:03:00,GG.V,,2.990000009536743,2.990000009536743,2.990000009536743,2.990000009536743,1000.0
2026-08-20 11:03:00,GOT.V,,1.7699999809265137,1.7699999809265137,1.7699999809265137,1.7699999809265137,3454.0
2026-08-20 11:03:00,GRSL.V,,0.4449999928474426,0.4449999928474426,0.4399999976158142,0.4449999928474426,527671.0
2026-08-20 11:03:00,GSI.V,,1.7000000476837158,1.7000000476837158,1.7000000476837158,1.7000000476837158,700.0
2026-08-20 11:03:00,GSVR.V,,0.5799999833106995,0.5799999833106995,0.5799999833106995,0.5799999833106995,5212.0
2026-08-20 11:03:00,HME.V,,2.7200000286102295,2.7200000286102295,2.7200000286102295,2.7200000286102295,100.0
2026-08-20 11:03:00,ITR.V,,3.880000114440918,3.880000114440918,3.880000114440918,3.880000114440918,500.0
2026-08-20 11:03:00,JG.V,,0.05999999865889549,0.05999999865889549,0.05999999865889549,0.05999999865889549,122000.0
2026-08-20 11:03:00,LIFT.V,,2.5799999237060547,2.630000114440918,2.5799999237060547,2.630000114440918,1900.0
2026-08-20 11:03:00,LMN.V,,24.645000457763672,24.645000457763672,24.5,24.59000015258789,2100.0
2026-08-20 11:03:00,MFG.V,,4.159999847412109,4.159999847412109,4.159999847412109,4.159999847412109,100.0
2026-08-20 11:03:00,MKO.V,,14.359999656677246,14.359999656677246,14.329999923706055,14.329999923706055,431.0
2026-08-20 11:03:00,PNG.V,,5.889999866485596,5.900000095367432,5.889999866485596,5.889999866485596,1400.0
2026-08-20 11:04:00,GRSL.V,,0.4449999928474426,0.4449999928474426,0.4449999928474426,0.4449999928474426,4448.0
2026-08-20 11:04:00,HSTR.V,,2.309999942779541,2.309999942779541,2.309999942779541,2.309999942779541,2500.0
2026-08-20 11:04:00,ITR.V,,3.890000104904175,3.890000104904175,3.890000104904175,3.890000104904175,100.0
2026-08-20 11:04:00,KNG.V,,1.0499999523162842,1.059999942779541,1.0499999523162842,1.059999942779541,4609.0
2026-08-20 11:04:00,LGC.V,,2.859999895095825,2.9000000953674316,2.859999895095825,2.9000000953674316,3400.0
2026-08-20 11:04:00,LIO.V,,0.1899999976158142,0.1899999976158142,0.1899999976158142,0.1899999976158142,207900.0
2026-08-20 11:04:00,LRA.V,,4.369999885559082,4.369999885559082,4.369999885559082,4.369999885559082,100.0
2026-08-20 11:04:00,LUCA.V,,1.0499999523162842,1.0499999523162842,1.0499999523162842,1.0499999523162842,8100.0
2026-08-20 11:04:00,MFG.V,,4.170000076293945,4.190000057220459,4.170000076293945,4.170000076293945,200.0
2026-08-20 11:04:00,MJS.V,,0.10000000149011612,0.10000000149011612,0.10000000149011612,0.10000000149011612,1000.0
2026-08-20 11:04:00,PNG.V,,5.900000095367432,5.909999847412109,5.900000095367432,5.900000095367432,1751.0
2026-08-20 11:05:00,BIG.V,,1.3300000429153442,1.340000033378601,1.3300000429153442,1.340000033378601,93100.0
2026-08-20 11:05:00,GRSL.V,,0.4449999928474426,0.4449999928474426,0.4449999928474426,0.4449999928474426,8500.0
2026-08-20 11:05:00,GSR.V,,0.38999998569488525,0.38999998569488525,0.38999998569488525,0.38999998569488525,2000.0
2026-08-20 11:05:00,GSVR.V,,0.5799999833106995,0.5799999833106995,0.5799999833106995,0.5799999833106995,1250.0
2026-08-20 11:05:00,GWM.V,,0.6000000238418579,0.6000000238418579,0.6000000238418579,0.6000000238418579,1000.0
2026-08-20 11:05:00,HME.V,,2.7100000381469727,2.7100000381469727,2.7100000381469727,2.7100000381469727,100.0
2026-08-20 11:05:00,HSTR.V,,2.309999942779541,2.309999942779541,2.309999942779541,2.309999942779541,100.0
2026-08-20 11:05:00,KFR.V,,1.2699999809265137,1.2699999809265137,1.2699999809265137,1.2699999809265137,100.0
2026-08-20 11:05:00,KNG.V,,1.0499999523162842,1.0499999523162842,1.0499999523162842,1.0499999523162842,5000.0
2026-08-20 11:05:00,LMN.V,,24.549999237060547,24.59000015258789,24.549999237060547,24.59000015258789,1700.0
2026-08-20 11:05:00,MFG.V,,4.170000076293945,4.170000076293945,4.170000076293945,4.170000076293945,300.0
2026-08-20 11:05:00,TUF.V,,0.7149999737739563,0.7149999737739563,0.7149999737739563,0.7149999737739563,500.0
2026-08-20 11:06:00,BIG.V,,1.3350000381469727,1.3350000381469727,1.3350000381469727,1.3350000381469727,3000.0
2026-08-20 11:06:00,FYL.V,,0.0949999988079071,0.0949999988079071,0.0949999988079071,0.0949999988079071,500.0
2026-08-20 11:06:00,GAL.V,,0.5199999809265137,0.5299999713897705,0.5199999809265137,0.5299999713897705,1470.0
2026-08-20 11:06:00,GOT.V,,1.7699999809265137,1.7699999809265137,1.7699999809265137,1.7699999809265137,1100.0
2026-08-20 11:06:00,GQC.V,,1.0199999809265137,1.0199999809265137,1.0199999809265137,1.0199999809265137,500.0
2026-08-20 11:06:00,GRSL.V,,0.4399999976158142,0.4399999976158142,0.4399999976158142,0.4399999976158142,23644.0
2026-08-20 11:06:00,GSVR.V,,0.5799999833106995,0.5799999833106995,0.574999988079071,0.574999988079071,1000.0
2026-08-20 11:06:00,HME.V,,2.7149999141693115,2.7149999141693115,2.7100000381469727,2.7100000381469727,500.0
2026-08-20 11:06:00,HSTR.V,,2.305000066757202,2.305000066757202,2.305000066757202,2.305000066757202,100.0
2026-08-20 11:06:00,ITR.V,,3.890000104904175,3.890000104904175,3.880000114440918,3.880000114440918,200.0
2026-08-20 11:06:00,KFR.V,,1.2899999618530273,1.2899999618530273,1.2899999618530273,1.2899999618530273,100.0
2026-08-20 11:06:00,LMN.V,,24.6200008392334,24.6299991607666,24.6200008392334,24.6299991607666,300.0
2026-08-20 11:06:00,PNG.V,,5.889999866485596,5.889999866485596,5.889999866485596,5.889999866485596,300.0
2026-08-20 11:06:00,TUF.V,,0.7200000286102295,0.7200000286102295,0.7200000286102295,0.7200000286102295,803.0
2026-08-20 11:07:00,BIG.V,,1.340000033378601,1.340000033378601,1.340000033378601,1.340000033378601,300.0
2026-08-20 11:07:00,GAL.V,,0.5299999713897705,0.5299999713897705,0.5199999809265137,0.5199999809265137,1000.0
2026-08-20 11:07:00,GRSL.V,,0.4449999928474426,0.4449999928474426,0.4399999976158142,0.4399999976158142,3150.0
2026-08-20 11:07:00,GSR.V,,0.39500001072883606,0.39500001072883606,0.39500001072883606,0.39500001072883606,6000.0
2026-08-20 11:07:00,HME.V,,2.7200000286102295,2.7200000286102295,2.7200000286102295,2.7200000286102295,100.0
2026-08-20 11:07:00,HSTR.V,,2.309999942779541,2.309999942779541,2.309999942779541,2.309999942779541,200.0
2026-08-20 11:07:00,ITR.V,,3.890000104904175,3.890000104904175,3.890000104904175,3.890000104904175,1000.0
2026-08-20 11:07:00,KFR.V,,1.2899999618530273,1.2899999618530273,1.2899999618530273,1.2899999618530273,100.0
2026-08-20 11:07:00,KLD.V,,2.569999933242798,2.569999933242798,2.559999942779541,2.559999942779541,1400.0
2026-08-20 11:07:00,KTN.V,,1.340000033378601,1.340000033378601,1.3300000429153442,1.3300000429153442,1400.0
2026-08-20 11:07:00,LTH.V,,0.625,0.625,0.625,0.625,500.0
2026-08-20 11:07:00,MMG.V,,0.25,0.25,0.25,0.25,10000.0
2026-08-20 11:07:00,MTA.V,,15.34000015258789,15.34000015258789,15.3100004196167,15.3100004196167,1200.0
2026-08-20 11:07:00,PNG.V,,5.880000114440918,5.889999866485596,5.880000114440918,5.889999866485596,290.0
2026-08-20 11:08:00,FUU.V,,0.14000000059604645,0.14000000059604645,0.14000000059604645,0.14000000059604645,500.0
2026-08-20 11:08:00,FWZ.V,,3.299999952316284,3.299999952316284,3.2799999713897705,3.2799999713897705,2700.0
2026-08-20 11:08:00,GAL.V,,0.5199999809265137,0.5199999809265137,0.5199999809265137,0.5199999809265137,50000.0
2026-08-20 11:08:00,GQC.V,,1.0099999904632568,1.0099999904632568,1.0099999904632568,1.0099999904632568,1500.0
2026-08-20 11:08:00,GSVR.V,,0.574999988079071,0.574999988079071,0.574999988079071,0.574999988079071,500.0
2026-08-20 11:08:00,HSTR.V,,2.309999942779541,2.309999942779541,2.309999942779541,2.309999942779541,500.0
2026-08-20 11:08:00,INTR.V,,0.8199999928474426,0.8199999928474426,0.8199999928474426,0.8199999928474426,1000.0
2026-08-20 11:08:00,JUGR.V,,1.3799999952316284,1.3799999952316284,1.3799999952316284,1.3799999952316284,100.0
2026-08-20 11:08:00,KFR.V,,1.2899999618530273,1.2899999618530273,1.2899999618530273,1.2899999618530273,100.0
2026-08-20 11:08:00,KLDC.V,,0.2800000011920929,0.2800000011920929,0.2800000011920929,0.2800000011920929,500.0
2026-08-20 11:08:00,LFST.V,,0.054999999701976776,0.054999999701976776,0.054999999701976776,0.054999999701976776,11000.0
2026-08-20 11:08:00,LMN.V,,24.520000457763672,24.604999542236328,24.520000457763672,24.604999542236328,700.0
2026-08-20 11:08:00,LUCA.V,,1.0399999618530273,1.0399999618530273,1.0399999618530273,1.0399999618530273,3600.0
2026-08-20 11:08:00,MERG.V,,0.8399999737739563,0.8500000238418579,0.8399999737739563,0.8399999737739563,10010.0
2026-08-20 11:08:00,MKO.V,,14.380000114440918,14.380000114440918,14.350000381469727,14.350000381469727,7600.0
2026-08-20 11:08:00,MTA.V,,15.329999923706055,15.329999923706055,15.329999923706055,15.329999923706055,100.0
2026-08-20 11:08:00,PNG.V,,5.889999866485596,5.889999866485596,5.885000228881836,5.885000228881836,100.0
2026-08-20 11:08:00,TUF.V,,0.7200000286102295,0.7200000286102295,0.7200000286102295,0.7200000286102295,1000.0
2026-08-20 11:08:00,ZNG.V,,0.8199999928474426,0.8199999928474426,0.8199999928474426,0.8199999928474426,500.0
2026-08-20 11:09:00,FUU.V,,0.14000000059604645,0.14000000059604645,0.14000000059604645,0.14000000059604645,4500.0
2026-08-20 11:09:00,GOT.V,,1.7699999809265137,1.7699999809265137,1.7699999809265137,1.7699999809265137,300.0
2026-08-20 11:09:00,GPM.V,,0.07500000298023224,0.07500000298023224,0.07500000298023224,0.07500000298023224,0.0
2026-08-20 11:09:00,GSVR.V,,0.5799999833106995,0.5799999833106995,0.5799999833106995,0.5799999833106995,500.0
2026-08-20 11:09:00,HSTR.V,,2.309999942779541,2.309999942779541,2.305000066757202,2.309999942779541,4262.0
2026-08-20 11:09:00,INTR.V,,0.8199999928474426,0.8299999833106995,0.8199999928474426,0.8199999928474426,6000.0
2026-08-20 11:09:00,ITR.V,,3.880000114440918,3.880000114440918,3.880000114440918,3.880000114440918,100.0
2026-08-20 11:09:00,KFR.V,,1.2899999618530273,1.2899999618530273,1.2899999618530273,1.2899999618530273,100.0
2026-08-20 11:09:00,KNG.V,,1.0499999523162842,1.0499999523162842,1.0499999523162842,1.0499999523162842,6100.0
2026-08-20 11:09:00,KTN.V,,1.340000033378601,1.340000033378601,1.340000033378601,1.340000033378601,100.0
2026-08-20 11:09:00,LIFT.V,,2.6500000953674316,2.6500000953674316,2.6500000953674316,2.6500000953674316,1400.0
2026-08-20 11:09:00,MERG.V,,0.8299999833106995,0.8299999833106995,0.824999988079071,0.8299999833106995,2000.0
2026-08-20 11:09:00,PNG.V,,5.889999866485596,5.889999866485596,5.885000228881836,5.889999866485596,3000.0
2026-08-20 11:10:00,BIG.V,,1.340000033378601,1.340000033378601,1.340000033378601,1.340000033378601,600.0
2026-08-20 11:10:00,FWZ.V,,3.309999942779541,3.309999942779541,3.299999952316284,3.299999952316284,3100.0
2026-08-20 11:10:00,GMG.V,,2.0899999141693115,2.0899999141693115,2.0899999141693115,2.0899999141693115,1000.0
2026-08-20 11:10:00,GQC.V,,1.0,1.0,1.0,1.0,500.0
2026-08-20 11:10:00,GSR.V,,0.39500001072883606,0.39500001072883606,0.39500001072883606,0.39500001072883606,6500.0
2026-08-20 11:10:00,HME.V,,2.7149999141693115,2.7149999141693115,2.7149999141693115,2.7149999141693115,100.0
2026-08-20 11:10:00,HSTR.V,,2.315000057220459,2.315000057220459,2.315000057220459,2.315000057220459,200.0
2026-08-20 11:10:00,ITR.V,,3.9000000953674316,3.9000000953674316,3.884999990463257,3.884999990463257,1300.0
2026-08-20 11:10:00,JUGR.V,,1.3799999952316284,1.3799999952316284,1.3799999952316284,1.3799999952316284,100.0
2026-08-20 11:10:00,KFR.V,,1.2899999618530273,1.2899999618530273,1.2899999618530273,1.2899999618530273,100.0
2026-08-20 11:10:00,LCX.V,,1.7799999713897705,1.7799999713897705,1.7699999809265137,1.7799999713897705,43200.0
2026-08-20 11:10:00,LIFT.V,,2.619999885559082,2.630000114440918,2.619999885559082,2.630000114440918,1100.0
2026-08-20 11:10:00,LMN.V,,24.600000381469727,24.600000381469727,24.600000381469727,24.600000381469727,100.0
2026-08-20 11:10:00,MKO.V,,14.40999984741211,14.40999984741211,14.399999618530273,14.399999618530273,300.0
2026-08-20 11:11:00,FDR.V,,5.980000019073486,5.980000019073486,5.980000019073486,5.980000019073486,100.0
2026-08-20 11:11:00,GPAC.V,,0.3499999940395355,0.3499999940395355,0.3499999940395355,0.3499999940395355,500.0
2026-08-20 11:11:00,GSR.V,,0.38999998569488525,0.38999998569488525,0.38999998569488525,0.38999998569488525,12000.0
2026-08-20 11:11:00,GSTM.V,,0.19499999284744263,0.19499999284744263,0.19499999284744263,0.19499999284744263,3000.0
2026-08-20 11:11:00,GWM.V,,0.6000000238418579,0.6000000238418579,0.6000000238418579,0.6000000238418579,500.0
2026-08-20 11:11:00,IPT.V,,0.3050000071525574,0.3050000071525574,0.3050000071525574,0.3050000071525574,5000.0
2026-08-20 11:11:00,ITR.V,,3.890000104904175,3.890000104904175,3.890000104904175,3.890000104904175,300.0
2026-08-20 11:11:00,JUGR.V,,1.3899999856948853,1.3899999856948853,1.3899999856948853,1.3899999856948853,300.0
2026-08-20 11:11:00,KFR.V,,1.2899999618530273,1.2899999618530273,1.2899999618530273,1.2899999618530273,100.0
2026-08-20 11:11:00,KNG.V,,1.0499999523162842,1.0499999523162842,1.0499999523162842,1.0499999523162842,5100.0
2026-08-20 11:11:00,KTN.V,,1.340000033378601,1.340000033378601,1.340000033378601,1.340000033378601,100.0
2026-08-20 11:11:00,LCX.V,,1.7799999713897705,1.7799999713897705,1.7799999713897705,1.7799999713897705,12200.0
2026-08-20 11:11:00,LMN.V,,24.549999237060547,24.549999237060547,24.549999237060547,24.549999237060547,300.0
2026-08-20 11:11:00,MTA.V,,15.289999961853027,15.289999961853027,15.289999961853027,15.289999961853027,100.0
2026-08-20 11:11:00,PNG.V,,5.880000114440918,5.889999866485596,5.880000114440918,5.889999866485596,1730.0
2026-08-20 11:12:00,BIG.V,,1.350000023841858,1.350000023841858,1.350000023841858,1.350000023841858,500.0
2026-08-20 11:12:00,GOT.V,,1.7699999809265137,1.7699999809265137,1.7699999809265137,1.7699999809265137,2700.0
2026-08-20 11:12:00,GPAC.V,,0.3499999940395355,0.3499999940395355,0.3499999940395355,0.3499999940395355,9000.0
2026-08-20 11:12:00,GSR.V,,0.39500001072883606,0.39500001072883606,0.39500001072883606,0.39500001072883606,7000.0
2026-08-20 11:12:00,GSVR.V,,0.5799999833106995,0.5799999833106995,0.5799999833106995,0.5799999833106995,500.0
2026-08-20 11:12:00,HSTR.V,,2.319999933242798,2.319999933242798,2.319999933242798,2.319999933242798,600.0
2026-08-20 11:12:00,ITR.V,,3.9100000858306885,3.9100000858306885,3.9000000953674316,3.9000000953674316,700.0
2026-08-20 11:12:00,JUGR.V,,1.3899999856948853,1.3899999856948853,1.3899999856948853,1.3899999856948853,200.0
2026-08-20 11:12:00,KDK.V,,0.7900000214576721,0.7900000214576721,0.7900000214576721,0.7900000214576721,500.0
2026-08-20 11:12:00,KFR.V,,1.2899999618530273,1.2899999618530273,1.2899999618530273,1.2899999618530273,100.0
2026-08-20 11:12:00,LMN.V,,24.399999618530273,24.510000228881836,24.399999618530273,24.510000228881836,2000.0
2026-08-20 11:12:00,PNG.V,,5.875,5.875,5.875,5.875,400.0
2026-08-20 11:13:00,BIG.V,,1.350000023841858,1.350000023841858,1.350000023841858,1.350000023841858,200.0
2026-08-20 11:13:00,EXG.V,,0.10499999672174454,0.10499999672174454,0.10499999672174454,0.10499999672174454,0.0
2026-08-20 11:13:00,FDR.V,,5.989999771118164,5.989999771118164,5.989999771118164,5.989999771118164,600.0
2026-08-20 11:13:00,FWZ.V,,3.309999942779541,3.309999942779541,3.309999942779541,3.309999942779541,100.0
2026-08-20 11:13:00,GLDN.V,,0.06499999761581421,0.06499999761581421,0.06499999761581421,0.06499999761581421,20000.0
2026-08-20 11:13:00,GRSL.V,,0.4449999928474426,0.4449999928474426,0.4449999928474426,0.4449999928474426,19500.0
2026-08-20 11:13:00,GSR.V,,0.39500001072883606,0.39500001072883606,0.39500001072883606,0.39500001072883606,47116.0
2026-08-20 11:13:00,GSVR.V,,0.5799999833106995,0.5799999833106995,0.5799999833106995,0.5799999833106995,289000.0
2026-08-20 11:13:00,HITI.V,,3.380000114440918,3.380000114440918,3.380000114440918,3.380000114440918,100.0
2026-08-20 11:13:00,HME.V,,2.7300000190734863,2.7300000190734863,2.7149999141693115,2.7149999141693115,18800.0
2026-08-20 11:13:00,HSTR.V,,2.3299999237060547,2.3299999237060547,2.3299999237060547,2.3299999237060547,100.0
2026-08-20 11:13:00,KTN.V,,1.3450000286102295,1.3450000286102295,1.3450000286102295,1.3450000286102295,100.0
2026-08-20 11:13:00,LCX.V,,1.7899999618530273,1.7899999618530273,1.7799999713897705,1.7799999713897705,200.0
2026-08-20 11:13:00,LIFT.V,,2.680000066757202,2.680000066757202,2.680000066757202,2.680000066757202,100.0
2026-08-20 11:13:00,LMN.V,,24.510000228881836,24.510000228881836,24.510000228881836,24.510000228881836,200.0
2026-08-20 11:13:00,LTH.V,,0.6399999856948853,0.6399999856948853,0.6299999952316284,0.6299999952316284,50500.0
2026-08-20 11:13:00,LUCA.V,,1.0499999523162842,1.0499999523162842,1.0499999523162842,1.0499999523162842,400.0
2026-08-20 11:13:00,MFG.V,,4.190000057220459,4.190000057220459,4.190000057220459,4.190000057220459,100.0
2026-08-20 11:13:00,MGM.V,,2.869999885559082,2.869999885559082,2.869999885559082,2.869999885559082,200.0
2026-08-20 11:13:00,MKO.V,,14.5,14.5,14.4399995803833,14.4399995803833,1300.0
2026-08-20 11:13:00,PNG.V,,5.880000114440918,5.880000114440918,5.875,5.880000114440918,1600.0
2026-08-20 11:13:00,TUF.V,,0.7149999737739563,0.7149999737739563,0.7149999737739563,0.7149999737739563,500.0
2026-08-20 11:14:00,BIG.V,,1.350000023841858,1.350000023841858,1.350000023841858,1.350000023841858,300.0
2026-08-20 11:14:00,FUU.V,,0.14499999582767487,0.14499999582767487,0.14499999582767487,0.14499999582767487,305663.0
2026-08-20 11:14:00,GQC.V,,1.0099999904632568,1.0099999904632568,1.0099999904632568,1.0099999904632568,9000.0
2026-08-20 11:14:00,GRSL.V,,0.44999998807907104,0.44999998807907104,0.44999998807907104,0.44999998807907104,7000.0
2026-08-20 11:14:00,GSR.V,,0.39500001072883606,0.39500001072883606,0.39500001072883606,0.39500001072883606,500.0
2026-08-20 11:14:00,GSVR.V,,0.5899999737739563,0.5899999737739563,0.5899999737739563,0.5899999737739563,500.0
2026-08-20 11:14:00,HAM.V,,6.099999904632568,6.099999904632568,6.099999904632568,6.099999904632568,200.0
2026-08-20 11:14:00,HME.V,,2.7200000286102295,2.7249999046325684,2.7200000286102295,2.7249999046325684,700.0
2026-08-20 11:14:00,IGO.V,,0.14249999821186066,0.14249999821186066,0.14249999821186066,0.14249999821186066,1500.0
2026-08-20 11:14:00,ITR.V,,3.9200000762939453,3.9200000762939453,3.9200000762939453,3.9200000762939453,3500.0
2026-08-20 11:14:00,KFR.V,,1.2899999618530273,1.2899999618530273,1.2899999618530273,1.2899999618530273,100.0
2026-08-20 11:14:00,KLDC.V,,0.2800000011920929,0.2800000011920929,0.2800000011920929,0.2800000011920929,500.0
2026-08-20 11:14:00,KTN.V,,1.350000023841858,1.350000023841858,1.350000023841858,1.350000023841858,9300.0
2026-08-20 11:14:00,LA.V,,13.199999809265137,13.199999809265137,13.199999809265137,13.199999809265137,1100.0
2026-08-20 11:14:00,LG.V,,0.38999998569488525,0.38999998569488525,0.38999998569488525,0.38999998569488525,7200.0
2026-08-20 11:14:00,LME.V,,0.12999999523162842,0.12999999523162842,0.12999999523162842,0.12999999523162842,500.0
2026-08-20 11:14:00,LMN.V,,24.510000228881836,24.510000228881836,24.510000228881836,24.510000228881836,100.0
2026-08-20 11:14:00,LTH.V,,0.6399999856948853,0.6399999856948853,0.6399999856948853,0.6399999856948853,500.0
2026-08-20 11:14:00,LUCA.V,,1.0499999523162842,1.0499999523162842,1.0499999523162842,1.0499999523162842,200.0
2026-08-20 11:15:00,BIG.V,,1.350000023841858,1.350000023841858,1.350000023841858,1.350000023841858,100.0
2026-08-20 11:15:00,FDR.V,,6.0,6.0,6.0,6.0,520.0
2026-08-20 11:15:00,GIGA.V,,0.07500000298023224,0.07500000298023224,0.07500000298023224,0.07500000298023224,0.0
2026-08-20 11:15:00,GOT.V,,1.774999976158142,1.774999976158142,1.774999976158142,1.774999976158142,3500.0
2026-08-20 11:15:00,GPM.V,,0.07999999821186066,0.07999999821186066,0.07999999821186066,0.07999999821186066,10000.0
2026-08-20 11:15:00,GRSL.V,,0.44999998807907104,0.44999998807907104,0.44999998807907104,0.44999998807907104,264800.0
2026-08-20 11:15:00,GSR.V,,0.39500001072883606,0.39500001072883606,0.39500001072883606,0.39500001072883606,4000.0
2026-08-20 11:15:00,GSVR.V,,0.5849999785423279,0.5849999785423279,0.5849999785423279,0.5849999785423279,1500.0
2026-08-20 11:15:00,HPQ.V,,0.14499999582767487,0.14499999582767487,0.14499999582767487,0.14499999582767487,160260.0
2026-08-20 11:15:00,HSTR.V,,2.3350000381469727,2.3350000381469727,2.3350000381469727,2.3350000381469727,100.0
2026-08-20 11:15:00,IPT.V,,0.3050000071525574,0.3050000071525574,0.3050000071525574,0.3050000071525574,500.0
2026-08-20 11:15:00,ITR.V,,3.9100000858306885,3.9100000858306885,3.9100000858306885,3.9100000858306885,300.0
2026-08-20 11:15:00,KFR.V,,1.2899999618530273,1.2899999618530273,1.2899999618530273,1.2899999618530273,100.0
2026-08-20 11:15:00,KRY.V,,3.490000009536743,3.490000009536743,3.490000009536743,3.490000009536743,100.0
2026-08-20 11:15:00,KTN.V,,1.350000023841858,1.350000023841858,1.350000023841858,1.350000023841858,3100.0
2026-08-20 11:15:00,LCX.V,,1.7799999713897705,1.7799999713897705,1.7799999713897705,1.7799999713897705,200.0
2026-08-20 11:15:00,LTH.V,,0.6299999952316284,0.6299999952316284,0.6299999952316284,0.6299999952316284,1000.0
2026-08-20 11:15:00,LUCA.V,,1.059999942779541,1.059999942779541,1.059999942779541,1.059999942779541,200.0
2026-08-20 11:15:00,MFG.V,,4.190000057220459,4.190000057220459,4.190000057220459,4.190000057220459,800.0
2026-08-20 11:15:00,MKO.V,,14.460000038146973,14.489999771118164,14.4399995803833,14.489999771118164,1800.0
2026-08-20 11:15:00,PNG.V,,5.880000114440918,5.889999866485596,5.880000114440918,5.889999866485596,300.0
2026-08-20 11:16:00,BIG.V,,1.350000023841858,1.3600000143051147,1.350000023841858,1.350000023841858,28400.0
2026-08-20 11:16:00,FWZ.V,,3.309999942779541,3.309999942779541,3.309999942779541,3.309999942779541,600.0
2026-08-20 11:16:00,GAL.V,,0.5299999713897705,0.5299999713897705,0.5299999713897705,0.5299999713897705,10000.0
2026-08-20 11:16:00,GLDN.V,,0.06499999761581421,0.06499999761581421,0.06499999761581421,0.06499999761581421,81000.0
2026-08-20 11:16:00,GSVR.V,,0.5849999785423279,0.5849999785423279,0.5849999785423279,0.5849999785423279,4500.0
2026-08-20 11:16:00,HAM.V,,6.03000020980835,6.059999942779541,6.03000020980835,6.059999942779541,2300.0
2026-08-20 11:16:00,IGO.V,,0.14499999582767487,0.14499999582767487,0.14499999582767487,0.14499999582767487,25000.0
2026-08-20 11:16:00,IPT.V,,0.3050000071525574,0.3050000071525574,0.3050000071525574,0.3050000071525574,2500.0
2026-08-20 11:16:00,KNG.V,,1.0399999618530273,1.0399999618530273,1.0399999618530273,1.0399999618530273,18600.0
2026-08-20 11:16:00,KTN.V,,1.3650000095367432,1.3650000095367432,1.3600000143051147,1.3600000143051147,1400.0
2026-08-20 11:16:00,LCX.V,,1.7799999713897705,1.7799999713897705,1.7799999713897705,1.7799999713897705,100.0
2026-08-20 11:16:00,LIO.V,,0.1899999976158142,0.1899999976158142,0.1899999976158142,0.1899999976158142,21500.0
2026-08-20 11:16:00,LTH.V,,0.6299999952316284,0.6299999952316284,0.6299999952316284,0.6299999952316284,1000.0
2026-08-20 11:16:00,MMA.V,,0.6399999856948853,0.6399999856948853,0.6399999856948853,0.6399999856948853,500.0
2026-08-20 11:16:00,PNG.V,,5.869999885559082,5.869999885559082,5.869999885559082,5.869999885559082,840.0
2026-08-20 11:17:00,FWZ.V,,3.309999942779541,3.309999942779541,3.309999942779541,3.309999942779541,700.0
2026-08-20 11:17:00,GSVR.V,,0.5849999785423279,0.5849999785423279,0.5799999833106995,0.5849999785423279,9500.0
2026-08-20 11:17:00,HITI.V,,3.369999885559082,3.369999885559082,3.369999885559082,3.369999885559082,500.0
2026-08-20 11:17:00,HSTR.V,,2.3399999141693115,2.3399999141693115,2.3350000381469727,2.3399999141693115,6600.0
2026-08-20 11:17:00,KFR.V,,1.2899999618530273,1.2899999618530273,1.2899999618530273,1.2899999618530273,100.0
2026-08-20 11:17:00,KLD.V,,2.5199999809265137,2.5199999809265137,2.5199999809265137,2.5199999809265137,500.0
2026-08-20 11:17:00,KNG.V,,1.0399999618530273,1.0399999618530273,1.0399999618530273,1.0399999618530273,1500.0
2026-08-20 11:17:00,LCX.V,,1.7799999713897705,1.7799999713897705,1.7799999713897705,1.7799999713897705,100.0
2026-08-20 11:17:00,LIO.V,,0.19499999284744263,0.19499999284744263,0.19499999284744263,0.19499999284744263,9500.0
2026-08-20 11:17:00,LMS.V,,0.25999999046325684,0.25999999046325684,0.25999999046325684,0.25999999046325684,0.0
2026-08-20 11:17:00,LTH.V,,0.6399999856948853,0.6399999856948853,0.6349999904632568,0.6349999904632568,63500.0
2026-08-20 11:17:00,LUCA.V,,1.059999942779541,1.0700000524520874,1.059999942779541,1.059999942779541,13100.0
2026-08-20 11:17:00,MKO.V,,14.479999542236328,14.479999542236328,14.430000305175781,14.430000305175781,1500.0
2026-08-20 11:17:00,TUF.V,,0.7149999737739563,0.7149999737739563,0.7149999737739563,0.7149999737739563,2500.0
2026-08-20 11:18:00,BIG.V,,1.3550000190734863,1.3550000190734863,1.3550000190734863,1.3550000190734863,100.0
2026-08-20 11:18:00,FUU.V,,0.14499999582767487,0.14499999582767487,0.14499999582767487,0.14499999582767487,596375.0
2026-08-20 11:18:00,FWZ.V,,3.309999942779541,3.309999942779541,3.299999952316284,3.299999952316284,9700.0
2026-08-20 11:18:00,GGI.V,,0.06499999761581421,0.06499999761581421,0.06499999761581421,0.06499999761581421,0.0
2026-08-20 11:18:00,GSVR.V,,0.5899999737739563,0.5899999737739563,0.5849999785423279,0.5899999737739563,24194.0
2026-08-20 11:18:00,HSTR.V,,2.3399999141693115,2.3399999141693115,2.3399999141693115,2.3399999141693115,3900.0
2026-08-20 11:18:00,ITR.V,,3.9200000762939453,3.9200000762939453,3.9200000762939453,3.9200000762939453,203.0
2026-08-20 11:18:00,KTN.V,,1.3700000047683716,1.3700000047683716,1.3700000047683716,1.3700000047683716,4100.0
2026-08-20 11:18:00,LCX.V,,1.7799999713897705,1.7799999713897705,1.7799999713897705,1.7799999713897705,1300.0
2026-08-20 11:18:00,LMN.V,,24.510000228881836,24.510000228881836,24.510000228881836,24.510000228881836,100.0
2026-08-20 11:18:00,LUCA.V,,1.0549999475479126,1.0549999475479126,1.0549999475479126,1.0549999475479126,500.0
2026-08-20 11:18:00,MGM.V,,2.869999885559082,2.869999885559082,2.869999885559082,2.869999885559082,3500.0
2026-08-20 11:18:00,MJS.V,,0.10000000149011612,0.10000000149011612,0.10000000149011612,0.10000000149011612,24000.0
2026-08-20 11:18:00,MTA.V,,15.220000267028809,15.239999771118164,15.220000267028809,15.239999771118164,500.0
2026-08-20 11:18:00,TUF.V,,0.7149999737739563,0.7149999737739563,0.7149999737739563,0.7149999737739563,500.0
2026-08-20 11:18:00,ZNG.V,,0.8100000023841858,0.8100000023841858,0.8100000023841858,0.8100000023841858,3000.0
2026-08-20 11:19:00,BIG.V,,1.3550000190734863,1.3550000190734863,1.3550000190734863,1.3550000190734863,200.0
2026-08-20 11:19:00,FDR.V,,6.0,6.0,6.0,6.0,600.0
2026-08-20 11:19:00,FUU.V,,0.14499999582767487,0.14499999582767487,0.14499999582767487,0.14499999582767487,27000.0
2026-08-20 11:19:00,GAL.V,,0.5199999809265137,0.5199999809265137,0.5199999809265137,0.5199999809265137,500.0
2026-08-20 11:19:00,GSVR.V,,0.5899999737739563,0.5899999737739563,0.5899999737739563,0.5899999737739563,17000.0
2026-08-20 11:19:00,HSTR.V,,2.3299999237060547,2.3350000381469727,2.3299999237060547,2.3350000381469727,2300.0
2026-08-20 11:19:00,INTR.V,,0.8199999928474426,0.8199999928474426,0.8199999928474426,0.8199999928474426,1000.0
2026-08-20 11:19:00,IPT.V,,0.3050000071525574,0.3050000071525574,0.30250000953674316,0.3050000071525574,9000.0
2026-08-20 11:19:00,LCX.V,,1.7799999713897705,1.7799999713897705,1.7799999713897705,1.7799999713897705,100.0
2026-08-20 11:19:00,LG.V,,0.39500001072883606,0.39500001072883606,0.39500001072883606,0.39500001072883606,735.0
2026-08-20 11:19:00,LGC.V,,2.990000009536743,2.990000009536743,2.990000009536743,2.990000009536743,400.0
2026-08-20 11:19:00,LSTR.V,,0.06499999761581421,0.06499999761581421,0.06499999761581421,0.06499999761581421,1000.0
2026-08-20 11:19:00,LUCA.V,,1.059999942779541,1.059999942779541,1.059999942779541,1.059999942779541,200.0
2026-08-20 11:19:00,PNG.V,,5.869999885559082,5.880000114440918,5.864999771118164,5.864999771118164,2350.0
2026-08-20 11:20:00,BIG.V,,1.3550000190734863,1.3550000190734863,1.3550000190734863,1.3550000190734863,700.0
2026-08-20 11:20:00,FWZ.V,,3.309999942779541,3.309999942779541,3.309999942779541,3.309999942779541,100.0
2026-08-20 11:20:00,GAL.V,,0.5099999904632568,0.5099999904632568,0.5099999904632568,0.5099999904632568,83000.0
2026-08-20 11:20:00,GOT.V,,1.7799999713897705,1.7799999713897705,1.7799999713897705,1.7799999713897705,1300.0
2026-08-20 11:20:00,GRSL.V,,0.44999998807907104,0.44999998807907104,0.44999998807907104,0.44999998807907104,30500.0
2026-08-20 11:20:00,GSVR.V,,0.5899999737739563,0.5899999737739563,0.5899999737739563,0.5899999737739563,6500.0
2026-08-20 11:20:00,GWM.V,,0.6100000143051147,0.6100000143051147,0.6100000143051147,0.6100000143051147,7500.0
2026-08-20 11:20:00,HSTR.V,,2.3299999237060547,2.3399999141693115,2.3299999237060547,2.3399999141693115,2000.0
2026-08-20 11:20:00,INTR.V,,0.8199999928474426,0.8199999928474426,0.8199999928474426,0.8199999928474426,3500.0
2026-08-20 11:20:00,IPT.V,,0.3050000071525574,0.3050000071525574,0.3050000071525574,0.3050000071525574,23000.0
2026-08-20 11:20:00,ITR.V,,3.9100000858306885,3.9100000858306885,3.9100000858306885,3.9100000858306885,300.0
2026-08-20 11:20:00,KFR.V,,1.2899999618530273,1.2899999618530273,1.2899999618530273,1.2899999618530273,100.0
2026-08-20 11:20:00,KLDC.V,,0.2800000011920929,0.2800000011920929,0.2800000011920929,0.2800000011920929,500.0
2026-08-20 11:20:00,KTN.V,,1.3700000047683716,1.3700000047683716,1.3700000047683716,1.3700000047683716,100.0
2026-08-20 11:20:00,LUCA.V,,1.059999942779541,1.059999942779541,1.059999942779541,1.059999942779541,400.0
2026-08-20 11:20:00,MDX.V,,0.05000000074505806,0.05000000074505806,0.05000000074505806,0.05000000074505806,3000.0
2026-08-20 11:20:00,MKO.V,,14.470000267028809,14.470000267028809,14.470000267028809,14.470000267028809,200.0
2026-08-20 11:20:00,MMA.V,,0.6349999904632568,0.6349999904632568,0.6349999904632568,0.6349999904632568,500.0
2026-08-20 11:20:00,PNG.V,,5.869999885559082,5.869999885559082,5.860000133514404,5.860000133514404,1300.0
2026-08-20 11:20:00,TUF.V,,0.7149999737739563,0.7149999737739563,0.7149999737739563,0.7149999737739563,500.0
2026-08-20 11:21:00,BIG.V,,1.350000023841858,1.350000023841858,1.350000023841858,1.350000023841858,3785.0
2026-08-20 11:21:00,GG.V,,3.0199999809265137,3.0199999809265137,3.0199999809265137,3.0199999809265137,600.0
2026-08-20 11:21:00,GSVR.V,,0.5849999785423279,0.5899999737739563,0.5849999785423279,0.5899999737739563,5000.0
2026-08-20 11:21:00,HME.V,,2.7300000190734863,2.7300000190734863,2.7300000190734863,2.7300000190734863,900.0
2026-08-20 11:21:00,HSTR.V,,2.3299999237060547,2.3299999237060547,2.3299999237060547,2.3299999237060547,500.0
2026-08-20 11:21:00,INTR.V,,0.8199999928474426,0.8199999928474426,0.8199999928474426,0.8199999928474426,2000.0
2026-08-20 11:21:00,ITR.V,,3.9000000953674316,3.9000000953674316,3.9000000953674316,3.9000000953674316,100.0
2026-08-20 11:21:00,LA.V,,13.199999809265137,13.199999809265137,13.199999809265137,13.199999809265137,100.0
2026-08-20 11:21:00,LCX.V,,1.7799999713897705,1.7799999713897705,1.7799999713897705,1.7799999713897705,100.0
2026-08-20 11:21:00,LG.V,,0.38999998569488525,0.38999998569488525,0.38999998569488525,0.38999998569488525,4000.0
2026-08-20 11:21:00,LIO.V,,0.1899999976158142,0.1899999976158142,0.1899999976158142,0.1899999976158142,6500.0
2026-08-20 11:21:00,LMN.V,,24.540000915527344,24.540000915527344,24.540000915527344,24.540000915527344,335.0
2026-08-20 11:21:00,LTH.V,,0.6499999761581421,0.6499999761581421,0.6499999761581421,0.6499999761581421,500.0
2026-08-20 11:21:00,LUCA.V,,1.059999942779541,1.059999942779541,1.059999942779541,1.059999942779541,600.0
2026-08-20 11:21:00,MASS.V,,0.07000000029802322,0.07000000029802322,0.07000000029802322,0.07000000029802322,8000.0
2026-08-20 11:21:00,MKO.V,,14.4399995803833,14.449999809265137,14.4399995803833,14.449999809265137,900.0
2026-08-20 11:21:00,PNG.V,,5.869999885559082,5.869999885559082,5.869999885559082,5.869999885559082,862.0
2026-08-20 11:21:00,TUF.V,,0.7200000286102295,0.7200000286102295,0.7200000286102295,0.7200000286102295,1000.0
2026-08-20 11:21:00,VAND.V,,0.75,0.75,0.75,0.75,1200.0
2026-08-20 11:22:00,BIG.V,,1.340000033378601,1.340000033378601,1.340000033378601,1.340000033378601,10300.0
2026-08-20 11:22:00,FDR.V,,5.989999771118164,5.989999771118164,5.989999771118164,5.989999771118164,100.0
2026-08-20 11:22:00,FWZ.V,,3.309999942779541,3.309999942779541,3.309999942779541,3.309999942779541,100.0
2026-08-20 11:22:00,GOT.V,,1.7649999856948853,1.7699999809265137,1.7649999856948853,1.7699999809265137,6100.0
2026-08-20 11:22:00,GRSL.V,,0.44999998807907104,0.44999998807907104,0.44999998807907104,0.44999998807907104,7000.0
2026-08-20 11:22:00,GSI.V,,1.7000000476837158,1.7000000476837158,1.7000000476837158,1.7000000476837158,725.0
2026-08-20 11:22:00,GSVR.V,,0.5899999737739563,0.5899999737739563,0.5849999785423279,0.5849999785423279,4000.0
2026-08-20 11:22:00,HME.V,,2.7200000286102295,2.7300000190734863,2.7200000286102295,2.7300000190734863,2000.0
2026-08-20 11:22:00,HSTR.V,,2.309999942779541,2.319999933242798,2.309999942779541,2.319999933242798,700.0
2026-08-20 11:22:00,ITR.V,,3.890000104904175,3.890000104904175,3.890000104904175,3.890000104904175,100.0
2026-08-20 11:22:00,KFR.V,,1.2899999618530273,1.2899999618530273,1.2899999618530273,1.2899999618530273,100.0
2026-08-20 11:22:00,KNG.V,,1.090000033378601,1.090000033378601,1.090000033378601,1.090000033378601,500.0
2026-08-20 11:22:00,LAB.V,,0.05999999865889549,0.05999999865889549,0.05999999865889549,0.05999999865889549,20000.0
2026-08-20 11:22:00,LCX.V,,1.7799999713897705,1.7799999713897705,1.7799999713897705,1.7799999713897705,100.0
2026-08-20 11:22:00,LIO.V,,0.1899999976158142,0.1899999976158142,0.1899999976158142,0.1899999976158142,26000.0
2026-08-20 11:22:00,LTH.V,,0.6600000262260437,0.6600000262260437,0.6600000262260437,0.6600000262260437,20200.0
2026-08-20 11:22:00,MKO.V,,14.430000305175781,14.430000305175781,14.430000305175781,14.430000305175781,100.0
2026-08-20 11:22:00,MTA.V,,15.220000267028809,15.25,15.21500015258789,15.220000267028809,500.0
2026-08-20 11:22:00,PNG.V,,5.869999885559082,5.869999885559082,5.869999885559082,5.869999885559082,500.0
2026-08-20 11:22:00,TUF.V,,0.7200000286102295,0.7200000286102295,0.7200000286102295,0.7200000286102295,1000.0
2026-08-20 11:23:00,FDR.V,,6.010000228881836,6.010000228881836,6.0,6.0,900.0
2026-08-20 11:23:00,FMAN.V,,0.4000000059604645,0.4000000059604645,0.4000000059604645,0.4000000059604645,37500.0
2026-08-20 11:23:00,GG.V,,2.990000009536743,2.990000009536743,2.990000009536743,2.990000009536743,800.0
2026-08-20 11:23:00,GPAC.V,,0.3700000047683716,0.3700000047683716,0.3700000047683716,0.3700000047683716,500.0
2026-08-20 11:23:00,GSVR.V,,0.5899999737739563,0.5899999737739563,0.5899999737739563,0.5899999737739563,3000.0
2026-08-20 11:23:00,HME.V,,2.7200000286102295,2.7200000286102295,2.7200000286102295,2.7200000286102295,100.0
2026-08-20 11:23:00,HSTR.V,,2.319999933242798,2.319999933242798,2.319999933242798,2.319999933242798,500.0
2026-08-20 11:23:00,IPT.V,,0.30000001192092896,0.3050000071525574,0.30000001192092896,0.3050000071525574,3500.0
2026-08-20 11:23:00,LIO.V,,0.1850000023841858,0.1850000023841858,0.1850000023841858,0.1850000023841858,80600.0
2026-08-20 11:23:00,LUCA.V,,1.0499999523162842,1.0499999523162842,1.0499999523162842,1.0499999523162842,6400.0
2026-08-20 11:23:00,MKO.V,,14.420000076293945,14.420000076293945,14.420000076293945,14.420000076293945,300.0
2026-08-20 11:23:00,MTA.V,,15.289999961853027,15.289999961853027,15.289999961853027,15.289999961853027,100.0
2026-08-20 11:23:00,PNG.V,,5.869999885559082,5.869999885559082,5.869999885559082,5.869999885559082,400.0
2026-08-20 11:24:00,FMAN.V,,0.4000000059604645,0.4000000059604645,0.4000000059604645,0.4000000059604645,2000.0
2026-08-20 11:24:00,GSR.V,,0.38999998569488525,0.38999998569488525,0.38999998569488525,0.38999998569488525,16000.0
2026-08-20 11:24:00,GSVR.V,,0.5899999737739563,0.5899999737739563,0.5899999737739563,0.5899999737739563,1000.0
2026-08-20 11:24:00,HME.V,,2.7300000190734863,2.7300000190734863,2.7300000190734863,2.7300000190734863,100.0
2026-08-20 11:24:00,IPT.V,,0.30000001192092896,0.3075000047683716,0.30000001192092896,0.3050000071525574,25500.0
2026-08-20 11:24:00,ITR.V,,3.890000104904175,3.890000104904175,3.890000104904175,3.890000104904175,600.0
2026-08-20 11:24:00,KFR.V,,1.2699999809265137,1.2699999809265137,1.2699999809265137,1.2699999809265137,5300.0
2026-08-20 11:24:00,LCX.V,,1.7799999713897705,1.7799999713897705,1.7799999713897705,1.7799999713897705,100.0
2026-08-20 11:24:00,LIO.V,,0.1850000023841858,0.1850000023841858,0.1850000023841858,0.1850000023841858,15000.0
2026-08-20 11:24:00,TUF.V,,0.7200000286102295,0.7200000286102295,0.7200000286102295,0.7200000286102295,1500.0
2026-08-20 11:25:00,GSVR.V,,0.5899999737739563,0.5899999737739563,0.5899999737739563,0.5899999737739563,1500.0
2026-08-20 11:25:00,GWM.V,,0.6000000238418579,0.6000000238418579,0.6000000238418579,0.6000000238418579,500.0
2026-08-20 11:25:00,HAR.V,,0.03999999910593033,0.03999999910593033,0.03999999910593033,0.03999999910593033,251000.0
2026-08-20 11:25:00,HITI.V,,3.369999885559082,3.369999885559082,3.369999885559082,3.369999885559082,200.0
2026-08-20 11:25:00,HME.V,,2.7200000286102295,2.7200000286102295,2.7200000286102295,2.7200000286102295,1900.0
2026-08-20 11:25:00,HSTR.V,,2.315000057220459,2.315000057220459,2.315000057220459,2.315000057220459,1300.0
2026-08-20 11:25:00,INTR.V,,0.8199999928474426,0.8199999928474426,0.8199999928474426,0.8199999928474426,1000.0
2026-08-20 11:25:00,ITR.V,,3.9000000953674316,3.9000000953674316,3.9000000953674316,3.9000000953674316,3400.0
2026-08-20 11:25:00,KTN.V,,1.3650000095367432,1.3650000095367432,1.3650000095367432,1.3650000095367432,1600.0
2026-08-20 11:25:00,LCX.V,,1.7699999809265137,1.7699999809265137,1.7699999809265137,1.7699999809265137,400.0
2026-08-20 11:25:00,LUCA.V,,1.0499999523162842,1.0499999523162842,1.0499999523162842,1.0499999523162842,2174.0
2026-08-20 11:26:00,BIG.V,,1.350000023841858,1.350000023841858,1.340000033378601,1.340000033378601,7400.0
2026-08-20 11:26:00,FWZ.V,,3.309999942779541,3.309999942779541,3.309999942779541,3.309999942779541,1400.0
2026-08-20 11:26:00,GSTM.V,,0.19499999284744263,0.19499999284744263,0.19499999284744263,0.19499999284744263,2000.0
2026-08-20 11:26:00,GSVR.V,,0.6000000238418579,0.6000000238418579,0.5899999737739563,0.5899999737739563,256700.0
2026-08-20 11:26:00,GWM.V,,0.6000000238418579,0.6000000238418579,0.6000000238418579,0.6000000238418579,500.0
2026-08-20 11:26:00,HME.V,,2.7300000190734863,2.7300000190734863,2.7300000190734863,2.7300000190734863,100.0
2026-08-20 11:26:00,IFOS.V,,2.25,2.25,2.25,2.25,800.0
2026-08-20 11:26:00,JZR.V,,0.26499998569488525,0.26499998569488525,0.26499998569488525,0.26499998569488525,2000.0
2026-08-20 11:26:00,KC.V,,0.28999999165534973,0.28999999165534973,0.28999999165534973,0.28999999165534973,7000.0
2026-08-20 11:26:00,KLDC.V,,0.2800000011920929,0.2800000011920929,0.2800000011920929,0.2800000011920929,500.0
2026-08-20 11:26:00,LCX.V,,1.7799999713897705,1.7799999713897705,1.7799999713897705,1.7799999713897705,100.0
2026-08-20 11:26:00,LTH.V,,0.6600000262260437,0.6600000262260437,0.6600000262260437,0.6600000262260437,89500.0
2026-08-20 11:26:00,LUCA.V,,1.059999942779541,1.059999942779541,1.0499999523162842,1.0499999523162842,8600.0
2026-08-20 11:26:00,MTA.V,,15.34000015258789,15.359999656677246,15.34000015258789,15.34000015258789,3400.0
2026-08-20 11:26:00,PNG.V,,5.875,5.875,5.875,5.875,200.0
2026-08-20 11:27:00,BIG.V,,1.350000023841858,1.350000023841858,1.350000023841858,1.350000023841858,300.0
2026-08-20 11:27:00,FRED.V,,0.6499999761581421,0.6499999761581421,0.6499999761581421,0.6499999761581421,2500.0
2026-08-20 11:27:00,FWZ.V,,3.309999942779541,3.309999942779541,3.309999942779541,3.309999942779541,243.0
2026-08-20 11:27:00,GAL.V,,0.5099999904632568,0.5099999904632568,0.5099999904632568,0.5099999904632568,11000.0
2026-08-20 11:27:00,GRSL.V,,0.44999998807907104,0.44999998807907104,0.44999998807907104,0.44999998807907104,23000.0
2026-08-20 11:27:00,GSR.V,,0.38999998569488525,0.38999998569488525,0.38999998569488525,0.38999998569488525,25000.0
2026-08-20 11:27:00,GSTM.V,,0.19499999284744263,0.19499999284744263,0.19499999284744263,0.19499999284744263,2500.0
2026-08-20 11:27:00,GSVR.V,,0.6000000238418579,0.6000000238418579,0.6000000238418579,0.6000000238418579,1500.0
2026-08-20 11:27:00,HSTR.V,,2.319999933242798,2.319999933242798,2.319999933242798,2.319999933242798,100.0
2026-08-20 11:27:00,IGO.V,,0.14499999582767487,0.14499999582767487,0.14499999582767487,0.14499999582767487,26500.0
2026-08-20 11:27:00,JUGR.V,,1.3899999856948853,1.3899999856948853,1.3899999856948853,1.3899999856948853,2700.0
2026-08-20 11:27:00,LUCA.V,,1.059999942779541,1.059999942779541,1.059999942779541,1.059999942779541,200.0
2026-08-20 11:27:00,LVG.V,,0.3050000071525574,0.3050000071525574,0.3050000071525574,0.3050000071525574,51022.0
2026-08-20 11:27:00,MKO.V,,14.5,14.5,14.449999809265137,14.449999809265137,4100.0
2026-08-20 11:27:00,MLP.V,,2.8499999046325684,2.8499999046325684,2.8499999046325684,2.8499999046325684,600.0
2026-08-20 11:27:00,MMA.V,,0.6399999856948853,0.6399999856948853,0.6399999856948853,0.6399999856948853,500.0
2026-08-20 11:27:00,TUF.V,,0.7200000286102295,0.7200000286102295,0.7200000286102295,0.7200000286102295,17500.0
2026-08-20 11:28:00,BIG.V,,1.350000023841858,1.350000023841858,1.350000023841858,1.350000023841858,300.0
2026-08-20 11:28:00,GAL.V,,0.5099999904632568,0.5099999904632568,0.5099999904632568,0.5099999904632568,5000.0
2026-08-20 11:28:00,GPH.V,,0.9800000190734863,0.9800000190734863,0.9800000190734863,0.9800000190734863,7900.0
2026-08-20 11:28:00,GSVR.V,,0.6000000238418579,0.6000000238418579,0.6000000238418579,0.6000000238418579,2500.0
2026-08-20 11:28:00,GWM.V,,0.6050000190734863,0.6050000190734863,0.6050000190734863,0.6050000190734863,500.0
2026-08-20 11:28:00,HME.V,,2.7300000190734863,2.7300000190734863,2.7300000190734863,2.7300000190734863,100.0
2026-08-20 11:28:00,IPT.V,,0.3050000071525574,0.3050000071525574,0.3050000071525574,0.3050000071525574,7000.0
2026-08-20 11:28:00,KFR.V,,1.2699999809265137,1.2699999809265137,1.2699999809265137,1.2699999809265137,100.0
2026-08-20 11:28:00,LCX.V,,1.7599999904632568,1.7599999904632568,1.7599999904632568,1.7599999904632568,800.0
2026-08-20 11:28:00,LIO.V,,0.1899999976158142,0.1899999976158142,0.1899999976158142,0.1899999976158142,30000.0
2026-08-20 11:28:00,LMN.V,,24.610000610351562,24.6200008392334,24.610000610351562,24.6200008392334,400.0
2026-08-20 11:28:00,LUCA.V,,1.059999942779541,1.059999942779541,1.059999942779541,1.059999942779541,200.0
2026-08-20 11:28:00,LVG.V,,0.30000001192092896,0.30000001192092896,0.30000001192092896,0.30000001192092896,55500.0
2026-08-20 11:28:00,MJS.V,,0.10000000149011612,0.10000000149011612,0.10000000149011612,0.10000000149011612,3000.0
2026-08-20 11:28:00,MKO.V,,14.569999694824219,14.569999694824219,14.5,14.5,2300.0
2026-08-20 11:28:00,MTA.V,,15.359999656677246,15.359999656677246,15.34000015258789,15.359999656677246,3162.0
2026-08-20 11:28:00,PNG.V,,5.869999885559082,5.869999885559082,5.869999885559082,5.869999885559082,600.0
2026-08-20 11:29:00,BIG.V,,1.350000023841858,1.350000023841858,1.350000023841858,1.350000023841858,400.0
2026-08-20 11:29:00,FL.V,,0.42500001192092896,0.42500001192092896,0.42500001192092896,0.42500001192092896,650.0
2026-08-20 11:29:00,GOT.V,,1.7699999809265137,1.7699999809265137,1.7699999809265137,1.7699999809265137,100.0
2026-08-20 11:29:00,GSVR.V,,0.5950000286102295,0.5950000286102295,0.5950000286102295,0.5950000286102295,20000.0
2026-08-20 11:29:00,GWM.V,,0.6000000238418579,0.6000000238418579,0.6000000238418579,0.6000000238418579,500.0
2026-08-20 11:29:00,HITI.V,,3.359999895095825,3.359999895095825,3.359999895095825,3.359999895095825,100.0
2026-08-20 11:29:00,HME.V,,2.7200000286102295,2.7200000286102295,2.7200000286102295,2.7200000286102295,1900.0
2026-08-20 11:29:00,ITR.V,,3.9100000858306885,3.9100000858306885,3.9100000858306885,3.9100000858306885,500.0
2026-08-20 11:29:00,KDK.V,,0.7900000214576721,0.7900000214576721,0.7900000214576721,0.7900000214576721,1000.0
2026-08-20 11:29:00,LIFT.V,,2.680000066757202,2.680000066757202,2.680000066757202,2.680000066757202,100.0
2026-08-20 11:29:00,LIO.V,,0.1899999976158142,0.1899999976158142,0.1899999976158142,0.1899999976158142,3500.0
2026-08-20 11:29:00,LMN.V,,24.670000076293945,24.670000076293945,24.6200008392334,24.6299991607666,798.0
2026-08-20 11:29:00,LTH.V,,0.6600000262260437,0.6600000262260437,0.6600000262260437,0.6600000262260437,5000.0
2026-08-20 11:29:00,MKO.V,,14.520000457763672,14.520000457763672,14.520000457763672,14.520000457763672,200.0
2026-08-20 11:29:00,MMA.V,,0.6399999856948853,0.6399999856948853,0.6399999856948853,0.6399999856948853,1000.0
2026-08-20 11:29:00,PNG.V,,5.869999885559082,5.880000114440918,5.869999885559082,5.869999885559082,900.0
2026-08-20 11:29:00,TUF.V,,0.7200000286102295,0.7200000286102295,0.7200000286102295,0.7200000286102295,5216.0
2026-08-20 11:30:00,BIG.V,,1.350000023841858,1.350000023841858,1.350000023841858,1.350000023841858,300.0
2026-08-20 11:30:00,FDR.V,,6.005000114440918,6.010000228881836,6.005000114440918,6.010000228881836,300.0
2026-08-20 11:30:00,FOR.V,,0.699999988079071,0.699999988079071,0.699999988079071,0.699999988079071,900.0
2026-08-20 11:30:00,FWZ.V,,3.299999952316284,3.299999952316284,3.299999952316284,3.299999952316284,100.0
2026-08-20 11:30:00,GLAD.V,,2.805000066757202,2.805000066757202,2.7899999618530273,2.799999952316284,700.0
2026-08-20 11:30:00,GOT.V,,1.7699999809265137,1.7799999713897705,1.7699999809265137,1.7799999713897705,5100.0
2026-08-20 11:30:00,GSVR.V,,0.5899999737739563,0.5950000286102295,0.5899999737739563,0.5950000286102295,114000.0
2026-08-20 11:30:00,HAR.V,,0.03999999910593033,0.03999999910593033,0.03999999910593033,0.03999999910593033,182000.0
2026-08-20 11:30:00,HME.V,,2.7200000286102295,2.7200000286102295,2.7200000286102295,2.7200000286102295,200.0
2026-08-20 11:30:00,HSTR.V,,2.315000057220459,2.315000057220459,2.315000057220459,2.315000057220459,100.0
2026-08-20 11:30:00,ITR.V,,3.9100000858306885,3.9100000858306885,3.9100000858306885,3.9100000858306885,100.0
2026-08-20 11:30:00,JZR.V,,0.25999999046325684,0.25999999046325684,0.25999999046325684,0.25999999046325684,5000.0
2026-08-20 11:30:00,KFR.V,,1.2699999809265137,1.2699999809265137,1.2699999809265137,1.2699999809265137,200.0
2026-08-20 11:30:00,LCX.V,,1.7699999809265137,1.7699999809265137,1.7699999809265137,1.7699999809265137,100.0
2026-08-20 11:30:00,LIFT.V,,2.630000114440918,2.630000114440918,2.630000114440918,2.630000114440918,3500.0
2026-08-20 11:30:00,LUCA.V,,1.059999942779541,1.059999942779541,1.059999942779541,1.059999942779541,100.0
2026-08-20 11:30:00,MGM.V,,2.869999885559082,2.869999885559082,2.869999885559082,2.869999885559082,700.0
2026-08-20 11:30:00,MKO.V,,14.5,14.510000228881836,14.479999542236328,14.510000228881836,1130.0
2026-08-20 11:30:00,MMA.V,,0.6399999856948853,0.6399999856948853,0.6399999856948853,0.6399999856948853,500.0
2026-08-20 11:30:00,MTA.V,,15.380000114440918,15.380000114440918,15.380000114440918,15.380000114440918,100.0
2026-08-20 11:30:00,PNG.V,,5.869999885559082,5.869999885559082,5.869999885559082,5.869999885559082,400.0
2026-08-20 11:31:00,BIG.V,,1.350000023841858,1.350000023841858,1.350000023841858,1.350000023841858,200.0
2026-08-20 11:31:00,GLAD.V,,2.805000066757202,2.805000066757202,2.805000066757202,2.805000066757202,200.0
2026-08-20 11:31:00,GRSL.V,,0.44999998807907104,0.44999998807907104,0.44999998807907104,0.44999998807907104,15830.0
2026-08-20 11:31:00,HSTR.V,,2.319999933242798,2.319999933242798,2.315000057220459,2.315000057220459,900.0
2026-08-20 11:31:00,ICM.V,,0.054999999701976776,0.054999999701976776,0.054999999701976776,0.054999999701976776,10420.0
2026-08-20 11:31:00,KFR.V,,1.2699999809265137,1.2699999809265137,1.2699999809265137,1.2699999809265137,100.0
2026-08-20 11:31:00,KTN.V,,1.3700000047683716,1.3700000047683716,1.3700000047683716,1.3700000047683716,1600.0
2026-08-20 11:31:00,KTO.V,,0.8799999952316284,0.8799999952316284,0.8799999952316284,0.8799999952316284,25000.0
2026-08-20 11:31:00,LIO.V,,0.1899999976158142,0.1899999976158142,0.1899999976158142,0.1899999976158142,46500.0
2026-08-20 11:31:00,LTH.V,,0.6700000166893005,0.6700000166893005,0.6700000166893005,0.6700000166893005,1000.0
2026-08-20 11:31:00,NHHH.V,,0.05999999865889549,0.05999999865889549,0.05999999865889549,0.05999999865889549,0.0
2026-08-20 11:31:00,PNG.V,,5.869999885559082,5.869999885559082,5.869999885559082,5.869999885559082,1100.0
2026-08-20 11:32:00,BIG.V,,1.350000023841858,1.350000023841858,1.350000023841858,1.350000023841858,100.0
2026-08-20 11:32:00,FDR.V,,6.010000228881836,6.010000228881836,6.005000114440918,6.010000228881836,2200.0
2026-08-20 11:32:00,FWZ.V,,3.309999942779541,3.309999942779541,3.309999942779541,3.309999942779541,100.0
2026-08-20 11:32:00,GSI.V,,1.7200000286102295,1.7200000286102295,1.7100000381469727,1.7100000381469727,2600.0
2026-08-20 11:32:00,GSVR.V,,0.5899999737739563,0.5899999737739563,0.5899999737739563,0.5899999737739563,6062.0
2026-08-20 11:32:00,GWM.V,,0.6000000238418579,0.6000000238418579,0.6000000238418579,0.6000000238418579,500.0
2026-08-20 11:32:00,HME.V,,2.7200000286102295,2.7200000286102295,2.7200000286102295,2.7200000286102295,1900.0
2026-08-20 11:32:00,HSTR.V,,2.319999933242798,2.319999933242798,2.319999933242798,2.319999933242798,200.0
2026-08-20 11:32:00,KFR.V,,1.2699999809265137,1.2699999809265137,1.2599999904632568,1.2599999904632568,3100.0
2026-08-20 11:32:00,KLD.V,,2.490000009536743,2.490000009536743,2.490000009536743,2.490000009536743,100.0
2026-08-20 11:32:00,KLDC.V,,0.2800000011920929,0.2800000011920929,0.2800000011920929,0.2800000011920929,500.0
2026-08-20 11:32:00,KTN.V,,1.3700000047683716,1.3700000047683716,1.3700000047683716,1.3700000047683716,8900.0
2026-08-20 11:32:00,LCX.V,,1.7799999713897705,1.7799999713897705,1.7799999713897705,1.7799999713897705,100.0
2026-08-20 11:32:00,LIFT.V,,2.680000066757202,2.680000066757202,2.680000066757202,2.680000066757202,100.0
2026-08-20 11:32:00,LIO.V,,0.1899999976158142,0.1899999976158142,0.1899999976158142,0.1899999976158142,36000.0
2026-08-20 11:32:00,LRA.V,,4.400000095367432,4.400000095367432,4.389999866485596,4.389999866485596,700.0
2026-08-20 11:32:00,LTH.V,,0.6499999761581421,0.6600000262260437,0.6499999761581421,0.6600000262260437,120500.0
2026-08-20 11:32:00,LUCA.V,,1.0499999523162842,1.0549999475479126,1.0499999523162842,1.0499999523162842,101600.0
2026-08-20 11:32:00,NURS.V,,4.03000020980835,4.059999942779541,4.03000020980835,4.059999942779541,1200.0
2026-08-20 11:32:00,PNG.V,,5.869999885559082,5.869999885559082,5.860000133514404,5.869999885559082,10703.0
2026-08-20 11:32:00,TUF.V,,0.7200000286102295,0.7200000286102295,0.7200000286102295,0.7200000286102295,2781.0
2026-08-20 11:33:00,BIG.V,,1.350000023841858,1.350000023841858,1.350000023841858,1.350000023841858,200.0
2026-08-20 11:33:00,GSTM.V,,0.19499999284744263,0.19499999284744263,0.19499999284744263,0.19499999284744263,5500.0
2026-08-20 11:33:00,GSVR.V,,0.5899999737739563,0.5899999737739563,0.5849999785423279,0.5899999737739563,13000.0
2026-08-20 11:33:00,HME.V,,2.7200000286102295,2.7200000286102295,2.7200000286102295,2.7200000286102295,200.0
2026-08-20 11:33:00,HSTR.V,,2.319999933242798,2.319999933242798,2.319999933242798,2.319999933242798,2400.0
2026-08-20 11:33:00,IPT.V,,0.3100000023841858,0.3100000023841858,0.3100000023841858,0.3100000023841858,3000.0
2026-08-20 11:33:00,ITR.V,,3.9100000858306885,3.9100000858306885,3.9100000858306885,3.9100000858306885,100.0
2026-08-20 11:33:00,JG.V,,0.06499999761581421,0.06499999761581421,0.06499999761581421,0.06499999761581421,14000.0
2026-08-20 11:33:00,KLD.V,,2.4800000190734863,2.4800000190734863,2.4800000190734863,2.4800000190734863,100.0
2026-08-20 11:33:00,KTN.V,,1.3700000047683716,1.3700000047683716,1.3700000047683716,1.3700000047683716,600.0
2026-08-20 11:33:00,LITH.V,,0.4399999976158142,0.4399999976158142,0.4399999976158142,0.4399999976158142,40500.0
2026-08-20 11:33:00,LUCA.V,,1.0499999523162842,1.0499999523162842,1.0499999523162842,1.0499999523162842,400.0
2026-08-20 11:33:00,LVG.V,,0.30000001192092896,0.30000001192092896,0.30000001192092896,0.30000001192092896,100000.0
2026-08-20 11:33:00,MGM.V,,2.869999885559082,2.869999885559082,2.869999885559082,2.869999885559082,100.0
2026-08-20 11:33:00,MKO.V,,14.479999542236328,14.520000457763672,14.479999542236328,14.520000457763672,1300.0
2026-08-20 11:33:00,MLP.V,,2.8399999141693115,2.8399999141693115,2.8299999237060547,2.8399999141693115,500.0
2026-08-20 11:33:00,MMA.V,,0.6399999856948853,0.6399999856948853,0.6399999856948853,0.6399999856948853,800.0
2026-08-20 11:33:00,NURS.V,,4.03000020980835,4.039999961853027,4.03000020980835,4.039999961853027,1700.0
2026-08-20 11:33:00,PNG.V,,5.849999904632568,5.860000133514404,5.849999904632568,5.860000133514404,65000.0
2026-08-20 11:34:00,BIG.V,,1.3450000286102295,1.3450000286102295,1.3450000286102295,1.3450000286102295,100.0
2026-08-20 11:34:00,FDR.V,,6.010000228881836,6.010000228881836,6.0,6.0,1100.0
2026-08-20 11:34:00,FWZ.V,,3.299999952316284,3.299999952316284,3.299999952316284,3.299999952316284,221.0
2026-08-20 11:34:00,GSVR.V,,0.5899999737739563,0.5899999737739563,0.5899999737739563,0.5899999737739563,5500.0
2026-08-20 11:34:00,HSTR.V,,2.315000057220459,2.315000057220459,2.315000057220459,2.315000057220459,100.0
2026-08-20 11:34:00,IVS.V,,0.2800000011920929,0.2849999964237213,0.2800000011920929,0.2849999964237213,36000.0
2026-08-20 11:34:00,KTN.V,,1.3700000047683716,1.3700000047683716,1.3700000047683716,1.3700000047683716,2400.0
2026-08-20 11:34:00,LUCA.V,,1.0499999523162842,1.0499999523162842,1.0499999523162842,1.0499999523162842,11600.0
2026-08-20 11:34:00,MLP.V,,2.8299999237060547,2.8299999237060547,2.8299999237060547,2.8299999237060547,3907.0
2026-08-20 11:34:00,NURS.V,,4.050000190734863,4.050000190734863,4.050000190734863,4.050000190734863,100.0
2026-08-20 11:34:00,PNG.V,,5.869999885559082,5.869999885559082,5.849999904632568,5.860000133514404,5300.0
2026-08-20 11:35:00,BIG.V,,1.340000033378601,1.340000033378601,1.340000033378601,1.340000033378601,3200.0
2026-08-20 11:35:00,FDR.V,,6.0,6.010000228881836,6.0,6.010000228881836,400.0
2026-08-20 11:35:00,FWZ.V,,3.2899999618530273,3.2899999618530273,3.2899999618530273,3.2899999618530273,100.0
2026-08-20 11:35:00,GLAD.V,,2.7899999618530273,2.805000066757202,2.7899999618530273,2.805000066757202,2600.0
2026-08-20 11:35:00,GRSL.V,,0.4449999928474426,0.44749999046325684,0.4449999928474426,0.44749999046325684,18000.0
2026-08-20 11:35:00,GSVR.V,,0.5899999737739563,0.5899999737739563,0.5899999737739563,0.5899999737739563,2000.0
2026-08-20 11:35:00,GWM.V,,0.6000000238418579,0.6000000238418579,0.6000000238418579,0.6000000238418579,47500.0
2026-08-20 11:35:00,HME.V,,2.7300000190734863,2.7300000190734863,2.7300000190734863,2.7300000190734863,100.0
2026-08-20 11:35:00,HSTR.V,,2.315000057220459,2.315000057220459,2.315000057220459,2.315000057220459,100.0
2026-08-20 11:35:00,ITR.V,,3.9100000858306885,3.9100000858306885,3.9100000858306885,3.9100000858306885,500.0
2026-08-20 11:35:00,LCX.V,,1.7799999713897705,1.7799999713897705,1.7799999713897705,1.7799999713897705,200.0
2026-08-20 11:35:00,LUCA.V,,1.0499999523162842,1.0499999523162842,1.0499999523162842,1.0499999523162842,900.0
2026-08-20 11:35:00,MKO.V,,14.460000038146973,14.460000038146973,14.460000038146973,14.460000038146973,100.0
2026-08-20 11:36:00,FDR.V,,6.0,6.0,6.0,6.0,200.0
2026-08-20 11:36:00,FWZ.V,,3.2899999618530273,3.2899999618530273,3.2899999618530273,3.2899999618530273,100.0
2026-08-20 11:36:00,GG.V,,2.990000009536743,2.990000009536743,2.990000009536743,2.990000009536743,100.0
2026-08-20 11:36:00,GOT.V,,1.7599999904632568,1.7599999904632568,1.7599999904632568,1.7599999904632568,100.0
2026-08-20 11:36:00,GRSL.V,,0.4399999976158142,0.4399999976158142,0.4399999976158142,0.4399999976158142,954594.0
2026-08-20 11:36:00,GSVR.V,,0.5899999737739563,0.5899999737739563,0.5849999785423279,0.5899999737739563,3252.0
2026-08-20 11:36:00,GWM.V,,0.5899999737739563,0.5899999737739563,0.5899999737739563,0.5899999737739563,500.0
2026-08-20 11:36:00,HSTR.V,,2.309999942779541,2.309999942779541,2.309999942779541,2.309999942779541,900.0
2026-08-20 11:36:00,KRY.V,,3.490000009536743,3.490000009536743,3.4800000190734863,3.4800000190734863,602.0
2026-08-20 11:36:00,LIO.V,,0.1899999976158142,0.1899999976158142,0.1899999976158142,0.1899999976158142,1000.0
2026-08-20 11:36:00,LMN.V,,24.850000381469727,24.850000381469727,24.75,24.75,2450.0
2026-08-20 11:36:00,LMS.V,,0.25999999046325684,0.25999999046325684,0.25999999046325684,0.25999999046325684,26000.0
2026-08-20 11:36:00,LUCA.V,,1.0499999523162842,1.0499999523162842,1.0499999523162842,1.0499999523162842,6900.0
2026-08-20 11:36:00,MFG.V,,4.150000095367432,4.150000095367432,4.150000095367432,4.150000095367432,500.0
2026-08-20 11:36:00,MKO.V,,14.430000305175781,14.449999809265137,14.430000305175781,14.449999809265137,200.0
2026-08-20 11:36:00,MLP.V,,2.819999933242798,2.819999933242798,2.809999942779541,2.819999933242798,2051.0
2026-08-20 11:36:00,MTA.V,,15.369999885559082,15.369999885559082,15.369999885559082,15.369999885559082,130.0
2026-08-20 11:37:00,EXG.V,,0.10499999672174454,0.10499999672174454,0.10499999672174454,0.10499999672174454,35000.0
2026-08-20 11:37:00,FWZ.V,,3.2799999713897705,3.2799999713897705,3.2699999809265137,3.2799999713897705,100.0
2026-08-20 11:37:00,GG.V,,3.0,3.0,3.0,3.0,400.0
2026-08-20 11:37:00,GOT.V,,1.7599999904632568,1.7599999904632568,1.7599999904632568,1.7599999904632568,2000.0
2026-08-20 11:37:00,GSI.V,,1.7200000286102295,1.7200000286102295,1.7200000286102295,1.7200000286102295,700.0
2026-08-20 11:37:00,GSVR.V,,0.5799999833106995,0.5899999737739563,0.5799999833106995,0.5899999737739563,17367.0
2026-08-20 11:37:00,HSTR.V,,2.305000066757202,2.309999942779541,2.305000066757202,2.309999942779541,900.0
2026-08-20 11:37:00,JUGR.V,,1.399999976158142,1.399999976158142,1.3899999856948853,1.3899999856948853,3700.0
2026-08-20 11:37:00,KFR.V,,1.2699999809265137,1.2699999809265137,1.2699999809265137,1.2699999809265137,3100.0
2026-08-20 11:37:00,KTN.V,,1.3700000047683716,1.3700000047683716,1.3700000047683716,1.3700000047683716,2800.0
2026-08-20 11:37:00,LCX.V,,1.7799999713897705,1.7799999713897705,1.7699999809265137,1.7699999809265137,1800.0
2026-08-20 11:37:00,LUCA.V,,1.0499999523162842,1.0499999523162842,1.0499999523162842,1.0499999523162842,1700.0
2026-08-20 11:37:00,MJS.V,,0.10000000149011612,0.10000000149011612,0.10000000149011612,0.10000000149011612,3000.0
2026-08-20 11:38:00,BIG.V,,1.3300000429153442,1.340000033378601,1.3300000429153442,1.340000033378601,600.0
2026-08-20 11:38:00,FDR.V,,6.0,6.0,6.0,6.0,500.0
2026-08-20 11:38:00,FMS.V,,0.4399999976158142,0.4399999976158142,0.4399999976158142,0.4399999976158142,3500.0
2026-08-20 11:38:00,FWZ.V,,3.2699999809265137,3.2699999809265137,3.2699999809265137,3.2699999809265137,6200.0
2026-08-20 11:38:00,GOT.V,,1.7549999952316284,1.7549999952316284,1.7549999952316284,1.7549999952316284,100.0
2026-08-20 11:38:00,GSVR.V,,0.5899999737739563,0.5899999737739563,0.5899999737739563,0.5899999737739563,2000.0
2026-08-20 11:38:00,GWM.V,,0.5899999737739563,0.5899999737739563,0.5899999737739563,0.5899999737739563,500.0
2026-08-20 11:38:00,HME.V,,2.7249999046325684,2.7249999046325684,2.7249999046325684,2.7249999046325684,100.0
2026-08-20 11:38:00,IPT.V,,0.3050000071525574,0.3050000071525574,0.3050000071525574,0.3050000071525574,1000.0
2026-08-20 11:38:00,ITR.V,,3.9000000953674316,3.9000000953674316,3.9000000953674316,3.9000000953674316,600.0
2026-08-20 11:38:00,LUCA.V,,1.0499999523162842,1.0499999523162842,1.0499999523162842,1.0499999523162842,100.0
2026-08-20 11:38:00,PNG.V,,5.880000114440918,5.889999866485596,5.869999885559082,5.880000114440918,6707.0
2026-08-20 11:39:00,FDR.V,,6.010000228881836,6.010000228881836,6.010000228881836,6.010000228881836,800.0
2026-08-20 11:39:00,FWZ.V,,3.2699999809265137,3.2699999809265137,3.2699999809265137,3.2699999809265137,200.0
2026-08-20 11:39:00,GOT.V,,1.7450000047683716,1.75,1.7450000047683716,1.75,3600.0
2026-08-20 11:39:00,GRSL.V,,0.4399999976158142,0.4399999976158142,0.4399999976158142,0.4399999976158142,65500.0
2026-08-20 11:39:00,GSI.V,,1.7200000286102295,1.7200000286102295,1.7200000286102295,1.7200000286102295,2100.0
2026-08-20 11:39:00,GSVR.V,,0.5849999785423279,0.5899999737739563,0.5849999785423279,0.5899999737739563,10000.0
2026-08-20 11:39:00,GWM.V,,0.5899999737739563,0.5899999737739563,0.5899999737739563,0.5899999737739563,500.0
2026-08-20 11:39:00,HSTR.V,,2.299999952316284,2.299999952316284,2.299999952316284,2.299999952316284,400.0
2026-08-20 11:39:00,KLDC.V,,0.2800000011920929,0.2800000011920929,0.2800000011920929,0.2800000011920929,500.0
2026-08-20 11:39:00,LUCA.V,,1.0499999523162842,1.0499999523162842,1.0499999523162842,1.0499999523162842,200.0
2026-08-20 11:39:00,PNG.V,,5.869999885559082,5.869999885559082,5.869999885559082,5.869999885559082,100.0
2026-08-20 11:39:00,TUF.V,,0.7200000286102295,0.7200000286102295,0.7200000286102295,0.7200000286102295,10500.0
2026-08-20 11:40:00,FDR.V,,6.0,6.0,6.0,6.0,1400.0
2026-08-20 11:40:00,GSVR.V,,0.5899999737739563,0.5899999737739563,0.5899999737739563,0.5899999737739563,64500.0
2026-08-20 11:40:00,GWM.V,,0.5899999737739563,0.5899999737739563,0.5899999737739563,0.5899999737739563,1000.0
2026-08-20 11:40:00,HITI.V,,3.390000104904175,3.390000104904175,3.390000104904175,3.390000104904175,100.0
2026-08-20 11:40:00,HSTR.V,,2.299999952316284,2.299999952316284,2.299999952316284,2.299999952316284,2500.0
2026-08-20 11:40:00,KRY.V,,3.490000009536743,3.490000009536743,3.490000009536743,3.490000009536743,100.0
2026-08-20 11:40:00,LUCA.V,,1.0499999523162842,1.0499999523162842,1.0499999523162842,1.0499999523162842,100.0
2026-08-20 11:40:00,LVG.V,,0.30000001192092896,0.30000001192092896,0.30000001192092896,0.30000001192092896,30000.0
2026-08-20 11:40:00,MFG.V,,4.119999885559082,4.119999885559082,4.119999885559082,4.119999885559082,100.0
2026-08-20 11:40:00,MKO.V,,14.329999923706055,14.329999923706055,14.329999923706055,14.329999923706055,100.0
2026-08-20 11:40:00,MLP.V,,2.809999942779541,2.809999942779541,2.799999952316284,2.799999952316284,300.0
2026-08-20 11:40:00,PNG.V,,5.889999866485596,5.889999866485596,5.889999866485596,5.889999866485596,300.0
2026-08-20 11:41:00,EVER.V,,0.5199999809265137,0.5199999809265137,0.5199999809265137,0.5199999809265137,5500.0
2026-08-20 11:41:00,FDR.V,,6.010000228881836,6.010000228881836,6.010000228881836,6.010000228881836,400.0
2026-08-20 11:41:00,FWZ.V,,3.2750000953674316,3.2750000953674316,3.2750000953674316,3.2750000953674316,100.0
2026-08-20 11:41:00,GLAD.V,,2.7699999809265137,2.7899999618530273,2.7699999809265137,2.7899999618530273,7700.0
2026-08-20 11:41:00,GRSL.V,,0.4350000023841858,0.4350000023841858,0.4350000023841858,0.4350000023841858,975.0
2026-08-20 11:41:00,GSVR.V,,0.5899999737739563,0.5899999737739563,0.5799999833106995,0.5899999737739563,5500.0
2026-08-20 11:41:00,HME.V,,2.7300000190734863,2.7300000190734863,2.7300000190734863,2.7300000190734863,100.0
2026-08-20 11:41:00,LUCA.V,,1.0499999523162842,1.0499999523162842,1.0499999523162842,1.0499999523162842,100.0
2026-08-20 11:41:00,LVG.V,,0.30000001192092896,0.30000001192092896,0.30000001192092896,0.30000001192092896,30000.0
2026-08-20 11:41:00,MERG.V,,0.8399999737739563,0.8399999737739563,0.8399999737739563,0.8399999737739563,3500.0
2026-08-20 11:41:00,MKO.V,,14.319999694824219,14.319999694824219,14.319999694824219,14.319999694824219,100.0
2026-08-20 11:41:00,MLP.V,,2.7899999618530273,2.799999952316284,2.7899999618530273,2.799999952316284,3496.0
2026-08-20 11:42:00,BIG.V,,1.3300000429153442,1.3300000429153442,1.3300000429153442,1.3300000429153442,15100.0
2026-08-20 11:42:00,EVER.V,,0.5199999809265137,0.5199999809265137,0.5199999809265137,0.5199999809265137,1000.0
2026-08-20 11:42:00,FDR.V,,6.010000228881836,6.010000228881836,6.010000228881836,6.010000228881836,800.0
2026-08-20 11:42:00,FWZ.V,,3.2750000953674316,3.2750000953674316,3.2750000953674316,3.2750000953674316,100.0
2026-08-20 11:42:00,GMG.V,,2.0999999046325684,2.0999999046325684,2.0999999046325684,2.0999999046325684,400.0
2026-08-20 11:42:00,GOT.V,,1.7400000095367432,1.7400000095367432,1.7400000095367432,1.7400000095367432,100.0
2026-08-20 11:42:00,GPH.V,,1.0,1.0,0.9900000095367432,0.9900000095367432,4000.0
2026-08-20 11:42:00,GSVR.V,,0.5899999737739563,0.5899999737739563,0.5899999737739563,0.5899999737739563,1000.0
2026-08-20 11:42:00,GWM.V,,0.5899999737739563,0.5899999737739563,0.5899999737739563,0.5899999737739563,500.0
2026-08-20 11:42:00,HELI.V,,0.029999999329447746,0.029999999329447746,0.029999999329447746,0.029999999329447746,54000.0
2026-08-20 11:42:00,HME.V,,2.7300000190734863,2.7300000190734863,2.7300000190734863,2.7300000190734863,300.0
2026-08-20 11:42:00,HSTR.V,,2.299999952316284,2.299999952316284,2.2950000762939453,2.2950000762939453,200.0
2026-08-20 11:42:00,IPT.V,,0.3050000071525574,0.3050000071525574,0.3050000071525574,0.3050000071525574,1500.0
2026-08-20 11:42:00,ITR.V,,3.890000104904175,3.890000104904175,3.890000104904175,3.890000104904175,123.0
2026-08-20 11:42:00,KRY.V,,3.450000047683716,3.450000047683716,3.450000047683716,3.450000047683716,700.0
2026-08-20 11:42:00,LIFT.V,,2.6700000762939453,2.6700000762939453,2.6700000762939453,2.6700000762939453,100.0
2026-08-20 11:42:00,MGM.V,,2.859999895095825,2.859999895095825,2.859999895095825,2.859999895095825,200.0
2026-08-20 11:42:00,MKO.V,,14.3100004196167,14.319999694824219,14.3100004196167,14.319999694824219,1985.0
2026-08-20 11:42:00,PNG.V,,5.880000114440918,5.889999866485596,5.880000114440918,5.889999866485596,11066.0
2026-08-20 11:43:00,FWZ.V,,3.2750000953674316,3.2750000953674316,3.2750000953674316,3.2750000953674316,100.0
2026-08-20 11:43:00,GGO.V,,1.149999976158142,1.149999976158142,1.149999976158142,1.149999976158142,1100.0
2026-08-20 11:43:00,GOT.V,,1.7400000095367432,1.7400000095367432,1.7400000095367432,1.7400000095367432,900.0
2026-08-20 11:43:00,GQC.V,,1.0099999904632568,1.0099999904632568,1.0099999904632568,1.0099999904632568,5080.0
2026-08-20 11:43:00,GSI.V,,1.7400000095367432,1.7400000095367432,1.7300000190734863,1.7300000190734863,3000.0
2026-08-20 11:43:00,GSVR.V,,0.5899999737739563,0.5899999737739563,0.5899999737739563,0.5899999737739563,2000.0
2026-08-20 11:43:00,HITI.V,,3.380000114440918,3.380000114440918,3.359999895095825,3.369999885559082,700.0
2026-08-20 11:43:00,HME.V,,2.7300000190734863,2.7300000190734863,2.7300000190734863,2.7300000190734863,200.0
2026-08-20 11:43:00,HSTR.V,,2.299999952316284,2.299999952316284,2.299999952316284,2.299999952316284,100.0
2026-08-20 11:43:00,IPT.V,,0.3050000071525574,0.3050000071525574,0.3050000071525574,0.3050000071525574,12202.0
2026-08-20 11:43:00,ITR.V,,3.880000114440918,3.890000104904175,3.880000114440918,3.890000104904175,300.0
2026-08-20 11:43:00,KFR.V,,1.2699999809265137,1.2699999809265137,1.2699999809265137,1.2699999809265137,100.0
2026-08-20 11:43:00,LMN.V,,24.860000610351562,24.860000610351562,24.860000610351562,24.860000610351562,200.0
2026-08-20 11:43:00,LUCA.V,,1.0499999523162842,1.0499999523162842,1.0499999523162842,1.0499999523162842,200.0
2026-08-20 11:43:00,MKO.V,,14.319999694824219,14.319999694824219,14.319999694824219,14.319999694824219,100.0
2026-08-20 11:43:00,MLP.V,,2.799999952316284,2.799999952316284,2.799999952316284,2.799999952316284,1000.0
2026-08-20 11:43:00,MTA.V,,15.359999656677246,15.359999656677246,15.359999656677246,15.359999656677246,100.0
2026-08-20 11:43:00,NURS.V,,4.050000190734863,4.050000190734863,4.039999961853027,4.039999961853027,700.0
2026-08-20 11:43:00,PNG.V,,5.880000114440918,5.880000114440918,5.880000114440918,5.880000114440918,200.0
2026-08-20 11:44:00,BIG.V,,1.3300000429153442,1.3300000429153442,1.3300000429153442,1.3300000429153442,100.0
2026-08-20 11:44:00,FDR.V,,6.010000228881836,6.010000228881836,6.010000228881836,6.010000228881836,100.0
2026-08-20 11:44:00,GG.V,,2.990000009536743,3.0,2.990000009536743,3.0,1700.0
2026-08-20 11:44:00,GOT.V,,1.7350000143051147,1.7400000095367432,1.7300000190734863,1.7400000095367432,11400.0
2026-08-20 11:44:00,GSI.V,,1.7400000095367432,1.7400000095367432,1.7400000095367432,1.7400000095367432,700.0
2026-08-20 11:44:00,GSVR.V,,0.5899999737739563,0.5899999737739563,0.5899999737739563,0.5899999737739563,1500.0
2026-08-20 11:44:00,HME.V,,2.7300000190734863,2.7300000190734863,2.7300000190734863,2.7300000190734863,400.0
2026-08-20 11:44:00,LSTR.V,,0.06499999761581421,0.06499999761581421,0.06499999761581421,0.06499999761581421,29000.0
2026-08-20 11:44:00,LUCA.V,,1.034999966621399,1.0399999618530273,1.034999966621399,1.0399999618530273,5900.0
2026-08-20 11:45:00,BIG.V,,1.3300000429153442,1.3300000429153442,1.3300000429153442,1.3300000429153442,400.0
2026-08-20 11:45:00,FWZ.V,,3.259999990463257,3.2699999809265137,3.259999990463257,3.2699999809265137,200.0
2026-08-20 11:45:00,GAL.V,,0.5,0.5099999904632568,0.5,0.5099999904632568,29000.0
2026-08-20 11:45:00,GGAU.V,,0.14000000059604645,0.14000000059604645,0.14000000059604645,0.14000000059604645,0.0
2026-08-20 11:45:00,GOT.V,,1.7300000190734863,1.7300000190734863,1.7300000190734863,1.7300000190734863,100.0
2026-08-20 11:45:00,GSP.V,,0.125,0.125,0.125,0.125,500.0
2026-08-20 11:45:00,GSVR.V,,0.5899999737739563,0.5899999737739563,0.5899999737739563,0.5899999737739563,1000.0
2026-08-20 11:45:00,GWM.V,,0.5899999737739563,0.5899999737739563,0.5899999737739563,0.5899999737739563,500.0
2026-08-20 11:45:00,HITI.V,,3.4000000953674316,3.4000000953674316,3.390000104904175,3.390000104904175,200.0
2026-08-20 11:45:00,HME.V,,2.7300000190734863,2.7300000190734863,2.7300000190734863,2.7300000190734863,100.0
2026-08-20 11:45:00,IPT.V,,0.3050000071525574,0.3050000071525574,0.3050000071525574,0.3050000071525574,2500.0
2026-08-20 11:45:00,ITR.V,,3.880000114440918,3.880000114440918,3.880000114440918,3.880000114440918,100.0
2026-08-20 11:45:00,KDK.V,,0.7900000214576721,0.7900000214576721,0.7900000214576721,0.7900000214576721,500.0
2026-08-20 11:45:00,KLDC.V,,0.2800000011920929,0.2800000011920929,0.2800000011920929,0.2800000011920929,500.0
2026-08-20 11:45:00,LCX.V,,1.7799999713897705,1.7899999618530273,1.7799999713897705,1.7899999618530273,200.0
2026-08-20 11:45:00,MKO.V,,14.3100004196167,14.3100004196167,14.3100004196167,14.3100004196167,200.0
2026-08-20 11:45:00,MLP.V,,2.7899999618530273,2.7899999618530273,2.7899999618530273,2.7899999618530273,300.0
2026-08-20 11:45:00,YGT.V,,0.20000000298023224,0.20000000298023224,0.20000000298023224,0.20000000298023224,44000.0
2026-08-20 11:46:00,BIG.V,,1.3300000429153442,1.3300000429153442,1.3300000429153442,1.3300000429153442,2400.0
2026-08-20 11:46:00,FRED.V,,0.6499999761581421,0.6499999761581421,0.6499999761581421,0.6499999761581421,7500.0
2026-08-20 11:46:00,FWZ.V,,3.259999990463257,3.259999990463257,3.259999990463257,3.259999990463257,400.0
2026-08-20 11:46:00,GAL.V,,0.5099999904632568,0.5199999809265137,0.5,0.5099999904632568,5000.0
2026-08-20 11:46:00,GOT.V,,1.7300000190734863,1.7300000190734863,1.7300000190734863,1.7300000190734863,200.0
2026-08-20 11:46:00,GSVR.V,,0.5899999737739563,0.5899999737739563,0.5849999785423279,0.5899999737739563,3500.0
2026-08-20 11:46:00,HITI.V,,3.369999885559082,3.380000114440918,3.369999885559082,3.380000114440918,200.0
2026-08-20 11:46:00,HME.V,,2.7300000190734863,2.7300000190734863,2.7300000190734863,2.7300000190734863,300.0
2026-08-20 11:46:00,HSTR.V,,2.2950000762939453,2.2950000762939453,2.2950000762939453,2.2950000762939453,100.0
2026-08-20 11:46:00,ITR.V,,3.890000104904175,3.890000104904175,3.890000104904175,3.890000104904175,100.0
2026-08-20 11:46:00,KTO.V,,0.8799999952316284,0.8799999952316284,0.8799999952316284,0.8799999952316284,20000.0
2026-08-20 11:46:00,LCX.V,,1.7899999618530273,1.7899999618530273,1.7899999618530273,1.7899999618530273,100.0
2026-08-20 11:46:00,MKO.V,,14.289999961853027,14.289999961853027,14.289999961853027,14.289999961853027,300.0
2026-08-20 11:46:00,MPH.V,,1.2999999523162842,1.2999999523162842,1.2999999523162842,1.2999999523162842,0.0
2026-08-20 11:46:00,PNG.V,,5.869999885559082,5.869999885559082,5.869999885559082,5.869999885559082,4203.0
2026-08-20 11:46:00,TUF.V,,0.7200000286102295,0.7200000286102295,0.7149999737739563,0.7149999737739563,1000.0
2026-08-20 11:47:00,BIG.V,,1.3300000429153442,1.3300000429153442,1.3300000429153442,1.3300000429153442,400.0
2026-08-20 11:47:00,EMM.V,,0.07000000029802322,0.07000000029802322,0.07000000029802322,0.07000000029802322,213200.0
2026-08-20 11:47:00,FDR.V,,6.010000228881836,6.010000228881836,6.0,6.0,1400.0
2026-08-20 11:47:00,FWZ.V,,3.259999990463257,3.259999990463257,3.259999990463257,3.259999990463257,700.0
2026-08-20 11:47:00,GPH.V,,0.9900000095367432,0.9900000095367432,0.9900000095367432,0.9900000095367432,1000.0
2026-08-20 11:47:00,GSVR.V,,0.5899999737739563,0.5899999737739563,0.5899999737739563,0.5899999737739563,500.0
2026-08-20 11:47:00,HME.V,,2.7300000190734863,2.7300000190734863,2.7300000190734863,2.7300000190734863,300.0
2026-08-20 11:47:00,HSTR.V,,2.2950000762939453,2.299999952316284,2.2950000762939453,2.2950000762939453,700.0
2026-08-20 11:47:00,ICM.V,,0.054999999701976776,0.054999999701976776,0.054999999701976776,0.054999999701976776,9000.0
2026-08-20 11:47:00,ITR.V,,3.890000104904175,3.890000104904175,3.890000104904175,3.890000104904175,100.0
2026-08-20 11:47:00,KFR.V,,1.2699999809265137,1.2699999809265137,1.2699999809265137,1.2699999809265137,100.0
2026-08-20 11:47:00,LSTR.V,,0.07000000029802322,0.07000000029802322,0.06499999761581421,0.06499999761581421,25000.0
2026-08-20 11:47:00,MTA.V,,15.380000114440918,15.380000114440918,15.380000114440918,15.380000114440918,440.0
2026-08-20 11:47:00,NHHH.V,,0.05999999865889549,0.05999999865889549,0.05999999865889549,0.05999999865889549,38000.0
2026-08-20 11:48:00,BIG.V,,1.3200000524520874,1.3250000476837158,1.3200000524520874,1.3200000524520874,19700.0
2026-08-20 11:48:00,EMM.V,,0.06499999761581421,0.06499999761581421,0.06499999761581421,0.06499999761581421,70000.0
2026-08-20 11:48:00,GOT.V,,1.7350000143051147,1.7350000143051147,1.7300000190734863,1.7300000190734863,700.0
2026-08-20 11:48:00,GSVR.V,,0.5899999737739563,0.5899999737739563,0.5899999737739563,0.5899999737739563,4500.0
2026-08-20 11:48:00,HITI.V,,3.380000114440918,3.380000114440918,3.380000114440918,3.380000114440918,400.0
2026-08-20 11:48:00,HME.V,,2.7300000190734863,2.7300000190734863,2.7300000190734863,2.7300000190734863,300.0
2026-08-20 11:48:00,HSTR.V,,2.299999952316284,2.299999952316284,2.299999952316284,2.299999952316284,200.0
2026-08-20 11:48:00,LUCA.V,,1.0399999618530273,1.0399999618530273,1.0399999618530273,1.0399999618530273,100.0
2026-08-20 11:48:00,MKO.V,,14.3100004196167,14.3100004196167,14.289999961853027,14.300000190734863,800.0
2026-08-20 11:48:00,MMA.V,,0.6399999856948853,0.6399999856948853,0.6399999856948853,0.6399999856948853,2000.0
2026-08-20 11:48:00,NHHH.V,,0.05999999865889549,0.05999999865889549,0.05999999865889549,0.05999999865889549,33000.0
2026-08-20 11:48:00,TUF.V,,0.7149999737739563,0.7149999737739563,0.7149999737739563,0.7149999737739563,500.0
2026-08-20 11:49:00,BIG.V,,1.3200000524520874,1.3200000524520874,1.3200000524520874,1.3200000524520874,200.0
2026-08-20 11:49:00,FDR.V,,6.010000228881836,6.010000228881836,6.010000228881836,6.010000228881836,300.0
2026-08-20 11:49:00,GRSL.V,,0.4399999976158142,0.4399999976158142,0.4399999976158142,0.4399999976158142,10000.0
2026-08-20 11:49:00,GSVR.V,,0.5899999737739563,0.5899999737739563,0.5899999737739563,0.5899999737739563,1500.0
2026-08-20 11:49:00,GWM.V,,0.5950000286102295,0.5950000286102295,0.5950000286102295,0.5950000286102295,500.0
2026-08-20 11:49:00,HITI.V,,3.380000114440918,3.380000114440918,3.380000114440918,3.380000114440918,1000.0
2026-08-20 11:49:00,HME.V,,2.7300000190734863,2.7300000190734863,2.7300000190734863,2.7300000190734863,100.0
2026-08-20 11:49:00,HSTR.V,,2.299999952316284,2.299999952316284,2.299999952316284,2.299999952316284,400.0
2026-08-20 11:49:00,IPT.V,,0.3050000071525574,0.3050000071525574,0.3050000071525574,0.3050000071525574,6000.0
2026-08-20 11:49:00,LUCA.V,,1.0399999618530273,1.0399999618530273,1.0399999618530273,1.0399999618530273,100.0
2026-08-20 11:49:00,PNG.V,,5.849999904632568,5.860000133514404,5.849999904632568,5.860000133514404,39700.0
2026-08-20 11:50:00,BIG.V,,1.3300000429153442,1.3300000429153442,1.3300000429153442,1.3300000429153442,3000.0
2026-08-20 11:50:00,FDR.V,,6.010000228881836,6.010000228881836,6.010000228881836,6.010000228881836,100.0
2026-08-20 11:50:00,GOT.V,,1.7400000095367432,1.7400000095367432,1.7300000190734863,1.7300000190734863,2200.0
2026-08-20 11:50:00,GSVR.V,,0.5849999785423279,0.5899999737739563,0.5849999785423279,0.5899999737739563,1500.0
2026-08-20 11:50:00,HME.V,,2.7300000190734863,2.7300000190734863,2.7300000190734863,2.7300000190734863,400.0
2026-08-20 11:50:00,INTR.V,,0.8100000023841858,0.8100000023841858,0.8100000023841858,0.8100000023841858,500.0
2026-08-20 11:50:00,ITR.V,,3.890000104904175,3.890000104904175,3.890000104904175,3.890000104904175,300.0
2026-08-20 11:50:00,KLDC.V,,0.2750000059604645,0.2750000059604645,0.2750000059604645,0.2750000059604645,2500.0
2026-08-20 11:50:00,LMN.V,,24.790000915527344,24.829999923706055,24.790000915527344,24.829999923706055,600.0
2026-08-20 11:50:00,MIM.V,,0.14000000059604645,0.14000000059604645,0.14000000059604645,0.14000000059604645,4000.0
2026-08-20 11:51:00,BIG.V,,1.3200000524520874,1.3250000476837158,1.3200000524520874,1.3250000476837158,7700.0
2026-08-20 11:51:00,GOT.V,,1.75,1.75,1.75,1.75,100.0
2026-08-20 11:51:00,GSVR.V,,0.5799999833106995,0.5899999737739563,0.5799999833106995,0.5899999737739563,2500.0
2026-08-20 11:51:00,HME.V,,2.7300000190734863,2.7300000190734863,2.7300000190734863,2.7300000190734863,200.0
2026-08-20 11:51:00,LCX.V,,1.7899999618530273,1.7899999618530273,1.7899999618530273,1.7899999618530273,100.0
2026-08-20 11:51:00,LMN.V,,24.889999389648438,24.889999389648438,24.889999389648438,24.889999389648438,100.0
2026-08-20 11:51:00,LUCA.V,,1.0299999713897705,1.0399999618530273,1.0299999713897705,1.0399999618530273,4600.0
2026-08-20 11:51:00,MFG.V,,4.130000114440918,4.130000114440918,4.130000114440918,4.130000114440918,100.0
2026-08-20 11:51:00,MLP.V,,2.7799999713897705,2.7799999713897705,2.7799999713897705,2.7799999713897705,101.0
2026-08-20 11:51:00,PNG.V,,5.849999904632568,5.860000133514404,5.849999904632568,5.860000133514404,4535.0
2026-08-20 11:52:00,BIG.V,,1.309999942779541,1.309999942779541,1.309999942779541,1.309999942779541,2800.0
2026-08-20 11:52:00,GRSL.V,,0.4399999976158142,0.4399999976158142,0.4399999976158142,0.4399999976158142,500.0
2026-08-20 11:52:00,GSVR.V,,0.5899999737739563,0.5899999737739563,0.5849999785423279,0.5849999785423279,2000.0
2026-08-20 11:52:00,GWM.V,,0.5950000286102295,0.5950000286102295,0.5950000286102295,0.5950000286102295,500.0
2026-08-20 11:52:00,HITI.V,,3.380000114440918,3.380000114440918,3.380000114440918,3.380000114440918,200.0
2026-08-20 11:52:00,HME.V,,2.7300000190734863,2.7300000190734863,2.7300000190734863,2.7300000190734863,300.0
2026-08-20 11:52:00,HVG.V,,0.04500000178813934,0.04500000178813934,0.04500000178813934,0.04500000178813934,10000.0
2026-08-20 11:52:00,KFR.V,,1.2799999713897705,1.2799999713897705,1.2799999713897705,1.2799999713897705,100.0
2026-08-20 11:52:00,PNG.V,,5.849999904632568,5.880000114440918,5.849999904632568,5.860000133514404,5400.0
2026-08-20 11:53:00,FDR.V,,6.010000228881836,6.010000228881836,6.010000228881836,6.010000228881836,600.0
2026-08-20 11:53:00,GGO.V,,1.149999976158142,1.1549999713897705,1.149999976158142,1.1549999713897705,300.0
2026-08-20 11:53:00,GOOD.V,,0.2150000035762787,0.2150000035762787,0.2150000035762787,0.2150000035762787,600.0
2026-08-20 11:53:00,GSVR.V,,0.5899999737739563,0.5899999737739563,0.5899999737739563,0.5899999737739563,10000.0
2026-08-20 11:53:00,HME.V,,2.7300000190734863,2.7300000190734863,2.7300000190734863,2.7300000190734863,100.0
2026-08-20 11:53:00,HSTR.V,,2.309999942779541,2.309999942779541,2.305000066757202,2.305000066757202,2000.0
2026-08-20 11:53:00,MLP.V,,2.7899999618530273,2.7899999618530273,2.7899999618530273,2.7899999618530273,200.0
2026-08-20 11:53:00,TUF.V,,0.7200000286102295,0.7200000286102295,0.7200000286102295,0.7200000286102295,1500.0
2026-08-20 11:54:00,GSVR.V,,0.5899999737739563,0.5899999737739563,0.5899999737739563,0.5899999737739563,1000.0
2026-08-20 11:54:00,HME.V,,2.7300000190734863,2.7300000190734863,2.7300000190734863,2.7300000190734863,400.0
2026-08-20 11:54:00,IGO.V,,0.14499999582767487,0.14499999582767487,0.14499999582767487,0.14499999582767487,1000.0
2026-08-20 11:54:00,KLDC.V,,0.2750000059604645,0.2750000059604645,0.2750000059604645,0.2750000059604645,12089.0
2026-08-20 11:54:00,LTH.V,,0.6499999761581421,0.6499999761581421,0.6499999761581421,0.6499999761581421,1500.0
2026-08-20 11:54:00,LUCA.V,,1.0399999618530273,1.0399999618530273,1.0399999618530273,1.0399999618530273,100.0
2026-08-20 11:54:00,MFG.V,,4.099999904632568,4.139999866485596,4.099999904632568,4.139999866485596,1400.0
2026-08-20 11:54:00,MLP.V,,2.819999933242798,2.819999933242798,2.799999952316284,2.799999952316284,1600.0
2026-08-20 11:54:00,MMA.V,,0.6399999856948853,0.6399999856948853,0.6399999856948853,0.6399999856948853,1500.0
2026-08-20 11:54:00,TUF.V,,0.7099999785423279,0.7200000286102295,0.7099999785423279,0.7200000286102295,42000.0
2026-08-20 11:55:00,GOT.V,,1.7400000095367432,1.7400000095367432,1.7400000095367432,1.7400000095367432,100.0
2026-08-20 11:55:00,GSVR.V,,0.5899999737739563,0.5899999737739563,0.5899999737739563,0.5899999737739563,500.0
2026-08-20 11:55:00,GWM.V,,0.5899999737739563,0.5950000286102295,0.5899999737739563,0.5950000286102295,1000.0
2026-08-20 11:55:00,HME.V,,2.7300000190734863,2.7300000190734863,2.7300000190734863,2.7300000190734863,200.0
2026-08-20 11:55:00,ITR.V,,3.890000104904175,3.890000104904175,3.890000104904175,3.890000104904175,100.0
2026-08-20 11:55:00,KG.V,,0.1599999964237213,0.16500000655651093,0.1599999964237213,0.16500000655651093,36433.0
2026-08-20 11:55:00,KLDC.V,,0.2750000059604645,0.2750000059604645,0.2750000059604645,0.2750000059604645,3000.0
2026-08-20 11:55:00,LIFT.V,,2.6700000762939453,2.6700000762939453,2.6700000762939453,2.6700000762939453,100.0
2026-08-20 11:55:00,LME.V,,0.12999999523162842,0.12999999523162842,0.12999999523162842,0.12999999523162842,500.0
2026-08-20 11:55:00,LUCA.V,,1.0399999618530273,1.0399999618530273,1.0399999618530273,1.0399999618530273,3700.0
2026-08-20 11:55:00,MKO.V,,14.319999694824219,14.319999694824219,14.319999694824219,14.319999694824219,250.0
2026-08-20 11:55:00,TUF.V,,0.7149999737739563,0.7149999737739563,0.7149999737739563,0.7149999737739563,2500.0
2026-08-20 11:56:00,BIG.V,,1.3200000524520874,1.3200000524520874,1.3200000524520874,1.3200000524520874,20100.0
2026-08-20 11:56:00,FWZ.V,,3.2699999809265137,3.2699999809265137,3.2699999809265137,3.2699999809265137,4700.0
2026-08-20 11:56:00,GSI.V,,1.7400000095367432,1.7400000095367432,1.7400000095367432,1.7400000095367432,2400.0
2026-08-20 11:56:00,GSVR.V,,0.5899999737739563,0.5899999737739563,0.5899999737739563,0.5899999737739563,500.0
2026-08-20 11:56:00,HME.V,,2.7300000190734863,2.7300000190734863,2.7300000190734863,2.7300000190734863,200.0
2026-08-20 11:56:00,HSTR.V,,2.309999942779541,2.309999942779541,2.309999942779541,2.309999942779541,300.0
2026-08-20 11:56:00,IPT.V,,0.3050000071525574,0.3050000071525574,0.3050000071525574,0.3050000071525574,500.0
2026-08-20 11:56:00,ITR.V,,3.890000104904175,3.890000104904175,3.890000104904175,3.890000104904175,100.0
2026-08-20 11:56:00,KLDC.V,,0.2750000059604645,0.2750000059604645,0.2750000059604645,0.2750000059604645,2500.0
2026-08-20 11:56:00,LCX.V,,1.7899999618530273,1.7899999618530273,1.7899999618530273,1.7899999618530273,200.0
2026-08-20 11:56:00,LMS.V,,0.25999999046325684,0.25999999046325684,0.25999999046325684,0.25999999046325684,4000.0
2026-08-20 11:56:00,LUCA.V,,1.0399999618530273,1.0399999618530273,1.0399999618530273,1.0399999618530273,100.0
2026-08-20 11:56:00,LVG.V,,0.30000001192092896,0.30000001192092896,0.30000001192092896,0.30000001192092896,1000.0
2026-08-20 11:56:00,MLP.V,,2.819999933242798,2.8299999237060547,2.819999933242798,2.819999933242798,7600.0
2026-08-20 11:56:00,VAND.V,,0.75,0.75,0.75,0.75,4500.0
2026-08-20 11:56:00,ZNG.V,,0.800000011920929,0.800000011920929,0.800000011920929,0.800000011920929,47625.0
2026-08-20 11:57:00,BIG.V,,1.3300000429153442,1.3300000429153442,1.3300000429153442,1.3300000429153442,300.0
2026-08-20 11:57:00,FWZ.V,,3.25,3.25,3.25,3.25,7775.0
2026-08-20 11:57:00,GGO.V,,1.159999966621399,1.159999966621399,1.159999966621399,1.159999966621399,4100.0
2026-08-20 11:57:00,GOT.V,,1.7400000095367432,1.7400000095367432,1.7400000095367432,1.7400000095367432,100.0
2026-08-20 11:57:00,GSVR.V,,0.5899999737739563,0.5899999737739563,0.5899999737739563,0.5899999737739563,500.0
2026-08-20 11:57:00,HME.V,,2.7300000190734863,2.7300000190734863,2.7300000190734863,2.7300000190734863,200.0
2026-08-20 11:57:00,HSTR.V,,2.319999933242798,2.319999933242798,2.319999933242798,2.319999933242798,200.0
2026-08-20 11:57:00,ITR.V,,3.9000000953674316,3.9000000953674316,3.9000000953674316,3.9000000953674316,500.0
2026-08-20 11:57:00,KTN.V,,1.3700000047683716,1.3700000047683716,1.3700000047683716,1.3700000047683716,1800.0
2026-08-20 11:57:00,LMN.V,,24.899999618530273,24.899999618530273,24.850000381469727,24.850000381469727,200.0
2026-08-20 11:57:00,LUCA.V,,1.0399999618530273,1.0399999618530273,1.0399999618530273,1.0399999618530273,100.0
2026-08-20 11:57:00,MTA.V,,15.40999984741211,15.40999984741211,15.40999984741211,15.40999984741211,110.0
2026-08-20 11:57:00,YGT.V,,0.20000000298023224,0.20000000298023224,0.20000000298023224,0.20000000298023224,20000.0
2026-08-20 11:58:00,BIG.V,,1.315000057220459,1.3300000429153442,1.315000057220459,1.3300000429153442,8300.0
2026-08-20 11:58:00,GOT.V,,1.7400000095367432,1.7400000095367432,1.7400000095367432,1.7400000095367432,100.0
2026-08-20 11:58:00,GSR.V,,0.39500001072883606,0.39500001072883606,0.39500001072883606,0.39500001072883606,18500.0
2026-08-20 11:58:00,GSVR.V,,0.5899999737739563,0.5899999737739563,0.5899999737739563,0.5899999737739563,1000.0
2026-08-20 11:58:00,HME.V,,2.7300000190734863,2.7300000190734863,2.7300000190734863,2.7300000190734863,300.0
2026-08-20 11:58:00,HSTR.V,,2.319999933242798,2.319999933242798,2.319999933242798,2.319999933242798,400.0
2026-08-20 11:58:00,IPT.V,,0.3050000071525574,0.3100000023841858,0.3050000071525574,0.3100000023841858,14500.0
2026-08-20 11:58:00,KLDC.V,,0.2750000059604645,0.2750000059604645,0.2750000059604645,0.2750000059604645,2500.0
2026-08-20 11:58:00,KRY.V,,3.450000047683716,3.450000047683716,3.450000047683716,3.450000047683716,600.0
2026-08-20 11:58:00,LCX.V,,1.7899999618530273,1.7899999618530273,1.7899999618530273,1.7899999618530273,100.0
2026-08-20 11:58:00,LTH.V,,0.6499999761581421,0.6499999761581421,0.6499999761581421,0.6499999761581421,16000.0
2026-08-20 11:58:00,MLP.V,,2.8399999141693115,2.8399999141693115,2.819999933242798,2.819999933242798,1000.0
2026-08-20 11:59:00,FWZ.V,,3.259999990463257,3.259999990463257,3.259999990463257,3.259999990463257,100.0
2026-08-20 11:59:00,GSTM.V,,0.19499999284744263,0.19499999284744263,0.19499999284744263,0.19499999284744263,4500.0
2026-08-20 11:59:00,GSVR.V,,0.5899999737739563,0.5899999737739563,0.5899999737739563,0.5899999737739563,500.0
2026-08-20 11:59:00,GWM.V,,0.5950000286102295,0.5950000286102295,0.5950000286102295,0.5950000286102295,500.0
2026-08-20 11:59:00,HI.V,,0.14000000059604645,0.14000000059604645,0.14000000059604645,0.14000000059604645,0.0
2026-08-20 11:59:00,HME.V,,2.7300000190734863,2.7300000190734863,2.7300000190734863,2.7300000190734863,200.0
2026-08-20 11:59:00,HSTR.V,,2.315000057220459,2.315000057220459,2.315000057220459,2.315000057220459,100.0
2026-08-20 11:59:00,JUGR.V,,1.3799999952316284,1.3799999952316284,1.3799999952316284,1.3799999952316284,100.0
2026-08-20 11:59:00,KFR.V,,1.2799999713897705,1.2799999713897705,1.2799999713897705,1.2799999713897705,100.0
2026-08-20 11:59:00,KLDC.V,,0.2750000059604645,0.2750000059604645,0.2750000059604645,0.2750000059604645,4000.0
2026-08-20 11:59:00,LIO.V,,0.1899999976158142,0.1899999976158142,0.1899999976158142,0.1899999976158142,80000.0
2026-08-20 11:59:00,PNG.V,,5.869999885559082,5.869999885559082,5.864999771118164,5.864999771118164,2900.0
2026-08-20 12:00:00,BIG.V,,1.315000057220459,1.315000057220459,1.309999942779541,1.315000057220459,29100.0
2026-08-20 12:00:00,FDR.V,,6.050000190734863,6.050000190734863,6.039999961853027,6.039999961853027,6000.0
2026-08-20 12:00:00,GOT.V,,1.7400000095367432,1.7400000095367432,1.7400000095367432,1.7400000095367432,200.0
2026-08-20 12:00:00,GSVR.V,,0.5899999737739563,0.5899999737739563,0.5899999737739563,0.5899999737739563,2500.0
2026-08-20 12:00:00,HME.V,,2.7300000190734863,2.7300000190734863,2.7300000190734863,2.7300000190734863,200.0
2026-08-20 12:00:00,HSTR.V,,2.319999933242798,2.319999933242798,2.319999933242798,2.319999933242798,200.0
2026-08-20 12:00:00,KTO.V,,0.8799999952316284,0.8799999952316284,0.8799999952316284,0.8799999952316284,10000.0
2026-08-20 12:00:00,LUCA.V,,1.0499999523162842,1.0499999523162842,1.0499999523162842,1.0499999523162842,1000.0
2026-08-20 12:00:00,MLP.V,,2.8499999046325684,2.8499999046325684,2.8399999141693115,2.8399999141693115,10600.0
2026-08-20 12:00:00,PNG.V,,5.860000133514404,5.869999885559082,5.860000133514404,5.869999885559082,1500.0
2026-08-20 12:01:00,BIG.V,,1.309999942779541,1.315000057220459,1.309999942779541,1.309999942779541,3900.0
2026-08-20 12:01:00,FWZ.V,,3.259999990463257,3.259999990463257,3.259999990463257,3.259999990463257,400.0
2026-08-20 12:01:00,GOT.V,,1.7400000095367432,1.7400000095367432,1.7400000095367432,1.7400000095367432,100.0
2026-08-20 12:01:00,GRSL.V,,0.4399999976158142,0.4399999976158142,0.4399999976158142,0.4399999976158142,47144.0
2026-08-20 12:01:00,GSVR.V,,0.5899999737739563,0.5899999737739563,0.5899999737739563,0.5899999737739563,1000.0
2026-08-20 12:01:00,HSTR.V,,2.319999933242798,2.319999933242798,2.319999933242798,2.319999933242798,200.0
2026-08-20 12:01:00,IPT.V,,0.3050000071525574,0.3100000023841858,0.3050000071525574,0.3100000023841858,85000.0
2026-08-20 12:01:00,KDK.V,,0.7900000214576721,0.7900000214576721,0.7900000214576721,0.7900000214576721,500.0
2026-08-20 12:01:00,LCX.V,,1.7899999618530273,1.7899999618530273,1.7899999618530273,1.7899999618530273,100.0
2026-08-20 12:01:00,LUCA.V,,1.0499999523162842,1.0499999523162842,1.0499999523162842,1.0499999523162842,100.0
2026-08-20 12:02:00,BIG.V,,1.315000057220459,1.315000057220459,1.309999942779541,1.309999942779541,3500.0
2026-08-20 12:02:00,ESK.V,,0.3449999988079071,0.3499999940395355,0.3449999988079071,0.3499999940395355,12000.0
2026-08-20 12:02:00,GSI.V,,1.7300000190734863,1.7300000190734863,1.7300000190734863,1.7300000190734863,2800.0
2026-08-20 12:02:00,GSVR.V,,0.5899999737739563,0.5899999737739563,0.5899999737739563,0.5899999737739563,3000.0
2026-08-20 12:02:00,ITR.V,,3.9100000858306885,3.9100000858306885,3.9100000858306885,3.9100000858306885,1300.0
2026-08-20 12:02:00,IVS.V,,0.2800000011920929,0.2800000011920929,0.2800000011920929,0.2800000011920929,2500.0
2026-08-20 12:02:00,LMN.V,,24.850000381469727,24.850000381469727,24.850000381469727,24.850000381469727,225.0
2026-08-20 12:02:00,LSL.V,,0.3400000035762787,0.35499998927116394,0.3400000035762787,0.35499998927116394,7000.0
2026-08-20 12:02:00,LUCA.V,,1.0499999523162842,1.0499999523162842,1.0499999523162842,1.0499999523162842,7450.0
2026-08-20 12:02:00,MCF.V,,0.019999999552965164,0.019999999552965164,0.019999999552965164,0.019999999552965164,0.0
2026-08-20 12:02:00,PNG.V,,5.860000133514404,5.869999885559082,5.855000019073486,5.860000133514404,3300.0
2026-08-20 12:03:00,BIG.V,,1.3200000524520874,1.3200000524520874,1.3200000524520874,1.3200000524520874,2300.0
2026-08-20 12:03:00,FWZ.V,,3.259999990463257,3.259999990463257,3.259999990463257,3.259999990463257,100.0
2026-08-20 12:03:00,GG.V,,3.009999990463257,3.009999990463257,3.009999990463257,3.009999990463257,1800.0
2026-08-20 12:03:00,GOT.V,,1.7400000095367432,1.7400000095367432,1.7400000095367432,1.7400000095367432,200.0
2026-08-20 12:03:00,GRSL.V,,0.4449999928474426,0.4449999928474426,0.4449999928474426,0.4449999928474426,19500.0
2026-08-20 12:03:00,GSVR.V,,0.5899999737739563,0.5899999737739563,0.5899999737739563,0.5899999737739563,2000.0
2026-08-20 12:03:00,GWM.V,,0.5899999737739563,0.5899999737739563,0.5899999737739563,0.5899999737739563,500.0
2026-08-20 12:03:00,HME.V,,2.7300000190734863,2.7300000190734863,2.7300000190734863,2.7300000190734863,100.0
2026-08-20 12:03:00,ITR.V,,3.9000000953674316,3.9000000953674316,3.9000000953674316,3.9000000953674316,500.0
2026-08-20 12:03:00,LIO.V,,0.1899999976158142,0.1899999976158142,0.1899999976158142,0.1899999976158142,2000.0
2026-08-20 12:03:00,MLP.V,,2.859999895095825,2.859999895095825,2.859999895095825,2.859999895095825,700.0
2026-08-20 12:03:00,NURS.V,,4.019999980926514,4.050000190734863,4.019999980926514,4.050000190734863,1600.0
2026-08-20 12:03:00,ZNG.V,,0.800000011920929,0.800000011920929,0.800000011920929,0.800000011920929,3500.0
2026-08-20 12:04:00,FUU.V,,0.14499999582767487,0.14499999582767487,0.14499999582767487,0.14499999582767487,500.0
2026-08-20 12:04:00,FWZ.V,,3.259999990463257,3.259999990463257,3.259999990463257,3.259999990463257,235.0
2026-08-20 12:04:00,GRSL.V,,0.4399999976158142,0.4399999976158142,0.4399999976158142,0.4399999976158142,44629.0
2026-08-20 12:04:00,GSPR.V,,0.11500000208616257,0.11500000208616257,0.11500000208616257,0.11500000208616257,35000.0
2026-08-20 12:04:00,GSVR.V,,0.5899999737739563,0.5899999737739563,0.5899999737739563,0.5899999737739563,6408.0
2026-08-20 12:04:00,LA.V,,13.199999809265137,13.199999809265137,13.199999809265137,13.199999809265137,100.0
2026-08-20 12:04:00,LITH.V,,0.4300000071525574,0.4300000071525574,0.4300000071525574,0.4300000071525574,35000.0
2026-08-20 12:04:00,LMN.V,,24.790000915527344,24.790000915527344,24.790000915527344,24.790000915527344,200.0
2026-08-20 12:04:00,LUCA.V,,1.0499999523162842,1.0499999523162842,1.0499999523162842,1.0499999523162842,250.0
2026-08-20 12:04:00,MCF.V,,0.014999999664723873,0.014999999664723873,0.014999999664723873,0.014999999664723873,21504.0
2026-08-20 12:04:00,MKO.V,,14.34000015258789,14.34000015258789,14.34000015258789,14.34000015258789,200.0
2026-08-20 12:04:00,PNG.V,,5.860000133514404,5.860000133514404,5.860000133514404,5.860000133514404,2300.0
2026-08-20 12:05:00,BIG.V,,1.3200000524520874,1.3200000524520874,1.3200000524520874,1.3200000524520874,1300.0
2026-08-20 12:05:00,GG.V,,3.009999990463257,3.009999990463257,3.0,3.0,1700.0
2026-08-20 12:05:00,GGO.V,,1.159999966621399,1.159999966621399,1.159999966621399,1.159999966621399,500.0
2026-08-20 12:05:00,GOT.V,,1.7400000095367432,1.7400000095367432,1.7400000095367432,1.7400000095367432,100.0
2026-08-20 12:05:00,GQC.V,,1.0,1.0,1.0,1.0,6000.0
2026-08-20 12:05:00,GSR.V,,0.39500001072883606,0.39500001072883606,0.39500001072883606,0.39500001072883606,3000.0
2026-08-20 12:05:00,GSVR.V,,0.5899999737739563,0.5899999737739563,0.5899999737739563,0.5899999737739563,500.0
2026-08-20 12:05:00,HITI.V,,3.359999895095825,3.369999885559082,3.359999895095825,3.369999885559082,300.0
2026-08-20 12:05:00,KRY.V,,3.5,3.5,3.490000009536743,3.490000009536743,8400.0
2026-08-20 12:05:00,KTN.V,,1.3600000143051147,1.3600000143051147,1.3600000143051147,1.3600000143051147,100.0
2026-08-20 12:05:00,LUCA.V,,1.0499999523162842,1.0499999523162842,1.0499999523162842,1.0499999523162842,100.0
2026-08-20 12:05:00,MCF.V,,0.014999999664723873,0.014999999664723873,0.014999999664723873,0.014999999664723873,20000.0
2026-08-20 12:05:00,MJS.V,,0.10000000149011612,0.10000000149011612,0.10000000149011612,0.10000000149011612,18000.0
2026-08-20 12:05:00,MKO.V,,14.359999656677246,14.359999656677246,14.359999656677246,14.359999656677246,400.0
2026-08-20 12:05:00,MLP.V,,2.8399999141693115,2.8399999141693115,2.8399999141693115,2.8399999141693115,100.0
2026-08-20 12:05:00,PNG.V,,5.869999885559082,5.869999885559082,5.869999885559082,5.869999885559082,100.0
2026-08-20 12:06:00,BIG.V,,1.3200000524520874,1.3200000524520874,1.3200000524520874,1.3200000524520874,900.0
2026-08-20 12:06:00,FWZ.V,,3.259999990463257,3.259999990463257,3.259999990463257,3.259999990463257,500.0
2026-08-20 12:06:00,GOT.V,,1.7400000095367432,1.7400000095367432,1.7400000095367432,1.7400000095367432,100.0
2026-08-20 12:06:00,GSVR.V,,0.5899999737739563,0.5899999737739563,0.5899999737739563,0.5899999737739563,7500.0
2026-08-20 12:06:00,GWM.V,,0.5899999737739563,0.5899999737739563,0.5899999737739563,0.5899999737739563,500.0
2026-08-20 12:06:00,HSTR.V,,2.315000057220459,2.315000057220459,2.315000057220459,2.315000057220459,562.0
2026-08-20 12:06:00,LUCA.V,,1.0499999523162842,1.0499999523162842,1.0499999523162842,1.0499999523162842,43700.0
2026-08-20 12:06:00,MKO.V,,14.300000190734863,14.34000015258789,14.300000190734863,14.34000015258789,1000.0
2026-08-20 12:06:00,MLP.V,,2.8399999141693115,2.8399999141693115,2.8399999141693115,2.8399999141693115,200.0
2026-08-20 12:07:00,BIG.V,,1.3200000524520874,1.3200000524520874,1.3200000524520874,1.3200000524520874,1200.0
2026-08-20 12:07:00,EMM.V,,0.07000000029802322,0.07000000029802322,0.07000000029802322,0.07000000029802322,1000.0
2026-08-20 12:07:00,GG.V,,3.0,3.005000114440918,3.0,3.0,800.0
2026-08-20 12:07:00,GGO.V,,1.149999976158142,1.149999976158142,1.149999976158142,1.149999976158142,600.0
2026-08-20 12:07:00,GOT.V,,1.7400000095367432,1.7400000095367432,1.7400000095367432,1.7400000095367432,200.0
2026-08-20 12:07:00,GRG.V,,0.10499999672174454,0.10499999672174454,0.10499999672174454,0.10499999672174454,66000.0
2026-08-20 12:07:00,GSVR.V,,0.5899999737739563,0.5899999737739563,0.5899999737739563,0.5899999737739563,7000.0
2026-08-20 12:07:00,HITI.V,,3.3499999046325684,3.359999895095825,3.3499999046325684,3.359999895095825,200.0
2026-08-20 12:07:00,HME.V,,2.7200000286102295,2.7200000286102295,2.7200000286102295,2.7200000286102295,2100.0
2026-08-20 12:07:00,HSTR.V,,2.319999933242798,2.319999933242798,2.309999942779541,2.309999942779541,4100.0
2026-08-20 12:07:00,IPT.V,,0.3149999976158142,0.3149999976158142,0.3149999976158142,0.3149999976158142,700.0
2026-08-20 12:07:00,KFR.V,,1.25,1.2599999904632568,1.25,1.25,76900.0
2026-08-20 12:07:00,KLDC.V,,0.2750000059604645,0.2750000059604645,0.2750000059604645,0.2750000059604645,500.0
2026-08-20 12:07:00,KRY.V,,3.4600000381469727,3.4600000381469727,3.4600000381469727,3.4600000381469727,500.0
2026-08-20 12:07:00,LIFT.V,,2.6700000762939453,2.6700000762939453,2.6700000762939453,2.6700000762939453,100.0
2026-08-20 12:07:00,LUCA.V,,1.0499999523162842,1.0499999523162842,1.0499999523162842,1.0499999523162842,8237.0
2026-08-20 12:07:00,MFG.V,,4.139999866485596,4.150000095367432,4.139999866485596,4.150000095367432,200.0
2026-08-20 12:07:00,MKO.V,,14.3100004196167,14.3100004196167,14.3100004196167,14.3100004196167,300.0
2026-08-20 12:07:00,MLP.V,,2.8399999141693115,2.8399999141693115,2.8399999141693115,2.8399999141693115,100.0
2026-08-20 12:07:00,PNG.V,,5.84499979019165,5.860000133514404,5.840000152587891,5.860000133514404,16562.0
2026-08-20 12:07:00,TUF.V,,0.7200000286102295,0.7200000286102295,0.7200000286102295,0.7200000286102295,34500.0
2026-08-20 12:08:00,FWZ.V,,3.259999990463257,3.259999990463257,3.259999990463257,3.259999990463257,100.0
2026-08-20 12:08:00,GOT.V,,1.7400000095367432,1.7400000095367432,1.7400000095367432,1.7400000095367432,200.0
2026-08-20 12:08:00,GSVR.V,,0.5899999737739563,0.5899999737739563,0.5899999737739563,0.5899999737739563,1000.0
2026-08-20 12:08:00,HAR.V,,0.03999999910593033,0.03999999910593033,0.03999999910593033,0.03999999910593033,25000.0
2026-08-20 12:08:00,HME.V,,2.7200000286102295,2.7200000286102295,2.7200000286102295,2.7200000286102295,100.0
2026-08-20 12:08:00,IVS.V,,0.2750000059604645,0.2750000059604645,0.2750000059604645,0.2750000059604645,1500.0
2026-08-20 12:08:00,KFR.V,,1.25,1.25,1.25,1.25,8800.0
2026-08-20 12:08:00,LG.V,,0.39500001072883606,0.39500001072883606,0.39500001072883606,0.39500001072883606,4000.0
2026-08-20 12:08:00,LUCA.V,,1.0499999523162842,1.0499999523162842,1.0499999523162842,1.0499999523162842,200.0
2026-08-20 12:08:00,MLP.V,,2.8499999046325684,2.8499999046325684,2.8399999141693115,2.8399999141693115,1276.0
2026-08-20 12:08:00,TUF.V,,0.7300000190734863,0.7300000190734863,0.7200000286102295,0.7200000286102295,35000.0
2026-08-20 12:09:00,GG.V,,2.990000009536743,3.0,2.990000009536743,3.0,3682.0
2026-08-20 12:09:00,GGO.V,,1.149999976158142,1.149999976158142,1.149999976158142,1.149999976158142,100.0
2026-08-20 12:09:00,GOT.V,,1.7400000095367432,1.7400000095367432,1.7400000095367432,1.7400000095367432,100.0
2026-08-20 12:09:00,GSVR.V,,0.5899999737739563,0.5899999737739563,0.5899999737739563,0.5899999737739563,3000.0
2026-08-20 12:09:00,HSTR.V,,2.319999933242798,2.319999933242798,2.319999933242798,2.319999933242798,10200.0
2026-08-20 12:09:00,KLDC.V,,0.2750000059604645,0.2750000059604645,0.2750000059604645,0.2750000059604645,500.0
2026-08-20 12:09:00,LUCA.V,,1.0499999523162842,1.0499999523162842,1.0499999523162842,1.0499999523162842,4800.0
2026-08-20 12:09:00,LVG.V,,0.30000001192092896,0.30000001192092896,0.30000001192092896,0.30000001192092896,8000.0
2026-08-20 12:09:00,PNG.V,,5.849999904632568,5.849999904632568,5.849999904632568,5.849999904632568,500.0
2026-08-20 12:09:00,ZNG.V,,0.8100000023841858,0.8100000023841858,0.8100000023841858,0.8100000023841858,20000.0
2026-08-20 12:10:00,BIG.V,,1.3200000524520874,1.3200000524520874,1.3200000524520874,1.3200000524520874,700.0
2026-08-20 12:10:00,FWZ.V,,3.25,3.25,3.25,3.25,100.0
2026-08-20 12:10:00,GFG.V,,0.23000000417232513,0.23000000417232513,0.23000000417232513,0.23000000417232513,11500.0
2026-08-20 12:10:00,GMG.V,,2.0899999141693115,2.0899999141693115,2.0899999141693115,2.0899999141693115,200.0
2026-08-20 12:10:00,GSVR.V,,0.5899999737739563,0.5899999737739563,0.5899999737739563,0.5899999737739563,2500.0
2026-08-20 12:10:00,GWM.V,,0.5899999737739563,0.5899999737739563,0.5899999737739563,0.5899999737739563,500.0
2026-08-20 12:10:00,HSTR.V,,2.319999933242798,2.319999933242798,2.319999933242798,2.319999933242798,3900.0
2026-08-20 12:10:00,KFR.V,,1.2599999904632568,1.2599999904632568,1.2599999904632568,1.2599999904632568,500.0
2026-08-20 12:10:00,LTH.V,,0.6600000262260437,0.6600000262260437,0.6549999713897705,0.6549999713897705,10000.0
2026-08-20 12:10:00,LUCA.V,,1.0499999523162842,1.0499999523162842,1.0499999523162842,1.0499999523162842,5900.0
2026-08-20 12:10:00,MTA.V,,15.479999542236328,15.479999542236328,15.479999542236328,15.479999542236328,100.0
2026-08-20 12:10:00,PNG.V,,5.849999904632568,5.849999904632568,5.849999904632568,5.849999904632568,1300.0
2026-08-20 12:10:00,VAND.V,,0.7400000095367432,0.7400000095367432,0.7400000095367432,0.7400000095367432,1900.0
2026-08-20 12:11:00,BIG.V,,1.3200000524520874,1.3200000524520874,1.3200000524520874,1.3200000524520874,1000.0
2026-08-20 12:11:00,FMAN.V,,0.4000000059604645,0.4000000059604645,0.4000000059604645,0.4000000059604645,500.0
2026-08-20 12:11:00,GLAD.V,,2.759999990463257,2.759999990463257,2.759999990463257,2.759999990463257,1300.0
2026-08-20 12:11:00,GLD.V,,0.04500000178813934,0.04500000178813934,0.04500000178813934,0.04500000178813934,45000.0
2026-08-20 12:11:00,GOT.V,,1.7400000095367432,1.7400000095367432,1.7400000095367432,1.7400000095367432,100.0
2026-08-20 12:11:00,GPG.V,,0.4000000059604645,0.4000000059604645,0.4000000059604645,0.4000000059604645,4300.0
2026-08-20 12:11:00,GSI.V,,1.7300000190734863,1.7300000190734863,1.7300000190734863,1.7300000190734863,800.0
2026-08-20 12:11:00,GSVR.V,,0.5899999737739563,0.5899999737739563,0.5899999737739563,0.5899999737739563,10000.0
2026-08-20 12:11:00,HME.V,,2.7200000286102295,2.7200000286102295,2.7200000286102295,2.7200000286102295,100.0
2026-08-20 12:11:00,HPL.V,,0.3499999940395355,0.3499999940395355,0.3499999940395355,0.3499999940395355,2500.0
2026-08-20 12:11:00,HSTR.V,,2.315000057220459,2.315000057220459,2.315000057220459,2.315000057220459,100.0
2026-08-20 12:11:00,KFR.V,,1.2599999904632568,1.2599999904632568,1.2599999904632568,1.2599999904632568,10200.0
2026-08-20 12:11:00,KTN.V,,1.3600000143051147,1.3600000143051147,1.3600000143051147,1.3600000143051147,100.0
2026-08-20 12:11:00,LMN.V,,24.760000228881836,24.850000381469727,24.729999542236328,24.729999542236328,1900.0
2026-08-20 12:11:00,LUCA.V,,1.0499999523162842,1.0499999523162842,1.0499999523162842,1.0499999523162842,100.0
2026-08-20 12:11:00,MJS.V,,0.10000000149011612,0.10000000149011612,0.10000000149011612,0.10000000149011612,75437.0
2026-08-20 12:11:00,PNG.V,,5.840000152587891,5.840000152587891,5.840000152587891,5.840000152587891,300.0
2026-08-20 12:12:00,BIG.V,,1.3200000524520874,1.3200000524520874,1.3200000524520874,1.3200000524520874,600.0
2026-08-20 12:12:00,GOT.V,,1.7400000095367432,1.7400000095367432,1.7400000095367432,1.7400000095367432,200.0
2026-08-20 12:12:00,GSVR.V,,0.5899999737739563,0.5899999737739563,0.5899999737739563,0.5899999737739563,500.0
2026-08-20 12:12:00,HCH.V,,1.75,1.75,1.75,1.75,1139.0
2026-08-20 12:12:00,HITI.V,,3.380000114440918,3.380000114440918,3.369999885559082,3.369999885559082,600.0
2026-08-20 12:12:00,HME.V,,2.7200000286102295,2.7200000286102295,2.7200000286102295,2.7200000286102295,100.0
2026-08-20 12:12:00,ITR.V,,3.884999990463257,3.890000104904175,3.884999990463257,3.890000104904175,200.0
2026-08-20 12:12:00,KFR.V,,1.2599999904632568,1.2599999904632568,1.2599999904632568,1.2599999904632568,300.0
2026-08-20 12:12:00,LCX.V,,1.7899999618530273,1.7899999618530273,1.7899999618530273,1.7899999618530273,100.0
2026-08-20 12:12:00,LMN.V,,24.799999237060547,24.799999237060547,24.799999237060547,24.799999237060547,220.0
2026-08-20 12:12:00,LUCA.V,,1.0499999523162842,1.0499999523162842,1.0499999523162842,1.0499999523162842,1000.0
2026-08-20 12:12:00,MTA.V,,15.460000038146973,15.460000038146973,15.460000038146973,15.460000038146973,100.0
2026-08-20 12:12:00,NURS.V,,4.03000020980835,4.03000020980835,4.03000020980835,4.03000020980835,100.0
2026-08-20 12:12:00,PNG.V,,5.849999904632568,5.849999904632568,5.840000152587891,5.840000152587891,2900.0
2026-08-20 12:13:00,BIG.V,,1.3200000524520874,1.3200000524520874,1.3200000524520874,1.3200000524520874,100.0
2026-08-20 12:13:00,FDR.V,,6.019999980926514,6.019999980926514,6.019999980926514,6.019999980926514,600.0
2026-08-20 12:13:00,GAL.V,,0.5099999904632568,0.5149999856948853,0.5099999904632568,0.5099999904632568,49500.0
2026-08-20 12:13:00,GG.V,,3.0299999713897705,3.0299999713897705,3.009999990463257,3.009999990463257,4000.0
2026-08-20 12:13:00,GSVR.V,,0.5899999737739563,0.5899999737739563,0.5899999737739563,0.5899999737739563,2500.0
2026-08-20 12:13:00,HME.V,,2.7200000286102295,2.7200000286102295,2.7200000286102295,2.7200000286102295,100.0
2026-08-20 12:13:00,HSTR.V,,2.305000066757202,2.319999933242798,2.305000066757202,2.319999933242798,2200.0
2026-08-20 12:13:00,IPT.V,,0.3125,0.3125,0.3125,0.3125,3000.0
2026-08-20 12:13:00,KFR.V,,1.2599999904632568,1.2599999904632568,1.2599999904632568,1.2599999904632568,500.0
2026-08-20 12:13:00,LIO.V,,0.1899999976158142,0.1899999976158142,0.1899999976158142,0.1899999976158142,20000.0
2026-08-20 12:13:00,LUCA.V,,1.0499999523162842,1.0499999523162842,1.0499999523162842,1.0499999523162842,100.0
2026-08-20 12:13:00,MKO.V,,14.300000190734863,14.300000190734863,14.300000190734863,14.300000190734863,200.0
2026-08-20 12:13:00,MLP.V,,2.8399999141693115,2.8399999141693115,2.8399999141693115,2.8399999141693115,100.0
2026-08-20 12:13:00,NURS.V,,4.010000228881836,4.019999980926514,4.010000228881836,4.010000228881836,7600.0
2026-08-20 12:13:00,PNG.V,,5.849999904632568,5.849999904632568,5.849999904632568,5.849999904632568,3000.0
2026-08-20 12:14:00,BIG.V,,1.309999942779541,1.309999942779541,1.309999942779541,1.309999942779541,5100.0
2026-08-20 12:14:00,GG.V,,3.0199999809265137,3.0199999809265137,3.0199999809265137,3.0199999809265137,100.0
2026-08-20 12:14:00,GOT.V,,1.7400000095367432,1.7400000095367432,1.7400000095367432,1.7400000095367432,100.0
2026-08-20 12:14:00,GQC.V,,1.0,1.0,1.0,1.0,2500.0
2026-08-20 12:14:00,GRZ.V,,6.480000019073486,6.480000019073486,6.480000019073486,6.480000019073486,1800.0
2026-08-20 12:14:00,GSI.V,,1.7400000095367432,1.7400000095367432,1.7300000190734863,1.7300000190734863,2800.0
2026-08-20 12:14:00,GSR.V,,0.39500001072883606,0.39500001072883606,0.39500001072883606,0.39500001072883606,25000.0
2026-08-20 12:14:00,GSVR.V,,0.5899999737739563,0.5899999737739563,0.5849999785423279,0.5849999785423279,16000.0
2026-08-20 12:14:00,GWM.V,,0.5899999737739563,0.5899999737739563,0.5899999737739563,0.5899999737739563,500.0
2026-08-20 12:14:00,HME.V,,2.7200000286102295,2.7200000286102295,2.7200000286102295,2.7200000286102295,100.0
2026-08-20 12:14:00,HSTR.V,,2.299999952316284,2.299999952316284,2.299999952316284,2.299999952316284,100.0
2026-08-20 12:14:00,ITR.V,,3.880000114440918,3.880000114440918,3.880000114440918,3.880000114440918,200.0
2026-08-20 12:14:00,KFR.V,,1.2599999904632568,1.2599999904632568,1.2599999904632568,1.2599999904632568,400.0
2026-08-20 12:14:00,KTN.V,,1.3600000143051147,1.3600000143051147,1.3600000143051147,1.3600000143051147,1300.0
2026-08-20 12:14:00,MKO.V,,14.270000457763672,14.289999961853027,14.270000457763672,14.289999961853027,400.0
2026-08-20 12:14:00,MLP.V,,2.8399999141693115,2.8399999141693115,2.8399999141693115,2.8399999141693115,100.0
2026-08-20 12:14:00,PNG.V,,5.840000152587891,5.860000133514404,5.840000152587891,5.860000133514404,4200.0
2026-08-20 12:15:00,BIG.V,,1.309999942779541,1.309999942779541,1.309999942779541,1.309999942779541,700.0
2026-08-20 12:15:00,ESK.V,,0.3499999940395355,0.3499999940395355,0.3499999940395355,0.3499999940395355,500.0
2026-08-20 12:15:00,FDR.V,,6.03000020980835,6.03000020980835,6.03000020980835,6.03000020980835,400.0
2026-08-20 12:15:00,FWZ.V,,3.244999885559082,3.244999885559082,3.244999885559082,3.244999885559082,100.0
2026-08-20 12:15:00,GOT.V,,1.75,1.75,1.7400000095367432,1.7400000095367432,6700.0
2026-08-20 12:15:00,GRSL.V,,0.4350000023841858,0.4350000023841858,0.4350000023841858,0.4350000023841858,56910.0
2026-08-20 12:15:00,GSVR.V,,0.5899999737739563,0.5899999737739563,0.5849999785423279,0.5899999737739563,4000.0
2026-08-20 12:15:00,ITR.V,,3.869999885559082,3.869999885559082,3.869999885559082,3.869999885559082,100.0
2026-08-20 12:15:00,KFR.V,,1.2599999904632568,1.2599999904632568,1.2599999904632568,1.2599999904632568,300.0
2026-08-20 12:15:00,KG.V,,0.1599999964237213,0.1599999964237213,0.1599999964237213,0.1599999964237213,15000.0
2026-08-20 12:15:00,KS.V,,0.15000000596046448,0.15000000596046448,0.15000000596046448,0.15000000596046448,1000.0
2026-08-20 12:15:00,LG.V,,0.38999998569488525,0.38999998569488525,0.38999998569488525,0.38999998569488525,14500.0
2026-08-20 12:15:00,LUCA.V,,1.0499999523162842,1.0499999523162842,1.0499999523162842,1.0499999523162842,100.0
2026-08-20 12:15:00,MFG.V,,4.139999866485596,4.139999866485596,4.130000114440918,4.139999866485596,500.0
2026-08-20 12:15:00,MLP.V,,2.8399999141693115,2.8399999141693115,2.8399999141693115,2.8399999141693115,1402.0
2026-08-20 12:15:00,PNG.V,,5.829999923706055,5.840000152587891,5.829999923706055,5.840000152587891,200.0
2026-08-20 12:15:00,ZNG.V,,0.800000011920929,0.800000011920929,0.800000011920929,0.800000011920929,500.0
2026-08-20 12:16:00,BIG.V,,1.309999942779541,1.309999942779541,1.309999942779541,1.309999942779541,400.0
2026-08-20 12:16:00,GSVR.V,,0.5899999737739563,0.5899999737739563,0.5899999737739563,0.5899999737739563,1000.0
2026-08-20 12:16:00,HME.V,,2.7200000286102295,2.7200000286102295,2.7200000286102295,2.7200000286102295,100.0
2026-08-20 12:16:00,HSTR.V,,2.309999942779541,2.309999942779541,2.309999942779541,2.309999942779541,1600.0
2026-08-20 12:16:00,IPT.V,,0.3100000023841858,0.3100000023841858,0.3100000023841858,0.3100000023841858,6750.0
2026-08-20 12:16:00,KFR.V,,1.2599999904632568,1.2599999904632568,1.2599999904632568,1.2599999904632568,400.0
2026-08-20 12:16:00,KLDC.V,,0.2800000011920929,0.2800000011920929,0.2800000011920929,0.2800000011920929,500.0
2026-08-20 12:16:00,LUCA.V,,1.0499999523162842,1.0499999523162842,1.0499999523162842,1.0499999523162842,200.0
2026-08-20 12:16:00,MIM.V,,0.14499999582767487,0.14499999582767487,0.14499999582767487,0.14499999582767487,1000.0
2026-08-20 12:16:00,MRVL.V,,0.1550000011920929,0.1550000011920929,0.1550000011920929,0.1550000011920929,5202.0
2026-08-20 12:16:00,PNG.V,,5.840000152587891,5.840000152587891,5.840000152587891,5.840000152587891,1300.0
2026-08-20 12:16:00,ZNG.V,,0.8100000023841858,0.8100000023841858,0.8100000023841858,0.8100000023841858,500.0
2026-08-20 12:17:00,BIG.V,,1.309999942779541,1.309999942779541,1.309999942779541,1.309999942779541,100.0
2026-08-20 12:17:00,GSVR.V,,0.5899999737739563,0.5899999737739563,0.5849999785423279,0.5899999737739563,10000.0
2026-08-20 12:17:00,HITI.V,,3.369999885559082,3.369999885559082,3.369999885559082,3.369999885559082,100.0
2026-08-20 12:17:00,HSTR.V,,2.305000066757202,2.305000066757202,2.305000066757202,2.305000066757202,100.0
2026-08-20 12:17:00,IPT.V,,0.3075000047683716,0.3075000047683716,0.3075000047683716,0.3075000047683716,500.0
2026-08-20 12:17:00,ITR.V,,3.869999885559082,3.869999885559082,3.869999885559082,3.869999885559082,100.0
2026-08-20 12:17:00,KFR.V,,1.2599999904632568,1.2599999904632568,1.2599999904632568,1.2599999904632568,300.0
2026-08-20 12:17:00,KTN.V,,1.3600000143051147,1.3600000143051147,1.3600000143051147,1.3600000143051147,100.0
2026-08-20 12:17:00,LUCA.V,,1.0499999523162842,1.0499999523162842,1.0499999523162842,1.0499999523162842,3000.0
2026-08-20 12:17:00,MLP.V,,2.819999933242798,2.819999933242798,2.819999933242798,2.819999933242798,100.0
2026-08-20 12:17:00,PNG.V,,5.84499979019165,5.849999904632568,5.84499979019165,5.849999904632568,200.0
2026-08-20 12:18:00,BIG.V,,1.309999942779541,1.309999942779541,1.309999942779541,1.309999942779541,3500.0
2026-08-20 12:18:00,FDR.V,,6.03000020980835,6.03000020980835,6.025000095367432,6.025000095367432,400.0
2026-08-20 12:18:00,GRSL.V,,0.4350000023841858,0.4350000023841858,0.4300000071525574,0.4300000071525574,138000.0
2026-08-20 12:18:00,GSR.V,,0.39500001072883606,0.39500001072883606,0.39500001072883606,0.39500001072883606,3500.0
2026-08-20 12:18:00,GSVR.V,,0.5899999737739563,0.5899999737739563,0.5849999785423279,0.5899999737739563,5500.0
2026-08-20 12:18:00,HME.V,,2.7200000286102295,2.7200000286102295,2.7200000286102295,2.7200000286102295,100.0
2026-08-20 12:18:00,HSTR.V,,2.309999942779541,2.309999942779541,2.309999942779541,2.309999942779541,100.0
2026-08-20 12:18:00,IPT.V,,0.3100000023841858,0.3100000023841858,0.3100000023841858,0.3100000023841858,1538.0
2026-08-20 12:18:00,KFR.V,,1.2599999904632568,1.2599999904632568,1.2599999904632568,1.2599999904632568,300.0
2026-08-20 12:18:00,LCX.V,,1.7899999618530273,1.7899999618530273,1.7899999618530273,1.7899999618530273,200.0
2026-08-20 12:18:00,LSTR.V,,0.06499999761581421,0.06499999761581421,0.06499999761581421,0.06499999761581421,5000.0
2026-08-20 12:18:00,LUCA.V,,1.0499999523162842,1.0499999523162842,1.0499999523162842,1.0499999523162842,100.0
2026-08-20 12:18:00,MFG.V,,4.170000076293945,4.170000076293945,4.170000076293945,4.170000076293945,100.0
2026-08-20 12:18:00,MTA.V,,15.380000114440918,15.380000114440918,15.380000114440918,15.380000114440918,100.0
2026-08-20 12:19:00,BIG.V,,1.315000057220459,1.315000057220459,1.315000057220459,1.315000057220459,300.0
2026-08-20 12:19:00,FWZ.V,,3.244999885559082,3.244999885559082,3.244999885559082,3.244999885559082,100.0
2026-08-20 12:19:00,GEL.V,,0.10000000149011612,0.10499999672174454,0.10000000149011612,0.10499999672174454,0.0
2026-08-20 12:19:00,GMG.V,,2.0999999046325684,2.0999999046325684,2.0999999046325684,2.0999999046325684,3936.0
2026-08-20 12:19:00,GSVR.V,,0.5899999737739563,0.5899999737739563,0.5899999737739563,0.5899999737739563,3000.0
2026-08-20 12:19:00,KFR.V,,1.2599999904632568,1.2599999904632568,1.2599999904632568,1.2599999904632568,300.0
2026-08-20 12:19:00,LMN.V,,24.739999771118164,24.760000228881836,24.739999771118164,24.760000228881836,600.0
2026-08-20 12:19:00,LUCA.V,,1.0499999523162842,1.0499999523162842,1.0499999523162842,1.0499999523162842,100.0
2026-08-20 12:19:00,MIM.V,,0.14000000059604645,0.14000000059604645,0.14000000059604645,0.14000000059604645,2000.0
2026-08-20 12:19:00,MLP.V,,2.819999933242798,2.819999933242798,2.819999933242798,2.819999933242798,100.0
2026-08-20 12:19:00,NURS.V,,4.03000020980835,4.03000020980835,4.03000020980835,4.03000020980835,100.0
2026-08-20 12:19:00,PNG.V,,5.849999904632568,5.849999904632568,5.84499979019165,5.84499979019165,225.0
2026-08-20 12:19:00,TUF.V,,0.7200000286102295,0.7200000286102295,0.7200000286102295,0.7200000286102295,3500.0
2026-08-20 12:20:00,FRED.V,,0.6399999856948853,0.6399999856948853,0.6399999856948853,0.6399999856948853,29500.0
2026-08-20 12:20:00,GSVR.V,,0.5899999737739563,0.5899999737739563,0.5899999737739563,0.5899999737739563,18500.0
2026-08-20 12:20:00,HSTR.V,,2.305000066757202,2.309999942779541,2.305000066757202,2.309999942779541,400.0
2026-08-20 12:20:00,KFR.V,,1.2599999904632568,1.2599999904632568,1.2599999904632568,1.2599999904632568,300.0
2026-08-20 12:20:00,MLP.V,,2.819999933242798,2.819999933242798,2.819999933242798,2.819999933242798,100.0
2026-08-20 12:20:00,MMA.V,,0.6399999856948853,0.6399999856948853,0.6399999856948853,0.6399999856948853,800.0
2026-08-20 12:20:00,MTA.V,,15.34000015258789,15.399999618530273,15.329999923706055,15.399999618530273,6000.0
2026-08-20 12:20:00,NURS.V,,4.03000020980835,4.03000020980835,4.03000020980835,4.03000020980835,1500.0
2026-08-20 12:20:00,PNG.V,,5.849999904632568,5.849999904632568,5.840000152587891,5.840000152587891,1400.0
2026-08-20 12:21:00,BIG.V,,1.315000057220459,1.315000057220459,1.315000057220459,1.315000057220459,500.0
2026-08-20 12:21:00,FUU.V,,0.14749999344348907,0.14749999344348907,0.14749999344348907,0.14749999344348907,2500.0
2026-08-20 12:21:00,GLAD.V,,2.75,2.75,2.75,2.75,700.0
2026-08-20 12:21:00,GMG.V,,2.109999895095825,2.109999895095825,2.109999895095825,2.109999895095825,300.0
2026-08-20 12:21:00,GOT.V,,1.7400000095367432,1.7400000095367432,1.7400000095367432,1.7400000095367432,1600.0
2026-08-20 12:21:00,GSVR.V,,0.5899999737739563,0.5899999737739563,0.5899999737739563,0.5899999737739563,33500.0
2026-08-20 12:21:00,HME.V,,2.7200000286102295,2.7200000286102295,2.7200000286102295,2.7200000286102295,100.0
2026-08-20 12:21:00,ITR.V,,3.880000114440918,3.880000114440918,3.869999885559082,3.869999885559082,800.0
2026-08-20 12:21:00,JUGR.V,,1.3799999952316284,1.3799999952316284,1.3799999952316284,1.3799999952316284,6400.0
2026-08-20 12:21:00,KFR.V,,1.2599999904632568,1.2599999904632568,1.2599999904632568,1.2599999904632568,300.0
2026-08-20 12:21:00,KNG.V,,1.100000023841858,1.100000023841858,1.100000023841858,1.100000023841858,200.0
2026-08-20 12:21:00,KTN.V,,1.3600000143051147,1.3600000143051147,1.3600000143051147,1.3600000143051147,200.0
2026-08-20 12:21:00,LUCA.V,,1.0499999523162842,1.0499999523162842,1.0499999523162842,1.0499999523162842,200.0
2026-08-20 12:21:00,MLP.V,,2.819999933242798,2.819999933242798,2.819999933242798,2.819999933242798,100.0
2026-08-20 12:21:00,MTA.V,,15.300000190734863,15.359999656677246,15.300000190734863,15.3100004196167,1800.0
2026-08-20 12:21:00,PNG.V,,5.849999904632568,5.849999904632568,5.849999904632568,5.849999904632568,1000.0
2026-08-20 12:22:00,FDR.V,,6.039999961853027,6.039999961853027,6.039999961853027,6.039999961853027,100.0
2026-08-20 12:22:00,GMG.V,,2.109999895095825,2.109999895095825,2.109999895095825,2.109999895095825,100.0
2026-08-20 12:22:00,GRSL.V,,0.4300000071525574,0.4300000071525574,0.4300000071525574,0.4300000071525574,10000.0
2026-08-20 12:22:00,GSVR.V,,0.5899999737739563,0.5899999737739563,0.5899999737739563,0.5899999737739563,12000.0
2026-08-20 12:22:00,HSTR.V,,2.305000066757202,2.305000066757202,2.305000066757202,2.305000066757202,100.0
2026-08-20 12:22:00,KFR.V,,1.2599999904632568,1.2599999904632568,1.2599999904632568,1.2599999904632568,300.0
2026-08-20 12:22:00,KTO.V,,0.8799999952316284,0.8799999952316284,0.8799999952316284,0.8799999952316284,500.0
2026-08-20 12:22:00,LUCA.V,,1.0499999523162842,1.0499999523162842,1.0499999523162842,1.0499999523162842,100.0
2026-08-20 12:22:00,MFG.V,,4.179999828338623,4.179999828338623,4.170000076293945,4.170000076293945,500.0
2026-08-20 12:22:00,MKO.V,,14.25,14.25,14.25,14.25,100.0
2026-08-20 12:22:00,PNG.V,,5.849999904632568,5.849999904632568,5.849999904632568,5.849999904632568,400.0
2026-08-20 12:23:00,BIG.V,,1.3200000524520874,1.3200000524520874,1.3200000524520874,1.3200000524520874,400.0
2026-08-20 12:23:00,FWZ.V,,3.244999885559082,3.244999885559082,3.244999885559082,3.244999885559082,100.0
2026-08-20 12:23:00,GOT.V,,1.7350000143051147,1.7400000095367432,1.7350000143051147,1.7400000095367432,1200.0
2026-08-20 12:23:00,GSVR.V,,0.5899999737739563,0.5899999737739563,0.5899999737739563,0.5899999737739563,183000.0
2026-08-20 12:23:00,HME.V,,2.7200000286102295,2.7200000286102295,2.7200000286102295,2.7200000286102295,100.0
2026-08-20 12:23:00,IGO.V,,0.14499999582767487,0.14499999582767487,0.14499999582767487,0.14499999582767487,4000.0
2026-08-20 12:23:00,ITR.V,,3.880000114440918,3.880000114440918,3.880000114440918,3.880000114440918,300.0
2026-08-20 12:23:00,KFR.V,,1.2599999904632568,1.2599999904632568,1.2599999904632568,1.2599999904632568,100.0
2026-08-20 12:23:00,KLDC.V,,0.2800000011920929,0.2800000011920929,0.2800000011920929,0.2800000011920929,500.0
2026-08-20 12:23:00,KRY.V,,3.4600000381469727,3.4600000381469727,3.4600000381469727,3.4600000381469727,100.0
2026-08-20 12:23:00,KTN.V,,1.3600000143051147,1.3600000143051147,1.3600000143051147,1.3600000143051147,100.0
2026-08-20 12:23:00,LCX.V,,1.7899999618530273,1.7899999618530273,1.7899999618530273,1.7899999618530273,100.0
2026-08-20 12:23:00,LIO.V,,0.1899999976158142,0.1899999976158142,0.1899999976158142,0.1899999976158142,3000.0
2026-08-20 12:23:00,MFG.V,,4.139999866485596,4.139999866485596,4.139999866485596,4.139999866485596,100.0
2026-08-20 12:23:00,MLP.V,,2.819999933242798,2.819999933242798,2.819999933242798,2.819999933242798,100.0
2026-08-20 12:23:00,PNG.V,,5.840000152587891,5.849999904632568,5.840000152587891,5.849999904632568,450.0
2026-08-20 12:24:00,BIG.V,,1.309999942779541,1.315000057220459,1.309999942779541,1.315000057220459,500.0
2026-08-20 12:24:00,GSI.V,,1.7400000095367432,1.7400000095367432,1.7300000190734863,1.7400000095367432,5500.0
2026-08-20 12:24:00,GSVR.V,,0.5899999737739563,0.5899999737739563,0.5899999737739563,0.5899999737739563,8000.0
2026-08-20 12:24:00,HMR.V,,0.4699999988079071,0.4699999988079071,0.4699999988079071,0.4699999988079071,4500.0
2026-08-20 12:24:00,HSTR.V,,2.305000066757202,2.305000066757202,2.305000066757202,2.305000066757202,100.0
2026-08-20 12:24:00,KFR.V,,1.2599999904632568,1.2599999904632568,1.2599999904632568,1.2599999904632568,300.0
2026-08-20 12:24:00,KTN.V,,1.3600000143051147,1.3600000143051147,1.3600000143051147,1.3600000143051147,200.0
2026-08-20 12:24:00,LUCA.V,,1.0499999523162842,1.0499999523162842,1.0499999523162842,1.0499999523162842,300.0
2026-08-20 12:24:00,PNG.V,,5.849999904632568,5.849999904632568,5.849999904632568,5.849999904632568,300.0
2026-08-20 12:25:00,FDR.V,,6.050000190734863,6.050000190734863,6.039999961853027,6.039999961853027,2200.0
2026-08-20 12:25:00,GSI.V,,1.7400000095367432,1.7400000095367432,1.7400000095367432,1.7400000095367432,325.0
2026-08-20 12:25:00,GSVR.V,,0.6000000238418579,0.6000000238418579,0.5899999737739563,0.5899999737739563,14880.0
2026-08-20 12:25:00,HSTR.V,,2.305000066757202,2.305000066757202,2.305000066757202,2.305000066757202,100.0
2026-08-20 12:25:00,KFR.V,,1.2599999904632568,1.2599999904632568,1.2599999904632568,1.2599999904632568,100.0
2026-08-20 12:25:00,KTN.V,,1.350000023841858,1.3550000190734863,1.350000023841858,1.3550000190734863,1300.0
2026-08-20 12:25:00,MKO.V,,14.239999771118164,14.239999771118164,14.239999771118164,14.239999771118164,100.0
2026-08-20 12:26:00,BIG.V,,1.315000057220459,1.315000057220459,1.315000057220459,1.315000057220459,100.0
2026-08-20 12:26:00,FDR.V,,6.039999961853027,6.039999961853027,6.039999961853027,6.039999961853027,100.0
2026-08-20 12:26:00,FWZ.V,,3.240000009536743,3.240000009536743,3.240000009536743,3.240000009536743,1100.0
2026-08-20 12:26:00,GMG.V,,2.0999999046325684,2.0999999046325684,2.0999999046325684,2.0999999046325684,4000.0
2026-08-20 12:26:00,GPH.V,,0.9900000095367432,0.9900000095367432,0.9900000095367432,0.9900000095367432,1000.0
2026-08-20 12:26:00,HAM.V,,6.010000228881836,6.010000228881836,6.010000228881836,6.010000228881836,100.0
2026-08-20 12:26:00,HME.V,,2.7149999141693115,2.7200000286102295,2.7149999141693115,2.7200000286102295,500.0
2026-08-20 12:26:00,KFR.V,,1.2599999904632568,1.2599999904632568,1.2599999904632568,1.2599999904632568,200.0
2026-08-20 12:26:00,KLDC.V,,0.2750000059604645,0.2750000059604645,0.2750000059604645,0.2750000059604645,1000.0
2026-08-20 12:26:00,KTO.V,,0.8799999952316284,0.8799999952316284,0.8799999952316284,0.8799999952316284,10000.0
2026-08-20 12:26:00,LIO.V,,0.1899999976158142,0.1899999976158142,0.1899999976158142,0.1899999976158142,167700.0
2026-08-20 12:26:00,LMN.V,,24.760000228881836,24.760000228881836,24.760000228881836,24.760000228881836,200.0
2026-08-20 12:26:00,LTH.V,,0.6700000166893005,0.6700000166893005,0.6700000166893005,0.6700000166893005,10000.0
2026-08-20 12:26:00,LUCA.V,,1.059999942779541,1.059999942779541,1.0499999523162842,1.0499999523162842,3000.0
2026-08-20 12:26:00,MTT.V,,0.1550000011920929,0.1550000011920929,0.1550000011920929,0.1550000011920929,500.0
2026-08-20 12:26:00,PNG.V,,5.860000133514404,5.860000133514404,5.860000133514404,5.860000133514404,261.0
2026-08-20 12:27:00,GFG.V,,0.23000000417232513,0.23000000417232513,0.23000000417232513,0.23000000417232513,163500.0
2026-08-20 12:27:00,GSVR.V,,0.6000000238418579,0.6000000238418579,0.6000000238418579,0.6000000238418579,14750.0
2026-08-20 12:27:00,HSTR.V,,2.305000066757202,2.305000066757202,2.305000066757202,2.305000066757202,100.0
2026-08-20 12:27:00,INTR.V,,0.800000011920929,0.8100000023841858,0.800000011920929,0.8100000023841858,6000.0
2026-08-20 12:27:00,KFR.V,,1.2599999904632568,1.2599999904632568,1.2599999904632568,1.2599999904632568,100.0
2026-08-20 12:27:00,KTN.V,,1.3600000143051147,1.3600000143051147,1.3600000143051147,1.3600000143051147,1100.0
2026-08-20 12:27:00,LUCA.V,,1.0499999523162842,1.0499999523162842,1.0499999523162842,1.0499999523162842,8100.0
2026-08-20 12:27:00,MKO.V,,14.170000076293945,14.220000267028809,14.170000076293945,14.220000267028809,400.0
2026-08-20 12:28:00,GFG.V,,0.22499999403953552,0.22499999403953552,0.22499999403953552,0.22499999403953552,13000.0
2026-08-20 12:28:00,GGM.V,,0.03500000014901161,0.03500000014901161,0.03500000014901161,0.03500000014901161,0.0
2026-08-20 12:28:00,GSI.V,,1.75,1.75,1.75,1.75,100.0
2026-08-20 12:28:00,GSVR.V,,0.5950000286102295,0.5950000286102295,0.5950000286102295,0.5950000286102295,1000.0
2026-08-20 12:28:00,HPQ.V,,0.14499999582767487,0.14499999582767487,0.14499999582767487,0.14499999582767487,101000.0
2026-08-20 12:28:00,HSTR.V,,2.299999952316284,2.299999952316284,2.299999952316284,2.299999952316284,100.0
2026-08-20 12:28:00,ITR.V,,3.859999895095825,3.859999895095825,3.859999895095825,3.859999895095825,100.0
2026-08-20 12:28:00,KFR.V,,1.2599999904632568,1.2599999904632568,1.2599999904632568,1.2599999904632568,100.0
2026-08-20 12:28:00,KLD.V,,2.490000009536743,2.490000009536743,2.490000009536743,2.490000009536743,4900.0
2026-08-20 12:28:00,KRY.V,,3.4700000286102295,3.4700000286102295,3.4600000381469727,3.4600000381469727,600.0
2026-08-20 12:28:00,LPS.V,,0.25,0.25,0.25,0.25,1000.0
2026-08-20 12:28:00,LUCA.V,,1.0499999523162842,1.0499999523162842,1.0499999523162842,1.0499999523162842,600.0
2026-08-20 12:28:00,NURS.V,,4.03000020980835,4.039999961853027,4.03000020980835,4.039999961853027,5000.0
2026-08-20 12:29:00,BIG.V,,1.3200000524520874,1.3200000524520874,1.3200000524520874,1.3200000524520874,2200.0
2026-08-20 12:29:00,FWZ.V,,3.2300000190734863,3.2300000190734863,3.2300000190734863,3.2300000190734863,1200.0
2026-08-20 12:29:00,GFG.V,,0.22499999403953552,0.22499999403953552,0.22499999403953552,0.22499999403953552,20000.0
2026-08-20 12:29:00,GOT.V,,1.7400000095367432,1.7400000095367432,1.7400000095367432,1.7400000095367432,900.0
2026-08-20 12:29:00,GSVR.V,,0.5950000286102295,0.5950000286102295,0.5950000286102295,0.5950000286102295,2500.0
2026-08-20 12:29:00,GWM.V,,0.6000000238418579,0.6000000238418579,0.5950000286102295,0.5950000286102295,10500.0
2026-08-20 12:29:00,HME.V,,2.7200000286102295,2.7200000286102295,2.7200000286102295,2.7200000286102295,100.0
2026-08-20 12:29:00,LCX.V,,1.7899999618530273,1.7899999618530273,1.7899999618530273,1.7899999618530273,100.0
2026-08-20 12:29:00,LIO.V,,0.19499999284744263,0.19499999284744263,0.19499999284744263,0.19499999284744263,148550.0
2026-08-20 12:29:00,LUCA.V,,1.0499999523162842,1.0499999523162842,1.0499999523162842,1.0499999523162842,1300.0
2026-08-20 12:29:00,MJS.V,,0.0949999988079071,0.0949999988079071,0.0949999988079071,0.0949999988079071,500.0
2026-08-20 12:29:00,MLP.V,,2.819999933242798,2.819999933242798,2.819999933242798,2.819999933242798,100.0
2026-08-20 12:29:00,NURS.V,,4.03000020980835,4.03000020980835,4.03000020980835,4.03000020980835,500.0
2026-08-20 12:30:00,BIG.V,,1.3200000524520874,1.3200000524520874,1.3200000524520874,1.3200000524520874,700.0
2026-08-20 12:30:00,GFG.V,,0.2150000035762787,0.2199999988079071,0.2150000035762787,0.2199999988079071,10000.0
2026-08-20 12:30:00,GOT.V,,1.7300000190734863,1.7300000190734863,1.7300000190734863,1.7300000190734863,100.0
2026-08-20 12:30:00,GSVR.V,,0.5950000286102295,0.5950000286102295,0.5950000286102295,0.5950000286102295,35500.0
2026-08-20 12:30:00,GWM.V,,0.5950000286102295,0.5950000286102295,0.5950000286102295,0.5950000286102295,2500.0
2026-08-20 12:30:00,JUGR.V,,1.3799999952316284,1.3799999952316284,1.3799999952316284,1.3799999952316284,100.0
2026-08-20 12:30:00,KFR.V,,1.2599999904632568,1.2599999904632568,1.2599999904632568,1.2599999904632568,100.0
2026-08-20 12:30:00,LTH.V,,0.6700000166893005,0.6700000166893005,0.6700000166893005,0.6700000166893005,1000.0
2026-08-20 12:30:00,LUCA.V,,1.0499999523162842,1.0499999523162842,1.0499999523162842,1.0499999523162842,100.0
2026-08-20 12:30:00,NURS.V,,4.0,4.0,4.0,4.0,300.0
2026-08-20 12:30:00,TUF.V,,0.7099999785423279,0.7200000286102295,0.7099999785423279,0.7200000286102295,73000.0
2026-08-20 12:31:00,GOT.V,,1.7300000190734863,1.7300000190734863,1.7300000190734863,1.7300000190734863,100.0
2026-08-20 12:31:00,GRSL.V,,0.4300000071525574,0.4300000071525574,0.4300000071525574,0.4300000071525574,2500.0
2026-08-20 12:31:00,GSVR.V,,0.6000000238418579,0.6000000238418579,0.6000000238418579,0.6000000238418579,3000.0
2026-08-20 12:31:00,HITI.V,,3.369999885559082,3.369999885559082,3.369999885559082,3.369999885559082,100.0
2026-08-20 12:31:00,HSTR.V,,2.305000066757202,2.305000066757202,2.305000066757202,2.305000066757202,600.0
2026-08-20 12:31:00,IPT.V,,0.3100000023841858,0.3100000023841858,0.3100000023841858,0.3100000023841858,500.0
2026-08-20 12:31:00,ITR.V,,3.859999895095825,3.859999895095825,3.859999895095825,3.859999895095825,1100.0
2026-08-20 12:31:00,KDK.V,,0.7900000214576721,0.7900000214576721,0.7900000214576721,0.7900000214576721,500.0
2026-08-20 12:31:00,KNG.V,,1.090000033378601,1.090000033378601,1.090000033378601,1.090000033378601,10100.0
2026-08-20 12:31:00,LMN.V,,24.690000534057617,24.690000534057617,24.690000534057617,24.690000534057617,100.0
2026-08-20 12:31:00,NURS.V,,4.0,4.0,4.0,4.0,100.0
2026-08-20 12:31:00,PNG.V,,5.849999904632568,5.849999904632568,5.849999904632568,5.849999904632568,2809.0
2026-08-20 12:32:00,BIG.V,,1.3200000524520874,1.3200000524520874,1.3200000524520874,1.3200000524520874,100.0
2026-08-20 12:32:00,GSVR.V,,0.6000000238418579,0.6000000238418579,0.6000000238418579,0.6000000238418579,2500.0
2026-08-20 12:32:00,KFR.V,,1.2599999904632568,1.2599999904632568,1.2599999904632568,1.2599999904632568,100.0
2026-08-20 12:32:00,LUCA.V,,1.0499999523162842,1.0499999523162842,1.0499999523162842,1.0499999523162842,500.0
2026-08-20 12:32:00,MLP.V,,2.809999942779541,2.809999942779541,2.809999942779541,2.809999942779541,100.0
2026-08-20 12:32:00,NURS.V,,4.010000228881836,4.010000228881836,4.010000228881836,4.010000228881836,100.0
2026-08-20 12:32:00,PNG.V,,5.849999904632568,5.849999904632568,5.849999904632568,5.849999904632568,1000.0
2026-08-20 12:33:00,FWZ.V,,3.200000047683716,3.2300000190734863,3.194999933242798,3.200000047683716,21600.0
2026-08-20 12:33:00,GOT.V,,1.7300000190734863,1.7300000190734863,1.7300000190734863,1.7300000190734863,300.0
2026-08-20 12:33:00,GSVR.V,,0.6000000238418579,0.6000000238418579,0.5899999737739563,0.6000000238418579,17805.0
2026-08-20 12:33:00,HME.V,,2.7200000286102295,2.7200000286102295,2.7200000286102295,2.7200000286102295,100.0
2026-08-20 12:33:00,HSTR.V,,2.299999952316284,2.299999952316284,2.299999952316284,2.299999952316284,100.0
2026-08-20 12:33:00,INTR.V,,0.800000011920929,0.800000011920929,0.800000011920929,0.800000011920929,500.0
2026-08-20 12:33:00,IPT.V,,0.3100000023841858,0.3100000023841858,0.3100000023841858,0.3100000023841858,83451.0
2026-08-20 12:33:00,KFR.V,,1.2599999904632568,1.2599999904632568,1.2599999904632568,1.2599999904632568,200.0
2026-08-20 12:33:00,LIO.V,,0.20000000298023224,0.20000000298023224,0.20000000298023224,0.20000000298023224,6000.0
2026-08-20 12:33:00,LUCA.V,,1.0499999523162842,1.0499999523162842,1.0499999523162842,1.0499999523162842,1500.0
2026-08-20 12:33:00,MERG.V,,0.8299999833106995,0.8399999737739563,0.8199999928474426,0.8399999737739563,16500.0
2026-08-20 12:33:00,MKO.V,,14.109999656677246,14.109999656677246,14.109999656677246,14.109999656677246,900.0
2026-08-20 12:33:00,NURS.V,,4.0,4.010000228881836,4.0,4.010000228881836,300.0
2026-08-20 12:33:00,PNG.V,,5.849999904632568,5.849999904632568,5.840000152587891,5.840000152587891,12800.0
2026-08-20 12:34:00,BIG.V,,1.309999942779541,1.315000057220459,1.309999942779541,1.315000057220459,500.0
2026-08-20 12:34:00,FWZ.V,,3.2100000381469727,3.2100000381469727,3.194999933242798,3.194999933242798,800.0
2026-08-20 12:34:00,GOT.V,,1.7300000190734863,1.7300000190734863,1.7300000190734863,1.7300000190734863,200.0
2026-08-20 12:34:00,HME.V,,2.7100000381469727,2.7100000381469727,2.7100000381469727,2.7100000381469727,1100.0
2026-08-20 12:34:00,IPT.V,,0.3149999976158142,0.3149999976158142,0.3149999976158142,0.3149999976158142,500.0
2026-08-20 12:34:00,ITR.V,,3.8499999046325684,3.8499999046325684,3.8499999046325684,3.8499999046325684,100.0
2026-08-20 12:34:00,KFR.V,,1.25,1.25,1.25,1.25,200.0
2026-08-20 12:34:00,KLDC.V,,0.27000001072883606,0.27000001072883606,0.27000001072883606,0.27000001072883606,22000.0
2026-08-20 12:34:00,LMN.V,,24.770000457763672,24.770000457763672,24.770000457763672,24.770000457763672,200.0
2026-08-20 12:34:00,MERG.V,,0.7900000214576721,0.8199999928474426,0.7900000214576721,0.8199999928474426,7290.0
2026-08-20 12:34:00,NURS.V,,4.0,4.0,4.0,4.0,100.0
2026-08-20 12:34:00,PNG.V,,5.869999885559082,5.869999885559082,5.860000133514404,5.860000133514404,4723.0
2026-08-20 12:35:00,FWZ.V,,3.2300000190734863,3.2300000190734863,3.2149999141693115,3.2300000190734863,1200.0
2026-08-20 12:35:00,GSVR.V,,0.6000000238418579,0.6000000238418579,0.6000000238418579,0.6000000238418579,500.0
2026-08-20 12:35:00,HME.V,,2.7100000381469727,2.7100000381469727,2.7100000381469727,2.7100000381469727,19000.0
2026-08-20 12:35:00,ITR.V,,3.859999895095825,3.859999895095825,3.859999895095825,3.859999895095825,200.0
2026-08-20 12:35:00,KDK.V,,0.7900000214576721,0.7900000214576721,0.7900000214576721,0.7900000214576721,2000.0
2026-08-20 12:35:00,KFR.V,,1.25,1.25,1.25,1.25,100.0
2026-08-20 12:35:00,LCX.V,,1.7899999618530273,1.7899999618530273,1.7899999618530273,1.7899999618530273,100.0
2026-08-20 12:35:00,MLP.V,,2.809999942779541,2.809999942779541,2.809999942779541,2.809999942779541,100.0
2026-08-20 12:35:00,NURS.V,,4.0,4.0,4.0,4.0,100.0
2026-08-20 12:35:00,PNG.V,,5.869999885559082,5.869999885559082,5.860000133514404,5.860000133514404,3200.0
2026-08-20 12:36:00,GOT.V,,1.7350000143051147,1.7350000143051147,1.7350000143051147,1.7350000143051147,100.0
2026-08-20 12:36:00,GPH.V,,1.0,1.0,1.0,1.0,500.0
2026-08-20 12:36:00,GPM.V,,0.07999999821186066,0.07999999821186066,0.07999999821186066,0.07999999821186066,162000.0
2026-08-20 12:36:00,GSVR.V,,0.6000000238418579,0.6000000238418579,0.6000000238418579,0.6000000238418579,20500.0
2026-08-20 12:36:00,KFR.V,,1.25,1.25,1.25,1.25,200.0
2026-08-20 12:36:00,LME.V,,0.12999999523162842,0.12999999523162842,0.12999999523162842,0.12999999523162842,500.0
2026-08-20 12:36:00,LUCA.V,,1.0499999523162842,1.0499999523162842,1.0499999523162842,1.0499999523162842,500.0
2026-08-20 12:36:00,LVX.V,,0.5199999809265137,0.5199999809265137,0.5199999809265137,0.5199999809265137,2500.0
2026-08-20 12:36:00,MTA.V,,15.40999984741211,15.40999984741211,15.40999984741211,15.40999984741211,100.0
2026-08-20 12:36:00,PNG.V,,5.889999866485596,5.889999866485596,5.880000114440918,5.880000114440918,692.0
2026-08-20 12:37:00,FL.V,,0.4300000071525574,0.4300000071525574,0.4300000071525574,0.4300000071525574,2500.0
2026-08-20 12:37:00,FWZ.V,,3.2300000190734863,3.2300000190734863,3.2200000286102295,3.2200000286102295,1100.0
2026-08-20 12:37:00,GOT.V,,1.7350000143051147,1.7350000143051147,1.7350000143051147,1.7350000143051147,1100.0
2026-08-20 12:37:00,GSVR.V,,0.6000000238418579,0.6000000238418579,0.6000000238418579,0.6000000238418579,2500.0
2026-08-20 12:37:00,GWM.V,,0.6000000238418579,0.6000000238418579,0.6000000238418579,0.6000000238418579,7000.0
2026-08-20 12:37:00,HME.V,,2.7100000381469727,2.7100000381469727,2.7100000381469727,2.7100000381469727,300.0
2026-08-20 12:37:00,HSTR.V,,2.299999952316284,2.299999952316284,2.299999952316284,2.299999952316284,100.0
2026-08-20 12:37:00,KFR.V,,1.25,1.25,1.25,1.25,100.0
2026-08-20 12:37:00,LEM.V,,0.27000001072883606,0.27000001072883606,0.27000001072883606,0.27000001072883606,2000.0
2026-08-20 12:37:00,LSL.V,,0.35499998927116394,0.35499998927116394,0.35499998927116394,0.35499998927116394,1000.0
2026-08-20 12:37:00,LUCA.V,,1.0499999523162842,1.0499999523162842,1.0499999523162842,1.0499999523162842,418.0
2026-08-20 12:37:00,NURS.V,,4.005000114440918,4.005000114440918,4.005000114440918,4.005000114440918,100.0
2026-08-20 12:37:00,PNG.V,,5.889999866485596,5.889999866485596,5.889999866485596,5.889999866485596,200.0
2026-08-20 12:38:00,BIG.V,,1.3200000524520874,1.3200000524520874,1.3200000524520874,1.3200000524520874,100.0
2026-08-20 12:38:00,FDR.V,,6.050000190734863,6.050000190734863,6.050000190734863,6.050000190734863,100.0
2026-08-20 12:38:00,FWZ.V,,3.2300000190734863,3.2300000190734863,3.2300000190734863,3.2300000190734863,100.0
2026-08-20 12:38:00,GOT.V,,1.7300000190734863,1.7300000190734863,1.7300000190734863,1.7300000190734863,100.0
2026-08-20 12:38:00,GSVR.V,,0.5950000286102295,0.6000000238418579,0.5950000286102295,0.6000000238418579,2000.0
2026-08-20 12:38:00,HITI.V,,3.369999885559082,3.369999885559082,3.369999885559082,3.369999885559082,300.0
2026-08-20 12:38:00,HSTR.V,,2.305000066757202,2.305000066757202,2.305000066757202,2.305000066757202,200.0
2026-08-20 12:38:00,KDK.V,,0.7799999713897705,0.7799999713897705,0.7799999713897705,0.7799999713897705,500.0
2026-08-20 12:38:00,NURS.V,,4.005000114440918,4.005000114440918,4.005000114440918,4.005000114440918,100.0
2026-08-20 12:38:00,PNG.V,,5.880000114440918,5.880000114440918,5.880000114440918,5.880000114440918,300.0
2026-08-20 12:39:00,FWZ.V,,3.2200000286102295,3.2300000190734863,3.2200000286102295,3.2300000190734863,200.0
2026-08-20 12:39:00,GAL.V,,0.5099999904632568,0.5099999904632568,0.5099999904632568,0.5099999904632568,2000.0
2026-08-20 12:39:00,GEL.V,,0.10999999940395355,0.10999999940395355,0.10999999940395355,0.10999999940395355,1000.0
2026-08-20 12:39:00,GOT.V,,1.7300000190734863,1.7300000190734863,1.7300000190734863,1.7300000190734863,100.0
2026-08-20 12:39:00,GSI.V,,1.7400000095367432,1.7400000095367432,1.7400000095367432,1.7400000095367432,2800.0
2026-08-20 12:39:00,GSVR.V,,0.5950000286102295,0.5950000286102295,0.5950000286102295,0.5950000286102295,2500.0
2026-08-20 12:39:00,HITI.V,,3.380000114440918,3.380000114440918,3.380000114440918,3.380000114440918,3300.0
2026-08-20 12:39:00,KFR.V,,1.25,1.25,1.25,1.25,100.0
2026-08-20 12:39:00,LUCA.V,,1.0499999523162842,1.0499999523162842,1.0499999523162842,1.0499999523162842,4800.0
2026-08-20 12:39:00,MERG.V,,0.7900000214576721,0.7900000214576721,0.7900000214576721,0.7900000214576721,500.0
2026-08-20 12:39:00,MMA.V,,0.6399999856948853,0.6399999856948853,0.6399999856948853,0.6399999856948853,1000.0
2026-08-20 12:39:00,MTA.V,,15.40999984741211,15.40999984741211,15.399999618530273,15.40999984741211,400.0
2026-08-20 12:39:00,MTT.V,,0.1550000011920929,0.1550000011920929,0.1550000011920929,0.1550000011920929,2000.0
2026-08-20 12:39:00,NURS.V,,4.010000228881836,4.010000228881836,4.010000228881836,4.010000228881836,100.0
2026-08-20 12:39:00,PNG.V,,5.880000114440918,5.889999866485596,5.880000114440918,5.889999866485596,200.0
2026-08-20 12:39:00,TUF.V,,0.7099999785423279,0.7099999785423279,0.7099999785423279,0.7099999785423279,1000.0
2026-08-20 12:40:00,FUU.V,,0.14499999582767487,0.14499999582767487,0.14499999582767487,0.14499999582767487,500.0
2026-08-20 12:40:00,FWZ.V,,3.2200000286102295,3.2200000286102295,3.2200000286102295,3.2200000286102295,100.0
2026-08-20 12:40:00,GOT.V,,1.7300000190734863,1.7300000190734863,1.7300000190734863,1.7300000190734863,100.0
2026-08-20 12:40:00,GSVR.V,,0.5950000286102295,0.5950000286102295,0.5950000286102295,0.5950000286102295,2000.0
2026-08-20 12:40:00,HSTR.V,,2.309999942779541,2.309999942779541,2.309999942779541,2.309999942779541,1500.0
2026-08-20 12:40:00,KFR.V,,1.25,1.25,1.25,1.25,200.0
2026-08-20 12:40:00,LCX.V,,1.7899999618530273,1.7899999618530273,1.7899999618530273,1.7899999618530273,100.0
2026-08-20 12:40:00,LIO.V,,0.19499999284744263,0.19499999284744263,0.19499999284744263,0.19499999284744263,2000.0
2026-08-20 12:40:00,LPS.V,,0.25999999046325684,0.25999999046325684,0.25999999046325684,0.25999999046325684,4000.0
2026-08-20 12:40:00,LUCA.V,,1.0499999523162842,1.0499999523162842,1.0499999523162842,1.0499999523162842,1100.0
2026-08-20 12:40:00,MLP.V,,2.8299999237060547,2.8299999237060547,2.809999942779541,2.809999942779541,1254.0
2026-08-20 12:40:00,MTA.V,,15.449999809265137,15.449999809265137,15.40999984741211,15.40999984741211,300.0
2026-08-20 12:40:00,NURS.V,,4.010000228881836,4.010000228881836,4.010000228881836,4.010000228881836,100.0
2026-08-20 12:41:00,BIG.V,,1.3200000524520874,1.3200000524520874,1.3200000524520874,1.3200000524520874,600.0
2026-08-20 12:41:00,FWZ.V,,3.2200000286102295,3.2200000286102295,3.2200000286102295,3.2200000286102295,100.0
2026-08-20 12:41:00,GDP.V,,0.2750000059604645,0.2750000059604645,0.2750000059604645,0.2750000059604645,0.0
2026-08-20 12:41:00,GOT.V,,1.7300000190734863,1.7300000190734863,1.7300000190734863,1.7300000190734863,200.0
2026-08-20 12:41:00,GSVR.V,,0.5899999737739563,0.5950000286102295,0.5899999737739563,0.5950000286102295,4500.0
2026-08-20 12:41:00,HME.V,,2.7200000286102295,2.7200000286102295,2.7200000286102295,2.7200000286102295,200.0
2026-08-20 12:41:00,JUGR.V,,1.3799999952316284,1.3799999952316284,1.3799999952316284,1.3799999952316284,200.0
2026-08-20 12:41:00,LCX.V,,1.7899999618530273,1.7899999618530273,1.7899999618530273,1.7899999618530273,100.0
2026-08-20 12:41:00,LG.V,,0.39500001072883606,0.39500001072883606,0.39500001072883606,0.39500001072883606,500.0
2026-08-20 12:41:00,LMN.V,,24.670000076293945,24.739999771118164,24.670000076293945,24.739999771118164,400.0
2026-08-20 12:41:00,NURS.V,,4.010000228881836,4.010000228881836,4.010000228881836,4.010000228881836,100.0
2026-08-20 12:42:00,BIG.V,,1.3200000524520874,1.3200000524520874,1.3200000524520874,1.3200000524520874,100.0
2026-08-20 12:42:00,FWZ.V,,3.2200000286102295,3.2200000286102295,3.2200000286102295,3.2200000286102295,300.0
2026-08-20 12:42:00,GOT.V,,1.7300000190734863,1.7300000190734863,1.7300000190734863,1.7300000190734863,100.0
2026-08-20 12:42:00,GSVR.V,,0.5950000286102295,0.5950000286102295,0.5950000286102295,0.5950000286102295,4500.0
2026-08-20 12:42:00,HAR.V,,0.03999999910593033,0.03999999910593033,0.03999999910593033,0.03999999910593033,44000.0
2026-08-20 12:42:00,HITI.V,,3.380000114440918,3.380000114440918,3.380000114440918,3.380000114440918,2900.0
2026-08-20 12:42:00,HME.V,,2.7200000286102295,2.7200000286102295,2.7200000286102295,2.7200000286102295,100.0
2026-08-20 12:42:00,ITR.V,,3.869999885559082,3.869999885559082,3.869999885559082,3.869999885559082,100.0
2026-08-20 12:42:00,KDK.V,,0.7799999713897705,0.7799999713897705,0.7799999713897705,0.7799999713897705,500.0
2026-08-20 12:42:00,KTO.V,,0.8799999952316284,0.8799999952316284,0.8799999952316284,0.8799999952316284,57402.0
2026-08-20 12:42:00,MKO.V,,14.199999809265137,14.199999809265137,14.199999809265137,14.199999809265137,200.0
2026-08-20 12:42:00,NURS.V,,4.019999980926514,4.019999980926514,4.019999980926514,4.019999980926514,200.0
2026-08-20 12:42:00,PNG.V,,5.880000114440918,5.880000114440918,5.880000114440918,5.880000114440918,3000.0
2026-08-20 12:42:00,ZNG.V,,0.8199999928474426,0.8199999928474426,0.8100000023841858,0.8100000023841858,4500.0
2026-08-20 12:43:00,FWZ.V,,3.2200000286102295,3.2200000286102295,3.2200000286102295,3.2200000286102295,100.0
2026-08-20 12:43:00,GOT.V,,1.7300000190734863,1.7300000190734863,1.7300000190734863,1.7300000190734863,100.0
2026-08-20 12:43:00,GSVR.V,,0.5950000286102295,0.5950000286102295,0.5950000286102295,0.5950000286102295,2000.0
2026-08-20 12:43:00,HME.V,,2.7200000286102295,2.7200000286102295,2.7200000286102295,2.7200000286102295,200.0
2026-08-20 12:43:00,HSTR.V,,2.319999933242798,2.319999933242798,2.319999933242798,2.319999933242798,1100.0
2026-08-20 12:43:00,KTN.V,,1.3600000143051147,1.3600000143051147,1.3600000143051147,1.3600000143051147,1000.0
2026-08-20 12:43:00,LSL.V,,0.3499999940395355,0.3499999940395355,0.3499999940395355,0.3499999940395355,1004.0
2026-08-20 12:43:00,LUCA.V,,1.0499999523162842,1.0499999523162842,1.0499999523162842,1.0499999523162842,100.0
2026-08-20 12:43:00,MLP.V,,2.8299999237060547,2.8299999237060547,2.8299999237060547,2.8299999237060547,546.0
2026-08-20 12:43:00,NURS.V,,4.014999866485596,4.014999866485596,4.014999866485596,4.014999866485596,100.0
2026-08-20 12:44:00,FWZ.V,,3.2200000286102295,3.2200000286102295,3.2200000286102295,3.2200000286102295,100.0
2026-08-20 12:44:00,GSVR.V,,0.5950000286102295,0.5950000286102295,0.5950000286102295,0.5950000286102295,4000.0
2026-08-20 12:44:00,GWM.V,,0.6000000238418579,0.6000000238418579,0.6000000238418579,0.6000000238418579,500.0
2026-08-20 12:44:00,HME.V,,2.7200000286102295,2.7200000286102295,2.7200000286102295,2.7200000286102295,100.0
2026-08-20 12:44:00,HSTR.V,,2.319999933242798,2.319999933242798,2.315000057220459,2.315000057220459,400.0
2026-08-20 12:44:00,LFST.V,,0.054999999701976776,0.054999999701976776,0.054999999701976776,0.054999999701976776,1040.0
2026-08-20 12:44:00,MKO.V,,14.210000038146973,14.210000038146973,14.210000038146973,14.210000038146973,400.0
2026-08-20 12:44:00,NURS.V,,4.014999866485596,4.014999866485596,4.014999866485596,4.014999866485596,100.0
2026-08-20 12:44:00,TUF.V,,0.7099999785423279,0.7099999785423279,0.7099999785423279,0.7099999785423279,1759.0
2026-08-20 12:45:00,FDR.V,,6.039999961853027,6.039999961853027,6.039999961853027,6.039999961853027,200.0
2026-08-20 12:45:00,FWZ.V,,3.2200000286102295,3.2200000286102295,3.2200000286102295,3.2200000286102295,100.0
2026-08-20 12:45:00,GSVR.V,,0.5950000286102295,0.5950000286102295,0.5950000286102295,0.5950000286102295,1000.0
2026-08-20 12:45:00,HME.V,,2.7200000286102295,2.7200000286102295,2.7200000286102295,2.7200000286102295,100.0
2026-08-20 12:45:00,KRY.V,,3.4700000286102295,3.4700000286102295,3.4700000286102295,3.4700000286102295,100.0
2026-08-20 12:45:00,LTH.V,,0.6499999761581421,0.6600000262260437,0.6499999761581421,0.6600000262260437,57035.0
2026-08-20 12:45:00,LUCA.V,,1.0499999523162842,1.0499999523162842,1.0499999523162842,1.0499999523162842,4400.0
2026-08-20 12:45:00,LVX.V,,0.5199999809265137,0.5199999809265137,0.5199999809265137,0.5199999809265137,20500.0
2026-08-20 12:45:00,NURS.V,,4.019999980926514,4.019999980926514,4.019999980926514,4.019999980926514,200.0
2026-08-20 12:45:00,TUF.V,,0.7049999833106995,0.7099999785423279,0.7049999833106995,0.7099999785423279,2000.0
2026-08-20 12:46:00,FDR.V,,6.039999961853027,6.050000190734863,6.039999961853027,6.039999961853027,3000.0
2026-08-20 12:46:00,FL.V,,0.42500001192092896,0.42500001192092896,0.42500001192092896,0.42500001192092896,500.0
2026-08-20 12:46:00,FWZ.V,,3.2300000190734863,3.2300000190734863,3.2200000286102295,3.2200000286102295,200.0
2026-08-20 12:46:00,GSI.V,,1.7300000190734863,1.7300000190734863,1.7300000190734863,1.7300000190734863,100.0
2026-08-20 12:46:00,GSVR.V,,0.5950000286102295,0.5950000286102295,0.5950000286102295,0.5950000286102295,2500.0
2026-08-20 12:46:00,HME.V,,2.7200000286102295,2.7200000286102295,2.7200000286102295,2.7200000286102295,100.0
2026-08-20 12:46:00,HSTR.V,,2.319999933242798,2.319999933242798,2.319999933242798,2.319999933242798,100.0
2026-08-20 12:46:00,LCX.V,,1.7899999618530273,1.7899999618530273,1.7899999618530273,1.7899999618530273,100.0
2026-08-20 12:46:00,LME.V,,0.13500000536441803,0.13500000536441803,0.13500000536441803,0.13500000536441803,1000.0
2026-08-20 12:46:00,LTH.V,,0.6499999761581421,0.6499999761581421,0.6499999761581421,0.6499999761581421,4000.0
2026-08-20 12:46:00,MTA.V,,15.449999809265137,15.449999809265137,15.449999809265137,15.449999809265137,100.0
2026-08-20 12:47:00,FWZ.V,,3.2249999046325684,3.2249999046325684,3.2249999046325684,3.2249999046325684,100.0
2026-08-20 12:47:00,GIGA.V,,0.07500000298023224,0.07500000298023224,0.07500000298023224,0.07500000298023224,8000.0
2026-08-20 12:47:00,GOT.V,,1.7400000095367432,1.7400000095367432,1.7400000095367432,1.7400000095367432,400.0
2026-08-20 12:47:00,GSVR.V,,0.5950000286102295,0.5950000286102295,0.5950000286102295,0.5950000286102295,1500.0
2026-08-20 12:47:00,GWM.V,,0.6000000238418579,0.6000000238418579,0.6000000238418579,0.6000000238418579,500.0
2026-08-20 12:47:00,HME.V,,2.7149999141693115,2.7149999141693115,2.7149999141693115,2.7149999141693115,100.0
2026-08-20 12:47:00,HSTR.V,,2.319999933242798,2.319999933242798,2.319999933242798,2.319999933242798,400.0
2026-08-20 12:47:00,KFR.V,,1.25,1.25,1.25,1.25,8600.0
2026-08-20 12:47:00,LCX.V,,1.7699999809265137,1.7699999809265137,1.7699999809265137,1.7699999809265137,200.0
2026-08-20 12:47:00,LIO.V,,0.19499999284744263,0.19499999284744263,0.19499999284744263,0.19499999284744263,18500.0
2026-08-20 12:47:00,LMN.V,,24.690000534057617,24.690000534057617,24.690000534057617,24.690000534057617,200.0
2026-08-20 12:47:00,LUCA.V,,1.0499999523162842,1.0499999523162842,1.0499999523162842,1.0499999523162842,100.0
2026-08-20 12:47:00,MKO.V,,14.210000038146973,14.210000038146973,14.210000038146973,14.210000038146973,100.0
2026-08-20 12:47:00,PNG.V,,5.889999866485596,5.889999866485596,5.885000228881836,5.889999866485596,5300.0
2026-08-20 12:47:00,TUF.V,,0.7049999833106995,0.7049999833106995,0.7049999833106995,0.7049999833106995,500.0
2026-08-20 12:48:00,EMM.V,,0.06499999761581421,0.06499999761581421,0.06499999761581421,0.06499999761581421,241000.0
2026-08-20 12:48:00,FDR.V,,6.050000190734863,6.050000190734863,6.050000190734863,6.050000190734863,200.0
2026-08-20 12:48:00,FL.V,,0.4300000071525574,0.4300000071525574,0.4300000071525574,0.4300000071525574,1000.0
2026-08-20 12:48:00,FWZ.V,,3.2249999046325684,3.2249999046325684,3.2249999046325684,3.2249999046325684,100.0
2026-08-20 12:48:00,GOT.V,,1.7400000095367432,1.7400000095367432,1.7400000095367432,1.7400000095367432,300.0
2026-08-20 12:48:00,GSVR.V,,0.5950000286102295,0.5950000286102295,0.5950000286102295,0.5950000286102295,1500.0
2026-08-20 12:48:00,HI.V,,0.14000000059604645,0.14000000059604645,0.14000000059604645,0.14000000059604645,4000.0
2026-08-20 12:48:00,HME.V,,2.7149999141693115,2.7200000286102295,2.7149999141693115,2.7200000286102295,300.0
2026-08-20 12:48:00,HSTR.V,,2.325000047683716,2.325000047683716,2.325000047683716,2.325000047683716,100.0
2026-08-20 12:48:00,JUGR.V,,1.3899999856948853,1.3899999856948853,1.3899999856948853,1.3899999856948853,3000.0
2026-08-20 12:48:00,KFR.V,,1.2599999904632568,1.2599999904632568,1.2599999904632568,1.2599999904632568,100.0
2026-08-20 12:48:00,KLDC.V,,0.2750000059604645,0.2750000059604645,0.2750000059604645,0.2750000059604645,2833.0
2026-08-20 12:48:00,LTH.V,,0.6399999856948853,0.6399999856948853,0.6299999952316284,0.6399999856948853,41550.0
2026-08-20 12:48:00,LUCA.V,,1.0549999475479126,1.0549999475479126,1.0549999475479126,1.0549999475479126,600.0
2026-08-20 12:48:00,MLP.V,,2.8299999237060547,2.8299999237060547,2.8299999237060547,2.8299999237060547,401.0
2026-08-20 12:48:00,MTA.V,,15.390000343322754,15.390000343322754,15.390000343322754,15.390000343322754,100.0
2026-08-20 12:48:00,NURS.V,,4.019999980926514,4.019999980926514,4.019999980926514,4.019999980926514,700.0
2026-08-20 12:48:00,PNG.V,,5.889999866485596,5.889999866485596,5.889999866485596,5.889999866485596,100.0
2026-08-20 12:48:00,TUF.V,,0.7099999785423279,0.7099999785423279,0.7049999833106995,0.7049999833106995,25500.0
2026-08-20 12:49:00,EMM.V,,0.06499999761581421,0.06499999761581421,0.06499999761581421,0.06499999761581421,71000.0
2026-08-20 12:49:00,FDR.V,,6.079999923706055,6.099999904632568,6.050000190734863,6.050000190734863,12900.0
2026-08-20 12:49:00,FWZ.V,,3.2300000190734863,3.2300000190734863,3.2249999046325684,3.2300000190734863,6700.0
2026-08-20 12:49:00,GGO.V,,1.1449999809265137,1.1449999809265137,1.1449999809265137,1.1449999809265137,600.0
2026-08-20 12:49:00,GSVR.V,,0.5950000286102295,0.5950000286102295,0.5950000286102295,0.5950000286102295,1000.0
2026-08-20 12:49:00,HME.V,,2.7149999141693115,2.7149999141693115,2.7149999141693115,2.7149999141693115,100.0
2026-08-20 12:49:00,HSTR.V,,2.325000047683716,2.325000047683716,2.325000047683716,2.325000047683716,100.0
2026-08-20 12:49:00,JUGR.V,,1.3899999856948853,1.3899999856948853,1.3899999856948853,1.3899999856948853,800.0
2026-08-20 12:49:00,KFR.V,,1.2599999904632568,1.2599999904632568,1.25,1.25,800.0
2026-08-20 12:49:00,KRY.V,,3.4700000286102295,3.4700000286102295,3.4700000286102295,3.4700000286102295,600.0
2026-08-20 12:49:00,MKO.V,,14.1899995803833,14.1899995803833,14.1899995803833,14.1899995803833,400.0
2026-08-20 12:49:00,MLP.V,,2.8299999237060547,2.8299999237060547,2.8299999237060547,2.8299999237060547,900.0
2026-08-20 12:49:00,MTA.V,,15.460000038146973,15.460000038146973,15.460000038146973,15.460000038146973,200.0
2026-08-20 12:50:00,BIG.V,,1.3200000524520874,1.3200000524520874,1.3200000524520874,1.3200000524520874,100.0
2026-08-20 12:50:00,FDR.V,,6.099999904632568,6.099999904632568,6.099999904632568,6.099999904632568,11105.0
2026-08-20 12:50:00,FWZ.V,,3.2300000190734863,3.2300000190734863,3.2300000190734863,3.2300000190734863,100.0
2026-08-20 12:50:00,GOT.V,,1.7350000143051147,1.7350000143051147,1.7350000143051147,1.7350000143051147,100.0
2026-08-20 12:50:00,GRSL.V,,0.4350000023841858,0.4350000023841858,0.4350000023841858,0.4350000023841858,13500.0
2026-08-20 12:50:00,GSVR.V,,0.5950000286102295,0.5950000286102295,0.5950000286102295,0.5950000286102295,2000.0
2026-08-20 12:50:00,GWM.V,,0.6000000238418579,0.6000000238418579,0.6000000238418579,0.6000000238418579,500.0
2026-08-20 12:50:00,HME.V,,2.7149999141693115,2.7149999141693115,2.7149999141693115,2.7149999141693115,100.0
2026-08-20 12:50:00,ITR.V,,3.890000104904175,3.890000104904175,3.890000104904175,3.890000104904175,100.0
2026-08-20 12:50:00,KFR.V,,1.2599999904632568,1.2599999904632568,1.2599999904632568,1.2599999904632568,100.0
2026-08-20 12:50:00,LUCA.V,,1.0499999523162842,1.0499999523162842,1.0499999523162842,1.0499999523162842,100.0
2026-08-20 12:50:00,NURS.V,,4.010000228881836,4.010000228881836,4.010000228881836,4.010000228881836,900.0
2026-08-20 12:50:00,PNG.V,,5.880000114440918,5.889999866485596,5.880000114440918,5.889999866485596,200.0
2026-08-20 12:50:00,TUF.V,,0.7099999785423279,0.7099999785423279,0.7099999785423279,0.7099999785423279,500.0
2026-08-20 12:51:00,BIG.V,,1.3200000524520874,1.3200000524520874,1.3200000524520874,1.3200000524520874,100.0
2026-08-20 12:51:00,FDR.V,,6.099999904632568,6.099999904632568,6.099999904632568,6.099999904632568,300.0
2026-08-20 12:51:00,FWZ.V,,3.2300000190734863,3.2300000190734863,3.2300000190734863,3.2300000190734863,900.0
2026-08-20 12:51:00,GGO.V,,1.1399999856948853,1.1399999856948853,1.1399999856948853,1.1399999856948853,2739.0
2026-08-20 12:51:00,GSVR.V,,0.5950000286102295,0.5950000286102295,0.5950000286102295,0.5950000286102295,1500.0
2026-08-20 12:51:00,HME.V,,2.7149999141693115,2.7149999141693115,2.7149999141693115,2.7149999141693115,100.0
2026-08-20 12:51:00,KFR.V,,1.2599999904632568,1.2599999904632568,1.2599999904632568,1.2599999904632568,100.0
2026-08-20 12:51:00,LIO.V,,0.20999999344348907,0.20999999344348907,0.20000000298023224,0.20000000298023224,404951.0
2026-08-20 12:51:00,LUCA.V,,1.0549999475479126,1.0549999475479126,1.0549999475479126,1.0549999475479126,100.0
2026-08-20 12:51:00,MMA.V,,0.6499999761581421,0.6499999761581421,0.6399999856948853,0.6399999856948853,17000.0
2026-08-20 12:51:00,NURS.V,,4.010000228881836,4.010000228881836,4.010000228881836,4.010000228881836,300.0
2026-08-20 12:51:00,PNG.V,,5.880000114440918,5.880000114440918,5.880000114440918,5.880000114440918,100.0
2026-08-20 12:52:00,BIG.V,,1.3200000524520874,1.3200000524520874,1.3200000524520874,1.3200000524520874,100.0
2026-08-20 12:52:00,FDR.V,,6.099999904632568,6.099999904632568,6.099999904632568,6.099999904632568,200.0
2026-08-20 12:52:00,FWZ.V,,3.2300000190734863,3.2300000190734863,3.2300000190734863,3.2300000190734863,300.0
2026-08-20 12:52:00,GSVR.V,,0.5950000286102295,0.5950000286102295,0.5950000286102295,0.5950000286102295,2000.0
2026-08-20 12:52:00,HME.V,,2.7149999141693115,2.7149999141693115,2.7149999141693115,2.7149999141693115,100.0
2026-08-20 12:52:00,HMR.V,,0.4699999988079071,0.4699999988079071,0.4699999988079071,0.4699999988079071,1000.0
2026-08-20 12:52:00,HSTR.V,,2.325000047683716,2.325000047683716,2.325000047683716,2.325000047683716,100.0
2026-08-20 12:52:00,KFR.V,,1.2599999904632568,1.2599999904632568,1.2599999904632568,1.2599999904632568,100.0
2026-08-20 12:52:00,LGC.V,,3.0,3.0,3.0,3.0,500.0
2026-08-20 12:52:00,LIO.V,,0.20999999344348907,0.20999999344348907,0.20999999344348907,0.20999999344348907,129600.0
2026-08-20 12:52:00,LTH.V,,0.6299999952316284,0.6299999952316284,0.6299999952316284,0.6299999952316284,500.0
2026-08-20 12:53:00,BIG.V,,1.315000057220459,1.315000057220459,1.309999942779541,1.315000057220459,5500.0
2026-08-20 12:53:00,FDR.V,,6.099999904632568,6.099999904632568,6.099999904632568,6.099999904632568,300.0
2026-08-20 12:53:00,FWZ.V,,3.2300000190734863,3.2300000190734863,3.2300000190734863,3.2300000190734863,100.0
2026-08-20 12:53:00,GAL.V,,0.5199999809265137,0.5199999809265137,0.5199999809265137,0.5199999809265137,3000.0
2026-08-20 12:53:00,GOT.V,,1.7400000095367432,1.7400000095367432,1.7400000095367432,1.7400000095367432,100.0
2026-08-20 12:53:00,GSVR.V,,0.5899999737739563,0.5950000286102295,0.5899999737739563,0.5950000286102295,3830.0
2026-08-20 12:53:00,HAN.V,,0.8299999833106995,0.8399999737739563,0.8299999833106995,0.8399999737739563,12170.0
2026-08-20 12:53:00,HITI.V,,3.390000104904175,3.390000104904175,3.390000104904175,3.390000104904175,100.0
2026-08-20 12:53:00,HME.V,,2.7149999141693115,2.7149999141693115,2.7149999141693115,2.7149999141693115,100.0
2026-08-20 12:53:00,JUGR.V,,1.399999976158142,1.399999976158142,1.399999976158142,1.399999976158142,3000.0
2026-08-20 12:53:00,KFR.V,,1.2599999904632568,1.2599999904632568,1.2599999904632568,1.2599999904632568,200.0
2026-08-20 12:53:00,MERG.V,,0.7950000166893005,0.7950000166893005,0.7950000166893005,0.7950000166893005,600.0
2026-08-20 12:53:00,NURS.V,,4.010000228881836,4.010000228881836,4.010000228881836,4.010000228881836,100.0
2026-08-20 12:54:00,FDR.V,,6.099999904632568,6.099999904632568,6.099999904632568,6.099999904632568,400.0
2026-08-20 12:54:00,FL.V,,0.42500001192092896,0.42500001192092896,0.42500001192092896,0.42500001192092896,4000.0
2026-08-20 12:54:00,FWZ.V,,3.2300000190734863,3.2300000190734863,3.2300000190734863,3.2300000190734863,1300.0
2026-08-20 12:54:00,GWM.V,,0.6000000238418579,0.6000000238418579,0.6000000238418579,0.6000000238418579,500.0
2026-08-20 12:54:00,HAN.V,,0.8299999833106995,0.8299999833106995,0.8299999833106995,0.8299999833106995,6000.0
2026-08-20 12:54:00,HME.V,,2.7149999141693115,2.7149999141693115,2.7149999141693115,2.7149999141693115,100.0
2026-08-20 12:54:00,HMR.V,,0.4699999988079071,0.4699999988079071,0.4699999988079071,0.4699999988079071,1000.0
2026-08-20 12:54:00,ITR.V,,3.890000104904175,3.890000104904175,3.890000104904175,3.890000104904175,900.0
2026-08-20 12:54:00,KFR.V,,1.2599999904632568,1.2599999904632568,1.2599999904632568,1.2599999904632568,100.0
2026-08-20 12:54:00,KG.V,,0.1599999964237213,0.1599999964237213,0.1599999964237213,0.1599999964237213,9000.0
2026-08-20 12:54:00,LRA.V,,4.400000095367432,4.400000095367432,4.400000095367432,4.400000095367432,500.0
2026-08-20 12:54:00,LSTR.V,,0.06499999761581421,0.06499999761581421,0.06499999761581421,0.06499999761581421,2000.0
2026-08-20 12:54:00,LTH.V,,0.6349999904632568,0.6349999904632568,0.6349999904632568,0.6349999904632568,500.0
2026-08-20 12:54:00,LUCA.V,,1.059999942779541,1.059999942779541,1.059999942779541,1.059999942779541,100.0
2026-08-20 12:54:00,MKO.V,,14.15999984741211,14.15999984741211,14.140000343322754,14.149999618530273,300.0
2026-08-20 12:54:00,MTA.V,,15.489999771118164,15.489999771118164,15.479999542236328,15.479999542236328,300.0
2026-08-20 12:54:00,PNG.V,,5.885000228881836,5.885000228881836,5.885000228881836,5.885000228881836,400.0
2026-08-20 12:55:00,FDR.V,,6.099999904632568,6.099999904632568,6.099999904632568,6.099999904632568,500.0
2026-08-20 12:55:00,FWZ.V,,3.2300000190734863,3.2300000190734863,3.2300000190734863,3.2300000190734863,100.0
2026-08-20 12:55:00,GOT.V,,1.7400000095367432,1.7400000095367432,1.7400000095367432,1.7400000095367432,900.0
2026-08-20 12:55:00,GSVR.V,,0.5950000286102295,0.5950000286102295,0.5950000286102295,0.5950000286102295,500.0
2026-08-20 12:55:00,ITR.V,,3.890000104904175,3.890000104904175,3.890000104904175,3.890000104904175,1600.0
2026-08-20 12:55:00,KALO.V,,0.14499999582767487,0.14499999582767487,0.14499999582767487,0.14499999582767487,0.0
2026-08-20 12:55:00,KFR.V,,1.2599999904632568,1.2599999904632568,1.2599999904632568,1.2599999904632568,200.0
2026-08-20 12:55:00,KLDC.V,,0.2750000059604645,0.2750000059604645,0.2750000059604645,0.2750000059604645,500.0
2026-08-20 12:55:00,LMN.V,,24.700000762939453,24.700000762939453,24.68000030517578,24.68000030517578,200.0
2026-08-20 12:55:00,LTH.V,,0.6399999856948853,0.6399999856948853,0.6399999856948853,0.6399999856948853,14000.0
2026-08-20 12:55:00,MLP.V,,2.819999933242798,2.819999933242798,2.819999933242798,2.819999933242798,900.0
2026-08-20 12:56:00,FDR.V,,6.099999904632568,6.099999904632568,6.099999904632568,6.099999904632568,200.0
2026-08-20 12:56:00,FWZ.V,,3.2300000190734863,3.2300000190734863,3.2300000190734863,3.2300000190734863,400.0
2026-08-20 12:56:00,GMG.V,,2.119999885559082,2.119999885559082,2.119999885559082,2.119999885559082,10000.0
2026-08-20 12:56:00,GSVR.V,,0.5950000286102295,0.5950000286102295,0.5950000286102295,0.5950000286102295,1500.0
2026-08-20 12:56:00,GWM.V,,0.6100000143051147,0.6100000143051147,0.6100000143051147,0.6100000143051147,6500.0
2026-08-20 12:56:00,HITI.V,,3.380000114440918,3.380000114440918,3.380000114440918,3.380000114440918,100.0
2026-08-20 12:56:00,HME.V,,2.7149999141693115,2.7149999141693115,2.7149999141693115,2.7149999141693115,100.0
2026-08-20 12:56:00,IGO.V,,0.14499999582767487,0.14499999582767487,0.14499999582767487,0.14499999582767487,129000.0
2026-08-20 12:56:00,KFR.V,,1.2599999904632568,1.2599999904632568,1.2599999904632568,1.2599999904632568,100.0
2026-08-20 12:56:00,KLDC.V,,0.2750000059604645,0.2750000059604645,0.2750000059604645,0.2750000059604645,528.0
2026-08-20 12:56:00,KRY.V,,3.4700000286102295,3.4700000286102295,3.4700000286102295,3.4700000286102295,600.0
2026-08-20 12:56:00,PNG.V,,5.869999885559082,5.880000114440918,5.869999885559082,5.880000114440918,2900.0
2026-08-20 12:56:00,TUF.V,,0.7099999785423279,0.7099999785423279,0.7099999785423279,0.7099999785423279,2150.0
2026-08-20 12:57:00,BIG.V,,1.3200000524520874,1.3200000524520874,1.3200000524520874,1.3200000524520874,700.0
2026-08-20 12:57:00,FDR.V,,6.099999904632568,6.099999904632568,6.099999904632568,6.099999904632568,1800.0
2026-08-20 12:57:00,FWZ.V,,3.2300000190734863,3.2300000190734863,3.2300000190734863,3.2300000190734863,500.0
2026-08-20 12:57:00,GSVR.V,,0.5950000286102295,0.5950000286102295,0.5950000286102295,0.5950000286102295,1000.0
2026-08-20 12:57:00,HITI.V,,3.369999885559082,3.369999885559082,3.369999885559082,3.369999885559082,100.0
2026-08-20 12:57:00,HME.V,,2.7149999141693115,2.7149999141693115,2.7149999141693115,2.7149999141693115,100.0
2026-08-20 12:57:00,ITR.V,,3.890000104904175,3.890000104904175,3.890000104904175,3.890000104904175,153780.0
2026-08-20 12:57:00,KDK.V,,0.7799999713897705,0.7799999713897705,0.7799999713897705,0.7799999713897705,500.0
2026-08-20 12:57:00,KFR.V,,1.2599999904632568,1.2599999904632568,1.2599999904632568,1.2599999904632568,100.0
2026-08-20 12:57:00,LIO.V,,0.20499999821186066,0.20499999821186066,0.20499999821186066,0.20499999821186066,1000.0
2026-08-20 12:57:00,LRA.V,,4.420000076293945,4.420000076293945,4.420000076293945,4.420000076293945,500.0
2026-08-20 12:57:00,MFG.V,,4.150000095367432,4.159999847412109,4.150000095367432,4.159999847412109,400.0
2026-08-20 12:57:00,PNG.V,,5.869999885559082,5.869999885559082,5.869999885559082,5.869999885559082,100.0
2026-08-20 12:58:00,FAIR.V,,0.05999999865889549,0.05999999865889549,0.05999999865889549,0.05999999865889549,67000.0
2026-08-20 12:58:00,FDR.V,,6.099999904632568,6.099999904632568,6.099999904632568,6.099999904632568,200.0
2026-08-20 12:58:00,GOT.V,,1.7400000095367432,1.7400000095367432,1.7400000095367432,1.7400000095367432,100.0
2026-08-20 12:58:00,GSVR.V,,0.5950000286102295,0.5950000286102295,0.5950000286102295,0.5950000286102295,2000.0
2026-08-20 12:58:00,JUGR.V,,1.3899999856948853,1.3899999856948853,1.3899999856948853,1.3899999856948853,1000.0
2026-08-20 12:58:00,KFR.V,,1.2599999904632568,1.2599999904632568,1.2599999904632568,1.2599999904632568,300.0
2026-08-20 12:58:00,LIO.V,,0.20000000298023224,0.20000000298023224,0.20000000298023224,0.20000000298023224,500.0
2026-08-20 12:58:00,LUCA.V,,1.059999942779541,1.059999942779541,1.059999942779541,1.059999942779541,1200.0
2026-08-20 12:58:00,MLP.V,,2.809999942779541,2.809999942779541,2.809999942779541,2.809999942779541,100.0
2026-08-20 12:59:00,BIG.V,,1.3250000476837158,1.3250000476837158,1.3200000524520874,1.3200000524520874,6300.0
2026-08-20 12:59:00,FDR.V,,6.099999904632568,6.099999904632568,6.099999904632568,6.099999904632568,100.0
2026-08-20 12:59:00,GPAC.V,,0.36250001192092896,0.36250001192092896,0.36250001192092896,0.36250001192092896,500.0
2026-08-20 12:59:00,GSVR.V,,0.5950000286102295,0.5950000286102295,0.5950000286102295,0.5950000286102295,1000.0
2026-08-20 12:59:00,HME.V,,2.7149999141693115,2.7149999141693115,2.7149999141693115,2.7149999141693115,100.0
2026-08-20 12:59:00,HSTR.V,,2.325000047683716,2.325000047683716,2.325000047683716,2.325000047683716,100.0
2026-08-20 12:59:00,KTN.V,,1.3600000143051147,1.3600000143051147,1.3600000143051147,1.3600000143051147,300.0
2026-08-20 12:59:00,LIO.V,,0.20499999821186066,0.20499999821186066,0.20499999821186066,0.20499999821186066,6000.0
2026-08-20 12:59:00,PNG.V,,5.869999885559082,5.869999885559082,5.869999885559082,5.869999885559082,1700.0
2026-08-20 12:59:00,YGT.V,,0.20000000298023224,0.20000000298023224,0.20000000298023224,0.20000000298023224,3500.0
2026-08-20 13:00:00,BIG.V,,1.3250000476837158,1.3300000429153442,1.3250000476837158,1.3300000429153442,300.0
2026-08-20 13:00:00,FAIR.V,,0.05999999865889549,0.05999999865889549,0.05999999865889549,0.05999999865889549,137000.0
2026-08-20 13:00:00,FDR.V,,6.099999904632568,6.099999904632568,6.099999904632568,6.099999904632568,100.0
2026-08-20 13:00:00,FUU.V,,0.14499999582767487,0.14499999582767487,0.14499999582767487,0.14499999582767487,19500.0
2026-08-20 13:00:00,GSVR.V,,0.5950000286102295,0.5950000286102295,0.5950000286102295,0.5950000286102295,1000.0
2026-08-20 13:00:00,GWM.V,,0.6100000143051147,0.6100000143051147,0.6000000238418579,0.6000000238418579,9410.0
2026-08-20 13:00:00,HITI.V,,3.380000114440918,3.380000114440918,3.380000114440918,3.380000114440918,800.0
2026-08-20 13:00:00,HME.V,,2.7100000381469727,2.7100000381469727,2.7100000381469727,2.7100000381469727,700.0
2026-08-20 13:00:00,HSTR.V,,2.309999942779541,2.319999933242798,2.309999942779541,2.319999933242798,2200.0
2026-08-20 13:00:00,LCX.V,,1.7899999618530273,1.7899999618530273,1.7899999618530273,1.7899999618530273,100.0
2026-08-20 13:00:00,LIO.V,,0.20499999821186066,0.20499999821186066,0.20499999821186066,0.20499999821186066,20000.0
2026-08-20 13:00:00,LSTR.V,,0.06499999761581421,0.06499999761581421,0.06499999761581421,0.06499999761581421,44000.0
2026-08-20 13:00:00,LUCA.V,,1.0499999523162842,1.0499999523162842,1.0499999523162842,1.0499999523162842,200.0
2026-08-20 13:00:00,NURS.V,,4.019999980926514,4.019999980926514,4.019999980926514,4.019999980926514,1600.0
2026-08-20 13:00:00,TUF.V,,0.7099999785423279,0.7099999785423279,0.7099999785423279,0.7099999785423279,9000.0
2026-08-20 13:01:00,BIG.V,,1.3300000429153442,1.3300000429153442,1.3300000429153442,1.3300000429153442,200.0
2026-08-20 13:01:00,FDR.V,,6.099999904632568,6.099999904632568,6.099999904632568,6.099999904632568,400.0
2026-08-20 13:01:00,FWZ.V,,3.2300000190734863,3.2300000190734863,3.2300000190734863,3.2300000190734863,600.0
2026-08-20 13:01:00,GPH.V,,1.0,1.0,1.0,1.0,14680.0
2026-08-20 13:01:00,GSVR.V,,0.5950000286102295,0.5950000286102295,0.5950000286102295,0.5950000286102295,1000.0
2026-08-20 13:01:00,GWM.V,,0.6000000238418579,0.6000000238418579,0.6000000238418579,0.6000000238418579,500.0
2026-08-20 13:01:00,KLDC.V,,0.2750000059604645,0.2750000059604645,0.2750000059604645,0.2750000059604645,500.0
2026-08-20 13:01:00,LA.V,,13.199999809265137,13.199999809265137,13.199999809265137,13.199999809265137,100.0
2026-08-20 13:01:00,LTH.V,,0.6299999952316284,0.6299999952316284,0.6299999952316284,0.6299999952316284,500.0
2026-08-20 13:01:00,MKO.V,,14.149999618530273,14.149999618530273,14.149999618530273,14.149999618530273,200.0
2026-08-20 13:01:00,MLP.V,,2.819999933242798,2.819999933242798,2.809999942779541,2.809999942779541,600.0
2026-08-20 13:02:00,BIG.V,,1.3300000429153442,1.3300000429153442,1.3300000429153442,1.3300000429153442,100.0
2026-08-20 13:02:00,FWZ.V,,3.2249999046325684,3.2249999046325684,3.2249999046325684,3.2249999046325684,100.0
2026-08-20 13:02:00,GSI.V,,1.7300000190734863,1.7300000190734863,1.7300000190734863,1.7300000190734863,2000.0
2026-08-20 13:02:00,GSVR.V,,0.6000000238418579,0.6000000238418579,0.5950000286102295,0.5950000286102295,69000.0
2026-08-20 13:02:00,LAB.V,,0.05999999865889549,0.05999999865889549,0.05999999865889549,0.05999999865889549,18000.0
2026-08-20 13:02:00,LTH.V,,0.6299999952316284,0.6299999952316284,0.6299999952316284,0.6299999952316284,500.0
2026-08-20 13:02:00,MLP.V,,2.819999933242798,2.819999933242798,2.819999933242798,2.819999933242798,200.0
2026-08-20 13:02:00,MMA.V,,0.6499999761581421,0.6499999761581421,0.6499999761581421,0.6499999761581421,500.0
2026-08-20 13:02:00,NURS.V,,4.010000228881836,4.010000228881836,4.010000228881836,4.010000228881836,100.0
2026-08-20 13:02:00,PNG.V,,5.889999866485596,5.889999866485596,5.889999866485596,5.889999866485596,100.0
2026-08-20 13:03:00,BIG.V,,1.3300000429153442,1.3300000429153442,1.3300000429153442,1.3300000429153442,1800.0
2026-08-20 13:03:00,FDR.V,,6.099999904632568,6.099999904632568,6.099999904632568,6.099999904632568,100.0
2026-08-20 13:03:00,GSI.V,,1.7300000190734863,1.7300000190734863,1.7300000190734863,1.7300000190734863,6175.0
2026-08-20 13:03:00,GSVR.V,,0.6000000238418579,0.6000000238418579,0.6000000238418579,0.6000000238418579,1000.0
2026-08-20 13:03:00,GWM.V,,0.6000000238418579,0.6000000238418579,0.6000000238418579,0.6000000238418579,500.0
2026-08-20 13:03:00,HME.V,,2.7100000381469727,2.7100000381469727,2.7100000381469727,2.7100000381469727,100.0
2026-08-20 13:03:00,IFOS.V,,2.200000047683716,2.2300000190734863,2.200000047683716,2.2300000190734863,19362.0
2026-08-20 13:03:00,IPT.V,,0.3199999928474426,0.3199999928474426,0.3100000023841858,0.3149999976158142,141611.0
2026-08-20 13:03:00,LIFT.V,,2.6700000762939453,2.6700000762939453,2.6700000762939453,2.6700000762939453,200.0
2026-08-20 13:03:00,LUCA.V,,1.0499999523162842,1.0499999523162842,1.0499999523162842,1.0499999523162842,100.0
2026-08-20 13:03:00,MTA.V,,15.4399995803833,15.4399995803833,15.4399995803833,15.4399995803833,100.0
2026-08-20 13:04:00,BIG.V,,1.3300000429153442,1.3300000429153442,1.3300000429153442,1.3300000429153442,300.0
2026-08-20 13:04:00,FWZ.V,,3.2249999046325684,3.2300000190734863,3.2249999046325684,3.2300000190734863,600.0
2026-08-20 13:04:00,GSI.V,,1.7300000190734863,1.7300000190734863,1.7300000190734863,1.7300000190734863,900.0
2026-08-20 13:04:00,GSVR.V,,0.6000000238418579,0.6000000238418579,0.6000000238418579,0.6000000238418579,500.0
2026-08-20 13:04:00,GWM.V,,0.6000000238418579,0.6000000238418579,0.6000000238418579,0.6000000238418579,500.0
2026-08-20 13:04:00,IGO.V,,0.15000000596046448,0.15000000596046448,0.15000000596046448,0.15000000596046448,5000.0
2026-08-20 13:04:00,INTR.V,,0.8100000023841858,0.8100000023841858,0.800000011920929,0.800000011920929,8500.0
2026-08-20 13:04:00,KTO.V,,0.8700000047683716,0.8700000047683716,0.8700000047683716,0.8700000047683716,17000.0
2026-08-20 13:04:00,LIFT.V,,2.6700000762939453,2.6700000762939453,2.6700000762939453,2.6700000762939453,100.0
2026-08-20 13:04:00,LITH.V,,0.4300000071525574,0.4300000071525574,0.4300000071525574,0.4300000071525574,1000.0
2026-08-20 13:04:00,LMN.V,,24.700000762939453,24.700000762939453,24.700000762939453,24.700000762939453,100.0
2026-08-20 13:04:00,LUCA.V,,1.059999942779541,1.059999942779541,1.059999942779541,1.059999942779541,164.0
2026-08-20 13:04:00,MDX.V,,0.05000000074505806,0.05000000074505806,0.05000000074505806,0.05000000074505806,23000.0
2026-08-20 13:04:00,MLP.V,,2.819999933242798,2.819999933242798,2.819999933242798,2.819999933242798,200.0
2026-08-20 13:04:00,MTA.V,,15.425000190734863,15.425000190734863,15.425000190734863,15.425000190734863,100.0
2026-08-20 13:05:00,BIG.V,,1.3250000476837158,1.3250000476837158,1.3200000524520874,1.3250000476837158,5100.0
2026-08-20 13:05:00,EMM.V,,0.06499999761581421,0.06499999761581421,0.06499999761581421,0.06499999761581421,5000.0
2026-08-20 13:05:00,FDR.V,,6.090000152587891,6.090000152587891,6.090000152587891,6.090000152587891,900.0
2026-08-20 13:05:00,FWZ.V,,3.2300000190734863,3.2300000190734863,3.2300000190734863,3.2300000190734863,500.0
2026-08-20 13:05:00,GSI.V,,1.7300000190734863,1.7300000190734863,1.7300000190734863,1.7300000190734863,2000.0
2026-08-20 13:05:00,GSVR.V,,0.6000000238418579,0.6000000238418579,0.6000000238418579,0.6000000238418579,1000.0
2026-08-20 13:05:00,GWM.V,,0.6000000238418579,0.6000000238418579,0.6000000238418579,0.6000000238418579,500.0
2026-08-20 13:05:00,HITI.V,,3.380000114440918,3.380000114440918,3.380000114440918,3.380000114440918,100.0
2026-08-20 13:05:00,HME.V,,2.7100000381469727,2.7100000381469727,2.7100000381469727,2.7100000381469727,100.0
2026-08-20 13:05:00,HSTR.V,,2.309999942779541,2.309999942779541,2.309999942779541,2.309999942779541,200.0
2026-08-20 13:05:00,IGO.V,,0.14499999582767487,0.14499999582767487,0.14499999582767487,0.14499999582767487,50000.0
2026-08-20 13:05:00,ITR.V,,3.880000114440918,3.880000114440918,3.880000114440918,3.880000114440918,1500.0
2026-08-20 13:05:00,JEV.V,,0.2150000035762787,0.2150000035762787,0.2150000035762787,0.2150000035762787,10000.0
2026-08-20 13:05:00,LAB.V,,0.05999999865889549,0.05999999865889549,0.05999999865889549,0.05999999865889549,3000.0
2026-08-20 13:05:00,LMN.V,,24.700000762939453,24.700000762939453,24.700000762939453,24.700000762939453,100.0
2026-08-20 13:05:00,LUCA.V,,1.0499999523162842,1.0499999523162842,1.0499999523162842,1.0499999523162842,100.0
2026-08-20 13:05:00,MLP.V,,2.809999942779541,2.809999942779541,2.809999942779541,2.809999942779541,500.0
2026-08-20 13:05:00,PNG.V,,5.869999885559082,5.869999885559082,5.869999885559082,5.869999885559082,100.0
2026-08-20 13:06:00,BIG.V,,1.3250000476837158,1.3250000476837158,1.3250000476837158,1.3250000476837158,100.0
2026-08-20 13:06:00,GOT.V,,1.7300000190734863,1.7300000190734863,1.7300000190734863,1.7300000190734863,100.0
2026-08-20 13:06:00,GSI.V,,1.7300000190734863,1.7300000190734863,1.7300000190734863,1.7300000190734863,1000.0
2026-08-20 13:06:00,GSVR.V,,0.6000000238418579,0.6000000238418579,0.6000000238418579,0.6000000238418579,4500.0
2026-08-20 13:06:00,GWM.V,,0.6000000238418579,0.6000000238418579,0.6000000238418579,0.6000000238418579,500.0
2026-08-20 13:06:00,IPT.V,,0.3100000023841858,0.3149999976158142,0.3100000023841858,0.3149999976158142,13500.0
2026-08-20 13:06:00,ITR.V,,3.880000114440918,3.880000114440918,3.869999885559082,3.869999885559082,900.0
2026-08-20 13:06:00,KLDC.V,,0.2750000059604645,0.2750000059604645,0.2750000059604645,0.2750000059604645,500.0
2026-08-20 13:06:00,LCX.V,,1.7899999618530273,1.7899999618530273,1.7899999618530273,1.7899999618530273,100.0
2026-08-20 13:06:00,LIO.V,,0.20499999821186066,0.20499999821186066,0.20499999821186066,0.20499999821186066,52600.0
2026-08-20 13:06:00,LMN.V,,24.729999542236328,24.729999542236328,24.639999389648438,24.639999389648438,2500.0
2026-08-20 13:06:00,LTH.V,,0.6299999952316284,0.6299999952316284,0.6299999952316284,0.6299999952316284,500.0
2026-08-20 13:06:00,LUCA.V,,1.0499999523162842,1.059999942779541,1.0499999523162842,1.0549999475479126,37700.0
2026-08-20 13:06:00,MFG.V,,4.150000095367432,4.150000095367432,4.150000095367432,4.150000095367432,300.0
2026-08-20 13:06:00,MLP.V,,2.819999933242798,2.819999933242798,2.819999933242798,2.819999933242798,500.0
2026-08-20 13:06:00,NURS.V,,4.019999980926514,4.019999980926514,4.019999980926514,4.019999980926514,100.0
2026-08-20 13:06:00,PNG.V,,5.885000228881836,5.885000228881836,5.880000114440918,5.880000114440918,11620.0
2026-08-20 13:07:00,BIG.V,,1.3250000476837158,1.3250000476837158,1.3250000476837158,1.3250000476837158,200.0
2026-08-20 13:07:00,GPAC.V,,0.36250001192092896,0.36250001192092896,0.36250001192092896,0.36250001192092896,500.0
2026-08-20 13:07:00,GSI.V,,1.7300000190734863,1.7300000190734863,1.7300000190734863,1.7300000190734863,4000.0
2026-08-20 13:07:00,GSVR.V,,0.6000000238418579,0.6000000238418579,0.6000000238418579,0.6000000238418579,1500.0
2026-08-20 13:07:00,HSTR.V,,2.309999942779541,2.309999942779541,2.305000066757202,2.309999942779541,2900.0
2026-08-20 13:07:00,IPT.V,,0.3050000071525574,0.3100000023841858,0.3050000071525574,0.3100000023841858,143000.0
2026-08-20 13:07:00,ITR.V,,3.869999885559082,3.869999885559082,3.869999885559082,3.869999885559082,700.0
2026-08-20 13:07:00,KTN.V,,1.3600000143051147,1.3600000143051147,1.3600000143051147,1.3600000143051147,600.0
2026-08-20 13:07:00,LAB.V,,0.05999999865889549,0.05999999865889549,0.05999999865889549,0.05999999865889549,100000.0
2026-08-20 13:07:00,MCF.V,,0.009999999776482582,0.009999999776482582,0.009999999776482582,0.009999999776482582,500000.0
2026-08-20 13:07:00,PNG.V,,5.889999866485596,5.889999866485596,5.889999866485596,5.889999866485596,300.0
2026-08-20 13:08:00,BIG.V,,1.3250000476837158,1.3250000476837158,1.3250000476837158,1.3250000476837158,200.0
2026-08-20 13:08:00,EMM.V,,0.06499999761581421,0.06499999761581421,0.06499999761581421,0.06499999761581421,5000.0
2026-08-20 13:08:00,GLAD.V,,2.75,2.75,2.75,2.75,3300.0
2026-08-20 13:08:00,GPAC.V,,0.36000001430511475,0.36000001430511475,0.36000001430511475,0.36000001430511475,6500.0
2026-08-20 13:08:00,GRSL.V,,0.4350000023841858,0.4350000023841858,0.4350000023841858,0.4350000023841858,23000.0
2026-08-20 13:08:00,GSI.V,,1.7300000190734863,1.7300000190734863,1.7300000190734863,1.7300000190734863,200.0
2026-08-20 13:08:00,GSVR.V,,0.6000000238418579,0.6000000238418579,0.6000000238418579,0.6000000238418579,1500.0
2026-08-20 13:08:00,GWM.V,,0.6000000238418579,0.6000000238418579,0.6000000238418579,0.6000000238418579,500.0
2026-08-20 13:08:00,HME.V,,2.7100000381469727,2.7100000381469727,2.7100000381469727,2.7100000381469727,100.0
2026-08-20 13:08:00,KLDC.V,,0.2750000059604645,0.2750000059604645,0.2750000059604645,0.2750000059604645,500.0
2026-08-20 13:08:00,LAB.V,,0.05999999865889549,0.05999999865889549,0.05999999865889549,0.05999999865889549,2000.0
2026-08-20 13:08:00,LIO.V,,0.20499999821186066,0.20499999821186066,0.20499999821186066,0.20499999821186066,2500.0
2026-08-20 13:08:00,PNG.V,,5.889999866485596,5.889999866485596,5.889999866485596,5.889999866485596,2100.0
2026-08-20 13:09:00,BIG.V,,1.3250000476837158,1.3250000476837158,1.3250000476837158,1.3250000476837158,200.0
2026-08-20 13:09:00,FUU.V,,0.15000000596046448,0.15000000596046448,0.15000000596046448,0.15000000596046448,2000.0
2026-08-20 13:09:00,GOT.V,,1.7300000190734863,1.7300000190734863,1.7300000190734863,1.7300000190734863,100.0
2026-08-20 13:09:00,GSI.V,,1.7300000190734863,1.7300000190734863,1.7300000190734863,1.7300000190734863,100.0
2026-08-20 13:09:00,GSVR.V,,0.6000000238418579,0.6000000238418579,0.6000000238418579,0.6000000238418579,5000.0
2026-08-20 13:09:00,HELI.V,,0.029999999329447746,0.029999999329447746,0.029999999329447746,0.029999999329447746,5189.0
2026-08-20 13:09:00,HSTR.V,,2.309999942779541,2.309999942779541,2.309999942779541,2.309999942779541,100.0
2026-08-20 13:09:00,ITR.V,,3.859999895095825,3.859999895095825,3.859999895095825,3.859999895095825,100.0
2026-08-20 13:09:00,LIO.V,,0.20499999821186066,0.20499999821186066,0.20499999821186066,0.20499999821186066,12500.0
2026-08-20 13:09:00,LSL.V,,0.3499999940395355,0.3499999940395355,0.3499999940395355,0.3499999940395355,1000.0
2026-08-20 13:09:00,MFG.V,,4.139999866485596,4.139999866485596,4.139999866485596,4.139999866485596,400.0
2026-08-20 13:09:00,MGM.V,,2.869999885559082,2.869999885559082,2.869999885559082,2.869999885559082,100.0
2026-08-20 13:09:00,MLP.V,,2.799999952316284,2.799999952316284,2.799999952316284,2.799999952316284,100.0
2026-08-20 13:09:00,NURS.V,,4.03000020980835,4.03000020980835,4.03000020980835,4.03000020980835,200.0
2026-08-20 13:09:00,PNG.V,,5.889999866485596,5.889999866485596,5.885000228881836,5.885000228881836,2100.0
2026-08-20 13:09:00,TUF.V,,0.7099999785423279,0.7099999785423279,0.7099999785423279,0.7099999785423279,2000.0
2026-08-20 13:10:00,BIG.V,,1.3250000476837158,1.3250000476837158,1.3250000476837158,1.3250000476837158,200.0
2026-08-20 13:10:00,FWZ.V,,3.2249999046325684,3.2249999046325684,3.2249999046325684,3.2249999046325684,100.0
2026-08-20 13:10:00,GPH.V,,1.0099999904632568,1.0099999904632568,1.0099999904632568,1.0099999904632568,1000.0
2026-08-20 13:10:00,GSI.V,,1.7300000190734863,1.7300000190734863,1.7300000190734863,1.7300000190734863,400.0
2026-08-20 13:10:00,GSVR.V,,0.6000000238418579,0.6000000238418579,0.6000000238418579,0.6000000238418579,1000.0
2026-08-20 13:10:00,HELI.V,,0.029999999329447746,0.029999999329447746,0.029999999329447746,0.029999999329447746,1013.0
2026-08-20 13:10:00,JUGR.V,,1.3899999856948853,1.3899999856948853,1.3899999856948853,1.3899999856948853,500.0
2026-08-20 13:10:00,KLDC.V,,0.27000001072883606,0.27000001072883606,0.27000001072883606,0.27000001072883606,2000.0
2026-08-20 13:10:00,LG.V,,0.39500001072883606,0.39500001072883606,0.39500001072883606,0.39500001072883606,6000.0
2026-08-20 13:10:00,LMN.V,,24.6200008392334,24.6299991607666,24.59000015258789,24.6299991607666,600.0
2026-08-20 13:10:00,LUCA.V,,1.059999942779541,1.059999942779541,1.059999942779541,1.059999942779541,700.0
2026-08-20 13:10:00,NURS.V,,4.019999980926514,4.019999980926514,4.019999980926514,4.019999980926514,28000.0
2026-08-20 13:11:00,BIG.V,,1.3250000476837158,1.3250000476837158,1.3250000476837158,1.3250000476837158,200.0
2026-08-20 13:11:00,GOT.V,,1.7300000190734863,1.7300000190734863,1.7300000190734863,1.7300000190734863,100.0
2026-08-20 13:11:00,GQC.V,,1.0,1.0,1.0,1.0,2000.0
2026-08-20 13:11:00,GSI.V,,1.7300000190734863,1.7300000190734863,1.7300000190734863,1.7300000190734863,3200.0
2026-08-20 13:11:00,GSVR.V,,0.6000000238418579,0.6000000238418579,0.6000000238418579,0.6000000238418579,10000.0
2026-08-20 13:11:00,GWM.V,,0.6000000238418579,0.6000000238418579,0.6000000238418579,0.6000000238418579,500.0
2026-08-20 13:11:00,HAN.V,,0.8299999833106995,0.8299999833106995,0.8299999833106995,0.8299999833106995,500.0
2026-08-20 13:11:00,HITI.V,,3.380000114440918,3.380000114440918,3.380000114440918,3.380000114440918,100.0
2026-08-20 13:11:00,HME.V,,2.7100000381469727,2.7100000381469727,2.7100000381469727,2.7100000381469727,100.0
2026-08-20 13:11:00,ITR.V,,3.859999895095825,3.859999895095825,3.859999895095825,3.859999895095825,100.0
2026-08-20 13:11:00,KFR.V,,1.2400000095367432,1.25,1.2400000095367432,1.25,8400.0
2026-08-20 13:11:00,LCX.V,,1.7899999618530273,1.7899999618530273,1.7899999618530273,1.7899999618530273,100.0
2026-08-20 13:11:00,LITH.V,,0.4300000071525574,0.4300000071525574,0.4300000071525574,0.4300000071525574,5500.0
2026-08-20 13:11:00,LUCA.V,,1.059999942779541,1.059999942779541,1.0499999523162842,1.059999942779541,2500.0
2026-08-20 13:11:00,PNG.V,,5.889999866485596,5.889999866485596,5.880000114440918,5.889999866485596,6990.0
2026-08-20 13:12:00,BIG.V,,1.3250000476837158,1.3250000476837158,1.3250000476837158,1.3250000476837158,200.0
2026-08-20 13:12:00,EMM.V,,0.06499999761581421,0.06499999761581421,0.06499999761581421,0.06499999761581421,7000.0
2026-08-20 13:12:00,FWZ.V,,3.2249999046325684,3.2249999046325684,3.2249999046325684,3.2249999046325684,100.0
2026-08-20 13:12:00,GOT.V,,1.7300000190734863,1.7300000190734863,1.7300000190734863,1.7300000190734863,100.0
2026-08-20 13:12:00,GSVR.V,,0.6000000238418579,0.6000000238418579,0.6000000238418579,0.6000000238418579,5500.0
2026-08-20 13:12:00,INTR.V,,0.8100000023841858,0.8100000023841858,0.8100000023841858,0.8100000023841858,500.0
2026-08-20 13:12:00,ITR.V,,3.859999895095825,3.859999895095825,3.859999895095825,3.859999895095825,100.0
2026-08-20 13:12:00,KTN.V,,1.3600000143051147,1.3600000143051147,1.3600000143051147,1.3600000143051147,200.0
2026-08-20 13:12:00,KTO.V,,0.8700000047683716,0.8700000047683716,0.8700000047683716,0.8700000047683716,10000.0
2026-08-20 13:12:00,LIO.V,,0.20499999821186066,0.20499999821186066,0.20250000059604645,0.20250000059604645,17090.0
2026-08-20 13:12:00,LTH.V,,0.6299999952316284,0.6299999952316284,0.6299999952316284,0.6299999952316284,500.0
2026-08-20 13:12:00,LUCA.V,,1.059999942779541,1.059999942779541,1.059999942779541,1.059999942779541,500.0
2026-08-20 13:12:00,NURS.V,,4.025000095367432,4.025000095367432,4.025000095367432,4.025000095367432,800.0
2026-08-20 13:12:00,PNG.V,,5.889999866485596,5.889999866485596,5.889999866485596,5.889999866485596,300.0
2026-08-20 13:13:00,BIG.V,,1.3250000476837158,1.3250000476837158,1.3250000476837158,1.3250000476837158,200.0
2026-08-20 13:13:00,FDR.V,,6.090000152587891,6.090000152587891,6.090000152587891,6.090000152587891,100.0
2026-08-20 13:13:00,GLAD.V,,2.7699999809265137,2.7699999809265137,2.7699999809265137,2.7699999809265137,100.0
2026-08-20 13:13:00,GPAC.V,,0.36000001430511475,0.36000001430511475,0.36000001430511475,0.36000001430511475,500.0
2026-08-20 13:13:00,GRSL.V,,0.4300000071525574,0.4300000071525574,0.4300000071525574,0.4300000071525574,4500.0
2026-08-20 13:13:00,GSI.V,,1.7300000190734863,1.7300000190734863,1.7300000190734863,1.7300000190734863,100.0
2026-08-20 13:13:00,GSVR.V,,0.6000000238418579,0.6000000238418579,0.6000000238418579,0.6000000238418579,10500.0
2026-08-20 13:13:00,GWM.V,,0.6000000238418579,0.6000000238418579,0.6000000238418579,0.6000000238418579,500.0
2026-08-20 13:13:00,HSTR.V,,2.309999942779541,2.309999942779541,2.309999942779541,2.309999942779541,100.0
2026-08-20 13:13:00,LMN.V,,24.6299991607666,24.6299991607666,24.6299991607666,24.6299991607666,600.0
2026-08-20 13:13:00,LUCA.V,,1.059999942779541,1.059999942779541,1.059999942779541,1.059999942779541,400.0
2026-08-20 13:13:00,MKO.V,,14.140000343322754,14.140000343322754,14.140000343322754,14.140000343322754,200.0
2026-08-20 13:13:00,MLP.V,,2.799999952316284,2.799999952316284,2.799999952316284,2.799999952316284,100.0
2026-08-20 13:14:00,BIG.V,,1.3250000476837158,1.3250000476837158,1.3250000476837158,1.3250000476837158,200.0
2026-08-20 13:14:00,FUU.V,,0.15000000596046448,0.15000000596046448,0.15000000596046448,0.15000000596046448,2500.0
2026-08-20 13:14:00,FWZ.V,,3.2249999046325684,3.2249999046325684,3.2249999046325684,3.2249999046325684,100.0
2026-08-20 13:14:00,GOT.V,,1.7300000190734863,1.7300000190734863,1.7300000190734863,1.7300000190734863,200.0
2026-08-20 13:14:00,GQC.V,,1.0099999904632568,1.0099999904632568,1.0099999904632568,1.0099999904632568,1501.0
2026-08-20 13:14:00,GSVR.V,,0.6000000238418579,0.6000000238418579,0.6000000238418579,0.6000000238418579,7000.0
2026-08-20 13:14:00,HME.V,,2.7100000381469727,2.7100000381469727,2.7100000381469727,2.7100000381469727,100.0
2026-08-20 13:14:00,HSTR.V,,2.309999942779541,2.309999942779541,2.309999942779541,2.309999942779541,100.0
2026-08-20 13:14:00,ITR.V,,3.859999895095825,3.859999895095825,3.859999895095825,3.859999895095825,100.0
2026-08-20 13:14:00,LITH.V,,0.4300000071525574,0.4300000071525574,0.4300000071525574,0.4300000071525574,500.0
2026-08-20 13:14:00,LPS.V,,0.25,0.25,0.25,0.25,5815.0
2026-08-20 13:14:00,LUCA.V,,1.059999942779541,1.059999942779541,1.059999942779541,1.059999942779541,600.0
2026-08-20 13:14:00,NURS.V,,4.019999980926514,4.019999980926514,4.019999980926514,4.019999980926514,600.0
2026-08-20 13:15:00,BIG.V,,1.3250000476837158,1.3250000476837158,1.3250000476837158,1.3250000476837158,200.0
2026-08-20 13:15:00,FDR.V,,6.079999923706055,6.090000152587891,6.079999923706055,6.079999923706055,800.0
2026-08-20 13:15:00,FIN.V,,0.08500000089406967,0.08500000089406967,0.08500000089406967,0.08500000089406967,5000.0
2026-08-20 13:15:00,GG.V,,3.0199999809265137,3.0199999809265137,3.009999990463257,3.009999990463257,800.0
2026-08-20 13:15:00,GOT.V,,1.7300000190734863,1.7300000190734863,1.7300000190734863,1.7300000190734863,200.0
2026-08-20 13:15:00,GSI.V,,1.7300000190734863,1.7300000190734863,1.7300000190734863,1.7300000190734863,100.0
2026-08-20 13:15:00,GSVR.V,,0.6000000238418579,0.6000000238418579,0.6000000238418579,0.6000000238418579,5500.0
2026-08-20 13:15:00,GWM.V,,0.6000000238418579,0.6000000238418579,0.6000000238418579,0.6000000238418579,500.0
2026-08-20 13:15:00,HME.V,,2.7100000381469727,2.7100000381469727,2.7100000381469727,2.7100000381469727,500.0
2026-08-20 13:15:00,HSTR.V,,2.299999952316284,2.299999952316284,2.299999952316284,2.299999952316284,100.0
2026-08-20 13:15:00,ITR.V,,3.859999895095825,3.859999895095825,3.859999895095825,3.859999895095825,100.0
2026-08-20 13:15:00,KFR.V,,1.2300000190734863,1.2300000190734863,1.2300000190734863,1.2300000190734863,57100.0
2026-08-20 13:15:00,LITH.V,,0.4300000071525574,0.4300000071525574,0.4300000071525574,0.4300000071525574,20500.0
2026-08-20 13:15:00,LUCA.V,,1.059999942779541,1.059999942779541,1.059999942779541,1.059999942779541,400.0
2026-08-20 13:16:00,BIG.V,,1.3250000476837158,1.3250000476837158,1.3250000476837158,1.3250000476837158,2400.0
2026-08-20 13:16:00,FDR.V,,6.090000152587891,6.090000152587891,6.079999923706055,6.079999923706055,1000.0
2026-08-20 13:16:00,GG.V,,3.0199999809265137,3.0199999809265137,3.0199999809265137,3.0199999809265137,2400.0
2026-08-20 13:16:00,GSI.V,,1.7300000190734863,1.7300000190734863,1.7300000190734863,1.7300000190734863,100.0
2026-08-20 13:16:00,GSVR.V,,0.6000000238418579,0.6000000238418579,0.6000000238418579,0.6000000238418579,2000.0
2026-08-20 13:16:00,HME.V,,2.7100000381469727,2.7100000381469727,2.7100000381469727,2.7100000381469727,100.0
2026-08-20 13:16:00,HSTR.V,,2.309999942779541,2.309999942779541,2.299999952316284,2.299999952316284,200.0
2026-08-20 13:16:00,KLDC.V,,0.27000001072883606,0.27000001072883606,0.27000001072883606,0.27000001072883606,500.0
2026-08-20 13:16:00,LCX.V,,1.7899999618530273,1.7899999618530273,1.7899999618530273,1.7899999618530273,100.0
2026-08-20 13:16:00,LGC.V,,3.049999952316284,3.049999952316284,3.049999952316284,3.049999952316284,100.0
2026-08-20 13:16:00,LMN.V,,24.600000381469727,24.600000381469727,24.600000381469727,24.600000381469727,100.0
2026-08-20 13:16:00,LUCA.V,,1.0549999475479126,1.0549999475479126,1.0549999475479126,1.0549999475479126,100.0
2026-08-20 13:16:00,MGM.V,,2.869999885559082,2.869999885559082,2.869999885559082,2.869999885559082,100.0
2026-08-20 13:16:00,MKO.V,,14.109999656677246,14.109999656677246,14.109999656677246,14.109999656677246,300.0
2026-08-20 13:16:00,MLP.V,,2.799999952316284,2.809999942779541,2.799999952316284,2.799999952316284,1900.0
2026-08-20 13:16:00,MTA.V,,15.329999923706055,15.329999923706055,15.329999923706055,15.329999923706055,100.0
2026-08-20 13:17:00,BIG.V,,1.3250000476837158,1.3250000476837158,1.3250000476837158,1.3250000476837158,200.0
2026-08-20 13:17:00,FUU.V,,0.14499999582767487,0.14499999582767487,0.14499999582767487,0.14499999582767487,500.0
2026-08-20 13:17:00,FWZ.V,,3.2249999046325684,3.2249999046325684,3.2249999046325684,3.2249999046325684,100.0
2026-08-20 13:17:00,GFG.V,,0.22499999403953552,0.22499999403953552,0.22499999403953552,0.22499999403953552,1000.0
2026-08-20 13:17:00,GG.V,,3.0399999618530273,3.0399999618530273,3.0399999618530273,3.0399999618530273,5000.0
2026-08-20 13:17:00,GOT.V,,1.7300000190734863,1.7300000190734863,1.7300000190734863,1.7300000190734863,100.0
2026-08-20 13:17:00,GSVR.V,,0.6000000238418579,0.6000000238418579,0.6000000238418579,0.6000000238418579,5500.0
2026-08-20 13:17:00,ITR.V,,3.859999895095825,3.859999895095825,3.859999895095825,3.859999895095825,400.0
2026-08-20 13:17:00,LGC.V,,2.990000009536743,2.990000009536743,2.990000009536743,2.990000009536743,500.0
2026-08-20 13:17:00,LIO.V,,0.20000000298023224,0.20000000298023224,0.20000000298023224,0.20000000298023224,100300.0
2026-08-20 13:17:00,LMN.V,,24.600000381469727,24.6200008392334,24.600000381469727,24.6200008392334,300.0
2026-08-20 13:17:00,LTH.V,,0.6299999952316284,0.6299999952316284,0.6299999952316284,0.6299999952316284,500.0
2026-08-20 13:17:00,NURS.V,,4.019999980926514,4.019999980926514,4.019999980926514,4.019999980926514,2100.0
2026-08-20 13:17:00,PNG.V,,5.889999866485596,5.889999866485596,5.889999866485596,5.889999866485596,600.0
2026-08-20 13:18:00,BIG.V,,1.3250000476837158,1.3250000476837158,1.3250000476837158,1.3250000476837158,100.0
2026-08-20 13:18:00,EMM.V,,0.06499999761581421,0.06499999761581421,0.06499999761581421,0.06499999761581421,11000.0
2026-08-20 13:18:00,GAL.V,,0.5299999713897705,0.5299999713897705,0.5299999713897705,0.5299999713897705,500.0
2026-08-20 13:18:00,GOT.V,,1.7300000190734863,1.7300000190734863,1.7300000190734863,1.7300000190734863,200.0
2026-08-20 13:18:00,GQC.V,,1.0299999713897705,1.0299999713897705,1.0299999713897705,1.0299999713897705,2000.0
2026-08-20 13:18:00,GSI.V,,1.7300000190734863,1.7300000190734863,1.7300000190734863,1.7300000190734863,100.0
2026-08-20 13:18:00,GSVR.V,,0.6000000238418579,0.6000000238418579,0.6000000238418579,0.6000000238418579,2000.0
2026-08-20 13:18:00,GWM.V,,0.6000000238418579,0.6000000238418579,0.6000000238418579,0.6000000238418579,500.0
2026-08-20 13:18:00,ITR.V,,3.869999885559082,3.869999885559082,3.859999895095825,3.859999895095825,41100.0
2026-08-20 13:18:00,KFR.V,,1.25,1.25,1.25,1.25,100.0
2026-08-20 13:18:00,KLDC.V,,0.27000001072883606,0.27000001072883606,0.27000001072883606,0.27000001072883606,1000.0
2026-08-20 13:18:00,LUCA.V,,1.0549999475479126,1.0549999475479126,1.0549999475479126,1.0549999475479126,100.0
2026-08-20 13:18:00,PNG.V,,5.880000114440918,5.880000114440918,5.880000114440918,5.880000114440918,3900.0
2026-08-20 13:19:00,BIG.V,,1.3200000524520874,1.3250000476837158,1.3200000524520874,1.3250000476837158,700.0
2026-08-20 13:19:00,EMM.V,,0.06499999761581421,0.06499999761581421,0.06499999761581421,0.06499999761581421,5000.0
2026-08-20 13:19:00,FWZ.V,,3.2249999046325684,3.2249999046325684,3.2249999046325684,3.2249999046325684,100.0
2026-08-20 13:19:00,GSVR.V,,0.6000000238418579,0.6000000238418579,0.6000000238418579,0.6000000238418579,5000.0
2026-08-20 13:19:00,IFOS.V,,2.2100000381469727,2.2100000381469727,2.2100000381469727,2.2100000381469727,100.0
2026-08-20 13:19:00,JG.V,,0.05999999865889549,0.05999999865889549,0.05999999865889549,0.05999999865889549,19000.0
2026-08-20 13:19:00,KFR.V,,1.25,1.25,1.25,1.25,400.0
2026-08-20 13:19:00,KLDC.V,,0.27000001072883606,0.27000001072883606,0.27000001072883606,0.27000001072883606,500.0
2026-08-20 13:19:00,MKO.V,,14.109999656677246,14.109999656677246,14.109999656677246,14.109999656677246,500.0
2026-08-20 13:19:00,MLP.V,,2.7899999618530273,2.7899999618530273,2.7899999618530273,2.7899999618530273,1000.0
2026-08-20 13:20:00,BIG.V,,1.3200000524520874,1.3200000524520874,1.3200000524520874,1.3200000524520874,4300.0
2026-08-20 13:20:00,GMA.V,,0.2549999952316284,0.2549999952316284,0.2549999952316284,0.2549999952316284,1000.0
2026-08-20 13:20:00,GOT.V,,1.725000023841858,1.7300000190734863,1.725000023841858,1.7300000190734863,16000.0
2026-08-20 13:20:00,GPAC.V,,0.36000001430511475,0.36000001430511475,0.36000001430511475,0.36000001430511475,500.0
2026-08-20 13:20:00,GSI.V,,1.7300000190734863,1.7300000190734863,1.7300000190734863,1.7300000190734863,100.0
2026-08-20 13:20:00,GSVR.V,,0.6000000238418579,0.6000000238418579,0.6000000238418579,0.6000000238418579,1500.0
2026-08-20 13:20:00,GWM.V,,0.6100000143051147,0.6100000143051147,0.6100000143051147,0.6100000143051147,500.0
2026-08-20 13:20:00,HSTR.V,,2.299999952316284,2.299999952316284,2.299999952316284,2.299999952316284,100.0
2026-08-20 13:20:00,KFR.V,,1.2599999904632568,1.2599999904632568,1.25,1.25,19900.0
2026-08-20 13:20:00,KTN.V,,1.3600000143051147,1.3600000143051147,1.3600000143051147,1.3600000143051147,100.0
2026-08-20 13:20:00,LUCA.V,,1.0549999475479126,1.0549999475479126,1.0549999475479126,1.0549999475479126,100.0
2026-08-20 13:20:00,MLP.V,,2.799999952316284,2.799999952316284,2.799999952316284,2.799999952316284,100.0
2026-08-20 13:21:00,BIG.V,,1.3200000524520874,1.3200000524520874,1.3200000524520874,1.3200000524520874,100.0
2026-08-20 13:21:00,FDR.V,,6.090000152587891,6.090000152587891,6.090000152587891,6.090000152587891,100.0
2026-08-20 13:21:00,FWZ.V,,3.240000009536743,3.240000009536743,3.2249999046325684,3.2249999046325684,34200.0
2026-08-20 13:21:00,GLAD.V,,2.7300000190734863,2.7300000190734863,2.7300000190734863,2.7300000190734863,700.0
2026-08-20 13:21:00,GQC.V,,1.0299999713897705,1.0299999713897705,1.0299999713897705,1.0299999713897705,1000.0
2026-08-20 13:21:00,GSVR.V,,0.6000000238418579,0.6000000238418579,0.6000000238418579,0.6000000238418579,5000.0
2026-08-20 13:21:00,GWM.V,,0.6100000143051147,0.6100000143051147,0.6100000143051147,0.6100000143051147,500.0
2026-08-20 13:21:00,HI.V,,0.14000000059604645,0.14000000059604645,0.14000000059604645,0.14000000059604645,8000.0
2026-08-20 13:21:00,HITI.V,,3.375,3.380000114440918,3.375,3.380000114440918,200.0
2026-08-20 13:21:00,JG.V,,0.05999999865889549,0.05999999865889549,0.05999999865889549,0.05999999865889549,6000.0
2026-08-20 13:21:00,KFR.V,,1.25,1.2699999809265137,1.25,1.2599999904632568,1800.0
2026-08-20 13:21:00,LIFT.V,,2.690000057220459,2.690000057220459,2.690000057220459,2.690000057220459,100.0
2026-08-20 13:21:00,LUCA.V,,1.0549999475479126,1.0549999475479126,1.0549999475479126,1.0549999475479126,400.0
2026-08-20 13:21:00,MKO.V,,14.149999618530273,14.149999618530273,14.130000114440918,14.130000114440918,400.0
2026-08-20 13:21:00,MLP.V,,2.799999952316284,2.799999952316284,2.799999952316284,2.799999952316284,500.0
2026-08-20 13:21:00,NURS.V,,4.019999980926514,4.019999980926514,4.019999980926514,4.019999980926514,100.0
2026-08-20 13:21:00,PNG.V,,5.880000114440918,5.880000114440918,5.880000114440918,5.880000114440918,500.0
2026-08-20 13:22:00,BIG.V,,1.3200000524520874,1.3200000524520874,1.3200000524520874,1.3200000524520874,200.0
2026-08-20 13:22:00,FWZ.V,,3.25,3.25,3.25,3.25,100.0
2026-08-20 13:22:00,GFG.V,,0.23000000417232513,0.23000000417232513,0.23000000417232513,0.23000000417232513,1000.0
2026-08-20 13:22:00,GLAD.V,,2.740000009536743,2.740000009536743,2.740000009536743,2.740000009536743,900.0
2026-08-20 13:22:00,GOT.V,,1.725000023841858,1.725000023841858,1.725000023841858,1.725000023841858,100.0
2026-08-20 13:22:00,GSVR.V,,0.6000000238418579,0.6000000238418579,0.6000000238418579,0.6000000238418579,2500.0
2026-08-20 13:22:00,GWM.V,,0.6100000143051147,0.6100000143051147,0.6100000143051147,0.6100000143051147,500.0
2026-08-20 13:22:00,HITI.V,,3.380000114440918,3.380000114440918,3.380000114440918,3.380000114440918,300.0
2026-08-20 13:22:00,HME.V,,2.7049999237060547,2.7049999237060547,2.7049999237060547,2.7049999237060547,100.0
2026-08-20 13:22:00,LCX.V,,1.7899999618530273,1.7899999618530273,1.7899999618530273,1.7899999618530273,100.0
2026-08-20 13:22:00,LTH.V,,0.6299999952316284,0.6299999952316284,0.6299999952316284,0.6299999952316284,500.0
2026-08-20 13:22:00,LUCA.V,,1.059999942779541,1.059999942779541,1.059999942779541,1.059999942779541,100.0
2026-08-20 13:22:00,MFG.V,,4.150000095367432,4.150000095367432,4.150000095367432,4.150000095367432,300.0
2026-08-20 13:22:00,PNG.V,,5.880000114440918,5.880000114440918,5.880000114440918,5.880000114440918,100.0
2026-08-20 13:23:00,BIG.V,,1.3200000524520874,1.3200000524520874,1.3200000524520874,1.3200000524520874,100.0
2026-08-20 13:23:00,FDR.V,,6.090000152587891,6.090000152587891,6.090000152587891,6.090000152587891,700.0
2026-08-20 13:23:00,FWZ.V,,3.240000009536743,3.240000009536743,3.240000009536743,3.240000009536743,100.0
2026-08-20 13:23:00,GOT.V,,1.725000023841858,1.725000023841858,1.725000023841858,1.725000023841858,100.0
2026-08-20 13:23:00,GSI.V,,1.7300000190734863,1.7300000190734863,1.7300000190734863,1.7300000190734863,100.0
2026-08-20 13:23:00,GSVR.V,,0.6000000238418579,0.6000000238418579,0.6000000238418579,0.6000000238418579,1500.0
2026-08-20 13:23:00,KTO.V,,0.8700000047683716,0.8700000047683716,0.8700000047683716,0.8700000047683716,20000.0
2026-08-20 13:23:00,LIO.V,,0.20000000298023224,0.20000000298023224,0.20000000298023224,0.20000000298023224,1000.0
2026-08-20 13:23:00,LMS.V,,0.25999999046325684,0.25999999046325684,0.25999999046325684,0.25999999046325684,26000.0
2026-08-20 13:23:00,LUCA.V,,1.059999942779541,1.059999942779541,1.059999942779541,1.059999942779541,100.0
2026-08-20 13:23:00,MGM.V,,2.869999885559082,2.869999885559082,2.869999885559082,2.869999885559082,100.0
2026-08-20 13:23:00,PNG.V,,5.869999885559082,5.880000114440918,5.869999885559082,5.880000114440918,8000.0
2026-08-20 13:23:00,TUF.V,,0.7049999833106995,0.7049999833106995,0.7049999833106995,0.7049999833106995,2435.0
2026-08-20 13:24:00,BIG.V,,1.3200000524520874,1.3200000524520874,1.3200000524520874,1.3200000524520874,100.0
2026-08-20 13:24:00,FWZ.V,,3.25,3.25,3.25,3.25,100.0
2026-08-20 13:24:00,GOT.V,,1.725000023841858,1.725000023841858,1.725000023841858,1.725000023841858,600.0
2026-08-20 13:24:00,GPH.V,,1.0099999904632568,1.0099999904632568,1.0099999904632568,1.0099999904632568,11000.0
2026-08-20 13:24:00,GSVR.V,,0.6000000238418579,0.6000000238418579,0.6000000238418579,0.6000000238418579,2500.0
2026-08-20 13:24:00,HSTR.V,,2.315000057220459,2.3299999237060547,2.299999952316284,2.299999952316284,27800.0
2026-08-20 13:24:00,ITR.V,,3.869999885559082,3.869999885559082,3.869999885559082,3.869999885559082,500.0
2026-08-20 13:24:00,KTN.V,,1.3600000143051147,1.3600000143051147,1.3600000143051147,1.3600000143051147,100.0
2026-08-20 13:24:00,LMN.V,,24.6299991607666,24.649999618530273,24.6299991607666,24.649999618530273,300.0
2026-08-20 13:24:00,LUCA.V,,1.059999942779541,1.059999942779541,1.059999942779541,1.059999942779541,100.0
2026-08-20 13:24:00,MEK.V,,0.04500000178813934,0.04500000178813934,0.04500000178813934,0.04500000178813934,421000.0
2026-08-20 13:24:00,MLP.V,,2.799999952316284,2.799999952316284,2.799999952316284,2.799999952316284,100.0
2026-08-20 13:24:00,NURS.V,,4.019999980926514,4.019999980926514,4.019999980926514,4.019999980926514,100.0
2026-08-20 13:24:00,PNG.V,,5.869999885559082,5.869999885559082,5.869999885559082,5.869999885559082,241.0
2026-08-20 13:25:00,BIG.V,,1.3200000524520874,1.3200000524520874,1.3200000524520874,1.3200000524520874,100.0
2026-08-20 13:25:00,FWZ.V,,3.25,3.25,3.240000009536743,3.240000009536743,200.0
2026-08-20 13:25:00,GOT.V,,1.725000023841858,1.725000023841858,1.725000023841858,1.725000023841858,300.0
2026-08-20 13:25:00,GSI.V,,1.7300000190734863,1.7300000190734863,1.7300000190734863,1.7300000190734863,100.0
2026-08-20 13:25:00,GSVR.V,,0.6000000238418579,0.6000000238418579,0.6000000238418579,0.6000000238418579,5000.0
2026-08-20 13:25:00,GWM.V,,0.6100000143051147,0.6100000143051147,0.6100000143051147,0.6100000143051147,2000.0
2026-08-20 13:25:00,HITI.V,,3.384999990463257,3.384999990463257,3.384999990463257,3.384999990463257,100.0
2026-08-20 13:25:00,HSTR.V,,2.319999933242798,2.319999933242798,2.319999933242798,2.319999933242798,800.0
2026-08-20 13:25:00,ITR.V,,3.869999885559082,3.869999885559082,3.869999885559082,3.869999885559082,330.0
2026-08-20 13:25:00,KTN.V,,1.3600000143051147,1.3600000143051147,1.3600000143051147,1.3600000143051147,534.0
2026-08-20 13:25:00,LUCA.V,,1.0499999523162842,1.0499999523162842,1.0499999523162842,1.0499999523162842,100.0
2026-08-20 13:25:00,MMG.V,,0.24500000476837158,0.24500000476837158,0.24500000476837158,0.24500000476837158,1000.0
2026-08-20 13:25:00,NURS.V,,4.03000020980835,4.03000020980835,4.03000020980835,4.03000020980835,300.0
2026-08-20 13:25:00,PNG.V,,5.869999885559082,5.869999885559082,5.869999885559082,5.869999885559082,200.0
2026-08-20 13:26:00,BIG.V,,1.3200000524520874,1.3200000524520874,1.3200000524520874,1.3200000524520874,100.0
2026-08-20 13:26:00,FWZ.V,,3.25,3.25,3.240000009536743,3.240000009536743,400.0
2026-08-20 13:26:00,GOT.V,,1.725000023841858,1.725000023841858,1.725000023841858,1.725000023841858,100.0
2026-08-20 13:26:00,GSVR.V,,0.6000000238418579,0.6000000238418579,0.6000000238418579,0.6000000238418579,11500.0
2026-08-20 13:26:00,GWM.V,,0.6150000095367432,0.6150000095367432,0.6150000095367432,0.6150000095367432,6000.0
2026-08-20 13:26:00,HME.V,,2.690000057220459,2.700000047683716,2.690000057220459,2.700000047683716,13600.0
2026-08-20 13:26:00,ITR.V,,3.869999885559082,3.869999885559082,3.869999885559082,3.869999885559082,100.0
2026-08-20 13:26:00,KFR.V,,1.25,1.2599999904632568,1.25,1.2599999904632568,300.0
2026-08-20 13:26:00,KRY.V,,3.4700000286102295,3.4700000286102295,3.4700000286102295,3.4700000286102295,600.0
2026-08-20 13:26:00,LTH.V,,0.6299999952316284,0.6299999952316284,0.6299999952316284,0.6299999952316284,500.0
2026-08-20 13:26:00,MLP.V,,2.809999942779541,2.809999942779541,2.809999942779541,2.809999942779541,516.0
2026-08-20 13:26:00,MMG.V,,0.24500000476837158,0.24500000476837158,0.24500000476837158,0.24500000476837158,3000.0
2026-08-20 13:26:00,NURS.V,,4.03000020980835,4.03000020980835,4.03000020980835,4.03000020980835,600.0
2026-08-20 13:26:00,PNG.V,,5.860000133514404,5.869999885559082,5.860000133514404,5.869999885559082,2002.0
2026-08-20 13:26:00,TUF.V,,0.699999988079071,0.699999988079071,0.699999988079071,0.699999988079071,114500.0
2026-08-20 13:27:00,BIG.V,,1.3200000524520874,1.3200000524520874,1.3200000524520874,1.3200000524520874,100.0
2026-08-20 13:27:00,FOBI.V,,0.03999999910593033,0.03999999910593033,0.03999999910593033,0.03999999910593033,51000.0
2026-08-20 13:27:00,FWZ.V,,3.240000009536743,3.240000009536743,3.240000009536743,3.240000009536743,100.0
2026-08-20 13:27:00,GAL.V,,0.5199999809265137,0.5249999761581421,0.5199999809265137,0.5249999761581421,5000.0
2026-08-20 13:27:00,GOT.V,,1.7300000190734863,1.7300000190734863,1.725000023841858,1.725000023841858,1600.0
2026-08-20 13:27:00,GSI.V,,1.7300000190734863,1.7300000190734863,1.7300000190734863,1.7300000190734863,100.0
2026-08-20 13:27:00,GSVR.V,,0.6000000238418579,0.6000000238418579,0.6000000238418579,0.6000000238418579,1000.0
2026-08-20 13:27:00,GWM.V,,0.6100000143051147,0.6100000143051147,0.6100000143051147,0.6100000143051147,500.0
2026-08-20 13:27:00,HME.V,,2.684999942779541,2.684999942779541,2.684999942779541,2.684999942779541,100.0
2026-08-20 13:27:00,HSTR.V,,2.319999933242798,2.319999933242798,2.319999933242798,2.319999933242798,200.0
2026-08-20 13:27:00,KFR.V,,1.2599999904632568,1.2599999904632568,1.25,1.25,600.0
2026-08-20 13:27:00,KTN.V,,1.3600000143051147,1.3600000143051147,1.3600000143051147,1.3600000143051147,100.0
2026-08-20 13:27:00,LAB.V,,0.05999999865889549,0.05999999865889549,0.05999999865889549,0.05999999865889549,20000.0
2026-08-20 13:27:00,LUCA.V,,1.0499999523162842,1.0499999523162842,1.0499999523162842,1.0499999523162842,100.0
2026-08-20 13:27:00,MTA.V,,15.3100004196167,15.3100004196167,15.3100004196167,15.3100004196167,100.0
2026-08-20 13:27:00,PNG.V,,5.860000133514404,5.860000133514404,5.860000133514404,5.860000133514404,1300.0
2026-08-20 13:28:00,BIG.V,,1.3200000524520874,1.3200000524520874,1.3200000524520874,1.3200000524520874,2300.0
2026-08-20 13:28:00,FWZ.V,,3.25,3.25,3.25,3.25,200.0
2026-08-20 13:28:00,GSVR.V,,0.6000000238418579,0.6000000238418579,0.6000000238418579,0.6000000238418579,1000.0
2026-08-20 13:28:00,HSTR.V,,2.319999933242798,2.3299999237060547,2.319999933242798,2.319999933242798,1500.0
2026-08-20 13:28:00,KFR.V,,1.25,1.2599999904632568,1.25,1.25,500.0
2026-08-20 13:28:00,LCX.V,,1.7899999618530273,1.7899999618530273,1.7899999618530273,1.7899999618530273,100.0
2026-08-20 13:28:00,LG.V,,0.39500001072883606,0.39500001072883606,0.39500001072883606,0.39500001072883606,24500.0
2026-08-20 13:28:00,LMN.V,,24.6299991607666,24.6299991607666,24.6299991607666,24.6299991607666,100.0
2026-08-20 13:28:00,NURS.V,,4.019999980926514,4.019999980926514,4.019999980926514,4.019999980926514,100.0
2026-08-20 13:28:00,PNG.V,,5.860000133514404,5.860000133514404,5.860000133514404,5.860000133514404,725.0
2026-08-20 13:29:00,BIG.V,,1.3200000524520874,1.3250000476837158,1.3200000524520874,1.3250000476837158,3200.0
2026-08-20 13:29:00,FL.V,,0.41999998688697815,0.41999998688697815,0.41999998688697815,0.41999998688697815,11907.0
2026-08-20 13:29:00,FWZ.V,,3.240000009536743,3.25,3.240000009536743,3.25,200.0
2026-08-20 13:29:00,GLAD.V,,2.7699999809265137,2.7699999809265137,2.7699999809265137,2.7699999809265137,100.0
2026-08-20 13:29:00,GOT.V,,1.7300000190734863,1.7300000190734863,1.7300000190734863,1.7300000190734863,400.0
2026-08-20 13:29:00,GSVR.V,,0.6000000238418579,0.6000000238418579,0.6000000238418579,0.6000000238418579,1000.0
2026-08-20 13:29:00,GWM.V,,0.6150000095367432,0.6150000095367432,0.6150000095367432,0.6150000095367432,1000.0
2026-08-20 13:29:00,HME.V,,2.690000057220459,2.690000057220459,2.684999942779541,2.684999942779541,2700.0
2026-08-20 13:29:00,HSTR.V,,2.325000047683716,2.325000047683716,2.325000047683716,2.325000047683716,1100.0
2026-08-20 13:29:00,KFR.V,,1.25,1.2599999904632568,1.25,1.25,500.0
2026-08-20 13:29:00,MFG.V,,4.150000095367432,4.150000095367432,4.150000095367432,4.150000095367432,500.0
2026-08-20 13:29:00,MKO.V,,14.149999618530273,14.149999618530273,14.149999618530273,14.149999618530273,100.0
2026-08-20 13:29:00,NURS.V,,4.03000020980835,4.03000020980835,4.03000020980835,4.03000020980835,800.0
2026-08-20 13:30:00,BIG.V,,1.3200000524520874,1.3200000524520874,1.3200000524520874,1.3200000524520874,100.0
2026-08-20 13:30:00,EMM.V,,0.06499999761581421,0.06499999761581421,0.06499999761581421,0.06499999761581421,11000.0
2026-08-20 13:30:00,FOR.V,,0.7099999785423279,0.7099999785423279,0.7099999785423279,0.7099999785423279,2500.0
2026-08-20 13:30:00,FWZ.V,,3.25,3.25,3.25,3.25,100.0
2026-08-20 13:30:00,GOT.V,,1.7300000190734863,1.7300000190734863,1.7300000190734863,1.7300000190734863,200.0
2026-08-20 13:30:00,GSI.V,,1.7300000190734863,1.7300000190734863,1.7300000190734863,1.7300000190734863,100.0
2026-08-20 13:30:00,GSVR.V,,0.6000000238418579,0.6000000238418579,0.6000000238418579,0.6000000238418579,1000.0
2026-08-20 13:30:00,GWM.V,,0.6100000143051147,0.6100000143051147,0.6100000143051147,0.6100000143051147,500.0
2026-08-20 13:30:00,HITI.V,,3.369999885559082,3.380000114440918,3.369999885559082,3.380000114440918,1300.0
2026-08-20 13:30:00,HME.V,,2.700000047683716,2.700000047683716,2.700000047683716,2.700000047683716,100.0
2026-08-20 13:30:00,HPL.V,,0.3199999928474426,0.3199999928474426,0.3199999928474426,0.3199999928474426,10100.0
2026-08-20 13:30:00,HSTR.V,,2.319999933242798,2.325000047683716,2.319999933242798,2.325000047683716,1100.0
2026-08-20 13:30:00,JG.V,,0.06499999761581421,0.06499999761581421,0.06499999761581421,0.06499999761581421,24000.0
2026-08-20 13:30:00,KFR.V,,1.2599999904632568,1.2599999904632568,1.25,1.25,300.0
2026-08-20 13:30:00,KLDC.V,,0.27000001072883606,0.27000001072883606,0.27000001072883606,0.27000001072883606,3500.0
2026-08-20 13:30:00,LCX.V,,1.7899999618530273,1.7899999618530273,1.7899999618530273,1.7899999618530273,100.0
2026-08-20 13:30:00,LUCA.V,,1.059999942779541,1.059999942779541,1.059999942779541,1.059999942779541,100.0
2026-08-20 13:30:00,MFG.V,,4.159999847412109,4.159999847412109,4.159999847412109,4.159999847412109,100.0
2026-08-20 13:31:00,BIG.V,,1.3200000524520874,1.3200000524520874,1.3200000524520874,1.3200000524520874,100.0
2026-08-20 13:31:00,EMM.V,,0.06499999761581421,0.06499999761581421,0.06499999761581421,0.06499999761581421,4000.0
2026-08-20 13:31:00,FWZ.V,,3.240000009536743,3.25,3.240000009536743,3.25,200.0
2026-08-20 13:31:00,GOT.V,,1.7300000190734863,1.7300000190734863,1.7300000190734863,1.7300000190734863,100.0
2026-08-20 13:31:00,GSVR.V,,0.6000000238418579,0.6000000238418579,0.6000000238418579,0.6000000238418579,4000.0
2026-08-20 13:31:00,HME.V,,2.690000057220459,2.700000047683716,2.690000057220459,2.700000047683716,500.0
2026-08-20 13:31:00,HPL.V,,0.30000001192092896,0.3149999976158142,0.30000001192092896,0.3149999976158142,77000.0
2026-08-20 13:31:00,IGO.V,,0.15000000596046448,0.15000000596046448,0.15000000596046448,0.15000000596046448,15000.0
2026-08-20 13:31:00,KFR.V,,1.25,1.2599999904632568,1.25,1.2599999904632568,500.0
2026-08-20 13:31:00,KRY.V,,3.450000047683716,3.450000047683716,3.450000047683716,3.450000047683716,200.0
2026-08-20 13:31:00,KTN.V,,1.3600000143051147,1.3600000143051147,1.3600000143051147,1.3600000143051147,100.0
2026-08-20 13:31:00,LIO.V,,0.20250000059604645,0.20499999821186066,0.20000000298023224,0.20000000298023224,220500.0
2026-08-20 13:31:00,LITH.V,,0.42500001192092896,0.42500001192092896,0.42500001192092896,0.42500001192092896,500.0
2026-08-20 13:31:00,LMN.V,,24.639999389648438,24.639999389648438,24.639999389648438,24.639999389648438,200.0
2026-08-20 13:31:00,LTH.V,,0.6299999952316284,0.6299999952316284,0.6299999952316284,0.6299999952316284,500.0
2026-08-20 13:31:00,MMA.V,,0.6499999761581421,0.6499999761581421,0.6499999761581421,0.6499999761581421,500.0
2026-08-20 13:31:00,MTA.V,,15.329999923706055,15.329999923706055,15.329999923706055,15.329999923706055,100.0
2026-08-20 13:31:00,NURS.V,,4.034999847412109,4.034999847412109,4.034999847412109,4.034999847412109,1400.0
2026-08-20 13:32:00,EMM.V,,0.06499999761581421,0.06499999761581421,0.06499999761581421,0.06499999761581421,16000.0
2026-08-20 13:32:00,FWZ.V,,3.240000009536743,3.240000009536743,3.240000009536743,3.240000009536743,100.0
2026-08-20 13:32:00,GOT.V,,1.7300000190734863,1.7300000190734863,1.7300000190734863,1.7300000190734863,100.0
2026-08-20 13:32:00,GSI.V,,1.7300000190734863,1.7300000190734863,1.7300000190734863,1.7300000190734863,100.0
2026-08-20 13:32:00,GSVR.V,,0.6000000238418579,0.6000000238418579,0.6000000238418579,0.6000000238418579,1000.0
2026-08-20 13:32:00,GWM.V,,0.6100000143051147,0.6100000143051147,0.6100000143051147,0.6100000143051147,500.0
2026-08-20 13:32:00,HME.V,,2.690000057220459,2.690000057220459,2.690000057220459,2.690000057220459,200.0
2026-08-20 13:32:00,KFR.V,,1.25,1.25,1.25,1.25,400.0
2026-08-20 13:32:00,LCX.V,,1.7899999618530273,1.7899999618530273,1.7899999618530273,1.7899999618530273,100.0
2026-08-20 13:32:00,LIO.V,,0.20499999821186066,0.20499999821186066,0.20250000059604645,0.20499999821186066,73500.0
2026-08-20 13:32:00,MMA.V,,0.6499999761581421,0.6600000262260437,0.6499999761581421,0.6499999761581421,17500.0
2026-08-20 13:33:00,BIG.V,,1.3200000524520874,1.3200000524520874,1.3200000524520874,1.3200000524520874,200.0
2026-08-20 13:33:00,EMM.V,,0.06499999761581421,0.06499999761581421,0.06499999761581421,0.06499999761581421,4000.0
2026-08-20 13:33:00,FWZ.V,,3.259999990463257,3.259999990463257,3.240000009536743,3.240000009536743,4100.0
2026-08-20 13:33:00,GOT.V,,1.7300000190734863,1.7300000190734863,1.7300000190734863,1.7300000190734863,100.0
2026-08-20 13:33:00,GSVR.V,,0.6000000238418579,0.6000000238418579,0.6000000238418579,0.6000000238418579,3500.0
2026-08-20 13:33:00,HME.V,,2.690000057220459,2.690000057220459,2.690000057220459,2.690000057220459,200.0
2026-08-20 13:33:00,KFR.V,,1.25,1.25,1.25,1.25,400.0
2026-08-20 13:33:00,LUCA.V,,1.0499999523162842,1.0499999523162842,1.0499999523162842,1.0499999523162842,100.0
2026-08-20 13:33:00,MLP.V,,2.799999952316284,2.799999952316284,2.799999952316284,2.799999952316284,100.0
2026-08-20 13:34:00,BIG.V,,1.3200000524520874,1.3200000524520874,1.3200000524520874,1.3200000524520874,200.0
2026-08-20 13:34:00,EMM.V,,0.06499999761581421,0.06499999761581421,0.06499999761581421,0.06499999761581421,4000.0
2026-08-20 13:34:00,FDR.V,,6.090000152587891,6.099999904632568,6.090000152587891,6.099999904632568,200.0
2026-08-20 13:34:00,FWZ.V,,3.259999990463257,3.259999990463257,3.259999990463257,3.259999990463257,100.0
2026-08-20 13:34:00,GRSL.V,,0.4300000071525574,0.4300000071525574,0.4300000071525574,0.4300000071525574,1500.0
2026-08-20 13:34:00,GSVR.V,,0.6000000238418579,0.6000000238418579,0.6000000238418579,0.6000000238418579,1500.0
2026-08-20 13:34:00,HAR.V,,0.03999999910593033,0.03999999910593033,0.03999999910593033,0.03999999910593033,233000.0
2026-08-20 13:34:00,HITI.V,,3.384999990463257,3.384999990463257,3.380000114440918,3.380000114440918,600.0
2026-08-20 13:34:00,HME.V,,2.690000057220459,2.690000057220459,2.690000057220459,2.690000057220459,100.0
2026-08-20 13:34:00,IGO.V,,0.15000000596046448,0.15000000596046448,0.15000000596046448,0.15000000596046448,13000.0
2026-08-20 13:34:00,IPT.V,,0.3149999976158142,0.3149999976158142,0.3149999976158142,0.3149999976158142,541.0
2026-08-20 13:34:00,JG.V,,0.05999999865889549,0.05999999865889549,0.05999999865889549,0.05999999865889549,7000.0
2026-08-20 13:34:00,KFR.V,,1.25,1.25,1.25,1.25,300.0
2026-08-20 13:34:00,KLDC.V,,0.27000001072883606,0.27000001072883606,0.27000001072883606,0.27000001072883606,500.0
2026-08-20 13:34:00,KTN.V,,1.3600000143051147,1.3600000143051147,1.3600000143051147,1.3600000143051147,100.0
2026-08-20 13:34:00,LXE.V,,0.17000000178813934,0.17000000178813934,0.17000000178813934,0.17000000178813934,0.0
2026-08-20 13:35:00,FWZ.V,,3.244999885559082,3.244999885559082,3.244999885559082,3.244999885559082,100.0
2026-08-20 13:35:00,GOT.V,,1.7400000095367432,1.7400000095367432,1.7300000190734863,1.7300000190734863,4100.0
2026-08-20 13:35:00,GSVR.V,,0.6000000238418579,0.6000000238418579,0.6000000238418579,0.6000000238418579,1000.0
2026-08-20 13:35:00,HITI.V,,3.384999990463257,3.384999990463257,3.384999990463257,3.384999990463257,400.0
2026-08-20 13:35:00,HME.V,,2.690000057220459,2.690000057220459,2.690000057220459,2.690000057220459,100.0
2026-08-20 13:35:00,HSTR.V,,2.325000047683716,2.325000047683716,2.325000047683716,2.325000047683716,200.0
2026-08-20 13:35:00,KFR.V,,1.25,1.25,1.25,1.25,300.0
2026-08-20 13:35:00,LIO.V,,0.20499999821186066,0.20499999821186066,0.20499999821186066,0.20499999821186066,39000.0
2026-08-20 13:35:00,LMN.V,,24.59000015258789,24.6200008392334,24.59000015258789,24.6200008392334,960.0
2026-08-20 13:35:00,LTH.V,,0.6499999761581421,0.6499999761581421,0.6349999904632568,0.6349999904632568,16000.0
2026-08-20 13:35:00,MJS.V,,0.10000000149011612,0.10000000149011612,0.10000000149011612,0.10000000149011612,3000.0
2026-08-20 13:35:00,NURS.V,,4.034999847412109,4.034999847412109,4.034999847412109,4.034999847412109,100.0
2026-08-20 13:35:00,PNG.V,,5.869999885559082,5.869999885559082,5.864999771118164,5.864999771118164,8600.0
2026-08-20 13:36:00,BIG.V,,1.3200000524520874,1.3200000524520874,1.3200000524520874,1.3200000524520874,200.0
2026-08-20 13:36:00,EMM.V,,0.06499999761581421,0.06499999761581421,0.06499999761581421,0.06499999761581421,5000.0
2026-08-20 13:36:00,FDR.V,,6.099999904632568,6.099999904632568,6.090000152587891,6.099999904632568,3900.0
2026-08-20 13:36:00,FWZ.V,,3.259999990463257,3.259999990463257,3.25,3.25,1500.0
2026-08-20 13:36:00,GSVR.V,,0.5950000286102295,0.5950000286102295,0.5950000286102295,0.5950000286102295,500.0
2026-08-20 13:36:00,HME.V,,2.690000057220459,2.690000057220459,2.690000057220459,2.690000057220459,100.0
2026-08-20 13:36:00,HSTR.V,,2.3299999237060547,2.3299999237060547,2.325000047683716,2.325000047683716,300.0
2026-08-20 13:36:00,KFR.V,,1.2599999904632568,1.2599999904632568,1.25,1.25,300.0
2026-08-20 13:36:00,LIFT.V,,2.690000057220459,2.690000057220459,2.690000057220459,2.690000057220459,100.0
2026-08-20 13:36:00,LIO.V,,0.20499999821186066,0.20499999821186066,0.20499999821186066,0.20499999821186066,73000.0
2026-08-20 13:36:00,LUCA.V,,1.0499999523162842,1.0499999523162842,1.0499999523162842,1.0499999523162842,100.0
2026-08-20 13:36:00,TEST-H.V,,0.009999999776482582,0.009999999776482582,0.009999999776482582,0.009999999776482582,0.0
2026-08-20 13:37:00,FWZ.V,,3.2799999713897705,3.2799999713897705,3.2799999713897705,3.2799999713897705,19600.0
2026-08-20 13:37:00,GRDM.V,,0.14499999582767487,0.14499999582767487,0.14499999582767487,0.14499999582767487,4500.0
2026-08-20 13:37:00,GSVR.V,,0.5950000286102295,0.5950000286102295,0.5950000286102295,0.5950000286102295,1000.0
2026-08-20 13:37:00,HME.V,,2.690000057220459,2.690000057220459,2.690000057220459,2.690000057220459,100.0
2026-08-20 13:37:00,HSTR.V,,2.3299999237060547,2.3299999237060547,2.3299999237060547,2.3299999237060547,200.0
2026-08-20 13:37:00,ITR.V,,3.890000104904175,3.890000104904175,3.890000104904175,3.890000104904175,100.0
2026-08-20 13:37:00,KFR.V,,1.2599999904632568,1.2599999904632568,1.2599999904632568,1.2599999904632568,300.0
2026-08-20 13:37:00,KTN.V,,1.3600000143051147,1.3600000143051147,1.3600000143051147,1.3600000143051147,100.0
2026-08-20 13:37:00,MFG.V,,4.179999828338623,4.179999828338623,4.179999828338623,4.179999828338623,30324.0
2026-08-20 13:37:00,YGT.V,,0.20000000298023224,0.20000000298023224,0.20000000298023224,0.20000000298023224,1000.0
2026-08-20 13:38:00,FDR.V,,6.099999904632568,6.099999904632568,6.099999904632568,6.099999904632568,200.0
2026-08-20 13:38:00,GOT.V,,1.7350000143051147,1.7400000095367432,1.7350000143051147,1.7400000095367432,200.0
2026-08-20 13:38:00,GQC.V,,1.0199999809265137,1.0199999809265137,1.0199999809265137,1.0199999809265137,500.0
2026-08-20 13:38:00,GRSL.V,,0.42500001192092896,0.42500001192092896,0.42500001192092896,0.42500001192092896,1500.0
2026-08-20 13:38:00,GSVR.V,,0.5950000286102295,0.5950000286102295,0.5950000286102295,0.5950000286102295,1500.0
2026-08-20 13:38:00,HAM.V,,6.010000228881836,6.010000228881836,6.010000228881836,6.010000228881836,100.0
2026-08-20 13:38:00,HITI.V,,3.384999990463257,3.384999990463257,3.384999990463257,3.384999990463257,0.0
2026-08-20 13:38:00,HME.V,,2.690000057220459,2.690000057220459,2.690000057220459,2.690000057220459,100.0
2026-08-20 13:38:00,HSTR.V,,2.3299999237060547,2.3299999237060547,2.3299999237060547,2.3299999237060547,200.0
2026-08-20 13:38:00,KDK.V,,0.7900000214576721,0.7900000214576721,0.7900000214576721,0.7900000214576721,1000.0
2026-08-20 13:38:00,KFR.V,,1.2599999904632568,1.2599999904632568,1.2599999904632568,1.2599999904632568,200.0
2026-08-20 13:38:00,LIO.V,,0.20499999821186066,0.20499999821186066,0.20499999821186066,0.20499999821186066,1926.0
2026-08-20 13:38:00,LMN.V,,24.6200008392334,24.6200008392334,24.6200008392334,24.6200008392334,200.0
2026-08-20 13:38:00,MLP.V,,2.7899999618530273,2.7899999618530273,2.7899999618530273,2.7899999618530273,200.0
2026-08-20 13:38:00,PNG.V,,5.860000133514404,5.860000133514404,5.860000133514404,5.860000133514404,1000.0
2026-08-20 13:39:00,FDR.V,,6.099999904632568,6.099999904632568,6.099999904632568,6.099999904632568,900.0
2026-08-20 13:39:00,FWZ.V,,3.2799999713897705,3.2799999713897705,3.2799999713897705,3.2799999713897705,100.0
2026-08-20 13:39:00,GOT.V,,1.7400000095367432,1.7400000095367432,1.7400000095367432,1.7400000095367432,1000.0
2026-08-20 13:39:00,GSVR.V,,0.5950000286102295,0.5950000286102295,0.5950000286102295,0.5950000286102295,1393.0
2026-08-20 13:39:00,HITI.V,,3.384999990463257,3.384999990463257,3.384999990463257,3.384999990463257,34555.0
2026-08-20 13:39:00,HSTR.V,,2.3299999237060547,2.3299999237060547,2.3299999237060547,2.3299999237060547,300.0
2026-08-20 13:39:00,ITR.V,,3.890000104904175,3.890000104904175,3.890000104904175,3.890000104904175,700.0
2026-08-20 13:39:00,KFR.V,,1.2599999904632568,1.2599999904632568,1.2599999904632568,1.2599999904632568,300.0
2026-08-20 13:39:00,KRI.V,,0.23999999463558197,0.23999999463558197,0.23999999463558197,0.23999999463558197,5000.0
2026-08-20 13:39:00,LIO.V,,0.20499999821186066,0.20499999821186066,0.20499999821186066,0.20499999821186066,10000.0
2026-08-20 13:39:00,MKO.V,,14.199999809265137,14.199999809265137,14.199999809265137,14.199999809265137,141.0
2026-08-20 13:39:00,NURS.V,,4.03000020980835,4.03000020980835,4.03000020980835,4.03000020980835,100.0
2026-08-20 13:39:00,PNG.V,,5.840000152587891,5.860000133514404,5.840000152587891,5.860000133514404,5757.0
2026-08-20 13:40:00,BIG.V,,1.3200000524520874,1.3200000524520874,1.3200000524520874,1.3200000524520874,100.0
2026-08-20 13:40:00,FWZ.V,,3.2699999809265137,3.2699999809265137,3.2699999809265137,3.2699999809265137,200.0
2026-08-20 13:40:00,GSI.V,,1.7300000190734863,1.7300000190734863,1.7300000190734863,1.7300000190734863,200.0
2026-08-20 13:40:00,GSVR.V,,0.5950000286102295,0.5950000286102295,0.5950000286102295,0.5950000286102295,1500.0
2026-08-20 13:40:00,HAN.V,,0.8299999833106995,0.8299999833106995,0.8299999833106995,0.8299999833106995,500.0
2026-08-20 13:40:00,HME.V,,2.690000057220459,2.690000057220459,2.690000057220459,2.690000057220459,100.0
2026-08-20 13:40:00,HSTR.V,,2.3299999237060547,2.3299999237060547,2.3299999237060547,2.3299999237060547,300.0
2026-08-20 13:40:00,KFR.V,,1.2599999904632568,1.2599999904632568,1.2599999904632568,1.2599999904632568,300.0
2026-08-20 13:40:00,KLDC.V,,0.27000001072883606,0.27000001072883606,0.27000001072883606,0.27000001072883606,500.0
2026-08-20 13:40:00,KTN.V,,1.3600000143051147,1.3600000143051147,1.3600000143051147,1.3600000143051147,100.0
2026-08-20 13:40:00,LIO.V,,0.20499999821186066,0.20499999821186066,0.20499999821186066,0.20499999821186066,21000.0
2026-08-20 13:40:00,LMN.V,,24.559999465942383,24.559999465942383,24.559999465942383,24.559999465942383,100.0
2026-08-20 13:41:00,FWZ.V,,3.2699999809265137,3.2699999809265137,3.2699999809265137,3.2699999809265137,100.0
2026-08-20 13:41:00,GSVR.V,,0.5950000286102295,0.5950000286102295,0.5950000286102295,0.5950000286102295,1500.0
2026-08-20 13:41:00,GWM.V,,0.6000000238418579,0.6000000238418579,0.6000000238418579,0.6000000238418579,500.0
2026-08-20 13:41:00,HME.V,,2.690000057220459,2.690000057220459,2.690000057220459,2.690000057220459,100.0
2026-08-20 13:41:00,HSTR.V,,2.3299999237060547,2.3299999237060547,2.3299999237060547,2.3299999237060547,200.0
2026-08-20 13:41:00,KFR.V,,1.2599999904632568,1.2599999904632568,1.2599999904632568,1.2599999904632568,200.0
2026-08-20 13:42:00,EMM.V,,0.06499999761581421,0.07000000029802322,0.06499999761581421,0.06499999761581421,52000.0
2026-08-20 13:42:00,FWZ.V,,3.2699999809265137,3.2699999809265137,3.2699999809265137,3.2699999809265137,200.0
2026-08-20 13:42:00,GSVR.V,,0.5950000286102295,0.5950000286102295,0.5950000286102295,0.5950000286102295,1500.0
2026-08-20 13:42:00,HSTR.V,,2.3299999237060547,2.3299999237060547,2.3299999237060547,2.3299999237060547,300.0
2026-08-20 13:42:00,IGO.V,,0.15000000596046448,0.15000000596046448,0.15000000596046448,0.15000000596046448,50000.0
2026-08-20 13:42:00,KFR.V,,1.2599999904632568,1.2599999904632568,1.2599999904632568,1.2599999904632568,200.0
2026-08-20 13:42:00,LIO.V,,0.20499999821186066,0.20499999821186066,0.20499999821186066,0.20499999821186066,1000.0
2026-08-20 13:42:00,LTH.V,,0.6499999761581421,0.6499999761581421,0.6499999761581421,0.6499999761581421,1000.0
2026-08-20 13:42:00,LUCA.V,,1.0499999523162842,1.0499999523162842,1.0499999523162842,1.0499999523162842,100.0
2026-08-20 13:42:00,MD.V,,0.39500001072883606,0.39500001072883606,0.39500001072883606,0.39500001072883606,1000.0
2026-08-20 13:42:00,MLP.V,,2.7899999618530273,2.7899999618530273,2.7899999618530273,2.7899999618530273,100.0
2026-08-20 13:42:00,NURS.V,,4.03000020980835,4.03000020980835,4.03000020980835,4.03000020980835,100.0
2026-08-20 13:43:00,EMM.V,,0.06499999761581421,0.06499999761581421,0.06499999761581421,0.06499999761581421,10000.0
2026-08-20 13:43:00,FWZ.V,,3.2699999809265137,3.2699999809265137,3.2699999809265137,3.2699999809265137,200.0
2026-08-20 13:43:00,GSVR.V,,0.5950000286102295,0.5950000286102295,0.5950000286102295,0.5950000286102295,2000.0
2026-08-20 13:43:00,GWM.V,,0.6000000238418579,0.6000000238418579,0.6000000238418579,0.6000000238418579,500.0
2026-08-20 13:43:00,HME.V,,2.690000057220459,2.690000057220459,2.690000057220459,2.690000057220459,100.0
2026-08-20 13:43:00,HSTR.V,,2.3299999237060547,2.3299999237060547,2.3299999237060547,2.3299999237060547,100.0
2026-08-20 13:43:00,IGO.V,,0.15000000596046448,0.15000000596046448,0.15000000596046448,0.15000000596046448,38000.0
2026-08-20 13:43:00,KC.V,,0.28999999165534973,0.28999999165534973,0.28999999165534973,0.28999999165534973,20000.0
2026-08-20 13:43:00,KFR.V,,1.2599999904632568,1.2599999904632568,1.2599999904632568,1.2599999904632568,200.0
2026-08-20 13:43:00,KTN.V,,1.3600000143051147,1.3600000143051147,1.3600000143051147,1.3600000143051147,100.0
2026-08-20 13:43:00,PNG.V,,5.840000152587891,5.840000152587891,5.840000152587891,5.840000152587891,2946.0
2026-08-20 13:44:00,EMM.V,,0.06499999761581421,0.06499999761581421,0.06499999761581421,0.06499999761581421,8000.0
2026-08-20 13:44:00,FWZ.V,,3.2699999809265137,3.2799999713897705,3.2699999809265137,3.2799999713897705,200.0
2026-08-20 13:44:00,GLDN.V,,0.06499999761581421,0.06499999761581421,0.06499999761581421,0.06499999761581421,54000.0
2026-08-20 13:44:00,GPH.V,,1.0099999904632568,1.0099999904632568,1.0099999904632568,1.0099999904632568,2200.0
2026-08-20 13:44:00,GSVR.V,,0.5950000286102295,0.5950000286102295,0.5950000286102295,0.5950000286102295,1500.0
2026-08-20 13:44:00,HME.V,,2.690000057220459,2.690000057220459,2.690000057220459,2.690000057220459,100.0
2026-08-20 13:44:00,HSTR.V,,2.3299999237060547,2.3299999237060547,2.3299999237060547,2.3299999237060547,200.0
2026-08-20 13:44:00,KFR.V,,1.2599999904632568,1.2599999904632568,1.2599999904632568,1.2599999904632568,200.0
2026-08-20 13:44:00,KLDC.V,,0.27000001072883606,0.27000001072883606,0.27000001072883606,0.27000001072883606,5000.0
2026-08-20 13:44:00,KTN.V,,1.3600000143051147,1.3600000143051147,1.3600000143051147,1.3600000143051147,100.0
2026-08-20 13:44:00,LITH.V,,0.4300000071525574,0.4300000071525574,0.4300000071525574,0.4300000071525574,11500.0
2026-08-20 13:44:00,LUCA.V,,1.0549999475479126,1.0549999475479126,1.0549999475479126,1.0549999475479126,100.0
2026-08-20 13:44:00,MEK.V,,0.04500000178813934,0.04500000178813934,0.04500000178813934,0.04500000178813934,3000.0
2026-08-20 13:44:00,NURS.V,,4.039999961853027,4.039999961853027,4.039999961853027,4.039999961853027,700.0
2026-08-20 13:45:00,EMM.V,,0.06499999761581421,0.06499999761581421,0.06499999761581421,0.06499999761581421,11000.0
2026-08-20 13:45:00,FL.V,,0.42250001430511475,0.42250001430511475,0.41999998688697815,0.41999998688697815,8500.0
2026-08-20 13:45:00,FWZ.V,,3.2699999809265137,3.2699999809265137,3.2699999809265137,3.2699999809265137,100.0
2026-08-20 13:45:00,GSVR.V,,0.5950000286102295,0.5950000286102295,0.5950000286102295,0.5950000286102295,2000.0
2026-08-20 13:45:00,HME.V,,2.690000057220459,2.690000057220459,2.690000057220459,2.690000057220459,100.0
2026-08-20 13:45:00,HSTR.V,,2.325000047683716,2.325000047683716,2.325000047683716,2.325000047683716,100.0
2026-08-20 13:45:00,KFR.V,,1.2599999904632568,1.2599999904632568,1.2599999904632568,1.2599999904632568,200.0
2026-08-20 13:45:00,KG.V,,0.1599999964237213,0.1599999964237213,0.1599999964237213,0.1599999964237213,17000.0
2026-08-20 13:45:00,LTH.V,,0.6499999761581421,0.6499999761581421,0.6499999761581421,0.6499999761581421,500.0
2026-08-20 13:45:00,LUCA.V,,1.059999942779541,1.059999942779541,1.059999942779541,1.059999942779541,100.0
2026-08-20 13:45:00,LVG.V,,0.30000001192092896,0.30000001192092896,0.30000001192092896,0.30000001192092896,1000.0
2026-08-20 13:46:00,BIG.V,,1.315000057220459,1.315000057220459,1.315000057220459,1.315000057220459,2300.0
2026-08-20 13:46:00,EMM.V,,0.06499999761581421,0.06499999761581421,0.06499999761581421,0.06499999761581421,11000.0
2026-08-20 13:46:00,ESK.V,,0.3499999940395355,0.3499999940395355,0.3499999940395355,0.3499999940395355,1300.0
2026-08-20 13:46:00,FWZ.V,,3.2799999713897705,3.2799999713897705,3.2699999809265137,3.2699999809265137,200.0
2026-08-20 13:46:00,GSVR.V,,0.5950000286102295,0.5950000286102295,0.5950000286102295,0.5950000286102295,2000.0
2026-08-20 13:46:00,GWM.V,,0.6000000238418579,0.6000000238418579,0.6000000238418579,0.6000000238418579,500.0
2026-08-20 13:46:00,HSTR.V,,2.325000047683716,2.325000047683716,2.325000047683716,2.325000047683716,300.0
2026-08-20 13:46:00,IMM.V,,0.05999999865889549,0.06499999761581421,0.05999999865889549,0.06499999761581421,0.0
2026-08-20 13:46:00,ITR.V,,3.890000104904175,3.890000104904175,3.890000104904175,3.890000104904175,100.0
2026-08-20 13:46:00,KFR.V,,1.2599999904632568,1.2599999904632568,1.2599999904632568,1.2599999904632568,200.0
2026-08-20 13:46:00,KTN.V,,1.3600000143051147,1.3600000143051147,1.3600000143051147,1.3600000143051147,100.0
2026-08-20 13:46:00,LMN.V,,24.639999389648438,24.639999389648438,24.59000015258789,24.639999389648438,700.0
2026-08-20 13:47:00,BIG.V,,1.315000057220459,1.315000057220459,1.315000057220459,1.315000057220459,500.0
2026-08-20 13:47:00,EMM.V,,0.06499999761581421,0.06499999761581421,0.06499999761581421,0.06499999761581421,9000.0
2026-08-20 13:47:00,FDR.V,,6.099999904632568,6.099999904632568,6.099999904632568,6.099999904632568,500.0
2026-08-20 13:47:00,FWZ.V,,3.2699999809265137,3.2699999809265137,3.2699999809265137,3.2699999809265137,100.0
2026-08-20 13:47:00,GOT.V,,1.7400000095367432,1.7400000095367432,1.7400000095367432,1.7400000095367432,100.0
2026-08-20 13:47:00,GRSL.V,,0.42500001192092896,0.42500001192092896,0.42500001192092896,0.42500001192092896,17670.0
2026-08-20 13:47:00,GSVR.V,,0.5950000286102295,0.5950000286102295,0.5950000286102295,0.5950000286102295,1000.0
2026-08-20 13:47:00,HSTR.V,,2.325000047683716,2.325000047683716,2.325000047683716,2.325000047683716,100.0
2026-08-20 13:47:00,KFR.V,,1.2599999904632568,1.2599999904632568,1.2599999904632568,1.2599999904632568,200.0
2026-08-20 13:47:00,KLDC.V,,0.27000001072883606,0.27000001072883606,0.27000001072883606,0.27000001072883606,500.0
2026-08-20 13:47:00,LCX.V,,1.7899999618530273,1.7899999618530273,1.7899999618530273,1.7899999618530273,100.0
2026-08-20 13:47:00,LIO.V,,0.20499999821186066,0.20499999821186066,0.20499999821186066,0.20499999821186066,4000.0
2026-08-20 13:47:00,LSTR.V,,0.06499999761581421,0.06499999761581421,0.06499999761581421,0.06499999761581421,10000.0
2026-08-20 13:47:00,MJS.V,,0.10000000149011612,0.10000000149011612,0.10000000149011612,0.10000000149011612,1500.0
2026-08-20 13:47:00,MLP.V,,2.7899999618530273,2.7899999618530273,2.7899999618530273,2.7899999618530273,100.0
2026-08-20 13:47:00,PNG.V,,5.849999904632568,5.849999904632568,5.849999904632568,5.849999904632568,1132.0
2026-08-20 13:48:00,BIG.V,,1.309999942779541,1.309999942779541,1.309999942779541,1.309999942779541,28000.0
2026-08-20 13:48:00,EMM.V,,0.06499999761581421,0.06499999761581421,0.06499999761581421,0.06499999761581421,5000.0
2026-08-20 13:48:00,FWZ.V,,3.2699999809265137,3.2699999809265137,3.2699999809265137,3.2699999809265137,200.0
2026-08-20 13:48:00,GSVR.V,,0.5950000286102295,0.5950000286102295,0.5950000286102295,0.5950000286102295,1000.0
2026-08-20 13:48:00,HMR.V,,0.4749999940395355,0.4749999940395355,0.4749999940395355,0.4749999940395355,1500.0
2026-08-20 13:48:00,HSTR.V,,2.3299999237060547,2.3299999237060547,2.3299999237060547,2.3299999237060547,200.0
2026-08-20 13:48:00,IGO.V,,0.1550000011920929,0.1550000011920929,0.1550000011920929,0.1550000011920929,1000.0
2026-08-20 13:48:00,KFR.V,,1.2599999904632568,1.2599999904632568,1.2599999904632568,1.2599999904632568,100.0
2026-08-20 13:48:00,LTH.V,,0.6499999761581421,0.6499999761581421,0.6499999761581421,0.6499999761581421,500.0
2026-08-20 13:48:00,LUCA.V,,1.059999942779541,1.059999942779541,1.059999942779541,1.059999942779541,200.0
2026-08-20 13:48:00,MFG.V,,4.119999885559082,4.139999866485596,4.119999885559082,4.130000114440918,1100.0
2026-08-20 13:48:00,NURS.V,,4.03000020980835,4.03000020980835,4.019999980926514,4.019999980926514,700.0
2026-08-20 13:49:00,BIG.V,,1.309999942779541,1.309999942779541,1.309999942779541,1.309999942779541,700.0
2026-08-20 13:49:00,EMM.V,,0.06499999761581421,0.06499999761581421,0.06499999761581421,0.06499999761581421,4000.0
2026-08-20 13:49:00,FWZ.V,,3.2699999809265137,3.2699999809265137,3.2699999809265137,3.2699999809265137,100.0
2026-08-20 13:49:00,GOT.V,,1.7400000095367432,1.7400000095367432,1.7400000095367432,1.7400000095367432,100.0
2026-08-20 13:49:00,GSVR.V,,0.5950000286102295,0.5950000286102295,0.5950000286102295,0.5950000286102295,1000.0
2026-08-20 13:49:00,GWM.V,,0.6000000238418579,0.6000000238418579,0.6000000238418579,0.6000000238418579,500.0
2026-08-20 13:49:00,HME.V,,2.690000057220459,2.690000057220459,2.690000057220459,2.690000057220459,100.0
2026-08-20 13:49:00,HSTR.V,,2.3299999237060547,2.3299999237060547,2.3299999237060547,2.3299999237060547,200.0
2026-08-20 13:49:00,KFR.V,,1.2599999904632568,1.2599999904632568,1.2599999904632568,1.2599999904632568,200.0
2026-08-20 13:49:00,KTN.V,,1.3600000143051147,1.3600000143051147,1.3600000143051147,1.3600000143051147,100.0
2026-08-20 13:49:00,LIO.V,,0.20999999344348907,0.20999999344348907,0.20499999821186066,0.20499999821186066,21000.0
2026-08-20 13:49:00,NURS.V,,4.0,4.019999980926514,4.0,4.019999980926514,2700.0
2026-08-20 13:50:00,BIG.V,,1.309999942779541,1.309999942779541,1.309999942779541,1.309999942779541,400.0
2026-08-20 13:50:00,EMM.V,,0.06499999761581421,0.06499999761581421,0.06499999761581421,0.06499999761581421,10000.0
2026-08-20 13:50:00,FDR.V,,6.099999904632568,6.099999904632568,6.090000152587891,6.090000152587891,3300.0
2026-08-20 13:50:00,FL.V,,0.42500001192092896,0.42500001192092896,0.42500001192092896,0.42500001192092896,1000.0
2026-08-20 13:50:00,FWZ.V,,3.2699999809265137,3.2699999809265137,3.2699999809265137,3.2699999809265137,100.0
2026-08-20 13:50:00,GCOM.V,,0.07000000029802322,0.07000000029802322,0.07000000029802322,0.07000000029802322,4444.0
2026-08-20 13:50:00,GOT.V,,1.7400000095367432,1.7400000095367432,1.7400000095367432,1.7400000095367432,100.0
2026-08-20 13:50:00,GSI.V,,1.7200000286102295,1.7300000190734863,1.7100000381469727,1.7200000286102295,12500.0
2026-08-20 13:50:00,GSVR.V,,0.5950000286102295,0.5950000286102295,0.5950000286102295,0.5950000286102295,2000.0
2026-08-20 13:50:00,HSTR.V,,2.3299999237060547,2.3299999237060547,2.3299999237060547,2.3299999237060547,100.0
2026-08-20 13:50:00,KFR.V,,1.2599999904632568,1.2599999904632568,1.2599999904632568,1.2599999904632568,100.0
2026-08-20 13:50:00,KRY.V,,3.450000047683716,3.450000047683716,3.450000047683716,3.450000047683716,100.0
2026-08-20 13:50:00,LIFT.V,,2.690000057220459,2.690000057220459,2.690000057220459,2.690000057220459,100.0
2026-08-20 13:50:00,LTH.V,,0.6499999761581421,0.6499999761581421,0.6499999761581421,0.6499999761581421,4000.0
2026-08-20 13:50:00,LUCA.V,,1.0499999523162842,1.0499999523162842,1.0499999523162842,1.0499999523162842,100.0
2026-08-20 13:50:00,TUF.V,,0.6899999976158142,0.6899999976158142,0.6899999976158142,0.6899999976158142,1999.0
2026-08-20 13:51:00,BIG.V,,1.309999942779541,1.309999942779541,1.309999942779541,1.309999942779541,500.0
2026-08-20 13:51:00,EXG.V,,0.10499999672174454,0.10499999672174454,0.10499999672174454,0.10499999672174454,500.0
2026-08-20 13:51:00,FWZ.V,,3.2699999809265137,3.2699999809265137,3.2699999809265137,3.2699999809265137,200.0
2026-08-20 13:51:00,GSVR.V,,0.5950000286102295,0.5950000286102295,0.5950000286102295,0.5950000286102295,1000.0
2026-08-20 13:51:00,HITI.V,,3.390000104904175,3.390000104904175,3.390000104904175,3.390000104904175,100.0
2026-08-20 13:51:00,HME.V,,2.690000057220459,2.690000057220459,2.690000057220459,2.690000057220459,100.0
2026-08-20 13:51:00,HSTR.V,,2.3299999237060547,2.3299999237060547,2.3299999237060547,2.3299999237060547,100.0
2026-08-20 13:51:00,ITR.V,,3.890000104904175,3.890000104904175,3.890000104904175,3.890000104904175,100.0
2026-08-20 13:51:00,JUGR.V,,1.3799999952316284,1.3799999952316284,1.3799999952316284,1.3799999952316284,300.0
2026-08-20 13:51:00,KFR.V,,1.2599999904632568,1.2599999904632568,1.2599999904632568,1.2599999904632568,200.0
2026-08-20 13:51:00,LIO.V,,0.20999999344348907,0.20999999344348907,0.20999999344348907,0.20999999344348907,226723.0
2026-08-20 13:51:00,LTH.V,,0.6600000262260437,0.6600000262260437,0.6549999713897705,0.6549999713897705,4500.0
2026-08-20 13:51:00,LUCA.V,,1.059999942779541,1.059999942779541,1.059999942779541,1.059999942779541,100.0
2026-08-20 13:51:00,MTA.V,,15.350000381469727,15.350000381469727,15.34000015258789,15.34000015258789,300.0
2026-08-20 13:51:00,TUF.V,,0.6899999976158142,0.6899999976158142,0.6899999976158142,0.6899999976158142,2500.0
2026-08-20 13:52:00,BIG.V,,1.309999942779541,1.309999942779541,1.309999942779541,1.309999942779541,500.0
2026-08-20 13:52:00,EMM.V,,0.06499999761581421,0.06499999761581421,0.06499999761581421,0.06499999761581421,11000.0
2026-08-20 13:52:00,FDR.V,,6.099999904632568,6.099999904632568,6.099999904632568,6.099999904632568,200.0
2026-08-20 13:52:00,FWZ.V,,3.2699999809265137,3.2699999809265137,3.2699999809265137,3.2699999809265137,100.0
2026-08-20 13:52:00,GOT.V,,1.7400000095367432,1.7400000095367432,1.7400000095367432,1.7400000095367432,200.0
2026-08-20 13:52:00,GSVR.V,,0.5950000286102295,0.5950000286102295,0.5950000286102295,0.5950000286102295,1000.0
2026-08-20 13:52:00,GWM.V,,0.6000000238418579,0.6000000238418579,0.6000000238418579,0.6000000238418579,500.0
2026-08-20 13:52:00,HSTR.V,,2.325000047683716,2.325000047683716,2.325000047683716,2.325000047683716,100.0
2026-08-20 13:52:00,KFR.V,,1.2599999904632568,1.2599999904632568,1.2599999904632568,1.2599999904632568,100.0
2026-08-20 13:52:00,KLDC.V,,0.27000001072883606,0.27000001072883606,0.27000001072883606,0.27000001072883606,4500.0
2026-08-20 13:52:00,LCX.V,,1.7899999618530273,1.7899999618530273,1.7899999618530273,1.7899999618530273,600.0
2026-08-20 13:52:00,LMN.V,,24.549999237060547,24.549999237060547,24.549999237060547,24.549999237060547,200.0
2026-08-20 13:52:00,LTH.V,,0.6499999761581421,0.6499999761581421,0.6499999761581421,0.6499999761581421,500.0
2026-08-20 13:52:00,LUCA.V,,1.059999942779541,1.059999942779541,1.059999942779541,1.059999942779541,100.0
2026-08-20 13:52:00,MKO.V,,14.194999694824219,14.194999694824219,14.180000305175781,14.180000305175781,900.0
2026-08-20 13:52:00,NURS.V,,4.010000228881836,4.010000228881836,4.010000228881836,4.010000228881836,300.0
2026-08-20 13:52:00,TUF.V,,0.6899999976158142,0.6949999928474426,0.6899999976158142,0.6899999976158142,4500.0
2026-08-20 13:53:00,BIG.V,,1.309999942779541,1.309999942779541,1.309999942779541,1.309999942779541,700.0
2026-08-20 13:53:00,EMM.V,,0.06499999761581421,0.06499999761581421,0.06499999761581421,0.06499999761581421,9000.0
2026-08-20 13:53:00,FDR.V,,6.099999904632568,6.099999904632568,6.099999904632568,6.099999904632568,3438.0
2026-08-20 13:53:00,FL.V,,0.42500001192092896,0.42500001192092896,0.42500001192092896,0.42500001192092896,5500.0
2026-08-20 13:53:00,FWZ.V,,3.2699999809265137,3.2699999809265137,3.2699999809265137,3.2699999809265137,100.0
2026-08-20 13:53:00,GSI.V,,1.7200000286102295,1.7200000286102295,1.7200000286102295,1.7200000286102295,100.0
2026-08-20 13:53:00,GSVR.V,,0.5950000286102295,0.5950000286102295,0.5950000286102295,0.5950000286102295,1000.0
2026-08-20 13:53:00,HELI.V,,0.029999999329447746,0.029999999329447746,0.029999999329447746,0.029999999329447746,21000.0
2026-08-20 13:53:00,HSTR.V,,2.319999933242798,2.325000047683716,2.319999933242798,2.325000047683716,1800.0
2026-08-20 13:53:00,ITR.V,,3.890000104904175,3.890000104904175,3.890000104904175,3.890000104904175,100.0
2026-08-20 13:53:00,KFR.V,,1.2599999904632568,1.2599999904632568,1.2599999904632568,1.2599999904632568,100.0
2026-08-20 13:53:00,KLDC.V,,0.27000001072883606,0.27000001072883606,0.27000001072883606,0.27000001072883606,1500.0
2026-08-20 13:53:00,KRY.V,,3.450000047683716,3.450000047683716,3.450000047683716,3.450000047683716,600.0
2026-08-20 13:53:00,KTN.V,,1.3600000143051147,1.3600000143051147,1.3600000143051147,1.3600000143051147,100.0
2026-08-20 13:53:00,LCX.V,,1.7899999618530273,1.7899999618530273,1.7899999618530273,1.7899999618530273,100.0
2026-08-20 13:53:00,LMN.V,,24.600000381469727,24.600000381469727,24.600000381469727,24.600000381469727,200.0
2026-08-20 13:53:00,LUCA.V,,1.0549999475479126,1.0549999475479126,1.0549999475479126,1.0549999475479126,100.0
2026-08-20 13:53:00,MGM.V,,2.809999942779541,2.8299999237060547,2.809999942779541,2.8299999237060547,2200.0
2026-08-20 13:53:00,MJS.V,,0.10000000149011612,0.10000000149011612,0.10000000149011612,0.10000000149011612,9000.0
2026-08-20 13:53:00,MKO.V,,14.199999809265137,14.199999809265137,14.199999809265137,14.199999809265137,100.0
2026-08-20 13:53:00,PNG.V,,5.84499979019165,5.849999904632568,5.84499979019165,5.849999904632568,2100.0
2026-08-20 13:54:00,BIG.V,,1.309999942779541,1.309999942779541,1.309999942779541,1.309999942779541,300.0
2026-08-20 13:54:00,EMM.V,,0.06499999761581421,0.06499999761581421,0.06499999761581421,0.06499999761581421,4000.0
2026-08-20 13:54:00,FWZ.V,,3.2699999809265137,3.2699999809265137,3.2699999809265137,3.2699999809265137,200.0
2026-08-20 13:54:00,GMA.V,,0.24500000476837158,0.24500000476837158,0.24500000476837158,0.24500000476837158,5000.0
2026-08-20 13:54:00,GSI.V,,1.7200000286102295,1.7200000286102295,1.7200000286102295,1.7200000286102295,100.0
2026-08-20 13:54:00,GSVR.V,,0.5950000286102295,0.5950000286102295,0.5950000286102295,0.5950000286102295,1000.0
2026-08-20 13:54:00,HME.V,,2.690000057220459,2.690000057220459,2.690000057220459,2.690000057220459,100.0
2026-08-20 13:54:00,ITR.V,,3.890000104904175,3.890000104904175,3.890000104904175,3.890000104904175,100.0
2026-08-20 13:54:00,KFR.V,,1.2599999904632568,1.2599999904632568,1.2599999904632568,1.2599999904632568,100.0
2026-08-20 13:54:00,MGM.V,,2.799999952316284,2.809999942779541,2.799999952316284,2.809999942779541,3400.0
2026-08-20 13:54:00,MJS.V,,0.10000000149011612,0.10000000149011612,0.10000000149011612,0.10000000149011612,18000.0
2026-08-20 13:54:00,MTA.V,,15.350000381469727,15.350000381469727,15.350000381469727,15.350000381469727,100.0
2026-08-20 13:54:00,NURS.V,,4.010000228881836,4.025000095367432,4.010000228881836,4.019999980926514,1400.0
2026-08-20 13:54:00,PNG.V,,5.849999904632568,5.849999904632568,5.849999904632568,5.849999904632568,1300.0
2026-08-20 13:55:00,BIG.V,,1.309999942779541,1.309999942779541,1.309999942779541,1.309999942779541,100.0
2026-08-20 13:55:00,EMM.V,,0.06499999761581421,0.06499999761581421,0.06499999761581421,0.06499999761581421,11000.0
2026-08-20 13:55:00,FDR.V,,6.099999904632568,6.099999904632568,6.099999904632568,6.099999904632568,900.0
2026-08-20 13:55:00,FWZ.V,,3.2699999809265137,3.2699999809265137,3.2699999809265137,3.2699999809265137,100.0
2026-08-20 13:55:00,GFG.V,,0.23000000417232513,0.23000000417232513,0.23000000417232513,0.23000000417232513,46000.0
2026-08-20 13:55:00,GOT.V,,1.7400000095367432,1.7400000095367432,1.7400000095367432,1.7400000095367432,100.0
2026-08-20 13:55:00,GSVR.V,,0.5950000286102295,0.5950000286102295,0.5950000286102295,0.5950000286102295,500.0
2026-08-20 13:55:00,GWM.V,,0.6000000238418579,0.6000000238418579,0.6000000238418579,0.6000000238418579,500.0
2026-08-20 13:55:00,HME.V,,2.690000057220459,2.690000057220459,2.690000057220459,2.690000057220459,100.0
2026-08-20 13:55:00,ITR.V,,3.890000104904175,3.890000104904175,3.890000104904175,3.890000104904175,2100.0
2026-08-20 13:55:00,KFR.V,,1.2599999904632568,1.2599999904632568,1.2599999904632568,1.2599999904632568,100.0
2026-08-20 13:55:00,LIO.V,,0.2150000035762787,0.2150000035762787,0.2150000035762787,0.2150000035762787,27500.0
2026-08-20 13:55:00,LTH.V,,0.6499999761581421,0.6499999761581421,0.6499999761581421,0.6499999761581421,12000.0
2026-08-20 13:55:00,MFG.V,,4.110000133514404,4.110000133514404,4.110000133514404,4.110000133514404,100.0
2026-08-20 13:55:00,MJS.V,,0.10000000149011612,0.10000000149011612,0.10000000149011612,0.10000000149011612,26500.0
2026-08-20 13:55:00,NURS.V,,4.0,4.019999980926514,4.0,4.0,600.0
2026-08-20 13:55:00,TUF.V,,0.6899999976158142,0.6899999976158142,0.6899999976158142,0.6899999976158142,2000.0
2026-08-20 13:56:00,BIG.V,,1.315000057220459,1.315000057220459,1.309999942779541,1.309999942779541,2400.0
2026-08-20 13:56:00,EMM.V,,0.06499999761581421,0.06499999761581421,0.06499999761581421,0.06499999761581421,2000.0
2026-08-20 13:56:00,FWZ.V,,3.2699999809265137,3.2699999809265137,3.2699999809265137,3.2699999809265137,100.0
2026-08-20 13:56:00,GOT.V,,1.7400000095367432,1.7400000095367432,1.7400000095367432,1.7400000095367432,300.0
2026-08-20 13:56:00,GSI.V,,1.7200000286102295,1.7200000286102295,1.7200000286102295,1.7200000286102295,200.0
2026-08-20 13:56:00,GSVR.V,,0.5950000286102295,0.5950000286102295,0.5950000286102295,0.5950000286102295,2000.0
2026-08-20 13:56:00,ITR.V,,3.890000104904175,3.890000104904175,3.890000104904175,3.890000104904175,200.0
2026-08-20 13:56:00,KFR.V,,1.2599999904632568,1.2599999904632568,1.2599999904632568,1.2599999904632568,200.0
2026-08-20 13:56:00,KTN.V,,1.3600000143051147,1.3600000143051147,1.3600000143051147,1.3600000143051147,1100.0
2026-08-20 13:56:00,LUCA.V,,1.0499999523162842,1.0499999523162842,1.0499999523162842,1.0499999523162842,100.0
2026-08-20 13:56:00,TUF.V,,0.6899999976158142,0.6899999976158142,0.6899999976158142,0.6899999976158142,2000.0
2026-08-20 13:57:00,BIG.V,,1.309999942779541,1.309999942779541,1.309999942779541,1.309999942779541,4300.0
2026-08-20 13:57:00,EMM.V,,0.06499999761581421,0.06499999761581421,0.06499999761581421,0.06499999761581421,15000.0
2026-08-20 13:57:00,FUU.V,,0.14499999582767487,0.14499999582767487,0.14499999582767487,0.14499999582767487,24000.0
2026-08-20 13:57:00,FWZ.V,,3.2699999809265137,3.2699999809265137,3.2699999809265137,3.2699999809265137,100.0
2026-08-20 13:57:00,GOT.V,,1.7400000095367432,1.7400000095367432,1.7400000095367432,1.7400000095367432,100.0
2026-08-20 13:57:00,GSI.V,,1.7200000286102295,1.7200000286102295,1.7200000286102295,1.7200000286102295,100.0
2026-08-20 13:57:00,GSVR.V,,0.5950000286102295,0.5950000286102295,0.5950000286102295,0.5950000286102295,1000.0
2026-08-20 13:57:00,GWM.V,,0.6100000143051147,0.6100000143051147,0.6100000143051147,0.6100000143051147,1000.0
2026-08-20 13:57:00,HME.V,,2.690000057220459,2.690000057220459,2.690000057220459,2.690000057220459,100.0
2026-08-20 13:57:00,KFR.V,,1.2599999904632568,1.2599999904632568,1.2599999904632568,1.2599999904632568,100.0
2026-08-20 13:57:00,KLDC.V,,0.27000001072883606,0.27000001072883606,0.27000001072883606,0.27000001072883606,500.0
2026-08-20 13:57:00,KTO.V,,0.8799999952316284,0.8799999952316284,0.8799999952316284,0.8799999952316284,24500.0
2026-08-20 13:57:00,LCX.V,,1.7899999618530273,1.7899999618530273,1.7899999618530273,1.7899999618530273,200.0
2026-08-20 13:57:00,LMN.V,,24.530000686645508,24.530000686645508,24.530000686645508,24.530000686645508,100.0
2026-08-20 13:57:00,LSTR.V,,0.06499999761581421,0.06499999761581421,0.06499999761581421,0.06499999761581421,1000.0
2026-08-20 13:57:00,LTH.V,,0.6499999761581421,0.6499999761581421,0.6499999761581421,0.6499999761581421,500.0
2026-08-20 13:57:00,LUCA.V,,1.059999942779541,1.059999942779541,1.059999942779541,1.059999942779541,200.0
2026-08-20 13:57:00,PNG.V,,5.849999904632568,5.849999904632568,5.849999904632568,5.849999904632568,300.0
2026-08-20 13:57:00,TUF.V,,0.6899999976158142,0.6899999976158142,0.6899999976158142,0.6899999976158142,1000.0
2026-08-20 13:58:00,BIG.V,,1.309999942779541,1.309999942779541,1.309999942779541,1.309999942779541,200.0
2026-08-20 13:58:00,FDR.V,,6.099999904632568,6.099999904632568,6.099999904632568,6.099999904632568,100.0
2026-08-20 13:58:00,GOT.V,,1.7400000095367432,1.7400000095367432,1.7400000095367432,1.7400000095367432,100.0
2026-08-20 13:58:00,GSVR.V,,0.5950000286102295,0.5950000286102295,0.5950000286102295,0.5950000286102295,1000.0
2026-08-20 13:58:00,GWM.V,,0.6100000143051147,0.6100000143051147,0.6100000143051147,0.6100000143051147,500.0
2026-08-20 13:58:00,HME.V,,2.680000066757202,2.680000066757202,2.680000066757202,2.680000066757202,100.0
2026-08-20 13:58:00,HSTR.V,,2.325000047683716,2.325000047683716,2.325000047683716,2.325000047683716,400.0
2026-08-20 13:58:00,KFR.V,,1.2599999904632568,1.2599999904632568,1.2599999904632568,1.2599999904632568,100.0
2026-08-20 13:58:00,LIO.V,,0.2199999988079071,0.2199999988079071,0.2150000035762787,0.2150000035762787,91500.0
2026-08-20 13:58:00,MTA.V,,15.5,15.5,15.4399995803833,15.4399995803833,9920.0
2026-08-20 13:58:00,PNG.V,,5.849999904632568,5.849999904632568,5.849999904632568,5.849999904632568,3600.0
2026-08-20 13:59:00,BIG.V,,1.3200000524520874,1.3200000524520874,1.3200000524520874,1.3200000524520874,300.0
2026-08-20 13:59:00,FDR.V,,6.099999904632568,6.099999904632568,6.099999904632568,6.099999904632568,100.0
2026-08-20 13:59:00,FWZ.V,,3.2699999809265137,3.2699999809265137,3.2699999809265137,3.2699999809265137,100.0
2026-08-20 13:59:00,GOT.V,,1.7350000143051147,1.7400000095367432,1.7350000143051147,1.7400000095367432,700.0
2026-08-20 13:59:00,GRSL.V,,0.42250001430511475,0.42500001192092896,0.42250001430511475,0.42500001192092896,57500.0
2026-08-20 13:59:00,GSI.V,,1.7200000286102295,1.7200000286102295,1.7200000286102295,1.7200000286102295,100.0
2026-08-20 13:59:00,GSVR.V,,0.5950000286102295,0.5950000286102295,0.5950000286102295,0.5950000286102295,500.0
2026-08-20 13:59:00,HSTR.V,,2.3299999237060547,2.3299999237060547,2.325000047683716,2.325000047683716,1200.0
2026-08-20 13:59:00,KTN.V,,1.3600000143051147,1.3600000143051147,1.3600000143051147,1.3600000143051147,100.0
2026-08-20 13:59:00,LIO.V,,0.2199999988079071,0.2199999988079071,0.2150000035762787,0.2150000035762787,8000.0
2026-08-20 13:59:00,LMN.V,,24.530000686645508,24.530000686645508,24.530000686645508,24.530000686645508,100.0
2026-08-20 13:59:00,LUCA.V,,1.0549999475479126,1.0549999475479126,1.0549999475479126,1.0549999475479126,100.0
2026-08-20 13:59:00,NURS.V,,4.0,4.010000228881836,4.0,4.010000228881836,5200.0
2026-08-20 14:00:00,BIG.V,,1.3200000524520874,1.3200000524520874,1.3200000524520874,1.3200000524520874,300.0
2026-08-20 14:00:00,FWZ.V,,3.2699999809265137,3.2699999809265137,3.2699999809265137,3.2699999809265137,100.0
2026-08-20 14:00:00,GSI.V,,1.7200000286102295,1.7200000286102295,1.7200000286102295,1.7200000286102295,100.0
2026-08-20 14:00:00,GSVR.V,,0.5950000286102295,0.5950000286102295,0.5950000286102295,0.5950000286102295,1000.0
2026-08-20 14:00:00,HCH.V,,1.7000000476837158,1.7000000476837158,1.7000000476837158,1.7000000476837158,200.0
2026-08-20 14:00:00,HME.V,,2.684999942779541,2.684999942779541,2.684999942779541,2.684999942779541,100.0
2026-08-20 14:00:00,JG.V,,0.05999999865889549,0.05999999865889549,0.05999999865889549,0.05999999865889549,8000.0
2026-08-20 14:00:00,KFR.V,,1.2599999904632568,1.2599999904632568,1.2599999904632568,1.2599999904632568,100.0
2026-08-20 14:00:00,KRY.V,,3.450000047683716,3.450000047683716,3.450000047683716,3.450000047683716,500.0
2026-08-20 14:00:00,LMN.V,,24.549999237060547,24.549999237060547,24.549999237060547,24.549999237060547,200.0
2026-08-20 14:00:00,LTH.V,,0.6499999761581421,0.6499999761581421,0.6499999761581421,0.6499999761581421,500.0
2026-08-20 14:00:00,LUCA.V,,1.059999942779541,1.059999942779541,1.059999942779541,1.059999942779541,100.0
2026-08-20 14:00:00,MEK.V,,0.04500000178813934,0.04500000178813934,0.04500000178813934,0.04500000178813934,249000.0
2026-08-20 14:00:00,MTA.V,,15.539999961853027,15.539999961853027,15.5,15.5,400.0
2026-08-20 14:00:00,NURS.V,,3.990000009536743,4.0,3.990000009536743,4.0,1899.0
2026-08-20 14:01:00,BIG.V,,1.315000057220459,1.3200000524520874,1.315000057220459,1.3200000524520874,1200.0
2026-08-20 14:01:00,FDR.V,,6.099999904632568,6.099999904632568,6.099999904632568,6.099999904632568,100.0
2026-08-20 14:01:00,FWZ.V,,3.2699999809265137,3.2699999809265137,3.2699999809265137,3.2699999809265137,100.0
2026-08-20 14:01:00,GRSL.V,,0.41999998688697815,0.41999998688697815,0.41999998688697815,0.41999998688697815,950.0
2026-08-20 14:01:00,GSI.V,,1.7300000190734863,1.7300000190734863,1.7200000286102295,1.7200000286102295,2200.0
2026-08-20 14:01:00,GSVR.V,,0.5950000286102295,0.5950000286102295,0.5950000286102295,0.5950000286102295,1000.0
2026-08-20 14:01:00,HCH.V,,1.7000000476837158,1.7000000476837158,1.7000000476837158,1.7000000476837158,200.0
2026-08-20 14:01:00,HMR.V,,0.4749999940395355,0.4749999940395355,0.4749999940395355,0.4749999940395355,500.0
2026-08-20 14:01:00,KDK.V,,0.800000011920929,0.800000011920929,0.7900000214576721,0.7900000214576721,4500.0
2026-08-20 14:01:00,KFR.V,,1.2599999904632568,1.2599999904632568,1.2599999904632568,1.2599999904632568,100.0
2026-08-20 14:01:00,KTN.V,,1.3650000095367432,1.3650000095367432,1.3650000095367432,1.3650000095367432,1300.0
2026-08-20 14:01:00,LCX.V,,1.7899999618530273,1.7899999618530273,1.7899999618530273,1.7899999618530273,100.0
2026-08-20 14:01:00,LUCA.V,,1.0549999475479126,1.059999942779541,1.0549999475479126,1.059999942779541,300.0
2026-08-20 14:01:00,MERG.V,,0.8100000023841858,0.8100000023841858,0.8100000023841858,0.8100000023841858,500.0
2026-08-20 14:02:00,BIG.V,,1.315000057220459,1.315000057220459,1.315000057220459,1.315000057220459,300.0
2026-08-20 14:02:00,EMM.V,,0.06499999761581421,0.06499999761581421,0.06499999761581421,0.06499999761581421,13000.0
2026-08-20 14:02:00,FDR.V,,6.090000152587891,6.09499979019165,6.090000152587891,6.09499979019165,1000.0
2026-08-20 14:02:00,GOT.V,,1.7300000190734863,1.7300000190734863,1.7300000190734863,1.7300000190734863,200.0
2026-08-20 14:02:00,GSVR.V,,0.5950000286102295,0.5950000286102295,0.5950000286102295,0.5950000286102295,1000.0
2026-08-20 14:02:00,HCH.V,,1.7000000476837158,1.7000000476837158,1.7000000476837158,1.7000000476837158,200.0
2026-08-20 14:02:00,IPT.V,,0.3100000023841858,0.3100000023841858,0.3100000023841858,0.3100000023841858,1000.0
2026-08-20 14:02:00,ITR.V,,3.890000104904175,3.890000104904175,3.890000104904175,3.890000104904175,100.0
2026-08-20 14:02:00,KFR.V,,1.2599999904632568,1.2599999904632568,1.2599999904632568,1.2599999904632568,100.0
2026-08-20 14:02:00,KTN.V,,1.3600000143051147,1.3600000143051147,1.3600000143051147,1.3600000143051147,100.0
2026-08-20 14:02:00,LIO.V,,0.2150000035762787,0.2150000035762787,0.2150000035762787,0.2150000035762787,25000.0
2026-08-20 14:02:00,LUCA.V,,1.059999942779541,1.059999942779541,1.059999942779541,1.059999942779541,100.0
2026-08-20 14:02:00,NURS.V,,3.9700000286102295,3.990000009536743,3.9700000286102295,3.990000009536743,1200.0
2026-08-20 14:03:00,BIG.V,,1.3200000524520874,1.3200000524520874,1.315000057220459,1.315000057220459,500.0
2026-08-20 14:03:00,EMM.V,,0.06499999761581421,0.06499999761581421,0.06499999761581421,0.06499999761581421,4000.0
2026-08-20 14:03:00,FWZ.V,,3.259999990463257,3.2699999809265137,3.259999990463257,3.2699999809265137,200.0
2026-08-20 14:03:00,GOT.V,,1.7400000095367432,1.7400000095367432,1.7400000095367432,1.7400000095367432,1500.0
2026-08-20 14:03:00,GPG.V,,0.4099999964237213,0.4099999964237213,0.4099999964237213,0.4099999964237213,15000.0
2026-08-20 14:03:00,GSVR.V,,0.5950000286102295,0.5950000286102295,0.5950000286102295,0.5950000286102295,500.0
2026-08-20 14:03:00,HAM.V,,6.0,6.0,6.0,6.0,2700.0
2026-08-20 14:03:00,HCH.V,,1.7000000476837158,1.7000000476837158,1.7000000476837158,1.7000000476837158,100.0
2026-08-20 14:03:00,HSTR.V,,2.325000047683716,2.325000047683716,2.325000047683716,2.325000047683716,200.0
2026-08-20 14:03:00,IPT.V,,0.3100000023841858,0.3100000023841858,0.3100000023841858,0.3100000023841858,1000.0
2026-08-20 14:03:00,ITR.V,,3.9000000953674316,3.9000000953674316,3.9000000953674316,3.9000000953674316,100.0
2026-08-20 14:03:00,JUGR.V,,1.3600000143051147,1.3799999952316284,1.3600000143051147,1.3799999952316284,29200.0
2026-08-20 14:03:00,KFR.V,,1.2599999904632568,1.2599999904632568,1.2599999904632568,1.2599999904632568,100.0
2026-08-20 14:03:00,KLDC.V,,0.27000001072883606,0.27000001072883606,0.27000001072883606,0.27000001072883606,500.0
2026-08-20 14:03:00,LTH.V,,0.6499999761581421,0.6499999761581421,0.6499999761581421,0.6499999761581421,3000.0
2026-08-20 14:03:00,LUCA.V,,1.059999942779541,1.059999942779541,1.059999942779541,1.059999942779541,200.0
2026-08-20 14:03:00,NURS.V,,3.9800000190734863,3.9800000190734863,3.9800000190734863,3.9800000190734863,100.0
2026-08-20 14:04:00,BIG.V,,1.315000057220459,1.3200000524520874,1.315000057220459,1.3200000524520874,1700.0
2026-08-20 14:04:00,EMM.V,,0.06499999761581421,0.06499999761581421,0.06499999761581421,0.06499999761581421,14000.0
2026-08-20 14:04:00,FDR.V,,6.070000171661377,6.079999923706055,6.070000171661377,6.079999923706055,600.0
2026-08-20 14:04:00,FWZ.V,,3.2699999809265137,3.2699999809265137,3.2699999809265137,3.2699999809265137,100.0
2026-08-20 14:04:00,GLAD.V,,2.75,2.75,2.75,2.75,3400.0
2026-08-20 14:04:00,GSI.V,,1.7300000190734863,1.7300000190734863,1.7300000190734863,1.7300000190734863,100.0
2026-08-20 14:04:00,GSVR.V,,0.5950000286102295,0.5950000286102295,0.5950000286102295,0.5950000286102295,1000.0
2026-08-20 14:04:00,GTC.V,,0.8799999952316284,0.8799999952316284,0.8799999952316284,0.8799999952316284,1110.0
2026-08-20 14:04:00,GWM.V,,0.6100000143051147,0.6100000143051147,0.6050000190734863,0.6050000190734863,3000.0
2026-08-20 14:04:00,HCH.V,,1.7000000476837158,1.7000000476837158,1.7000000476837158,1.7000000476837158,100.0
2026-08-20 14:04:00,HME.V,,2.684999942779541,2.684999942779541,2.684999942779541,2.684999942779541,100.0
2026-08-20 14:04:00,HSTR.V,,2.3299999237060547,2.3299999237060547,2.3299999237060547,2.3299999237060547,300.0
2026-08-20 14:04:00,ITR.V,,3.9000000953674316,3.9000000953674316,3.9000000953674316,3.9000000953674316,200.0
2026-08-20 14:04:00,JUGR.V,,1.3600000143051147,1.3600000143051147,1.3600000143051147,1.3600000143051147,100.0
2026-08-20 14:04:00,KRY.V,,3.450000047683716,3.450000047683716,3.450000047683716,3.450000047683716,400.0
2026-08-20 14:04:00,LIFT.V,,2.690000057220459,2.690000057220459,2.690000057220459,2.690000057220459,100.0
2026-08-20 14:04:00,LMN.V,,24.5,24.5,24.5,24.5,109.0
2026-08-20 14:04:00,LUCA.V,,1.0549999475479126,1.059999942779541,1.0549999475479126,1.059999942779541,200.0
2026-08-20 14:04:00,MLP.V,,2.799999952316284,2.799999952316284,2.799999952316284,2.799999952316284,200.0
2026-08-20 14:04:00,MMA.V,,0.6549999713897705,0.6549999713897705,0.6549999713897705,0.6549999713897705,500.0
2026-08-20 14:04:00,NURS.V,,3.9800000190734863,3.9800000190734863,3.9800000190734863,3.9800000190734863,100.0
2026-08-20 14:05:00,BIG.V,,1.315000057220459,1.315000057220459,1.315000057220459,1.315000057220459,700.0
2026-08-20 14:05:00,EMM.V,,0.06499999761581421,0.06499999761581421,0.06499999761581421,0.06499999761581421,9000.0
2026-08-20 14:05:00,FWZ.V,,3.259999990463257,3.2699999809265137,3.259999990463257,3.2699999809265137,900.0
2026-08-20 14:05:00,GLAD.V,,2.75,2.75,2.75,2.75,4300.0
2026-08-20 14:05:00,GOT.V,,1.7400000095367432,1.7400000095367432,1.7400000095367432,1.7400000095367432,200.0
2026-08-20 14:05:00,GQC.V,,1.0199999809265137,1.0199999809265137,1.0199999809265137,1.0199999809265137,500.0
2026-08-20 14:05:00,GSI.V,,1.7300000190734863,1.7300000190734863,1.7300000190734863,1.7300000190734863,100.0
2026-08-20 14:05:00,GSVR.V,,0.5899999737739563,0.5899999737739563,0.5849999785423279,0.5899999737739563,177760.0
2026-08-20 14:05:00,HAR.V,,0.03999999910593033,0.03999999910593033,0.03999999910593033,0.03999999910593033,72000.0
2026-08-20 14:05:00,HCH.V,,1.7000000476837158,1.7000000476837158,1.7000000476837158,1.7000000476837158,100.0
2026-08-20 14:05:00,IPT.V,,0.3149999976158142,0.3149999976158142,0.3149999976158142,0.3149999976158142,9000.0
2026-08-20 14:05:00,KFR.V,,1.2599999904632568,1.2599999904632568,1.2599999904632568,1.2599999904632568,900.0
2026-08-20 14:05:00,KTN.V,,1.3600000143051147,1.3600000143051147,1.3600000143051147,1.3600000143051147,1100.0
2026-08-20 14:05:00,LUCA.V,,1.059999942779541,1.059999942779541,1.059999942779541,1.059999942779541,100.0
2026-08-20 14:05:00,MKO.V,,14.15999984741211,14.170000076293945,14.15999984741211,14.170000076293945,400.0
2026-08-20 14:05:00,MLP.V,,2.799999952316284,2.799999952316284,2.7899999618530273,2.799999952316284,6098.0
2026-08-20 14:05:00,MTA.V,,15.449999809265137,15.449999809265137,15.449999809265137,15.449999809265137,200.0
2026-08-20 14:05:00,NURS.V,,3.9800000190734863,3.9800000190734863,3.9800000190734863,3.9800000190734863,100.0
2026-08-20 14:05:00,PNG.V,,5.849999904632568,5.849999904632568,5.849999904632568,5.849999904632568,300.0
2026-08-20 14:06:00,BIG.V,,1.315000057220459,1.315000057220459,1.315000057220459,1.315000057220459,400.0
2026-08-20 14:06:00,EMM.V,,0.06499999761581421,0.06499999761581421,0.06499999761581421,0.06499999761581421,24000.0
2026-08-20 14:06:00,GLAD.V,,2.759999990463257,2.759999990463257,2.759999990463257,2.759999990463257,100.0
2026-08-20 14:06:00,GOT.V,,1.7450000047683716,1.7450000047683716,1.7400000095367432,1.7400000095367432,300.0
2026-08-20 14:06:00,HCH.V,,1.7000000476837158,1.7000000476837158,1.7000000476837158,1.7000000476837158,100.0
2026-08-20 14:06:00,HMR.V,,0.4699999988079071,0.4749999940395355,0.4699999988079071,0.4749999940395355,2000.0
2026-08-20 14:06:00,HSTR.V,,2.325000047683716,2.325000047683716,2.319999933242798,2.319999933242798,1300.0
2026-08-20 14:06:00,IFOS.V,,2.2300000190734863,2.2300000190734863,2.2200000286102295,2.2200000286102295,5900.0
2026-08-20 14:06:00,ITR.V,,3.890000104904175,3.890000104904175,3.890000104904175,3.890000104904175,400.0
2026-08-20 14:06:00,LIO.V,,0.2150000035762787,0.2150000035762787,0.2150000035762787,0.2150000035762787,50000.0
2026-08-20 14:06:00,LPS.V,,0.25,0.25,0.25,0.25,21000.0
2026-08-20 14:06:00,LUCA.V,,1.0549999475479126,1.059999942779541,1.0549999475479126,1.059999942779541,400.0
2026-08-20 14:06:00,MMA.V,,0.6549999713897705,0.6549999713897705,0.6549999713897705,0.6549999713897705,500.0
2026-08-20 14:06:00,MTA.V,,15.430000305175781,15.449999809265137,15.430000305175781,15.449999809265137,200.0
2026-08-20 14:06:00,NURS.V,,3.9800000190734863,3.9800000190734863,3.9800000190734863,3.9800000190734863,100.0
2026-08-20 14:06:00,TUF.V,,0.6899999976158142,0.6949999928474426,0.6899999976158142,0.6899999976158142,79603.0
2026-08-20 14:07:00,BIG.V,,1.309999942779541,1.309999942779541,1.309999942779541,1.309999942779541,6000.0
2026-08-20 14:07:00,FDR.V,,6.070000171661377,6.070000171661377,6.070000171661377,6.070000171661377,100.0
2026-08-20 14:07:00,GOT.V,,1.7400000095367432,1.7400000095367432,1.7400000095367432,1.7400000095367432,100.0
2026-08-20 14:07:00,GSI.V,,1.7300000190734863,1.7300000190734863,1.7300000190734863,1.7300000190734863,100.0
2026-08-20 14:07:00,HCH.V,,1.7000000476837158,1.7000000476837158,1.7000000476837158,1.7000000476837158,100.0
2026-08-20 14:07:00,HMR.V,,0.4699999988079071,0.4699999988079071,0.4699999988079071,0.4699999988079071,1000.0
2026-08-20 14:07:00,IPT.V,,0.3100000023841858,0.3100000023841858,0.3100000023841858,0.3100000023841858,3000.0
2026-08-20 14:07:00,LIO.V,,0.2175000011920929,0.2175000011920929,0.2175000011920929,0.2175000011920929,1000.0
2026-08-20 14:07:00,LMN.V,,24.56999969482422,24.56999969482422,24.56999969482422,24.56999969482422,200.0
2026-08-20 14:07:00,LUCA.V,,1.059999942779541,1.059999942779541,1.059999942779541,1.059999942779541,100.0
2026-08-20 14:07:00,NURS.V,,3.9800000190734863,3.9800000190734863,3.9800000190734863,3.9800000190734863,100.0
2026-08-20 14:07:00,TUF.V,,0.6899999976158142,0.6899999976158142,0.6899999976158142,0.6899999976158142,1510.0
2026-08-20 14:08:00,BIG.V,,1.309999942779541,1.309999942779541,1.309999942779541,1.309999942779541,200.0
2026-08-20 14:08:00,GLAD.V,,2.759999990463257,2.759999990463257,2.759999990463257,2.759999990463257,100.0
2026-08-20 14:08:00,GMA.V,,0.24500000476837158,0.24500000476837158,0.24500000476837158,0.24500000476837158,2000.0
2026-08-20 14:08:00,GOT.V,,1.7400000095367432,1.7400000095367432,1.7400000095367432,1.7400000095367432,200.0
2026-08-20 14:08:00,HCH.V,,1.7000000476837158,1.7000000476837158,1.7000000476837158,1.7000000476837158,200.0
2026-08-20 14:08:00,HMR.V,,0.4699999988079071,0.4699999988079071,0.4699999988079071,0.4699999988079071,1000.0
2026-08-20 14:08:00,HSTR.V,,2.319999933242798,2.319999933242798,2.319999933242798,2.319999933242798,100.0
2026-08-20 14:08:00,ITR.V,,3.869999885559082,3.880000114440918,3.869999885559082,3.880000114440918,500.0
2026-08-20 14:08:00,KTN.V,,1.3600000143051147,1.3600000143051147,1.3600000143051147,1.3600000143051147,100.0
2026-08-20 14:08:00,LUCA.V,,1.059999942779541,1.059999942779541,1.059999942779541,1.059999942779541,200.0
2026-08-20 14:08:00,MEK.V,,0.04500000178813934,0.04500000178813934,0.04500000178813934,0.04500000178813934,2000.0
2026-08-20 14:08:00,NURS.V,,3.9800000190734863,3.9800000190734863,3.9800000190734863,3.9800000190734863,200.0
2026-08-20 14:08:00,PNG.V,,5.840000152587891,5.849999904632568,5.840000152587891,5.849999904632568,1705.0
2026-08-20 14:08:00,TUF.V,,0.6899999976158142,0.6899999976158142,0.6899999976158142,0.6899999976158142,500.0
2026-08-20 14:09:00,BIG.V,,1.309999942779541,1.309999942779541,1.309999942779541,1.309999942779541,200.0
2026-08-20 14:09:00,GOT.V,,1.7400000095367432,1.7400000095367432,1.7400000095367432,1.7400000095367432,3100.0
2026-08-20 14:09:00,GSVR.V,,0.5899999737739563,0.5899999737739563,0.5799999833106995,0.5899999737739563,2750.0
2026-08-20 14:09:00,HCH.V,,1.7000000476837158,1.7000000476837158,1.7000000476837158,1.7000000476837158,100.0
2026-08-20 14:09:00,HME.V,,2.684999942779541,2.684999942779541,2.684999942779541,2.684999942779541,100.0
2026-08-20 14:09:00,KLDC.V,,0.27000001072883606,0.27000001072883606,0.27000001072883606,0.27000001072883606,500.0
2026-08-20 14:09:00,KTN.V,,1.3600000143051147,1.3600000143051147,1.3600000143051147,1.3600000143051147,1600.0
2026-08-20 14:09:00,LG.V,,0.39500001072883606,0.39500001072883606,0.39500001072883606,0.39500001072883606,57500.0
2026-08-20 14:09:00,LUCA.V,,1.059999942779541,1.059999942779541,1.0549999475479126,1.059999942779541,300.0
2026-08-20 14:09:00,MLP.V,,2.7799999713897705,2.7799999713897705,2.7799999713897705,2.7799999713897705,200.0
2026-08-20 14:09:00,MTA.V,,15.359999656677246,15.359999656677246,15.359999656677246,15.359999656677246,100.0
2026-08-20 14:09:00,NURS.V,,3.984999895095825,3.984999895095825,3.984999895095825,3.984999895095825,200.0
2026-08-20 14:09:00,TUF.V,,0.6899999976158142,0.6899999976158142,0.6899999976158142,0.6899999976158142,500.0
2026-08-20 14:10:00,BIG.V,,1.315000057220459,1.315000057220459,1.309999942779541,1.309999942779541,4900.0
2026-08-20 14:10:00,ESK.V,,0.3449999988079071,0.3449999988079071,0.3449999988079071,0.3449999988079071,2000.0
2026-08-20 14:10:00,FDR.V,,6.070000171661377,6.070000171661377,6.070000171661377,6.070000171661377,100.0
2026-08-20 14:10:00,FWZ.V,,3.240000009536743,3.240000009536743,3.240000009536743,3.240000009536743,100.0
2026-08-20 14:10:00,GOT.V,,1.7400000095367432,1.7400000095367432,1.7400000095367432,1.7400000095367432,200.0
2026-08-20 14:10:00,GSVR.V,,0.5899999737739563,0.5899999737739563,0.5899999737739563,0.5899999737739563,3500.0
2026-08-20 14:10:00,GWM.V,,0.6050000190734863,0.6050000190734863,0.6050000190734863,0.6050000190734863,500.0
2026-08-20 14:10:00,HCH.V,,1.7000000476837158,1.7000000476837158,1.7000000476837158,1.7000000476837158,100.0
2026-08-20 14:10:00,HITI.V,,3.380000114440918,3.380000114440918,3.380000114440918,3.380000114440918,100.0
2026-08-20 14:10:00,HSTR.V,,2.319999933242798,2.319999933242798,2.319999933242798,2.319999933242798,500.0
2026-08-20 14:10:00,IMM.V,,0.05999999865889549,0.05999999865889549,0.05999999865889549,0.05999999865889549,7000.0
2026-08-20 14:10:00,IPT.V,,0.3100000023841858,0.3100000023841858,0.3050000071525574,0.3050000071525574,1100.0
2026-08-20 14:10:00,ITR.V,,3.880000114440918,3.880000114440918,3.880000114440918,3.880000114440918,500.0
2026-08-20 14:10:00,KG.V,,0.16500000655651093,0.16500000655651093,0.16500000655651093,0.16500000655651093,4000.0
2026-08-20 14:10:00,KTN.V,,1.350000023841858,1.350000023841858,1.350000023841858,1.350000023841858,100.0
2026-08-20 14:10:00,KTO.V,,0.8799999952316284,0.8799999952316284,0.8799999952316284,0.8799999952316284,20000.0
2026-08-20 14:10:00,LCX.V,,1.7899999618530273,1.7899999618530273,1.7899999618530273,1.7899999618530273,2000.0
2026-08-20 14:10:00,LG.V,,0.39500001072883606,0.39500001072883606,0.39500001072883606,0.39500001072883606,78575.0
2026-08-20 14:10:00,LMN.V,,24.520000457763672,24.520000457763672,24.520000457763672,24.520000457763672,100.0
2026-08-20 14:10:00,LUCA.V,,1.0549999475479126,1.0549999475479126,1.0549999475479126,1.0549999475479126,100.0
2026-08-20 14:10:00,MJS.V,,0.10000000149011612,0.10000000149011612,0.10000000149011612,0.10000000149011612,1500.0
2026-08-20 14:10:00,PNG.V,,5.840000152587891,5.840000152587891,5.840000152587891,5.840000152587891,100.0
2026-08-20 14:11:00,BIG.V,,1.315000057220459,1.315000057220459,1.315000057220459,1.315000057220459,100.0
2026-08-20 14:11:00,EMM.V,,0.06499999761581421,0.06499999761581421,0.06499999761581421,0.06499999761581421,20000.0
2026-08-20 14:11:00,FDR.V,,6.070000171661377,6.070000171661377,6.070000171661377,6.070000171661377,100.0
2026-08-20 14:11:00,FWZ.V,,3.240000009536743,3.240000009536743,3.240000009536743,3.240000009536743,200.0
2026-08-20 14:11:00,GLAD.V,,2.75,2.75,2.75,2.75,100.0
2026-08-20 14:11:00,GOT.V,,1.7400000095367432,1.7400000095367432,1.7400000095367432,1.7400000095367432,300.0
2026-08-20 14:11:00,GSVR.V,,0.5899999737739563,0.5899999737739563,0.5899999737739563,0.5899999737739563,3500.0
2026-08-20 14:11:00,HCH.V,,1.7000000476837158,1.7000000476837158,1.7000000476837158,1.7000000476837158,100.0
2026-08-20 14:11:00,HSTR.V,,2.309999942779541,2.309999942779541,2.309999942779541,2.309999942779541,100.0
2026-08-20 14:11:00,HVG.V,,0.04500000178813934,0.04500000178813934,0.04500000178813934,0.04500000178813934,2000.0
2026-08-20 14:11:00,IPT.V,,0.3100000023841858,0.3100000023841858,0.3100000023841858,0.3100000023841858,500.0
2026-08-20 14:11:00,ITR.V,,3.869999885559082,3.869999885559082,3.869999885559082,3.869999885559082,300.0
2026-08-20 14:11:00,KFR.V,,1.2649999856948853,1.2649999856948853,1.2649999856948853,1.2649999856948853,100.0
2026-08-20 14:11:00,KTO.V,,0.8799999952316284,0.8799999952316284,0.8799999952316284,0.8799999952316284,11000.0
2026-08-20 14:11:00,LG.V,,0.39750000834465027,0.39750000834465027,0.39750000834465027,0.39750000834465027,500.0
2026-08-20 14:11:00,LUCA.V,,1.0499999523162842,1.0499999523162842,1.0499999523162842,1.0499999523162842,12319.0
2026-08-20 14:11:00,MLP.V,,2.7799999713897705,2.7799999713897705,2.7799999713897705,2.7799999713897705,6101.0
2026-08-20 14:12:00,BIG.V,,1.315000057220459,1.315000057220459,1.315000057220459,1.315000057220459,200.0
2026-08-20 14:12:00,FWZ.V,,3.240000009536743,3.240000009536743,3.240000009536743,3.240000009536743,500.0
2026-08-20 14:12:00,GOT.V,,1.7400000095367432,1.7400000095367432,1.7400000095367432,1.7400000095367432,900.0
2026-08-20 14:12:00,GSVR.V,,0.5899999737739563,0.5899999737739563,0.5899999737739563,0.5899999737739563,4000.0
2026-08-20 14:12:00,HCH.V,,1.7000000476837158,1.7000000476837158,1.7000000476837158,1.7000000476837158,100.0
2026-08-20 14:12:00,KTN.V,,1.350000023841858,1.350000023841858,1.350000023841858,1.350000023841858,6400.0
2026-08-20 14:12:00,KTO.V,,0.8799999952316284,0.8799999952316284,0.8799999952316284,0.8799999952316284,9000.0
2026-08-20 14:12:00,LIO.V,,0.2175000011920929,0.2175000011920929,0.2175000011920929,0.2175000011920929,500.0
2026-08-20 14:12:00,LUCA.V,,1.0499999523162842,1.0499999523162842,1.0399999618530273,1.0399999618530273,3100.0
2026-08-20 14:12:00,MSC.V,,0.019999999552965164,0.019999999552965164,0.019999999552965164,0.019999999552965164,68026.0
2026-08-20 14:12:00,YGT.V,,0.19499999284744263,0.19499999284744263,0.19499999284744263,0.19499999284744263,22000.0
2026-08-20 14:13:00,BIG.V,,1.309999942779541,1.315000057220459,1.309999942779541,1.315000057220459,14700.0
2026-08-20 14:13:00,FMAN.V,,0.39500001072883606,0.39500001072883606,0.39500001072883606,0.39500001072883606,500.0
2026-08-20 14:13:00,GMG.V,,2.109999895095825,2.109999895095825,2.109999895095825,2.109999895095825,100.0
2026-08-20 14:13:00,GOT.V,,1.7300000190734863,1.7400000095367432,1.7300000190734863,1.7400000095367432,5000.0
2026-08-20 14:13:00,GPAC.V,,0.36000001430511475,0.36000001430511475,0.36000001430511475,0.36000001430511475,1500.0
2026-08-20 14:13:00,GSVR.V,,0.5899999737739563,0.5899999737739563,0.5899999737739563,0.5899999737739563,3500.0
2026-08-20 14:13:00,GWM.V,,0.6000000238418579,0.6000000238418579,0.6000000238418579,0.6000000238418579,500.0
2026-08-20 14:13:00,HCH.V,,1.7000000476837158,1.7000000476837158,1.7000000476837158,1.7000000476837158,100.0
2026-08-20 14:13:00,HPQ.V,,0.14000000059604645,0.14000000059604645,0.14000000059604645,0.14000000059604645,49485.0
2026-08-20 14:13:00,HSTR.V,,2.309999942779541,2.309999942779541,2.309999942779541,2.309999942779541,1000.0
2026-08-20 14:13:00,ICM.V,,0.054999999701976776,0.054999999701976776,0.054999999701976776,0.054999999701976776,1000.0
2026-08-20 14:13:00,IMM.V,,0.05999999865889549,0.05999999865889549,0.05999999865889549,0.05999999865889549,8000.0
2026-08-20 14:13:00,KFR.V,,1.2649999856948853,1.2649999856948853,1.2649999856948853,1.2649999856948853,100.0
2026-08-20 14:13:00,LUCA.V,,1.0499999523162842,1.0499999523162842,1.0499999523162842,1.0499999523162842,11200.0
2026-08-20 14:13:00,MKO.V,,14.020000457763672,14.09000015258789,14.0,14.09000015258789,373.0
2026-08-20 14:13:00,PNG.V,,5.849999904632568,5.849999904632568,5.84499979019165,5.84499979019165,1200.0
2026-08-20 14:13:00,TUF.V,,0.6899999976158142,0.6899999976158142,0.6899999976158142,0.6899999976158142,9000.0
2026-08-20 14:14:00,EMM.V,,0.06499999761581421,0.06499999761581421,0.06499999761581421,0.06499999761581421,32000.0
2026-08-20 14:14:00,GMG.V,,2.109999895095825,2.109999895095825,2.109999895095825,2.109999895095825,300.0
2026-08-20 14:14:00,GSI.V,,1.725000023841858,1.725000023841858,1.725000023841858,1.725000023841858,100.0
2026-08-20 14:14:00,GSVR.V,,0.5899999737739563,0.5899999737739563,0.5899999737739563,0.5899999737739563,500.0
2026-08-20 14:14:00,HCH.V,,1.7000000476837158,1.7000000476837158,1.7000000476837158,1.7000000476837158,100.0
2026-08-20 14:14:00,HELI.V,,0.03500000014901161,0.03500000014901161,0.03500000014901161,0.03500000014901161,20000.0
2026-08-20 14:14:00,HITI.V,,3.380000114440918,3.380000114440918,3.380000114440918,3.380000114440918,500.0
2026-08-20 14:14:00,HSTR.V,,2.309999942779541,2.309999942779541,2.305000066757202,2.305000066757202,900.0
2026-08-20 14:14:00,INEO.V,,0.09000000357627869,0.09000000357627869,0.09000000357627869,0.09000000357627869,0.0
2026-08-20 14:14:00,ITR.V,,3.859999895095825,3.869999885559082,3.859999895095825,3.869999885559082,200.0
2026-08-20 14:14:00,KRI.V,,0.2199999988079071,0.23499999940395355,0.2199999988079071,0.23499999940395355,52500.0
2026-08-20 14:14:00,LCX.V,,1.7899999618530273,1.7899999618530273,1.7899999618530273,1.7899999618530273,100.0
2026-08-20 14:14:00,LUCA.V,,1.0499999523162842,1.0499999523162842,1.0499999523162842,1.0499999523162842,7500.0
2026-08-20 14:14:00,NURS.V,,3.984999895095825,3.984999895095825,3.984999895095825,3.984999895095825,100.0
2026-08-20 14:14:00,PNG.V,,5.840000152587891,5.840000152587891,5.840000152587891,5.840000152587891,100.0
2026-08-20 14:15:00,BIG.V,,1.309999942779541,1.309999942779541,1.3049999475479126,1.3049999475479126,3600.0
2026-08-20 14:15:00,EMM.V,,0.06499999761581421,0.06499999761581421,0.06499999761581421,0.06499999761581421,4000.0
2026-08-20 14:15:00,GOT.V,,1.7200000286102295,1.7200000286102295,1.7200000286102295,1.7200000286102295,100.0
2026-08-20 14:15:00,HCH.V,,1.7000000476837158,1.7000000476837158,1.7000000476837158,1.7000000476837158,100.0
2026-08-20 14:15:00,HSTR.V,,2.309999942779541,2.309999942779541,2.309999942779541,2.309999942779541,100.0
2026-08-20 14:15:00,IPT.V,,0.3075000047683716,0.3075000047683716,0.3075000047683716,0.3075000047683716,500.0
2026-08-20 14:15:00,ITR.V,,3.869999885559082,3.869999885559082,3.869999885559082,3.869999885559082,100.0
2026-08-20 14:15:00,JUGR.V,,1.3600000143051147,1.3600000143051147,1.3600000143051147,1.3600000143051147,100.0
2026-08-20 14:15:00,KC.V,,0.28999999165534973,0.28999999165534973,0.28999999165534973,0.28999999165534973,15000.0
2026-08-20 14:15:00,KTN.V,,1.350000023841858,1.350000023841858,1.350000023841858,1.350000023841858,173.0
2026-08-20 14:15:00,LMN.V,,24.559999465942383,24.559999465942383,24.559999465942383,24.559999465942383,203.0
2026-08-20 14:15:00,LMS.V,,0.25999999046325684,0.25999999046325684,0.25999999046325684,0.25999999046325684,4000.0
2026-08-20 14:15:00,LUCA.V,,1.0499999523162842,1.0499999523162842,1.0499999523162842,1.0499999523162842,800.0
2026-08-20 14:15:00,MLP.V,,2.7799999713897705,2.7799999713897705,2.7799999713897705,2.7799999713897705,261.0
2026-08-20 14:15:00,PNG.V,,5.849999904632568,5.849999904632568,5.849999904632568,5.849999904632568,1850.0
2026-08-20 14:16:00,BIG.V,,1.309999942779541,1.309999942779541,1.309999942779541,1.309999942779541,500.0
2026-08-20 14:16:00,GLAD.V,,2.740000009536743,2.740000009536743,2.740000009536743,2.740000009536743,2900.0
2026-08-20 14:16:00,GOT.V,,1.7200000286102295,1.7200000286102295,1.7200000286102295,1.7200000286102295,200.0
2026-08-20 14:16:00,GSVR.V,,0.5849999785423279,0.5849999785423279,0.5849999785423279,0.5849999785423279,1500.0
2026-08-20 14:16:00,HAR.V,,0.03999999910593033,0.03999999910593033,0.03999999910593033,0.03999999910593033,15000.0
2026-08-20 14:16:00,HCH.V,,1.7000000476837158,1.7000000476837158,1.7000000476837158,1.7000000476837158,100.0
2026-08-20 14:16:00,HME.V,,2.684999942779541,2.684999942779541,2.684999942779541,2.684999942779541,100.0
2026-08-20 14:16:00,HSTR.V,,2.305000066757202,2.305000066757202,2.305000066757202,2.305000066757202,1900.0
2026-08-20 14:16:00,ITR.V,,3.859999895095825,3.859999895095825,3.859999895095825,3.859999895095825,400.0
2026-08-20 14:16:00,KFR.V,,1.2649999856948853,1.2649999856948853,1.2649999856948853,1.2649999856948853,100.0
2026-08-20 14:16:00,KLDC.V,,0.27000001072883606,0.27000001072883606,0.27000001072883606,0.27000001072883606,500.0
2026-08-20 14:16:00,LTH.V,,0.6600000262260437,0.6600000262260437,0.6499999761581421,0.6600000262260437,30500.0
2026-08-20 14:16:00,LUCA.V,,1.0499999523162842,1.0499999523162842,1.0499999523162842,1.0499999523162842,1400.0
2026-08-20 14:16:00,MEK.V,,0.04500000178813934,0.04500000178813934,0.04500000178813934,0.04500000178813934,15000.0
2026-08-20 14:16:00,MLP.V,,2.7799999713897705,2.7799999713897705,2.7799999713897705,2.7799999713897705,1100.0
2026-08-20 14:16:00,NURS.V,,3.984999895095825,3.984999895095825,3.984999895095825,3.984999895095825,100.0
2026-08-20 14:16:00,TUF.V,,0.6899999976158142,0.6899999976158142,0.6899999976158142,0.6899999976158142,5500.0
2026-08-20 14:17:00,BIG.V,,1.309999942779541,1.309999942779541,1.309999942779541,1.309999942779541,400.0
2026-08-20 14:17:00,FDR.V,,6.070000171661377,6.070000171661377,6.070000171661377,6.070000171661377,100.0
2026-08-20 14:17:00,FWZ.V,,3.240000009536743,3.240000009536743,3.240000009536743,3.240000009536743,600.0
2026-08-20 14:17:00,GLAD.V,,2.75,2.75,2.75,2.75,100.0
2026-08-20 14:17:00,GOT.V,,1.7200000286102295,1.7200000286102295,1.7200000286102295,1.7200000286102295,300.0
2026-08-20 14:17:00,GSI.V,,1.725000023841858,1.725000023841858,1.725000023841858,1.725000023841858,100.0
2026-08-20 14:17:00,GSVR.V,,0.5849999785423279,0.5849999785423279,0.5849999785423279,0.5849999785423279,3500.0
2026-08-20 14:17:00,GWM.V,,0.6000000238418579,0.6000000238418579,0.6000000238418579,0.6000000238418579,500.0
2026-08-20 14:17:00,HCH.V,,1.7000000476837158,1.7000000476837158,1.7000000476837158,1.7000000476837158,100.0
2026-08-20 14:17:00,INFM.V,,0.12999999523162842,0.12999999523162842,0.12999999523162842,0.12999999523162842,0.0
2026-08-20 14:17:00,LIFT.V,,2.700000047683716,2.700000047683716,2.700000047683716,2.700000047683716,100.0
2026-08-20 14:17:00,LIO.V,,0.22499999403953552,0.22499999403953552,0.2175000011920929,0.2175000011920929,427000.0
2026-08-20 14:17:00,LMS.V,,0.25999999046325684,0.25999999046325684,0.25999999046325684,0.25999999046325684,4000.0
2026-08-20 14:17:00,LSTR.V,,0.06499999761581421,0.06499999761581421,0.06499999761581421,0.06499999761581421,10000.0
2026-08-20 14:17:00,LUCA.V,,1.0399999618530273,1.0499999523162842,1.0399999618530273,1.0499999523162842,6000.0
2026-08-20 14:17:00,MEK.V,,0.04500000178813934,0.04500000178813934,0.04500000178813934,0.04500000178813934,20000.0
2026-08-20 14:17:00,NURS.V,,3.9749999046325684,3.9749999046325684,3.9749999046325684,3.9749999046325684,200.0
2026-08-20 14:17:00,TUF.V,,0.6899999976158142,0.6899999976158142,0.6899999976158142,0.6899999976158142,1000.0
2026-08-20 14:18:00,BIG.V,,1.309999942779541,1.309999942779541,1.309999942779541,1.309999942779541,400.0
2026-08-20 14:18:00,FDR.V,,6.079999923706055,6.079999923706055,6.070000171661377,6.070000171661377,700.0
2026-08-20 14:18:00,GOT.V,,1.7200000286102295,1.7200000286102295,1.7200000286102295,1.7200000286102295,300.0
2026-08-20 14:18:00,GSVR.V,,0.5899999737739563,0.5899999737739563,0.5849999785423279,0.5849999785423279,30500.0
2026-08-20 14:18:00,HCH.V,,1.7000000476837158,1.7000000476837158,1.7000000476837158,1.7000000476837158,100.0
2026-08-20 14:18:00,HSTR.V,,2.309999942779541,2.309999942779541,2.309999942779541,2.309999942779541,300.0
2026-08-20 14:18:00,ITR.V,,3.869999885559082,3.869999885559082,3.869999885559082,3.869999885559082,100.0
2026-08-20 14:18:00,LCX.V,,1.7899999618530273,1.7899999618530273,1.7899999618530273,1.7899999618530273,200.0
2026-08-20 14:18:00,LIO.V,,0.23000000417232513,0.23000000417232513,0.22499999403953552,0.22499999403953552,48500.0
2026-08-20 14:18:00,MKO.V,,14.0600004196167,14.069999694824219,14.0600004196167,14.069999694824219,1100.0
2026-08-20 14:18:00,MLP.V,,2.7799999713897705,2.7799999713897705,2.7799999713897705,2.7799999713897705,300.0
2026-08-20 14:18:00,NURS.V,,3.9800000190734863,3.990000009536743,3.9800000190734863,3.990000009536743,2500.0
2026-08-20 14:19:00,BIG.V,,1.309999942779541,1.309999942779541,1.309999942779541,1.309999942779541,700.0
2026-08-20 14:19:00,FWZ.V,,3.259999990463257,3.259999990463257,3.240000009536743,3.240000009536743,4300.0
2026-08-20 14:19:00,GOT.V,,1.7200000286102295,1.7200000286102295,1.7200000286102295,1.7200000286102295,200.0
2026-08-20 14:19:00,GSI.V,,1.725000023841858,1.725000023841858,1.725000023841858,1.725000023841858,100.0
2026-08-20 14:19:00,GSVR.V,,0.5899999737739563,0.5899999737739563,0.5899999737739563,0.5899999737739563,3000.0
2026-08-20 14:19:00,HCH.V,,1.7000000476837158,1.7000000476837158,1.7000000476837158,1.7000000476837158,100.0
2026-08-20 14:19:00,HSTR.V,,2.309999942779541,2.309999942779541,2.309999942779541,2.309999942779541,100.0
2026-08-20 14:19:00,ITR.V,,3.869999885559082,3.869999885559082,3.869999885559082,3.869999885559082,300.0
2026-08-20 14:19:00,KFR.V,,1.2649999856948853,1.2649999856948853,1.2649999856948853,1.2649999856948853,100.0
2026-08-20 14:19:00,LPS.V,,0.24500000476837158,0.24500000476837158,0.24500000476837158,0.24500000476837158,8500.0
2026-08-20 14:19:00,LUCA.V,,1.0499999523162842,1.0499999523162842,1.0499999523162842,1.0499999523162842,1600.0
2026-08-20 14:19:00,MKO.V,,14.0600004196167,14.0600004196167,14.0600004196167,14.0600004196167,100.0
2026-08-20 14:19:00,MTA.V,,15.40999984741211,15.40999984741211,15.390000343322754,15.390000343322754,200.0
2026-08-20 14:19:00,TUF.V,,0.6899999976158142,0.6899999976158142,0.6899999976158142,0.6899999976158142,2500.0
2026-08-20 14:20:00,BIG.V,,1.309999942779541,1.309999942779541,1.309999942779541,1.309999942779541,4100.0
2026-08-20 14:20:00,FDR.V,,6.079999923706055,6.079999923706055,6.079999923706055,6.079999923706055,200.0
2026-08-20 14:20:00,FWZ.V,,3.259999990463257,3.259999990463257,3.259999990463257,3.259999990463257,100.0
2026-08-20 14:20:00,GGO.V,,1.149999976158142,1.149999976158142,1.149999976158142,1.149999976158142,1100.0
2026-08-20 14:20:00,GOT.V,,1.7200000286102295,1.7200000286102295,1.7200000286102295,1.7200000286102295,200.0
2026-08-20 14:20:00,GRZ.V,,6.5,6.5,6.5,6.5,100.0
2026-08-20 14:20:00,GSI.V,,1.7300000190734863,1.7300000190734863,1.7300000190734863,1.7300000190734863,2200.0
2026-08-20 14:20:00,GSVR.V,,0.5899999737739563,0.5899999737739563,0.5899999737739563,0.5899999737739563,3500.0
2026-08-20 14:20:00,GWM.V,,0.6050000190734863,0.6050000190734863,0.6050000190734863,0.6050000190734863,500.0
2026-08-20 14:20:00,HCH.V,,1.7000000476837158,1.7000000476837158,1.7000000476837158,1.7000000476837158,100.0
2026-08-20 14:20:00,KLDC.V,,0.27000001072883606,0.27000001072883606,0.27000001072883606,0.27000001072883606,10000.0
2026-08-20 14:20:00,KTO.V,,0.8799999952316284,0.8799999952316284,0.8799999952316284,0.8799999952316284,20000.0
2026-08-20 14:20:00,LIO.V,,0.23000000417232513,0.23499999940395355,0.23000000417232513,0.23499999940395355,9000.0
2026-08-20 14:20:00,LMS.V,,0.25999999046325684,0.25999999046325684,0.25999999046325684,0.25999999046325684,21500.0
2026-08-20 14:20:00,LTH.V,,0.6600000262260437,0.6600000262260437,0.6600000262260437,0.6600000262260437,500.0
2026-08-20 14:20:00,LUCA.V,,1.0499999523162842,1.0499999523162842,1.0499999523162842,1.0499999523162842,600.0
2026-08-20 14:20:00,NURS.V,,3.9800000190734863,3.9800000190734863,3.9800000190734863,3.9800000190734863,1600.0
2026-08-20 14:20:00,WOLF.V,,1.7000000476837158,1.7000000476837158,1.7000000476837158,1.7000000476837158,0.0
2026-08-20 14:20:00,YGT.V,,0.20000000298023224,0.20000000298023224,0.20000000298023224,0.20000000298023224,1000.0
2026-08-20 14:21:00,BIG.V,,1.309999942779541,1.309999942779541,1.309999942779541,1.309999942779541,1600.0
2026-08-20 14:21:00,FWZ.V,,3.2699999809265137,3.2699999809265137,3.2699999809265137,3.2699999809265137,100.0
2026-08-20 14:21:00,GLAD.V,,2.75,2.75,2.75,2.75,100.0
2026-08-20 14:21:00,GOT.V,,1.7200000286102295,1.7200000286102295,1.7200000286102295,1.7200000286102295,200.0
2026-08-20 14:21:00,GSVR.V,,0.5899999737739563,0.5899999737739563,0.5899999737739563,0.5899999737739563,2500.0
2026-08-20 14:21:00,HCH.V,,1.7000000476837158,1.7000000476837158,1.7000000476837158,1.7000000476837158,100.0
2026-08-20 14:21:00,HMR.V,,0.4749999940395355,0.4749999940395355,0.4699999988079071,0.4699999988079071,4000.0
2026-08-20 14:21:00,HSTR.V,,2.309999942779541,2.309999942779541,2.309999942779541,2.309999942779541,100.0
2026-08-20 14:21:00,LCX.V,,1.7899999618530273,1.7899999618530273,1.7899999618530273,1.7899999618530273,100.0
2026-08-20 14:21:00,LIO.V,,0.23499999940395355,0.23499999940395355,0.23250000178813934,0.23250000178813934,45000.0
2026-08-20 14:21:00,LMN.V,,24.520000457763672,24.520000457763672,24.520000457763672,24.520000457763672,100.0
2026-08-20 14:21:00,LMS.V,,0.25999999046325684,0.25999999046325684,0.25999999046325684,0.25999999046325684,5500.0
2026-08-20 14:21:00,LUCA.V,,1.0499999523162842,1.0499999523162842,1.0499999523162842,1.0499999523162842,300.0
2026-08-20 14:21:00,NURS.V,,3.990000009536743,3.990000009536743,3.990000009536743,3.990000009536743,1600.0
2026-08-20 14:22:00,BIG.V,,1.309999942779541,1.309999942779541,1.309999942779541,1.309999942779541,400.0
2026-08-20 14:22:00,EMM.V,,0.06499999761581421,0.06499999761581421,0.06499999761581421,0.06499999761581421,18000.0
2026-08-20 14:22:00,GOT.V,,1.7200000286102295,1.7200000286102295,1.7200000286102295,1.7200000286102295,200.0
2026-08-20 14:22:00,GSVR.V,,0.5899999737739563,0.5899999737739563,0.5849999785423279,0.5899999737739563,4000.0
2026-08-20 14:22:00,HCH.V,,1.7000000476837158,1.7000000476837158,1.7000000476837158,1.7000000476837158,100.0
2026-08-20 14:22:00,HSTR.V,,2.309999942779541,2.309999942779541,2.309999942779541,2.309999942779541,1300.0
2026-08-20 14:22:00,INFM.V,,0.125,0.125,0.125,0.125,966.0
2026-08-20 14:22:00,ITR.V,,3.880000114440918,3.880000114440918,3.880000114440918,3.880000114440918,1100.0
2026-08-20 14:22:00,KLDC.V,,0.27000001072883606,0.27000001072883606,0.27000001072883606,0.27000001072883606,500.0
2026-08-20 14:22:00,LA.V,,13.239999771118164,13.239999771118164,13.239999771118164,13.239999771118164,300.0
2026-08-20 14:22:00,LIO.V,,0.23499999940395355,0.23499999940395355,0.23499999940395355,0.23499999940395355,20500.0
2026-08-20 14:22:00,LMN.V,,24.559999465942383,24.559999465942383,24.559999465942383,24.559999465942383,200.0
2026-08-20 14:22:00,LTH.V,,0.6600000262260437,0.6600000262260437,0.6600000262260437,0.6600000262260437,500.0
2026-08-20 14:22:00,LUCA.V,,1.0499999523162842,1.0499999523162842,1.0499999523162842,1.0499999523162842,300.0
2026-08-20 14:22:00,MFG.V,,4.110000133514404,4.110000133514404,4.110000133514404,4.110000133514404,100.0
2026-08-20 14:22:00,NURS.V,,3.9800000190734863,3.9800000190734863,3.9800000190734863,3.9800000190734863,100.0
2026-08-20 14:23:00,BIG.V,,1.309999942779541,1.309999942779541,1.309999942779541,1.309999942779541,400.0
2026-08-20 14:23:00,EMM.V,,0.06499999761581421,0.06499999761581421,0.06499999761581421,0.06499999761581421,67000.0
2026-08-20 14:23:00,FUU.V,,0.14499999582767487,0.14499999582767487,0.14499999582767487,0.14499999582767487,128000.0
2026-08-20 14:23:00,FWZ.V,,3.255000114440918,3.2699999809265137,3.255000114440918,3.2699999809265137,200.0
2026-08-20 14:23:00,GOT.V,,1.7200000286102295,1.7200000286102295,1.7200000286102295,1.7200000286102295,200.0
2026-08-20 14:23:00,GSVR.V,,0.5899999737739563,0.5899999737739563,0.5899999737739563,0.5899999737739563,3000.0
2026-08-20 14:23:00,GWM.V,,0.6050000190734863,0.6050000190734863,0.6050000190734863,0.6050000190734863,500.0
2026-08-20 14:23:00,HCH.V,,1.7000000476837158,1.7000000476837158,1.7000000476837158,1.7000000476837158,100.0
2026-08-20 14:23:00,IPT.V,,0.3100000023841858,0.3100000023841858,0.3100000023841858,0.3100000023841858,500.0
2026-08-20 14:23:00,JUGR.V,,1.3600000143051147,1.3600000143051147,1.3600000143051147,1.3600000143051147,5000.0
2026-08-20 14:23:00,KFR.V,,1.2699999809265137,1.2699999809265137,1.2699999809265137,1.2699999809265137,100.0
2026-08-20 14:23:00,KLDC.V,,0.27000001072883606,0.27000001072883606,0.27000001072883606,0.27000001072883606,500.0
2026-08-20 14:23:00,KS.V,,0.15000000596046448,0.15000000596046448,0.15000000596046448,0.15000000596046448,3000.0
2026-08-20 14:23:00,LA.V,,13.300000190734863,13.300000190734863,13.300000190734863,13.300000190734863,100.0
2026-08-20 14:23:00,LIO.V,,0.23499999940395355,0.23499999940395355,0.23499999940395355,0.23499999940395355,5500.0
2026-08-20 14:23:00,LUCA.V,,1.0499999523162842,1.0499999523162842,1.0499999523162842,1.0499999523162842,400.0
2026-08-20 14:23:00,MMA.V,,0.6549999713897705,0.6549999713897705,0.6549999713897705,0.6549999713897705,500.0
2026-08-20 14:24:00,BIG.V,,1.309999942779541,1.309999942779541,1.309999942779541,1.309999942779541,400.0
2026-08-20 14:24:00,EMM.V,,0.06499999761581421,0.06499999761581421,0.06499999761581421,0.06499999761581421,11000.0
2026-08-20 14:24:00,FWZ.V,,3.255000114440918,3.255000114440918,3.255000114440918,3.255000114440918,100.0
2026-08-20 14:24:00,GOT.V,,1.7200000286102295,1.7200000286102295,1.7200000286102295,1.7200000286102295,100.0
2026-08-20 14:24:00,GSI.V,,1.7300000190734863,1.7300000190734863,1.7300000190734863,1.7300000190734863,100.0
2026-08-20 14:24:00,GSVR.V,,0.5899999737739563,0.5899999737739563,0.5899999737739563,0.5899999737739563,3000.0
2026-08-20 14:24:00,HCH.V,,1.7000000476837158,1.7000000476837158,1.7000000476837158,1.7000000476837158,100.0
2026-08-20 14:24:00,ITR.V,,3.869999885559082,3.869999885559082,3.869999885559082,3.869999885559082,100.0
2026-08-20 14:24:00,LIO.V,,0.23250000178813934,0.23499999940395355,0.23250000178813934,0.23499999940395355,9000.0
2026-08-20 14:24:00,LTH.V,,0.6600000262260437,0.6600000262260437,0.6600000262260437,0.6600000262260437,500.0
2026-08-20 14:24:00,LUCA.V,,1.0499999523162842,1.0499999523162842,1.0499999523162842,1.0499999523162842,400.0
2026-08-20 14:24:00,MKO.V,,14.069999694824219,14.069999694824219,14.0600004196167,14.0600004196167,200.0
2026-08-20 14:24:00,MLP.V,,2.7699999809265137,2.7699999809265137,2.7699999809265137,2.7699999809265137,100.0
2026-08-20 14:25:00,BIG.V,,1.309999942779541,1.309999942779541,1.309999942779541,1.309999942779541,100.0
2026-08-20 14:25:00,EMM.V,,0.06499999761581421,0.06499999761581421,0.06499999761581421,0.06499999761581421,6000.0
2026-08-20 14:25:00,FWZ.V,,3.255000114440918,3.255000114440918,3.255000114440918,3.255000114440918,100.0
2026-08-20 14:25:00,GOT.V,,1.7200000286102295,1.7200000286102295,1.7200000286102295,1.7200000286102295,300.0
2026-08-20 14:25:00,GPAC.V,,0.36500000953674316,0.36500000953674316,0.36500000953674316,0.36500000953674316,500.0
2026-08-20 14:25:00,GSVR.V,,0.5899999737739563,0.5899999737739563,0.5899999737739563,0.5899999737739563,2500.0
2026-08-20 14:25:00,HAWK.V,,0.029999999329447746,0.029999999329447746,0.029999999329447746,0.029999999329447746,3000.0
2026-08-20 14:25:00,HCH.V,,1.7000000476837158,1.7000000476837158,1.7000000476837158,1.7000000476837158,100.0
2026-08-20 14:25:00,HME.V,,2.6700000762939453,2.684999942779541,2.6700000762939453,2.684999942779541,8500.0
2026-08-20 14:25:00,KLDC.V,,0.27000001072883606,0.27000001072883606,0.27000001072883606,0.27000001072883606,500.0
2026-08-20 14:25:00,KTO.V,,0.8799999952316284,0.8799999952316284,0.8799999952316284,0.8799999952316284,5000.0
2026-08-20 14:25:00,LIO.V,,0.23000000417232513,0.23000000417232513,0.23000000417232513,0.23000000417232513,2500.0
2026-08-20 14:25:00,LTH.V,,0.6600000262260437,0.6600000262260437,0.6600000262260437,0.6600000262260437,500.0
2026-08-20 14:25:00,LUCA.V,,1.0499999523162842,1.0499999523162842,1.0499999523162842,1.0499999523162842,300.0
2026-08-20 14:25:00,MKO.V,,14.09000015258789,14.09000015258789,14.09000015258789,14.09000015258789,100.0
2026-08-20 14:25:00,NURS.V,,3.9600000381469727,3.9800000190734863,3.9600000381469727,3.9600000381469727,8737.0
2026-08-20 14:25:00,TUF.V,,0.6850000023841858,0.6850000023841858,0.6850000023841858,0.6850000023841858,1000.0
2026-08-20 14:26:00,BIG.V,,1.309999942779541,1.309999942779541,1.309999942779541,1.309999942779541,300.0
2026-08-20 14:26:00,EMM.V,,0.06499999761581421,0.06499999761581421,0.06499999761581421,0.06499999761581421,10000.0
2026-08-20 14:26:00,FWZ.V,,3.255000114440918,3.255000114440918,3.255000114440918,3.255000114440918,200.0
2026-08-20 14:26:00,GLD.V,,0.04500000178813934,0.04500000178813934,0.04500000178813934,0.04500000178813934,40000.0
2026-08-20 14:26:00,GOT.V,,1.7200000286102295,1.7200000286102295,1.7200000286102295,1.7200000286102295,100.0
2026-08-20 14:26:00,GSI.V,,1.7300000190734863,1.7300000190734863,1.7300000190734863,1.7300000190734863,100.0
2026-08-20 14:26:00,GSVR.V,,0.5899999737739563,0.5899999737739563,0.5899999737739563,0.5899999737739563,2500.0
2026-08-20 14:26:00,GWM.V,,0.6050000190734863,0.6050000190734863,0.6050000190734863,0.6050000190734863,500.0
2026-08-20 14:26:00,HCH.V,,1.7000000476837158,1.7000000476837158,1.7000000476837158,1.7000000476837158,100.0
2026-08-20 14:26:00,HITI.V,,3.380000114440918,3.380000114440918,3.380000114440918,3.380000114440918,400.0
2026-08-20 14:26:00,KRI.V,,0.23999999463558197,0.23999999463558197,0.23999999463558197,0.23999999463558197,1000.0
2026-08-20 14:26:00,KTO.V,,0.8799999952316284,0.8799999952316284,0.8799999952316284,0.8799999952316284,14500.0
2026-08-20 14:26:00,LCX.V,,1.7899999618530273,1.7899999618530273,1.7899999618530273,1.7899999618530273,100.0
2026-08-20 14:26:00,LIO.V,,0.22750000655651093,0.22750000655651093,0.22750000655651093,0.22750000655651093,11500.0
2026-08-20 14:26:00,LUCA.V,,1.0499999523162842,1.0499999523162842,1.0499999523162842,1.0499999523162842,400.0
2026-08-20 14:26:00,MAH.V,,0.17000000178813934,0.17000000178813934,0.17000000178813934,0.17000000178813934,1500.0
2026-08-20 14:26:00,NURS.V,,3.9700000286102295,3.9700000286102295,3.9600000381469727,3.9600000381469727,4100.0
2026-08-20 14:26:00,TUF.V,,0.6850000023841858,0.6850000023841858,0.6850000023841858,0.6850000023841858,500.0
2026-08-20 14:27:00,BIG.V,,1.309999942779541,1.309999942779541,1.309999942779541,1.309999942779541,400.0
2026-08-20 14:27:00,EMM.V,,0.06499999761581421,0.06499999761581421,0.06499999761581421,0.06499999761581421,7000.0
2026-08-20 14:27:00,FWZ.V,,3.255000114440918,3.255000114440918,3.255000114440918,3.255000114440918,200.0
2026-08-20 14:27:00,GLAD.V,,2.75,2.75,2.75,2.75,100.0
2026-08-20 14:27:00,GOT.V,,1.7200000286102295,1.7200000286102295,1.7200000286102295,1.7200000286102295,100.0
2026-08-20 14:27:00,GRSL.V,,0.41999998688697815,0.41999998688697815,0.41999998688697815,0.41999998688697815,8645.0
2026-08-20 14:27:00,GSVR.V,,0.5899999737739563,0.5899999737739563,0.5899999737739563,0.5899999737739563,3000.0
2026-08-20 14:27:00,HCH.V,,1.7000000476837158,1.7000000476837158,1.7000000476837158,1.7000000476837158,100.0
2026-08-20 14:27:00,HSTR.V,,2.319999933242798,2.319999933242798,2.319999933242798,2.319999933242798,200.0
2026-08-20 14:27:00,ITR.V,,3.880000114440918,3.890000104904175,3.880000114440918,3.890000104904175,200.0
2026-08-20 14:27:00,KDA.V,,0.09000000357627869,0.09000000357627869,0.09000000357627869,0.09000000357627869,5000.0
2026-08-20 14:27:00,KRI.V,,0.25,0.25,0.24500000476837158,0.24500000476837158,35000.0
2026-08-20 14:27:00,LTH.V,,0.6600000262260437,0.6600000262260437,0.6600000262260437,0.6600000262260437,500.0
2026-08-20 14:27:00,MAH.V,,0.18000000715255737,0.18000000715255737,0.18000000715255737,0.18000000715255737,15000.0
2026-08-20 14:27:00,MLP.V,,2.7699999809265137,2.7699999809265137,2.7699999809265137,2.7699999809265137,100.0
2026-08-20 14:27:00,NURS.V,,3.950000047683716,3.950000047683716,3.950000047683716,3.950000047683716,1310.0
2026-08-20 14:27:00,TUF.V,,0.6850000023841858,0.6850000023841858,0.6850000023841858,0.6850000023841858,1000.0
2026-08-20 14:28:00,BIG.V,,1.309999942779541,1.309999942779541,1.309999942779541,1.309999942779541,300.0
2026-08-20 14:28:00,EMM.V,,0.06499999761581421,0.06499999761581421,0.06499999761581421,0.06499999761581421,11000.0
2026-08-20 14:28:00,GOT.V,,1.7200000286102295,1.7200000286102295,1.7200000286102295,1.7200000286102295,100.0
2026-08-20 14:28:00,GSI.V,,1.7300000190734863,1.7300000190734863,1.7300000190734863,1.7300000190734863,100.0
2026-08-20 14:28:00,GSVR.V,,0.5899999737739563,0.5899999737739563,0.5899999737739563,0.5899999737739563,2000.0
2026-08-20 14:28:00,HAM.V,,6.0,6.0,6.0,6.0,200.0
2026-08-20 14:28:00,HCH.V,,1.7000000476837158,1.7000000476837158,1.7000000476837158,1.7000000476837158,1000.0
2026-08-20 14:28:00,HME.V,,2.690000057220459,2.690000057220459,2.690000057220459,2.690000057220459,9400.0
2026-08-20 14:28:00,HSTR.V,,2.319999933242798,2.319999933242798,2.319999933242798,2.319999933242798,100.0
2026-08-20 14:28:00,ITR.V,,3.880000114440918,3.880000114440918,3.880000114440918,3.880000114440918,200.0
2026-08-20 14:28:00,LA.V,,13.260000228881836,13.260000228881836,13.260000228881836,13.260000228881836,1000.0
2026-08-20 14:28:00,LIO.V,,0.22750000655651093,0.23000000417232513,0.22750000655651093,0.23000000417232513,14500.0
2026-08-20 14:28:00,LUCA.V,,1.0499999523162842,1.0499999523162842,1.0499999523162842,1.0499999523162842,1900.0
2026-08-20 14:28:00,NURS.V,,3.930000066757202,3.930000066757202,3.930000066757202,3.930000066757202,200.0
2026-08-20 14:28:00,TUF.V,,0.6850000023841858,0.6850000023841858,0.6850000023841858,0.6850000023841858,1000.0
2026-08-20 14:29:00,BIG.V,,1.309999942779541,1.309999942779541,1.309999942779541,1.309999942779541,2400.0
2026-08-20 14:29:00,EMM.V,,0.06499999761581421,0.06499999761581421,0.06499999761581421,0.06499999761581421,7000.0
2026-08-20 14:29:00,FWZ.V,,3.255000114440918,3.255000114440918,3.255000114440918,3.255000114440918,300.0
2026-08-20 14:29:00,GRZ.V,,6.570000171661377,6.570000171661377,6.570000171661377,6.570000171661377,200.0
2026-08-20 14:29:00,GSVR.V,,0.5899999737739563,0.5899999737739563,0.5899999737739563,0.5899999737739563,2500.0
2026-08-20 14:29:00,ITR.V,,3.890000104904175,3.890000104904175,3.890000104904175,3.890000104904175,100.0
2026-08-20 14:29:00,LA.V,,13.25,13.25,13.25,13.25,100.0
2026-08-20 14:29:00,LIFT.V,,2.700000047683716,2.700000047683716,2.700000047683716,2.700000047683716,100.0
2026-08-20 14:29:00,LIO.V,,0.22750000655651093,0.22750000655651093,0.22750000655651093,0.22750000655651093,500.0
2026-08-20 14:29:00,LMN.V,,24.530000686645508,24.530000686645508,24.530000686645508,24.530000686645508,200.0
2026-08-20 14:29:00,LTH.V,,0.6600000262260437,0.6600000262260437,0.6600000262260437,0.6600000262260437,500.0
2026-08-20 14:29:00,NURS.V,,3.930000066757202,3.930000066757202,3.930000066757202,3.930000066757202,100.0
2026-08-20 14:29:00,PNG.V,,5.860000133514404,5.860000133514404,5.849999904632568,5.849999904632568,300.0
2026-08-20 14:29:00,TUF.V,,0.6850000023841858,0.6850000023841858,0.6850000023841858,0.6850000023841858,2000.0
2026-08-20 14:30:00,BIG.V,,1.309999942779541,1.315000057220459,1.309999942779541,1.315000057220459,1800.0
2026-08-20 14:30:00,EMM.V,,0.06499999761581421,0.06499999761581421,0.06499999761581421,0.06499999761581421,12000.0
2026-08-20 14:30:00,FRSH.V,,0.8399999737739563,0.8399999737739563,0.8399999737739563,0.8399999737739563,0.0
2026-08-20 14:30:00,FWZ.V,,3.255000114440918,3.255000114440918,3.255000114440918,3.255000114440918,300.0
2026-08-20 14:30:00,GSI.V,,1.7300000190734863,1.7300000190734863,1.7300000190734863,1.7300000190734863,100.0
2026-08-20 14:30:00,GSVR.V,,0.5899999737739563,0.5899999737739563,0.5899999737739563,0.5899999737739563,2500.0
2026-08-20 14:30:00,GWM.V,,0.6050000190734863,0.6050000190734863,0.6050000190734863,0.6050000190734863,500.0
2026-08-20 14:30:00,HITI.V,,3.380000114440918,3.380000114440918,3.380000114440918,3.380000114440918,100.0
2026-08-20 14:30:00,HPL.V,,0.30000001192092896,0.30000001192092896,0.30000001192092896,0.30000001192092896,500.0
2026-08-20 14:30:00,HSTR.V,,2.319999933242798,2.319999933242798,2.319999933242798,2.319999933242798,100.0
2026-08-20 14:30:00,KFR.V,,1.2699999809265137,1.2699999809265137,1.2699999809265137,1.2699999809265137,100.0
2026-08-20 14:30:00,LG.V,,0.39750000834465027,0.39750000834465027,0.39750000834465027,0.39750000834465027,500.0
2026-08-20 14:30:00,LITH.V,,0.4350000023841858,0.4350000023841858,0.4350000023841858,0.4350000023841858,1000.0
2026-08-20 14:30:00,LTH.V,,0.6499999761581421,0.6600000262260437,0.6499999761581421,0.6600000262260437,49500.0
2026-08-20 14:30:00,LUCA.V,,1.059999942779541,1.059999942779541,1.059999942779541,1.059999942779541,1700.0
2026-08-20 14:30:00,MKO.V,,14.109999656677246,14.109999656677246,14.109999656677246,14.109999656677246,100.0
2026-08-20 14:30:00,NURS.V,,3.930000066757202,3.930000066757202,3.930000066757202,3.930000066757202,100.0
2026-08-20 14:31:00,EMM.V,,0.06499999761581421,0.06499999761581421,0.06499999761581421,0.06499999761581421,6000.0
2026-08-20 14:31:00,FWZ.V,,3.2699999809265137,3.2699999809265137,3.2699999809265137,3.2699999809265137,100.0
2026-08-20 14:31:00,GAL.V,,0.5249999761581421,0.5249999761581421,0.5249999761581421,0.5249999761581421,1000.0
2026-08-20 14:31:00,GOT.V,,1.7200000286102295,1.7200000286102295,1.7200000286102295,1.7200000286102295,100.0
2026-08-20 14:31:00,GSVR.V,,0.5899999737739563,0.5899999737739563,0.5899999737739563,0.5899999737739563,2000.0
2026-08-20 14:31:00,HAR.V,,0.03999999910593033,0.03999999910593033,0.03999999910593033,0.03999999910593033,10000.0
2026-08-20 14:31:00,HCH.V,,1.7000000476837158,1.7000000476837158,1.7000000476837158,1.7000000476837158,100.0
2026-08-20 14:31:00,HSTR.V,,2.319999933242798,2.319999933242798,2.319999933242798,2.319999933242798,700.0
2026-08-20 14:31:00,ITR.V,,3.890000104904175,3.890000104904175,3.890000104904175,3.890000104904175,100.0
2026-08-20 14:31:00,JUGR.V,,1.3600000143051147,1.3600000143051147,1.3600000143051147,1.3600000143051147,1200.0
2026-08-20 14:31:00,LIFT.V,,2.799999952316284,2.799999952316284,2.700000047683716,2.700000047683716,24200.0
2026-08-20 14:31:00,LUCA.V,,1.059999942779541,1.059999942779541,1.059999942779541,1.059999942779541,200.0
2026-08-20 14:31:00,MLP.V,,2.7799999713897705,2.7799999713897705,2.7799999713897705,2.7799999713897705,100.0
2026-08-20 14:31:00,NURS.V,,3.930000066757202,3.930000066757202,3.930000066757202,3.930000066757202,100.0
2026-08-20 14:32:00,BIG.V,,1.3200000524520874,1.3200000524520874,1.3200000524520874,1.3200000524520874,200.0
2026-08-20 14:32:00,EMM.V,,0.06499999761581421,0.06499999761581421,0.06499999761581421,0.06499999761581421,13000.0
2026-08-20 14:32:00,GLAD.V,,2.75,2.75,2.75,2.75,100.0
2026-08-20 14:32:00,GOT.V,,1.7200000286102295,1.7200000286102295,1.7200000286102295,1.7200000286102295,300.0
2026-08-20 14:32:00,GSVR.V,,0.5899999737739563,0.5899999737739563,0.5899999737739563,0.5899999737739563,2000.0
2026-08-20 14:32:00,HME.V,,2.694999933242798,2.694999933242798,2.690000057220459,2.690000057220459,200.0
2026-08-20 14:32:00,LCX.V,,1.7899999618530273,1.7899999618530273,1.7899999618530273,1.7899999618530273,100.0
2026-08-20 14:32:00,LIO.V,,0.23000000417232513,0.23000000417232513,0.23000000417232513,0.23000000417232513,11500.0
2026-08-20 14:32:00,LUCA.V,,1.059999942779541,1.059999942779541,1.059999942779541,1.059999942779541,400.0
2026-08-20 14:32:00,NURS.V,,3.940000057220459,3.940000057220459,3.940000057220459,3.940000057220459,200.0
2026-08-20 14:32:00,PNG.V,,5.840000152587891,5.860000133514404,5.840000152587891,5.860000133514404,901.0
2026-08-20 14:33:00,BIG.V,,1.3200000524520874,1.3200000524520874,1.3200000524520874,1.3200000524520874,200.0
2026-08-20 14:33:00,FWZ.V,,3.2699999809265137,3.2699999809265137,3.2699999809265137,3.2699999809265137,2800.0
2026-08-20 14:33:00,GFG.V,,0.23000000417232513,0.23000000417232513,0.23000000417232513,0.23000000417232513,500.0
2026-08-20 14:33:00,GSVR.V,,0.5899999737739563,0.5899999737739563,0.5899999737739563,0.5899999737739563,2500.0
2026-08-20 14:33:00,HME.V,,2.694999933242798,2.694999933242798,2.694999933242798,2.694999933242798,100.0
2026-08-20 14:33:00,KFR.V,,1.2599999904632568,1.2599999904632568,1.2599999904632568,1.2599999904632568,7600.0
2026-08-20 14:33:00,LUCA.V,,1.059999942779541,1.059999942779541,1.059999942779541,1.059999942779541,200.0
2026-08-20 14:33:00,LVG.V,,0.30000001192092896,0.30000001192092896,0.30000001192092896,0.30000001192092896,7500.0
2026-08-20 14:33:00,NURS.V,,3.940000057220459,3.940000057220459,3.940000057220459,3.940000057220459,100.0
2026-08-20 14:34:00,BIG.V,,1.3200000524520874,1.3200000524520874,1.3200000524520874,1.3200000524520874,200.0
2026-08-20 14:34:00,EMM.V,,0.06499999761581421,0.06499999761581421,0.06499999761581421,0.06499999761581421,2000.0
2026-08-20 14:34:00,FRSH.V,,0.8399999737739563,0.8399999737739563,0.8399999737739563,0.8399999737739563,5000.0
2026-08-20 14:34:00,FWZ.V,,3.2699999809265137,3.2699999809265137,3.2699999809265137,3.2699999809265137,100.0
2026-08-20 14:34:00,GAL.V,,0.5199999809265137,0.5199999809265137,0.5199999809265137,0.5199999809265137,500.0
2026-08-20 14:34:00,GPAC.V,,0.3499999940395355,0.36000001430511475,0.3499999940395355,0.36000001430511475,5000.0
2026-08-20 14:34:00,GSVR.V,,0.5899999737739563,0.5899999737739563,0.5899999737739563,0.5899999737739563,2000.0
2026-08-20 14:34:00,GWM.V,,0.6050000190734863,0.6050000190734863,0.6050000190734863,0.6050000190734863,500.0
2026-08-20 14:34:00,HAR.V,,0.03999999910593033,0.03999999910593033,0.03999999910593033,0.03999999910593033,260000.0
2026-08-20 14:34:00,HME.V,,2.694999933242798,2.694999933242798,2.694999933242798,2.694999933242798,100.0
2026-08-20 14:34:00,ITR.V,,3.880000114440918,3.880000114440918,3.880000114440918,3.880000114440918,1000.0
2026-08-20 14:34:00,KLDC.V,,0.27000001072883606,0.27000001072883606,0.27000001072883606,0.27000001072883606,500.0
2026-08-20 14:34:00,LIO.V,,0.23499999940395355,0.23499999940395355,0.23000000417232513,0.23000000417232513,9500.0
2026-08-20 14:34:00,LTH.V,,0.6399999856948853,0.6399999856948853,0.6399999856948853,0.6399999856948853,500.0
2026-08-20 14:34:00,LUCA.V,,1.0549999475479126,1.0549999475479126,1.0549999475479126,1.0549999475479126,100.0
2026-08-20 14:34:00,MLP.V,,2.7799999713897705,2.7799999713897705,2.7799999713897705,2.7799999713897705,600.0
2026-08-20 14:34:00,MTA.V,,15.460000038146973,15.460000038146973,15.460000038146973,15.460000038146973,200.0
2026-08-20 14:34:00,NURS.V,,3.944999933242798,3.944999933242798,3.944999933242798,3.944999933242798,300.0
2026-08-20 14:34:00,PNG.V,,5.840000152587891,5.840000152587891,5.840000152587891,5.840000152587891,2321.0
2026-08-20 14:35:00,BIG.V,,1.3200000524520874,1.3200000524520874,1.3200000524520874,1.3200000524520874,200.0
2026-08-20 14:35:00,EMM.V,,0.06499999761581421,0.06499999761581421,0.06499999761581421,0.06499999761581421,15000.0
2026-08-20 14:35:00,GLAD.V,,2.734999895095825,2.734999895095825,2.734999895095825,2.734999895095825,500.0
2026-08-20 14:35:00,GOT.V,,1.7200000286102295,1.7200000286102295,1.7200000286102295,1.7200000286102295,200.0
2026-08-20 14:35:00,GRSL.V,,0.41999998688697815,0.41999998688697815,0.41999998688697815,0.41999998688697815,20748.0
2026-08-20 14:35:00,GSVR.V,,0.5899999737739563,0.5899999737739563,0.5899999737739563,0.5899999737739563,2000.0
2026-08-20 14:35:00,HAR.V,,0.03999999910593033,0.03999999910593033,0.03999999910593033,0.03999999910593033,10000.0
2026-08-20 14:35:00,HSTR.V,,2.309999942779541,2.309999942779541,2.309999942779541,2.309999942779541,1500.0
2026-08-20 14:35:00,LTH.V,,0.6499999761581421,0.6499999761581421,0.6399999856948853,0.6399999856948853,7500.0
2026-08-20 14:35:00,LUCA.V,,1.0549999475479126,1.0549999475479126,1.0549999475479126,1.0549999475479126,300.0
2026-08-20 14:35:00,MKO.V,,14.069999694824219,14.079999923706055,14.069999694824219,14.079999923706055,500.0
2026-08-20 14:35:00,MTA.V,,15.449999809265137,15.449999809265137,15.449999809265137,15.449999809265137,700.0
2026-08-20 14:35:00,NURS.V,,3.944999933242798,3.944999933242798,3.944999933242798,3.944999933242798,400.0
2026-08-20 14:35:00,PNG.V,,5.829999923706055,5.829999923706055,5.829999923706055,5.829999923706055,1700.0
2026-08-20 14:35:00,ZNG.V,,0.8100000023841858,0.8199999928474426,0.8100000023841858,0.8199999928474426,28000.0
2026-08-20 14:36:00,BIG.V,,1.3200000524520874,1.3200000524520874,1.3200000524520874,1.3200000524520874,200.0
2026-08-20 14:36:00,ESK.V,,0.3449999988079071,0.3449999988079071,0.3449999988079071,0.3449999988079071,5500.0
2026-08-20 14:36:00,FDR.V,,6.054999828338623,6.054999828338623,6.050000190734863,6.050000190734863,1700.0
2026-08-20 14:36:00,FWZ.V,,3.2699999809265137,3.2699999809265137,3.2699999809265137,3.2699999809265137,100.0
2026-08-20 14:36:00,GLAD.V,,2.740000009536743,2.740000009536743,2.740000009536743,2.740000009536743,900.0
2026-08-20 14:36:00,GOOD.V,,0.2199999988079071,0.2199999988079071,0.2150000035762787,0.2150000035762787,10690.0
2026-08-20 14:36:00,GOT.V,,1.7200000286102295,1.7200000286102295,1.7200000286102295,1.7200000286102295,200.0
2026-08-20 14:36:00,GRZ.V,,6.570000171661377,6.570000171661377,6.550000190734863,6.559999942779541,4870.0
2026-08-20 14:36:00,GSVR.V,,0.5899999737739563,0.5899999737739563,0.5849999785423279,0.5899999737739563,12016.0
2026-08-20 14:36:00,HME.V,,2.694999933242798,2.694999933242798,2.694999933242798,2.694999933242798,100.0
2026-08-20 14:36:00,HSTR.V,,2.309999942779541,2.309999942779541,2.309999942779541,2.309999942779541,1500.0
2026-08-20 14:36:00,IPT.V,,0.3100000023841858,0.3100000023841858,0.3100000023841858,0.3100000023841858,500.0
2026-08-20 14:36:00,ITR.V,,3.865000009536743,3.869999885559082,3.865000009536743,3.869999885559082,1500.0
2026-08-20 14:36:00,KTO.V,,0.8799999952316284,0.8799999952316284,0.8799999952316284,0.8799999952316284,5000.0
2026-08-20 14:36:00,LMN.V,,24.530000686645508,24.530000686645508,24.510000228881836,24.520000457763672,300.0
2026-08-20 14:36:00,LUCA.V,,1.0549999475479126,1.0549999475479126,1.0549999475479126,1.0549999475479126,300.0
2026-08-20 14:36:00,NURS.V,,3.930000066757202,3.940000057220459,3.930000066757202,3.940000057220459,2200.0
2026-08-20 14:36:00,PNG.V,,5.829999923706055,5.840000152587891,5.829999923706055,5.840000152587891,900.0
2026-08-20 14:37:00,BIG.V,,1.3200000524520874,1.3200000524520874,1.3200000524520874,1.3200000524520874,200.0
2026-08-20 14:37:00,EMM.V,,0.06499999761581421,0.06499999761581421,0.06499999761581421,0.06499999761581421,5000.0
2026-08-20 14:37:00,FWZ.V,,3.259999990463257,3.259999990463257,3.259999990463257,3.259999990463257,100.0
2026-08-20 14:37:00,GOT.V,,1.7200000286102295,1.7200000286102295,1.7200000286102295,1.7200000286102295,100.0
2026-08-20 14:37:00,GRZ.V,,6.570000171661377,6.570000171661377,6.570000171661377,6.570000171661377,100.0
2026-08-20 14:37:00,GSVR.V,,0.5899999737739563,0.5899999737739563,0.5899999737739563,0.5899999737739563,1500.0
2026-08-20 14:37:00,GWM.V,,0.6100000143051147,0.6100000143051147,0.6100000143051147,0.6100000143051147,500.0
2026-08-20 14:37:00,HME.V,,2.694999933242798,2.694999933242798,2.694999933242798,2.694999933242798,100.0
2026-08-20 14:37:00,HSTR.V,,2.3299999237060547,2.3299999237060547,2.319999933242798,2.319999933242798,5500.0
2026-08-20 14:37:00,KLDC.V,,0.27000001072883606,0.27000001072883606,0.27000001072883606,0.27000001072883606,5500.0
2026-08-20 14:37:00,KTO.V,,0.8799999952316284,0.8799999952316284,0.8799999952316284,0.8799999952316284,15500.0
2026-08-20 14:37:00,LIO.V,,0.23000000417232513,0.23000000417232513,0.23000000417232513,0.23000000417232513,6500.0
2026-08-20 14:37:00,LTH.V,,0.6499999761581421,0.6499999761581421,0.6499999761581421,0.6499999761581421,1000.0
2026-08-20 14:37:00,LUCA.V,,1.059999942779541,1.059999942779541,1.059999942779541,1.059999942779541,200.0
2026-08-20 14:37:00,MLP.V,,2.7699999809265137,2.7699999809265137,2.7699999809265137,2.7699999809265137,1700.0
2026-08-20 14:37:00,MMA.V,,0.6549999713897705,0.6549999713897705,0.6549999713897705,0.6549999713897705,500.0
2026-08-20 14:37:00,NURS.V,,3.930000066757202,3.930000066757202,3.930000066757202,3.930000066757202,200.0
2026-08-20 14:37:00,PNG.V,,5.840000152587891,5.840000152587891,5.840000152587891,5.840000152587891,100.0
2026-08-20 14:38:00,BIG.V,,1.3200000524520874,1.3200000524520874,1.3200000524520874,1.3200000524520874,200.0
2026-08-20 14:38:00,FDR.V,,6.054999828338623,6.079999923706055,6.054999828338623,6.079999923706055,2500.0
2026-08-20 14:38:00,FOBI.V,,0.03999999910593033,0.03999999910593033,0.03999999910593033,0.03999999910593033,2000.0
2026-08-20 14:38:00,FWZ.V,,3.259999990463257,3.259999990463257,3.259999990463257,3.259999990463257,100.0
2026-08-20 14:38:00,GLAD.V,,2.75,2.75,2.75,2.75,100.0
2026-08-20 14:38:00,GOT.V,,1.7200000286102295,1.7200000286102295,1.7200000286102295,1.7200000286102295,300.0
2026-08-20 14:38:00,GSVR.V,,0.5899999737739563,0.5899999737739563,0.5799999833106995,0.5899999737739563,6900.0
2026-08-20 14:38:00,HME.V,,2.694999933242798,2.694999933242798,2.694999933242798,2.694999933242798,100.0
2026-08-20 14:38:00,ITR.V,,3.869999885559082,3.869999885559082,3.869999885559082,3.869999885559082,2200.0
2026-08-20 14:38:00,LCX.V,,1.7899999618530273,1.7899999618530273,1.7899999618530273,1.7899999618530273,100.0
2026-08-20 14:38:00,LIO.V,,0.23000000417232513,0.23000000417232513,0.23000000417232513,0.23000000417232513,20000.0
2026-08-20 14:38:00,LUCA.V,,1.059999942779541,1.059999942779541,1.059999942779541,1.059999942779541,200.0
2026-08-20 14:38:00,MMA.V,,0.6499999761581421,0.6499999761581421,0.6499999761581421,0.6499999761581421,2000.0
2026-08-20 14:38:00,NURS.V,,3.930000066757202,3.940000057220459,3.930000066757202,3.940000057220459,400.0
2026-08-20 14:38:00,TUF.V,,0.6800000071525574,0.6800000071525574,0.6800000071525574,0.6800000071525574,1800.0
2026-08-20 14:39:00,BIG.V,,1.3200000524520874,1.3200000524520874,1.3200000524520874,1.3200000524520874,200.0
2026-08-20 14:39:00,EMM.V,,0.06499999761581421,0.06499999761581421,0.06499999761581421,0.06499999761581421,4000.0
2026-08-20 14:39:00,FWZ.V,,3.259999990463257,3.259999990463257,3.259999990463257,3.259999990463257,100.0
2026-08-20 14:39:00,GSI.V,,1.7300000190734863,1.7300000190734863,1.7300000190734863,1.7300000190734863,100.0
2026-08-20 14:39:00,GSR.V,,0.38999998569488525,0.38999998569488525,0.38999998569488525,0.38999998569488525,3000.0
2026-08-20 14:39:00,GSVR.V,,0.5899999737739563,0.5899999737739563,0.5899999737739563,0.5899999737739563,1500.0
2026-08-20 14:39:00,HAR.V,,0.03999999910593033,0.03999999910593033,0.03999999910593033,0.03999999910593033,10000.0
2026-08-20 14:39:00,HME.V,,2.694999933242798,2.694999933242798,2.694999933242798,2.694999933242798,100.0
2026-08-20 14:39:00,HSTR.V,,2.319999933242798,2.319999933242798,2.319999933242798,2.319999933242798,100.0
2026-08-20 14:39:00,KLDC.V,,0.27000001072883606,0.27000001072883606,0.27000001072883606,0.27000001072883606,500.0
2026-08-20 14:39:00,LME.V,,0.12999999523162842,0.12999999523162842,0.12999999523162842,0.12999999523162842,14000.0
2026-08-20 14:39:00,LTH.V,,0.6499999761581421,0.6499999761581421,0.6499999761581421,0.6499999761581421,500.0
2026-08-20 14:39:00,LUCA.V,,1.059999942779541,1.059999942779541,1.059999942779541,1.059999942779541,300.0
2026-08-20 14:39:00,NURS.V,,3.930000066757202,3.930000066757202,3.930000066757202,3.930000066757202,100.0
2026-08-20 14:39:00,PNG.V,,5.835000038146973,5.840000152587891,5.829999923706055,5.840000152587891,2900.0
2026-08-20 14:39:00,TUF.V,,0.6800000071525574,0.6800000071525574,0.6800000071525574,0.6800000071525574,3500.0
2026-08-20 14:40:00,BIG.V,,1.3200000524520874,1.3200000524520874,1.3200000524520874,1.3200000524520874,200.0
2026-08-20 14:40:00,EMM.V,,0.06499999761581421,0.06499999761581421,0.06499999761581421,0.06499999761581421,6000.0
2026-08-20 14:40:00,FWZ.V,,3.259999990463257,3.259999990463257,3.25,3.25,200.0
2026-08-20 14:40:00,GOT.V,,1.7200000286102295,1.7200000286102295,1.7200000286102295,1.7200000286102295,100.0
2026-08-20 14:40:00,GRSL.V,,0.41999998688697815,0.41999998688697815,0.41999998688697815,0.41999998688697815,66500.0
2026-08-20 14:40:00,GSI.V,,1.7300000190734863,1.7300000190734863,1.7300000190734863,1.7300000190734863,200.0
2026-08-20 14:40:00,GSVR.V,,0.5899999737739563,0.5899999737739563,0.5899999737739563,0.5899999737739563,1500.0
2026-08-20 14:40:00,HSTR.V,,2.315000057220459,2.315000057220459,2.315000057220459,2.315000057220459,600.0
2026-08-20 14:40:00,KFR.V,,1.2799999713897705,1.2799999713897705,1.2799999713897705,1.2799999713897705,100.0
2026-08-20 14:40:00,LEM.V,,0.27000001072883606,0.27000001072883606,0.27000001072883606,0.27000001072883606,3296.0
2026-08-20 14:40:00,LMN.V,,24.510000228881836,24.510000228881836,24.510000228881836,24.510000228881836,100.0
2026-08-20 14:40:00,LUCA.V,,1.059999942779541,1.059999942779541,1.0549999475479126,1.0549999475479126,500.0
2026-08-20 14:40:00,MLP.V,,2.7699999809265137,2.7699999809265137,2.7699999809265137,2.7699999809265137,1000.0
2026-08-20 14:40:00,MMX.V,,0.07500000298023224,0.07500000298023224,0.07500000298023224,0.07500000298023224,0.0
2026-08-20 14:40:00,NHHH.V,,0.054999999701976776,0.054999999701976776,0.054999999701976776,0.054999999701976776,25000.0
2026-08-20 14:40:00,NURS.V,,3.9200000762939453,3.930000066757202,3.9200000762939453,3.930000066757202,2400.0
2026-08-20 14:40:00,PNG.V,,5.824999809265137,5.829999923706055,5.809999942779541,5.829999923706055,36560.0
2026-08-20 14:40:00,TUF.V,,0.6800000071525574,0.6800000071525574,0.6800000071525574,0.6800000071525574,4220.0
2026-08-20 14:41:00,BIG.V,,1.3200000524520874,1.3200000524520874,1.3200000524520874,1.3200000524520874,200.0
2026-08-20 14:41:00,EMM.V,,0.06499999761581421,0.06499999761581421,0.06499999761581421,0.06499999761581421,3000.0
2026-08-20 14:41:00,FWZ.V,,3.259999990463257,3.259999990463257,3.259999990463257,3.259999990463257,100.0
2026-08-20 14:41:00,GOT.V,,1.7200000286102295,1.7200000286102295,1.7200000286102295,1.7200000286102295,200.0
2026-08-20 14:41:00,GSI.V,,1.7300000190734863,1.7300000190734863,1.7300000190734863,1.7300000190734863,200.0
2026-08-20 14:41:00,GSR.V,,0.38499999046325684,0.38499999046325684,0.38499999046325684,0.38499999046325684,3000.0
2026-08-20 14:41:00,GSVR.V,,0.5899999737739563,0.5899999737739563,0.5899999737739563,0.5899999737739563,2000.0
2026-08-20 14:41:00,HME.V,,2.694999933242798,2.694999933242798,2.694999933242798,2.694999933242798,100.0
2026-08-20 14:41:00,LIFT.V,,2.7300000190734863,2.7300000190734863,2.7300000190734863,2.7300000190734863,100.0
2026-08-20 14:41:00,LIO.V,,0.23000000417232513,0.23000000417232513,0.23000000417232513,0.23000000417232513,28500.0
2026-08-20 14:41:00,LMN.V,,24.549999237060547,24.549999237060547,24.5,24.5,1770.0
2026-08-20 14:41:00,LUCA.V,,1.059999942779541,1.059999942779541,1.059999942779541,1.059999942779541,200.0
2026-08-20 14:41:00,MLP.V,,2.7699999809265137,2.7699999809265137,2.7699999809265137,2.7699999809265137,300.0
2026-08-20 14:41:00,MMA.V,,0.6499999761581421,0.6499999761581421,0.6499999761581421,0.6499999761581421,1500.0
2026-08-20 14:41:00,NURS.V,,3.9200000762939453,3.9200000762939453,3.9200000762939453,3.9200000762939453,100.0
2026-08-20 14:41:00,PNG.V,,5.820000171661377,5.829999923706055,5.820000171661377,5.829999923706055,1000.0
2026-08-20 14:42:00,BIG.V,,1.3200000524520874,1.3200000524520874,1.3200000524520874,1.3200000524520874,100.0
2026-08-20 14:42:00,EMM.V,,0.06499999761581421,0.06499999761581421,0.06499999761581421,0.06499999761581421,2000.0
2026-08-20 14:42:00,GOT.V,,1.7200000286102295,1.7200000286102295,1.7200000286102295,1.7200000286102295,100.0
2026-08-20 14:42:00,GSI.V,,1.7300000190734863,1.7300000190734863,1.7300000190734863,1.7300000190734863,100.0
2026-08-20 14:42:00,GSVR.V,,0.5899999737739563,0.5899999737739563,0.5899999737739563,0.5899999737739563,2000.0
2026-08-20 14:42:00,GWM.V,,0.6050000190734863,0.6050000190734863,0.6050000190734863,0.6050000190734863,500.0
2026-08-20 14:42:00,HME.V,,2.694999933242798,2.694999933242798,2.694999933242798,2.694999933242798,100.0
2026-08-20 14:42:00,HSTR.V,,2.315000057220459,2.315000057220459,2.315000057220459,2.315000057220459,600.0
2026-08-20 14:42:00,IGO.V,,0.15000000596046448,0.15000000596046448,0.15000000596046448,0.15000000596046448,25000.0
2026-08-20 14:42:00,ITR.V,,3.869999885559082,3.869999885559082,3.859999895095825,3.859999895095825,700.0
2026-08-20 14:42:00,LTH.V,,0.6499999761581421,0.6499999761581421,0.6499999761581421,0.6499999761581421,7000.0
2026-08-20 14:42:00,LUCA.V,,1.0499999523162842,1.059999942779541,1.0499999523162842,1.059999942779541,4100.0
2026-08-20 14:42:00,MKO.V,,14.079999923706055,14.079999923706055,14.079999923706055,14.079999923706055,100.0
2026-08-20 14:42:00,MTA.V,,15.420000076293945,15.420000076293945,15.420000076293945,15.420000076293945,100.0
2026-08-20 14:42:00,NURS.V,,3.9200000762939453,3.9200000762939453,3.9200000762939453,3.9200000762939453,100.0
2026-08-20 14:42:00,PNG.V,,5.820000171661377,5.820000171661377,5.820000171661377,5.820000171661377,300.0
2026-08-20 14:43:00,BIG.V,,1.3200000524520874,1.3200000524520874,1.3200000524520874,1.3200000524520874,200.0
2026-08-20 14:43:00,EMM.V,,0.06499999761581421,0.06499999761581421,0.06499999761581421,0.06499999761581421,2000.0
2026-08-20 14:43:00,FDR.V,,6.059999942779541,6.059999942779541,6.059999942779541,6.059999942779541,100.0
2026-08-20 14:43:00,FWZ.V,,3.259999990463257,3.259999990463257,3.259999990463257,3.259999990463257,100.0
2026-08-20 14:43:00,GHL.V,,0.05000000074505806,0.05000000074505806,0.05000000074505806,0.05000000074505806,0.0
2026-08-20 14:43:00,GOT.V,,1.7200000286102295,1.7200000286102295,1.7200000286102295,1.7200000286102295,200.0
2026-08-20 14:43:00,GSVR.V,,0.5899999737739563,0.5899999737739563,0.5899999737739563,0.5899999737739563,1500.0
2026-08-20 14:43:00,HCH.V,,1.7000000476837158,1.7000000476837158,1.7000000476837158,1.7000000476837158,100.0
2026-08-20 14:43:00,HSTR.V,,2.319999933242798,2.319999933242798,2.319999933242798,2.319999933242798,100.0
2026-08-20 14:43:00,KFR.V,,1.2799999713897705,1.2799999713897705,1.2799999713897705,1.2799999713897705,100.0
2026-08-20 14:43:00,LG.V,,0.39500001072883606,0.39500001072883606,0.39500001072883606,0.39500001072883606,500.0
2026-08-20 14:43:00,LMN.V,,24.5,24.559999465942383,24.5,24.559999465942383,5700.0
2026-08-20 14:43:00,LUCA.V,,1.0549999475479126,1.0549999475479126,1.0549999475479126,1.0549999475479126,300.0
2026-08-20 14:43:00,MLP.V,,2.7699999809265137,2.7699999809265137,2.7699999809265137,2.7699999809265137,275.0
2026-08-20 14:43:00,NURS.V,,3.930000066757202,3.930000066757202,3.9200000762939453,3.9200000762939453,200.0
2026-08-20 14:44:00,BIG.V,,1.3200000524520874,1.3200000524520874,1.3200000524520874,1.3200000524520874,100.0
2026-08-20 14:44:00,FMAN.V,,0.39500001072883606,0.39500001072883606,0.39500001072883606,0.39500001072883606,1000.0
2026-08-20 14:44:00,FWZ.V,,3.259999990463257,3.259999990463257,3.259999990463257,3.259999990463257,100.0
2026-08-20 14:44:00,GLAD.V,,2.75,2.75,2.75,2.75,100.0
2026-08-20 14:44:00,GOT.V,,1.7200000286102295,1.7200000286102295,1.7200000286102295,1.7200000286102295,200.0
2026-08-20 14:44:00,GPG.V,,0.4000000059604645,0.4000000059604645,0.4000000059604645,0.4000000059604645,10500.0
2026-08-20 14:44:00,GSVR.V,,0.5899999737739563,0.5899999737739563,0.5899999737739563,0.5899999737739563,1000.0
2026-08-20 14:44:00,HME.V,,2.694999933242798,2.694999933242798,2.694999933242798,2.694999933242798,100.0
2026-08-20 14:44:00,HSTR.V,,2.319999933242798,2.319999933242798,2.319999933242798,2.319999933242798,200.0
2026-08-20 14:44:00,IGO.V,,0.15000000596046448,0.15000000596046448,0.15000000596046448,0.15000000596046448,2000.0
2026-08-20 14:44:00,LG.V,,0.39500001072883606,0.39500001072883606,0.39500001072883606,0.39500001072883606,11000.0
2026-08-20 14:44:00,LIO.V,,0.22499999403953552,0.22499999403953552,0.22499999403953552,0.22499999403953552,16500.0
2026-08-20 14:44:00,LMN.V,,24.530000686645508,24.530000686645508,24.530000686645508,24.530000686645508,510.0
2026-08-20 14:44:00,LTH.V,,0.6449999809265137,0.6449999809265137,0.6449999809265137,0.6449999809265137,500.0
2026-08-20 14:44:00,LUCA.V,,1.059999942779541,1.059999942779541,1.059999942779541,1.059999942779541,200.0
2026-08-20 14:44:00,MKO.V,,14.100000381469727,14.100000381469727,14.09000015258789,14.09000015258789,300.0
2026-08-20 14:44:00,MLP.V,,2.7799999713897705,2.7799999713897705,2.7799999713897705,2.7799999713897705,100.0
2026-08-20 14:44:00,NURS.V,,3.930000066757202,3.930000066757202,3.930000066757202,3.930000066757202,100.0
2026-08-20 14:44:00,PNG.V,,5.820000171661377,5.820000171661377,5.815000057220459,5.820000171661377,2155.0
2026-08-20 14:45:00,BIG.V,,1.3200000524520874,1.3200000524520874,1.3200000524520874,1.3200000524520874,100.0
2026-08-20 14:45:00,FDR.V,,6.059999942779541,6.059999942779541,6.059999942779541,6.059999942779541,100.0
2026-08-20 14:45:00,GAL.V,,0.5199999809265137,0.5199999809265137,0.5199999809265137,0.5199999809265137,500.0
2026-08-20 14:45:00,GOT.V,,1.7200000286102295,1.7200000286102295,1.7200000286102295,1.7200000286102295,300.0
2026-08-20 14:45:00,GSVR.V,,0.5899999737739563,0.5899999737739563,0.5899999737739563,0.5899999737739563,1500.0
2026-08-20 14:45:00,GWM.V,,0.6050000190734863,0.6050000190734863,0.6050000190734863,0.6050000190734863,500.0
2026-08-20 14:45:00,ITR.V,,3.869999885559082,3.869999885559082,3.859999895095825,3.859999895095825,500.0
2026-08-20 14:45:00,KFR.V,,1.2799999713897705,1.2799999713897705,1.2799999713897705,1.2799999713897705,200.0
2026-08-20 14:45:00,LIO.V,,0.2199999988079071,0.2199999988079071,0.2199999988079071,0.2199999988079071,12000.0
2026-08-20 14:45:00,LMN.V,,24.5,24.5,24.5,24.5,100.0
2026-08-20 14:45:00,LUCA.V,,1.059999942779541,1.059999942779541,1.059999942779541,1.059999942779541,100.0
2026-08-20 14:45:00,MTA.V,,15.399999618530273,15.399999618530273,15.399999618530273,15.399999618530273,100.0
2026-08-20 14:45:00,NURS.V,,3.934999942779541,3.934999942779541,3.934999942779541,3.934999942779541,100.0
2026-08-20 14:45:00,PNG.V,,5.820000171661377,5.820000171661377,5.820000171661377,5.820000171661377,800.0
2026-08-20 14:45:00,TUF.V,,0.6800000071525574,0.6800000071525574,0.6800000071525574,0.6800000071525574,1500.0
2026-08-20 14:46:00,BIG.V,,1.3200000524520874,1.3200000524520874,1.3200000524520874,1.3200000524520874,200.0
2026-08-20 14:46:00,ESK.V,,0.3449999988079071,0.3449999988079071,0.3449999988079071,0.3449999988079071,3553.0
2026-08-20 14:46:00,FWZ.V,,3.259999990463257,3.259999990463257,3.259999990463257,3.259999990463257,100.0
2026-08-20 14:46:00,GSVR.V,,0.5899999737739563,0.5899999737739563,0.5899999737739563,0.5899999737739563,2000.0
2026-08-20 14:46:00,HME.V,,2.694999933242798,2.694999933242798,2.694999933242798,2.694999933242798,100.0
2026-08-20 14:46:00,HPL.V,,0.3100000023841858,0.3100000023841858,0.3100000023841858,0.3100000023841858,5000.0
2026-08-20 14:46:00,LIO.V,,0.2199999988079071,0.2199999988079071,0.2199999988079071,0.2199999988079071,1200.0
2026-08-20 14:46:00,LTH.V,,0.6449999809265137,0.6449999809265137,0.6449999809265137,0.6449999809265137,500.0
2026-08-20 14:46:00,LUCA.V,,1.0549999475479126,1.059999942779541,1.0549999475479126,1.059999942779541,300.0
2026-08-20 14:46:00,MKO.V,,14.079999923706055,14.079999923706055,14.079999923706055,14.079999923706055,361.0
2026-08-20 14:46:00,MLP.V,,2.7899999618530273,2.7899999618530273,2.7899999618530273,2.7899999618530273,2100.0
2026-08-20 14:46:00,TUF.V,,0.6800000071525574,0.6800000071525574,0.6800000071525574,0.6800000071525574,12500.0
2026-08-20 14:47:00,BIG.V,,1.3200000524520874,1.3200000524520874,1.3200000524520874,1.3200000524520874,100.0
2026-08-20 14:47:00,FDR.V,,6.054999828338623,6.054999828338623,6.054999828338623,6.054999828338623,100.0
2026-08-20 14:47:00,GAL.V,,0.5149999856948853,0.5149999856948853,0.5149999856948853,0.5149999856948853,500.0
2026-08-20 14:47:00,GSI.V,,1.725000023841858,1.725000023841858,1.725000023841858,1.725000023841858,100.0
2026-08-20 14:47:00,GSVR.V,,0.5799999833106995,0.5899999737739563,0.5799999833106995,0.5799999833106995,133400.0
2026-08-20 14:47:00,ITR.V,,3.859999895095825,3.859999895095825,3.859999895095825,3.859999895095825,500.0
2026-08-20 14:47:00,KLDC.V,,0.27000001072883606,0.27000001072883606,0.27000001072883606,0.27000001072883606,500.0
2026-08-20 14:47:00,LMN.V,,24.5,24.5,24.5,24.5,200.0
2026-08-20 14:47:00,LTH.V,,0.6399999856948853,0.6399999856948853,0.6399999856948853,0.6399999856948853,7000.0
2026-08-20 14:47:00,LUCA.V,,1.059999942779541,1.059999942779541,1.059999942779541,1.059999942779541,300.0
2026-08-20 14:47:00,NURS.V,,3.9200000762939453,3.930000066757202,3.9200000762939453,3.930000066757202,600.0
2026-08-20 14:47:00,TUF.V,,0.6850000023841858,0.6850000023841858,0.6800000071525574,0.6800000071525574,6500.0
2026-08-20 14:48:00,BIG.V,,1.3200000524520874,1.3200000524520874,1.309999942779541,1.3200000524520874,8700.0
2026-08-20 14:48:00,FDR.V,,6.050000190734863,6.059999942779541,6.050000190734863,6.059999942779541,1000.0
2026-08-20 14:48:00,FWZ.V,,3.259999990463257,3.259999990463257,3.259999990463257,3.259999990463257,100.0
2026-08-20 14:48:00,GAL.V,,0.5099999904632568,0.5099999904632568,0.5099999904632568,0.5099999904632568,5500.0
2026-08-20 14:48:00,GOT.V,,1.7200000286102295,1.7200000286102295,1.7200000286102295,1.7200000286102295,200.0
2026-08-20 14:48:00,GRZ.V,,6.570000171661377,6.570000171661377,6.570000171661377,6.570000171661377,200.0
2026-08-20 14:48:00,GSI.V,,1.7300000190734863,1.7300000190734863,1.7300000190734863,1.7300000190734863,800.0
2026-08-20 14:48:00,GSVR.V,,0.5799999833106995,0.5799999833106995,0.5799999833106995,0.5799999833106995,7800.0
2026-08-20 14:48:00,HI.V,,0.14000000059604645,0.14000000059604645,0.14000000059604645,0.14000000059604645,4500.0
2026-08-20 14:48:00,HPL.V,,0.3100000023841858,0.3100000023841858,0.3100000023841858,0.3100000023841858,5000.0
2026-08-20 14:48:00,HSTR.V,,2.319999933242798,2.319999933242798,2.319999933242798,2.319999933242798,3000.0
2026-08-20 14:48:00,LIFT.V,,2.7100000381469727,2.7100000381469727,2.7100000381469727,2.7100000381469727,100.0
2026-08-20 14:48:00,LMN.V,,24.5,24.5,24.5,24.5,500.0
2026-08-20 14:48:00,LUCA.V,,1.0499999523162842,1.059999942779541,1.0499999523162842,1.059999942779541,6200.0
2026-08-20 14:48:00,MCF.V,,0.014999999664723873,0.014999999664723873,0.014999999664723873,0.014999999664723873,60000.0
2026-08-20 14:48:00,MFG.V,,4.119999885559082,4.119999885559082,4.119999885559082,4.119999885559082,100.0
2026-08-20 14:48:00,MTA.V,,15.350000381469727,15.350000381469727,15.350000381469727,15.350000381469727,890.0
2026-08-20 14:48:00,PNG.V,,5.829999923706055,5.829999923706055,5.820000171661377,5.820000171661377,1200.0
2026-08-20 14:49:00,BIG.V,,1.3200000524520874,1.3200000524520874,1.3200000524520874,1.3200000524520874,100.0
2026-08-20 14:49:00,FDR.V,,6.050000190734863,6.059999942779541,6.050000190734863,6.050000190734863,1400.0
2026-08-20 14:49:00,FWZ.V,,3.25,3.25,3.25,3.25,100.0
2026-08-20 14:49:00,GLAD.V,,2.75,2.75,2.75,2.75,100.0
2026-08-20 14:49:00,GOT.V,,1.7200000286102295,1.7200000286102295,1.7200000286102295,1.7200000286102295,100.0
2026-08-20 14:49:00,GPAC.V,,0.36500000953674316,0.36500000953674316,0.36500000953674316,0.36500000953674316,500.0
2026-08-20 14:49:00,GRSL.V,,0.41499999165534973,0.41499999165534973,0.4099999964237213,0.4099999964237213,6075.0
2026-08-20 14:49:00,GSR.V,,0.3799999952316284,0.3799999952316284,0.3799999952316284,0.3799999952316284,16000.0
2026-08-20 14:49:00,HME.V,,2.694999933242798,2.694999933242798,2.694999933242798,2.694999933242798,100.0
2026-08-20 14:49:00,HPL.V,,0.3050000071525574,0.3050000071525574,0.3050000071525574,0.3050000071525574,5000.0
2026-08-20 14:49:00,HSTR.V,,2.319999933242798,2.319999933242798,2.315000057220459,2.315000057220459,1000.0
2026-08-20 14:49:00,ITR.V,,3.869999885559082,3.869999885559082,3.859999895095825,3.859999895095825,300.0
2026-08-20 14:49:00,LIO.V,,0.22499999403953552,0.22499999403953552,0.22499999403953552,0.22499999403953552,10500.0
2026-08-20 14:49:00,LMN.V,,24.559999465942383,24.559999465942383,24.5,24.5,600.0
2026-08-20 14:49:00,LSTR.V,,0.06499999761581421,0.06499999761581421,0.06499999761581421,0.06499999761581421,1000.0
2026-08-20 14:49:00,LTH.V,,0.6299999952316284,0.6399999856948853,0.6299999952316284,0.6399999856948853,1000.0
2026-08-20 14:49:00,MRVL.V,,0.1550000011920929,0.1550000011920929,0.1550000011920929,0.1550000011920929,3000.0
2026-08-20 14:49:00,MTA.V,,15.350000381469727,15.350000381469727,15.34000015258789,15.34000015258789,300.0
2026-08-20 14:49:00,NURS.V,,3.9200000762939453,3.9200000762939453,3.9200000762939453,3.9200000762939453,100.0
2026-08-20 14:49:00,PNG.V,,5.820000171661377,5.820000171661377,5.820000171661377,5.820000171661377,100.0
2026-08-20 14:50:00,BIG.V,,1.3200000524520874,1.3200000524520874,1.3200000524520874,1.3200000524520874,100.0
2026-08-20 14:50:00,FWZ.V,,3.25,3.25,3.25,3.25,200.0
2026-08-20 14:50:00,GOT.V,,1.7200000286102295,1.7200000286102295,1.7200000286102295,1.7200000286102295,100.0
2026-08-20 14:50:00,GRSL.V,,0.41499999165534973,0.41499999165534973,0.41499999165534973,0.41499999165534973,500.0
2026-08-20 14:50:00,GSVR.V,,0.5799999833106995,0.5799999833106995,0.5799999833106995,0.5799999833106995,43500.0
2026-08-20 14:50:00,GWM.V,,0.6100000143051147,0.6100000143051147,0.6100000143051147,0.6100000143051147,36000.0
2026-08-20 14:50:00,HSTR.V,,2.319999933242798,2.319999933242798,2.319999933242798,2.319999933242798,100.0
2026-08-20 14:50:00,IPT.V,,0.3100000023841858,0.3100000023841858,0.3100000023841858,0.3100000023841858,8500.0
2026-08-20 14:50:00,LAB.V,,0.05999999865889549,0.05999999865889549,0.05999999865889549,0.05999999865889549,82000.0
2026-08-20 14:50:00,LIO.V,,0.22499999403953552,0.22499999403953552,0.22499999403953552,0.22499999403953552,4500.0
2026-08-20 14:50:00,LMN.V,,24.530000686645508,24.530000686645508,24.530000686645508,24.530000686645508,100.0
2026-08-20 14:50:00,LTH.V,,0.6399999856948853,0.6399999856948853,0.6399999856948853,0.6399999856948853,500.0
2026-08-20 14:50:00,MLP.V,,2.7799999713897705,2.7799999713897705,2.7799999713897705,2.7799999713897705,100.0
2026-08-20 14:50:00,MTA.V,,15.350000381469727,15.350000381469727,15.350000381469727,15.350000381469727,100.0
2026-08-20 14:50:00,ZNG.V,,0.8100000023841858,0.8100000023841858,0.8100000023841858,0.8100000023841858,500.0
2026-08-20 14:51:00,BIG.V,,1.3200000524520874,1.3200000524520874,1.3200000524520874,1.3200000524520874,100.0
2026-08-20 14:51:00,FDR.V,,6.050000190734863,6.050000190734863,6.050000190734863,6.050000190734863,900.0
2026-08-20 14:51:00,FWZ.V,,3.25,3.25,3.25,3.25,200.0
2026-08-20 14:51:00,GOT.V,,1.7200000286102295,1.7200000286102295,1.7200000286102295,1.7200000286102295,100.0
2026-08-20 14:51:00,GSVR.V,,0.5799999833106995,0.5799999833106995,0.5799999833106995,0.5799999833106995,1700.0
2026-08-20 14:51:00,GWM.V,,0.6050000190734863,0.6100000143051147,0.6050000190734863,0.6100000143051147,1000.0
2026-08-20 14:51:00,HITI.V,,3.380000114440918,3.380000114440918,3.380000114440918,3.380000114440918,400.0
2026-08-20 14:51:00,HME.V,,2.694999933242798,2.694999933242798,2.694999933242798,2.694999933242798,400.0
2026-08-20 14:51:00,ITR.V,,3.859999895095825,3.859999895095825,3.859999895095825,3.859999895095825,400.0
2026-08-20 14:51:00,KG.V,,0.1599999964237213,0.1599999964237213,0.1599999964237213,0.1599999964237213,3000.0
2026-08-20 14:51:00,LIO.V,,0.22499999403953552,0.22499999403953552,0.22499999403953552,0.22499999403953552,8500.0
2026-08-20 14:51:00,LMN.V,,24.559999465942383,24.559999465942383,24.540000915527344,24.540000915527344,200.0
2026-08-20 14:51:00,LTH.V,,0.6399999856948853,0.6399999856948853,0.6399999856948853,0.6399999856948853,500.0
2026-08-20 14:51:00,LUCA.V,,1.0499999523162842,1.0499999523162842,1.0499999523162842,1.0499999523162842,3900.0
2026-08-20 14:51:00,MLP.V,,2.7799999713897705,2.7799999713897705,2.7799999713897705,2.7799999713897705,100.0
2026-08-20 14:51:00,MTA.V,,15.350000381469727,15.350000381469727,15.350000381469727,15.350000381469727,1300.0
2026-08-20 14:51:00,NURS.V,,3.9200000762939453,3.9200000762939453,3.9200000762939453,3.9200000762939453,100.0
2026-08-20 14:52:00,BIG.V,,1.3200000524520874,1.3200000524520874,1.3200000524520874,1.3200000524520874,100.0
2026-08-20 14:52:00,FWZ.V,,3.25,3.25,3.25,3.25,700.0
2026-08-20 14:52:00,GOT.V,,1.7200000286102295,1.7200000286102295,1.7200000286102295,1.7200000286102295,100.0
2026-08-20 14:52:00,GSR.V,,0.3799999952316284,0.3799999952316284,0.3799999952316284,0.3799999952316284,20000.0
2026-08-20 14:52:00,GSVR.V,,0.5799999833106995,0.5799999833106995,0.5799999833106995,0.5799999833106995,3500.0
2026-08-20 14:52:00,HITI.V,,3.380000114440918,3.380000114440918,3.380000114440918,3.380000114440918,100.0
2026-08-20 14:52:00,HSTR.V,,2.319999933242798,2.319999933242798,2.315000057220459,2.319999933242798,300.0
2026-08-20 14:52:00,IPT.V,,0.3050000071525574,0.3050000071525574,0.3050000071525574,0.3050000071525574,15500.0
2026-08-20 14:52:00,KFR.V,,1.2799999713897705,1.2799999713897705,1.2799999713897705,1.2799999713897705,100.0
2026-08-20 14:52:00,LUCA.V,,1.0499999523162842,1.0499999523162842,1.0499999523162842,1.0499999523162842,300.0
2026-08-20 14:52:00,MLP.V,,2.7799999713897705,2.7799999713897705,2.7799999713897705,2.7799999713897705,126.0
2026-08-20 14:52:00,MTA.V,,15.34000015258789,15.34000015258789,15.34000015258789,15.34000015258789,100.0
2026-08-20 14:52:00,NURS.V,,3.924999952316284,3.924999952316284,3.924999952316284,3.924999952316284,100.0
2026-08-20 14:52:00,YGT.V,,0.20000000298023224,0.20000000298023224,0.20000000298023224,0.20000000298023224,22000.0
2026-08-20 14:53:00,BIG.V,,1.3200000524520874,1.3200000524520874,1.3200000524520874,1.3200000524520874,300.0
2026-08-20 14:53:00,GSVR.V,,0.5799999833106995,0.5799999833106995,0.574999988079071,0.5799999833106995,9600.0
2026-08-20 14:53:00,HSTR.V,,2.309999942779541,2.315000057220459,2.309999942779541,2.309999942779541,8900.0
2026-08-20 14:53:00,IVS.V,,0.2800000011920929,0.2800000011920929,0.2800000011920929,0.2800000011920929,500.0
2026-08-20 14:53:00,LUCA.V,,1.0499999523162842,1.0499999523162842,1.0499999523162842,1.0499999523162842,300.0
2026-08-20 14:53:00,MLP.V,,2.7799999713897705,2.7799999713897705,2.7799999713897705,2.7799999713897705,100.0
2026-08-20 14:53:00,MTA.V,,15.319999694824219,15.319999694824219,15.319999694824219,15.319999694824219,100.0
2026-08-20 14:54:00,BIG.V,,1.3200000524520874,1.3200000524520874,1.3200000524520874,1.3200000524520874,200.0
2026-08-20 14:54:00,GOT.V,,1.7200000286102295,1.7200000286102295,1.7200000286102295,1.7200000286102295,100.0
2026-08-20 14:54:00,GSVR.V,,0.5799999833106995,0.5799999833106995,0.5799999833106995,0.5799999833106995,4500.0
2026-08-20 14:54:00,HAR.V,,0.03999999910593033,0.03999999910593033,0.03999999910593033,0.03999999910593033,250000.0
2026-08-20 14:54:00,HME.V,,2.694999933242798,2.694999933242798,2.694999933242798,2.694999933242798,100.0
2026-08-20 14:54:00,HSTR.V,,2.315000057220459,2.315000057220459,2.315000057220459,2.315000057220459,200.0
2026-08-20 14:54:00,LCX.V,,1.7899999618530273,1.7899999618530273,1.7899999618530273,1.7899999618530273,100.0
2026-08-20 14:54:00,LIO.V,,0.22499999403953552,0.22499999403953552,0.22499999403953552,0.22499999403953552,13000.0
2026-08-20 14:54:00,LMN.V,,24.510000228881836,24.510000228881836,24.510000228881836,24.510000228881836,100.0
2026-08-20 14:54:00,LTH.V,,0.6399999856948853,0.6399999856948853,0.6399999856948853,0.6399999856948853,500.0
2026-08-20 14:54:00,LUCA.V,,1.0499999523162842,1.0499999523162842,1.0499999523162842,1.0499999523162842,1900.0
2026-08-20 14:54:00,MTA.V,,15.350000381469727,15.350000381469727,15.350000381469727,15.350000381469727,100.0
2026-08-20 14:54:00,NURS.V,,3.924999952316284,3.924999952316284,3.924999952316284,3.924999952316284,100.0
2026-08-20 14:54:00,PNG.V,,5.829999923706055,5.835000038146973,5.829999923706055,5.829999923706055,5300.0
2026-08-20 14:54:00,TUF.V,,0.6800000071525574,0.6800000071525574,0.6800000071525574,0.6800000071525574,2500.0
2026-08-20 14:55:00,BIG.V,,1.3200000524520874,1.3200000524520874,1.3200000524520874,1.3200000524520874,100.0
2026-08-20 14:55:00,FDR.V,,6.050000190734863,6.059999942779541,6.050000190734863,6.059999942779541,200.0
2026-08-20 14:55:00,FWZ.V,,3.2699999809265137,3.2699999809265137,3.255000114440918,3.255000114440918,2900.0
2026-08-20 14:55:00,GLAD.V,,2.75,2.75,2.75,2.75,100.0
2026-08-20 14:55:00,GOT.V,,1.7200000286102295,1.7200000286102295,1.7200000286102295,1.7200000286102295,200.0
2026-08-20 14:55:00,GQC.V,,1.0399999618530273,1.0399999618530273,1.0399999618530273,1.0399999618530273,1500.0
2026-08-20 14:55:00,GSI.V,,1.7300000190734863,1.7300000190734863,1.7300000190734863,1.7300000190734863,100.0
2026-08-20 14:55:00,GSVR.V,,0.5799999833106995,0.5799999833106995,0.5799999833106995,0.5799999833106995,4500.0
2026-08-20 14:55:00,ITR.V,,3.859999895095825,3.880000114440918,3.859999895095825,3.880000114440918,500.0
2026-08-20 14:55:00,KLDC.V,,0.27000001072883606,0.27000001072883606,0.27000001072883606,0.27000001072883606,500.0
2026-08-20 14:55:00,LIO.V,,0.22499999403953552,0.22499999403953552,0.22499999403953552,0.22499999403953552,500.0
2026-08-20 14:55:00,LUCA.V,,1.0499999523162842,1.0499999523162842,1.0499999523162842,1.0499999523162842,300.0
2026-08-20 14:55:00,LWR.V,,0.054999999701976776,0.054999999701976776,0.054999999701976776,0.054999999701976776,0.0
2026-08-20 14:55:00,MLP.V,,2.7799999713897705,2.7799999713897705,2.7799999713897705,2.7799999713897705,100.0
2026-08-20 14:55:00,MTA.V,,15.359999656677246,15.359999656677246,15.350000381469727,15.350000381469727,300.0
2026-08-20 14:55:00,NURS.V,,3.934999942779541,3.934999942779541,3.934999942779541,3.934999942779541,500.0
2026-08-20 14:55:00,TUF.V,,0.6800000071525574,0.6800000071525574,0.6800000071525574,0.6800000071525574,3000.0
2026-08-20 14:56:00,BIG.V,,1.3200000524520874,1.3200000524520874,1.3200000524520874,1.3200000524520874,200.0
2026-08-20 14:56:00,FDR.V,,6.059999942779541,6.059999942779541,6.050000190734863,6.059999942779541,2000.0
2026-08-20 14:56:00,FWZ.V,,3.2699999809265137,3.2699999809265137,3.2699999809265137,3.2699999809265137,100.0
2026-08-20 14:56:00,GOT.V,,1.7200000286102295,1.7200000286102295,1.7200000286102295,1.7200000286102295,100.0
2026-08-20 14:56:00,GQC.V,,1.0499999523162842,1.0499999523162842,1.0399999618530273,1.0399999618530273,10600.0
2026-08-20 14:56:00,GSVR.V,,0.5799999833106995,0.5799999833106995,0.5799999833106995,0.5799999833106995,2000.0
2026-08-20 14:56:00,HELI.V,,0.029999999329447746,0.029999999329447746,0.029999999329447746,0.029999999329447746,8000.0
2026-08-20 14:56:00,HSTR.V,,2.319999933242798,2.319999933242798,2.315000057220459,2.315000057220459,2300.0
2026-08-20 14:56:00,IGO.V,,0.1550000011920929,0.1550000011920929,0.1550000011920929,0.1550000011920929,1000.0
2026-08-20 14:56:00,KFR.V,,1.2799999713897705,1.2799999713897705,1.2799999713897705,1.2799999713897705,100.0
2026-08-20 14:56:00,LAB.V,,0.05999999865889549,0.05999999865889549,0.05999999865889549,0.05999999865889549,3000.0
2026-08-20 14:56:00,LIFT.V,,2.680000066757202,2.680000066757202,2.680000066757202,2.680000066757202,100.0
2026-08-20 14:56:00,LIO.V,,0.2224999964237213,0.22499999403953552,0.2224999964237213,0.22499999403953552,23500.0
2026-08-20 14:56:00,LMN.V,,24.510000228881836,24.510000228881836,24.510000228881836,24.510000228881836,100.0
2026-08-20 14:56:00,LTH.V,,0.6399999856948853,0.6399999856948853,0.6399999856948853,0.6399999856948853,500.0
2026-08-20 14:56:00,LUCA.V,,1.0499999523162842,1.0499999523162842,1.0499999523162842,1.0499999523162842,400.0
2026-08-20 14:56:00,LVG.V,,0.30000001192092896,0.30000001192092896,0.30000001192092896,0.30000001192092896,4500.0
2026-08-20 14:56:00,MKO.V,,14.140000343322754,14.140000343322754,14.140000343322754,14.140000343322754,100.0
2026-08-20 14:56:00,MLP.V,,2.7799999713897705,2.7799999713897705,2.7799999713897705,2.7799999713897705,100.0
2026-08-20 14:56:00,NURS.V,,3.940000057220459,3.940000057220459,3.934999942779541,3.934999942779541,400.0
2026-08-20 14:56:00,PNG.V,,5.840000152587891,5.840000152587891,5.840000152587891,5.840000152587891,285.0
2026-08-20 14:56:00,TUF.V,,0.6800000071525574,0.6800000071525574,0.6800000071525574,0.6800000071525574,3000.0
2026-08-20 14:57:00,BIG.V,,1.3200000524520874,1.3200000524520874,1.3200000524520874,1.3200000524520874,100.0
2026-08-20 14:57:00,EMM.V,,0.06499999761581421,0.06499999761581421,0.06499999761581421,0.06499999761581421,12000.0
2026-08-20 14:57:00,FWZ.V,,3.259999990463257,3.259999990463257,3.259999990463257,3.259999990463257,500.0
2026-08-20 14:57:00,GOT.V,,1.7200000286102295,1.7200000286102295,1.7200000286102295,1.7200000286102295,100.0
2026-08-20 14:57:00,GSVR.V,,0.5799999833106995,0.5799999833106995,0.5799999833106995,0.5799999833106995,8500.0
2026-08-20 14:57:00,GWM.V,,0.6050000190734863,0.6050000190734863,0.6050000190734863,0.6050000190734863,4000.0
2026-08-20 14:57:00,HSTR.V,,2.305000066757202,2.319999933242798,2.305000066757202,2.319999933242798,1011.0
2026-08-20 14:57:00,LA.V,,13.25,13.25,13.25,13.25,2000.0
2026-08-20 14:57:00,LCX.V,,1.7799999713897705,1.7799999713897705,1.7799999713897705,1.7799999713897705,1200.0
2026-08-20 14:57:00,MKO.V,,14.140000343322754,14.140000343322754,14.140000343322754,14.140000343322754,100.0
2026-08-20 14:57:00,MLP.V,,2.7799999713897705,2.7799999713897705,2.7799999713897705,2.7799999713897705,100.0
2026-08-20 14:57:00,MTA.V,,15.350000381469727,15.350000381469727,15.350000381469727,15.350000381469727,100.0
2026-08-20 14:57:00,TUF.V,,0.6800000071525574,0.6800000071525574,0.6800000071525574,0.6800000071525574,2500.0
2026-08-20 14:58:00,BIG.V,,1.3200000524520874,1.3200000524520874,1.3200000524520874,1.3200000524520874,200.0
2026-08-20 14:58:00,EMM.V,,0.06499999761581421,0.06499999761581421,0.06499999761581421,0.06499999761581421,10000.0
2026-08-20 14:58:00,FWZ.V,,3.2699999809265137,3.2699999809265137,3.2699999809265137,3.2699999809265137,100.0
2026-08-20 14:58:00,GPM.V,,0.07500000298023224,0.07500000298023224,0.07500000298023224,0.07500000298023224,144000.0
2026-08-20 14:58:00,GRZ.V,,6.570000171661377,6.570000171661377,6.570000171661377,6.570000171661377,1300.0
2026-08-20 14:58:00,GSI.V,,1.7300000190734863,1.7300000190734863,1.7300000190734863,1.7300000190734863,100.0
2026-08-20 14:58:00,GSVR.V,,0.5799999833106995,0.5799999833106995,0.5799999833106995,0.5799999833106995,1500.0
2026-08-20 14:58:00,HME.V,,2.694999933242798,2.694999933242798,2.694999933242798,2.694999933242798,100.0
2026-08-20 14:58:00,HSTR.V,,2.309999942779541,2.309999942779541,2.309999942779541,2.309999942779541,100.0
2026-08-20 14:58:00,KRI.V,,0.23999999463558197,0.23999999463558197,0.23999999463558197,0.23999999463558197,1000.0
2026-08-20 14:58:00,LMN.V,,24.510000228881836,24.510000228881836,24.510000228881836,24.510000228881836,200.0
2026-08-20 14:58:00,LTH.V,,0.6399999856948853,0.6399999856948853,0.6399999856948853,0.6399999856948853,500.0
2026-08-20 14:58:00,LUCA.V,,1.0499999523162842,1.0499999523162842,1.0499999523162842,1.0499999523162842,300.0
2026-08-20 14:58:00,MTA.V,,15.319999694824219,15.319999694824219,15.319999694824219,15.319999694824219,100.0
2026-08-20 14:58:00,TUF.V,,0.6800000071525574,0.6800000071525574,0.6800000071525574,0.6800000071525574,3000.0
2026-08-20 14:59:00,BIG.V,,1.3200000524520874,1.3200000524520874,1.3200000524520874,1.3200000524520874,100.0
2026-08-20 14:59:00,EMM.V,,0.06499999761581421,0.06499999761581421,0.06499999761581421,0.06499999761581421,9000.0
2026-08-20 14:59:00,FDR.V,,6.059999942779541,6.059999942779541,6.059999942779541,6.059999942779541,200.0
2026-08-20 14:59:00,FOR.V,,0.699999988079071,0.699999988079071,0.699999988079071,0.699999988079071,7001.0
2026-08-20 14:59:00,GOT.V,,1.7200000286102295,1.7200000286102295,1.7200000286102295,1.7200000286102295,1500.0
2026-08-20 14:59:00,GQC.V,,1.0299999713897705,1.0399999618530273,1.0299999713897705,1.0399999618530273,6036.0
2026-08-20 14:59:00,GWM.V,,0.6050000190734863,0.6050000190734863,0.6050000190734863,0.6050000190734863,500.0
2026-08-20 14:59:00,HSTR.V,,2.305000066757202,2.305000066757202,2.305000066757202,2.305000066757202,3000.0
2026-08-20 14:59:00,LA.V,,13.25,13.25,13.25,13.25,300.0
2026-08-20 14:59:00,LCX.V,,1.7899999618530273,1.7899999618530273,1.7899999618530273,1.7899999618530273,100.0
2026-08-20 14:59:00,LMN.V,,24.549999237060547,24.549999237060547,24.549999237060547,24.549999237060547,200.0
2026-08-20 14:59:00,LTH.V,,0.6399999856948853,0.6399999856948853,0.6399999856948853,0.6399999856948853,500.0
2026-08-20 14:59:00,LUCA.V,,1.0499999523162842,1.0499999523162842,1.0499999523162842,1.0499999523162842,300.0
2026-08-20 14:59:00,MLP.V,,2.7799999713897705,2.7799999713897705,2.7799999713897705,2.7799999713897705,100.0
2026-08-20 14:59:00,MTA.V,,15.350000381469727,15.350000381469727,15.350000381469727,15.350000381469727,400.0
2026-08-20 14:59:00,TUF.V,,0.6800000071525574,0.6800000071525574,0.6800000071525574,0.6800000071525574,2500.0
2026-08-20 14:59:00,ZNG.V,,0.8100000023841858,0.8100000023841858,0.8100000023841858,0.8100000023841858,900.0
2026-08-20 15:00:00,BIG.V,,1.3200000524520874,1.3200000524520874,1.3200000524520874,1.3200000524520874,200.0
2026-08-20 15:00:00,EMM.V,,0.06499999761581421,0.06499999761581421,0.06499999761581421,0.06499999761581421,7000.0
2026-08-20 15:00:00,FDR.V,,6.059999942779541,6.059999942779541,6.059999942779541,6.059999942779541,100.0
2026-08-20 15:00:00,FIN.V,,0.10499999672174454,0.10499999672174454,0.10499999672174454,0.10499999672174454,500.0
2026-08-20 15:00:00,FWZ.V,,3.259999990463257,3.259999990463257,3.259999990463257,3.259999990463257,100.0
2026-08-20 15:00:00,GLAD.V,,2.75,2.75,2.75,2.75,100.0
2026-08-20 15:00:00,GOT.V,,1.7200000286102295,1.7200000286102295,1.7200000286102295,1.7200000286102295,1300.0
2026-08-20 15:00:00,GWM.V,,0.6100000143051147,0.6100000143051147,0.6100000143051147,0.6100000143051147,500.0
2026-08-20 15:00:00,HSTR.V,,2.309999942779541,2.309999942779541,2.309999942779541,2.309999942779541,200.0
2026-08-20 15:00:00,ITR.V,,3.869999885559082,3.869999885559082,3.869999885559082,3.869999885559082,1400.0
2026-08-20 15:00:00,LMN.V,,24.5,24.510000228881836,24.5,24.510000228881836,200.0
2026-08-20 15:00:00,LUCA.V,,1.0499999523162842,1.0499999523162842,1.0499999523162842,1.0499999523162842,1500.0
2026-08-20 15:00:00,MLP.V,,2.7799999713897705,2.7799999713897705,2.7799999713897705,2.7799999713897705,100.0
2026-08-20 15:00:00,MMG.V,,0.25,0.25,0.24500000476837158,0.24500000476837158,24500.0
2026-08-20 15:00:00,TUF.V,,0.6800000071525574,0.6800000071525574,0.6800000071525574,0.6800000071525574,1000.0
2026-08-20 15:01:00,EMM.V,,0.06499999761581421,0.06499999761581421,0.06499999761581421,0.06499999761581421,17000.0
2026-08-20 15:01:00,FDR.V,,6.059999942779541,6.059999942779541,6.059999942779541,6.059999942779541,200.0
2026-08-20 15:01:00,FWZ.V,,3.259999990463257,3.259999990463257,3.259999990463257,3.259999990463257,100.0
2026-08-20 15:01:00,GMA.V,,0.25,0.25,0.25,0.25,500.0
2026-08-20 15:01:00,GSVR.V,,0.5799999833106995,0.5799999833106995,0.5799999833106995,0.5799999833106995,1500.0
2026-08-20 15:01:00,HAR.V,,0.03999999910593033,0.03999999910593033,0.03999999910593033,0.03999999910593033,250000.0
2026-08-20 15:01:00,HSTR.V,,2.309999942779541,2.309999942779541,2.309999942779541,2.309999942779541,900.0
2026-08-20 15:01:00,LMN.V,,24.510000228881836,24.510000228881836,24.510000228881836,24.510000228881836,100.0
2026-08-20 15:01:00,LTH.V,,0.6399999856948853,0.6399999856948853,0.6399999856948853,0.6399999856948853,500.0
2026-08-20 15:01:00,LUCA.V,,1.0499999523162842,1.0499999523162842,1.0499999523162842,1.0499999523162842,400.0
2026-08-20 15:01:00,MEK.V,,0.04500000178813934,0.04500000178813934,0.04500000178813934,0.04500000178813934,24000.0
2026-08-20 15:01:00,MKO.V,,14.119999885559082,14.119999885559082,14.119999885559082,14.119999885559082,100.0
2026-08-20 15:01:00,NURS.V,,3.950000047683716,3.950000047683716,3.950000047683716,3.950000047683716,100.0
2026-08-20 15:01:00,PNG.V,,5.840000152587891,5.840000152587891,5.840000152587891,5.840000152587891,500.0
2026-08-20 15:02:00,EMM.V,,0.06499999761581421,0.06499999761581421,0.06499999761581421,0.06499999761581421,6000.0
2026-08-20 15:02:00,FDR.V,,6.059999942779541,6.059999942779541,6.059999942779541,6.059999942779541,200.0
2026-08-20 15:02:00,FWZ.V,,3.2699999809265137,3.2699999809265137,3.259999990463257,3.2699999809265137,2100.0
2026-08-20 15:02:00,GOT.V,,1.7200000286102295,1.7200000286102295,1.7200000286102295,1.7200000286102295,400.0
2026-08-20 15:02:00,GSVR.V,,0.5899999737739563,0.5899999737739563,0.5899999737739563,0.5899999737739563,2000.0
2026-08-20 15:02:00,HME.V,,2.700000047683716,2.700000047683716,2.700000047683716,2.700000047683716,100.0
2026-08-20 15:02:00,ITR.V,,3.875,3.875,3.875,3.875,100.0
2026-08-20 15:02:00,KFR.V,,1.2799999713897705,1.2799999713897705,1.2799999713897705,1.2799999713897705,100.0
2026-08-20 15:02:00,KLDC.V,,0.27000001072883606,0.27000001072883606,0.27000001072883606,0.27000001072883606,500.0
2026-08-20 15:02:00,KRY.V,,3.4100000858306885,3.4100000858306885,3.4100000858306885,3.4100000858306885,600.0
2026-08-20 15:02:00,LAB.V,,0.05999999865889549,0.05999999865889549,0.05999999865889549,0.05999999865889549,5000.0
2026-08-20 15:02:00,LIFT.V,,2.6700000762939453,2.6700000762939453,2.6700000762939453,2.6700000762939453,100.0
2026-08-20 15:02:00,LMN.V,,24.5,24.510000228881836,24.5,24.510000228881836,354.0
2026-08-20 15:02:00,LUCA.V,,1.0499999523162842,1.0499999523162842,1.0499999523162842,1.0499999523162842,400.0
2026-08-20 15:02:00,MLP.V,,2.7899999618530273,2.7899999618530273,2.7899999618530273,2.7899999618530273,100.0
2026-08-20 15:02:00,MTA.V,,15.359999656677246,15.399999618530273,15.350000381469727,15.350000381469727,4100.0
2026-08-20 15:02:00,TUF.V,,0.6850000023841858,0.6850000023841858,0.6850000023841858,0.6850000023841858,1500.0
2026-08-20 15:03:00,EMM.V,,0.06499999761581421,0.06499999761581421,0.06499999761581421,0.06499999761581421,8000.0
2026-08-20 15:03:00,FWZ.V,,3.2799999713897705,3.2799999713897705,3.2799999713897705,3.2799999713897705,100.0
2026-08-20 15:03:00,GLAD.V,,2.759999990463257,2.759999990463257,2.75,2.75,3700.0
2026-08-20 15:03:00,GOT.V,,1.7200000286102295,1.7200000286102295,1.7200000286102295,1.7200000286102295,400.0
2026-08-20 15:03:00,GSVR.V,,0.5899999737739563,0.5899999737739563,0.5899999737739563,0.5899999737739563,3000.0
2026-08-20 15:03:00,GWM.V,,0.6050000190734863,0.6050000190734863,0.6050000190734863,0.6050000190734863,500.0
2026-08-20 15:03:00,ITR.V,,3.880000114440918,3.880000114440918,3.880000114440918,3.880000114440918,700.0
2026-08-20 15:03:00,LCX.V,,1.7899999618530273,1.7899999618530273,1.7899999618530273,1.7899999618530273,100.0
2026-08-20 15:03:00,LTH.V,,0.6399999856948853,0.6399999856948853,0.6399999856948853,0.6399999856948853,500.0
2026-08-20 15:03:00,LUCA.V,,1.0499999523162842,1.0499999523162842,1.0499999523162842,1.0499999523162842,4500.0
2026-08-20 15:03:00,MKO.V,,14.130000114440918,14.130000114440918,14.130000114440918,14.130000114440918,100.0
2026-08-20 15:03:00,PNG.V,,5.829999923706055,5.840000152587891,5.829999923706055,5.840000152587891,2407.0
2026-08-20 15:03:00,TUF.V,,0.6850000023841858,0.6850000023841858,0.6850000023841858,0.6850000023841858,3000.0
2026-08-20 15:04:00,BIG.V,,1.3200000524520874,1.3200000524520874,1.3200000524520874,1.3200000524520874,200.0
2026-08-20 15:04:00,EMM.V,,0.06499999761581421,0.06499999761581421,0.06499999761581421,0.06499999761581421,8000.0
2026-08-20 15:04:00,ESK.V,,0.3400000035762787,0.3400000035762787,0.3400000035762787,0.3400000035762787,10000.0
2026-08-20 15:04:00,FDR.V,,6.059999942779541,6.059999942779541,6.059999942779541,6.059999942779541,100.0
2026-08-20 15:04:00,FWZ.V,,3.2799999713897705,3.2799999713897705,3.2799999713897705,3.2799999713897705,100.0
2026-08-20 15:04:00,GAL.V,,0.5099999904632568,0.5149999856948853,0.5099999904632568,0.5149999856948853,26000.0
2026-08-20 15:04:00,GOT.V,,1.7200000286102295,1.7200000286102295,1.7200000286102295,1.7200000286102295,200.0
2026-08-20 15:04:00,GRZ.V,,6.610000133514404,6.610000133514404,6.610000133514404,6.610000133514404,700.0
2026-08-20 15:04:00,GSVR.V,,0.5899999737739563,0.5899999737739563,0.5899999737739563,0.5899999737739563,3000.0
2026-08-20 15:04:00,ILI.V,,0.019999999552965164,0.019999999552965164,0.019999999552965164,0.019999999552965164,2500.0
2026-08-20 15:04:00,ITR.V,,3.890000104904175,3.890000104904175,3.890000104904175,3.890000104904175,100.0
2026-08-20 15:04:00,LMN.V,,24.5,24.5,24.5,24.5,100.0
2026-08-20 15:04:00,LUCA.V,,1.0549999475479126,1.0549999475479126,1.0549999475479126,1.0549999475479126,100.0
2026-08-20 15:04:00,MASS.V,,0.07000000029802322,0.07000000029802322,0.07000000029802322,0.07000000029802322,3000.0
2026-08-20 15:04:00,NURS.V,,3.940000057220459,3.950000047683716,3.940000057220459,3.950000047683716,1800.0
2026-08-20 15:04:00,TUF.V,,0.6850000023841858,0.6850000023841858,0.6800000071525574,0.6800000071525574,3000.0
2026-08-20 15:05:00,EMM.V,,0.06499999761581421,0.06499999761581421,0.06499999761581421,0.06499999761581421,12000.0
2026-08-20 15:05:00,FDR.V,,6.070000171661377,6.070000171661377,6.059999942779541,6.070000171661377,2000.0
2026-08-20 15:05:00,FWZ.V,,3.2799999713897705,3.2799999713897705,3.2799999713897705,3.2799999713897705,300.0
2026-08-20 15:05:00,GLAD.V,,2.759999990463257,2.759999990463257,2.759999990463257,2.759999990463257,41126.0
2026-08-20 15:05:00,GOT.V,,1.7200000286102295,1.7200000286102295,1.7200000286102295,1.7200000286102295,300.0
2026-08-20 15:05:00,GSVR.V,,0.5849999785423279,0.5899999737739563,0.5849999785423279,0.5899999737739563,3047.0
2026-08-20 15:05:00,HITI.V,,3.380000114440918,3.380000114440918,3.380000114440918,3.380000114440918,100.0
2026-08-20 15:05:00,HSTR.V,,2.315000057220459,2.315000057220459,2.315000057220459,2.315000057220459,100.0
2026-08-20 15:05:00,ITR.V,,3.880000114440918,3.880000114440918,3.880000114440918,3.880000114440918,100.0
2026-08-20 15:05:00,JEV.V,,0.2150000035762787,0.2150000035762787,0.2150000035762787,0.2150000035762787,7500.0
2026-08-20 15:05:00,JUGR.V,,1.350000023841858,1.350000023841858,1.350000023841858,1.350000023841858,200.0
2026-08-20 15:05:00,KTN.V,,1.350000023841858,1.350000023841858,1.350000023841858,1.350000023841858,1000.0
2026-08-20 15:05:00,LMN.V,,24.510000228881836,24.510000228881836,24.510000228881836,24.510000228881836,100.0
2026-08-20 15:05:00,LTH.V,,0.6399999856948853,0.6399999856948853,0.6299999952316284,0.6299999952316284,1177.0
2026-08-20 15:05:00,LUCA.V,,1.0549999475479126,1.0549999475479126,1.0549999475479126,1.0549999475479126,100.0
2026-08-20 15:05:00,MGM.V,,2.8299999237060547,2.8299999237060547,2.8299999237060547,2.8299999237060547,1600.0
2026-08-20 15:05:00,MKO.V,,14.170000076293945,14.170000076293945,14.170000076293945,14.170000076293945,100.0
2026-08-20 15:05:00,MLP.V,,2.7899999618530273,2.7899999618530273,2.7899999618530273,2.7899999618530273,100.0
2026-08-20 15:05:00,TUF.V,,0.6899999976158142,0.6899999976158142,0.6899999976158142,0.6899999976158142,14000.0
2026-08-20 15:06:00,BIG.V,,1.3200000524520874,1.3200000524520874,1.3200000524520874,1.3200000524520874,200.0
2026-08-20 15:06:00,EMM.V,,0.06499999761581421,0.06499999761581421,0.06499999761581421,0.06499999761581421,6000.0
2026-08-20 15:06:00,FWZ.V,,3.2750000953674316,3.2750000953674316,3.2750000953674316,3.2750000953674316,100.0
2026-08-20 15:06:00,GOT.V,,1.7200000286102295,1.7200000286102295,1.7200000286102295,1.7200000286102295,400.0
2026-08-20 15:06:00,GSVR.V,,0.5849999785423279,0.5849999785423279,0.5849999785423279,0.5849999785423279,2500.0
2026-08-20 15:06:00,GWM.V,,0.6050000190734863,0.6050000190734863,0.6050000190734863,0.6050000190734863,500.0
2026-08-20 15:06:00,HSTR.V,,2.315000057220459,2.315000057220459,2.315000057220459,2.315000057220459,200.0
2026-08-20 15:06:00,IFOS.V,,2.2100000381469727,2.2100000381469727,2.2100000381469727,2.2100000381469727,2230.0
2026-08-20 15:06:00,IGO.V,,0.1550000011920929,0.1550000011920929,0.1550000011920929,0.1550000011920929,66500.0
2026-08-20 15:06:00,ITR.V,,3.880000114440918,3.890000104904175,3.880000114440918,3.890000104904175,300.0
2026-08-20 15:06:00,LMN.V,,24.5,24.510000228881836,24.5,24.510000228881836,800.0
2026-08-20 15:06:00,LUCA.V,,1.059999942779541,1.059999942779541,1.0549999475479126,1.0549999475479126,300.0
2026-08-20 15:06:00,MGM.V,,2.8299999237060547,2.8299999237060547,2.8299999237060547,2.8299999237060547,100.0
2026-08-20 15:06:00,MTA.V,,15.369999885559082,15.369999885559082,15.369999885559082,15.369999885559082,100.0
2026-08-20 15:06:00,NURS.V,,3.930000066757202,3.930000066757202,3.930000066757202,3.930000066757202,100.0
2026-08-20 15:06:00,PNG.V,,5.829999923706055,5.829999923706055,5.829999923706055,5.829999923706055,500.0
2026-08-20 15:07:00,BIG.V,,1.3200000524520874,1.3200000524520874,1.3200000524520874,1.3200000524520874,300.0
2026-08-20 15:07:00,EMM.V,,0.06499999761581421,0.06499999761581421,0.06499999761581421,0.06499999761581421,13000.0
2026-08-20 15:07:00,FWZ.V,,3.2750000953674316,3.2750000953674316,3.2750000953674316,3.2750000953674316,100.0
2026-08-20 15:07:00,GLAD.V,,2.7899999618530273,2.7899999618530273,2.759999990463257,2.759999990463257,2700.0
2026-08-20 15:07:00,GOT.V,,1.7200000286102295,1.7200000286102295,1.7200000286102295,1.7200000286102295,400.0
2026-08-20 15:07:00,GSP.V,,0.13500000536441803,0.13500000536441803,0.13500000536441803,0.13500000536441803,10000.0
2026-08-20 15:07:00,GSVR.V,,0.5799999833106995,0.5899999737739563,0.5799999833106995,0.5899999737739563,4000.0
2026-08-20 15:07:00,HME.V,,2.700000047683716,2.700000047683716,2.700000047683716,2.700000047683716,100.0
2026-08-20 15:07:00,HSTR.V,,2.319999933242798,2.319999933242798,2.315000057220459,2.315000057220459,400.0
2026-08-20 15:07:00,IFOS.V,,2.200000047683716,2.200000047683716,2.200000047683716,2.200000047683716,400.0
2026-08-20 15:07:00,ITR.V,,3.890000104904175,3.890000104904175,3.890000104904175,3.890000104904175,100.0
2026-08-20 15:07:00,LTH.V,,0.6299999952316284,0.6299999952316284,0.6299999952316284,0.6299999952316284,500.0
2026-08-20 15:07:00,LUCA.V,,1.059999942779541,1.059999942779541,1.059999942779541,1.059999942779541,200.0
2026-08-20 15:07:00,MGM.V,,2.819999933242798,2.819999933242798,2.819999933242798,2.819999933242798,100.0
2026-08-20 15:07:00,NURS.V,,3.930000066757202,3.930000066757202,3.930000066757202,3.930000066757202,100.0
2026-08-20 15:07:00,PNG.V,,5.829999923706055,5.829999923706055,5.829999923706055,5.829999923706055,250.0
2026-08-20 15:08:00,EMM.V,,0.06499999761581421,0.06499999761581421,0.06499999761581421,0.06499999761581421,9000.0
2026-08-20 15:08:00,GLAD.V,,2.7799999713897705,2.7899999618530273,2.7799999713897705,2.7899999618530273,700.0
2026-08-20 15:08:00,GNG.V,,0.09000000357627869,0.09000000357627869,0.09000000357627869,0.09000000357627869,0.0
2026-08-20 15:08:00,GSVR.V,,0.5899999737739563,0.5899999737739563,0.5899999737739563,0.5899999737739563,1000.0
2026-08-20 15:08:00,GWM.V,,0.6100000143051147,0.6100000143051147,0.6100000143051147,0.6100000143051147,500.0
2026-08-20 15:08:00,HSTR.V,,2.319999933242798,2.319999933242798,2.315000057220459,2.319999933242798,800.0
2026-08-20 15:08:00,ITR.V,,3.890000104904175,3.890000104904175,3.880000114440918,3.880000114440918,400.0
2026-08-20 15:08:00,KDK.V,,0.800000011920929,0.800000011920929,0.800000011920929,0.800000011920929,6000.0
2026-08-20 15:08:00,KFR.V,,1.2799999713897705,1.2799999713897705,1.2799999713897705,1.2799999713897705,100.0
2026-08-20 15:08:00,KTN.V,,1.350000023841858,1.350000023841858,1.350000023841858,1.350000023841858,500.0
2026-08-20 15:08:00,LCX.V,,1.7899999618530273,1.7899999618530273,1.7899999618530273,1.7899999618530273,100.0
2026-08-20 15:08:00,LUCA.V,,1.059999942779541,1.059999942779541,1.059999942779541,1.059999942779541,400.0
2026-08-20 15:08:00,MKO.V,,14.1899995803833,14.1899995803833,14.1899995803833,14.1899995803833,100.0
2026-08-20 15:08:00,MLP.V,,2.809999942779541,2.809999942779541,2.7899999618530273,2.7899999618530273,4300.0
2026-08-20 15:08:00,MTA.V,,15.369999885559082,15.369999885559082,15.369999885559082,15.369999885559082,100.0
2026-08-20 15:08:00,ZNG.V,,0.8199999928474426,0.8199999928474426,0.8100000023841858,0.8100000023841858,4500.0
2026-08-20 15:09:00,BIG.V,,1.3200000524520874,1.3200000524520874,1.3200000524520874,1.3200000524520874,300.0
2026-08-20 15:09:00,FUU.V,,0.14000000059604645,0.14000000059604645,0.14000000059604645,0.14000000059604645,12500.0
2026-08-20 15:09:00,FWZ.V,,3.2750000953674316,3.2750000953674316,3.2750000953674316,3.2750000953674316,100.0
2026-08-20 15:09:00,GOT.V,,1.7200000286102295,1.7200000286102295,1.7200000286102295,1.7200000286102295,200.0
2026-08-20 15:09:00,GSVR.V,,0.5899999737739563,0.5899999737739563,0.5899999737739563,0.5899999737739563,1500.0
2026-08-20 15:09:00,HSTR.V,,2.315000057220459,2.319999933242798,2.315000057220459,2.319999933242798,300.0
2026-08-20 15:09:00,IGO.V,,0.1550000011920929,0.1550000011920929,0.1550000011920929,0.1550000011920929,5000.0
2026-08-20 15:09:00,KLDC.V,,0.27000001072883606,0.27000001072883606,0.27000001072883606,0.27000001072883606,500.0
2026-08-20 15:09:00,LTH.V,,0.6299999952316284,0.6299999952316284,0.6299999952316284,0.6299999952316284,500.0
2026-08-20 15:09:00,LUCA.V,,1.059999942779541,1.059999942779541,1.059999942779541,1.059999942779541,5100.0
2026-08-20 15:09:00,MKO.V,,14.1899995803833,14.1899995803833,14.180000305175781,14.180000305175781,200.0
2026-08-20 15:09:00,MLP.V,,2.809999942779541,2.809999942779541,2.809999942779541,2.809999942779541,200.0
2026-08-20 15:09:00,NURS.V,,3.930000066757202,3.930000066757202,3.930000066757202,3.930000066757202,100.0
2026-08-20 15:10:00,BIG.V,,1.3200000524520874,1.3200000524520874,1.3200000524520874,1.3200000524520874,100.0
2026-08-20 15:10:00,FDR.V,,6.070000171661377,6.070000171661377,6.070000171661377,6.070000171661377,100.0
2026-08-20 15:10:00,FWZ.V,,3.2750000953674316,3.2750000953674316,3.2750000953674316,3.2750000953674316,100.0
2026-08-20 15:10:00,FYL.V,,0.10000000149011612,0.10000000149011612,0.10000000149011612,0.10000000149011612,6000.0
2026-08-20 15:10:00,GLAD.V,,2.7899999618530273,2.7899999618530273,2.7899999618530273,2.7899999618530273,100.0
2026-08-20 15:10:00,GPG.V,,0.4000000059604645,0.4000000059604645,0.4000000059604645,0.4000000059604645,19000.0
2026-08-20 15:10:00,GSVR.V,,0.5899999737739563,0.5899999737739563,0.5899999737739563,0.5899999737739563,2000.0
2026-08-20 15:10:00,HSTR.V,,2.319999933242798,2.319999933242798,2.319999933242798,2.319999933242798,100.0
2026-08-20 15:10:00,ITR.V,,3.890000104904175,3.890000104904175,3.890000104904175,3.890000104904175,200.0
2026-08-20 15:10:00,KRI.V,,0.23999999463558197,0.23999999463558197,0.23999999463558197,0.23999999463558197,3000.0
2026-08-20 15:10:00,LUCA.V,,1.059999942779541,1.059999942779541,1.059999942779541,1.059999942779541,31796.0
2026-08-20 15:10:00,MERG.V,,0.8399999737739563,0.8399999737739563,0.8399999737739563,0.8399999737739563,4000.0
2026-08-20 15:10:00,MKO.V,,14.170000076293945,14.170000076293945,14.170000076293945,14.170000076293945,200.0
2026-08-20 15:10:00,MTA.V,,15.369999885559082,15.369999885559082,15.369999885559082,15.369999885559082,100.0
2026-08-20 15:10:00,NURS.V,,3.9200000762939453,3.930000066757202,3.9200000762939453,3.930000066757202,2500.0
2026-08-20 15:11:00,BIG.V,,1.3200000524520874,1.3200000524520874,1.3200000524520874,1.3200000524520874,12233.0
2026-08-20 15:11:00,EMM.V,,0.06499999761581421,0.06499999761581421,0.06499999761581421,0.06499999761581421,83000.0
2026-08-20 15:11:00,FWZ.V,,3.2699999809265137,3.2699999809265137,3.2699999809265137,3.2699999809265137,900.0
2026-08-20 15:11:00,GLAD.V,,2.7799999713897705,2.7799999713897705,2.7799999713897705,2.7799999713897705,200.0
2026-08-20 15:11:00,GOT.V,,1.7200000286102295,1.7200000286102295,1.7200000286102295,1.7200000286102295,400.0
2026-08-20 15:11:00,GSVR.V,,0.5899999737739563,0.5899999737739563,0.5899999737739563,0.5899999737739563,1000.0
2026-08-20 15:11:00,GWM.V,,0.6050000190734863,0.6050000190734863,0.6050000190734863,0.6050000190734863,500.0
2026-08-20 15:11:00,HAR.V,,0.03999999910593033,0.03999999910593033,0.03999999910593033,0.03999999910593033,50000.0
2026-08-20 15:11:00,HSTR.V,,2.319999933242798,2.319999933242798,2.319999933242798,2.319999933242798,200.0
2026-08-20 15:11:00,IPT.V,,0.3050000071525574,0.3050000071525574,0.3050000071525574,0.3050000071525574,500.0
2026-08-20 15:11:00,ITR.V,,3.890000104904175,3.890000104904175,3.890000104904175,3.890000104904175,1200.0
2026-08-20 15:11:00,KLDC.V,,0.27000001072883606,0.27000001072883606,0.27000001072883606,0.27000001072883606,3500.0
2026-08-20 15:11:00,LAB.V,,0.05999999865889549,0.05999999865889549,0.05999999865889549,0.05999999865889549,50000.0
2026-08-20 15:11:00,LMN.V,,24.5,24.5,24.5,24.5,100.0
2026-08-20 15:11:00,LTH.V,,0.6399999856948853,0.6399999856948853,0.6399999856948853,0.6399999856948853,500.0
2026-08-20 15:11:00,LUCA.V,,1.0700000524520874,1.0700000524520874,1.0700000524520874,1.0700000524520874,1000.0
2026-08-20 15:11:00,MLP.V,,2.809999942779541,2.809999942779541,2.809999942779541,2.809999942779541,100.0
2026-08-20 15:12:00,FDR.V,,6.070000171661377,6.070000171661377,6.070000171661377,6.070000171661377,100.0
2026-08-20 15:12:00,FYL.V,,0.0949999988079071,0.0949999988079071,0.0949999988079071,0.0949999988079071,6000.0
2026-08-20 15:12:00,GOT.V,,1.7200000286102295,1.7200000286102295,1.7200000286102295,1.7200000286102295,100.0
2026-08-20 15:12:00,GSR.V,,0.38499999046325684,0.38499999046325684,0.38499999046325684,0.38499999046325684,12000.0
2026-08-20 15:12:00,GSVR.V,,0.5849999785423279,0.5899999737739563,0.5849999785423279,0.5899999737739563,4000.0
2026-08-20 15:12:00,HSTR.V,,2.309999942779541,2.319999933242798,2.309999942779541,2.319999933242798,3100.0
2026-08-20 15:12:00,ITR.V,,3.9000000953674316,3.9000000953674316,3.890000104904175,3.890000104904175,200.0
2026-08-20 15:12:00,LMN.V,,24.510000228881836,24.510000228881836,24.5,24.5,1200.0
2026-08-20 15:12:00,LUCA.V,,1.059999942779541,1.059999942779541,1.059999942779541,1.059999942779541,1300.0
2026-08-20 15:12:00,MMA.V,,0.6549999713897705,0.6549999713897705,0.6549999713897705,0.6549999713897705,500.0
2026-08-20 15:12:00,NURS.V,,3.9200000762939453,3.9200000762939453,3.9200000762939453,3.9200000762939453,100.0
2026-08-20 15:13:00,GOT.V,,1.7200000286102295,1.7200000286102295,1.7200000286102295,1.7200000286102295,100.0
2026-08-20 15:13:00,GPG.V,,0.4099999964237213,0.4099999964237213,0.4099999964237213,0.4099999964237213,9500.0
2026-08-20 15:13:00,GSVR.V,,0.5849999785423279,0.5899999737739563,0.5849999785423279,0.5899999737739563,12900.0
2026-08-20 15:13:00,HSTR.V,,2.309999942779541,2.309999942779541,2.309999942779541,2.309999942779541,200.0
2026-08-20 15:13:00,ITR.V,,3.880000114440918,3.880000114440918,3.880000114440918,3.880000114440918,2500.0
2026-08-20 15:13:00,KDK.V,,0.7799999713897705,0.7799999713897705,0.7799999713897705,0.7799999713897705,500.0
2026-08-20 15:13:00,KFR.V,,1.2799999713897705,1.2799999713897705,1.2799999713897705,1.2799999713897705,100.0
2026-08-20 15:13:00,KLDC.V,,0.27000001072883606,0.27000001072883606,0.27000001072883606,0.27000001072883606,4000.0
2026-08-20 15:13:00,KTN.V,,1.350000023841858,1.350000023841858,1.350000023841858,1.350000023841858,2500.0
2026-08-20 15:13:00,LMN.V,,24.5,24.5,24.5,24.5,100.0
2026-08-20 15:13:00,LTH.V,,0.6399999856948853,0.6399999856948853,0.6399999856948853,0.6399999856948853,2000.0
2026-08-20 15:13:00,LUCA.V,,1.059999942779541,1.059999942779541,1.059999942779541,1.059999942779541,2600.0
2026-08-20 15:13:00,MKO.V,,14.210000038146973,14.210000038146973,14.210000038146973,14.210000038146973,175.0
2026-08-20 15:13:00,MTA.V,,15.369999885559082,15.4399995803833,15.369999885559082,15.4399995803833,200.0
2026-08-20 15:13:00,NURS.V,,3.9200000762939453,3.9200000762939453,3.9200000762939453,3.9200000762939453,100.0
2026-08-20 15:14:00,BIG.V,,1.3300000429153442,1.3300000429153442,1.3300000429153442,1.3300000429153442,200.0
2026-08-20 15:14:00,GLAD.V,,2.7899999618530273,2.7899999618530273,2.7899999618530273,2.7899999618530273,100.0
2026-08-20 15:14:00,GOT.V,,1.725000023841858,1.725000023841858,1.725000023841858,1.725000023841858,100.0
2026-08-20 15:14:00,GSVR.V,,0.5899999737739563,0.5899999737739563,0.5899999737739563,0.5899999737739563,1500.0
2026-08-20 15:14:00,GWM.V,,0.6050000190734863,0.6050000190734863,0.6050000190734863,0.6050000190734863,500.0
2026-08-20 15:14:00,HSTR.V,,2.309999942779541,2.309999942779541,2.309999942779541,2.309999942779541,100.0
2026-08-20 15:14:00,ITR.V,,3.9000000953674316,3.9000000953674316,3.9000000953674316,3.9000000953674316,200.0
2026-08-20 15:14:00,KTN.V,,1.350000023841858,1.350000023841858,1.350000023841858,1.350000023841858,1200.0
2026-08-20 15:14:00,LCX.V,,1.7899999618530273,1.7899999618530273,1.7899999618530273,1.7899999618530273,100.0
2026-08-20 15:14:00,LG.V,,0.39500001072883606,0.39500001072883606,0.39500001072883606,0.39500001072883606,500.0
2026-08-20 15:14:00,LMN.V,,24.510000228881836,24.510000228881836,24.510000228881836,24.510000228881836,600.0
2026-08-20 15:14:00,LUCA.V,,1.059999942779541,1.059999942779541,1.059999942779541,1.059999942779541,500.0
2026-08-20 15:14:00,MAH.V,,0.1899999976158142,0.1899999976158142,0.1899999976158142,0.1899999976158142,500.0
2026-08-20 15:14:00,NURS.V,,3.924999952316284,3.924999952316284,3.924999952316284,3.924999952316284,100.0
2026-08-20 15:14:00,PNG.V,,5.829999923706055,5.829999923706055,5.829999923706055,5.829999923706055,400.0
2026-08-20 15:14:00,VAND.V,,0.699999988079071,0.699999988079071,0.699999988079071,0.699999988079071,2000.0
2026-08-20 15:15:00,BIG.V,,1.3300000429153442,1.3300000429153442,1.3300000429153442,1.3300000429153442,5300.0
2026-08-20 15:15:00,FDR.V,,6.074999809265137,6.074999809265137,6.074999809265137,6.074999809265137,100.0
2026-08-20 15:15:00,GOT.V,,1.725000023841858,1.725000023841858,1.725000023841858,1.725000023841858,100.0
2026-08-20 15:15:00,GSVR.V,,0.5899999737739563,0.5899999737739563,0.5899999737739563,0.5899999737739563,1000.0
2026-08-20 15:15:00,HME.V,,2.700000047683716,2.700000047683716,2.700000047683716,2.700000047683716,100.0
2026-08-20 15:15:00,HSTR.V,,2.309999942779541,2.309999942779541,2.309999942779541,2.309999942779541,300.0
2026-08-20 15:15:00,INTR.V,,0.8199999928474426,0.8199999928474426,0.8199999928474426,0.8199999928474426,500.0
2026-08-20 15:15:00,ITR.V,,3.9000000953674316,3.9000000953674316,3.9000000953674316,3.9000000953674316,100.0
2026-08-20 15:15:00,KFR.V,,1.2699999809265137,1.2699999809265137,1.2699999809265137,1.2699999809265137,100.0
2026-08-20 15:15:00,KTN.V,,1.350000023841858,1.350000023841858,1.350000023841858,1.350000023841858,3600.0
2026-08-20 15:15:00,LMN.V,,24.549999237060547,24.549999237060547,24.549999237060547,24.549999237060547,100.0
2026-08-20 15:15:00,LUCA.V,,1.0549999475479126,1.059999942779541,1.0549999475479126,1.059999942779541,1000.0
2026-08-20 15:15:00,MLP.V,,2.809999942779541,2.809999942779541,2.809999942779541,2.809999942779541,300.0
2026-08-20 15:15:00,MMA.V,,0.6549999713897705,0.6549999713897705,0.6549999713897705,0.6549999713897705,500.0
2026-08-20 15:15:00,MTA.V,,15.40999984741211,15.40999984741211,15.40999984741211,15.40999984741211,1100.0
2026-08-20 15:15:00,PNG.V,,5.829999923706055,5.829999923706055,5.829999923706055,5.829999923706055,1050.0
2026-08-20 15:16:00,GOT.V,,1.7200000286102295,1.7200000286102295,1.7200000286102295,1.7200000286102295,100.0
2026-08-20 15:16:00,GSVR.V,,0.5899999737739563,0.5899999737739563,0.5899999737739563,0.5899999737739563,2000.0
2026-08-20 15:16:00,GWM.V,,0.6100000143051147,0.6100000143051147,0.6100000143051147,0.6100000143051147,500.0
2026-08-20 15:16:00,ITR.V,,3.9000000953674316,3.9000000953674316,3.9000000953674316,3.9000000953674316,100.0
2026-08-20 15:16:00,JUGR.V,,1.3600000143051147,1.3600000143051147,1.3600000143051147,1.3600000143051147,800.0
2026-08-20 15:16:00,KTO.V,,0.8899999856948853,0.8899999856948853,0.8899999856948853,0.8899999856948853,4500.0
2026-08-20 15:16:00,LUCA.V,,1.059999942779541,1.059999942779541,1.059999942779541,1.059999942779541,1000.0
2026-08-20 15:16:00,MEK.V,,0.04500000178813934,0.04500000178813934,0.04500000178813934,0.04500000178813934,300000.0
2026-08-20 15:16:00,MKO.V,,14.210000038146973,14.210000038146973,14.1899995803833,14.1899995803833,300.0
2026-08-20 15:16:00,MLP.V,,2.809999942779541,2.809999942779541,2.799999952316284,2.799999952316284,200.0
2026-08-20 15:16:00,MTA.V,,15.40999984741211,15.40999984741211,15.40999984741211,15.40999984741211,200.0
2026-08-20 15:16:00,NURS.V,,3.924999952316284,3.924999952316284,3.924999952316284,3.924999952316284,100.0
2026-08-20 15:16:00,PNG.V,,5.840000152587891,5.840000152587891,5.840000152587891,5.840000152587891,200.0
2026-08-20 15:16:00,TUF.V,,0.6949999928474426,0.6949999928474426,0.6949999928474426,0.6949999928474426,3000.0
2026-08-20 15:17:00,BIG.V,,1.3300000429153442,1.3300000429153442,1.3300000429153442,1.3300000429153442,100.0
2026-08-20 15:17:00,FWZ.V,,3.259999990463257,3.259999990463257,3.259999990463257,3.259999990463257,100.0
2026-08-20 15:17:00,GRSL.V,,0.41499999165534973,0.41499999165534973,0.41499999165534973,0.41499999165534973,50000.0
2026-08-20 15:17:00,GSVR.V,,0.5899999737739563,0.5899999737739563,0.5899999737739563,0.5899999737739563,1250.0
2026-08-20 15:17:00,GWM.V,,0.6100000143051147,0.6100000143051147,0.6100000143051147,0.6100000143051147,500.0
2026-08-20 15:17:00,ITR.V,,3.890000104904175,3.890000104904175,3.890000104904175,3.890000104904175,100.0
2026-08-20 15:17:00,LTH.V,,0.6399999856948853,0.6399999856948853,0.6399999856948853,0.6399999856948853,500.0
2026-08-20 15:17:00,MTA.V,,15.399999618530273,15.399999618530273,15.399999618530273,15.399999618530273,100.0
2026-08-20 15:17:00,TUF.V,,0.6949999928474426,0.6949999928474426,0.6949999928474426,0.6949999928474426,5000.0
2026-08-20 15:18:00,BIG.V,,1.3250000476837158,1.3300000429153442,1.3250000476837158,1.3300000429153442,1000.0
2026-08-20 15:18:00,FDR.V,,6.074999809265137,6.074999809265137,6.074999809265137,6.074999809265137,100.0
2026-08-20 15:18:00,FWZ.V,,3.265000104904175,3.265000104904175,3.265000104904175,3.265000104904175,100.0
2026-08-20 15:18:00,GOT.V,,1.7200000286102295,1.7200000286102295,1.7200000286102295,1.7200000286102295,100.0
2026-08-20 15:18:00,GRSL.V,,0.41499999165534973,0.41499999165534973,0.41499999165534973,0.41499999165534973,1000.0
2026-08-20 15:18:00,GSVR.V,,0.5899999737739563,0.5899999737739563,0.5899999737739563,0.5899999737739563,1000.0
2026-08-20 15:18:00,GWM.V,,0.6100000143051147,0.6100000143051147,0.6100000143051147,0.6100000143051147,500.0
2026-08-20 15:18:00,HME.V,,2.700000047683716,2.700000047683716,2.700000047683716,2.700000047683716,4100.0
2026-08-20 15:18:00,HSTR.V,,2.315000057220459,2.315000057220459,2.315000057220459,2.315000057220459,100.0
2026-08-20 15:18:00,IGO.V,,0.1550000011920929,0.1550000011920929,0.1550000011920929,0.1550000011920929,4000.0
2026-08-20 15:18:00,ITR.V,,3.890000104904175,3.890000104904175,3.880000114440918,3.890000104904175,700.0
2026-08-20 15:18:00,LMN.V,,24.5,24.5,24.5,24.5,200.0
2026-08-20 15:18:00,MKO.V,,14.180000305175781,14.180000305175781,14.180000305175781,14.180000305175781,428.0
2026-08-20 15:18:00,MLP.V,,2.799999952316284,2.799999952316284,2.799999952316284,2.799999952316284,176375.0
2026-08-20 15:18:00,NURS.V,,3.940000057220459,3.940000057220459,3.940000057220459,3.940000057220459,300.0
2026-08-20 15:19:00,BIG.V,,1.3200000524520874,1.3250000476837158,1.3200000524520874,1.3250000476837158,10200.0
2026-08-20 15:19:00,ESK.V,,0.3400000035762787,0.3400000035762787,0.3400000035762787,0.3400000035762787,4500.0
2026-08-20 15:19:00,FDR.V,,6.074999809265137,6.074999809265137,6.074999809265137,6.074999809265137,400.0
2026-08-20 15:19:00,FL.V,,0.42500001192092896,0.42500001192092896,0.42500001192092896,0.42500001192092896,500.0
2026-08-20 15:19:00,FUU.V,,0.14000000059604645,0.14000000059604645,0.14000000059604645,0.14000000059604645,4441.0
2026-08-20 15:19:00,GOOD.V,,0.2199999988079071,0.2199999988079071,0.2199999988079071,0.2199999988079071,1000.0
2026-08-20 15:19:00,GOT.V,,1.7200000286102295,1.7200000286102295,1.7200000286102295,1.7200000286102295,100.0
2026-08-20 15:19:00,GSVR.V,,0.5849999785423279,0.5899999737739563,0.5849999785423279,0.5899999737739563,3000.0
2026-08-20 15:19:00,HSTR.V,,2.309999942779541,2.315000057220459,2.309999942779541,2.315000057220459,1400.0
2026-08-20 15:19:00,ITR.V,,3.890000104904175,3.890000104904175,3.890000104904175,3.890000104904175,100.0
2026-08-20 15:19:00,KDK.V,,0.7699999809265137,0.7699999809265137,0.7699999809265137,0.7699999809265137,500.0
2026-08-20 15:19:00,LME.V,,0.12999999523162842,0.12999999523162842,0.12999999523162842,0.12999999523162842,500.0
2026-08-20 15:19:00,LMN.V,,24.5,24.510000228881836,24.5,24.510000228881836,400.0
2026-08-20 15:19:00,LTH.V,,0.6399999856948853,0.6399999856948853,0.6399999856948853,0.6399999856948853,500.0
2026-08-20 15:19:00,LUCA.V,,1.0499999523162842,1.0499999523162842,1.0499999523162842,1.0499999523162842,7200.0
2026-08-20 15:19:00,MLP.V,,2.809999942779541,2.809999942779541,2.809999942779541,2.809999942779541,30800.0
2026-08-20 15:19:00,PNG.V,,5.829999923706055,5.829999923706055,5.829999923706055,5.829999923706055,200.0
2026-08-20 15:19:00,TUF.V,,0.6899999976158142,0.6899999976158142,0.6899999976158142,0.6899999976158142,2000.0
2026-08-20 15:20:00,BIG.V,,1.3200000524520874,1.3200000524520874,1.3200000524520874,1.3200000524520874,200.0
2026-08-20 15:20:00,FDR.V,,6.074999809265137,6.074999809265137,6.074999809265137,6.074999809265137,100.0
2026-08-20 15:20:00,FUU.V,,0.14499999582767487,0.14499999582767487,0.14499999582767487,0.14499999582767487,1515.0
2026-08-20 15:20:00,FWZ.V,,3.265000104904175,3.265000104904175,3.265000104904175,3.265000104904175,100.0
2026-08-20 15:20:00,GLAD.V,,2.7750000953674316,2.7750000953674316,2.7750000953674316,2.7750000953674316,100.0
2026-08-20 15:20:00,GRSL.V,,0.41499999165534973,0.41499999165534973,0.41499999165534973,0.41499999165534973,49000.0
2026-08-20 15:20:00,GSVR.V,,0.5899999737739563,0.5899999737739563,0.5899999737739563,0.5899999737739563,2000.0
2026-08-20 15:20:00,HSTR.V,,2.305000066757202,2.305000066757202,2.305000066757202,2.305000066757202,400.0
2026-08-20 15:20:00,ITR.V,,3.890000104904175,3.890000104904175,3.890000104904175,3.890000104904175,100.0
2026-08-20 15:20:00,KFR.V,,1.2799999713897705,1.2799999713897705,1.2799999713897705,1.2799999713897705,100.0
2026-08-20 15:20:00,LCX.V,,1.7899999618530273,1.7899999618530273,1.7899999618530273,1.7899999618530273,100.0
2026-08-20 15:20:00,LIFT.V,,2.7200000286102295,2.7200000286102295,2.7200000286102295,2.7200000286102295,100.0
2026-08-20 15:20:00,LIO.V,,0.2199999988079071,0.2199999988079071,0.2199999988079071,0.2199999988079071,6500.0
2026-08-20 15:20:00,LTH.V,,0.6399999856948853,0.6399999856948853,0.6299999952316284,0.6399999856948853,6500.0
2026-08-20 15:20:00,MLP.V,,2.809999942779541,2.809999942779541,2.809999942779541,2.809999942779541,400.0
2026-08-20 15:20:00,MTA.V,,15.380000114440918,15.380000114440918,15.380000114440918,15.380000114440918,100.0
2026-08-20 15:20:00,NURS.V,,3.950000047683716,3.950000047683716,3.940000057220459,3.940000057220459,200.0
2026-08-20 15:20:00,TUF.V,,0.6899999976158142,0.6899999976158142,0.6899999976158142,0.6899999976158142,4000.0
2026-08-20 15:21:00,FDR.V,,6.074999809265137,6.074999809265137,6.074999809265137,6.074999809265137,100.0
2026-08-20 15:21:00,GAL.V,,0.5199999809265137,0.5199999809265137,0.5199999809265137,0.5199999809265137,500.0
2026-08-20 15:21:00,GLAD.V,,2.7750000953674316,2.7899999618530273,2.7750000953674316,2.7899999618530273,300.0
2026-08-20 15:21:00,GOT.V,,1.7200000286102295,1.7200000286102295,1.7200000286102295,1.7200000286102295,2600.0
2026-08-20 15:21:00,GSVR.V,,0.5899999737739563,0.5899999737739563,0.5899999737739563,0.5899999737739563,1500.0
2026-08-20 15:21:00,GWM.V,,0.6050000190734863,0.6050000190734863,0.6050000190734863,0.6050000190734863,500.0
2026-08-20 15:21:00,HAR.V,,0.03999999910593033,0.03999999910593033,0.03999999910593033,0.03999999910593033,375000.0
2026-08-20 15:21:00,HME.V,,2.700000047683716,2.700000047683716,2.700000047683716,2.700000047683716,2600.0
2026-08-20 15:21:00,HSTR.V,,2.299999952316284,2.299999952316284,2.299999952316284,2.299999952316284,300.0
2026-08-20 15:21:00,ITR.V,,3.880000114440918,3.880000114440918,3.880000114440918,3.880000114440918,800.0
2026-08-20 15:21:00,LME.V,,0.12999999523162842,0.12999999523162842,0.12999999523162842,0.12999999523162842,500.0
2026-08-20 15:21:00,MMA.V,,0.6549999713897705,0.6549999713897705,0.6549999713897705,0.6549999713897705,500.0
2026-08-20 15:21:00,MTA.V,,15.380000114440918,15.380000114440918,15.380000114440918,15.380000114440918,1200.0
2026-08-20 15:21:00,PNG.V,,5.829999923706055,5.835000038146973,5.829999923706055,5.835000038146973,400.0
2026-08-20 15:21:00,TUF.V,,0.6899999976158142,0.6899999976158142,0.6899999976158142,0.6899999976158142,6000.0
2026-08-20 15:22:00,BIG.V,,1.3200000524520874,1.3200000524520874,1.3200000524520874,1.3200000524520874,600.0
2026-08-20 15:22:00,FMAN.V,,0.39500001072883606,0.39500001072883606,0.39500001072883606,0.39500001072883606,500.0
2026-08-20 15:22:00,FUU.V,,0.14499999582767487,0.14499999582767487,0.14499999582767487,0.14499999582767487,500.0
2026-08-20 15:22:00,FWZ.V,,3.265000104904175,3.265000104904175,3.265000104904175,3.265000104904175,600.0
2026-08-20 15:22:00,GAL.V,,0.5099999904632568,0.5099999904632568,0.5099999904632568,0.5099999904632568,500.0
2026-08-20 15:22:00,GLAD.V,,2.7750000953674316,2.7750000953674316,2.7750000953674316,2.7750000953674316,100.0
2026-08-20 15:22:00,GOT.V,,1.7200000286102295,1.7200000286102295,1.7200000286102295,1.7200000286102295,100.0
2026-08-20 15:22:00,GSVR.V,,0.5899999737739563,0.5899999737739563,0.5849999785423279,0.5899999737739563,3100.0
2026-08-20 15:22:00,HME.V,,2.700000047683716,2.700000047683716,2.700000047683716,2.700000047683716,100.0
2026-08-20 15:22:00,ITR.V,,3.880000114440918,3.880000114440918,3.880000114440918,3.880000114440918,100.0
2026-08-20 15:22:00,JUGR.V,,1.350000023841858,1.350000023841858,1.350000023841858,1.350000023841858,3800.0
2026-08-20 15:22:00,LUCA.V,,1.0549999475479126,1.0549999475479126,1.0549999475479126,1.0549999475479126,200.0
2026-08-20 15:22:00,MKO.V,,14.180000305175781,14.180000305175781,14.180000305175781,14.180000305175781,500.0
2026-08-20 15:22:00,MMA.V,,0.6499999761581421,0.6549999713897705,0.6499999761581421,0.6499999761581421,5000.0
2026-08-20 15:22:00,TUF.V,,0.6899999976158142,0.6899999976158142,0.6899999976158142,0.6899999976158142,6000.0
2026-08-20 15:23:00,BIG.V,,1.3200000524520874,1.3200000524520874,1.3200000524520874,1.3200000524520874,400.0
2026-08-20 15:23:00,GFM-H.V,,0.2849999964237213,0.2849999964237213,0.2849999964237213,0.2849999964237213,0.0
2026-08-20 15:23:00,GHR-H.V,,0.15000000596046448,0.15000000596046448,0.15000000596046448,0.15000000596046448,0.0
2026-08-20 15:23:00,GLAD.V,,2.7899999618530273,2.7899999618530273,2.7750000953674316,2.7750000953674316,600.0
2026-08-20 15:23:00,GSVR.V,,0.5899999737739563,0.5899999737739563,0.5899999737739563,0.5899999737739563,1000.0
2026-08-20 15:23:00,HAR.V,,0.03999999910593033,0.03999999910593033,0.03999999910593033,0.03999999910593033,500000.0
2026-08-20 15:23:00,HSTR.V,,2.299999952316284,2.299999952316284,2.299999952316284,2.299999952316284,100.0
2026-08-20 15:23:00,ITR.V,,3.880000114440918,3.880000114440918,3.880000114440918,3.880000114440918,100.0
2026-08-20 15:23:00,KFR.V,,1.2799999713897705,1.2799999713897705,1.2799999713897705,1.2799999713897705,200.0
2026-08-20 15:23:00,LMN.V,,24.510000228881836,24.510000228881836,24.510000228881836,24.510000228881836,100.0
2026-08-20 15:23:00,LUCA.V,,1.0549999475479126,1.0549999475479126,1.0549999475479126,1.0549999475479126,600.0
2026-08-20 15:23:00,MASS.V,,0.07000000029802322,0.07000000029802322,0.07000000029802322,0.07000000029802322,10000.0
2026-08-20 15:23:00,MKO.V,,14.199999809265137,14.199999809265137,14.199999809265137,14.199999809265137,100.0
2026-08-20 15:23:00,MLP.V,,2.799999952316284,2.799999952316284,2.799999952316284,2.799999952316284,200.0
2026-08-20 15:23:00,MTA.V,,15.380000114440918,15.380000114440918,15.380000114440918,15.380000114440918,100.0
2026-08-20 15:23:00,TUF.V,,0.6899999976158142,0.6899999976158142,0.6899999976158142,0.6899999976158142,17050.0
2026-08-20 15:24:00,FDR.V,,6.090000152587891,6.099999904632568,6.074999809265137,6.074999809265137,2000.0
2026-08-20 15:24:00,FWZ.V,,3.2799999713897705,3.2799999713897705,3.2699999809265137,3.2699999809265137,2200.0
2026-08-20 15:24:00,GOT.V,,1.7100000381469727,1.7200000286102295,1.7100000381469727,1.7200000286102295,900.0
2026-08-20 15:24:00,GRDM.V,,0.14499999582767487,0.14499999582767487,0.14499999582767487,0.14499999582767487,5000.0
2026-08-20 15:24:00,GSVR.V,,0.5899999737739563,0.5899999737739563,0.5899999737739563,0.5899999737739563,500.0
2026-08-20 15:24:00,GWM.V,,0.6100000143051147,0.6100000143051147,0.6100000143051147,0.6100000143051147,7500.0
2026-08-20 15:24:00,HAR.V,,0.03999999910593033,0.03999999910593033,0.03999999910593033,0.03999999910593033,50000.0
2026-08-20 15:24:00,HME.V,,2.700000047683716,2.700000047683716,2.700000047683716,2.700000047683716,200.0
2026-08-20 15:24:00,ITR.V,,3.880000114440918,3.890000104904175,3.880000114440918,3.880000114440918,700.0
2026-08-20 15:24:00,LIO.V,,0.2224999964237213,0.2224999964237213,0.2224999964237213,0.2224999964237213,5500.0
2026-08-20 15:24:00,LTH.V,,0.6299999952316284,0.6399999856948853,0.6299999952316284,0.6399999856948853,2500.0
2026-08-20 15:24:00,LUCA.V,,1.059999942779541,1.059999942779541,1.0549999475479126,1.0549999475479126,600.0
2026-08-20 15:24:00,MLP.V,,2.799999952316284,2.799999952316284,2.799999952316284,2.799999952316284,300.0
2026-08-20 15:24:00,PNG.V,,5.829999923706055,5.829999923706055,5.829999923706055,5.829999923706055,300.0
2026-08-20 15:24:00,TUF.V,,0.6899999976158142,0.6899999976158142,0.6899999976158142,0.6899999976158142,9800.0
2026-08-20 15:25:00,BIG.V,,1.2999999523162842,1.3200000524520874,1.2999999523162842,1.3200000524520874,77100.0
2026-08-20 15:25:00,FDR.V,,6.079999923706055,6.079999923706055,6.074999809265137,6.079999923706055,1100.0
2026-08-20 15:25:00,FWZ.V,,3.2699999809265137,3.2699999809265137,3.2699999809265137,3.2699999809265137,200.0
2026-08-20 15:25:00,GOT.V,,1.7200000286102295,1.7200000286102295,1.7200000286102295,1.7200000286102295,400.0
2026-08-20 15:25:00,GQC.V,,1.0299999713897705,1.0299999713897705,1.0299999713897705,1.0299999713897705,500.0
2026-08-20 15:25:00,GSVR.V,,0.5899999737739563,0.5899999737739563,0.5899999737739563,0.5899999737739563,1500.0
2026-08-20 15:25:00,HAR.V,,0.03999999910593033,0.03999999910593033,0.03999999910593033,0.03999999910593033,41000.0
2026-08-20 15:25:00,HSTR.V,,2.305000066757202,2.305000066757202,2.305000066757202,2.305000066757202,100.0
2026-08-20 15:25:00,LIO.V,,0.2224999964237213,0.2224999964237213,0.2224999964237213,0.2224999964237213,9000.0
2026-08-20 15:25:00,LUCA.V,,1.059999942779541,1.059999942779541,1.059999942779541,1.059999942779541,600.0
2026-08-20 15:25:00,MGM.V,,2.819999933242798,2.819999933242798,2.819999933242798,2.819999933242798,2000.0
2026-08-20 15:25:00,MLP.V,,2.799999952316284,2.799999952316284,2.799999952316284,2.799999952316284,200.0
2026-08-20 15:25:00,MTA.V,,15.380000114440918,15.390000343322754,15.380000114440918,15.390000343322754,5100.0
2026-08-20 15:25:00,NURS.V,,3.940000057220459,3.940000057220459,3.940000057220459,3.940000057220459,100.0
2026-08-20 15:25:00,PNG.V,,5.840000152587891,5.840000152587891,5.840000152587891,5.840000152587891,1400.0
2026-08-20 15:26:00,BIG.V,,1.309999942779541,1.309999942779541,1.309999942779541,1.309999942779541,1000.0
2026-08-20 15:26:00,CELL.V,,0.019999999552965164,0.019999999552965164,0.019999999552965164,0.019999999552965164,0.0
2026-08-20 15:26:00,FDR.V,,6.079999923706055,6.079999923706055,6.079999923706055,6.079999923706055,500.0
2026-08-20 15:26:00,GLAD.V,,2.7750000953674316,2.7750000953674316,2.7750000953674316,2.7750000953674316,300.0
2026-08-20 15:26:00,GRDM.V,,0.14499999582767487,0.14499999582767487,0.14499999582767487,0.14499999582767487,24500.0
2026-08-20 15:26:00,GSVR.V,,0.5899999737739563,0.5899999737739563,0.5899999737739563,0.5899999737739563,1000.0
2026-08-20 15:26:00,HME.V,,2.7100000381469727,2.7100000381469727,2.700000047683716,2.700000047683716,63000.0
2026-08-20 15:26:00,HSTR.V,,2.305000066757202,2.305000066757202,2.305000066757202,2.305000066757202,200.0
2026-08-20 15:26:00,ITR.V,,3.890000104904175,3.890000104904175,3.890000104904175,3.890000104904175,100.0
2026-08-20 15:26:00,JUGR.V,,1.340000033378601,1.340000033378601,1.340000033378601,1.340000033378601,2500.0
2026-08-20 15:26:00,KDK.V,,0.7699999809265137,0.7699999809265137,0.7699999809265137,0.7699999809265137,500.0
2026-08-20 15:26:00,KRY.V,,3.450000047683716,3.450000047683716,3.450000047683716,3.450000047683716,100.0
2026-08-20 15:26:00,KTN.V,,1.350000023841858,1.350000023841858,1.350000023841858,1.350000023841858,5100.0
2026-08-20 15:26:00,LG.V,,0.38999998569488525,0.38999998569488525,0.38999998569488525,0.38999998569488525,2500.0
2026-08-20 15:26:00,LIO.V,,0.2199999988079071,0.2199999988079071,0.2199999988079071,0.2199999988079071,85000.0
2026-08-20 15:26:00,LTH.V,,0.6399999856948853,0.6399999856948853,0.6399999856948853,0.6399999856948853,500.0
2026-08-20 15:26:00,LUCA.V,,1.059999942779541,1.059999942779541,1.059999942779541,1.059999942779541,500.0
2026-08-20 15:26:00,MLP.V,,2.799999952316284,2.799999952316284,2.799999952316284,2.799999952316284,200.0
2026-08-20 15:26:00,MTA.V,,15.369999885559082,15.369999885559082,15.369999885559082,15.369999885559082,100.0
2026-08-20 15:26:00,PNG.V,,5.849999904632568,5.849999904632568,5.840000152587891,5.849999904632568,1806.0
2026-08-20 15:26:00,ZNG.V,,0.8100000023841858,0.8100000023841858,0.8100000023841858,0.8100000023841858,1500.0
2026-08-20 15:27:00,BIG.V,,1.3049999475479126,1.309999942779541,1.3049999475479126,1.309999942779541,1300.0
2026-08-20 15:27:00,FDR.V,,6.079999923706055,6.079999923706055,6.079999923706055,6.079999923706055,400.0
2026-08-20 15:27:00,FWZ.V,,3.259999990463257,3.259999990463257,3.259999990463257,3.259999990463257,57120.0
2026-08-20 15:27:00,GLAD.V,,2.7750000953674316,2.7750000953674316,2.7750000953674316,2.7750000953674316,100.0
2026-08-20 15:27:00,GQC.V,,1.0299999713897705,1.0299999713897705,1.0299999713897705,1.0299999713897705,500.0
2026-08-20 15:27:00,GSVR.V,,0.5899999737739563,0.5899999737739563,0.5849999785423279,0.5899999737739563,2253.0
2026-08-20 15:27:00,GWM.V,,0.6100000143051147,0.6100000143051147,0.6100000143051147,0.6100000143051147,2500.0
2026-08-20 15:27:00,HAM.V,,6.0,6.0,6.0,6.0,1700.0
2026-08-20 15:27:00,HME.V,,2.7200000286102295,2.7200000286102295,2.7100000381469727,2.7100000381469727,1900.0
2026-08-20 15:27:00,HSTR.V,,2.305000066757202,2.305000066757202,2.305000066757202,2.305000066757202,100.0
2026-08-20 15:27:00,ITR.V,,3.880000114440918,3.880000114440918,3.880000114440918,3.880000114440918,100.0
2026-08-20 15:27:00,LIFT.V,,2.7100000381469727,2.7100000381469727,2.7100000381469727,2.7100000381469727,100.0
2026-08-20 15:27:00,LMN.V,,24.510000228881836,24.510000228881836,24.510000228881836,24.510000228881836,200.0
2026-08-20 15:27:00,LUCA.V,,1.059999942779541,1.059999942779541,1.059999942779541,1.059999942779541,500.0
2026-08-20 15:27:00,MKO.V,,14.210000038146973,14.210000038146973,14.199999809265137,14.199999809265137,200.0
2026-08-20 15:27:00,MLP.V,,2.819999933242798,2.819999933242798,2.799999952316284,2.799999952316284,2100.0
2026-08-20 15:27:00,MTA.V,,15.34000015258789,15.369999885559082,15.34000015258789,15.369999885559082,500.0
2026-08-20 15:27:00,PNG.V,,5.829999923706055,5.829999923706055,5.829999923706055,5.829999923706055,1020.0
2026-08-20 15:28:00,BIG.V,,1.2999999523162842,1.309999942779541,1.2999999523162842,1.309999942779541,56976.0
2026-08-20 15:28:00,FDR.V,,6.079999923706055,6.079999923706055,6.079999923706055,6.079999923706055,300.0
2026-08-20 15:28:00,FWZ.V,,3.2899999618530273,3.2899999618530273,3.2699999809265137,3.2799999713897705,1800.0
2026-08-20 15:28:00,GSVR.V,,0.5799999833106995,0.5899999737739563,0.5799999833106995,0.5899999737739563,3100.0
2026-08-20 15:28:00,HME.V,,2.7200000286102295,2.7200000286102295,2.7200000286102295,2.7200000286102295,8100.0
2026-08-20 15:28:00,HSTR.V,,2.305000066757202,2.305000066757202,2.305000066757202,2.305000066757202,100.0
2026-08-20 15:28:00,ITR.V,,3.880000114440918,3.890000104904175,3.880000114440918,3.890000104904175,500.0
2026-08-20 15:28:00,JUGR.V,,1.350000023841858,1.350000023841858,1.350000023841858,1.350000023841858,1200.0
2026-08-20 15:28:00,KFR.V,,1.2799999713897705,1.2799999713897705,1.2799999713897705,1.2799999713897705,100.0
2026-08-20 15:28:00,LUCA.V,,1.0549999475479126,1.059999942779541,1.0549999475479126,1.059999942779541,300.0
2026-08-20 15:28:00,MGM.V,,2.8499999046325684,2.8499999046325684,2.8499999046325684,2.8499999046325684,100.0
2026-08-20 15:28:00,MKO.V,,14.220000267028809,14.220000267028809,14.220000267028809,14.220000267028809,100.0
2026-08-20 15:28:00,NURS.V,,3.950000047683716,3.950000047683716,3.940000057220459,3.940000057220459,200.0
2026-08-20 15:28:00,PNG.V,,5.820000171661377,5.829999923706055,5.820000171661377,5.829999923706055,11217.0
2026-08-20 15:28:00,TUF.V,,0.6899999976158142,0.6899999976158142,0.6899999976158142,0.6899999976158142,500.0
2026-08-20 15:28:00,ZNG.V,,0.8199999928474426,0.8199999928474426,0.8199999928474426,0.8199999928474426,10000.0
2026-08-20 15:29:00,FDR.V,,6.079999923706055,6.079999923706055,6.079999923706055,6.079999923706055,300.0
2026-08-20 15:29:00,GAL.V,,0.5199999809265137,0.5199999809265137,0.5199999809265137,0.5199999809265137,500.0
2026-08-20 15:29:00,GOT.V,,1.7100000381469727,1.7200000286102295,1.7100000381469727,1.7100000381469727,3500.0
2026-08-20 15:29:00,GSVR.V,,0.5899999737739563,0.5899999737739563,0.5849999785423279,0.5899999737739563,3000.0
2026-08-20 15:29:00,HSTR.V,,2.305000066757202,2.305000066757202,2.299999952316284,2.299999952316284,5700.0
2026-08-20 15:29:00,IFOS.V,,2.2200000286102295,2.2300000190734863,2.2200000286102295,2.2300000190734863,1800.0
2026-08-20 15:29:00,ITR.V,,3.890000104904175,3.890000104904175,3.890000104904175,3.890000104904175,200.0
2026-08-20 15:29:00,KLDC.V,,0.2750000059604645,0.2750000059604645,0.2750000059604645,0.2750000059604645,500.0
2026-08-20 15:29:00,KTN.V,,1.3550000190734863,1.3550000190734863,1.3550000190734863,1.3550000190734863,400.0
2026-08-20 15:29:00,LA.V,,13.199999809265137,13.199999809265137,13.199999809265137,13.199999809265137,100.0
2026-08-20 15:29:00,LIO.V,,0.2199999988079071,0.2199999988079071,0.2199999988079071,0.2199999988079071,20000.0
2026-08-20 15:29:00,LTH.V,,0.6399999856948853,0.6399999856948853,0.6399999856948853,0.6399999856948853,2000.0
2026-08-20 15:29:00,LUCA.V,,1.059999942779541,1.059999942779541,1.059999942779541,1.059999942779541,500.0
2026-08-20 15:29:00,MTA.V,,15.34000015258789,15.34000015258789,15.34000015258789,15.34000015258789,100.0
2026-08-20 15:29:00,PNG.V,,5.820000171661377,5.820000171661377,5.820000171661377,5.820000171661377,4000.0
2026-08-20 15:29:00,TUF.V,,0.6899999976158142,0.6899999976158142,0.6899999976158142,0.6899999976158142,928.0
2026-08-20 15:30:00,FDR.V,,6.079999923706055,6.079999923706055,6.079999923706055,6.079999923706055,200.0
2026-08-20 15:30:00,GOT.V,,1.7200000286102295,1.7200000286102295,1.7200000286102295,1.7200000286102295,5200.0
2026-08-20 15:30:00,GSVR.V,,0.5899999737739563,0.5899999737739563,0.5849999785423279,0.5899999737739563,2000.0
2026-08-20 15:30:00,GWM.V,,0.6100000143051147,0.6100000143051147,0.6100000143051147,0.6100000143051147,10000.0
2026-08-20 15:30:00,HME.V,,2.7300000190734863,2.7300000190734863,2.7300000190734863,2.7300000190734863,200.0
2026-08-20 15:30:00,HSTR.V,,2.309999942779541,2.309999942779541,2.309999942779541,2.309999942779541,1300.0
2026-08-20 15:30:00,IPT.V,,0.3050000071525574,0.3050000071525574,0.3050000071525574,0.3050000071525574,4500.0
2026-08-20 15:30:00,ITR.V,,3.880000114440918,3.880000114440918,3.880000114440918,3.880000114440918,1400.0
2026-08-20 15:30:00,LUCA.V,,1.059999942779541,1.059999942779541,1.0549999475479126,1.0549999475479126,400.0
2026-08-20 15:30:00,MKO.V,,14.170000076293945,14.180000305175781,14.170000076293945,14.180000305175781,1060.0
2026-08-20 15:30:00,MTA.V,,15.369999885559082,15.369999885559082,15.369999885559082,15.369999885559082,100.0
2026-08-20 15:30:00,NURS.V,,3.950000047683716,3.950000047683716,3.950000047683716,3.950000047683716,2500.0
2026-08-20 15:31:00,FDR.V,,6.079999923706055,6.079999923706055,6.079999923706055,6.079999923706055,100.0
2026-08-20 15:31:00,FWZ.V,,3.2899999618530273,3.2899999618530273,3.2899999618530273,3.2899999618530273,1500.0
2026-08-20 15:31:00,GOT.V,,1.7200000286102295,1.7200000286102295,1.7200000286102295,1.7200000286102295,1000.0
2026-08-20 15:31:00,GPAC.V,,0.3700000047683716,0.3700000047683716,0.3700000047683716,0.3700000047683716,500.0
2026-08-20 15:31:00,GSVR.V,,0.5899999737739563,0.5899999737739563,0.5899999737739563,0.5899999737739563,500.0
2026-08-20 15:31:00,GTC.V,,0.8899999856948853,0.8899999856948853,0.8899999856948853,0.8899999856948853,1000.0
2026-08-20 15:31:00,GWM.V,,0.6100000143051147,0.6100000143051147,0.6100000143051147,0.6100000143051147,500.0
2026-08-20 15:31:00,HITI.V,,3.390000104904175,3.390000104904175,3.390000104904175,3.390000104904175,100.0
2026-08-20 15:31:00,HME.V,,2.7300000190734863,2.7300000190734863,2.7300000190734863,2.7300000190734863,900.0
2026-08-20 15:31:00,IPT.V,,0.3100000023841858,0.3100000023841858,0.3100000023841858,0.3100000023841858,500.0
2026-08-20 15:31:00,ITR.V,,3.890000104904175,3.890000104904175,3.890000104904175,3.890000104904175,100.0
2026-08-20 15:31:00,LIFT.V,,2.75,2.75,2.75,2.75,100.0
2026-08-20 15:31:00,LUCA.V,,1.059999942779541,1.059999942779541,1.059999942779541,1.059999942779541,500.0
2026-08-20 15:31:00,MLP.V,,2.8299999237060547,2.8299999237060547,2.8299999237060547,2.8299999237060547,485.0
2026-08-20 15:31:00,MTA.V,,15.369999885559082,15.40999984741211,15.34000015258789,15.34000015258789,10300.0
2026-08-20 15:31:00,PNG.V,,5.829999923706055,5.829999923706055,5.824999809265137,5.829999923706055,600.0
2026-08-20 15:31:00,ZNG.V,,0.8199999928474426,0.8199999928474426,0.8199999928474426,0.8199999928474426,1500.0
2026-08-20 15:32:00,BIG.V,,1.2999999523162842,1.3049999475479126,1.2999999523162842,1.3049999475479126,10300.0
2026-08-20 15:32:00,FDR.V,,6.090000152587891,6.090000152587891,6.079999923706055,6.079999923706055,300.0
2026-08-20 15:32:00,FWZ.V,,3.2899999618530273,3.2899999618530273,3.2899999618530273,3.2899999618530273,100.0
2026-08-20 15:32:00,GSVR.V,,0.5899999737739563,0.5899999737739563,0.5899999737739563,0.5899999737739563,1000.0
2026-08-20 15:32:00,HME.V,,2.7300000190734863,2.7300000190734863,2.7300000190734863,2.7300000190734863,600.0
2026-08-20 15:32:00,IPT.V,,0.3100000023841858,0.3100000023841858,0.3100000023841858,0.3100000023841858,5000.0
2026-08-20 15:32:00,KFR.V,,1.2799999713897705,1.2799999713897705,1.2799999713897705,1.2799999713897705,100.0
2026-08-20 15:32:00,LUCA.V,,1.0499999523162842,1.059999942779541,1.0499999523162842,1.059999942779541,13800.0
2026-08-20 15:32:00,NURS.V,,3.9700000286102295,3.9700000286102295,3.9600000381469727,3.9600000381469727,5400.0
2026-08-20 15:32:00,PNG.V,,5.820000171661377,5.829999923706055,5.820000171661377,5.829999923706055,500.0
2026-08-20 15:32:00,TUF.V,,0.6949999928474426,0.6949999928474426,0.6899999976158142,0.6899999976158142,14500.0
2026-08-20 15:33:00,BIG.V,,1.2999999523162842,1.2999999523162842,1.2999999523162842,1.2999999523162842,1800.0
2026-08-20 15:33:00,FL.V,,0.42500001192092896,0.42500001192092896,0.42500001192092896,0.42500001192092896,1500.0
2026-08-20 15:33:00,FWZ.V,,3.2899999618530273,3.2899999618530273,3.2899999618530273,3.2899999618530273,100.0
2026-08-20 15:33:00,GAL.V,,0.5,0.5099999904632568,0.5,0.5099999904632568,30500.0
2026-08-20 15:33:00,GLAD.V,,2.7899999618530273,2.7899999618530273,2.7899999618530273,2.7899999618530273,100.0
2026-08-20 15:33:00,GOT.V,,1.7200000286102295,1.7200000286102295,1.7200000286102295,1.7200000286102295,1000.0
2026-08-20 15:33:00,GSVR.V,,0.5899999737739563,0.5899999737739563,0.5899999737739563,0.5899999737739563,500.0
2026-08-20 15:33:00,HME.V,,2.7300000190734863,2.7300000190734863,2.7300000190734863,2.7300000190734863,7000.0
2026-08-20 15:33:00,ITR.V,,3.880000114440918,3.880000114440918,3.880000114440918,3.880000114440918,100.0
2026-08-20 15:33:00,KFR.V,,1.2799999713897705,1.2799999713897705,1.2799999713897705,1.2799999713897705,100.0
2026-08-20 15:33:00,KTN.V,,1.350000023841858,1.350000023841858,1.350000023841858,1.350000023841858,2092.0
2026-08-20 15:33:00,LTH.V,,0.6399999856948853,0.6399999856948853,0.6399999856948853,0.6399999856948853,1500.0
2026-08-20 15:33:00,LUCA.V,,1.0549999475479126,1.0549999475479126,1.0549999475479126,1.0549999475479126,1400.0
2026-08-20 15:33:00,MGM.V,,2.8499999046325684,2.8499999046325684,2.8499999046325684,2.8499999046325684,100.0
2026-08-20 15:33:00,PNG.V,,5.809999942779541,5.820000171661377,5.809999942779541,5.815000057220459,4108.0
2026-08-20 15:33:00,TUF.V,,0.6899999976158142,0.6899999976158142,0.6899999976158142,0.6899999976158142,7000.0
2026-08-20 15:34:00,BIG.V,,1.2999999523162842,1.2999999523162842,1.2999999523162842,1.2999999523162842,1600.0
2026-08-20 15:34:00,FDR.V,,6.099999904632568,6.099999904632568,6.099999904632568,6.099999904632568,100.0
2026-08-20 15:34:00,FMAN.V,,0.39500001072883606,0.39500001072883606,0.39500001072883606,0.39500001072883606,500.0
2026-08-20 15:34:00,FWZ.V,,3.2899999618530273,3.2899999618530273,3.2899999618530273,3.2899999618530273,300.0
2026-08-20 15:34:00,GAL.V,,0.5099999904632568,0.5099999904632568,0.5099999904632568,0.5099999904632568,99500.0
2026-08-20 15:34:00,GSVR.V,,0.5899999737739563,0.5899999737739563,0.5899999737739563,0.5899999737739563,1500.0
2026-08-20 15:34:00,GWM.V,,0.6050000190734863,0.6050000190734863,0.6050000190734863,0.6050000190734863,500.0
2026-08-20 15:34:00,HME.V,,2.740000009536743,2.740000009536743,2.7300000190734863,2.7300000190734863,11600.0
2026-08-20 15:34:00,HSTR.V,,2.309999942779541,2.315000057220459,2.305000066757202,2.315000057220459,7200.0
2026-08-20 15:34:00,IGO.V,,0.1550000011920929,0.1550000011920929,0.1550000011920929,0.1550000011920929,2760.0
2026-08-20 15:34:00,ITR.V,,3.890000104904175,3.890000104904175,3.880000114440918,3.880000114440918,300.0
2026-08-20 15:34:00,KLDC.V,,0.2750000059604645,0.2750000059604645,0.2750000059604645,0.2750000059604645,500.0
2026-08-20 15:34:00,LMN.V,,24.5,24.510000228881836,24.479999542236328,24.5,3100.0
2026-08-20 15:34:00,MKO.V,,14.220000267028809,14.220000267028809,14.210000038146973,14.210000038146973,600.0
2026-08-20 15:34:00,MTA.V,,15.380000114440918,15.380000114440918,15.380000114440918,15.380000114440918,100.0
2026-08-20 15:34:00,NURS.V,,3.930000066757202,3.940000057220459,3.930000066757202,3.940000057220459,2750.0
2026-08-20 15:34:00,TUF.V,,0.6899999976158142,0.6899999976158142,0.6899999976158142,0.6899999976158142,11150.0
2026-08-20 15:35:00,BIG.V,,1.2999999523162842,1.2999999523162842,1.2999999523162842,1.2999999523162842,1500.0
2026-08-20 15:35:00,FDR.V,,6.079999923706055,6.099999904632568,6.079999923706055,6.099999904632568,200.0
2026-08-20 15:35:00,FMAN.V,,0.39500001072883606,0.39500001072883606,0.39500001072883606,0.39500001072883606,500.0
2026-08-20 15:35:00,FWZ.V,,3.299999952316284,3.299999952316284,3.2899999618530273,3.299999952316284,5700.0
2026-08-20 15:35:00,GOT.V,,1.7200000286102295,1.7200000286102295,1.7200000286102295,1.7200000286102295,400.0
2026-08-20 15:35:00,GSVR.V,,0.5899999737739563,0.5899999737739563,0.5899999737739563,0.5899999737739563,7524.0
2026-08-20 15:35:00,HME.V,,2.740000009536743,2.740000009536743,2.740000009536743,2.740000009536743,500.0
2026-08-20 15:35:00,IGO.V,,0.1550000011920929,0.1550000011920929,0.1550000011920929,0.1550000011920929,500.0
2026-08-20 15:35:00,ITR.V,,3.890000104904175,3.890000104904175,3.890000104904175,3.890000104904175,100.0
2026-08-20 15:35:00,KFR.V,,1.2699999809265137,1.2799999713897705,1.2699999809265137,1.2799999713897705,7900.0
2026-08-20 15:35:00,MKO.V,,14.170000076293945,14.199999809265137,14.170000076293945,14.199999809265137,400.0
2026-08-20 15:35:00,MLP.V,,2.809999942779541,2.809999942779541,2.809999942779541,2.809999942779541,100.0
2026-08-20 15:35:00,MTA.V,,15.380000114440918,15.380000114440918,15.380000114440918,15.380000114440918,600.0
2026-08-20 15:35:00,PNG.V,,5.800000190734863,5.809999942779541,5.800000190734863,5.804999828338623,4190.0
2026-08-20 15:36:00,BIG.V,,1.2999999523162842,1.2999999523162842,1.2999999523162842,1.2999999523162842,1600.0
2026-08-20 15:36:00,FOBI.V,,0.04500000178813934,0.04500000178813934,0.04500000178813934,0.04500000178813934,1000.0
2026-08-20 15:36:00,FWZ.V,,3.299999952316284,3.299999952316284,3.299999952316284,3.299999952316284,100.0
2026-08-20 15:36:00,GLAD.V,,2.7899999618530273,2.7899999618530273,2.7899999618530273,2.7899999618530273,100.0
2026-08-20 15:36:00,GMA.V,,0.24500000476837158,0.25,0.24500000476837158,0.25,1000.0
2026-08-20 15:36:00,GOT.V,,1.7200000286102295,1.7200000286102295,1.7200000286102295,1.7200000286102295,800.0
2026-08-20 15:36:00,GSVR.V,,0.5899999737739563,0.5899999737739563,0.5899999737739563,0.5899999737739563,1000.0
2026-08-20 15:36:00,GWM.V,,0.6050000190734863,0.6050000190734863,0.6050000190734863,0.6050000190734863,500.0
2026-08-20 15:36:00,HME.V,,2.740000009536743,2.740000009536743,2.740000009536743,2.740000009536743,600.0
2026-08-20 15:36:00,ITR.V,,3.880000114440918,3.880000114440918,3.880000114440918,3.880000114440918,800.0
2026-08-20 15:36:00,JEV.V,,0.2150000035762787,0.2150000035762787,0.2150000035762787,0.2150000035762787,1000.0
2026-08-20 15:36:00,KFR.V,,1.2699999809265137,1.2699999809265137,1.2599999904632568,1.2699999809265137,1400.0
2026-08-20 15:36:00,LTH.V,,0.6399999856948853,0.6399999856948853,0.6399999856948853,0.6399999856948853,500.0
2026-08-20 15:36:00,MGM.V,,2.819999933242798,2.819999933242798,2.819999933242798,2.819999933242798,100.0
2026-08-20 15:36:00,MLP.V,,2.809999942779541,2.809999942779541,2.809999942779541,2.809999942779541,100.0
2026-08-20 15:36:00,MTA.V,,15.359999656677246,15.359999656677246,15.350000381469727,15.350000381469727,200.0
2026-08-20 15:36:00,PNG.V,,5.809999942779541,5.815000057220459,5.809999942779541,5.809999942779541,3865.0
2026-08-20 15:36:00,TUF.V,,0.6800000071525574,0.6899999976158142,0.6800000071525574,0.6850000023841858,34500.0
2026-08-20 15:36:00,ZNG.V,,0.800000011920929,0.8100000023841858,0.800000011920929,0.8100000023841858,7500.0
2026-08-20 15:37:00,BIG.V,,1.2999999523162842,1.2999999523162842,1.2999999523162842,1.2999999523162842,1300.0
2026-08-20 15:37:00,FDR.V,,6.079999923706055,6.099999904632568,6.079999923706055,6.085000038146973,5700.0
2026-08-20 15:37:00,FWZ.V,,3.299999952316284,3.299999952316284,3.299999952316284,3.299999952316284,100.0
2026-08-20 15:37:00,GAL.V,,0.5199999809265137,0.5199999809265137,0.5199999809265137,0.5199999809265137,500.0
2026-08-20 15:37:00,GFG.V,,0.23000000417232513,0.23000000417232513,0.23000000417232513,0.23000000417232513,15000.0
2026-08-20 15:37:00,GOT.V,,1.725000023841858,1.725000023841858,1.725000023841858,1.725000023841858,100.0
2026-08-20 15:37:00,GSVR.V,,0.5899999737739563,0.5899999737739563,0.5899999737739563,0.5899999737739563,1500.0
2026-08-20 15:37:00,HME.V,,2.740000009536743,2.740000009536743,2.740000009536743,2.740000009536743,600.0
2026-08-20 15:37:00,HSTR.V,,2.319999933242798,2.319999933242798,2.319999933242798,2.319999933242798,100.0
2026-08-20 15:37:00,IGO.V,,0.1550000011920929,0.1550000011920929,0.1550000011920929,0.1550000011920929,5000.0
2026-08-20 15:37:00,KTN.V,,1.350000023841858,1.350000023841858,1.350000023841858,1.350000023841858,100.0
2026-08-20 15:37:00,LMN.V,,24.6299991607666,24.6299991607666,24.6299991607666,24.6299991607666,100.0
2026-08-20 15:37:00,LUCA.V,,1.059999942779541,1.059999942779541,1.0499999523162842,1.059999942779541,6300.0
2026-08-20 15:37:00,MLP.V,,2.8299999237060547,2.8299999237060547,2.809999942779541,2.809999942779541,1500.0
2026-08-20 15:37:00,MTA.V,,15.359999656677246,15.359999656677246,15.359999656677246,15.359999656677246,100.0
2026-08-20 15:37:00,NURS.V,,3.9100000858306885,3.9100000858306885,3.9100000858306885,3.9100000858306885,100.0
2026-08-20 15:37:00,PNG.V,,5.820000171661377,5.820000171661377,5.815000057220459,5.820000171661377,1600.0
2026-08-20 15:38:00,BIG.V,,1.2999999523162842,1.2999999523162842,1.2999999523162842,1.2999999523162842,1500.0
2026-08-20 15:38:00,EMM.V,,0.06499999761581421,0.06499999761581421,0.06499999761581421,0.06499999761581421,99040.0
2026-08-20 15:38:00,FDR.V,,6.079999923706055,6.079999923706055,6.079999923706055,6.079999923706055,100.0
2026-08-20 15:38:00,FUU.V,,0.14499999582767487,0.14499999582767487,0.14499999582767487,0.14499999582767487,1000.0
2026-08-20 15:38:00,FWZ.V,,3.2899999618530273,3.2899999618530273,3.2899999618530273,3.2899999618530273,200.0
2026-08-20 15:38:00,GSVR.V,,0.5899999737739563,0.5899999737739563,0.5899999737739563,0.5899999737739563,1000.0
2026-08-20 15:38:00,GWM.V,,0.6100000143051147,0.6100000143051147,0.6100000143051147,0.6100000143051147,500.0
2026-08-20 15:38:00,HME.V,,2.740000009536743,2.740000009536743,2.740000009536743,2.740000009536743,800.0
2026-08-20 15:38:00,IFOS.V,,2.240000009536743,2.240000009536743,2.240000009536743,2.240000009536743,1500.0
2026-08-20 15:38:00,IGO.V,,0.1550000011920929,0.1550000011920929,0.1550000011920929,0.1550000011920929,8300.0
2026-08-20 15:38:00,KFR.V,,1.2699999809265137,1.2699999809265137,1.2699999809265137,1.2699999809265137,100.0
2026-08-20 15:38:00,LGC.V,,2.9700000286102295,2.9700000286102295,2.9700000286102295,2.9700000286102295,400.0
2026-08-20 15:38:00,LIFT.V,,2.7300000190734863,2.7300000190734863,2.7300000190734863,2.7300000190734863,100.0
2026-08-20 15:38:00,LRA.V,,4.380000114440918,4.420000076293945,4.380000114440918,4.420000076293945,2600.0
2026-08-20 15:38:00,LTH.V,,0.6399999856948853,0.6399999856948853,0.6399999856948853,0.6399999856948853,1500.0
2026-08-20 15:38:00,LUCA.V,,1.059999942779541,1.059999942779541,1.059999942779541,1.059999942779541,600.0
2026-08-20 15:38:00,MLP.V,,2.8299999237060547,2.8299999237060547,2.8299999237060547,2.8299999237060547,3200.0
2026-08-20 15:38:00,MTA.V,,15.399999618530273,15.399999618530273,15.399999618530273,15.399999618530273,300.0
2026-08-20 15:38:00,NURS.V,,3.9100000858306885,3.9100000858306885,3.9100000858306885,3.9100000858306885,100.0
2026-08-20 15:38:00,PNG.V,,5.820000171661377,5.829999923706055,5.820000171661377,5.829999923706055,700.0
2026-08-20 15:39:00,BIG.V,,1.2999999523162842,1.2999999523162842,1.2999999523162842,1.2999999523162842,1300.0
2026-08-20 15:39:00,FDR.V,,6.079999923706055,6.079999923706055,6.079999923706055,6.079999923706055,100.0
2026-08-20 15:39:00,FWZ.V,,3.2899999618530273,3.2899999618530273,3.2899999618530273,3.2899999618530273,200.0
2026-08-20 15:39:00,GLAD.V,,2.7750000953674316,2.7899999618530273,2.7750000953674316,2.7899999618530273,200.0
2026-08-20 15:39:00,GOT.V,,1.7200000286102295,1.7200000286102295,1.7200000286102295,1.7200000286102295,300.0
2026-08-20 15:39:00,GSR.V,,0.38499999046325684,0.38499999046325684,0.38499999046325684,0.38499999046325684,2000.0
2026-08-20 15:39:00,GSVR.V,,0.5899999737739563,0.5899999737739563,0.5899999737739563,0.5899999737739563,1000.0
2026-08-20 15:39:00,HME.V,,2.740000009536743,2.740000009536743,2.740000009536743,2.740000009536743,700.0
2026-08-20 15:39:00,HSTR.V,,2.319999933242798,2.319999933242798,2.319999933242798,2.319999933242798,300.0
2026-08-20 15:39:00,KFR.V,,1.2699999809265137,1.2699999809265137,1.2699999809265137,1.2699999809265137,100.0
2026-08-20 15:39:00,KLDC.V,,0.2750000059604645,0.2750000059604645,0.2750000059604645,0.2750000059604645,500.0
2026-08-20 15:39:00,KTN.V,,1.350000023841858,1.350000023841858,1.350000023841858,1.350000023841858,100.0
2026-08-20 15:39:00,LIFT.V,,2.7300000190734863,2.7300000190734863,2.7300000190734863,2.7300000190734863,200.0
2026-08-20 15:39:00,LMN.V,,24.510000228881836,24.649999618530273,24.510000228881836,24.649999618530273,200.0
2026-08-20 15:39:00,LTH.V,,0.6399999856948853,0.6399999856948853,0.6399999856948853,0.6399999856948853,2000.0
2026-08-20 15:39:00,LUCA.V,,1.059999942779541,1.059999942779541,1.059999942779541,1.059999942779541,400.0
2026-08-20 15:39:00,MLP.V,,2.8299999237060547,2.8399999141693115,2.8299999237060547,2.8399999141693115,1200.0
2026-08-20 15:39:00,NURS.V,,3.9100000858306885,3.9100000858306885,3.9100000858306885,3.9100000858306885,100.0
2026-08-20 15:39:00,PNG.V,,5.820000171661377,5.820000171661377,5.820000171661377,5.820000171661377,100.0
2026-08-20 15:40:00,BIG.V,,1.2999999523162842,1.2999999523162842,1.2999999523162842,1.2999999523162842,1300.0
2026-08-20 15:40:00,FDR.V,,6.079999923706055,6.079999923706055,6.079999923706055,6.079999923706055,100.0
2026-08-20 15:40:00,FWZ.V,,3.2899999618530273,3.2899999618530273,3.2899999618530273,3.2899999618530273,100.0
2026-08-20 15:40:00,GSR.V,,0.38499999046325684,0.38499999046325684,0.38499999046325684,0.38499999046325684,2000.0
2026-08-20 15:40:00,GSVR.V,,0.5899999737739563,0.5899999737739563,0.5849999785423279,0.5849999785423279,2000.0
2026-08-20 15:40:00,GWM.V,,0.6050000190734863,0.6050000190734863,0.6050000190734863,0.6050000190734863,500.0
2026-08-20 15:40:00,HME.V,,2.740000009536743,2.740000009536743,2.740000009536743,2.740000009536743,500.0
2026-08-20 15:40:00,HSTR.V,,2.309999942779541,2.315000057220459,2.309999942779541,2.315000057220459,200.0
2026-08-20 15:40:00,IGO.V,,0.1550000011920929,0.1550000011920929,0.1550000011920929,0.1550000011920929,2000.0
2026-08-20 15:40:00,ITR.V,,3.880000114440918,3.880000114440918,3.880000114440918,3.880000114440918,200.0
2026-08-20 15:40:00,KFR.V,,1.2699999809265137,1.2699999809265137,1.2699999809265137,1.2699999809265137,200.0
2026-08-20 15:40:00,LEM.V,,0.27000001072883606,0.27000001072883606,0.27000001072883606,0.27000001072883606,2000.0
2026-08-20 15:40:00,LIO.V,,0.22499999403953552,0.22499999403953552,0.2199999988079071,0.2199999988079071,105550.0
2026-08-20 15:40:00,LMN.V,,24.510000228881836,24.649999618530273,24.510000228881836,24.649999618530273,200.0
2026-08-20 15:40:00,LUCA.V,,1.059999942779541,1.059999942779541,1.059999942779541,1.059999942779541,500.0
2026-08-20 15:40:00,MKO.V,,14.25,14.25,14.199999809265137,14.199999809265137,1000.0
2026-08-20 15:40:00,NURS.V,,3.9100000858306885,3.9100000858306885,3.9100000858306885,3.9100000858306885,1000.0
2026-08-20 15:40:00,TUF.V,,0.6850000023841858,0.6850000023841858,0.6850000023841858,0.6850000023841858,3000.0
2026-08-20 15:41:00,BIG.V,,1.2999999523162842,1.2999999523162842,1.2999999523162842,1.2999999523162842,1000.0
2026-08-20 15:41:00,FDR.V,,6.070000171661377,6.070000171661377,6.070000171661377,6.070000171661377,2700.0
2026-08-20 15:41:00,FUU.V,,0.14499999582767487,0.14499999582767487,0.14499999582767487,0.14499999582767487,22000.0
2026-08-20 15:41:00,FWZ.V,,3.2899999618530273,3.2899999618530273,3.2899999618530273,3.2899999618530273,100.0
2026-08-20 15:41:00,GOT.V,,1.7200000286102295,1.7200000286102295,1.7200000286102295,1.7200000286102295,600.0
2026-08-20 15:41:00,GRSL.V,,0.41749998927116394,0.41749998927116394,0.41749998927116394,0.41749998927116394,6000.0
2026-08-20 15:41:00,GSVR.V,,0.5899999737739563,0.5899999737739563,0.5899999737739563,0.5899999737739563,1000.0
2026-08-20 15:41:00,HAR.V,,0.03999999910593033,0.03999999910593033,0.03999999910593033,0.03999999910593033,5000.0
2026-08-20 15:41:00,HME.V,,2.740000009536743,2.740000009536743,2.740000009536743,2.740000009536743,400.0
2026-08-20 15:41:00,HSTR.V,,2.325000047683716,2.325000047683716,2.315000057220459,2.315000057220459,13400.0
2026-08-20 15:41:00,ITR.V,,3.880000114440918,3.880000114440918,3.869999885559082,3.880000114440918,7900.0
2026-08-20 15:41:00,KFR.V,,1.2699999809265137,1.2699999809265137,1.2699999809265137,1.2699999809265137,600.0
2026-08-20 15:41:00,KTN.V,,1.350000023841858,1.350000023841858,1.350000023841858,1.350000023841858,100.0
2026-08-20 15:41:00,LEM.V,,0.27000001072883606,0.27000001072883606,0.27000001072883606,0.27000001072883606,500.0
2026-08-20 15:41:00,LGC.V,,2.9800000190734863,2.9800000190734863,2.9800000190734863,2.9800000190734863,400.0
2026-08-20 15:41:00,LMN.V,,24.520000457763672,24.520000457763672,24.520000457763672,24.520000457763672,100.0
2026-08-20 15:41:00,LUCA.V,,1.059999942779541,1.059999942779541,1.059999942779541,1.059999942779541,500.0
2026-08-20 15:41:00,MFG.V,,4.119999885559082,4.119999885559082,4.119999885559082,4.119999885559082,100.0
2026-08-20 15:41:00,MMA.V,,0.6600000262260437,0.6600000262260437,0.6600000262260437,0.6600000262260437,3000.0
2026-08-20 15:41:00,NURS.V,,3.9100000858306885,3.9100000858306885,3.9100000858306885,3.9100000858306885,100.0
2026-08-20 15:42:00,AUEN.V,,0.2849999964237213,0.28999999165534973,0.2849999964237213,0.28999999165534973,6500.0
2026-08-20 15:42:00,BIG.V,,1.2999999523162842,1.2999999523162842,1.2999999523162842,1.2999999523162842,1300.0
2026-08-20 15:42:00,FDR.V,,6.070000171661377,6.070000171661377,6.070000171661377,6.070000171661377,500.0
2026-08-20 15:42:00,FWZ.V,,3.2899999618530273,3.2899999618530273,3.2799999713897705,3.2799999713897705,300.0
2026-08-20 15:42:00,GLAD.V,,2.7899999618530273,2.7899999618530273,2.7899999618530273,2.7899999618530273,100.0
2026-08-20 15:42:00,GOT.V,,1.7200000286102295,1.7200000286102295,1.7200000286102295,1.7200000286102295,100.0
2026-08-20 15:42:00,GSVR.V,,0.5899999737739563,0.5899999737739563,0.5899999737739563,0.5899999737739563,1000.0
2026-08-20 15:42:00,GWM.V,,0.6050000190734863,0.6050000190734863,0.6050000190734863,0.6050000190734863,500.0
2026-08-20 15:42:00,HAM.V,,6.0,6.0,6.0,6.0,400.0
2026-08-20 15:42:00,HAR.V,,0.03999999910593033,0.03999999910593033,0.03999999910593033,0.03999999910593033,500000.0
2026-08-20 15:42:00,HME.V,,2.7300000190734863,2.740000009536743,2.7300000190734863,2.740000009536743,7100.0
2026-08-20 15:42:00,HSTR.V,,2.319999933242798,2.319999933242798,2.319999933242798,2.319999933242798,2000.0
2026-08-20 15:42:00,IPT.V,,0.3100000023841858,0.3100000023841858,0.3100000023841858,0.3100000023841858,500.0
2026-08-20 15:42:00,ITR.V,,3.869999885559082,3.869999885559082,3.869999885559082,3.869999885559082,100.0
2026-08-20 15:42:00,KTO.V,,0.8700000047683716,0.8700000047683716,0.8700000047683716,0.8700000047683716,1000.0
2026-08-20 15:42:00,LCX.V,,1.7699999809265137,1.7799999713897705,1.7699999809265137,1.7799999713897705,12400.0
2026-08-20 15:42:00,LG.V,,0.38999998569488525,0.38999998569488525,0.38499999046325684,0.38999998569488525,22000.0
2026-08-20 15:42:00,LMN.V,,24.56999969482422,24.6200008392334,24.56999969482422,24.6200008392334,300.0
2026-08-20 15:42:00,LTH.V,,0.6399999856948853,0.6399999856948853,0.6399999856948853,0.6399999856948853,500.0
2026-08-20 15:42:00,LUCA.V,,1.059999942779541,1.059999942779541,1.059999942779541,1.059999942779541,600.0
2026-08-20 15:42:00,MKO.V,,14.229999542236328,14.229999542236328,14.229999542236328,14.229999542236328,300.0
2026-08-20 15:42:00,MLP.V,,2.819999933242798,2.819999933242798,2.819999933242798,2.819999933242798,100.0
2026-08-20 15:42:00,MTA.V,,15.359999656677246,15.359999656677246,15.359999656677246,15.359999656677246,100.0
2026-08-20 15:42:00,NURS.V,,3.9100000858306885,3.9200000762939453,3.9100000858306885,3.9200000762939453,300.0
2026-08-20 15:42:00,PNG.V,,5.820000171661377,5.820000171661377,5.820000171661377,5.820000171661377,600.0
2026-08-20 15:43:00,BIG.V,,1.2899999618530273,1.2999999523162842,1.2899999618530273,1.2999999523162842,12700.0
2026-08-20 15:43:00,FL.V,,0.41999998688697815,0.42500001192092896,0.41999998688697815,0.42500001192092896,3000.0
2026-08-20 15:43:00,FWZ.V,,3.2899999618530273,3.2899999618530273,3.2899999618530273,3.2899999618530273,200.0
2026-08-20 15:43:00,GAL.V,,0.5099999904632568,0.5199999809265137,0.5099999904632568,0.5199999809265137,1500.0
2026-08-20 15:43:00,GOT.V,,1.7200000286102295,1.7200000286102295,1.7200000286102295,1.7200000286102295,200.0
2026-08-20 15:43:00,GPG.V,,0.4000000059604645,0.4000000059604645,0.4000000059604645,0.4000000059604645,1500.0
2026-08-20 15:43:00,GSI.V,,1.7300000190734863,1.7300000190734863,1.7300000190734863,1.7300000190734863,200.0
2026-08-20 15:43:00,GSVR.V,,0.5899999737739563,0.5899999737739563,0.5899999737739563,0.5899999737739563,2000.0
2026-08-20 15:43:00,GWM.V,,0.6100000143051147,0.6100000143051147,0.6100000143051147,0.6100000143051147,5000.0
2026-08-20 15:43:00,HAM.V,,6.0,6.0,6.0,6.0,500.0
2026-08-20 15:43:00,HAR.V,,0.03999999910593033,0.03999999910593033,0.03999999910593033,0.03999999910593033,500000.0
2026-08-20 15:43:00,HSTR.V,,2.319999933242798,2.319999933242798,2.315000057220459,2.315000057220459,900.0
2026-08-20 15:43:00,IFOS.V,,2.25,2.25,2.25,2.25,300.0
2026-08-20 15:43:00,ITR.V,,3.880000114440918,3.880000114440918,3.880000114440918,3.880000114440918,1800.0
2026-08-20 15:43:00,KLDC.V,,0.2750000059604645,0.2750000059604645,0.27000001072883606,0.2750000059604645,22000.0
2026-08-20 15:43:00,KTN.V,,1.350000023841858,1.350000023841858,1.350000023841858,1.350000023841858,100.0
2026-08-20 15:43:00,LA.V,,13.300000190734863,13.300000190734863,13.300000190734863,13.300000190734863,100.0
2026-08-20 15:43:00,LIFT.V,,2.6600000858306885,2.680000066757202,2.6600000858306885,2.680000066757202,1600.0
2026-08-20 15:43:00,LIO.V,,0.22499999403953552,0.22499999403953552,0.22499999403953552,0.22499999403953552,1500.0
2026-08-20 15:43:00,LMN.V,,24.56999969482422,24.56999969482422,24.56999969482422,24.56999969482422,100.0
2026-08-20 15:43:00,LQWD.V,,0.8299999833106995,0.8299999833106995,0.8299999833106995,0.8299999833106995,1000.0
2026-08-20 15:43:00,LSL.V,,0.3449999988079071,0.3499999940395355,0.3449999988079071,0.3499999940395355,5000.0
2026-08-20 15:43:00,LUCA.V,,1.059999942779541,1.059999942779541,1.059999942779541,1.059999942779541,500.0
2026-08-20 15:43:00,MJS.V,,0.10000000149011612,0.10000000149011612,0.10000000149011612,0.10000000149011612,7500.0
2026-08-20 15:43:00,MLP.V,,2.8299999237060547,2.8299999237060547,2.8299999237060547,2.8299999237060547,300.0
2026-08-20 15:43:00,MTA.V,,15.390000343322754,15.390000343322754,15.390000343322754,15.390000343322754,500.0
2026-08-20 15:43:00,NURS.V,,3.9100000858306885,3.9200000762939453,3.9100000858306885,3.9200000762939453,300.0
2026-08-20 15:43:00,PNG.V,,5.809999942779541,5.809999942779541,5.809999942779541,5.809999942779541,100.0
2026-08-20 15:43:00,TUF.V,,0.6850000023841858,0.6850000023841858,0.6850000023841858,0.6850000023841858,1500.0
2026-08-20 15:44:00,AUEN.V,,0.29499998688697815,0.29499998688697815,0.28999999165534973,0.28999999165534973,5512.0
2026-08-20 15:44:00,BIG.V,,1.2949999570846558,1.2949999570846558,1.2799999713897705,1.2799999713897705,36400.0
2026-08-20 15:44:00,FAIR.V,,0.05999999865889549,0.05999999865889549,0.05999999865889549,0.05999999865889549,71000.0
2026-08-20 15:44:00,FDR.V,,6.070000171661377,6.070000171661377,6.070000171661377,6.070000171661377,400.0
2026-08-20 15:44:00,FWZ.V,,3.2899999618530273,3.2899999618530273,3.2899999618530273,3.2899999618530273,100.0
2026-08-20 15:44:00,GOT.V,,1.7200000286102295,1.7200000286102295,1.7200000286102295,1.7200000286102295,200.0
2026-08-20 15:44:00,GSVR.V,,0.5899999737739563,0.5899999737739563,0.5899999737739563,0.5899999737739563,1000.0
2026-08-20 15:44:00,HAM.V,,6.010000228881836,6.010000228881836,6.010000228881836,6.010000228881836,100.0
2026-08-20 15:44:00,HAR.V,,0.03999999910593033,0.03999999910593033,0.03999999910593033,0.03999999910593033,200000.0
2026-08-20 15:44:00,HME.V,,2.7300000190734863,2.7300000190734863,2.7300000190734863,2.7300000190734863,700.0
2026-08-20 15:44:00,HSTR.V,,2.325000047683716,2.3299999237060547,2.319999933242798,2.319999933242798,6500.0
2026-08-20 15:44:00,IFOS.V,,2.25,2.25,2.25,2.25,8700.0
2026-08-20 15:44:00,ITR.V,,3.880000114440918,3.880000114440918,3.880000114440918,3.880000114440918,100.0
2026-08-20 15:44:00,KTN.V,,1.350000023841858,1.350000023841858,1.350000023841858,1.350000023841858,100.0
2026-08-20 15:44:00,LIFT.V,,2.7100000381469727,2.7100000381469727,2.680000066757202,2.680000066757202,5200.0
2026-08-20 15:44:00,LQWD.V,,0.8399999737739563,0.8399999737739563,0.8299999833106995,0.8299999833106995,2000.0
2026-08-20 15:44:00,LUCA.V,,1.059999942779541,1.059999942779541,1.0499999523162842,1.059999942779541,900.0
2026-08-20 15:44:00,MGM.V,,2.819999933242798,2.819999933242798,2.819999933242798,2.819999933242798,100.0
2026-08-20 15:44:00,MKO.V,,14.260000228881836,14.260000228881836,14.260000228881836,14.260000228881836,200.0
2026-08-20 15:44:00,NURS.V,,3.9200000762939453,3.9200000762939453,3.9100000858306885,3.9200000762939453,700.0
2026-08-20 15:44:00,TUF.V,,0.6899999976158142,0.6899999976158142,0.6850000023841858,0.6850000023841858,6500.0
2026-08-20 15:45:00,GOT.V,,1.7200000286102295,1.7200000286102295,1.7200000286102295,1.7200000286102295,100.0
2026-08-20 15:45:00,GRSL.V,,0.41499999165534973,0.41499999165534973,0.41499999165534973,0.41499999165534973,3500.0
2026-08-20 15:45:00,GSVR.V,,0.5899999737739563,0.5899999737739563,0.5899999737739563,0.5899999737739563,1500.0
2026-08-20 15:45:00,GWM.V,,0.6050000190734863,0.6050000190734863,0.6050000190734863,0.6050000190734863,500.0
2026-08-20 15:45:00,HAR.V,,0.03999999910593033,0.03999999910593033,0.03999999910593033,0.03999999910593033,20000.0
2026-08-20 15:45:00,HME.V,,2.7300000190734863,2.7300000190734863,2.7300000190734863,2.7300000190734863,600.0
2026-08-20 15:45:00,IPT.V,,0.3100000023841858,0.3100000023841858,0.3100000023841858,0.3100000023841858,8500.0
2026-08-20 15:45:00,KDK.V,,0.7900000214576721,0.7900000214576721,0.7900000214576721,0.7900000214576721,3689.0
2026-08-20 15:45:00,KTN.V,,1.350000023841858,1.350000023841858,1.350000023841858,1.350000023841858,1300.0
2026-08-20 15:45:00,KTO.V,,0.8700000047683716,0.8700000047683716,0.8700000047683716,0.8700000047683716,6500.0
2026-08-20 15:45:00,LTH.V,,0.6399999856948853,0.6399999856948853,0.6399999856948853,0.6399999856948853,1500.0
2026-08-20 15:45:00,LTX.V,,0.14000000059604645,0.14499999582767487,0.14000000059604645,0.14499999582767487,10000.0
2026-08-20 15:45:00,LUCA.V,,1.059999942779541,1.059999942779541,1.059999942779541,1.059999942779541,1700.0
2026-08-20 15:45:00,MKO.V,,14.289999961853027,14.289999961853027,14.289999961853027,14.289999961853027,300.0
2026-08-20 15:45:00,MLP.V,,2.8299999237060547,2.8299999237060547,2.8299999237060547,2.8299999237060547,300.0
2026-08-20 15:45:00,NURS.V,,3.9100000858306885,3.9100000858306885,3.9100000858306885,3.9100000858306885,100.0
2026-08-20 15:45:00,PNG.V,,5.809999942779541,5.820000171661377,5.809999942779541,5.809999942779541,2600.0
2026-08-20 15:46:00,FDR.V,,6.090000152587891,6.090000152587891,6.079999923706055,6.079999923706055,200.0
2026-08-20 15:46:00,FWZ.V,,3.2799999713897705,3.2799999713897705,3.2799999713897705,3.2799999713897705,900.0
2026-08-20 15:46:00,GAL.V,,0.5099999904632568,0.5099999904632568,0.5099999904632568,0.5099999904632568,500.0
2026-08-20 15:46:00,GLAD.V,,2.7899999618530273,2.7899999618530273,2.7899999618530273,2.7899999618530273,100.0
2026-08-20 15:46:00,GLDN.V,,0.07000000029802322,0.07000000029802322,0.07000000029802322,0.07000000029802322,2000.0
2026-08-20 15:46:00,GOT.V,,1.7200000286102295,1.7200000286102295,1.7200000286102295,1.7200000286102295,300.0
2026-08-20 15:46:00,GSVR.V,,0.5899999737739563,0.5899999737739563,0.5899999737739563,0.5899999737739563,1500.0
2026-08-20 15:46:00,HITI.V,,3.380000114440918,3.380000114440918,3.369999885559082,3.380000114440918,2500.0
2026-08-20 15:46:00,HSTR.V,,2.319999933242798,2.319999933242798,2.319999933242798,2.319999933242798,900.0
2026-08-20 15:46:00,KFR.V,,1.2699999809265137,1.2699999809265137,1.2699999809265137,1.2699999809265137,600.0
2026-08-20 15:46:00,KTN.V,,1.350000023841858,1.350000023841858,1.350000023841858,1.350000023841858,1200.0
2026-08-20 15:46:00,LCX.V,,1.7899999618530273,1.7899999618530273,1.7899999618530273,1.7899999618530273,200.0
2026-08-20 15:46:00,LUCA.V,,1.059999942779541,1.059999942779541,1.059999942779541,1.059999942779541,700.0
2026-08-20 15:46:00,MD.V,,0.38999998569488525,0.38999998569488525,0.38999998569488525,0.38999998569488525,1500.0
2026-08-20 15:46:00,MKO.V,,14.289999961853027,14.289999961853027,14.265000343322754,14.279999732971191,1720.0
2026-08-20 15:46:00,MLP.V,,2.8299999237060547,2.8299999237060547,2.8299999237060547,2.8299999237060547,400.0
2026-08-20 15:46:00,MMA.V,,0.6600000262260437,0.6600000262260437,0.6600000262260437,0.6600000262260437,500.0
2026-08-20 15:46:00,NURS.V,,3.9100000858306885,3.9200000762939453,3.9100000858306885,3.9100000858306885,5855.0
2026-08-20 15:46:00,PNG.V,,5.809999942779541,5.829999923706055,5.809999942779541,5.809999942779541,1980.0
2026-08-20 15:46:00,TUF.V,,0.6949999928474426,0.6949999928474426,0.6949999928474426,0.6949999928474426,6000.0
2026-08-20 15:47:00,BIG.V,,1.2999999523162842,1.2999999523162842,1.2899999618530273,1.2949999570846558,1700.0
2026-08-20 15:47:00,FDR.V,,6.090000152587891,6.090000152587891,6.090000152587891,6.090000152587891,100.0
2026-08-20 15:47:00,FWZ.V,,3.2799999713897705,3.2799999713897705,3.2750000953674316,3.2799999713897705,2000.0
2026-08-20 15:47:00,GG.V,,2.990000009536743,2.990000009536743,2.990000009536743,2.990000009536743,100.0
2026-08-20 15:47:00,GGO.V,,1.149999976158142,1.149999976158142,1.149999976158142,1.149999976158142,100.0
2026-08-20 15:47:00,GMG.V,,2.0999999046325684,2.109999895095825,2.0999999046325684,2.109999895095825,4300.0
2026-08-20 15:47:00,GOT.V,,1.7200000286102295,1.7200000286102295,1.7200000286102295,1.7200000286102295,200.0
2026-08-20 15:47:00,GRB.V,,0.550000011920929,0.5600000023841858,0.550000011920929,0.5600000023841858,0.0
2026-08-20 15:47:00,GSVR.V,,0.5899999737739563,0.5899999737739563,0.5899999737739563,0.5899999737739563,1500.0
2026-08-20 15:47:00,GWM.V,,0.6050000190734863,0.6050000190734863,0.6050000190734863,0.6050000190734863,500.0
2026-08-20 15:47:00,HSTR.V,,2.319999933242798,2.319999933242798,2.319999933242798,2.319999933242798,700.0
2026-08-20 15:47:00,IFOS.V,,2.240000009536743,2.240000009536743,2.240000009536743,2.240000009536743,100.0
2026-08-20 15:47:00,KTN.V,,1.350000023841858,1.350000023841858,1.350000023841858,1.350000023841858,100.0
2026-08-20 15:47:00,LCX.V,,1.7699999809265137,1.7899999618530273,1.7699999809265137,1.7899999618530273,200.0
2026-08-20 15:47:00,LTH.V,,0.6399999856948853,0.6399999856948853,0.6399999856948853,0.6399999856948853,500.0
2026-08-20 15:47:00,LUCA.V,,1.059999942779541,1.059999942779541,1.0499999523162842,1.059999942779541,1300.0
2026-08-20 15:47:00,NURS.V,,3.9200000762939453,3.9200000762939453,3.9200000762939453,3.9200000762939453,2000.0
2026-08-20 15:47:00,PNG.V,,5.809999942779541,5.820000171661377,5.809999942779541,5.820000171661377,500.0
2026-08-20 15:48:00,BIG.V,,1.2999999523162842,1.2999999523162842,1.2999999523162842,1.2999999523162842,1300.0
2026-08-20 15:48:00,FOR.V,,0.7200000286102295,0.7200000286102295,0.7200000286102295,0.7200000286102295,8000.0
2026-08-20 15:48:00,FWZ.V,,3.2799999713897705,3.2799999713897705,3.2799999713897705,3.2799999713897705,500.0
2026-08-20 15:48:00,GMG.V,,2.119999885559082,2.119999885559082,2.119999885559082,2.119999885559082,1200.0
2026-08-20 15:48:00,GOT.V,,1.7200000286102295,1.7200000286102295,1.7200000286102295,1.7200000286102295,100.0
2026-08-20 15:48:00,GSI.V,,1.7350000143051147,1.7350000143051147,1.7350000143051147,1.7350000143051147,100.0
2026-08-20 15:48:00,GSPR.V,,0.10999999940395355,0.11500000208616257,0.10999999940395355,0.11500000208616257,17000.0
2026-08-20 15:48:00,GSVR.V,,0.5899999737739563,0.5899999737739563,0.5899999737739563,0.5899999737739563,1500.0
2026-08-20 15:48:00,HME.V,,2.7300000190734863,2.7300000190734863,2.7200000286102295,2.7200000286102295,7600.0
2026-08-20 15:48:00,HSTR.V,,2.319999933242798,2.319999933242798,2.315000057220459,2.319999933242798,4285.0
2026-08-20 15:48:00,IPT.V,,0.3050000071525574,0.3050000071525574,0.3050000071525574,0.3050000071525574,2500.0
2026-08-20 15:48:00,ITR.V,,3.884999990463257,3.890000104904175,3.880000114440918,3.890000104904175,800.0
2026-08-20 15:48:00,LCX.V,,1.7899999618530273,1.7899999618530273,1.7899999618530273,1.7899999618530273,200.0
2026-08-20 15:48:00,LIO.V,,0.20999999344348907,0.2199999988079071,0.20999999344348907,0.2199999988079071,79000.0
2026-08-20 15:48:00,LSL.V,,0.35499998927116394,0.35499998927116394,0.35499998927116394,0.35499998927116394,1000.0
2026-08-20 15:48:00,LTH.V,,0.6399999856948853,0.6399999856948853,0.6399999856948853,0.6399999856948853,500.0
2026-08-20 15:48:00,LUCA.V,,1.059999942779541,1.059999942779541,1.059999942779541,1.059999942779541,700.0
2026-08-20 15:48:00,MLP.V,,2.819999933242798,2.819999933242798,2.819999933242798,2.819999933242798,177.0
2026-08-20 15:48:00,MTA.V,,15.380000114440918,15.390000343322754,15.380000114440918,15.390000343322754,800.0
2026-08-20 15:48:00,PNG.V,,5.809999942779541,5.820000171661377,5.809999942779541,5.820000171661377,2100.0
2026-08-20 15:49:00,BIG.V,,1.2999999523162842,1.2999999523162842,1.2999999523162842,1.2999999523162842,1300.0
2026-08-20 15:49:00,FDR.V,,6.090000152587891,6.090000152587891,6.090000152587891,6.090000152587891,100.0
2026-08-20 15:49:00,FWZ.V,,3.2799999713897705,3.2799999713897705,3.2799999713897705,3.2799999713897705,900.0
2026-08-20 15:49:00,GMG.V,,2.130000114440918,2.130000114440918,2.119999885559082,2.130000114440918,4600.0
2026-08-20 15:49:00,GSVR.V,,0.5899999737739563,0.5899999737739563,0.5899999737739563,0.5899999737739563,500.0
2026-08-20 15:49:00,GTC.V,,0.8799999952316284,0.8799999952316284,0.8799999952316284,0.8799999952316284,6000.0
2026-08-20 15:49:00,GWM.V,,0.6050000190734863,0.6050000190734863,0.6050000190734863,0.6050000190734863,500.0
2026-08-20 15:49:00,HAM.V,,6.010000228881836,6.010000228881836,6.010000228881836,6.010000228881836,600.0
2026-08-20 15:49:00,HSTR.V,,2.319999933242798,2.319999933242798,2.319999933242798,2.319999933242798,600.0
2026-08-20 15:49:00,ITR.V,,3.890000104904175,3.890000104904175,3.890000104904175,3.890000104904175,500.0
2026-08-20 15:49:00,KIP.V,,0.20000000298023224,0.20000000298023224,0.20000000298023224,0.20000000298023224,0.0
2026-08-20 15:49:00,KLDC.V,,0.2750000059604645,0.2750000059604645,0.2750000059604645,0.2750000059604645,500.0
2026-08-20 15:49:00,KTN.V,,1.350000023841858,1.350000023841858,1.350000023841858,1.350000023841858,1100.0
2026-08-20 15:49:00,LA.V,,13.199999809265137,13.199999809265137,13.199999809265137,13.199999809265137,100.0
2026-08-20 15:49:00,LCX.V,,1.7899999618530273,1.7899999618530273,1.7899999618530273,1.7899999618530273,200.0
2026-08-20 15:49:00,LIO.V,,0.20499999821186066,0.20999999344348907,0.19499999284744263,0.20999999344348907,193100.0
2026-08-20 15:49:00,LMN.V,,24.59000015258789,24.59000015258789,24.540000915527344,24.540000915527344,400.0
2026-08-20 15:49:00,LUCA.V,,1.059999942779541,1.059999942779541,1.059999942779541,1.059999942779541,700.0
2026-08-20 15:49:00,LVX.V,,0.5199999809265137,0.5199999809265137,0.5199999809265137,0.5199999809265137,18500.0
2026-08-20 15:49:00,MKO.V,,14.289999961853027,14.289999961853027,14.289999961853027,14.289999961853027,400.0
2026-08-20 15:49:00,MLP.V,,2.819999933242798,2.819999933242798,2.819999933242798,2.819999933242798,100.0
2026-08-20 15:49:00,MTA.V,,15.380000114440918,15.380000114440918,15.380000114440918,15.380000114440918,100.0
2026-08-20 15:49:00,PNG.V,,5.829999923706055,5.829999923706055,5.809999942779541,5.809999942779541,8600.0
2026-08-20 15:50:00,BIG.V,,1.2999999523162842,1.2999999523162842,1.2999999523162842,1.2999999523162842,1300.0
2026-08-20 15:50:00,FDR.V,,6.085000038146973,6.085000038146973,6.085000038146973,6.085000038146973,200.0
2026-08-20 15:50:00,FOR.V,,0.7300000190734863,0.7300000190734863,0.7200000286102295,0.7300000190734863,11500.0
2026-08-20 15:50:00,FWZ.V,,3.2799999713897705,3.2799999713897705,3.2799999713897705,3.2799999713897705,300.0
2026-08-20 15:50:00,GLAD.V,,2.7899999618530273,2.7899999618530273,2.7899999618530273,2.7899999618530273,100.0
2026-08-20 15:50:00,GOT.V,,1.7200000286102295,1.7200000286102295,1.7200000286102295,1.7200000286102295,200.0
2026-08-20 15:50:00,GSI.V,,1.7350000143051147,1.7350000143051147,1.7350000143051147,1.7350000143051147,100.0
2026-08-20 15:50:00,GSVR.V,,0.5849999785423279,0.5899999737739563,0.5849999785423279,0.5899999737739563,1500.0
2026-08-20 15:50:00,GWM.V,,0.6100000143051147,0.6100000143051147,0.6100000143051147,0.6100000143051147,1000.0
2026-08-20 15:50:00,HSTR.V,,2.325000047683716,2.3299999237060547,2.325000047683716,2.3299999237060547,2200.0
2026-08-20 15:50:00,ITR.V,,3.9000000953674316,3.9000000953674316,3.890000104904175,3.890000104904175,4500.0
2026-08-20 15:50:00,KRY.V,,3.450000047683716,3.450000047683716,3.450000047683716,3.450000047683716,200.0
2026-08-20 15:50:00,LCX.V,,1.7899999618530273,1.7899999618530273,1.7899999618530273,1.7899999618530273,200.0
2026-08-20 15:50:00,LME.V,,0.12999999523162842,0.12999999523162842,0.12999999523162842,0.12999999523162842,500.0
2026-08-20 15:50:00,LTH.V,,0.6399999856948853,0.6399999856948853,0.6399999856948853,0.6399999856948853,500.0
2026-08-20 15:50:00,LUCA.V,,1.0499999523162842,1.059999942779541,1.0499999523162842,1.059999942779541,600.0
2026-08-20 15:50:00,MFG.V,,4.150000095367432,4.150000095367432,4.150000095367432,4.150000095367432,182.0
2026-08-20 15:50:00,MGM.V,,2.8299999237060547,2.8299999237060547,2.8299999237060547,2.8299999237060547,100.0
2026-08-20 15:50:00,MKO.V,,14.3100004196167,14.3100004196167,14.300000190734863,14.300000190734863,200.0
2026-08-20 15:50:00,MLP.V,,2.809999942779541,2.819999933242798,2.809999942779541,2.819999933242798,1400.0
2026-08-20 15:50:00,MMA.V,,0.6549999713897705,0.6549999713897705,0.6499999761581421,0.6499999761581421,2500.0
2026-08-20 15:50:00,MTA.V,,15.40999984741211,15.40999984741211,15.380000114440918,15.380000114440918,7600.0
2026-08-20 15:50:00,PNG.V,,5.820000171661377,5.820000171661377,5.820000171661377,5.820000171661377,800.0
2026-08-20 15:50:00,TUF.V,,0.699999988079071,0.699999988079071,0.6949999928474426,0.6949999928474426,8254.0
2026-08-20 15:51:00,BIG.V,,1.2999999523162842,1.2999999523162842,1.2999999523162842,1.2999999523162842,4600.0
2026-08-20 15:51:00,FWZ.V,,3.2799999713897705,3.2799999713897705,3.2799999713897705,3.2799999713897705,700.0
2026-08-20 15:51:00,GAL.V,,0.5099999904632568,0.5099999904632568,0.5099999904632568,0.5099999904632568,500.0
2026-08-20 15:51:00,GLAD.V,,2.75,2.759999990463257,2.744999885559082,2.759999990463257,5900.0
2026-08-20 15:51:00,GOT.V,,1.7200000286102295,1.7200000286102295,1.7200000286102295,1.7200000286102295,600.0
2026-08-20 15:51:00,GSVR.V,,0.5849999785423279,0.5849999785423279,0.5849999785423279,0.5849999785423279,1000.0
2026-08-20 15:51:00,HITI.V,,3.390000104904175,3.390000104904175,3.390000104904175,3.390000104904175,100.0
2026-08-20 15:51:00,HSTR.V,,2.3299999237060547,2.3299999237060547,2.325000047683716,2.3299999237060547,3400.0
2026-08-20 15:51:00,ITR.V,,3.9100000858306885,3.9100000858306885,3.9000000953674316,3.9000000953674316,300.0
2026-08-20 15:51:00,KDK.V,,0.800000011920929,0.800000011920929,0.800000011920929,0.800000011920929,2500.0
2026-08-20 15:51:00,KTN.V,,1.350000023841858,1.3550000190734863,1.350000023841858,1.350000023841858,1300.0
2026-08-20 15:51:00,LCX.V,,1.7899999618530273,1.7899999618530273,1.7899999618530273,1.7899999618530273,200.0
2026-08-20 15:51:00,LIO.V,,0.20499999821186066,0.20499999821186066,0.20499999821186066,0.20499999821186066,2000.0
2026-08-20 15:51:00,LQWD.V,,0.8399999737739563,0.8399999737739563,0.8399999737739563,0.8399999737739563,1000.0
2026-08-20 15:51:00,LTH.V,,0.6399999856948853,0.6399999856948853,0.6399999856948853,0.6399999856948853,3000.0
2026-08-20 15:51:00,LUCA.V,,1.059999942779541,1.059999942779541,1.0499999523162842,1.0549999475479126,24700.0
2026-08-20 15:51:00,MKO.V,,14.289999961853027,14.3100004196167,14.289999961853027,14.3100004196167,300.0
2026-08-20 15:51:00,MTA.V,,15.399999618530273,15.399999618530273,15.399999618530273,15.399999618530273,700.0
2026-08-20 15:51:00,PNG.V,,5.820000171661377,5.824999809265137,5.820000171661377,5.820000171661377,1400.0
2026-08-20 15:51:00,ZNG.V,,0.8100000023841858,0.8100000023841858,0.800000011920929,0.800000011920929,5000.0
2026-08-20 15:52:00,BIG.V,,1.2999999523162842,1.2999999523162842,1.2999999523162842,1.2999999523162842,1200.0
2026-08-20 15:52:00,FDR.V,,6.085000038146973,6.085000038146973,6.085000038146973,6.085000038146973,100.0
2026-08-20 15:52:00,FL.V,,0.4300000071525574,0.4300000071525574,0.4300000071525574,0.4300000071525574,1000.0
2026-08-20 15:52:00,FUU.V,,0.14000000059604645,0.14000000059604645,0.14000000059604645,0.14000000059604645,500.0
2026-08-20 15:52:00,FWZ.V,,3.2799999713897705,3.2899999618530273,3.2799999713897705,3.2899999618530273,1100.0
2026-08-20 15:52:00,GAL.V,,0.5099999904632568,0.5099999904632568,0.5099999904632568,0.5099999904632568,500.0
2026-08-20 15:52:00,GGO.V,,1.149999976158142,1.149999976158142,1.149999976158142,1.149999976158142,6000.0
2026-08-20 15:52:00,GLAD.V,,2.740000009536743,2.740000009536743,2.740000009536743,2.740000009536743,200.0
2026-08-20 15:52:00,GOT.V,,1.7300000190734863,1.7300000190734863,1.7300000190734863,1.7300000190734863,6800.0
2026-08-20 15:52:00,GRSL.V,,0.41999998688697815,0.41999998688697815,0.41999998688697815,0.41999998688697815,55850.0
2026-08-20 15:52:00,GSVR.V,,0.5799999833106995,0.5849999785423279,0.5799999833106995,0.5849999785423279,2547.0
2026-08-20 15:52:00,GWM.V,,0.6100000143051147,0.6100000143051147,0.6100000143051147,0.6100000143051147,500.0
2026-08-20 15:52:00,HME.V,,2.7300000190734863,2.7300000190734863,2.7300000190734863,2.7300000190734863,200.0
2026-08-20 15:52:00,HMR.V,,0.4699999988079071,0.4699999988079071,0.4699999988079071,0.4699999988079071,1000.0
2026-08-20 15:52:00,HSTR.V,,2.325000047683716,2.3299999237060547,2.325000047683716,2.3299999237060547,700.0
2026-08-20 15:52:00,IPT.V,,0.3199999928474426,0.3199999928474426,0.3100000023841858,0.3100000023841858,364000.0
2026-08-20 15:52:00,ITR.V,,3.9000000953674316,3.9100000858306885,3.9000000953674316,3.9100000858306885,1700.0
2026-08-20 15:52:00,KDK.V,,0.7799999713897705,0.7799999713897705,0.7799999713897705,0.7799999713897705,38442.0
2026-08-20 15:52:00,KLDC.V,,0.2750000059604645,0.2750000059604645,0.2750000059604645,0.2750000059604645,500.0
2026-08-20 15:52:00,KTN.V,,1.350000023841858,1.350000023841858,1.350000023841858,1.350000023841858,100.0
2026-08-20 15:52:00,LCX.V,,1.7799999713897705,1.7899999618530273,1.7799999713897705,1.7899999618530273,1500.0
2026-08-20 15:52:00,LIO.V,,0.20000000298023224,0.20499999821186066,0.20000000298023224,0.20499999821186066,23500.0
2026-08-20 15:52:00,LMN.V,,24.59000015258789,24.59000015258789,24.579999923706055,24.579999923706055,600.0
2026-08-20 15:52:00,LUCA.V,,1.059999942779541,1.059999942779541,1.059999942779541,1.059999942779541,4100.0
2026-08-20 15:52:00,MAH.V,,0.1899999976158142,0.1899999976158142,0.1899999976158142,0.1899999976158142,4000.0
2026-08-20 15:52:00,MGM.V,,2.8299999237060547,2.8299999237060547,2.8299999237060547,2.8299999237060547,100.0
2026-08-20 15:52:00,MKO.V,,14.3100004196167,14.3100004196167,14.3100004196167,14.3100004196167,200.0
2026-08-20 15:52:00,MLP.V,,2.819999933242798,2.819999933242798,2.819999933242798,2.819999933242798,100.0
2026-08-20 15:52:00,MTA.V,,15.420000076293945,15.420000076293945,15.420000076293945,15.420000076293945,100.0
2026-08-20 15:52:00,PNG.V,,5.820000171661377,5.820000171661377,5.820000171661377,5.820000171661377,5200.0
2026-08-20 15:52:00,TUF.V,,0.6949999928474426,0.6949999928474426,0.6949999928474426,0.6949999928474426,5500.0
2026-08-20 15:52:00,ZNG.V,,0.8199999928474426,0.8199999928474426,0.8100000023841858,0.8100000023841858,6500.0
2026-08-20 15:53:00,BIG.V,,1.2999999523162842,1.2999999523162842,1.2999999523162842,1.2999999523162842,1900.0
2026-08-20 15:53:00,FDR.V,,6.099999904632568,6.099999904632568,6.070000171661377,6.085000038146973,5700.0
2026-08-20 15:53:00,FL.V,,0.4300000071525574,0.4300000071525574,0.4300000071525574,0.4300000071525574,500.0
2026-08-20 15:53:00,FWZ.V,,3.2899999618530273,3.2899999618530273,3.2799999713897705,3.2799999713897705,200.0
2026-08-20 15:53:00,GG.V,,2.990000009536743,2.990000009536743,2.990000009536743,2.990000009536743,100.0
2026-08-20 15:53:00,GGO.V,,1.149999976158142,1.149999976158142,1.149999976158142,1.149999976158142,1400.0
2026-08-20 15:53:00,GLAD.V,,2.744999885559082,2.744999885559082,2.744999885559082,2.744999885559082,700.0
2026-08-20 15:53:00,GOT.V,,1.7400000095367432,1.7400000095367432,1.7400000095367432,1.7400000095367432,100.0
2026-08-20 15:53:00,HAN.V,,0.8100000023841858,0.8199999928474426,0.8100000023841858,0.8199999928474426,22500.0
2026-08-20 15:53:00,HITI.V,,3.390000104904175,3.390000104904175,3.390000104904175,3.390000104904175,100.0
2026-08-20 15:53:00,HME.V,,2.740000009536743,2.740000009536743,2.740000009536743,2.740000009536743,700.0
2026-08-20 15:53:00,HSTR.V,,2.3299999237060547,2.3299999237060547,2.3299999237060547,2.3299999237060547,900.0
2026-08-20 15:53:00,ITR.V,,3.9100000858306885,3.9100000858306885,3.9100000858306885,3.9100000858306885,200.0
2026-08-20 15:53:00,KLDC.V,,0.2750000059604645,0.2750000059604645,0.2750000059604645,0.2750000059604645,13500.0
2026-08-20 15:53:00,KTN.V,,1.350000023841858,1.350000023841858,1.350000023841858,1.350000023841858,100.0
2026-08-20 15:53:00,LIO.V,,0.20000000298023224,0.20000000298023224,0.20000000298023224,0.20000000298023224,14000.0
2026-08-20 15:53:00,LUCA.V,,1.059999942779541,1.059999942779541,1.059999942779541,1.059999942779541,600.0
2026-08-20 15:53:00,MJS.V,,0.10000000149011612,0.10000000149011612,0.10000000149011612,0.10000000149011612,45000.0
2026-08-20 15:53:00,MKO.V,,14.350000381469727,14.350000381469727,14.319999694824219,14.319999694824219,1300.0
2026-08-20 15:53:00,MLP.V,,2.819999933242798,2.819999933242798,2.819999933242798,2.819999933242798,500.0
2026-08-20 15:53:00,PNG.V,,5.820000171661377,5.820000171661377,5.809999942779541,5.820000171661377,14100.0
2026-08-20 15:54:00,BIG.V,,1.2949999570846558,1.2999999523162842,1.284999966621399,1.2999999523162842,7700.0
2026-08-20 15:54:00,EMM.V,,0.06499999761581421,0.06499999761581421,0.06499999761581421,0.06499999761581421,99000.0
2026-08-20 15:54:00,FDR.V,,6.079999923706055,6.090000152587891,6.079999923706055,6.090000152587891,200.0
2026-08-20 15:54:00,FWZ.V,,3.2799999713897705,3.2850000858306885,3.2799999713897705,3.2799999713897705,1800.0
2026-08-20 15:54:00,GLAD.V,,2.759999990463257,2.759999990463257,2.759999990463257,2.759999990463257,100.0
2026-08-20 15:54:00,GOT.V,,1.7300000190734863,1.7300000190734863,1.7300000190734863,1.7300000190734863,800.0
2026-08-20 15:54:00,GSR.V,,0.3799999952316284,0.3799999952316284,0.3799999952316284,0.3799999952316284,11500.0
2026-08-20 15:54:00,GSVR.V,,0.5849999785423279,0.5849999785423279,0.5849999785423279,0.5849999785423279,508.0
2026-08-20 15:54:00,GWM.V,,0.6050000190734863,0.6050000190734863,0.6050000190734863,0.6050000190734863,500.0
2026-08-20 15:54:00,HAN.V,,0.8199999928474426,0.8199999928474426,0.8199999928474426,0.8199999928474426,4000.0
2026-08-20 15:54:00,HAR.V,,0.03999999910593033,0.03999999910593033,0.03999999910593033,0.03999999910593033,9000.0
2026-08-20 15:54:00,HME.V,,2.700000047683716,2.740000009536743,2.700000047683716,2.740000009536743,48900.0
2026-08-20 15:54:00,HSTR.V,,2.3299999237060547,2.3299999237060547,2.319999933242798,2.3299999237060547,3100.0
2026-08-20 15:54:00,KDK.V,,0.7799999713897705,0.7799999713897705,0.7799999713897705,0.7799999713897705,500.0
2026-08-20 15:54:00,KTN.V,,1.350000023841858,1.350000023841858,1.350000023841858,1.350000023841858,100.0
2026-08-20 15:54:00,LA.V,,13.199999809265137,13.199999809265137,13.199999809265137,13.199999809265137,100.0
2026-08-20 15:54:00,LGC.V,,2.9000000953674316,2.9000000953674316,2.9000000953674316,2.9000000953674316,100.0
2026-08-20 15:54:00,LIO.V,,0.20000000298023224,0.20000000298023224,0.20000000298023224,0.20000000298023224,22500.0
2026-08-20 15:54:00,LPS.V,,0.25,0.25,0.25,0.25,18500.0
2026-08-20 15:54:00,LUCA.V,,1.059999942779541,1.059999942779541,1.059999942779541,1.059999942779541,300.0
2026-08-20 15:54:00,MGM.V,,2.8299999237060547,2.8299999237060547,2.8299999237060547,2.8299999237060547,100.0
2026-08-20 15:54:00,MKO.V,,14.350000381469727,14.350000381469727,14.350000381469727,14.350000381469727,200.0
2026-08-20 15:54:00,MLP.V,,2.8299999237060547,2.8299999237060547,2.8299999237060547,2.8299999237060547,300.0
2026-08-20 15:54:00,MMA.V,,0.6549999713897705,0.6549999713897705,0.6549999713897705,0.6549999713897705,500.0
2026-08-20 15:54:00,MMG.V,,0.24500000476837158,0.24500000476837158,0.24500000476837158,0.24500000476837158,2500.0
2026-08-20 15:54:00,PNG.V,,5.809999942779541,5.815000057220459,5.809999942779541,5.815000057220459,1100.0
2026-08-20 15:54:00,ZNG.V,,0.8100000023841858,0.8100000023841858,0.8100000023841858,0.8100000023841858,500.0
2026-08-20 15:55:00,BIG.V,,1.2949999570846558,1.2949999570846558,1.2899999618530273,1.2899999618530273,2000.0
2026-08-20 15:55:00,EXG.V,,0.10999999940395355,0.10999999940395355,0.10999999940395355,0.10999999940395355,23500.0
2026-08-20 15:55:00,FDR.V,,6.090000152587891,6.090000152587891,6.090000152587891,6.090000152587891,400.0
2026-08-20 15:55:00,FUU.V,,0.15000000596046448,0.15000000596046448,0.15000000596046448,0.15000000596046448,25650.0
2026-08-20 15:55:00,FWZ.V,,3.2699999809265137,3.2799999713897705,3.2699999809265137,3.2799999713897705,3000.0
2026-08-20 15:55:00,GAL.V,,0.5099999904632568,0.5099999904632568,0.5099999904632568,0.5099999904632568,500.0
2026-08-20 15:55:00,GLAD.V,,2.7899999618530273,2.7899999618530273,2.744999885559082,2.744999885559082,3300.0
2026-08-20 15:55:00,GSVR.V,,0.5849999785423279,0.5849999785423279,0.5849999785423279,0.5849999785423279,500.0
2026-08-20 15:55:00,GWM.V,,0.6050000190734863,0.6050000190734863,0.6050000190734863,0.6050000190734863,500.0
2026-08-20 15:55:00,HAR.V,,0.03999999910593033,0.03999999910593033,0.03999999910593033,0.03999999910593033,396000.0
2026-08-20 15:55:00,HME.V,,2.7100000381469727,2.7100000381469727,2.7100000381469727,2.7100000381469727,300.0
2026-08-20 15:55:00,HSTR.V,,2.3299999237060547,2.3399999141693115,2.3299999237060547,2.3399999141693115,5100.0
2026-08-20 15:55:00,IFOS.V,,2.2799999713897705,2.2799999713897705,2.2300000190734863,2.2300000190734863,1260.0
2026-08-20 15:55:00,INTR.V,,0.8100000023841858,0.8199999928474426,0.8100000023841858,0.8199999928474426,4000.0
2026-08-20 15:55:00,ITR.V,,3.9100000858306885,3.9100000858306885,3.9100000858306885,3.9100000858306885,600.0
2026-08-20 15:55:00,KALO.V,,0.14499999582767487,0.14499999582767487,0.14499999582767487,0.14499999582767487,34000.0
2026-08-20 15:55:00,KDK.V,,0.7799999713897705,0.7799999713897705,0.7799999713897705,0.7799999713897705,500.0
2026-08-20 15:55:00,KFR.V,,1.2599999904632568,1.2649999856948853,1.2599999904632568,1.2649999856948853,700.0
2026-08-20 15:55:00,KNG.V,,1.090000033378601,1.090000033378601,1.090000033378601,1.090000033378601,4400.0
2026-08-20 15:55:00,LEM.V,,0.27000001072883606,0.27000001072883606,0.27000001072883606,0.27000001072883606,1000.0
2026-08-20 15:55:00,LG.V,,0.39500001072883606,0.39500001072883606,0.39500001072883606,0.39500001072883606,44500.0
2026-08-20 15:55:00,LIO.V,,0.20000000298023224,0.20000000298023224,0.20000000298023224,0.20000000298023224,7500.0
2026-08-20 15:55:00,LUCA.V,,1.059999942779541,1.059999942779541,1.059999942779541,1.059999942779541,6700.0
2026-08-20 15:55:00,MGM.V,,2.8299999237060547,2.8299999237060547,2.8299999237060547,2.8299999237060547,300.0
2026-08-20 15:55:00,MKO.V,,14.350000381469727,14.350000381469727,14.335000038146973,14.335000038146973,1100.0
2026-08-20 15:55:00,MMA.V,,0.6499999761581421,0.6499999761581421,0.6499999761581421,0.6499999761581421,4000.0
2026-08-20 15:55:00,MTA.V,,15.4399995803833,15.4399995803833,15.4399995803833,15.4399995803833,300.0
2026-08-20 15:55:00,PNG.V,,5.809999942779541,5.809999942779541,5.800000190734863,5.809999942779541,8119.0
2026-08-20 15:55:00,TUF.V,,0.6949999928474426,0.6949999928474426,0.6949999928474426,0.6949999928474426,10000.0
2026-08-20 15:56:00,BIG.V,,1.2999999523162842,1.2999999523162842,1.2999999523162842,1.2999999523162842,1000.0
2026-08-20 15:56:00,FDR.V,,6.090000152587891,6.090000152587891,6.079999923706055,6.079999923706055,200.0
2026-08-20 15:56:00,FWZ.V,,3.259999990463257,3.2699999809265137,3.259999990463257,3.259999990463257,4600.0
2026-08-20 15:56:00,GAL.V,,0.5099999904632568,0.5099999904632568,0.5099999904632568,0.5099999904632568,1000.0
2026-08-20 15:56:00,GG.V,,3.0,3.0,3.0,3.0,100.0
2026-08-20 15:56:00,GLAD.V,,2.7899999618530273,2.7899999618530273,2.740000009536743,2.7799999713897705,8400.0
2026-08-20 15:56:00,GOT.V,,1.7300000190734863,1.7300000190734863,1.7300000190734863,1.7300000190734863,1200.0
2026-08-20 15:56:00,GSVR.V,,0.5899999737739563,0.5899999737739563,0.5899999737739563,0.5899999737739563,500.0
2026-08-20 15:56:00,HME.V,,2.7100000381469727,2.7100000381469727,2.7100000381469727,2.7100000381469727,7000.0
2026-08-20 15:56:00,HSTR.V,,2.3350000381469727,2.3399999141693115,2.3350000381469727,2.3399999141693115,1100.0
2026-08-20 15:56:00,IPT.V,,0.3100000023841858,0.3100000023841858,0.3100000023841858,0.3100000023841858,2000.0
2026-08-20 15:56:00,ITR.V,,3.9200000762939453,3.9200000762939453,3.9200000762939453,3.9200000762939453,200.0
2026-08-20 15:56:00,KTN.V,,1.350000023841858,1.350000023841858,1.350000023841858,1.350000023841858,200.0
2026-08-20 15:56:00,LIFT.V,,2.700000047683716,2.700000047683716,2.700000047683716,2.700000047683716,100.0
2026-08-20 15:56:00,LIO.V,,0.20000000298023224,0.20499999821186066,0.20000000298023224,0.20499999821186066,20500.0
2026-08-20 15:56:00,LMN.V,,24.510000228881836,24.530000686645508,24.510000228881836,24.530000686645508,300.0
2026-08-20 15:56:00,LUCA.V,,1.059999942779541,1.059999942779541,1.059999942779541,1.059999942779541,1100.0
2026-08-20 15:56:00,MFG.V,,4.150000095367432,4.159999847412109,4.150000095367432,4.150000095367432,1300.0
2026-08-20 15:56:00,MKO.V,,14.350000381469727,14.350000381469727,14.350000381469727,14.350000381469727,200.0
2026-08-20 15:56:00,PNG.V,,5.800000190734863,5.809999942779541,5.800000190734863,5.804999828338623,1200.0
2026-08-20 15:56:00,TUF.V,,0.6899999976158142,0.6949999928474426,0.6899999976158142,0.6899999976158142,22500.0
2026-08-20 15:56:00,ZNG.V,,0.8199999928474426,0.8199999928474426,0.8100000023841858,0.8100000023841858,2000.0
2026-08-20 15:57:00,EXG.V,,0.10499999672174454,0.10499999672174454,0.10499999672174454,0.10499999672174454,8547.0
2026-08-20 15:57:00,FDR.V,,6.090000152587891,6.090000152587891,6.090000152587891,6.090000152587891,300.0
2026-08-20 15:57:00,FHYD.V,,0.38499999046325684,0.38499999046325684,0.38499999046325684,0.38499999046325684,1000.0
2026-08-20 15:57:00,FL.V,,0.42750000953674316,0.42750000953674316,0.42750000953674316,0.42750000953674316,1000.0
2026-08-20 15:57:00,FWZ.V,,3.2799999713897705,3.2799999713897705,3.259999990463257,3.259999990463257,2400.0
2026-08-20 15:57:00,GAL.V,,0.5099999904632568,0.5099999904632568,0.5099999904632568,0.5099999904632568,5500.0
2026-08-20 15:57:00,GLAD.V,,2.7899999618530273,2.7899999618530273,2.7899999618530273,2.7899999618530273,6300.0
2026-08-20 15:57:00,GPH.V,,1.0199999809265137,1.0299999713897705,1.0199999809265137,1.0199999809265137,9300.0
2026-08-20 15:57:00,GQC.V,,1.024999976158142,1.024999976158142,1.024999976158142,1.024999976158142,500.0
2026-08-20 15:57:00,GSI.V,,1.7400000095367432,1.7400000095367432,1.7400000095367432,1.7400000095367432,1300.0
2026-08-20 15:57:00,GWM.V,,0.6100000143051147,0.6100000143051147,0.6100000143051147,0.6100000143051147,500.0
2026-08-20 15:57:00,HITI.V,,3.390000104904175,3.390000104904175,3.390000104904175,3.390000104904175,100.0
2026-08-20 15:57:00,HME.V,,2.7200000286102295,2.7200000286102295,2.7200000286102295,2.7200000286102295,4700.0
2026-08-20 15:57:00,HPL.V,,0.3149999976158142,0.3149999976158142,0.3100000023841858,0.3100000023841858,9000.0
2026-08-20 15:57:00,HSTR.V,,2.3350000381469727,2.3399999141693115,2.3350000381469727,2.3399999141693115,2900.0
2026-08-20 15:57:00,ITR.V,,3.9200000762939453,3.9200000762939453,3.9200000762939453,3.9200000762939453,300.0
2026-08-20 15:57:00,KDK.V,,0.7799999713897705,0.7799999713897705,0.7799999713897705,0.7799999713897705,500.0
2026-08-20 15:57:00,KLDC.V,,0.2750000059604645,0.2750000059604645,0.2750000059604645,0.2750000059604645,500.0
2026-08-20 15:57:00,LG.V,,0.38999998569488525,0.38999998569488525,0.38749998807907104,0.38999998569488525,39138.0
2026-08-20 15:57:00,LIO.V,,0.20000000298023224,0.20000000298023224,0.20000000298023224,0.20000000298023224,6000.0
2026-08-20 15:57:00,LUCA.V,,1.059999942779541,1.059999942779541,1.0499999523162842,1.0499999523162842,800.0
2026-08-20 15:57:00,MKO.V,,14.380000114440918,14.399999618530273,14.350000381469727,14.350000381469727,6600.0
2026-08-20 15:57:00,MLP.V,,2.8299999237060547,2.8299999237060547,2.8299999237060547,2.8299999237060547,3954.0
2026-08-20 15:57:00,MTA.V,,15.420000076293945,15.4399995803833,15.420000076293945,15.4399995803833,200.0
2026-08-20 15:57:00,NURS.V,,3.940000057220459,3.940000057220459,3.9100000858306885,3.930000066757202,2529.0
2026-08-20 15:57:00,PNG.V,,5.800000190734863,5.809999942779541,5.800000190734863,5.804999828338623,2000.0
2026-08-20 15:57:00,TUF.V,,0.6949999928474426,0.6949999928474426,0.6899999976158142,0.6899999976158142,10000.0
2026-08-20 15:57:00,ZNG.V,,0.8199999928474426,0.8199999928474426,0.8100000023841858,0.8199999928474426,6000.0
2026-08-20 15:58:00,EXG.V,,0.10499999672174454,0.10499999672174454,0.10499999672174454,0.10499999672174454,9000.0
2026-08-20 15:58:00,FDR.V,,6.090000152587891,6.099999904632568,6.090000152587891,6.090000152587891,2500.0
2026-08-20 15:58:00,FWZ.V,,3.2699999809265137,3.2799999713897705,3.2699999809265137,3.2699999809265137,6500.0
2026-08-20 15:58:00,GHR-H.V,,0.18000000715255737,0.18000000715255737,0.18000000715255737,0.18000000715255737,15000.0
2026-08-20 15:58:00,GLAD.V,,2.809999942779541,2.809999942779541,2.7899999618530273,2.7899999618530273,4000.0
2026-08-20 15:58:00,GLD.V,,0.04500000178813934,0.04500000178813934,0.04500000178813934,0.04500000178813934,18000.0
2026-08-20 15:58:00,GMG.V,,2.1500000953674316,2.1500000953674316,2.140000104904175,2.140000104904175,6800.0
2026-08-20 15:58:00,GSI.V,,1.7450000047683716,1.7450000047683716,1.7450000047683716,1.7450000047683716,100.0
2026-08-20 15:58:00,GSVR.V,,0.5799999833106995,0.5799999833106995,0.5799999833106995,0.5799999833106995,10900.0
2026-08-20 15:58:00,HME.V,,2.7149999141693115,2.7200000286102295,2.7149999141693115,2.7200000286102295,4300.0
2026-08-20 15:58:00,HMR.V,,0.4699999988079071,0.4699999988079071,0.4699999988079071,0.4699999988079071,1000.0
2026-08-20 15:58:00,HPQ.V,,0.14000000059604645,0.14000000059604645,0.14000000059604645,0.14000000059604645,56500.0
2026-08-20 15:58:00,HSTR.V,,2.3299999237060547,2.3299999237060547,2.3299999237060547,2.3299999237060547,600.0
2026-08-20 15:58:00,IPT.V,,0.3149999976158142,0.3149999976158142,0.3100000023841858,0.3100000023841858,3500.0
2026-08-20 15:58:00,ITR.V,,3.9200000762939453,3.9200000762939453,3.9100000858306885,3.9100000858306885,6600.0
2026-08-20 15:58:00,KFR.V,,1.2599999904632568,1.2599999904632568,1.2599999904632568,1.2599999904632568,3100.0
2026-08-20 15:58:00,LA.V,,13.199999809265137,13.199999809265137,13.199999809265137,13.199999809265137,100.0
2026-08-20 15:58:00,LAB.V,,0.05999999865889549,0.05999999865889549,0.05999999865889549,0.05999999865889549,5000.0
2026-08-20 15:58:00,LCX.V,,1.7899999618530273,1.7899999618530273,1.7899999618530273,1.7899999618530273,100.0
2026-08-20 15:58:00,LIFT.V,,2.700000047683716,2.700000047683716,2.700000047683716,2.700000047683716,100.0
2026-08-20 15:58:00,LIO.V,,0.20000000298023224,0.20000000298023224,0.20000000298023224,0.20000000298023224,1500.0
2026-08-20 15:58:00,LMN.V,,24.479999542236328,24.559999465942383,24.479999542236328,24.520000457763672,1100.0
2026-08-20 15:58:00,LUCA.V,,1.059999942779541,1.059999942779541,1.0499999523162842,1.0499999523162842,1022.0
2026-08-20 15:58:00,MFG.V,,4.139999866485596,4.190000057220459,4.139999866485596,4.170000076293945,1800.0
2026-08-20 15:58:00,MKO.V,,14.420000076293945,14.420000076293945,14.390000343322754,14.40999984741211,1800.0
2026-08-20 15:58:00,MLP.V,,2.8399999141693115,2.8399999141693115,2.8399999141693115,2.8399999141693115,300.0
2026-08-20 15:58:00,MTA.V,,15.460000038146973,15.5,15.449999809265137,15.460000038146973,600.0
2026-08-20 15:58:00,PNG.V,,5.809999942779541,5.820000171661377,5.809999942779541,5.809999942779541,7500.0
2026-08-20 15:58:00,TUF.V,,0.6949999928474426,0.6949999928474426,0.6899999976158142,0.6949999928474426,5000.0
2026-08-20 15:59:00,BIG.V,,1.2949999570846558,1.2949999570846558,1.2949999570846558,1.2949999570846558,100.0
2026-08-20 15:59:00,EMM.V,,0.06499999761581421,0.06499999761581421,0.06499999761581421,0.06499999761581421,38000.0
2026-08-20 15:59:00,ESK.V,,0.33000001311302185,0.33000001311302185,0.33000001311302185,0.33000001311302185,3000.0
2026-08-20 15:59:00,FDR.V,,6.070000171661377,6.090000152587891,6.059999942779541,6.079999923706055,2925.0
2026-08-20 15:59:00,FL.V,,0.42500001192092896,0.4300000071525574,0.42500001192092896,0.4300000071525574,1759.0
2026-08-20 15:59:00,FMAN.V,,0.39500001072883606,0.39500001072883606,0.39500001072883606,0.39500001072883606,1000.0
2026-08-20 15:59:00,FOR.V,,0.7400000095367432,0.7400000095367432,0.7400000095367432,0.7400000095367432,15000.0
2026-08-20 15:59:00,FUU.V,,0.14499999582767487,0.14499999582767487,0.14499999582767487,0.14499999582767487,0.0
2026-08-20 15:59:00,FWZ.V,,3.2899999618530273,3.2899999618530273,3.2300000190734863,3.2699999809265137,3041.0
2026-08-20 15:59:00,GG.V,,2.990000009536743,2.990000009536743,2.990000009536743,2.990000009536743,100.0
2026-08-20 15:59:00,GGO.V,,1.149999976158142,1.149999976158142,1.149999976158142,1.149999976158142,3200.0
2026-08-20 15:59:00,GLAD.V,,2.7899999618530273,2.819999933242798,2.7899999618530273,2.809999942779541,1400.0
2026-08-20 15:59:00,GMG.V,,2.140000104904175,2.140000104904175,2.140000104904175,2.140000104904175,400.0
2026-08-20 15:59:00,GOT.V,,1.7200000286102295,1.7400000095367432,1.7200000286102295,1.7350000143051147,6900.0
2026-08-20 15:59:00,GQC.V,,1.0299999713897705,1.0299999713897705,1.0199999809265137,1.0199999809265137,3500.0
2026-08-20 15:59:00,GSI.V,,1.75,1.75,1.7450000047683716,1.7450000047683716,4600.0
2026-08-20 15:59:00,GSR.V,,0.38499999046325684,0.38499999046325684,0.38499999046325684,0.38499999046325684,1000.0
2026-08-20 15:59:00,GSVR.V,,0.5899999737739563,0.5899999737739563,0.5849999785423279,0.5849999785423279,16154.0
2026-08-20 15:59:00,GWM.V,,0.6050000190734863,0.6100000143051147,0.6050000190734863,0.6100000143051147,3500.0
2026-08-20 15:59:00,HITI.V,,3.390000104904175,3.390000104904175,3.380000114440918,3.380000114440918,2200.0
2026-08-20 15:59:00,HME.V,,2.690000057220459,2.7149999141693115,2.690000057220459,2.7149999141693115,13200.0
2026-08-20 15:59:00,HMR.V,,0.4699999988079071,0.4699999988079071,0.4699999988079071,0.4699999988079071,2500.0
2026-08-20 15:59:00,HPL.V,,0.3100000023841858,0.3100000023841858,0.3100000023841858,0.3100000023841858,10000.0
2026-08-20 15:59:00,HSTR.V,,2.319999933242798,2.3399999141693115,2.319999933242798,2.3399999141693115,2562.0
2026-08-20 15:59:00,IFOS.V,,2.3299999237060547,2.3299999237060547,2.2799999713897705,2.2799999713897705,2400.0
2026-08-20 15:59:00,IGO.V,,0.1550000011920929,0.1550000011920929,0.1550000011920929,0.1550000011920929,500.0
2026-08-20 15:59:00,INTR.V,,0.8100000023841858,0.8100000023841858,0.8100000023841858,0.8100000023841858,500.0
2026-08-20 15:59:00,IPT.V,,0.3050000071525574,0.3149999976158142,0.3050000071525574,0.3149999976158142,6240.0
2026-08-20 15:59:00,ITR.V,,3.9200000762939453,3.9200000762939453,3.9000000953674316,3.9200000762939453,7222.0
2026-08-20 15:59:00,JEV.V,,0.2150000035762787,0.2150000035762787,0.2150000035762787,0.2150000035762787,2000.0
2026-08-20 15:59:00,JUGR.V,,1.350000023841858,1.350000023841858,1.350000023841858,1.350000023841858,1700.0
2026-08-20 15:59:00,KAPA.V,,0.12999999523162842,0.12999999523162842,0.12999999523162842,0.12999999523162842,0.0
2026-08-20 15:59:00,KDK.V,,0.8299999833106995,0.8299999833106995,0.7799999713897705,0.7799999713897705,6000.0
2026-08-20 15:59:00,KFR.V,,1.25,1.2549999952316284,1.25,1.2549999952316284,7900.0
2026-08-20 15:59:00,KIP.V,,0.20000000298023224,0.20000000298023224,0.20000000298023224,0.20000000298023224,500.0
2026-08-20 15:59:00,KRY.V,,3.5,3.5,3.450000047683716,3.450000047683716,5300.0
2026-08-20 15:59:00,KTN.V,,1.350000023841858,1.350000023841858,1.350000023841858,1.350000023841858,2100.0
2026-08-20 15:59:00,LA.V,,13.199999809265137,13.199999809265137,13.199999809265137,13.199999809265137,100.0
2026-08-20 15:59:00,LCX.V,,1.7899999618530273,1.7899999618530273,1.7699999809265137,1.7799999713897705,900.0
2026-08-20 15:59:00,LEM.V,,0.26499998569488525,0.26499998569488525,0.26499998569488525,0.26499998569488525,4000.0
2026-08-20 15:59:00,LG.V,,0.38499999046325684,0.38499999046325684,0.38499999046325684,0.38499999046325684,24000.0
2026-08-20 15:59:00,LIFT.V,,2.680000066757202,2.700000047683716,2.680000066757202,2.700000047683716,600.0
2026-08-20 15:59:00,LIO.V,,0.20000000298023224,0.20000000298023224,0.20000000298023224,0.20000000298023224,4500.0
2026-08-20 15:59:00,LMN.V,,24.399999618530273,24.690000534057617,24.399999618530273,24.53499984741211,1271.0
2026-08-20 15:59:00,LQWD.V,,0.8500000238418579,0.8500000238418579,0.8500000238418579,0.8500000238418579,500.0
2026-08-20 15:59:00,LTH.V,,0.6299999952316284,0.6399999856948853,0.6299999952316284,0.6399999856948853,4500.0
2026-08-20 15:59:00,LUCA.V,,1.059999942779541,1.0700000524520874,1.0399999618530273,1.0549999475479126,11591.0
2026-08-20 15:59:00,LVX.V,,0.5099999904632568,0.5099999904632568,0.5099999904632568,0.5099999904632568,1000.0
2026-08-20 15:59:00,MASS.V,,0.07000000029802322,0.07000000029802322,0.07000000029802322,0.07000000029802322,12000.0
2026-08-20 15:59:00,MFG.V,,4.139999866485596,4.159999847412109,4.119999885559082,4.139999866485596,819.0
2026-08-20 15:59:00,MGM.V,,2.7899999618530273,2.809999942779541,2.7899999618530273,2.809999942779541,1600.0
2026-08-20 15:59:00,MKO.V,,14.470000267028809,14.470000267028809,14.420000076293945,14.420000076293945,1030.0
2026-08-20 15:59:00,MLP.V,,2.819999933242798,2.8399999141693115,2.819999933242798,2.8399999141693115,4200.0
2026-08-20 15:59:00,MMA.V,,0.6499999761581421,0.6600000262260437,0.6499999761581421,0.6600000262260437,28000.0
2026-08-20 15:59:00,MMG.V,,0.25,0.25,0.25,0.25,2500.0
2026-08-20 15:59:00,MTA.V,,15.319999694824219,15.420000076293945,15.319999694824219,15.420000076293945,4000.0
2026-08-20 15:59:00,MTLO.V,,0.004999999888241291,0.004999999888241291,0.004999999888241291,0.004999999888241291,9000.0
2026-08-20 15:59:00,NURS.V,,3.9100000858306885,3.950000047683716,3.9100000858306885,3.950000047683716,5200.0
2026-08-20 15:59:00,PNG.V,,5.800000190734863,5.829999923706055,5.800000190734863,5.815000057220459,9742.0
2026-08-20 15:59:00,TUF.V,,0.6899999976158142,0.6949999928474426,0.6899999976158142,0.6949999928474426,30000.0
2026-08-20 15:59:00,ZNG.V,,0.8199999928474426,0.8199999928474426,0.8199999928474426,0.8199999928474426,1000.0
