Datetime,Ticker,Adj Close,Close,High,Low,Open,Volume
2026-09-08 09:30:00,AAZ.V,,0.03999999910593033,0.03999999910593033,0.03999999910593033,0.03999999910593033,0.0
2026-09-08 09:30:00,ABI.V,,0.08500000089406967,0.08500000089406967,0.08500000089406967,0.08500000089406967,0.0
2026-09-08 09:30:00,ABM.V,,0.20000000298023224,0.20000000298023224,0.20000000298023224,0.20000000298023224,0.0
2026-09-08 09:30:00,ABR.V,,0.0949999988079071,0.0949999988079071,0.0949999988079071,0.0949999988079071,0.0
2026-09-08 09:30:00,ADE.V,,0.08500000089406967,0.08500000089406967,0.08500000089406967,0.08500000089406967,0.0
2026-09-08 09:30:00,ADY.V,,0.3149999976158142,0.3149999976158142,0.3149999976158142,0.3149999976158142,0.0
2026-09-08 09:30:00,ADZ.V,,0.20999999344348907,0.20999999344348907,0.19499999284744263,0.19499999284744263,0.0
2026-09-08 09:30:00,AE.V,,1.1699999570846558,1.1699999570846558,1.1699999570846558,1.1699999570846558,0.0
2026-09-08 09:30:00,AEC.V,,5.869999885559082,5.869999885559082,5.869999885559082,5.869999885559082,0.0
2026-09-08 09:30:00,AEMC.V,,0.054999999701976776,0.054999999701976776,0.054999999701976776,0.054999999701976776,0.0
2026-09-08 09:30:00,AEP.V,,0.6299999952316284,0.6299999952316284,0.6299999952316284,0.6299999952316284,0.0
2026-09-08 09:30:00,AFM.V,,1.5299999713897705,1.5499999523162842,1.5299999713897705,1.5499999523162842,0.0
2026-09-08 09:30:00,AIS.V,,0.11999999731779099,0.11999999731779099,0.11999999731779099,0.11999999731779099,0.0
2026-09-08 09:30:00,AIVC.V,,0.19499999284744263,0.19499999284744263,0.19499999284744263,0.19499999284744263,0.0
2026-09-08 09:30:00,ALEX.V,,0.4650000035762787,0.4650000035762787,0.4650000035762787,0.4650000035762787,0.0
2026-09-08 09:30:00,ALM.V,,0.3100000023841858,0.3100000023841858,0.3100000023841858,0.3100000023841858,0.0
2026-09-08 09:30:00,AMX.V,,4.400000095367432,4.409999847412109,4.400000095367432,4.409999847412109,0.0
2026-09-08 09:30:00,ARIC.V,,0.7799999713897705,0.7799999713897705,0.7799999713897705,0.7799999713897705,0.0
2026-09-08 09:30:00,ARK.V,,1.5499999523162842,1.5499999523162842,1.5499999523162842,1.5499999523162842,0.0
2026-09-08 09:30:00,ARU.V,,0.19499999284744263,0.19499999284744263,0.19499999284744263,0.19499999284744263,0.0
2026-09-08 09:30:00,ASG.V,,0.18000000715255737,0.18000000715255737,0.18000000715255737,0.18000000715255737,0.0
2026-09-08 09:30:00,ASTR.V,,0.42500001192092896,0.42500001192092896,0.42500001192092896,0.42500001192092896,0.0
2026-09-08 09:30:00,ATOM.V,,0.029999999329447746,0.029999999329447746,0.029999999329447746,0.029999999329447746,0.0
2026-09-08 09:30:00,ATR-P.V,,0.09000000357627869,0.09000000357627869,0.09000000357627869,0.09000000357627869,0.0
2026-09-08 09:30:00,ATY.V,,0.2150000035762787,0.2150000035762787,0.2150000035762787,0.2150000035762787,0.0
2026-09-08 09:30:00,AUGC.V,,0.1899999976158142,0.1899999976158142,0.1899999976158142,0.1899999976158142,0.0
2026-09-08 09:30:00,AUR-H.V,,0.02500000037252903,0.02500000037252903,0.02500000037252903,0.02500000037252903,0.0
2026-09-08 09:30:00,AUUA.V,,3.5299999713897705,3.5299999713897705,3.5299999713897705,3.5299999713897705,0.0
2026-09-08 09:30:00,AUX.V,,0.17000000178813934,0.17000000178813934,0.17000000178813934,0.17000000178813934,0.0
2026-09-08 09:30:00,AVCR.V,,0.07500000298023224,0.07500000298023224,0.07500000298023224,0.07500000298023224,0.0
2026-09-08 09:30:00,AXE.V,,0.0949999988079071,0.0949999988079071,0.0949999988079071,0.0949999988079071,0.0
2026-09-08 09:30:00,AXL.V,,0.5799999833106995,0.5799999833106995,0.5799999833106995,0.5799999833106995,0.0
2026-09-08 09:30:00,AZM.V,,0.5899999737739563,0.5899999737739563,0.5899999737739563,0.5899999737739563,0.0
2026-09-08 09:30:00,AZR.V,,0.18000000715255737,0.18000000715255737,0.18000000715255737,0.18000000715255737,0.0
2026-09-08 09:30:00,AZT.V,,0.3799999952316284,0.3799999952316284,0.3799999952316284,0.3799999952316284,0.0
2026-09-08 09:30:00,B.V,,0.7599999904632568,0.7599999904632568,0.7599999904632568,0.7599999904632568,0.0
2026-09-08 09:30:00,BAY.V,,0.04500000178813934,0.04500000178813934,0.04500000178813934,0.04500000178813934,0.0
2026-09-08 09:30:00,BBB.V,,0.6600000262260437,0.6600000262260437,0.6499999761581421,0.6499999761581421,0.0
2026-09-08 09:30:00,BCF.V,,9.880000114440918,9.880000114440918,9.880000114440918,9.880000114440918,0.0
2026-09-08 09:30:00,BEX.V,,0.11999999731779099,0.11999999731779099,0.11999999731779099,0.11999999731779099,0.0
2026-09-08 09:30:00,BFM.V,,0.11999999731779099,0.11999999731779099,0.11999999731779099,0.11999999731779099,0.0
2026-09-08 09:30:00,BGF.V,,0.03500000014901161,0.03500000014901161,0.03500000014901161,0.03500000014901161,0.0
2026-09-08 09:30:00,BHS.V,,0.06499999761581421,0.06499999761581421,0.06499999761581421,0.06499999761581421,0.0
2026-09-08 09:30:00,BIGT.V,,0.014999999664723873,0.014999999664723873,0.014999999664723873,0.014999999664723873,0.0
2026-09-08 09:30:00,BOL.V,,0.07000000029802322,0.07000000029802322,0.07000000029802322,0.07000000029802322,0.0
2026-09-08 09:30:00,BONE.V,,0.03999999910593033,0.03999999910593033,0.03999999910593033,0.03999999910593033,0.0
2026-09-08 09:30:00,BRVO.V,,3.25,3.299999952316284,3.25,3.299999952316284,0.0
2026-09-08 09:30:00,BRW.V,,0.13500000536441803,0.13500000536441803,0.13500000536441803,0.13500000536441803,0.0
2026-09-08 09:30:00,BSK.V,,0.05000000074505806,0.05000000074505806,0.05000000074505806,0.05000000074505806,0.0
2026-09-08 09:30:00,BTR.V,,0.14499999582767487,0.14499999582767487,0.14499999582767487,0.14499999582767487,0.0
2026-09-08 09:30:00,BYN.V,,1.9600000381469727,2.0,1.9500000476837158,2.0,0.0
2026-09-08 09:30:00,CAD.V,,2.3299999237060547,2.3499999046325684,2.3299999237060547,2.3499999046325684,0.0
2026-09-08 09:30:00,CANX.V,,0.4000000059604645,0.4000000059604645,0.4000000059604645,0.4000000059604645,0.0
2026-09-08 09:30:00,CAPT.V,,1.9900000095367432,1.9900000095367432,1.9900000095367432,1.9900000095367432,0.0
2026-09-08 09:30:00,CBLU.V,,0.05000000074505806,0.05000000074505806,0.05000000074505806,0.05000000074505806,0.0
2026-09-08 09:30:00,CCCM.V,,0.699999988079071,0.699999988079071,0.699999988079071,0.699999988079071,0.0
2026-09-08 09:30:00,CCD.V,,0.014999999664723873,0.014999999664723873,0.014999999664723873,0.014999999664723873,0.0
2026-09-08 09:30:00,CCMI.V,,0.03500000014901161,0.03500000014901161,0.03500000014901161,0.03500000014901161,0.0
2026-09-08 09:30:00,CEI.V,,0.7099999785423279,0.7099999785423279,0.7099999785423279,0.7099999785423279,0.0
2026-09-08 09:30:00,CERT.V,,2.7200000286102295,2.7200000286102295,2.700000047683716,2.700000047683716,0.0
2026-09-08 09:30:00,CES-P.V,,0.09000000357627869,0.09000000357627869,0.09000000357627869,0.09000000357627869,0.0
2026-09-08 09:30:00,CH.V,,0.1550000011920929,0.1550000011920929,0.1550000011920929,0.1550000011920929,0.0
2026-09-08 09:30:00,CLZ.V,,0.04500000178813934,0.04500000178813934,0.04500000178813934,0.04500000178813934,0.0
2026-09-08 09:30:00,CN.V,,0.16500000655651093,0.16500000655651093,0.16500000655651093,0.16500000655651093,0.0
2026-09-08 09:30:00,CNC.V,,1.4600000381469727,1.4600000381469727,1.4500000476837158,1.4500000476837158,0.0
2026-09-08 09:30:00,COCO.V,,0.3199999928474426,0.3199999928474426,0.30000001192092896,0.30000001192092896,0.0
2026-09-08 09:30:00,CONE.V,,0.05999999865889549,0.05999999865889549,0.05999999865889549,0.05999999865889549,0.0
2026-09-08 09:30:00,COR.V,,0.4000000059604645,0.4000000059604645,0.4000000059604645,0.4000000059604645,0.0
2026-09-08 09:30:00,COV.V,,3.319999933242798,3.319999933242798,3.319999933242798,3.319999933242798,0.0
2026-09-08 09:30:00,CPER.V,,0.03500000014901161,0.03500000014901161,0.03500000014901161,0.03500000014901161,0.0
2026-09-08 09:30:00,CPL.V,,0.20999999344348907,0.20999999344348907,0.20999999344348907,0.20999999344348907,0.0
2026-09-08 09:30:00,CPS.V,,0.07500000298023224,0.07500000298023224,0.07500000298023224,0.07500000298023224,0.0
2026-09-08 09:30:00,CRD.V,,0.054999999701976776,0.054999999701976776,0.054999999701976776,0.054999999701976776,0.0
2026-09-08 09:30:00,CRI.V,,0.05000000074505806,0.05000000074505806,0.05000000074505806,0.05000000074505806,0.0
2026-09-08 09:30:00,CSX.V,,0.07000000029802322,0.07000000029802322,0.07000000029802322,0.07000000029802322,0.0
2026-09-08 09:30:00,CTH.V,,1.350000023841858,1.350000023841858,1.340000033378601,1.340000033378601,0.0
2026-09-08 09:30:00,CTRL.V,,0.41499999165534973,0.41499999165534973,0.41499999165534973,0.41499999165534973,0.0
2026-09-08 09:30:00,CUU.V,,0.6800000071525574,0.7099999785423279,0.6800000071525574,0.7099999785423279,0.0
2026-09-08 09:30:00,CVV.V,,0.3799999952316284,0.3799999952316284,0.3799999952316284,0.3799999952316284,0.0
2026-09-08 09:30:00,CVW.V,,0.7699999809265137,0.7699999809265137,0.7699999809265137,0.7699999809265137,0.0
2026-09-08 09:30:00,CYBE.V,,2.180000066757202,2.180000066757202,2.180000066757202,2.180000066757202,0.0
2026-09-08 09:30:00,CYM.V,,0.10000000149011612,0.10000000149011612,0.10000000149011612,0.10000000149011612,0.0
2026-09-08 09:30:00,DB.V,,1.7999999523162842,1.7999999523162842,1.7999999523162842,1.7999999523162842,0.0
2026-09-08 09:30:00,DBG.V,,1.7899999618530273,1.7899999618530273,1.7799999713897705,1.7799999713897705,0.0
2026-09-08 09:30:00,DCOP.V,,0.10000000149011612,0.10000000149011612,0.0949999988079071,0.0949999988079071,0.0
2026-09-08 09:30:00,DE.V,,8.369999885559082,8.369999885559082,8.369999885559082,8.369999885559082,0.0
2026-09-08 09:30:00,DEC.V,,0.19499999284744263,0.19750000536441803,0.19499999284744263,0.19499999284744263,0.0
2026-09-08 09:30:00,DHB.V,,0.10999999940395355,0.10999999940395355,0.10999999940395355,0.10999999940395355,0.0
2026-09-08 09:30:00,DLP.V,,0.36000001430511475,0.36000001430511475,0.36000001430511475,0.36000001430511475,0.0
2026-09-08 09:30:00,DLTA.V,,0.23999999463558197,0.23999999463558197,0.23999999463558197,0.23999999463558197,0.0
2026-09-08 09:30:00,DM.V,,0.03500000014901161,0.03500000014901161,0.03500000014901161,0.03500000014901161,0.0
2026-09-08 09:30:00,DME.V,,0.1850000023841858,0.1850000023841858,0.1850000023841858,0.1850000023841858,0.0
2026-09-08 09:30:00,DMGI.V,,0.5600000023841858,0.5600000023841858,0.5600000023841858,0.5600000023841858,0.0
2026-09-08 09:30:00,DMX.V,,0.5699999928474426,0.5699999928474426,0.5699999928474426,0.5699999928474426,0.0
2026-09-08 09:30:00,EAM.V,,0.07000000029802322,0.07000000029802322,0.07000000029802322,0.07000000029802322,0.0
2026-09-08 09:30:00,EBM.V,,1.8799999952316284,1.8899999856948853,1.7999999523162842,1.7999999523162842,0.0
2026-09-08 09:30:00,ECOM.V,,0.08500000089406967,0.08500000089406967,0.08500000089406967,0.08500000089406967,0.0
2026-09-08 09:30:00,ECR.V,,0.3199999928474426,0.3199999928474426,0.3100000023841858,0.3149999976158142,0.0
2026-09-08 09:30:00,ECU.V,,1.7899999618530273,1.7899999618530273,1.7899999618530273,1.7899999618530273,0.0
2026-09-08 09:30:00,EDG.V,,0.550000011920929,0.550000011920929,0.5400000214576721,0.5400000214576721,0.0
2026-09-08 09:30:00,EDM.V,,0.7799999713897705,0.7799999713897705,0.7799999713897705,0.7799999713897705,0.0
2026-09-08 09:30:00,EGM.V,,0.10000000149011612,0.10000000149011612,0.10000000149011612,0.10000000149011612,0.0
2026-09-08 09:30:00,ELC.V,,0.6000000238418579,0.6000000238418579,0.6000000238418579,0.6000000238418579,0.0
2026-09-08 09:30:00,EML.V,,0.2199999988079071,0.2199999988079071,0.2199999988079071,0.2199999988079071,0.0
2026-09-08 09:30:00,EMO.V,,0.35499998927116394,0.35499998927116394,0.3449999988079071,0.3449999988079071,0.0
2026-09-08 09:30:00,EMPR.V,,0.949999988079071,0.949999988079071,0.949999988079071,0.949999988079071,0.0
2026-09-08 09:30:00,ENDR.V,,0.13500000536441803,0.13500000536441803,0.13500000536441803,0.13500000536441803,0.0
2026-09-08 09:30:00,ENW.V,,0.22499999403953552,0.22499999403953552,0.22499999403953552,0.22499999403953552,0.0
2026-09-08 09:30:00,EOG.V,,0.8500000238418579,0.8500000238418579,0.8500000238418579,0.8500000238418579,0.0
2026-09-08 09:30:00,EPL.V,,0.1899999976158142,0.1899999976158142,0.1899999976158142,0.1899999976158142,0.0
2026-09-08 09:30:00,EQ.V,,0.9599999785423279,0.9599999785423279,0.9599999785423279,0.9599999785423279,0.0
2026-09-08 09:30:00,ETF.V,,0.03999999910593033,0.03999999910593033,0.03999999910593033,0.03999999910593033,0.0
2026-09-08 09:30:00,ETL.V,,1.0399999618530273,1.0399999618530273,1.0,1.0,0.0
2026-09-08 09:30:00,EU.V,,1.7000000476837158,1.7100000381469727,1.6799999475479126,1.6799999475479126,0.0
2026-09-08 09:30:00,KORE.V,,0.1850000023841858,0.1850000023841858,0.1850000023841858,0.1850000023841858,0.0
2026-09-08 09:30:00,LCE.V,,0.23999999463558197,0.23999999463558197,0.23999999463558197,0.23999999463558197,0.0
2026-09-08 09:30:00,LI.V,,0.4650000035762787,0.4650000035762787,0.4650000035762787,0.4650000035762787,0.0
2026-09-08 09:30:00,LIT.V,,0.09000000357627869,0.09000000357627869,0.09000000357627869,0.09000000357627869,0.0
2026-09-08 09:30:00,MKT.V,,0.3449999988079071,0.3449999988079071,0.3449999988079071,0.3449999988079071,0.0
2026-09-08 09:30:00,MOON.V,,8.760000228881836,8.760000228881836,8.649999618530273,8.649999618530273,0.0
2026-09-08 09:30:00,OYL.V,,0.1850000023841858,0.1850000023841858,0.1850000023841858,0.1850000023841858,0.0
2026-09-08 09:30:00,PERU.V,,0.07999999821186066,0.07999999821186066,0.07999999821186066,0.07999999821186066,0.0
2026-09-08 09:30:00,REE.V,,0.029999999329447746,0.029999999329447746,0.029999999329447746,0.029999999329447746,0.0
2026-09-08 09:30:00,ROX.V,,0.054999999701976776,0.054999999701976776,0.054999999701976776,0.054999999701976776,0.0
2026-09-08 09:30:00,RUSH.V,,0.15000000596046448,0.15000000596046448,0.15000000596046448,0.15000000596046448,0.0
2026-09-08 09:30:00,SPOT.V,,0.32499998807907104,0.32499998807907104,0.32499998807907104,0.32499998807907104,0.0
2026-09-08 09:30:00,SWAN.V,,0.9800000190734863,0.9800000190734863,0.9800000190734863,0.9800000190734863,0.0
2026-09-08 09:30:00,TAU.V,,3.5199999809265137,3.5199999809265137,3.5199999809265137,3.5199999809265137,0.0
2026-09-08 09:30:00,YES.V,,0.27000001072883606,0.27000001072883606,0.27000001072883606,0.27000001072883606,0.0
2026-09-08 09:30:00,YFI.V,,0.03999999910593033,0.03999999910593033,0.03999999910593033,0.03999999910593033,0.0
2026-09-08 09:31:00,AEC.V,,5.900000095367432,5.900000095367432,5.889999866485596,5.900000095367432,700.0
2026-09-08 09:31:00,AFM.V,,1.5199999809265137,1.524999976158142,1.5099999904632568,1.524999976158142,4400.0
2026-09-08 09:31:00,AMX.V,,4.400000095367432,4.400000095367432,4.400000095367432,4.400000095367432,605.0
2026-09-08 09:31:00,ASTR.V,,0.41999998688697815,0.41999998688697815,0.41999998688697815,0.41999998688697815,5000.0
2026-09-08 09:31:00,AXL.V,,0.5899999737739563,0.5899999737739563,0.5899999737739563,0.5899999737739563,11000.0
2026-09-08 09:31:00,B.V,,0.7699999809265137,0.7699999809265137,0.7699999809265137,0.7699999809265137,4000.0
2026-09-08 09:31:00,BTR.V,,0.14000000059604645,0.14000000059604645,0.14000000059604645,0.14000000059604645,24000.0
2026-09-08 09:31:00,BYN.V,,1.9800000190734863,1.9800000190734863,1.9500000476837158,1.9500000476837158,17590.0
2026-09-08 09:31:00,CAD.V,,2.309999942779541,2.309999942779541,2.309999942779541,2.309999942779541,500.0
2026-09-08 09:31:00,CANX.V,,0.4000000059604645,0.4000000059604645,0.4000000059604645,0.4000000059604645,45500.0
2026-09-08 09:31:00,CCD.V,,0.019999999552965164,0.019999999552965164,0.019999999552965164,0.019999999552965164,10000.0
2026-09-08 09:31:00,CERT.V,,2.7300000190734863,2.7300000190734863,2.7200000286102295,2.7200000286102295,6300.0
2026-09-08 09:31:00,CNC.V,,1.4500000476837158,1.4550000429153442,1.4500000476837158,1.4500000476837158,16400.0
2026-09-08 09:31:00,COR.V,,0.4000000059604645,0.4000000059604645,0.4000000059604645,0.4000000059604645,4500.0
2026-09-08 09:31:00,DEC.V,,0.19499999284744263,0.20000000298023224,0.19499999284744263,0.19750000536441803,30000.0
2026-09-08 09:31:00,EDM.V,,0.7799999713897705,0.7799999713897705,0.7799999713897705,0.7799999713897705,4000.0
2026-09-08 09:31:00,ETL.V,,1.0399999618530273,1.0399999618530273,1.0399999618530273,1.0399999618530273,200.0
2026-09-08 09:31:00,EU.V,,1.690000057220459,1.7000000476837158,1.690000057220459,1.7000000476837158,8000.0
2026-09-08 09:31:00,MOON.V,,8.970000267028809,8.970000267028809,8.880000114440918,8.880000114440918,802.0
2026-09-08 09:32:00,AFM.V,,1.5199999809265137,1.5399999618530273,1.5199999809265137,1.5199999809265137,67800.0
2026-09-08 09:32:00,AXL.V,,0.5899999737739563,0.5899999737739563,0.5899999737739563,0.5899999737739563,2600.0
2026-09-08 09:32:00,BBB.V,,0.6700000166893005,0.6700000166893005,0.6700000166893005,0.6700000166893005,11501.0
2026-09-08 09:32:00,BRW.V,,0.13500000536441803,0.13500000536441803,0.13500000536441803,0.13500000536441803,2975.0
2026-09-08 09:32:00,CAD.V,,2.299999952316284,2.299999952316284,2.299999952316284,2.299999952316284,1000.0
2026-09-08 09:32:00,CERT.V,,2.740000009536743,2.740000009536743,2.740000009536743,2.740000009536743,1300.0
2026-09-08 09:32:00,CLUS.V,,0.054999999701976776,0.054999999701976776,0.054999999701976776,0.054999999701976776,0.0
2026-09-08 09:32:00,CNC.V,,1.4500000476837158,1.4500000476837158,1.4500000476837158,1.4500000476837158,3400.0
2026-09-08 09:32:00,COR.V,,0.4000000059604645,0.4000000059604645,0.4000000059604645,0.4000000059604645,1180.0
2026-09-08 09:32:00,COV.V,,3.4000000953674316,3.4000000953674316,3.390000104904175,3.390000104904175,1500.0
2026-09-08 09:32:00,DBG.V,,1.7999999523162842,1.7999999523162842,1.7899999618530273,1.7899999618530273,9247.0
2026-09-08 09:32:00,ECU.V,,1.7999999523162842,1.7999999523162842,1.7999999523162842,1.7999999523162842,300.0
2026-09-08 09:32:00,MOON.V,,8.869999885559082,8.979999542236328,8.8100004196167,8.979999542236328,4500.0
2026-09-08 09:32:00,YES.V,,0.26499998569488525,0.26499998569488525,0.26499998569488525,0.26499998569488525,1000.0
2026-09-08 09:33:00,AE.V,,1.1799999475479126,1.1799999475479126,1.1799999475479126,1.1799999475479126,5000.0
2026-09-08 09:33:00,AEMC.V,,0.05000000074505806,0.05000000074505806,0.05000000074505806,0.05000000074505806,11000.0
2026-09-08 09:33:00,AFM.V,,1.5199999809265137,1.5199999809265137,1.5199999809265137,1.5199999809265137,2000.0
2026-09-08 09:33:00,AXL.V,,0.6000000238418579,0.6000000238418579,0.6000000238418579,0.6000000238418579,965.0
2026-09-08 09:33:00,B.V,,0.7699999809265137,0.7699999809265137,0.7699999809265137,0.7699999809265137,4100.0
2026-09-08 09:33:00,BLM.V,,0.9900000095367432,0.9900000095367432,0.8999999761581421,0.8999999761581421,0.0
2026-09-08 09:33:00,CERT.V,,2.7300000190734863,2.7300000190734863,2.7300000190734863,2.7300000190734863,1000.0
2026-09-08 09:33:00,CNC.V,,1.4500000476837158,1.4500000476837158,1.4500000476837158,1.4500000476837158,28300.0
2026-09-08 09:33:00,COV.V,,3.4000000953674316,3.4000000953674316,3.4000000953674316,3.4000000953674316,5960.0
2026-09-08 09:33:00,DB.V,,1.7999999523162842,1.7999999523162842,1.7999999523162842,1.7999999523162842,300.0
2026-09-08 09:33:00,DE.V,,8.15999984741211,8.15999984741211,8.15999984741211,8.15999984741211,1729.0
2026-09-08 09:33:00,DEC.V,,0.20000000298023224,0.20000000298023224,0.20000000298023224,0.20000000298023224,11500.0
2026-09-08 09:33:00,DEF.V,,0.20499999821186066,0.20499999821186066,0.20499999821186066,0.20499999821186066,0.0
2026-09-08 09:33:00,ECR.V,,0.3149999976158142,0.3149999976158142,0.3149999976158142,0.3149999976158142,3500.0
2026-09-08 09:33:00,EMO.V,,0.3499999940395355,0.3499999940395355,0.3499999940395355,0.3499999940395355,3000.0
2026-09-08 09:33:00,EMPR.V,,0.9399999976158142,0.9449999928474426,0.9399999976158142,0.9449999928474426,10000.0
2026-09-08 09:33:00,MOON.V,,8.800000190734863,8.869999885559082,8.789999961853027,8.869999885559082,26780.0
2026-09-08 09:33:00,YFI.V,,0.03999999910593033,0.03999999910593033,0.03999999910593033,0.03999999910593033,47000.0
2026-09-08 09:34:00,AFM.V,,1.5199999809265137,1.5199999809265137,1.5199999809265137,1.5199999809265137,16800.0
2026-09-08 09:34:00,AMX.V,,4.440000057220459,4.440000057220459,4.429999828338623,4.440000057220459,800.0
2026-09-08 09:34:00,B.V,,0.7699999809265137,0.7699999809265137,0.7699999809265137,0.7699999809265137,3000.0
2026-09-08 09:34:00,BVA.V,,1.2100000381469727,1.2100000381469727,1.2100000381469727,1.2100000381469727,0.0
2026-09-08 09:34:00,CERT.V,,2.700000047683716,2.7200000286102295,2.700000047683716,2.7200000286102295,22303.0
2026-09-08 09:34:00,COV.V,,3.450000047683716,3.450000047683716,3.440000057220459,3.450000047683716,700.0
2026-09-08 09:34:00,DE.V,,8.149999618530273,8.149999618530273,8.149999618530273,8.149999618530273,207.0
2026-09-08 09:34:00,DEC.V,,0.20000000298023224,0.20000000298023224,0.20000000298023224,0.20000000298023224,16000.0
2026-09-08 09:34:00,ECU.V,,1.7999999523162842,1.7999999523162842,1.7999999523162842,1.7999999523162842,200.0
2026-09-08 09:34:00,EMO.V,,0.35499998927116394,0.35499998927116394,0.35499998927116394,0.35499998927116394,12500.0
2026-09-08 09:34:00,EU.V,,1.7300000190734863,1.7300000190734863,1.7300000190734863,1.7300000190734863,100.0
2026-09-08 09:34:00,MOON.V,,8.859999656677246,8.859999656677246,8.800000190734863,8.800000190734863,3200.0
2026-09-08 09:34:00,YES.V,,0.26499998569488525,0.26499998569488525,0.26499998569488525,0.26499998569488525,3500.0
2026-09-08 09:35:00,BYN.V,,1.9900000095367432,1.9900000095367432,1.9900000095367432,1.9900000095367432,1100.0
2026-09-08 09:35:00,CCCM.V,,0.6949999928474426,0.6949999928474426,0.6949999928474426,0.6949999928474426,500.0
2026-09-08 09:35:00,CERT.V,,2.680000066757202,2.690000057220459,2.680000066757202,2.690000057220459,78600.0
2026-09-08 09:35:00,CNC.V,,1.4500000476837158,1.4500000476837158,1.4500000476837158,1.4500000476837158,4000.0
2026-09-08 09:35:00,DEC.V,,0.20499999821186066,0.20499999821186066,0.20000000298023224,0.20000000298023224,48500.0
2026-09-08 09:35:00,DMGI.V,,0.550000011920929,0.550000011920929,0.550000011920929,0.550000011920929,7960.0
2026-09-08 09:35:00,EMPR.V,,0.9399999976158142,0.9399999976158142,0.9399999976158142,0.9399999976158142,4533.0
2026-09-08 09:35:00,EOG.V,,0.8450000286102295,0.8500000238418579,0.8450000286102295,0.8450000286102295,8500.0
2026-09-08 09:35:00,EU.V,,1.7200000286102295,1.7200000286102295,1.7200000286102295,1.7200000286102295,300.0
2026-09-08 09:35:00,TAU.V,,3.569999933242798,3.5999999046325684,3.569999933242798,3.5799999237060547,12000.0
2026-09-08 09:36:00,ATY.V,,0.22499999403953552,0.22499999403953552,0.22499999403953552,0.22499999403953552,500.0
2026-09-08 09:36:00,AUAU.V,,0.75,0.75,0.75,0.75,0.0
2026-09-08 09:36:00,AXL.V,,0.6000000238418579,0.6000000238418579,0.6000000238418579,0.6000000238418579,500.0
2026-09-08 09:36:00,B.V,,0.7599999904632568,0.7599999904632568,0.7599999904632568,0.7599999904632568,1000.0
2026-09-08 09:36:00,BYN.V,,1.9900000095367432,1.9900000095367432,1.9900000095367432,1.9900000095367432,500.0
2026-09-08 09:36:00,CERT.V,,2.690000057220459,2.690000057220459,2.680000066757202,2.680000066757202,6200.0
2026-09-08 09:36:00,CN.V,,0.16500000655651093,0.16500000655651093,0.16500000655651093,0.16500000655651093,1000.0
2026-09-08 09:36:00,CNC.V,,1.4500000476837158,1.4500000476837158,1.4500000476837158,1.4500000476837158,2100.0
2026-09-08 09:36:00,CVV.V,,0.3799999952316284,0.3799999952316284,0.3799999952316284,0.3799999952316284,500.0
2026-09-08 09:36:00,DEC.V,,0.20000000298023224,0.20000000298023224,0.20000000298023224,0.20000000298023224,32500.0
2026-09-08 09:36:00,DLP.V,,0.3499999940395355,0.3499999940395355,0.3499999940395355,0.3499999940395355,1500.0
2026-09-08 09:36:00,EU.V,,1.7200000286102295,1.7200000286102295,1.7200000286102295,1.7200000286102295,1500.0
2026-09-08 09:36:00,MOON.V,,8.829999923706055,8.869999885559082,8.829999923706055,8.864999771118164,4200.0
2026-09-08 09:36:00,SPOT.V,,0.32499998807907104,0.32499998807907104,0.32499998807907104,0.32499998807907104,1500.0
2026-09-08 09:36:00,TAU.V,,3.609999895095825,3.609999895095825,3.5999999046325684,3.5999999046325684,20000.0
2026-09-08 09:37:00,BYN.V,,1.9800000190734863,1.9800000190734863,1.9800000190734863,1.9800000190734863,100.0
2026-09-08 09:37:00,CCD.V,,0.019999999552965164,0.019999999552965164,0.019999999552965164,0.019999999552965164,10000.0
2026-09-08 09:37:00,CVV.V,,0.375,0.375,0.375,0.375,500.0
2026-09-08 09:37:00,CYBE.V,,2.1500000953674316,2.1500000953674316,2.1500000953674316,2.1500000953674316,1000.0
2026-09-08 09:37:00,DEC.V,,0.20000000298023224,0.20000000298023224,0.20000000298023224,0.20000000298023224,3000.0
2026-09-08 09:37:00,DMGI.V,,0.550000011920929,0.550000011920929,0.550000011920929,0.550000011920929,35000.0
2026-09-08 09:37:00,EDDY.V,,0.07000000029802322,0.07000000029802322,0.07000000029802322,0.07000000029802322,0.0
2026-09-08 09:37:00,EU.V,,1.7200000286102295,1.7200000286102295,1.7200000286102295,1.7200000286102295,100.0
2026-09-08 09:37:00,MOON.V,,8.84000015258789,8.84000015258789,8.84000015258789,8.84000015258789,100.0
2026-09-08 09:37:00,TAU.V,,3.609999895095825,3.619999885559082,3.609999895095825,3.609999895095825,300.0
2026-09-08 09:38:00,CERT.V,,2.700000047683716,2.7100000381469727,2.690000057220459,2.690000057220459,8900.0
2026-09-08 09:38:00,CNC.V,,1.4500000476837158,1.4500000476837158,1.4500000476837158,1.4500000476837158,2100.0
2026-09-08 09:38:00,DEC.V,,0.20000000298023224,0.20000000298023224,0.20000000298023224,0.20000000298023224,7184.0
2026-09-08 09:38:00,EOG.V,,0.8500000238418579,0.8500000238418579,0.8450000286102295,0.8450000286102295,5000.0
2026-09-08 09:38:00,EU.V,,1.7200000286102295,1.7200000286102295,1.7200000286102295,1.7200000286102295,100.0
2026-09-08 09:38:00,MOON.V,,8.789999961853027,8.829999923706055,8.789999961853027,8.829999923706055,4500.0
2026-09-08 09:38:00,TAU.V,,3.609999895095825,3.609999895095825,3.609999895095825,3.609999895095825,200.0
2026-09-08 09:39:00,AEC.V,,5.920000076293945,5.940000057220459,5.920000076293945,5.940000057220459,200.0
2026-09-08 09:39:00,AFM.V,,1.5099999904632568,1.5099999904632568,1.5099999904632568,1.5099999904632568,11322.0
2026-09-08 09:39:00,AUUA.V,,3.5,3.509999990463257,3.5,3.509999990463257,9400.0
2026-09-08 09:39:00,AXL.V,,0.6000000238418579,0.6000000238418579,0.6000000238418579,0.6000000238418579,500.0
2026-09-08 09:39:00,B.V,,0.7599999904632568,0.7599999904632568,0.7599999904632568,0.7599999904632568,4000.0
2026-09-08 09:39:00,BYN.V,,1.9800000190734863,1.9900000095367432,1.9800000190734863,1.9900000095367432,5830.0
2026-09-08 09:39:00,CAD.V,,2.25,2.2799999713897705,2.25,2.2799999713897705,2200.0
2026-09-08 09:39:00,CERT.V,,2.7200000286102295,2.7200000286102295,2.7100000381469727,2.7100000381469727,1200.0
2026-09-08 09:39:00,CNC.V,,1.4500000476837158,1.4500000476837158,1.4500000476837158,1.4500000476837158,13862.0
2026-09-08 09:39:00,COV.V,,3.4200000762939453,3.4200000762939453,3.4200000762939453,3.4200000762939453,200.0
2026-09-08 09:39:00,CPL.V,,0.2199999988079071,0.2199999988079071,0.2199999988079071,0.2199999988079071,1000.0
2026-09-08 09:39:00,DEC.V,,0.20000000298023224,0.20000000298023224,0.20000000298023224,0.20000000298023224,9500.0
2026-09-08 09:39:00,DEF.V,,0.20499999821186066,0.20499999821186066,0.20499999821186066,0.20499999821186066,5000.0
2026-09-08 09:39:00,DLP.V,,0.36500000953674316,0.36500000953674316,0.36500000953674316,0.36500000953674316,1500.0
2026-09-08 09:39:00,ECR.V,,0.3149999976158142,0.3149999976158142,0.3149999976158142,0.3149999976158142,2500.0
2026-09-08 09:39:00,EU.V,,1.7100000381469727,1.7100000381469727,1.7100000381469727,1.7100000381469727,200.0
2026-09-08 09:39:00,MOON.V,,8.829999923706055,8.829999923706055,8.829999923706055,8.829999923706055,1000.0
2026-09-08 09:39:00,SWAN.V,,0.9800000190734863,0.9800000190734863,0.9800000190734863,0.9800000190734863,500.0
2026-09-08 09:39:00,TAU.V,,3.609999895095825,3.609999895095825,3.6050000190734863,3.609999895095825,1100.0
2026-09-08 09:40:00,AFM.V,,1.5,1.5,1.5,1.5,14194.0
2026-09-08 09:40:00,AMX.V,,4.440000057220459,4.440000057220459,4.440000057220459,4.440000057220459,300.0
2026-09-08 09:40:00,AUUA.V,,3.5,3.509999990463257,3.5,3.509999990463257,9600.0
2026-09-08 09:40:00,BYN.V,,1.9700000286102295,1.9700000286102295,1.9700000286102295,1.9700000286102295,200.0
2026-09-08 09:40:00,CERT.V,,2.7200000286102295,2.7300000190734863,2.7200000286102295,2.7200000286102295,10200.0
2026-09-08 09:40:00,CNC.V,,1.4500000476837158,1.4500000476837158,1.4500000476837158,1.4500000476837158,1100.0
2026-09-08 09:40:00,CTM.V,,0.13500000536441803,0.13500000536441803,0.12999999523162842,0.13500000536441803,0.0
2026-09-08 09:40:00,CVV.V,,0.375,0.375,0.375,0.375,500.0
2026-09-08 09:40:00,DEC.V,,0.20000000298023224,0.20000000298023224,0.20000000298023224,0.20000000298023224,10000.0
2026-09-08 09:40:00,DMGI.V,,0.5400000214576721,0.5400000214576721,0.5400000214576721,0.5400000214576721,500.0
2026-09-08 09:40:00,ETL.V,,1.0099999904632568,1.0099999904632568,1.0099999904632568,1.0099999904632568,500.0
2026-09-08 09:40:00,TAU.V,,3.6050000190734863,3.6050000190734863,3.5999999046325684,3.5999999046325684,3400.0
2026-09-08 09:41:00,AFM.V,,1.5,1.5,1.5,1.5,14600.0
2026-09-08 09:41:00,BWR.V,,0.009999999776482582,0.009999999776482582,0.009999999776482582,0.009999999776482582,0.0
2026-09-08 09:41:00,CANX.V,,0.4000000059604645,0.4000000059604645,0.4000000059604645,0.4000000059604645,41510.0
2026-09-08 09:41:00,CCD.V,,0.019999999552965164,0.019999999552965164,0.019999999552965164,0.019999999552965164,50000.0
2026-09-08 09:41:00,CERT.V,,2.7300000190734863,2.740000009536743,2.7200000286102295,2.7200000286102295,19200.0
2026-09-08 09:41:00,COV.V,,3.390000104904175,3.390000104904175,3.390000104904175,3.390000104904175,500.0
2026-09-08 09:41:00,EDM.V,,0.7799999713897705,0.7799999713897705,0.7799999713897705,0.7799999713897705,2000.0
2026-09-08 09:41:00,EMNT.V,,0.5099999904632568,0.5099999904632568,0.5099999904632568,0.5099999904632568,0.0
2026-09-08 09:41:00,EMO.V,,0.35499998927116394,0.35499998927116394,0.35499998927116394,0.35499998927116394,2000.0
2026-09-08 09:41:00,LI.V,,0.45500001311302185,0.45500001311302185,0.45500001311302185,0.45500001311302185,4511.0
2026-09-08 09:41:00,TAU.V,,3.5999999046325684,3.619999885559082,3.5899999141693115,3.6050000190734863,6360.0
2026-09-08 09:42:00,AFM.V,,1.5,1.5,1.5,1.5,900.0
2026-09-08 09:42:00,AXL.V,,0.6000000238418579,0.6000000238418579,0.6000000238418579,0.6000000238418579,500.0
2026-09-08 09:42:00,CAD.V,,2.25,2.259999990463257,2.25,2.259999990463257,500.0
2026-09-08 09:42:00,CCD.V,,0.019999999552965164,0.019999999552965164,0.019999999552965164,0.019999999552965164,32000.0
2026-09-08 09:42:00,CERT.V,,2.7300000190734863,2.7300000190734863,2.7300000190734863,2.7300000190734863,500.0
2026-09-08 09:42:00,DMGI.V,,0.5400000214576721,0.5450000166893005,0.5400000214576721,0.5450000166893005,3500.0
2026-09-08 09:42:00,DMX.V,,0.5699999928474426,0.5699999928474426,0.5699999928474426,0.5699999928474426,500.0
2026-09-08 09:42:00,EMPR.V,,0.9300000071525574,0.9300000071525574,0.9300000071525574,0.9300000071525574,3000.0
2026-09-08 09:42:00,EQ.V,,0.9599999785423279,0.9599999785423279,0.949999988079071,0.949999988079071,1500.0
2026-09-08 09:42:00,EU.V,,1.7100000381469727,1.7100000381469727,1.7100000381469727,1.7100000381469727,900.0
2026-09-08 09:42:00,MOON.V,,8.789999961853027,8.800000190734863,8.789999961853027,8.800000190734863,9293.0
2026-09-08 09:42:00,TAU.V,,3.609999895095825,3.609999895095825,3.609999895095825,3.609999895095825,100.0
2026-09-08 09:43:00,AFM.V,,1.5,1.5,1.5,1.5,500.0
2026-09-08 09:43:00,ASTR.V,,0.41999998688697815,0.41999998688697815,0.41999998688697815,0.41999998688697815,600.0
2026-09-08 09:43:00,CAD.V,,2.2699999809265137,2.2699999809265137,2.259999990463257,2.259999990463257,1100.0
2026-09-08 09:43:00,CERT.V,,2.75,2.75,2.740000009536743,2.740000009536743,5100.0
2026-09-08 09:43:00,ECR.V,,0.3149999976158142,0.3149999976158142,0.3149999976158142,0.3149999976158142,500.0
2026-09-08 09:43:00,MOON.V,,8.789999961853027,8.789999961853027,8.710000038146973,8.789999961853027,2300.0
2026-09-08 09:43:00,TAU.V,,3.575000047683716,3.5999999046325684,3.575000047683716,3.5999999046325684,5800.0
2026-09-08 09:44:00,ABM.V,,0.20499999821186066,0.20499999821186066,0.20499999821186066,0.20499999821186066,2500.0
2026-09-08 09:44:00,AFM.V,,1.5,1.5,1.5,1.5,100.0
2026-09-08 09:44:00,AMX.V,,4.449999809265137,4.449999809265137,4.449999809265137,4.449999809265137,500.0
2026-09-08 09:44:00,CERT.V,,2.809999942779541,2.809999942779541,2.7699999809265137,2.7699999809265137,23250.0
2026-09-08 09:44:00,DCOP.V,,0.10499999672174454,0.10499999672174454,0.10499999672174454,0.10499999672174454,13000.0
2026-09-08 09:44:00,EQ.V,,0.9599999785423279,0.9599999785423279,0.9599999785423279,0.9599999785423279,1000.0
2026-09-08 09:44:00,ETL.V,,1.0099999904632568,1.0099999904632568,1.0099999904632568,1.0099999904632568,1200.0
2026-09-08 09:44:00,EU.V,,1.7200000286102295,1.7200000286102295,1.7200000286102295,1.7200000286102295,2300.0
2026-09-08 09:44:00,SWAN.V,,0.9700000286102295,0.9700000286102295,0.9700000286102295,0.9700000286102295,500.0
2026-09-08 09:44:00,TAU.V,,3.575000047683716,3.5799999237060547,3.575000047683716,3.5799999237060547,1000.0
2026-09-08 09:45:00,AMX.V,,4.449999809265137,4.449999809265137,4.449999809265137,4.449999809265137,100.0
2026-09-08 09:45:00,AXL.V,,0.6100000143051147,0.6100000143051147,0.6000000238418579,0.6000000238418579,44054.0
2026-09-08 09:45:00,CCD.V,,0.019999999552965164,0.019999999552965164,0.019999999552965164,0.019999999552965164,68000.0
2026-09-08 09:45:00,CERT.V,,2.8299999237060547,2.8299999237060547,2.799999952316284,2.799999952316284,10375.0
2026-09-08 09:45:00,CKG.V,,3.5,3.5299999713897705,3.5,3.5299999713897705,0.0
2026-09-08 09:45:00,CNC.V,,1.4500000476837158,1.4500000476837158,1.4500000476837158,1.4500000476837158,9600.0
2026-09-08 09:45:00,EML.V,,0.2199999988079071,0.2199999988079071,0.2199999988079071,0.2199999988079071,8000.0
2026-09-08 09:45:00,MOON.V,,8.800000190734863,8.800000190734863,8.779999732971191,8.779999732971191,2400.0
2026-09-08 09:45:00,REE.V,,0.03500000014901161,0.03500000014901161,0.03500000014901161,0.03500000014901161,24000.0
2026-09-08 09:45:00,TAU.V,,3.619999885559082,3.619999885559082,3.5799999237060547,3.5799999237060547,7600.0
2026-09-08 09:46:00,AAN.V,,0.5,0.5,0.5,0.5,0.0
2026-09-08 09:46:00,AE.V,,1.2000000476837158,1.2000000476837158,1.190000057220459,1.190000057220459,15700.0
2026-09-08 09:46:00,ATY.V,,0.22499999403953552,0.22499999403953552,0.22499999403953552,0.22499999403953552,5000.0
2026-09-08 09:46:00,AXL.V,,0.6100000143051147,0.6100000143051147,0.6000000238418579,0.6100000143051147,15000.0
2026-09-08 09:46:00,AZT.V,,0.3799999952316284,0.3799999952316284,0.3799999952316284,0.3799999952316284,4000.0
2026-09-08 09:46:00,BRVO.V,,3.259999990463257,3.259999990463257,3.259999990463257,3.259999990463257,100.0
2026-09-08 09:46:00,BYN.V,,1.9700000286102295,1.9700000286102295,1.9700000286102295,1.9700000286102295,200.0
2026-09-08 09:46:00,CASA.V,,0.07500000298023224,0.07500000298023224,0.07500000298023224,0.07500000298023224,0.0
2026-09-08 09:46:00,CCD.V,,0.019999999552965164,0.019999999552965164,0.019999999552965164,0.019999999552965164,1000.0
2026-09-08 09:46:00,CERT.V,,2.7699999809265137,2.819999933242798,2.759999990463257,2.809999942779541,14700.0
2026-09-08 09:46:00,CH.V,,0.15000000596046448,0.15000000596046448,0.15000000596046448,0.15000000596046448,5500.0
2026-09-08 09:46:00,CKG.V,,3.5,3.5,3.5,3.5,100.0
2026-09-08 09:46:00,DBG.V,,1.7999999523162842,1.7999999523162842,1.7999999523162842,1.7999999523162842,10100.0
2026-09-08 09:46:00,DEC.V,,0.19499999284744263,0.19499999284744263,0.19499999284744263,0.19499999284744263,21500.0
2026-09-08 09:46:00,ECU.V,,1.7999999523162842,1.7999999523162842,1.7999999523162842,1.7999999523162842,4600.0
2026-09-08 09:46:00,EDM.V,,0.7799999713897705,0.7799999713897705,0.7799999713897705,0.7799999713897705,10000.0
2026-09-08 09:46:00,MOON.V,,8.800000190734863,8.800000190734863,8.800000190734863,8.800000190734863,200.0
2026-09-08 09:47:00,AFM.V,,1.5,1.5,1.5,1.5,9100.0
2026-09-08 09:47:00,ARK.V,,1.559999942779541,1.559999942779541,1.5499999523162842,1.5499999523162842,11800.0
2026-09-08 09:47:00,ATY.V,,0.22499999403953552,0.22499999403953552,0.22499999403953552,0.22499999403953552,7000.0
2026-09-08 09:47:00,BRVO.V,,3.2899999618530273,3.2899999618530273,3.2899999618530273,3.2899999618530273,400.0
2026-09-08 09:47:00,BWR.V,,0.009999999776482582,0.009999999776482582,0.009999999776482582,0.009999999776482582,100000.0
2026-09-08 09:47:00,BYN.V,,1.9700000286102295,1.9700000286102295,1.9700000286102295,1.9700000286102295,2545.0
2026-09-08 09:47:00,CAD.V,,2.2699999809265137,2.2799999713897705,2.2699999809265137,2.2799999713897705,2200.0
2026-09-08 09:47:00,EU.V,,1.7300000190734863,1.7300000190734863,1.7300000190734863,1.7300000190734863,4300.0
2026-09-08 09:47:00,MOON.V,,8.789999961853027,8.859999656677246,8.789999961853027,8.800000190734863,1400.0
2026-09-08 09:47:00,TAU.V,,3.5799999237060547,3.5899999141693115,3.5799999237060547,3.5899999141693115,2200.0
2026-09-08 09:48:00,AE.V,,1.2000000476837158,1.2000000476837158,1.2000000476837158,1.2000000476837158,100.0
2026-09-08 09:48:00,AEC.V,,5.900000095367432,5.900000095367432,5.900000095367432,5.900000095367432,200.0
2026-09-08 09:48:00,AXL.V,,0.6100000143051147,0.6100000143051147,0.6100000143051147,0.6100000143051147,500.0
2026-09-08 09:48:00,BRVO.V,,3.299999952316284,3.299999952316284,3.299999952316284,3.299999952316284,100.0
2026-09-08 09:48:00,BRW.V,,0.13500000536441803,0.13500000536441803,0.13500000536441803,0.13500000536441803,500.0
2026-09-08 09:48:00,BYN.V,,1.9800000190734863,1.9800000190734863,1.9800000190734863,1.9800000190734863,100.0
2026-09-08 09:48:00,CERT.V,,2.7799999713897705,2.7799999713897705,2.759999990463257,2.759999990463257,2400.0
2026-09-08 09:48:00,DB.V,,1.7999999523162842,1.7999999523162842,1.7999999523162842,1.7999999523162842,1300.0
2026-09-08 09:48:00,DEC.V,,0.19499999284744263,0.19499999284744263,0.19499999284744263,0.19499999284744263,500.0
2026-09-08 09:48:00,EBM.V,,1.8700000047683716,1.8899999856948853,1.8600000143051147,1.8899999856948853,8400.0
2026-09-08 09:48:00,ECR.V,,0.3149999976158142,0.3149999976158142,0.3149999976158142,0.3149999976158142,500.0
2026-09-08 09:48:00,MOON.V,,8.779999732971191,8.779999732971191,8.770000457763672,8.779999732971191,1300.0
2026-09-08 09:48:00,RUSH.V,,0.16500000655651093,0.16500000655651093,0.16500000655651093,0.16500000655651093,5480.0
2026-09-08 09:49:00,ATY.V,,0.2199999988079071,0.2199999988079071,0.2199999988079071,0.2199999988079071,500.0
2026-09-08 09:49:00,AUUA.V,,3.5,3.5,3.5,3.5,3020.0
2026-09-08 09:49:00,B.V,,0.7599999904632568,0.7599999904632568,0.7599999904632568,0.7599999904632568,2500.0
2026-09-08 09:49:00,BYN.V,,1.9800000190734863,1.9800000190734863,1.9800000190734863,1.9800000190734863,100.0
2026-09-08 09:49:00,CERT.V,,2.7799999713897705,2.7899999618530273,2.7799999713897705,2.7899999618530273,5100.0
2026-09-08 09:49:00,CVV.V,,0.3799999952316284,0.3799999952316284,0.3799999952316284,0.3799999952316284,500.0
2026-09-08 09:49:00,DM.V,,0.03500000014901161,0.03500000014901161,0.03500000014901161,0.03500000014901161,15000.0
2026-09-08 09:49:00,EU.V,,1.7300000190734863,1.7300000190734863,1.7300000190734863,1.7300000190734863,1000.0
2026-09-08 09:49:00,MOON.V,,8.739999771118164,8.739999771118164,8.739999771118164,8.739999771118164,100.0
2026-09-08 09:50:00,AEMC.V,,0.05000000074505806,0.05000000074505806,0.05000000074505806,0.05000000074505806,23000.0
2026-09-08 09:50:00,AXL.V,,0.6100000143051147,0.6100000143051147,0.6100000143051147,0.6100000143051147,4000.0
2026-09-08 09:50:00,BEX.V,,0.10999999940395355,0.10999999940395355,0.10999999940395355,0.10999999940395355,4000.0
2026-09-08 09:50:00,CAD.V,,2.259999990463257,2.259999990463257,2.259999990463257,2.259999990463257,100.0
2026-09-08 09:50:00,CERT.V,,2.7799999713897705,2.7799999713897705,2.7799999713897705,2.7799999713897705,100.0
2026-09-08 09:50:00,ECU.V,,1.7999999523162842,1.7999999523162842,1.7999999523162842,1.7999999523162842,1700.0
2026-09-08 09:50:00,ENA.V,,5.360000133514404,5.360000133514404,5.360000133514404,5.360000133514404,0.0
2026-09-08 09:50:00,EU.V,,1.7300000190734863,1.7300000190734863,1.7300000190734863,1.7300000190734863,100.0
2026-09-08 09:51:00,ABI.V,,0.07999999821186066,0.07999999821186066,0.07999999821186066,0.07999999821186066,178000.0
2026-09-08 09:51:00,AXL.V,,0.6100000143051147,0.6100000143051147,0.6100000143051147,0.6100000143051147,1000.0
2026-09-08 09:51:00,BYN.V,,1.9800000190734863,1.9800000190734863,1.9800000190734863,1.9800000190734863,2700.0
2026-09-08 09:51:00,CANX.V,,0.41499999165534973,0.41499999165534973,0.4099999964237213,0.4099999964237213,55000.0
2026-09-08 09:51:00,CERT.V,,2.75,2.7799999713897705,2.75,2.7799999713897705,600.0
2026-09-08 09:51:00,COV.V,,3.390000104904175,3.390000104904175,3.390000104904175,3.390000104904175,400.0
2026-09-08 09:51:00,CUU.V,,0.6800000071525574,0.6800000071525574,0.6800000071525574,0.6800000071525574,1719.0
2026-09-08 09:51:00,CVV.V,,0.3799999952316284,0.3799999952316284,0.3799999952316284,0.3799999952316284,500.0
2026-09-08 09:51:00,ETL.V,,1.0099999904632568,1.0099999904632568,1.0099999904632568,1.0099999904632568,6000.0
2026-09-08 09:51:00,EU.V,,1.7300000190734863,1.7300000190734863,1.7300000190734863,1.7300000190734863,500.0
2026-09-08 09:51:00,MOON.V,,8.699999809265137,8.729999542236328,8.699999809265137,8.729999542236328,3820.0
2026-09-08 09:52:00,AXL.V,,0.6100000143051147,0.6100000143051147,0.6100000143051147,0.6100000143051147,500.0
2026-09-08 09:52:00,B.V,,0.7599999904632568,0.7599999904632568,0.7599999904632568,0.7599999904632568,3000.0
2026-09-08 09:52:00,BRVO.V,,3.380000114440918,3.380000114440918,3.3299999237060547,3.3299999237060547,1465.0
2026-09-08 09:52:00,BYN.V,,1.9800000190734863,1.9800000190734863,1.9800000190734863,1.9800000190734863,200.0
2026-09-08 09:52:00,CERT.V,,2.759999990463257,2.759999990463257,2.759999990463257,2.759999990463257,3100.0
2026-09-08 09:52:00,CNC.V,,1.4600000381469727,1.4600000381469727,1.4600000381469727,1.4600000381469727,200.0
2026-09-08 09:52:00,DEF.V,,0.20000000298023224,0.20000000298023224,0.20000000298023224,0.20000000298023224,500.0
2026-09-08 09:52:00,MOON.V,,8.670000076293945,8.720000267028809,8.670000076293945,8.710000038146973,800.0
2026-09-08 09:53:00,ABI.V,,0.07999999821186066,0.07999999821186066,0.07999999821186066,0.07999999821186066,7000.0
2026-09-08 09:53:00,AXL.V,,0.6100000143051147,0.6100000143051147,0.6100000143051147,0.6100000143051147,500.0
2026-09-08 09:53:00,AZR.V,,0.17499999701976776,0.17499999701976776,0.17499999701976776,0.17499999701976776,1000.0
2026-09-08 09:53:00,B.V,,0.7599999904632568,0.7599999904632568,0.7599999904632568,0.7599999904632568,500.0
2026-09-08 09:53:00,BYN.V,,1.9800000190734863,1.9800000190734863,1.9800000190734863,1.9800000190734863,1100.0
2026-09-08 09:53:00,CANX.V,,0.41999998688697815,0.41999998688697815,0.41999998688697815,0.41999998688697815,62500.0
2026-09-08 09:53:00,CERT.V,,2.759999990463257,2.759999990463257,2.759999990463257,2.759999990463257,200.0
2026-09-08 09:53:00,CNC.V,,1.4600000381469727,1.4600000381469727,1.4600000381469727,1.4600000381469727,200.0
2026-09-08 09:53:00,CUU.V,,0.6700000166893005,0.6700000166893005,0.6700000166893005,0.6700000166893005,10314.0
2026-09-08 09:53:00,DB.V,,1.7999999523162842,1.7999999523162842,1.7999999523162842,1.7999999523162842,26800.0
2026-09-08 09:53:00,DLTA.V,,0.23999999463558197,0.24500000476837158,0.23999999463558197,0.24500000476837158,13500.0
2026-09-08 09:53:00,EDM.V,,0.7699999809265137,0.7699999809265137,0.7699999809265137,0.7699999809265137,9000.0
2026-09-08 09:53:00,MOON.V,,8.649999618530273,8.649999618530273,8.649999618530273,8.649999618530273,4000.0
2026-09-08 09:53:00,TAU.V,,3.5999999046325684,3.5999999046325684,3.5999999046325684,3.5999999046325684,200.0
2026-09-08 09:53:00,YES.V,,0.26499998569488525,0.26499998569488525,0.26499998569488525,0.26499998569488525,1000.0
2026-09-08 09:54:00,ADE.V,,0.0949999988079071,0.0949999988079071,0.0949999988079071,0.0949999988079071,7200.0
2026-09-08 09:54:00,BEX.V,,0.11500000208616257,0.11500000208616257,0.11500000208616257,0.11500000208616257,15000.0
2026-09-08 09:54:00,BYN.V,,1.9900000095367432,1.9900000095367432,1.9900000095367432,1.9900000095367432,700.0
2026-09-08 09:54:00,CERT.V,,2.7699999809265137,2.7699999809265137,2.7699999809265137,2.7699999809265137,1000.0
2026-09-08 09:54:00,CH.V,,0.15000000596046448,0.15000000596046448,0.15000000596046448,0.15000000596046448,5000.0
2026-09-08 09:54:00,COCO.V,,0.3199999928474426,0.3199999928474426,0.3199999928474426,0.3199999928474426,4010.0
2026-09-08 09:54:00,CVV.V,,0.3799999952316284,0.38499999046325684,0.3799999952316284,0.38499999046325684,53400.0
2026-09-08 09:54:00,ECR.V,,0.3149999976158142,0.3149999976158142,0.3149999976158142,0.3149999976158142,15500.0
2026-09-08 09:54:00,ECU.V,,1.7999999523162842,1.7999999523162842,1.7999999523162842,1.7999999523162842,300.0
2026-09-08 09:54:00,EDM.V,,0.7699999809265137,0.7699999809265137,0.7699999809265137,0.7699999809265137,1700.0
2026-09-08 09:54:00,MOON.V,,8.649999618530273,8.649999618530273,8.649999618530273,8.649999618530273,100.0
2026-09-08 09:54:00,TAU.V,,3.5999999046325684,3.5999999046325684,3.5999999046325684,3.5999999046325684,1400.0
2026-09-08 09:55:00,AFM.V,,1.5,1.5,1.5,1.5,19300.0
2026-09-08 09:55:00,AXL.V,,0.6000000238418579,0.6000000238418579,0.6000000238418579,0.6000000238418579,8000.0
2026-09-08 09:55:00,BRW.V,,0.13249999284744263,0.13249999284744263,0.13249999284744263,0.13249999284744263,1500.0
2026-09-08 09:55:00,DBG.V,,1.8300000429153442,1.8300000429153442,1.8200000524520874,1.8200000524520874,3300.0
2026-09-08 09:55:00,ECU.V,,1.7999999523162842,1.7999999523162842,1.7999999523162842,1.7999999523162842,800.0
2026-09-08 09:55:00,EMO.V,,0.35249999165534973,0.35249999165534973,0.35249999165534973,0.35249999165534973,2500.0
2026-09-08 09:55:00,TAU.V,,3.5999999046325684,3.5999999046325684,3.5999999046325684,3.5999999046325684,4700.0
2026-09-08 09:55:00,YES.V,,0.26499998569488525,0.26499998569488525,0.26499998569488525,0.26499998569488525,14000.0
2026-09-08 09:56:00,ABM.V,,0.20499999821186066,0.20499999821186066,0.20499999821186066,0.20499999821186066,500.0
2026-09-08 09:56:00,AEC.V,,5.940000057220459,5.940000057220459,5.940000057220459,5.940000057220459,400.0
2026-09-08 09:56:00,AXL.V,,0.6000000238418579,0.6000000238418579,0.6000000238418579,0.6000000238418579,8500.0
2026-09-08 09:56:00,B.V,,0.7599999904632568,0.7599999904632568,0.7599999904632568,0.7599999904632568,2560.0
2026-09-08 09:56:00,BYN.V,,2.0,2.0,1.9950000047683716,2.0,2400.0
2026-09-08 09:56:00,CERT.V,,2.759999990463257,2.759999990463257,2.759999990463257,2.759999990463257,1000.0
2026-09-08 09:56:00,CMI.V,,0.8999999761581421,0.8999999761581421,0.8999999761581421,0.8999999761581421,0.0
2026-09-08 09:56:00,CTH.V,,1.3200000524520874,1.3200000524520874,1.3200000524520874,1.3200000524520874,700.0
2026-09-08 09:56:00,ECU.V,,1.7999999523162842,1.7999999523162842,1.7999999523162842,1.7999999523162842,2000.0
2026-09-08 09:56:00,EU.V,,1.75,1.75,1.7400000095367432,1.7400000095367432,5466.0
2026-09-08 09:57:00,AMX.V,,4.46999979019165,4.480000019073486,4.46999979019165,4.480000019073486,2700.0
2026-09-08 09:57:00,AXL.V,,0.6000000238418579,0.6000000238418579,0.6000000238418579,0.6000000238418579,500.0
2026-09-08 09:57:00,B.V,,0.7599999904632568,0.7599999904632568,0.7599999904632568,0.7599999904632568,500.0
2026-09-08 09:57:00,BRVO.V,,3.380000114440918,3.380000114440918,3.380000114440918,3.380000114440918,1100.0
2026-09-08 09:57:00,CTH.V,,1.3200000524520874,1.3200000524520874,1.3200000524520874,1.3200000524520874,1100.0
2026-09-08 09:57:00,ECR.V,,0.3149999976158142,0.3149999976158142,0.3149999976158142,0.3149999976158142,1500.0
2026-09-08 09:57:00,MOON.V,,8.649999618530273,8.649999618530273,8.630000114440918,8.649999618530273,1860.0
2026-09-08 09:57:00,TAU.V,,3.5999999046325684,3.5999999046325684,3.5999999046325684,3.5999999046325684,2900.0
2026-09-08 09:58:00,AEMC.V,,0.05249999836087227,0.05249999836087227,0.05249999836087227,0.05249999836087227,2000.0
2026-09-08 09:58:00,AMX.V,,4.539999961853027,4.539999961853027,4.489999771118164,4.489999771118164,6108.0
2026-09-08 09:58:00,ASTR.V,,0.41999998688697815,0.41999998688697815,0.41999998688697815,0.41999998688697815,500.0
2026-09-08 09:58:00,AXL.V,,0.6000000238418579,0.6000000238418579,0.6000000238418579,0.6000000238418579,500.0
2026-09-08 09:58:00,BYN.V,,1.9900000095367432,1.9950000047683716,1.9900000095367432,1.9950000047683716,1000.0
2026-09-08 09:58:00,CAD.V,,2.259999990463257,2.259999990463257,2.259999990463257,2.259999990463257,200.0
2026-09-08 09:58:00,CERT.V,,2.75,2.75,2.75,2.75,4200.0
2026-09-08 09:58:00,CLIC.V,,0.36000001430511475,0.36000001430511475,0.36000001430511475,0.36000001430511475,0.0
2026-09-08 09:58:00,CMI.V,,0.8999999761581421,0.8999999761581421,0.8999999761581421,0.8999999761581421,2504.0
2026-09-08 09:58:00,CVV.V,,0.38999998569488525,0.38999998569488525,0.38499999046325684,0.38499999046325684,9500.0
2026-09-08 09:58:00,EMPR.V,,0.9399999976158142,0.9399999976158142,0.9399999976158142,0.9399999976158142,500.0
2026-09-08 09:58:00,EU.V,,1.75,1.75,1.75,1.75,5650.0
2026-09-08 09:58:00,MKT.V,,0.3449999988079071,0.3449999988079071,0.3449999988079071,0.3449999988079071,2500.0
2026-09-08 09:59:00,ARK.V,,1.5700000524520874,1.5700000524520874,1.5700000524520874,1.5700000524520874,2400.0
2026-09-08 09:59:00,ATR-P.V,,0.09000000357627869,0.09000000357627869,0.09000000357627869,0.09000000357627869,1000.0
2026-09-08 09:59:00,AUAU.V,,0.7300000190734863,0.7300000190734863,0.7300000190734863,0.7300000190734863,1000.0
2026-09-08 09:59:00,BBB.V,,0.6600000262260437,0.6600000262260437,0.6600000262260437,0.6600000262260437,16000.0
2026-09-08 09:59:00,BRVO.V,,3.390000104904175,3.390000104904175,3.390000104904175,3.390000104904175,500.0
2026-09-08 09:59:00,BRW.V,,0.13500000536441803,0.13500000536441803,0.13500000536441803,0.13500000536441803,15000.0
2026-09-08 09:59:00,BYN.V,,1.9800000190734863,1.9800000190734863,1.9800000190734863,1.9800000190734863,300.0
2026-09-08 09:59:00,CERT.V,,2.75,2.75,2.75,2.75,800.0
2026-09-08 09:59:00,CTH.V,,1.309999942779541,1.309999942779541,1.309999942779541,1.309999942779541,1500.0
2026-09-08 09:59:00,CVV.V,,0.38499999046325684,0.38499999046325684,0.38499999046325684,0.38499999046325684,500.0
2026-09-08 09:59:00,DBG.V,,1.8300000429153442,1.840000033378601,1.8300000429153442,1.8300000429153442,7336.0
2026-09-08 09:59:00,MOON.V,,8.59000015258789,8.59000015258789,8.59000015258789,8.59000015258789,100.0
2026-09-08 10:00:00,ABM.V,,0.20499999821186066,0.20499999821186066,0.20499999821186066,0.20499999821186066,500.0
2026-09-08 10:00:00,CAD.V,,2.25,2.259999990463257,2.25,2.259999990463257,3800.0
2026-09-08 10:00:00,CKG.V,,3.549999952316284,3.549999952316284,3.549999952316284,3.549999952316284,2891.0
2026-09-08 10:00:00,CNC.V,,1.4600000381469727,1.4600000381469727,1.4600000381469727,1.4600000381469727,100.0
2026-09-08 10:00:00,COCO.V,,0.3199999928474426,0.3199999928474426,0.3199999928474426,0.3199999928474426,6300.0
2026-09-08 10:00:00,CTH.V,,1.309999942779541,1.309999942779541,1.309999942779541,1.309999942779541,100.0
2026-09-08 10:00:00,ETL.V,,1.0,1.0,1.0,1.0,25000.0
2026-09-08 10:00:00,MOON.V,,8.529999732971191,8.569999694824219,8.520000457763672,8.569999694824219,17100.0
2026-09-08 10:01:00,ABM.V,,0.20499999821186066,0.20499999821186066,0.20499999821186066,0.20499999821186066,5500.0
2026-09-08 10:01:00,AFM.V,,1.5,1.5,1.5,1.5,7500.0
2026-09-08 10:01:00,AXL.V,,0.5899999737739563,0.5899999737739563,0.5899999737739563,0.5899999737739563,25000.0
2026-09-08 10:01:00,BYN.V,,1.9900000095367432,1.9900000095367432,1.9850000143051147,1.9850000143051147,2000.0
2026-09-08 10:01:00,CAD.V,,2.240000009536743,2.240000009536743,2.240000009536743,2.240000009536743,500.0
2026-09-08 10:01:00,CERT.V,,2.75,2.75,2.75,2.75,200.0
2026-09-08 10:01:00,CMI.V,,0.8999999761581421,0.8999999761581421,0.8999999761581421,0.8999999761581421,4000.0
2026-09-08 10:01:00,COV.V,,3.4000000953674316,3.4000000953674316,3.390000104904175,3.390000104904175,1650.0
2026-09-08 10:01:00,CTH.V,,1.3200000524520874,1.3200000524520874,1.3200000524520874,1.3200000524520874,100.0
2026-09-08 10:01:00,CVV.V,,0.38999998569488525,0.38999998569488525,0.38999998569488525,0.38999998569488525,1000.0
2026-09-08 10:01:00,DB.V,,1.7699999809265137,1.7799999713897705,1.7699999809265137,1.7799999713897705,401.0
2026-09-08 10:01:00,DEC.V,,0.1899999976158142,0.1899999976158142,0.1899999976158142,0.1899999976158142,35000.0
2026-09-08 10:01:00,EDM.V,,0.7599999904632568,0.7599999904632568,0.7599999904632568,0.7599999904632568,3750.0
2026-09-08 10:01:00,ENW.V,,0.23000000417232513,0.23000000417232513,0.23000000417232513,0.23000000417232513,6000.0
2026-09-08 10:01:00,EU.V,,1.7599999904632568,1.7599999904632568,1.7599999904632568,1.7599999904632568,900.0
2026-09-08 10:01:00,LI.V,,0.4699999988079071,0.4699999988079071,0.4699999988079071,0.4699999988079071,1500.0
2026-09-08 10:01:00,MOON.V,,8.529999732971191,8.545000076293945,8.529999732971191,8.529999732971191,1000.0
2026-09-08 10:01:00,TAU.V,,3.5899999141693115,3.5899999141693115,3.5899999141693115,3.5899999141693115,200.0
2026-09-08 10:02:00,AMX.V,,4.539999961853027,4.539999961853027,4.53000020980835,4.53000020980835,1300.0
2026-09-08 10:02:00,BEX.V,,0.11999999731779099,0.11999999731779099,0.11999999731779099,0.11999999731779099,5000.0
2026-09-08 10:02:00,BWR.V,,0.009999999776482582,0.009999999776482582,0.009999999776482582,0.009999999776482582,40000.0
2026-09-08 10:02:00,CAD.V,,2.2200000286102295,2.2200000286102295,2.2200000286102295,2.2200000286102295,2100.0
2026-09-08 10:02:00,CH.V,,0.1525000035762787,0.1525000035762787,0.1525000035762787,0.1525000035762787,500.0
2026-09-08 10:02:00,CYBE.V,,2.1500000953674316,2.1500000953674316,2.1500000953674316,2.1500000953674316,400.0
2026-09-08 10:02:00,DB.V,,1.7200000286102295,1.7300000190734863,1.7200000286102295,1.7300000190734863,3542.0
2026-09-08 10:02:00,DEX.V,,0.42500001192092896,0.42500001192092896,0.42500001192092896,0.42500001192092896,0.0
2026-09-08 10:02:00,ENW.V,,0.23000000417232513,0.23000000417232513,0.23000000417232513,0.23000000417232513,4000.0
2026-09-08 10:02:00,EU.V,,1.75,1.75,1.75,1.75,300.0
2026-09-08 10:02:00,LI.V,,0.4650000035762787,0.4650000035762787,0.4650000035762787,0.4650000035762787,3500.0
2026-09-08 10:02:00,MOON.V,,8.475000381469727,8.529999732971191,8.475000381469727,8.529999732971191,9651.0
2026-09-08 10:02:00,TAU.V,,3.5799999237060547,3.5799999237060547,3.5799999237060547,3.5799999237060547,1400.0
2026-09-08 10:03:00,BYN.V,,1.9950000047683716,2.0,1.9850000143051147,1.9850000143051147,7900.0
2026-09-08 10:03:00,CAPT.V,,2.0299999713897705,2.0299999713897705,2.0199999809265137,2.0199999809265137,3300.0
2026-09-08 10:03:00,CNC.V,,1.4600000381469727,1.4600000381469727,1.4600000381469727,1.4600000381469727,100.0
2026-09-08 10:03:00,DEC.V,,0.19499999284744263,0.19499999284744263,0.19249999523162842,0.19249999523162842,26000.0
2026-09-08 10:03:00,ECU.V,,1.7999999523162842,1.7999999523162842,1.7999999523162842,1.7999999523162842,8100.0
2026-09-08 10:04:00,ABI.V,,0.08500000089406967,0.08500000089406967,0.07999999821186066,0.07999999821186066,30000.0
2026-09-08 10:04:00,AFM.V,,1.5,1.5,1.5,1.5,1700.0
2026-09-08 10:04:00,BYN.V,,1.9900000095367432,1.9900000095367432,1.9900000095367432,1.9900000095367432,2700.0
2026-09-08 10:04:00,CAD.V,,2.2100000381469727,2.2300000190734863,2.2100000381469727,2.2300000190734863,5900.0
2026-09-08 10:04:00,ECR.V,,0.3100000023841858,0.3100000023841858,0.3100000023841858,0.3100000023841858,10000.0
2026-09-08 10:04:00,EMPR.V,,0.9399999976158142,0.9399999976158142,0.9399999976158142,0.9399999976158142,500.0
2026-09-08 10:04:00,EU.V,,1.7599999904632568,1.7599999904632568,1.75,1.75,3700.0
2026-09-08 10:04:00,TAU.V,,3.5999999046325684,3.5999999046325684,3.5899999141693115,3.5899999141693115,3500.0
2026-09-08 10:05:00,AXL.V,,0.6000000238418579,0.6000000238418579,0.6000000238418579,0.6000000238418579,16000.0
2026-09-08 10:05:00,BMV.V,,0.07500000298023224,0.07500000298023224,0.07500000298023224,0.07500000298023224,0.0
2026-09-08 10:05:00,BYN.V,,1.9900000095367432,1.9900000095367432,1.9900000095367432,1.9900000095367432,5200.0
2026-09-08 10:05:00,CAPT.V,,2.0299999713897705,2.0299999713897705,2.0299999713897705,2.0299999713897705,1400.0
2026-09-08 10:05:00,CERT.V,,2.7300000190734863,2.740000009536743,2.7300000190734863,2.740000009536743,6900.0
2026-09-08 10:05:00,DEC.V,,0.19499999284744263,0.19499999284744263,0.19499999284744263,0.19499999284744263,4000.0
2026-09-08 10:05:00,MOON.V,,8.390000343322754,8.449999809265137,8.390000343322754,8.449999809265137,1200.0
2026-09-08 10:06:00,AXL.V,,0.6100000143051147,0.6100000143051147,0.6100000143051147,0.6100000143051147,500.0
2026-09-08 10:06:00,BEX.V,,0.11999999731779099,0.11999999731779099,0.11999999731779099,0.11999999731779099,7500.0
2026-09-08 10:06:00,BRW.V,,0.13500000536441803,0.13500000536441803,0.13500000536441803,0.13500000536441803,5000.0
2026-09-08 10:06:00,BYN.V,,1.9900000095367432,2.0,1.9850000143051147,1.9900000095367432,23581.0
2026-09-08 10:06:00,CERT.V,,2.7300000190734863,2.7300000190734863,2.7300000190734863,2.7300000190734863,1500.0
2026-09-08 10:06:00,CKG.V,,3.5,3.5,3.5,3.5,900.0
2026-09-08 10:06:00,CNC.V,,1.4500000476837158,1.4600000381469727,1.4500000476837158,1.4600000381469727,3500.0
2026-09-08 10:06:00,EMO.V,,0.3499999940395355,0.3499999940395355,0.3499999940395355,0.3499999940395355,8000.0
2026-09-08 10:06:00,TAU.V,,3.5950000286102295,3.5950000286102295,3.5950000286102295,3.5950000286102295,2500.0
2026-09-08 10:07:00,ABR.V,,0.0949999988079071,0.0949999988079071,0.0949999988079071,0.0949999988079071,12500.0
2026-09-08 10:07:00,DEC.V,,0.1899999976158142,0.1899999976158142,0.1899999976158142,0.1899999976158142,17000.0
2026-09-08 10:07:00,DEF.V,,0.20499999821186066,0.20499999821186066,0.20499999821186066,0.20499999821186066,2500.0
2026-09-08 10:07:00,DMGI.V,,0.5400000214576721,0.5400000214576721,0.5400000214576721,0.5400000214576721,2000.0
2026-09-08 10:07:00,EMO.V,,0.3449999988079071,0.3449999988079071,0.3449999988079071,0.3449999988079071,5000.0
2026-09-08 10:07:00,EU.V,,1.7599999904632568,1.7599999904632568,1.7549999952316284,1.7599999904632568,2100.0
2026-09-08 10:07:00,MOON.V,,8.390000343322754,8.390000343322754,8.390000343322754,8.390000343322754,100.0
2026-09-08 10:07:00,TAU.V,,3.5899999141693115,3.5999999046325684,3.5799999237060547,3.5899999141693115,15300.0
2026-09-08 10:08:00,AFM.V,,1.4900000095367432,1.4900000095367432,1.4900000095367432,1.4900000095367432,5600.0
2026-09-08 10:08:00,AXL.V,,0.6100000143051147,0.6100000143051147,0.6100000143051147,0.6100000143051147,1000.0
2026-09-08 10:08:00,BEX.V,,0.11999999731779099,0.11999999731779099,0.11999999731779099,0.11999999731779099,20000.0
2026-09-08 10:08:00,BYN.V,,1.9950000047683716,1.9950000047683716,1.9950000047683716,1.9950000047683716,600.0
2026-09-08 10:08:00,CANX.V,,0.41499999165534973,0.41999998688697815,0.41499999165534973,0.41999998688697815,89000.0
2026-09-08 10:08:00,CKG.V,,3.490000009536743,3.509999990463257,3.4800000190734863,3.509999990463257,700.0
2026-09-08 10:08:00,DEC.V,,0.1850000023841858,0.1850000023841858,0.1850000023841858,0.1850000023841858,120263.0
2026-09-08 10:08:00,DME.V,,0.1899999976158142,0.1899999976158142,0.1899999976158142,0.1899999976158142,1500.0
2026-09-08 10:08:00,EU.V,,1.7599999904632568,1.7599999904632568,1.7599999904632568,1.7599999904632568,200.0
2026-09-08 10:08:00,TAU.V,,3.5899999141693115,3.5899999141693115,3.5899999141693115,3.5899999141693115,3700.0
2026-09-08 10:08:00,TIE.V,,0.7599999904632568,0.7599999904632568,0.7599999904632568,0.7599999904632568,0.0
2026-09-08 10:08:00,YES.V,,0.2549999952316284,0.25999999046325684,0.2549999952316284,0.25999999046325684,3326.0
2026-09-08 10:09:00,BYN.V,,2.0,2.0,2.0,2.0,600.0
2026-09-08 10:09:00,CANX.V,,0.41999998688697815,0.41999998688697815,0.41999998688697815,0.41999998688697815,1000.0
2026-09-08 10:09:00,CKG.V,,3.4700000286102295,3.4800000190734863,3.4700000286102295,3.4800000190734863,400.0
2026-09-08 10:09:00,CYBE.V,,2.1500000953674316,2.1500000953674316,2.1500000953674316,2.1500000953674316,600.0
2026-09-08 10:09:00,DB.V,,1.7000000476837158,1.7000000476837158,1.690000057220459,1.690000057220459,400.0
2026-09-08 10:09:00,DMGI.V,,0.550000011920929,0.550000011920929,0.550000011920929,0.550000011920929,33500.0
2026-09-08 10:09:00,EBM.V,,1.8899999856948853,1.8899999856948853,1.8899999856948853,1.8899999856948853,100.0
2026-09-08 10:09:00,MOON.V,,8.529999732971191,8.529999732971191,8.430000305175781,8.430000305175781,6000.0
2026-09-08 10:10:00,AEMC.V,,0.054999999701976776,0.054999999701976776,0.054999999701976776,0.054999999701976776,2000.0
2026-09-08 10:10:00,AMX.V,,4.559999942779541,4.559999942779541,4.53000020980835,4.53000020980835,1700.0
2026-09-08 10:10:00,AXL.V,,0.6000000238418579,0.6100000143051147,0.6000000238418579,0.6100000143051147,5500.0
2026-09-08 10:10:00,BRVO.V,,3.380000114440918,3.380000114440918,3.380000114440918,3.380000114440918,550.0
2026-09-08 10:10:00,BYN.V,,1.9950000047683716,1.9950000047683716,1.9900000095367432,1.9950000047683716,1700.0
2026-09-08 10:10:00,COV.V,,3.4700000286102295,3.4700000286102295,3.4700000286102295,3.4700000286102295,1600.0
2026-09-08 10:10:00,DEF.V,,0.20000000298023224,0.20000000298023224,0.20000000298023224,0.20000000298023224,500.0
2026-09-08 10:10:00,ENDR.V,,0.14000000059604645,0.14000000059604645,0.13750000298023224,0.13750000298023224,2500.0
2026-09-08 10:10:00,EU.V,,1.7599999904632568,1.7599999904632568,1.7599999904632568,1.7599999904632568,1300.0
2026-09-08 10:10:00,MOON.V,,8.449999809265137,8.460000038146973,8.4399995803833,8.460000038146973,700.0
2026-09-08 10:11:00,AAZ.V,,0.03999999910593033,0.03999999910593033,0.03999999910593033,0.03999999910593033,1000.0
2026-09-08 10:11:00,BYN.V,,2.0,2.0,1.9950000047683716,1.9950000047683716,200.0
2026-09-08 10:11:00,COV.V,,3.4700000286102295,3.4700000286102295,3.4700000286102295,3.4700000286102295,2200.0
2026-09-08 10:11:00,DEC.V,,0.1850000023841858,0.1850000023841858,0.1850000023841858,0.1850000023841858,103000.0
2026-09-08 10:11:00,KORE.V,,0.17499999701976776,0.17499999701976776,0.17000000178813934,0.17000000178813934,11000.0
2026-09-08 10:11:00,MOON.V,,8.5,8.550000190734863,8.489999771118164,8.489999771118164,2130.0
2026-09-08 10:11:00,TAU.V,,3.6050000190734863,3.609999895095825,3.5999999046325684,3.5999999046325684,700.0
2026-09-08 10:12:00,AEC.V,,5.900000095367432,5.900000095367432,5.900000095367432,5.900000095367432,784.0
2026-09-08 10:12:00,BYN.V,,2.0,2.0,2.0,2.0,800.0
2026-09-08 10:12:00,CNC.V,,1.4600000381469727,1.4600000381469727,1.4600000381469727,1.4600000381469727,100.0
2026-09-08 10:12:00,COV.V,,3.490000009536743,3.490000009536743,3.490000009536743,3.490000009536743,12700.0
2026-09-08 10:12:00,CVV.V,,0.38499999046325684,0.38499999046325684,0.3824999928474426,0.3824999928474426,1500.0
2026-09-08 10:12:00,DMGI.V,,0.550000011920929,0.550000011920929,0.550000011920929,0.550000011920929,500.0
2026-09-08 10:12:00,ETL.V,,0.9700000286102295,0.9900000095367432,0.9700000286102295,0.9900000095367432,12375.0
2026-09-08 10:12:00,EU.V,,1.7699999809265137,1.7699999809265137,1.7699999809265137,1.7699999809265137,900.0
2026-09-08 10:12:00,LI.V,,0.4699999988079071,0.4699999988079071,0.4699999988079071,0.4699999988079071,700.0
2026-09-08 10:12:00,MOON.V,,8.489999771118164,8.5,8.479999542236328,8.5,2700.0
2026-09-08 10:12:00,TAU.V,,3.609999895095825,3.609999895095825,3.609999895095825,3.609999895095825,300.0
2026-09-08 10:13:00,AEP.V,,0.6200000047683716,0.6200000047683716,0.6200000047683716,0.6200000047683716,5000.0
2026-09-08 10:13:00,BYN.V,,2.0,2.0,2.0,2.0,300.0
2026-09-08 10:13:00,CAD.V,,2.240000009536743,2.240000009536743,2.240000009536743,2.240000009536743,1443.0
2026-09-08 10:13:00,CAI.V,,0.014999999664723873,0.014999999664723873,0.014999999664723873,0.014999999664723873,0.0
2026-09-08 10:13:00,COV.V,,3.5,3.5,3.490000009536743,3.490000009536743,5255.0
2026-09-08 10:13:00,DBG.V,,1.840000033378601,1.840000033378601,1.840000033378601,1.840000033378601,4000.0
2026-09-08 10:13:00,EAM.V,,0.07000000029802322,0.07000000029802322,0.07000000029802322,0.07000000029802322,60000.0
2026-09-08 10:13:00,ETL.V,,0.9700000286102295,0.9800000190734863,0.9700000286102295,0.9800000190734863,600.0
2026-09-08 10:13:00,EU.V,,1.7599999904632568,1.7599999904632568,1.7599999904632568,1.7599999904632568,200.0
2026-09-08 10:13:00,TAU.V,,3.609999895095825,3.609999895095825,3.609999895095825,3.609999895095825,200.0
2026-09-08 10:14:00,BYN.V,,2.0,2.0,2.0,2.0,200.0
2026-09-08 10:14:00,CAD.V,,2.240000009536743,2.240000009536743,2.240000009536743,2.240000009536743,100.0
2026-09-08 10:14:00,CERT.V,,2.7300000190734863,2.7300000190734863,2.7300000190734863,2.7300000190734863,1000.0
2026-09-08 10:14:00,CYBE.V,,2.1500000953674316,2.1500000953674316,2.140000104904175,2.140000104904175,2700.0
2026-09-08 10:14:00,ECU.V,,1.7899999618530273,1.7899999618530273,1.7899999618530273,1.7899999618530273,4200.0
2026-09-08 10:14:00,MOON.V,,8.40999984741211,8.40999984741211,8.380000114440918,8.399999618530273,800.0
2026-09-08 10:14:00,TAU.V,,3.5999999046325684,3.6050000190734863,3.5999999046325684,3.6050000190734863,3500.0
2026-09-08 10:15:00,AMX.V,,4.559999942779541,4.559999942779541,4.559999942779541,4.559999942779541,800.0
2026-09-08 10:15:00,ASTR.V,,0.41999998688697815,0.41999998688697815,0.41999998688697815,0.41999998688697815,8500.0
2026-09-08 10:15:00,AXL.V,,0.6000000238418579,0.6000000238418579,0.6000000238418579,0.6000000238418579,500.0
2026-09-08 10:15:00,BYN.V,,2.0,2.0,2.0,2.0,300.0
2026-09-08 10:15:00,CAD.V,,2.2799999713897705,2.2799999713897705,2.25,2.25,4848.0
2026-09-08 10:15:00,COV.V,,3.5,3.5,3.5,3.5,300.0
2026-09-08 10:15:00,DEC.V,,0.18000000715255737,0.18000000715255737,0.18000000715255737,0.18000000715255737,41000.0
2026-09-08 10:15:00,EU.V,,1.7599999904632568,1.7599999904632568,1.7599999904632568,1.7599999904632568,300.0
2026-09-08 10:15:00,MOON.V,,8.369999885559082,8.380000114440918,8.369999885559082,8.380000114440918,900.0
2026-09-08 10:16:00,BBB.V,,0.6700000166893005,0.6700000166893005,0.6700000166893005,0.6700000166893005,15000.0
2026-09-08 10:16:00,BVA.V,,1.2599999904632568,1.2599999904632568,1.2400000095367432,1.2400000095367432,1500.0
2026-09-08 10:16:00,BYN.V,,2.0,2.0,2.0,2.0,200.0
2026-09-08 10:16:00,CCCM.V,,0.699999988079071,0.699999988079071,0.699999988079071,0.699999988079071,500.0
2026-09-08 10:16:00,COV.V,,3.5,3.5,3.5,3.5,4700.0
2026-09-08 10:16:00,DBG.V,,1.850000023841858,1.850000023841858,1.840000033378601,1.840000033378601,1000.0
2026-09-08 10:16:00,DEC.V,,0.18000000715255737,0.18000000715255737,0.18000000715255737,0.18000000715255737,210500.0
2026-09-08 10:16:00,DLP.V,,0.3700000047683716,0.3700000047683716,0.3700000047683716,0.3700000047683716,10500.0
2026-09-08 10:16:00,MOON.V,,8.380000114440918,8.380000114440918,8.380000114440918,8.380000114440918,100.0
2026-09-08 10:16:00,TAU.V,,3.5899999141693115,3.5899999141693115,3.5899999141693115,3.5899999141693115,100.0
2026-09-08 10:17:00,ABM.V,,0.20499999821186066,0.20499999821186066,0.20499999821186066,0.20499999821186066,40000.0
2026-09-08 10:17:00,B.V,,0.7599999904632568,0.7599999904632568,0.7599999904632568,0.7599999904632568,1000.0
2026-09-08 10:17:00,BCF.V,,9.850000381469727,9.850000381469727,9.850000381469727,9.850000381469727,100.0
2026-09-08 10:17:00,BYN.V,,2.0,2.0,2.0,2.0,200.0
2026-09-08 10:17:00,CTH.V,,1.309999942779541,1.309999942779541,1.309999942779541,1.309999942779541,500.0
2026-09-08 10:17:00,CVV.V,,0.38999998569488525,0.38999998569488525,0.38999998569488525,0.38999998569488525,31500.0
2026-09-08 10:17:00,DB.V,,1.7000000476837158,1.7000000476837158,1.690000057220459,1.690000057220459,1105.0
2026-09-08 10:17:00,DBG.V,,1.850000023841858,1.850000023841858,1.850000023841858,1.850000023841858,3700.0
2026-09-08 10:17:00,EU.V,,1.7599999904632568,1.7599999904632568,1.7599999904632568,1.7599999904632568,200.0
2026-09-08 10:17:00,TAU.V,,3.6050000190734863,3.6050000190734863,3.6050000190734863,3.6050000190734863,300.0
2026-09-08 10:18:00,ABM.V,,0.20499999821186066,0.20499999821186066,0.20499999821186066,0.20499999821186066,500.0
2026-09-08 10:18:00,AEP.V,,0.6200000047683716,0.6200000047683716,0.6200000047683716,0.6200000047683716,4500.0
2026-09-08 10:18:00,ARK.V,,1.5700000524520874,1.5700000524520874,1.5700000524520874,1.5700000524520874,200.0
2026-09-08 10:18:00,BYN.V,,2.005000114440918,2.005000114440918,2.0,2.0,400.0
2026-09-08 10:18:00,DLP.V,,0.3799999952316284,0.3799999952316284,0.3799999952316284,0.3799999952316284,500.0
2026-09-08 10:18:00,ETL.V,,0.9900000095367432,0.9900000095367432,0.9900000095367432,0.9900000095367432,400.0
2026-09-08 10:18:00,EU.V,,1.7599999904632568,1.7599999904632568,1.7599999904632568,1.7599999904632568,200.0
2026-09-08 10:18:00,MOON.V,,8.399999618530273,8.399999618530273,8.399999618530273,8.399999618530273,800.0
2026-09-08 10:18:00,TAU.V,,3.5999999046325684,3.5999999046325684,3.5999999046325684,3.5999999046325684,100.0
2026-09-08 10:18:00,YES.V,,0.25999999046325684,0.25999999046325684,0.25999999046325684,0.25999999046325684,500.0
2026-09-08 10:19:00,AEP.V,,0.6200000047683716,0.6200000047683716,0.6200000047683716,0.6200000047683716,1500.0
2026-09-08 10:19:00,AMX.V,,4.579999923706055,4.579999923706055,4.579999923706055,4.579999923706055,1600.0
2026-09-08 10:19:00,AZT.V,,0.38499999046325684,0.38499999046325684,0.38499999046325684,0.38499999046325684,1000.0
2026-09-08 10:19:00,BFM.V,,0.11999999731779099,0.11999999731779099,0.11999999731779099,0.11999999731779099,3300.0
2026-09-08 10:19:00,BYN.V,,2.005000114440918,2.005000114440918,2.005000114440918,2.005000114440918,100.0
2026-09-08 10:19:00,CAD.V,,2.25,2.259999990463257,2.25,2.259999990463257,5500.0
2026-09-08 10:19:00,CNC.V,,1.4600000381469727,1.4600000381469727,1.4600000381469727,1.4600000381469727,200.0
2026-09-08 10:19:00,CVV.V,,0.38999998569488525,0.38999998569488525,0.38999998569488525,0.38999998569488525,3000.0
2026-09-08 10:19:00,DCOP.V,,0.10499999672174454,0.10499999672174454,0.10499999672174454,0.10499999672174454,11000.0
2026-09-08 10:19:00,EMNT.V,,0.5199999809265137,0.5199999809265137,0.5199999809265137,0.5199999809265137,24500.0
2026-09-08 10:19:00,EU.V,,1.7599999904632568,1.7599999904632568,1.7599999904632568,1.7599999904632568,200.0
2026-09-08 10:19:00,TAU.V,,3.609999895095825,3.609999895095825,3.6050000190734863,3.6050000190734863,5300.0
2026-09-08 10:20:00,ABM.V,,0.20999999344348907,0.20999999344348907,0.20999999344348907,0.20999999344348907,2000.0
2026-09-08 10:20:00,BYN.V,,2.005000114440918,2.009999990463257,2.005000114440918,2.009999990463257,500.0
2026-09-08 10:20:00,CVV.V,,0.38999998569488525,0.38999998569488525,0.38999998569488525,0.38999998569488525,10000.0
2026-09-08 10:20:00,DSY.V,,0.8799999952316284,0.8799999952316284,0.8799999952316284,0.8799999952316284,0.0
2026-09-08 10:20:00,ETL.V,,1.0,1.0,1.0,1.0,600.0
2026-09-08 10:20:00,TAU.V,,3.609999895095825,3.609999895095825,3.6050000190734863,3.6050000190734863,2300.0
2026-09-08 10:21:00,AEC.V,,5.889999866485596,5.889999866485596,5.889999866485596,5.889999866485596,100.0
2026-09-08 10:21:00,BAY.V,,0.04500000178813934,0.04500000178813934,0.04500000178813934,0.04500000178813934,243000.0
2026-09-08 10:21:00,BEX.V,,0.10999999940395355,0.10999999940395355,0.10999999940395355,0.10999999940395355,500.0
2026-09-08 10:21:00,BRVO.V,,3.390000104904175,3.390000104904175,3.369999885559082,3.369999885559082,1900.0
2026-09-08 10:21:00,BYN.V,,2.005000114440918,2.005000114440918,2.005000114440918,2.005000114440918,200.0
2026-09-08 10:21:00,CTM.V,,0.13500000536441803,0.13500000536441803,0.13500000536441803,0.13500000536441803,2000.0
2026-09-08 10:21:00,DEC.V,,0.17499999701976776,0.17499999701976776,0.17499999701976776,0.17499999701976776,50000.0
2026-09-08 10:21:00,EMPR.V,,0.9399999976158142,0.9449999928474426,0.9399999976158142,0.9449999928474426,3000.0
2026-09-08 10:21:00,ETL.V,,1.0,1.0,1.0,1.0,5800.0
2026-09-08 10:21:00,MKT.V,,0.3400000035762787,0.3400000035762787,0.3400000035762787,0.3400000035762787,20000.0
2026-09-08 10:21:00,MOON.V,,8.430000305175781,8.430000305175781,8.399999618530273,8.399999618530273,2400.0
2026-09-08 10:21:00,YES.V,,0.26499998569488525,0.26499998569488525,0.26499998569488525,0.26499998569488525,500.0
2026-09-08 10:22:00,AE.V,,1.190000057220459,1.190000057220459,1.190000057220459,1.190000057220459,1000.0
2026-09-08 10:22:00,BYN.V,,2.005000114440918,2.005000114440918,2.005000114440918,2.005000114440918,200.0
2026-09-08 10:22:00,CUU.V,,0.6700000166893005,0.6800000071525574,0.6700000166893005,0.6800000071525574,1521.0
2026-09-08 10:22:00,DME.V,,0.1899999976158142,0.1899999976158142,0.1899999976158142,0.1899999976158142,2000.0
2026-09-08 10:22:00,EU.V,,1.7599999904632568,1.7599999904632568,1.7599999904632568,1.7599999904632568,200.0
2026-09-08 10:22:00,MKT.V,,0.33500000834465027,0.33500000834465027,0.33500000834465027,0.33500000834465027,1000.0
2026-09-08 10:22:00,MOON.V,,8.430000305175781,8.430000305175781,8.430000305175781,8.430000305175781,200.0
2026-09-08 10:22:00,TAU.V,,3.5999999046325684,3.609999895095825,3.5999999046325684,3.609999895095825,1000.0
2026-09-08 10:23:00,BYN.V,,2.005000114440918,2.005000114440918,2.005000114440918,2.005000114440918,200.0
2026-09-08 10:23:00,CAD.V,,2.240000009536743,2.25,2.2200000286102295,2.25,2400.0
2026-09-08 10:23:00,DCOP.V,,0.10499999672174454,0.10499999672174454,0.10499999672174454,0.10499999672174454,9000.0
2026-09-08 10:23:00,DEC.V,,0.17749999463558197,0.17749999463558197,0.17749999463558197,0.17749999463558197,500.0
2026-09-08 10:23:00,RUSH.V,,0.17000000178813934,0.17000000178813934,0.17000000178813934,0.17000000178813934,1000.0
2026-09-08 10:24:00,AE.V,,1.2000000476837158,1.2000000476837158,1.2000000476837158,1.2000000476837158,900.0
2026-09-08 10:24:00,ARK.V,,1.5800000429153442,1.5800000429153442,1.5700000524520874,1.5700000524520874,1700.0
2026-09-08 10:24:00,ASTR.V,,0.41999998688697815,0.41999998688697815,0.41999998688697815,0.41999998688697815,4000.0
2026-09-08 10:24:00,AXL.V,,0.6000000238418579,0.6000000238418579,0.6000000238418579,0.6000000238418579,1500.0
2026-09-08 10:24:00,BYN.V,,2.009999990463257,2.009999990463257,2.005000114440918,2.005000114440918,300.0
2026-09-08 10:24:00,DEC.V,,0.18000000715255737,0.18000000715255737,0.17499999701976776,0.17499999701976776,6500.0
2026-09-08 10:24:00,EU.V,,1.7649999856948853,1.7649999856948853,1.7599999904632568,1.7599999904632568,7091.0
2026-09-08 10:24:00,TAU.V,,3.609999895095825,3.609999895095825,3.5999999046325684,3.5999999046325684,300.0
2026-09-08 10:25:00,BAY.V,,0.04500000178813934,0.04500000178813934,0.04500000178813934,0.04500000178813934,1000.0
2026-09-08 10:25:00,BBB.V,,0.6499999761581421,0.6499999761581421,0.6299999952316284,0.6499999761581421,7000.0
2026-09-08 10:25:00,BVA.V,,1.2300000190734863,1.2400000095367432,1.2300000190734863,1.2400000095367432,4800.0
2026-09-08 10:25:00,BYN.V,,2.005000114440918,2.005000114440918,2.005000114440918,2.005000114440918,200.0
2026-09-08 10:25:00,CTEK.V,,0.6399999856948853,0.6399999856948853,0.6399999856948853,0.6399999856948853,0.0
2026-09-08 10:25:00,CVV.V,,0.38999998569488525,0.38999998569488525,0.38999998569488525,0.38999998569488525,2292.0
2026-09-08 10:25:00,DBG.V,,1.8600000143051147,1.8600000143051147,1.8600000143051147,1.8600000143051147,5000.0
2026-09-08 10:25:00,DMGI.V,,0.550000011920929,0.550000011920929,0.550000011920929,0.550000011920929,52860.0
2026-09-08 10:25:00,EU.V,,1.7599999904632568,1.7599999904632568,1.7599999904632568,1.7599999904632568,1200.0
2026-09-08 10:25:00,MKT.V,,0.3400000035762787,0.3400000035762787,0.3400000035762787,0.3400000035762787,500.0
2026-09-08 10:25:00,TAU.V,,3.609999895095825,3.609999895095825,3.609999895095825,3.609999895095825,100.0
2026-09-08 10:26:00,ARK.V,,1.5800000429153442,1.5800000429153442,1.5800000429153442,1.5800000429153442,100.0
2026-09-08 10:26:00,B.V,,0.7699999809265137,0.7699999809265137,0.7699999809265137,0.7699999809265137,10100.0
2026-09-08 10:26:00,BYN.V,,2.005000114440918,2.005000114440918,2.005000114440918,2.005000114440918,200.0
2026-09-08 10:26:00,CERT.V,,2.7300000190734863,2.740000009536743,2.7300000190734863,2.7300000190734863,6700.0
2026-09-08 10:26:00,COV.V,,3.5,3.509999990463257,3.5,3.509999990463257,4000.0
2026-09-08 10:26:00,EPO-H.V,,0.05999999865889549,0.05999999865889549,0.05999999865889549,0.05999999865889549,0.0
2026-09-08 10:26:00,NET-UN.V,,6.769999980926514,6.820000171661377,6.769999980926514,6.820000171661377,0.0
2026-09-08 10:27:00,ARK.V,,1.5700000524520874,1.5700000524520874,1.5700000524520874,1.5700000524520874,100.0
2026-09-08 10:27:00,BAY.V,,0.04500000178813934,0.04500000178813934,0.04500000178813934,0.04500000178813934,80000.0
2026-09-08 10:27:00,BYN.V,,2.005000114440918,2.005000114440918,2.005000114440918,2.005000114440918,100.0
2026-09-08 10:27:00,CANX.V,,0.41999998688697815,0.41999998688697815,0.41999998688697815,0.41999998688697815,1000.0
2026-09-08 10:27:00,CAPT.V,,2.0399999618530273,2.0399999618530273,2.0399999618530273,2.0399999618530273,100.0
2026-09-08 10:27:00,DMX.V,,0.5699999928474426,0.5699999928474426,0.5699999928474426,0.5699999928474426,0.0
2026-09-08 10:27:00,EU.V,,1.75,1.7599999904632568,1.75,1.7549999952316284,4500.0
2026-09-08 10:28:00,AMX.V,,4.619999885559082,4.619999885559082,4.619999885559082,4.619999885559082,100.0
2026-09-08 10:28:00,BAY.V,,0.04500000178813934,0.04500000178813934,0.04500000178813934,0.04500000178813934,7000.0
2026-09-08 10:28:00,BYN.V,,2.0,2.005000114440918,2.0,2.0,900.0
2026-09-08 10:28:00,CANX.V,,0.41999998688697815,0.41999998688697815,0.41499999165534973,0.41499999165534973,13000.0
2026-09-08 10:28:00,CERT.V,,2.7200000286102295,2.7200000286102295,2.7200000286102295,2.7200000286102295,4200.0
2026-09-08 10:28:00,DEC.V,,0.18000000715255737,0.18000000715255737,0.18000000715255737,0.18000000715255737,10000.0
2026-09-08 10:28:00,DMX.V,,0.5699999928474426,0.5699999928474426,0.5699999928474426,0.5699999928474426,39586.0
2026-09-08 10:28:00,ETL.V,,1.0,1.0,1.0,1.0,600.0
2026-09-08 10:28:00,MOON.V,,8.4399995803833,8.4399995803833,8.430000305175781,8.430000305175781,300.0
2026-09-08 10:28:00,TAU.V,,3.609999895095825,3.609999895095825,3.609999895095825,3.609999895095825,900.0
2026-09-08 10:29:00,AEC.V,,5.860000133514404,5.869999885559082,5.860000133514404,5.869999885559082,370.0
2026-09-08 10:29:00,BRVO.V,,3.4000000953674316,3.4000000953674316,3.4000000953674316,3.4000000953674316,1100.0
2026-09-08 10:29:00,CERT.V,,2.7200000286102295,2.7200000286102295,2.7200000286102295,2.7200000286102295,6300.0
2026-09-08 10:29:00,EMPR.V,,0.9399999976158142,0.9399999976158142,0.9399999976158142,0.9399999976158142,3500.0
2026-09-08 10:29:00,MOON.V,,8.399999618530273,8.399999618530273,8.399999618530273,8.399999618530273,100.0
2026-09-08 10:29:00,TAU.V,,3.609999895095825,3.609999895095825,3.5999999046325684,3.6050000190734863,3000.0
2026-09-08 10:30:00,AE.V,,1.2100000381469727,1.2100000381469727,1.2000000476837158,1.2000000476837158,4100.0
2026-09-08 10:30:00,AEC.V,,5.840000152587891,5.840000152587891,5.840000152587891,5.840000152587891,400.0
2026-09-08 10:30:00,AEP.V,,0.6200000047683716,0.6200000047683716,0.6200000047683716,0.6200000047683716,10000.0
2026-09-08 10:30:00,AMX.V,,4.610000133514404,4.610000133514404,4.599999904632568,4.599999904632568,800.0
2026-09-08 10:30:00,ARIC.V,,0.7699999809265137,0.7699999809265137,0.7699999809265137,0.7699999809265137,18544.0
2026-09-08 10:30:00,CLIP.V,,0.15000000596046448,0.15000000596046448,0.15000000596046448,0.15000000596046448,0.0
2026-09-08 10:30:00,COV.V,,3.5,3.5,3.5,3.5,3500.0
2026-09-08 10:30:00,DBG.V,,1.850000023841858,1.850000023841858,1.850000023841858,1.850000023841858,1300.0
2026-09-08 10:31:00,ALEX.V,,0.4650000035762787,0.4650000035762787,0.4650000035762787,0.4650000035762787,2500.0
2026-09-08 10:31:00,BYN.V,,2.005000114440918,2.005000114440918,2.005000114440918,2.005000114440918,100.0
2026-09-08 10:31:00,CANX.V,,0.41999998688697815,0.41999998688697815,0.41999998688697815,0.41999998688697815,5000.0
2026-09-08 10:31:00,CYBE.V,,2.1500000953674316,2.1500000953674316,2.1500000953674316,2.1500000953674316,200.0
2026-09-08 10:31:00,EU.V,,1.7450000047683716,1.7450000047683716,1.7450000047683716,1.7450000047683716,500.0
2026-09-08 10:31:00,MOON.V,,8.399999618530273,8.399999618530273,8.399999618530273,8.399999618530273,5640.0
2026-09-08 10:32:00,BEX.V,,0.11500000208616257,0.11500000208616257,0.11500000208616257,0.11500000208616257,1500.0
2026-09-08 10:32:00,BYN.V,,2.0,2.005000114440918,2.0,2.005000114440918,2500.0
2026-09-08 10:32:00,DCOP.V,,0.10499999672174454,0.10499999672174454,0.10499999672174454,0.10499999672174454,16000.0
2026-09-08 10:32:00,DE.V,,8.180000305175781,8.180000305175781,8.180000305175781,8.180000305175781,550.0
2026-09-08 10:32:00,EBM.V,,1.8799999952316284,1.8899999856948853,1.8799999952316284,1.8899999856948853,1500.0
2026-09-08 10:32:00,PERU.V,,0.07999999821186066,0.08500000089406967,0.07999999821186066,0.08500000089406967,10500.0
2026-09-08 10:32:00,TAU.V,,3.6050000190734863,3.609999895095825,3.6050000190734863,3.609999895095825,3300.0
2026-09-08 10:33:00,AFM.V,,1.5,1.5,1.5,1.5,7900.0
2026-09-08 10:33:00,B.V,,0.7699999809265137,0.7699999809265137,0.7699999809265137,0.7699999809265137,8800.0
2026-09-08 10:33:00,TAU.V,,3.5950000286102295,3.609999895095825,3.5950000286102295,3.609999895095825,7000.0
2026-09-08 10:34:00,BYN.V,,2.0,2.0,2.0,2.0,100.0
2026-09-08 10:34:00,CAD.V,,2.240000009536743,2.240000009536743,2.240000009536743,2.240000009536743,4300.0
2026-09-08 10:34:00,CERT.V,,2.7100000381469727,2.7200000286102295,2.7100000381469727,2.7200000286102295,4500.0
2026-09-08 10:34:00,EDG.V,,0.5400000214576721,0.5400000214576721,0.5400000214576721,0.5400000214576721,500.0
2026-09-08 10:34:00,EOG.V,,0.8450000286102295,0.8450000286102295,0.8450000286102295,0.8450000286102295,500.0
2026-09-08 10:34:00,EU.V,,1.75,1.75,1.75,1.75,100.0
2026-09-08 10:34:00,LCE.V,,0.25999999046325684,0.25999999046325684,0.25999999046325684,0.25999999046325684,9442.0
2026-09-08 10:34:00,MOON.V,,8.399999618530273,8.399999618530273,8.399999618530273,8.399999618530273,200.0
2026-09-08 10:34:00,TAU.V,,3.5999999046325684,3.5999999046325684,3.5999999046325684,3.5999999046325684,100.0
2026-09-08 10:35:00,AZT.V,,0.3799999952316284,0.3799999952316284,0.3799999952316284,0.3799999952316284,500.0
2026-09-08 10:35:00,B.V,,0.7699999809265137,0.7699999809265137,0.7699999809265137,0.7699999809265137,50000.0
2026-09-08 10:35:00,CERT.V,,2.7100000381469727,2.7149999141693115,2.7100000381469727,2.7149999141693115,2600.0
2026-09-08 10:35:00,CVV.V,,0.38999998569488525,0.38999998569488525,0.38999998569488525,0.38999998569488525,28143.0
2026-09-08 10:35:00,DB.V,,1.649999976158142,1.6699999570846558,1.649999976158142,1.6699999570846558,9677.0
2026-09-08 10:35:00,DEF.V,,0.20000000298023224,0.20000000298023224,0.20000000298023224,0.20000000298023224,500.0
2026-09-08 10:35:00,DLTA.V,,0.23999999463558197,0.23999999463558197,0.23999999463558197,0.23999999463558197,33400.0
2026-09-08 10:35:00,ENDR.V,,0.13500000536441803,0.13500000536441803,0.13500000536441803,0.13500000536441803,28200.0
2026-09-08 10:35:00,EU.V,,1.7400000095367432,1.7400000095367432,1.7400000095367432,1.7400000095367432,200.0
2026-09-08 10:36:00,ARK.V,,1.5700000524520874,1.5700000524520874,1.5700000524520874,1.5700000524520874,100.0
2026-09-08 10:36:00,AZT.V,,0.3799999952316284,0.3799999952316284,0.3799999952316284,0.3799999952316284,500.0
2026-09-08 10:36:00,BEX.V,,0.10999999940395355,0.10999999940395355,0.10999999940395355,0.10999999940395355,42500.0
2026-09-08 10:36:00,BYN.V,,2.0,2.0,2.0,2.0,100.0
2026-09-08 10:36:00,CAD.V,,2.2300000190734863,2.2300000190734863,2.2300000190734863,2.2300000190734863,100.0
2026-09-08 10:36:00,CANX.V,,0.41999998688697815,0.41999998688697815,0.41999998688697815,0.41999998688697815,8000.0
2026-09-08 10:36:00,CVV.V,,0.38999998569488525,0.38999998569488525,0.38999998569488525,0.38999998569488525,500.0
2026-09-08 10:37:00,AZT.V,,0.3799999952316284,0.3799999952316284,0.3799999952316284,0.3799999952316284,500.0
2026-09-08 10:37:00,BYN.V,,2.005000114440918,2.005000114440918,2.0,2.0,10300.0
2026-09-08 10:37:00,CERT.V,,2.7200000286102295,2.7200000286102295,2.7200000286102295,2.7200000286102295,300.0
2026-09-08 10:37:00,CPS.V,,0.07999999821186066,0.07999999821186066,0.07999999821186066,0.07999999821186066,4000.0
2026-09-08 10:37:00,EU.V,,1.7400000095367432,1.7400000095367432,1.7400000095367432,1.7400000095367432,100.0
2026-09-08 10:37:00,MOON.V,,8.4399995803833,8.4399995803833,8.420000076293945,8.420000076293945,2600.0
2026-09-08 10:37:00,TAU.V,,3.5999999046325684,3.5999999046325684,3.5999999046325684,3.5999999046325684,200.0
2026-09-08 10:38:00,AE.V,,1.2100000381469727,1.2100000381469727,1.2100000381469727,1.2100000381469727,1100.0
2026-09-08 10:38:00,AMX.V,,4.610000133514404,4.610000133514404,4.610000133514404,4.610000133514404,100.0
2026-09-08 10:38:00,ARK.V,,1.5800000429153442,1.5800000429153442,1.5800000429153442,1.5800000429153442,1100.0
2026-09-08 10:38:00,AUAU.V,,0.7099999785423279,0.7099999785423279,0.7099999785423279,0.7099999785423279,1728.0
2026-09-08 10:38:00,AXL.V,,0.6000000238418579,0.6000000238418579,0.6000000238418579,0.6000000238418579,2500.0
2026-09-08 10:38:00,AZT.V,,0.3799999952316284,0.3799999952316284,0.3799999952316284,0.3799999952316284,3500.0
2026-09-08 10:38:00,CERT.V,,2.7300000190734863,2.7300000190734863,2.7200000286102295,2.7200000286102295,1000.0
2026-09-08 10:38:00,DEC.V,,0.17499999701976776,0.17499999701976776,0.17499999701976776,0.17499999701976776,189500.0
2026-09-08 10:38:00,ECR.V,,0.3149999976158142,0.3149999976158142,0.3149999976158142,0.3149999976158142,10000.0
2026-09-08 10:38:00,MOON.V,,8.449999809265137,8.449999809265137,8.4399995803833,8.4399995803833,300.0
2026-09-08 10:39:00,AXL.V,,0.6000000238418579,0.6000000238418579,0.6000000238418579,0.6000000238418579,500.0
2026-09-08 10:39:00,B.V,,0.7799999713897705,0.7799999713897705,0.7799999713897705,0.7799999713897705,29887.0
2026-09-08 10:39:00,CANX.V,,0.42500001192092896,0.42500001192092896,0.42500001192092896,0.42500001192092896,5000.0
2026-09-08 10:39:00,CNC.V,,1.4500000476837158,1.4500000476837158,1.4500000476837158,1.4500000476837158,100.0
2026-09-08 10:39:00,COR.V,,0.4000000059604645,0.4000000059604645,0.4000000059604645,0.4000000059604645,500.0
2026-09-08 10:39:00,DBG.V,,1.850000023841858,1.850000023841858,1.840000033378601,1.840000033378601,8000.0
2026-09-08 10:39:00,DEC.V,,0.17499999701976776,0.17499999701976776,0.17499999701976776,0.17499999701976776,30000.0
2026-09-08 10:39:00,DLTA.V,,0.23499999940395355,0.23499999940395355,0.23499999940395355,0.23499999940395355,1500.0
2026-09-08 10:39:00,EMO.V,,0.3449999988079071,0.3449999988079071,0.3449999988079071,0.3449999988079071,8000.0
2026-09-08 10:39:00,EU.V,,1.75,1.75,1.75,1.75,400.0
2026-09-08 10:39:00,MOON.V,,8.460000038146973,8.460000038146973,8.460000038146973,8.460000038146973,200.0
2026-09-08 10:39:00,TAU.V,,3.5899999141693115,3.5999999046325684,3.5899999141693115,3.5999999046325684,2400.0
2026-09-08 10:40:00,AXL.V,,0.6000000238418579,0.6000000238418579,0.6000000238418579,0.6000000238418579,500.0
2026-09-08 10:40:00,BYN.V,,2.005000114440918,2.005000114440918,2.005000114440918,2.005000114440918,100.0
2026-09-08 10:40:00,CAD.V,,2.240000009536743,2.240000009536743,2.240000009536743,2.240000009536743,100.0
2026-09-08 10:40:00,EMPR.V,,0.9399999976158142,0.9399999976158142,0.9399999976158142,0.9399999976158142,2000.0
2026-09-08 10:40:00,MOON.V,,8.449999809265137,8.470000267028809,8.449999809265137,8.470000267028809,200.0
2026-09-08 10:41:00,ABM.V,,0.20000000298023224,0.20499999821186066,0.20000000298023224,0.20499999821186066,31500.0
2026-09-08 10:41:00,ALEX.V,,0.4650000035762787,0.4650000035762787,0.4650000035762787,0.4650000035762787,1000.0
2026-09-08 10:41:00,AMX.V,,4.590000152587891,4.590000152587891,4.590000152587891,4.590000152587891,100.0
2026-09-08 10:41:00,AUAU.V,,0.7300000190734863,0.7300000190734863,0.7300000190734863,0.7300000190734863,500.0
2026-09-08 10:41:00,BVA.V,,1.2300000190734863,1.2300000190734863,1.2300000190734863,1.2300000190734863,11830.0
2026-09-08 10:41:00,BYN.V,,1.9950000047683716,2.0,1.9950000047683716,2.0,3200.0
2026-09-08 10:41:00,CERT.V,,2.7200000286102295,2.7200000286102295,2.7200000286102295,2.7200000286102295,500.0
2026-09-08 10:41:00,DE.V,,8.180000305175781,8.180000305175781,8.180000305175781,8.180000305175781,300.0
2026-09-08 10:41:00,EU.V,,1.75,1.75,1.75,1.75,100.0
2026-09-08 10:41:00,LI.V,,0.4749999940395355,0.4749999940395355,0.4699999988079071,0.4699999988079071,30520.0
2026-09-08 10:41:00,TAU.V,,3.5950000286102295,3.5950000286102295,3.5899999141693115,3.5899999141693115,2900.0
2026-09-08 10:42:00,ARK.V,,1.590000033378601,1.590000033378601,1.590000033378601,1.590000033378601,100.0
2026-09-08 10:42:00,AZM.V,,0.5899999737739563,0.5899999737739563,0.5899999737739563,0.5899999737739563,1000.0
2026-09-08 10:42:00,EMPR.V,,0.9399999976158142,0.9399999976158142,0.9399999976158142,0.9399999976158142,12000.0
2026-09-08 10:42:00,EU.V,,1.75,1.75,1.75,1.75,100.0
2026-09-08 10:42:00,TAU.V,,3.5850000381469727,3.5850000381469727,3.5799999237060547,3.5850000381469727,900.0
2026-09-08 10:43:00,BYN.V,,2.0,2.0,2.0,2.0,100.0
2026-09-08 10:43:00,CAD.V,,2.240000009536743,2.240000009536743,2.240000009536743,2.240000009536743,100.0
2026-09-08 10:43:00,DBG.V,,1.850000023841858,1.850000023841858,1.840000033378601,1.840000033378601,12100.0
2026-09-08 10:43:00,DEC.V,,0.18000000715255737,0.18000000715255737,0.18000000715255737,0.18000000715255737,25000.0
2026-09-08 10:43:00,DLTA.V,,0.23499999940395355,0.23499999940395355,0.23499999940395355,0.23499999940395355,500.0
2026-09-08 10:43:00,DMGI.V,,0.550000011920929,0.550000011920929,0.550000011920929,0.550000011920929,500.0
2026-09-08 10:43:00,LIT.V,,0.09000000357627869,0.09000000357627869,0.09000000357627869,0.09000000357627869,29000.0
2026-09-08 10:43:00,MOON.V,,8.460000038146973,8.460000038146973,8.4399995803833,8.449999809265137,1000.0
2026-09-08 10:43:00,TAU.V,,3.5899999141693115,3.5899999141693115,3.5899999141693115,3.5899999141693115,3000.0
2026-09-08 10:44:00,ARK.V,,1.600000023841858,1.600000023841858,1.590000033378601,1.590000033378601,2700.0
2026-09-08 10:44:00,BRW.V,,0.13500000536441803,0.13500000536441803,0.13500000536441803,0.13500000536441803,10000.0
2026-09-08 10:44:00,BYN.V,,2.005000114440918,2.005000114440918,2.0,2.0,5800.0
2026-09-08 10:44:00,CAPT.V,,2.0399999618530273,2.0399999618530273,2.0399999618530273,2.0399999618530273,100.0
2026-09-08 10:44:00,CNC.V,,1.4500000476837158,1.4500000476837158,1.4500000476837158,1.4500000476837158,100.0
2026-09-08 10:44:00,EU.V,,1.7350000143051147,1.7400000095367432,1.7350000143051147,1.7400000095367432,5200.0
2026-09-08 10:45:00,B.V,,0.7799999713897705,0.7799999713897705,0.7799999713897705,0.7799999713897705,1500.0
2026-09-08 10:45:00,BRW.V,,0.13500000536441803,0.13500000536441803,0.13500000536441803,0.13500000536441803,16500.0
2026-09-08 10:45:00,BYN.V,,2.0,2.0,2.0,2.0,700.0
2026-09-08 10:45:00,CERT.V,,2.7200000286102295,2.7200000286102295,2.7200000286102295,2.7200000286102295,263.0
2026-09-08 10:45:00,COV.V,,3.5399999618530273,3.5399999618530273,3.5299999713897705,3.5299999713897705,300.0
2026-09-08 10:45:00,CYBE.V,,2.1500000953674316,2.1500000953674316,2.1500000953674316,2.1500000953674316,100.0
2026-09-08 10:45:00,DE.V,,8.199999809265137,8.199999809265137,8.180000305175781,8.180000305175781,300.0
2026-09-08 10:45:00,DEC.V,,0.18000000715255737,0.18000000715255737,0.18000000715255737,0.18000000715255737,26500.0
2026-09-08 10:46:00,BRW.V,,0.13500000536441803,0.13500000536441803,0.13500000536441803,0.13500000536441803,57500.0
2026-09-08 10:46:00,BYN.V,,2.009999990463257,2.009999990463257,2.005000114440918,2.009999990463257,14000.0
2026-09-08 10:46:00,COV.V,,3.5399999618530273,3.5399999618530273,3.5399999618530273,3.5399999618530273,200.0
2026-09-08 10:46:00,CRI.V,,0.05000000074505806,0.05000000074505806,0.05000000074505806,0.05000000074505806,2386.0
2026-09-08 10:46:00,CVV.V,,0.38499999046325684,0.38499999046325684,0.38499999046325684,0.38499999046325684,500.0
2026-09-08 10:46:00,CVW.V,,0.7599999904632568,0.7599999904632568,0.7599999904632568,0.7599999904632568,500.0
2026-09-08 10:46:00,DBG.V,,1.840000033378601,1.840000033378601,1.840000033378601,1.840000033378601,3200.0
2026-09-08 10:46:00,DEC.V,,0.18000000715255737,0.18000000715255737,0.18000000715255737,0.18000000715255737,105000.0
2026-09-08 10:46:00,DEX.V,,0.42500001192092896,0.42500001192092896,0.42500001192092896,0.42500001192092896,1500.0
2026-09-08 10:46:00,DLTA.V,,0.23499999940395355,0.23499999940395355,0.23499999940395355,0.23499999940395355,900.0
2026-09-08 10:46:00,EU.V,,1.7400000095367432,1.7400000095367432,1.7350000143051147,1.7400000095367432,1300.0
2026-09-08 10:46:00,TAU.V,,3.5950000286102295,3.5950000286102295,3.5899999141693115,3.5899999141693115,1100.0
2026-09-08 10:47:00,AXL.V,,0.6000000238418579,0.6000000238418579,0.6000000238418579,0.6000000238418579,1000.0
2026-09-08 10:47:00,B.V,,0.7799999713897705,0.7799999713897705,0.7799999713897705,0.7799999713897705,5138.0
2026-09-08 10:47:00,BYN.V,,2.009999990463257,2.009999990463257,2.009999990463257,2.009999990463257,55260.0
2026-09-08 10:47:00,CERT.V,,2.7100000381469727,2.7100000381469727,2.700000047683716,2.700000047683716,11100.0
2026-09-08 10:47:00,DEC.V,,0.18250000476837158,0.18250000476837158,0.18250000476837158,0.18250000476837158,1000.0
2026-09-08 10:47:00,ETL.V,,0.9900000095367432,0.9900000095367432,0.9800000190734863,0.9800000190734863,1000.0
2026-09-08 10:47:00,LIT.V,,0.09000000357627869,0.09000000357627869,0.09000000357627869,0.09000000357627869,2000.0
2026-09-08 10:47:00,TAU.V,,3.5999999046325684,3.5999999046325684,3.5999999046325684,3.5999999046325684,100.0
2026-09-08 10:48:00,AE.V,,1.2200000286102295,1.2200000286102295,1.2200000286102295,1.2200000286102295,588.0
2026-09-08 10:48:00,BAY.V,,0.04500000178813934,0.04500000178813934,0.04500000178813934,0.04500000178813934,263000.0
2026-09-08 10:48:00,BGF.V,,0.029999999329447746,0.029999999329447746,0.029999999329447746,0.029999999329447746,21000.0
2026-09-08 10:48:00,BYN.V,,2.0299999713897705,2.0299999713897705,2.0199999809265137,2.0199999809265137,28820.0
2026-09-08 10:48:00,CAD.V,,2.240000009536743,2.240000009536743,2.240000009536743,2.240000009536743,100.0
2026-09-08 10:48:00,CCD.V,,0.019999999552965164,0.019999999552965164,0.019999999552965164,0.019999999552965164,60000.0
2026-09-08 10:48:00,CERT.V,,2.7100000381469727,2.7100000381469727,2.7100000381469727,2.7100000381469727,200.0
2026-09-08 10:48:00,CNC.V,,1.4600000381469727,1.4600000381469727,1.4600000381469727,1.4600000381469727,300.0
2026-09-08 10:48:00,DBG.V,,1.850000023841858,1.850000023841858,1.850000023841858,1.850000023841858,7500.0
2026-09-08 10:48:00,DEF.V,,0.20499999821186066,0.20499999821186066,0.20499999821186066,0.20499999821186066,4000.0
2026-09-08 10:48:00,DM.V,,0.03500000014901161,0.03500000014901161,0.03500000014901161,0.03500000014901161,50000.0
2026-09-08 10:48:00,MKT.V,,0.3375000059604645,0.3375000059604645,0.3375000059604645,0.3375000059604645,500.0
2026-09-08 10:48:00,MOON.V,,8.470000267028809,8.470000267028809,8.470000267028809,8.470000267028809,700.0
2026-09-08 10:49:00,AE.V,,1.190000057220459,1.2000000476837158,1.190000057220459,1.2000000476837158,3758.0
2026-09-08 10:49:00,BYN.V,,2.0399999618530273,2.0399999618530273,2.0350000858306885,2.0399999618530273,500.0
2026-09-08 10:49:00,CAD.V,,2.2300000190734863,2.2300000190734863,2.2300000190734863,2.2300000190734863,100.0
2026-09-08 10:49:00,CTM.V,,0.13500000536441803,0.13500000536441803,0.13500000536441803,0.13500000536441803,50000.0
2026-09-08 10:49:00,DEC.V,,0.18000000715255737,0.18000000715255737,0.18000000715255737,0.18000000715255737,21000.0
2026-09-08 10:49:00,MOON.V,,8.489999771118164,8.489999771118164,8.479999542236328,8.479999542236328,600.0
2026-09-08 10:50:00,ABI.V,,0.07999999821186066,0.07999999821186066,0.07999999821186066,0.07999999821186066,2000.0
2026-09-08 10:50:00,AFM.V,,1.5,1.5,1.5,1.5,1600.0
2026-09-08 10:50:00,BYN.V,,2.0399999618530273,2.0399999618530273,2.0399999618530273,2.0399999618530273,400.0
2026-09-08 10:50:00,CKG.V,,3.5399999618530273,3.559999942779541,3.5399999618530273,3.5399999618530273,1300.0
2026-09-08 10:50:00,DBG.V,,1.8799999952316284,1.8799999952316284,1.8600000143051147,1.8600000143051147,20738.0
2026-09-08 10:50:00,EMPR.V,,0.9399999976158142,0.9399999976158142,0.9399999976158142,0.9399999976158142,3500.0
2026-09-08 10:50:00,EOG.V,,0.8450000286102295,0.8450000286102295,0.8450000286102295,0.8450000286102295,500.0
2026-09-08 10:50:00,MOON.V,,8.460000038146973,8.460000038146973,8.460000038146973,8.460000038146973,100.0
2026-09-08 10:51:00,AE.V,,1.190000057220459,1.190000057220459,1.190000057220459,1.190000057220459,500.0
2026-09-08 10:51:00,ARK.V,,1.600000023841858,1.600000023841858,1.600000023841858,1.600000023841858,100.0
2026-09-08 10:51:00,BYN.V,,2.0399999618530273,2.0399999618530273,2.0399999618530273,2.0399999618530273,700.0
2026-09-08 10:51:00,CANX.V,,0.41999998688697815,0.41999998688697815,0.41999998688697815,0.41999998688697815,28500.0
2026-09-08 10:51:00,CERT.V,,2.7100000381469727,2.7100000381469727,2.7100000381469727,2.7100000381469727,500.0
2026-09-08 10:51:00,TAU.V,,3.609999895095825,3.609999895095825,3.609999895095825,3.609999895095825,100.0
2026-09-08 10:52:00,BYN.V,,2.009999990463257,2.0399999618530273,2.009999990463257,2.0399999618530273,43300.0
2026-09-08 10:52:00,CAD.V,,2.25,2.25,2.25,2.25,100.0
2026-09-08 10:52:00,CANX.V,,0.4300000071525574,0.4300000071525574,0.42250001430511475,0.42250001430511475,57840.0
2026-09-08 10:52:00,CERT.V,,2.7100000381469727,2.7100000381469727,2.7100000381469727,2.7100000381469727,100.0
2026-09-08 10:52:00,CNC.V,,1.4600000381469727,1.4600000381469727,1.4600000381469727,1.4600000381469727,200.0
2026-09-08 10:52:00,DE.V,,8.199999809265137,8.199999809265137,8.199999809265137,8.199999809265137,200.0
2026-09-08 10:52:00,MOON.V,,8.460000038146973,8.460000038146973,8.460000038146973,8.460000038146973,400.0
2026-09-08 10:52:00,YES.V,,0.25999999046325684,0.25999999046325684,0.25999999046325684,0.25999999046325684,1500.0
2026-09-08 10:53:00,AXL.V,,0.5899999737739563,0.5899999737739563,0.5899999737739563,0.5899999737739563,6000.0
2026-09-08 10:53:00,CAD.V,,2.25,2.25,2.25,2.25,1000.0
2026-09-08 10:53:00,CVV.V,,0.38499999046325684,0.38499999046325684,0.38499999046325684,0.38499999046325684,500.0
2026-09-08 10:53:00,CVW.V,,0.7649999856948853,0.7649999856948853,0.7649999856948853,0.7649999856948853,500.0
2026-09-08 10:53:00,EMR.V,,0.07999999821186066,0.07999999821186066,0.07999999821186066,0.07999999821186066,0.0
2026-09-08 10:53:00,SPOT.V,,0.32499998807907104,0.32499998807907104,0.32499998807907104,0.32499998807907104,13000.0
2026-09-08 10:53:00,TAU.V,,3.5899999141693115,3.5950000286102295,3.5899999141693115,3.5950000286102295,2000.0
2026-09-08 10:54:00,AE.V,,1.190000057220459,1.190000057220459,1.190000057220459,1.190000057220459,500.0
2026-09-08 10:54:00,BBB.V,,0.6499999761581421,0.6499999761581421,0.6499999761581421,0.6499999761581421,500.0
2026-09-08 10:54:00,CERT.V,,2.7200000286102295,2.7200000286102295,2.7200000286102295,2.7200000286102295,2700.0
2026-09-08 10:54:00,DEC.V,,0.17499999701976776,0.17499999701976776,0.17499999701976776,0.17499999701976776,71000.0
2026-09-08 10:54:00,EDG.V,,0.5600000023841858,0.5600000023841858,0.5400000214576721,0.5400000214576721,4050.0
2026-09-08 10:54:00,EU.V,,1.7400000095367432,1.7400000095367432,1.7400000095367432,1.7400000095367432,200.0
2026-09-08 10:55:00,AUX.V,,0.16500000655651093,0.16500000655651093,0.16500000655651093,0.16500000655651093,1000.0
2026-09-08 10:55:00,BYN.V,,2.0299999713897705,2.0299999713897705,2.0250000953674316,2.0250000953674316,1000.0
2026-09-08 10:55:00,DEC.V,,0.17499999701976776,0.17499999701976776,0.17499999701976776,0.17499999701976776,10000.0
2026-09-08 10:55:00,ECR.V,,0.3174999952316284,0.3199999928474426,0.3174999952316284,0.3199999928474426,33000.0
2026-09-08 10:55:00,ECU.V,,1.7899999618530273,1.7899999618530273,1.7899999618530273,1.7899999618530273,5000.0
2026-09-08 10:55:00,EU.V,,1.7400000095367432,1.7400000095367432,1.7400000095367432,1.7400000095367432,200.0
2026-09-08 10:55:00,PERU.V,,0.07999999821186066,0.08500000089406967,0.07999999821186066,0.08500000089406967,41764.0
2026-09-08 10:56:00,AXL.V,,0.6000000238418579,0.6000000238418579,0.6000000238418579,0.6000000238418579,500.0
2026-09-08 10:56:00,BYN.V,,2.0299999713897705,2.0299999713897705,2.0299999713897705,2.0299999713897705,1900.0
2026-09-08 10:56:00,CANX.V,,0.4300000071525574,0.4300000071525574,0.4300000071525574,0.4300000071525574,35540.0
2026-09-08 10:56:00,CBLU.V,,0.04500000178813934,0.04500000178813934,0.04500000178813934,0.04500000178813934,1000.0
2026-09-08 10:56:00,CH.V,,0.15000000596046448,0.15000000596046448,0.15000000596046448,0.15000000596046448,40000.0
2026-09-08 10:56:00,DEC.V,,0.17499999701976776,0.17499999701976776,0.17499999701976776,0.17499999701976776,81000.0
2026-09-08 10:56:00,DME.V,,0.20000000298023224,0.20000000298023224,0.1899999976158142,0.1899999976158142,58668.0
2026-09-08 10:56:00,ECR.V,,0.3199999928474426,0.3199999928474426,0.3199999928474426,0.3199999928474426,35361.0
2026-09-08 10:56:00,EOG.V,,0.8399999737739563,0.8399999737739563,0.8399999737739563,0.8399999737739563,4500.0
2026-09-08 10:56:00,ETL.V,,0.9900000095367432,0.9900000095367432,0.9900000095367432,0.9900000095367432,900.0
2026-09-08 10:56:00,EU.V,,1.7400000095367432,1.7400000095367432,1.7400000095367432,1.7400000095367432,200.0
2026-09-08 10:57:00,AEMC.V,,0.054999999701976776,0.054999999701976776,0.054999999701976776,0.054999999701976776,1300.0
2026-09-08 10:57:00,AXL.V,,0.6000000238418579,0.6000000238418579,0.6000000238418579,0.6000000238418579,500.0
2026-09-08 10:57:00,BBB.V,,0.6700000166893005,0.6700000166893005,0.6700000166893005,0.6700000166893005,17500.0
2026-09-08 10:57:00,BVA.V,,1.2000000476837158,1.2000000476837158,1.2000000476837158,1.2000000476837158,100.0
2026-09-08 10:57:00,BYN.V,,2.0299999713897705,2.0299999713897705,2.0299999713897705,2.0299999713897705,400.0
2026-09-08 10:57:00,CAD.V,,2.240000009536743,2.240000009536743,2.240000009536743,2.240000009536743,200.0
2026-09-08 10:57:00,COV.V,,3.5399999618530273,3.5399999618530273,3.5399999618530273,3.5399999618530273,150.0
2026-09-08 10:57:00,DCOP.V,,0.10499999672174454,0.10499999672174454,0.10499999672174454,0.10499999672174454,10000.0
2026-09-08 10:57:00,DEC.V,,0.17000000178813934,0.17000000178813934,0.17000000178813934,0.17000000178813934,135000.0
2026-09-08 10:57:00,ECR.V,,0.32499998807907104,0.32499998807907104,0.32499998807907104,0.32499998807907104,20500.0
2026-09-08 10:57:00,EQ.V,,0.9399999976158142,0.9399999976158142,0.9399999976158142,0.9399999976158142,3000.0
2026-09-08 10:57:00,PERU.V,,0.07999999821186066,0.07999999821186066,0.07999999821186066,0.07999999821186066,4000.0
2026-09-08 10:58:00,ABI.V,,0.07999999821186066,0.07999999821186066,0.07999999821186066,0.07999999821186066,4000.0
2026-09-08 10:58:00,AMX.V,,4.579999923706055,4.579999923706055,4.579999923706055,4.579999923706055,100.0
2026-09-08 10:58:00,AXL.V,,0.6000000238418579,0.6000000238418579,0.6000000238418579,0.6000000238418579,500.0
2026-09-08 10:58:00,BYN.V,,2.0299999713897705,2.0299999713897705,2.0299999713897705,2.0299999713897705,1300.0
2026-09-08 10:58:00,CANX.V,,0.4350000023841858,0.4350000023841858,0.4350000023841858,0.4350000023841858,5685.0
2026-09-08 10:58:00,CDA.V,,0.9200000166893005,0.9350000023841858,0.9200000166893005,0.9350000023841858,0.0
2026-09-08 10:58:00,CPAU.V,,0.12999999523162842,0.12999999523162842,0.12999999523162842,0.12999999523162842,0.0
2026-09-08 10:58:00,DEC.V,,0.16500000655651093,0.16500000655651093,0.16500000655651093,0.16500000655651093,54500.0
2026-09-08 10:58:00,MOON.V,,8.420000076293945,8.420000076293945,8.420000076293945,8.420000076293945,300.0
2026-09-08 10:59:00,B.V,,0.7799999713897705,0.7900000214576721,0.7799999713897705,0.7900000214576721,15000.0
2026-09-08 10:59:00,BYN.V,,2.0299999713897705,2.0299999713897705,2.0299999713897705,2.0299999713897705,100.0
2026-09-08 10:59:00,CNC.V,,1.4600000381469727,1.4600000381469727,1.4600000381469727,1.4600000381469727,300.0
2026-09-08 10:59:00,DEC.V,,0.16500000655651093,0.16500000655651093,0.16500000655651093,0.16500000655651093,58500.0
2026-09-08 10:59:00,DMGI.V,,0.5600000023841858,0.5600000023841858,0.5600000023841858,0.5600000023841858,5500.0
2026-09-08 10:59:00,EU.V,,1.7400000095367432,1.7400000095367432,1.7400000095367432,1.7400000095367432,200.0
2026-09-08 10:59:00,LI.V,,0.4749999940395355,0.4749999940395355,0.4749999940395355,0.4749999940395355,1000.0
2026-09-08 10:59:00,MOON.V,,8.40999984741211,8.40999984741211,8.40999984741211,8.40999984741211,100.0
2026-09-08 11:00:00,BBB.V,,0.6700000166893005,0.6700000166893005,0.6700000166893005,0.6700000166893005,5000.0
2026-09-08 11:00:00,BRVO.V,,3.380000114440918,3.4100000858306885,3.380000114440918,3.4100000858306885,11700.0
2026-09-08 11:00:00,CKG.V,,3.5999999046325684,3.5999999046325684,3.5899999141693115,3.5899999141693115,3100.0
2026-09-08 11:00:00,CVV.V,,0.38499999046325684,0.38499999046325684,0.38499999046325684,0.38499999046325684,500.0
2026-09-08 11:00:00,DME.V,,0.20000000298023224,0.20000000298023224,0.19750000536441803,0.19750000536441803,2000.0
2026-09-08 11:00:00,ECR.V,,0.32499998807907104,0.32499998807907104,0.32499998807907104,0.32499998807907104,35964.0
2026-09-08 11:00:00,TAU.V,,3.5899999141693115,3.5899999141693115,3.5899999141693115,3.5899999141693115,350.0
2026-09-08 11:01:00,AZM.V,,0.5899999737739563,0.5899999737739563,0.5899999737739563,0.5899999737739563,500.0
2026-09-08 11:01:00,BBB.V,,0.6700000166893005,0.6700000166893005,0.6700000166893005,0.6700000166893005,78000.0
2026-09-08 11:01:00,BRVO.V,,3.390000104904175,3.4000000953674316,3.390000104904175,3.4000000953674316,300.0
2026-09-08 11:01:00,BVA.V,,1.2000000476837158,1.2000000476837158,1.2000000476837158,1.2000000476837158,1900.0
2026-09-08 11:01:00,BYN.V,,2.0299999713897705,2.0299999713897705,2.0299999713897705,2.0299999713897705,600.0
2026-09-08 11:01:00,CEI.V,,0.6899999976158142,0.6899999976158142,0.6899999976158142,0.6899999976158142,10000.0
2026-09-08 11:01:00,CH.V,,0.15000000596046448,0.15000000596046448,0.15000000596046448,0.15000000596046448,3500.0
2026-09-08 11:01:00,DBG.V,,1.8700000047683716,1.8700000047683716,1.8700000047683716,1.8700000047683716,1000.0
2026-09-08 11:01:00,DEC.V,,0.16750000417232513,0.16750000417232513,0.16750000417232513,0.16750000417232513,500.0
2026-09-08 11:01:00,DME.V,,0.19499999284744263,0.19499999284744263,0.19499999284744263,0.19499999284744263,500.0
2026-09-08 11:01:00,EMPR.V,,0.949999988079071,0.949999988079071,0.949999988079071,0.949999988079071,2600.0
2026-09-08 11:01:00,EU.V,,1.7400000095367432,1.7400000095367432,1.7400000095367432,1.7400000095367432,200.0
2026-09-08 11:02:00,AMX.V,,4.579999923706055,4.579999923706055,4.579999923706055,4.579999923706055,200.0
2026-09-08 11:02:00,ATR-P.V,,0.0949999988079071,0.0949999988079071,0.0949999988079071,0.0949999988079071,1000.0
2026-09-08 11:02:00,BYN.V,,2.0299999713897705,2.0299999713897705,2.0299999713897705,2.0299999713897705,1100.0
2026-09-08 11:02:00,LI.V,,0.47999998927116394,0.47999998927116394,0.4749999940395355,0.4749999940395355,11000.0
2026-09-08 11:03:00,B.V,,0.7900000214576721,0.7900000214576721,0.7900000214576721,0.7900000214576721,10500.0
2026-09-08 11:03:00,BYN.V,,2.0299999713897705,2.0299999713897705,2.0299999713897705,2.0299999713897705,500.0
2026-09-08 11:03:00,DBG.V,,1.8700000047683716,1.8700000047683716,1.8700000047683716,1.8700000047683716,3000.0
2026-09-08 11:03:00,ECR.V,,0.33000001311302185,0.33000001311302185,0.33000001311302185,0.33000001311302185,144500.0
2026-09-08 11:03:00,MOON.V,,8.420000076293945,8.420000076293945,8.420000076293945,8.420000076293945,100.0
2026-09-08 11:03:00,RUSH.V,,0.17000000178813934,0.17000000178813934,0.17000000178813934,0.17000000178813934,1000.0
2026-09-08 11:03:00,TAU.V,,3.609999895095825,3.609999895095825,3.609999895095825,3.609999895095825,2600.0
2026-09-08 11:04:00,AE.V,,1.2000000476837158,1.2000000476837158,1.2000000476837158,1.2000000476837158,1000.0
2026-09-08 11:04:00,BEA.V,,0.03500000014901161,0.03500000014901161,0.03500000014901161,0.03500000014901161,0.0
2026-09-08 11:04:00,BYN.V,,2.0350000858306885,2.0350000858306885,2.0350000858306885,2.0350000858306885,100.0
2026-09-08 11:04:00,TAU.V,,3.609999895095825,3.609999895095825,3.609999895095825,3.609999895095825,100.0
2026-09-08 11:05:00,AEC.V,,5.909999847412109,5.909999847412109,5.889999866485596,5.889999866485596,400.0
2026-09-08 11:05:00,AFM.V,,1.5,1.5,1.5,1.5,400.0
2026-09-08 11:05:00,BEX.V,,0.10499999672174454,0.10499999672174454,0.10499999672174454,0.10499999672174454,2500.0
2026-09-08 11:05:00,BYN.V,,2.0350000858306885,2.0350000858306885,2.0350000858306885,2.0350000858306885,300.0
2026-09-08 11:05:00,CERT.V,,2.7300000190734863,2.7300000190734863,2.7300000190734863,2.7300000190734863,1000.0
2026-09-08 11:05:00,ECR.V,,0.33000001311302185,0.33000001311302185,0.33000001311302185,0.33000001311302185,59400.0
2026-09-08 11:05:00,EU.V,,1.7400000095367432,1.7400000095367432,1.7400000095367432,1.7400000095367432,200.0
2026-09-08 11:05:00,MOON.V,,8.420000076293945,8.449999809265137,8.420000076293945,8.449999809265137,5125.0
2026-09-08 11:05:00,RBZ.V,,0.3499999940395355,0.3499999940395355,0.3499999940395355,0.3499999940395355,0.0
2026-09-08 11:05:00,TAU.V,,3.609999895095825,3.609999895095825,3.609999895095825,3.609999895095825,100.0
2026-09-08 11:06:00,ARK.V,,1.600000023841858,1.600000023841858,1.600000023841858,1.600000023841858,2500.0
2026-09-08 11:06:00,BRW.V,,0.13500000536441803,0.13500000536441803,0.13500000536441803,0.13500000536441803,11500.0
2026-09-08 11:06:00,BYN.V,,2.0350000858306885,2.0350000858306885,2.0350000858306885,2.0350000858306885,300.0
2026-09-08 11:06:00,CAD.V,,2.2300000190734863,2.2300000190734863,2.2300000190734863,2.2300000190734863,100.0
2026-09-08 11:06:00,ENW.V,,0.23000000417232513,0.23000000417232513,0.23000000417232513,0.23000000417232513,5000.0
2026-09-08 11:06:00,EU.V,,1.7400000095367432,1.7400000095367432,1.7400000095367432,1.7400000095367432,200.0
2026-09-08 11:06:00,MOON.V,,8.40999984741211,8.40999984741211,8.40999984741211,8.40999984741211,300.0
2026-09-08 11:06:00,TAU.V,,3.5999999046325684,3.609999895095825,3.5999999046325684,3.609999895095825,1100.0
2026-09-08 11:07:00,AEC.V,,5.869999885559082,5.889999866485596,5.869999885559082,5.889999866485596,200.0
2026-09-08 11:07:00,AFM.V,,1.5,1.5,1.5,1.5,200.0
2026-09-08 11:07:00,ARK.V,,1.600000023841858,1.600000023841858,1.600000023841858,1.600000023841858,100.0
2026-09-08 11:07:00,AWM.V,,0.029999999329447746,0.029999999329447746,0.029999999329447746,0.029999999329447746,0.0
2026-09-08 11:07:00,AXL.V,,0.5899999737739563,0.5899999737739563,0.5899999737739563,0.5899999737739563,8500.0
2026-09-08 11:07:00,BYN.V,,2.0250000953674316,2.0350000858306885,2.0250000953674316,2.0350000858306885,4600.0
2026-09-08 11:07:00,CAD.V,,2.2300000190734863,2.2300000190734863,2.2300000190734863,2.2300000190734863,900.0
2026-09-08 11:07:00,CERT.V,,2.7300000190734863,2.7300000190734863,2.7300000190734863,2.7300000190734863,252.0
2026-09-08 11:07:00,DM.V,,0.03500000014901161,0.03500000014901161,0.03500000014901161,0.03500000014901161,3000.0
2026-09-08 11:07:00,EU.V,,1.7400000095367432,1.7400000095367432,1.7400000095367432,1.7400000095367432,200.0
2026-09-08 11:08:00,AEC.V,,5.929999828338623,5.929999828338623,5.929999828338623,5.929999828338623,100.0
2026-09-08 11:08:00,AFM.V,,1.5,1.5,1.5,1.5,1300.0
2026-09-08 11:08:00,AZM.V,,0.5899999737739563,0.5899999737739563,0.5899999737739563,0.5899999737739563,11020.0
2026-09-08 11:08:00,B.V,,0.7900000214576721,0.7900000214576721,0.7900000214576721,0.7900000214576721,76500.0
2026-09-08 11:08:00,BBB.V,,0.6700000166893005,0.6700000166893005,0.6700000166893005,0.6700000166893005,25000.0
2026-09-08 11:08:00,EOG.V,,0.8399999737739563,0.8399999737739563,0.8399999737739563,0.8399999737739563,3500.0
2026-09-08 11:08:00,MOON.V,,8.449999809265137,8.449999809265137,8.40999984741211,8.40999984741211,766.0
2026-09-08 11:09:00,AFM.V,,1.5,1.5,1.5,1.5,100.0
2026-09-08 11:09:00,AUX.V,,0.16500000655651093,0.16500000655651093,0.16500000655651093,0.16500000655651093,10000.0
2026-09-08 11:09:00,AXL.V,,0.6000000238418579,0.6000000238418579,0.6000000238418579,0.6000000238418579,500.0
2026-09-08 11:09:00,BYN.V,,2.0299999713897705,2.0299999713897705,2.0299999713897705,2.0299999713897705,200.0
2026-09-08 11:09:00,CAD.V,,2.2300000190734863,2.2300000190734863,2.2300000190734863,2.2300000190734863,100.0
2026-09-08 11:09:00,DLP.V,,0.39500001072883606,0.39500001072883606,0.375,0.375,11000.0
2026-09-08 11:09:00,EMPR.V,,0.949999988079071,0.949999988079071,0.949999988079071,0.949999988079071,500.0
2026-09-08 11:09:00,EU.V,,1.7400000095367432,1.7400000095367432,1.7400000095367432,1.7400000095367432,100.0
2026-09-08 11:09:00,TAU.V,,3.609999895095825,3.609999895095825,3.609999895095825,3.609999895095825,200.0
2026-09-08 11:10:00,ARK.V,,1.590000033378601,1.590000033378601,1.590000033378601,1.590000033378601,100.0
2026-09-08 11:10:00,BBB.V,,0.6700000166893005,0.6700000166893005,0.6700000166893005,0.6700000166893005,27000.0
2026-09-08 11:10:00,BYN.V,,2.0199999809265137,2.0299999713897705,2.0199999809265137,2.0299999713897705,4600.0
2026-09-08 11:10:00,CNC.V,,1.4500000476837158,1.4500000476837158,1.4500000476837158,1.4500000476837158,400.0
2026-09-08 11:10:00,ETL.V,,0.9900000095367432,0.9900000095367432,0.9900000095367432,0.9900000095367432,300.0
2026-09-08 11:10:00,TAU.V,,3.609999895095825,3.609999895095825,3.609999895095825,3.609999895095825,100.0
2026-09-08 11:11:00,AUX.V,,0.16500000655651093,0.16500000655651093,0.16500000655651093,0.16500000655651093,17500.0
2026-09-08 11:11:00,BYN.V,,2.0250000953674316,2.0250000953674316,2.0199999809265137,2.0199999809265137,1100.0
2026-09-08 11:11:00,DBG.V,,1.8600000143051147,1.8600000143051147,1.8600000143051147,1.8600000143051147,1900.0
2026-09-08 11:11:00,DEC.V,,0.17000000178813934,0.17000000178813934,0.17000000178813934,0.17000000178813934,19500.0
2026-09-08 11:11:00,EOG.V,,0.8399999737739563,0.8399999737739563,0.8399999737739563,0.8399999737739563,4500.0
2026-09-08 11:11:00,EU.V,,1.7400000095367432,1.7400000095367432,1.7400000095367432,1.7400000095367432,600.0
2026-09-08 11:12:00,AFM.V,,1.5,1.5,1.5,1.5,100.0
2026-09-08 11:12:00,APMI.V,,0.10000000149011612,0.10000000149011612,0.10000000149011612,0.10000000149011612,0.0
2026-09-08 11:12:00,BBB.V,,0.6600000262260437,0.6650000214576721,0.6600000262260437,0.6650000214576721,47500.0
2026-09-08 11:12:00,CAD.V,,2.240000009536743,2.240000009536743,2.240000009536743,2.240000009536743,300.0
2026-09-08 11:12:00,DBG.V,,1.850000023841858,1.850000023841858,1.850000023841858,1.850000023841858,100.0
2026-09-08 11:12:00,DEC.V,,0.17000000178813934,0.17000000178813934,0.17000000178813934,0.17000000178813934,16000.0
2026-09-08 11:12:00,DLTA.V,,0.23499999940395355,0.23499999940395355,0.23499999940395355,0.23499999940395355,3000.0
2026-09-08 11:12:00,MOON.V,,8.420000076293945,8.420000076293945,8.420000076293945,8.420000076293945,100.0
2026-09-08 11:12:00,TAU.V,,3.609999895095825,3.609999895095825,3.609999895095825,3.609999895095825,400.0
2026-09-08 11:13:00,ASTR.V,,0.42500001192092896,0.42500001192092896,0.42500001192092896,0.42500001192092896,14500.0
2026-09-08 11:13:00,BYN.V,,2.0299999713897705,2.0299999713897705,2.0299999713897705,2.0299999713897705,900.0
2026-09-08 11:13:00,CEI.V,,0.6899999976158142,0.6899999976158142,0.6899999976158142,0.6899999976158142,5010.0
2026-09-08 11:13:00,CERT.V,,2.7300000190734863,2.7300000190734863,2.7300000190734863,2.7300000190734863,789.0
2026-09-08 11:13:00,DBG.V,,1.850000023841858,1.850000023841858,1.850000023841858,1.850000023841858,200.0
2026-09-08 11:13:00,DEC.V,,0.17000000178813934,0.17000000178813934,0.17000000178813934,0.17000000178813934,18500.0
2026-09-08 11:13:00,MOON.V,,8.420000076293945,8.420000076293945,8.420000076293945,8.420000076293945,200.0
2026-09-08 11:13:00,TAU.V,,3.609999895095825,3.609999895095825,3.609999895095825,3.609999895095825,700.0
2026-09-08 11:14:00,AMX.V,,4.599999904632568,4.599999904632568,4.599999904632568,4.599999904632568,200.0
2026-09-08 11:14:00,ARK.V,,1.590000033378601,1.590000033378601,1.590000033378601,1.590000033378601,100.0
2026-09-08 11:14:00,AUUA.V,,3.690000057220459,3.690000057220459,3.690000057220459,3.690000057220459,100.0
2026-09-08 11:14:00,BVA.V,,1.1699999570846558,1.1699999570846558,1.1699999570846558,1.1699999570846558,100.0
2026-09-08 11:14:00,CPAU.V,,0.12999999523162842,0.12999999523162842,0.12999999523162842,0.12999999523162842,3500.0
2026-09-08 11:14:00,DEC.V,,0.16500000655651093,0.17000000178813934,0.16500000655651093,0.17000000178813934,10000.0
2026-09-08 11:14:00,EOG.V,,0.8399999737739563,0.8399999737739563,0.8399999737739563,0.8399999737739563,5000.0
2026-09-08 11:14:00,MOON.V,,8.420000076293945,8.420000076293945,8.420000076293945,8.420000076293945,200.0
2026-09-08 11:14:00,TAU.V,,3.6050000190734863,3.6050000190734863,3.5999999046325684,3.5999999046325684,1700.0
2026-09-08 11:15:00,AMX.V,,4.590000152587891,4.590000152587891,4.590000152587891,4.590000152587891,150.0
2026-09-08 11:15:00,BYN.V,,2.0299999713897705,2.0399999618530273,2.0299999713897705,2.0299999713897705,12200.0
2026-09-08 11:15:00,CAD.V,,2.2300000190734863,2.2300000190734863,2.2300000190734863,2.2300000190734863,100.0
2026-09-08 11:15:00,CAPT.V,,2.0399999618530273,2.0399999618530273,2.0399999618530273,2.0399999618530273,700.0
2026-09-08 11:15:00,DME.V,,0.19499999284744263,0.19499999284744263,0.19499999284744263,0.19499999284744263,1500.0
2026-09-08 11:15:00,ETL.V,,1.0,1.0,1.0,1.0,1300.0
2026-09-08 11:15:00,MOON.V,,8.420000076293945,8.420000076293945,8.420000076293945,8.420000076293945,100.0
2026-09-08 11:16:00,CH.V,,0.15000000596046448,0.15000000596046448,0.15000000596046448,0.15000000596046448,1000.0
2026-09-08 11:16:00,CYBE.V,,2.1500000953674316,2.1500000953674316,2.1500000953674316,2.1500000953674316,100.0
2026-09-08 11:16:00,EU.V,,1.7400000095367432,1.7400000095367432,1.7400000095367432,1.7400000095367432,200.0
2026-09-08 11:16:00,TAU.V,,3.609999895095825,3.609999895095825,3.609999895095825,3.609999895095825,100.0
2026-09-08 11:17:00,AFM.V,,1.5,1.5,1.5,1.5,1100.0
2026-09-08 11:17:00,ARK.V,,1.5800000429153442,1.590000033378601,1.5800000429153442,1.590000033378601,2100.0
2026-09-08 11:17:00,ATR-P.V,,0.0949999988079071,0.0949999988079071,0.0949999988079071,0.0949999988079071,1000.0
2026-09-08 11:17:00,BFM.V,,0.11500000208616257,0.11500000208616257,0.11500000208616257,0.11500000208616257,5000.0
2026-09-08 11:17:00,BVA.V,,1.1699999570846558,1.1699999570846558,1.1699999570846558,1.1699999570846558,1000.0
2026-09-08 11:17:00,CANX.V,,0.4300000071525574,0.4350000023841858,0.4300000071525574,0.4300000071525574,197000.0
2026-09-08 11:17:00,CAPT.V,,2.049999952316284,2.049999952316284,2.049999952316284,2.049999952316284,100.0
2026-09-08 11:17:00,COCO.V,,0.3100000023841858,0.3100000023841858,0.3100000023841858,0.3100000023841858,12000.0
2026-09-08 11:17:00,CVV.V,,0.38999998569488525,0.38999998569488525,0.38999998569488525,0.38999998569488525,1500.0
2026-09-08 11:17:00,EMR.V,,0.07999999821186066,0.07999999821186066,0.07999999821186066,0.07999999821186066,7000.0
2026-09-08 11:17:00,EOG.V,,0.8399999737739563,0.8399999737739563,0.8399999737739563,0.8399999737739563,5000.0
2026-09-08 11:17:00,EU.V,,1.7699999809265137,1.7699999809265137,1.75,1.75,6800.0
2026-09-08 11:17:00,MOON.V,,8.449999809265137,8.470000267028809,8.449999809265137,8.449999809265137,1500.0
2026-09-08 11:18:00,CAPT.V,,2.049999952316284,2.049999952316284,2.049999952316284,2.049999952316284,100.0
2026-09-08 11:18:00,CVV.V,,0.38999998569488525,0.38999998569488525,0.38999998569488525,0.38999998569488525,500.0
2026-09-08 11:18:00,DEC.V,,0.16500000655651093,0.16500000655651093,0.16500000655651093,0.16500000655651093,9000.0
2026-09-08 11:18:00,ETL.V,,0.9900000095367432,0.9900000095367432,0.9900000095367432,0.9900000095367432,100.0
2026-09-08 11:18:00,TAU.V,,3.6050000190734863,3.6050000190734863,3.6050000190734863,3.6050000190734863,200.0
2026-09-08 11:19:00,AFM.V,,1.5,1.5,1.5,1.5,300.0
2026-09-08 11:19:00,BYN.V,,2.0199999809265137,2.0199999809265137,2.0199999809265137,2.0199999809265137,5300.0
2026-09-08 11:19:00,COV.V,,3.5199999809265137,3.5399999618530273,3.5199999809265137,3.5399999618530273,900.0
2026-09-08 11:19:00,ECR.V,,0.3149999976158142,0.33000001311302185,0.3149999976158142,0.33000001311302185,312000.0
2026-09-08 11:19:00,ETL.V,,0.9900000095367432,0.9900000095367432,0.9900000095367432,0.9900000095367432,200.0
2026-09-08 11:19:00,EU.V,,1.7599999904632568,1.7599999904632568,1.7599999904632568,1.7599999904632568,1400.0
2026-09-08 11:20:00,AEC.V,,5.849999904632568,5.849999904632568,5.849999904632568,5.849999904632568,100.0
2026-09-08 11:20:00,AFM.V,,1.5,1.5,1.5,1.5,1000.0
2026-09-08 11:20:00,ARIC.V,,0.7699999809265137,0.7699999809265137,0.7699999809265137,0.7699999809265137,7500.0
2026-09-08 11:20:00,ARK.V,,1.590000033378601,1.590000033378601,1.590000033378601,1.590000033378601,164.0
2026-09-08 11:20:00,AZT.V,,0.375,0.375,0.375,0.375,52500.0
2026-09-08 11:20:00,BYN.V,,2.0199999809265137,2.0199999809265137,2.0199999809265137,2.0199999809265137,100.0
2026-09-08 11:20:00,CERT.V,,2.7200000286102295,2.7200000286102295,2.7200000286102295,2.7200000286102295,3000.0
2026-09-08 11:20:00,CKG.V,,3.640000104904175,3.640000104904175,3.630000114440918,3.630000114440918,400.0
2026-09-08 11:20:00,COV.V,,3.5199999809265137,3.5199999809265137,3.5199999809265137,3.5199999809265137,2600.0
2026-09-08 11:20:00,DEF.V,,0.20000000298023224,0.20000000298023224,0.20000000298023224,0.20000000298023224,500.0
2026-09-08 11:20:00,EOG.V,,0.8399999737739563,0.8399999737739563,0.8399999737739563,0.8399999737739563,5000.0
2026-09-08 11:20:00,MOON.V,,8.479999542236328,8.489999771118164,8.479999542236328,8.479999542236328,700.0
2026-09-08 11:20:00,TAU.V,,3.6050000190734863,3.6050000190734863,3.6050000190734863,3.6050000190734863,100.0
2026-09-08 11:21:00,AFM.V,,1.5,1.5,1.5,1.5,1000.0
2026-09-08 11:21:00,AZT.V,,0.3700000047683716,0.3700000047683716,0.3700000047683716,0.3700000047683716,5085.0
2026-09-08 11:21:00,BAY.V,,0.04500000178813934,0.04500000178813934,0.04500000178813934,0.04500000178813934,83000.0
2026-09-08 11:21:00,BRVO.V,,3.5,3.5,3.369999885559082,3.369999885559082,2718.0
2026-09-08 11:21:00,BYN.V,,2.0199999809265137,2.0199999809265137,2.0199999809265137,2.0199999809265137,200.0
2026-09-08 11:21:00,CERT.V,,2.7200000286102295,2.7200000286102295,2.7200000286102295,2.7200000286102295,400.0
2026-09-08 11:21:00,CNC.V,,1.4500000476837158,1.4500000476837158,1.4500000476837158,1.4500000476837158,100.0
2026-09-08 11:21:00,CTM.V,,0.14000000059604645,0.14000000059604645,0.14000000059604645,0.14000000059604645,11500.0
2026-09-08 11:21:00,EU.V,,1.7599999904632568,1.7599999904632568,1.7599999904632568,1.7599999904632568,100.0
2026-09-08 11:22:00,AZT.V,,0.36500000953674316,0.3700000047683716,0.36500000953674316,0.3700000047683716,18000.0
2026-09-08 11:22:00,BVA.V,,1.1699999570846558,1.1699999570846558,1.1699999570846558,1.1699999570846558,22230.0
2026-09-08 11:22:00,BYN.V,,2.0199999809265137,2.0199999809265137,2.0199999809265137,2.0199999809265137,2500.0
2026-09-08 11:22:00,CAD.V,,2.2300000190734863,2.2300000190734863,2.2300000190734863,2.2300000190734863,100.0
2026-09-08 11:22:00,ETL.V,,0.9900000095367432,0.9900000095367432,0.9900000095367432,0.9900000095367432,100.0
2026-09-08 11:22:00,LCE.V,,0.25999999046325684,0.25999999046325684,0.25,0.25,27500.0
2026-09-08 11:22:00,TAU.V,,3.5950000286102295,3.6050000190734863,3.5950000286102295,3.6050000190734863,7700.0
2026-09-08 11:23:00,AFM.V,,1.5,1.5,1.5,1.5,200.0
2026-09-08 11:23:00,ARK.V,,1.590000033378601,1.590000033378601,1.590000033378601,1.590000033378601,100.0
2026-09-08 11:23:00,AZT.V,,0.36500000953674316,0.36500000953674316,0.36500000953674316,0.36500000953674316,4000.0
2026-09-08 11:23:00,BOL.V,,0.07000000029802322,0.07000000029802322,0.07000000029802322,0.07000000029802322,3000.0
2026-09-08 11:23:00,CKG.V,,3.5999999046325684,3.5999999046325684,3.5999999046325684,3.5999999046325684,100.0
2026-09-08 11:23:00,COV.V,,3.549999952316284,3.549999952316284,3.549999952316284,3.549999952316284,500.0
2026-09-08 11:23:00,EOG.V,,0.8399999737739563,0.8399999737739563,0.8399999737739563,0.8399999737739563,5000.0
2026-09-08 11:23:00,EU.V,,1.7599999904632568,1.7599999904632568,1.7599999904632568,1.7599999904632568,100.0
2026-09-08 11:23:00,LI.V,,0.47999998927116394,0.47999998927116394,0.4749999940395355,0.4749999940395355,5497.0
2026-09-08 11:23:00,MOON.V,,8.479999542236328,8.479999542236328,8.470000267028809,8.470000267028809,300.0
2026-09-08 11:23:00,TAU.V,,3.5899999141693115,3.5950000286102295,3.5899999141693115,3.5950000286102295,1200.0
2026-09-08 11:24:00,AFM.V,,1.4900000095367432,1.4900000095367432,1.4900000095367432,1.4900000095367432,100.0
2026-09-08 11:24:00,BVA.V,,1.1699999570846558,1.1699999570846558,1.1699999570846558,1.1699999570846558,100.0
2026-09-08 11:24:00,ETL.V,,0.9900000095367432,0.9900000095367432,0.9900000095367432,0.9900000095367432,100.0
2026-09-08 11:24:00,EU.V,,1.7599999904632568,1.7599999904632568,1.7599999904632568,1.7599999904632568,100.0
2026-09-08 11:24:00,MOON.V,,8.479999542236328,8.479999542236328,8.470000267028809,8.470000267028809,500.0
2026-09-08 11:25:00,AFM.V,,1.5,1.5,1.5,1.5,19700.0
2026-09-08 11:25:00,AMX.V,,4.590000152587891,4.599999904632568,4.590000152587891,4.599999904632568,200.0
2026-09-08 11:25:00,BYN.V,,2.0199999809265137,2.0199999809265137,2.0199999809265137,2.0199999809265137,100.0
2026-09-08 11:25:00,CAD.V,,2.2300000190734863,2.2300000190734863,2.2300000190734863,2.2300000190734863,100.0
2026-09-08 11:25:00,CBLU.V,,0.04500000178813934,0.04500000178813934,0.04500000178813934,0.04500000178813934,2000.0
2026-09-08 11:25:00,CERT.V,,2.7200000286102295,2.7249999046325684,2.7200000286102295,2.7249999046325684,2100.0
2026-09-08 11:25:00,ETF.V,,0.04500000178813934,0.04500000178813934,0.04500000178813934,0.04500000178813934,12000.0
2026-09-08 11:25:00,EU.V,,1.7599999904632568,1.7599999904632568,1.7599999904632568,1.7599999904632568,1800.0
2026-09-08 11:25:00,MOON.V,,8.5,8.5,8.479999542236328,8.479999542236328,1000.0
2026-09-08 11:26:00,AUAU.V,,0.7200000286102295,0.7200000286102295,0.7200000286102295,0.7200000286102295,500.0
2026-09-08 11:26:00,BYN.V,,2.0199999809265137,2.0199999809265137,2.0199999809265137,2.0199999809265137,400.0
2026-09-08 11:26:00,COV.V,,3.549999952316284,3.549999952316284,3.5399999618530273,3.5399999618530273,6800.0
2026-09-08 11:26:00,DB.V,,1.690000057220459,1.690000057220459,1.690000057220459,1.690000057220459,300.0
2026-09-08 11:26:00,EMO.V,,0.3449999988079071,0.3449999988079071,0.3449999988079071,0.3449999988079071,500.0
2026-09-08 11:26:00,EOG.V,,0.8399999737739563,0.8399999737739563,0.8399999737739563,0.8399999737739563,5000.0
2026-09-08 11:26:00,ETL.V,,0.9900000095367432,0.9900000095367432,0.9900000095367432,0.9900000095367432,100.0
2026-09-08 11:26:00,EU.V,,1.7599999904632568,1.7599999904632568,1.7599999904632568,1.7599999904632568,100.0
2026-09-08 11:26:00,TAU.V,,3.5999999046325684,3.5999999046325684,3.5999999046325684,3.5999999046325684,200.0
2026-09-08 11:27:00,ARK.V,,1.590000033378601,1.590000033378601,1.590000033378601,1.590000033378601,100.0
2026-09-08 11:27:00,CANX.V,,0.41999998688697815,0.41999998688697815,0.41999998688697815,0.41999998688697815,63500.0
2026-09-08 11:27:00,COCO.V,,0.3100000023841858,0.3100000023841858,0.3100000023841858,0.3100000023841858,500.0
2026-09-08 11:27:00,CPL.V,,0.2150000035762787,0.2150000035762787,0.2150000035762787,0.2150000035762787,3000.0
2026-09-08 11:27:00,DB.V,,1.6799999475479126,1.6799999475479126,1.6799999475479126,1.6799999475479126,500.0
2026-09-08 11:28:00,BYN.V,,2.0199999809265137,2.0199999809265137,2.0199999809265137,2.0199999809265137,2500.0
2026-09-08 11:28:00,CAPT.V,,2.0399999618530273,2.049999952316284,2.0399999618530273,2.049999952316284,2900.0
2026-09-08 11:28:00,CKG.V,,3.5899999141693115,3.5899999141693115,3.5899999141693115,3.5899999141693115,100.0
2026-09-08 11:28:00,CVV.V,,0.38499999046325684,0.38749998807907104,0.38499999046325684,0.38749998807907104,5000.0
2026-09-08 11:28:00,DMGI.V,,0.5699999928474426,0.5699999928474426,0.5699999928474426,0.5699999928474426,500.0
2026-09-08 11:28:00,ETL.V,,0.9900000095367432,0.9900000095367432,0.9900000095367432,0.9900000095367432,100.0
2026-09-08 11:28:00,EU.V,,1.7599999904632568,1.7599999904632568,1.7599999904632568,1.7599999904632568,1300.0
2026-09-08 11:28:00,TAU.V,,3.5899999141693115,3.5999999046325684,3.5899999141693115,3.5999999046325684,4900.0
2026-09-08 11:29:00,ADE.V,,0.10000000149011612,0.10000000149011612,0.10000000149011612,0.10000000149011612,7000.0
2026-09-08 11:29:00,ANK.V,,0.3799999952316284,0.3799999952316284,0.3799999952316284,0.3799999952316284,0.0
2026-09-08 11:29:00,CAD.V,,2.2300000190734863,2.2300000190734863,2.2300000190734863,2.2300000190734863,100.0
2026-09-08 11:29:00,COCO.V,,0.3100000023841858,0.3100000023841858,0.3100000023841858,0.3100000023841858,19500.0
2026-09-08 11:29:00,CVV.V,,0.38499999046325684,0.38499999046325684,0.38499999046325684,0.38499999046325684,1000.0
2026-09-08 11:29:00,EOG.V,,0.8399999737739563,0.8399999737739563,0.8399999737739563,0.8399999737739563,5000.0
2026-09-08 11:29:00,NET-UN.V,,6.730000019073486,6.730000019073486,6.730000019073486,6.730000019073486,100.0
2026-09-08 11:30:00,ADZ.V,,0.20999999344348907,0.20999999344348907,0.20999999344348907,0.20999999344348907,10000.0
2026-09-08 11:30:00,ARU.V,,0.19499999284744263,0.19499999284744263,0.19499999284744263,0.19499999284744263,3000.0
2026-09-08 11:30:00,BVA.V,,1.1399999856948853,1.1399999856948853,1.1399999856948853,1.1399999856948853,200.0
2026-09-08 11:30:00,BYN.V,,2.0199999809265137,2.0199999809265137,2.0199999809265137,2.0199999809265137,100.0
2026-09-08 11:30:00,CERT.V,,2.7100000381469727,2.7200000286102295,2.7100000381469727,2.7200000286102295,12283.0
2026-09-08 11:30:00,CVV.V,,0.38499999046325684,0.38499999046325684,0.38499999046325684,0.38499999046325684,21000.0
2026-09-08 11:30:00,DE.V,,8.199999809265137,8.199999809265137,8.199999809265137,8.199999809265137,100.0
2026-09-08 11:30:00,ETL.V,,0.9900000095367432,0.9900000095367432,0.9900000095367432,0.9900000095367432,100.0
2026-09-08 11:31:00,ARU.V,,0.19499999284744263,0.19499999284744263,0.19499999284744263,0.19499999284744263,3000.0
2026-09-08 11:31:00,AXL.V,,0.6000000238418579,0.6000000238418579,0.6000000238418579,0.6000000238418579,500.0
2026-09-08 11:31:00,BYN.V,,2.0199999809265137,2.0199999809265137,2.0199999809265137,2.0199999809265137,200.0
2026-09-08 11:31:00,CAPT.V,,2.0299999713897705,2.0299999713897705,2.0299999713897705,2.0299999713897705,100.0
2026-09-08 11:31:00,COV.V,,3.549999952316284,3.549999952316284,3.549999952316284,3.549999952316284,900.0
2026-09-08 11:31:00,CTM.V,,0.13500000536441803,0.13500000536441803,0.13500000536441803,0.13500000536441803,500.0
2026-09-08 11:31:00,DHB.V,,0.11999999731779099,0.11999999731779099,0.11999999731779099,0.11999999731779099,2000.0
2026-09-08 11:31:00,ETL.V,,1.0,1.0,1.0,1.0,100.0
2026-09-08 11:32:00,AFM.V,,1.5,1.5,1.5,1.5,200.0
2026-09-08 11:32:00,ARU.V,,0.19499999284744263,0.19499999284744263,0.19499999284744263,0.19499999284744263,4500.0
2026-09-08 11:32:00,BAY.V,,0.04500000178813934,0.04500000178813934,0.04500000178813934,0.04500000178813934,177000.0
2026-09-08 11:32:00,BYN.V,,2.0250000953674316,2.0250000953674316,2.0199999809265137,2.0199999809265137,1500.0
2026-09-08 11:32:00,CAPT.V,,2.0299999713897705,2.0299999713897705,2.0299999713897705,2.0299999713897705,100.0
2026-09-08 11:32:00,CVV.V,,0.38499999046325684,0.38499999046325684,0.38499999046325684,0.38499999046325684,500.0
2026-09-08 11:32:00,EOG.V,,0.8399999737739563,0.8399999737739563,0.8399999737739563,0.8399999737739563,10000.0
2026-09-08 11:32:00,ETL.V,,0.9900000095367432,0.9900000095367432,0.9900000095367432,0.9900000095367432,100.0
2026-09-08 11:32:00,MOON.V,,8.479999542236328,8.5,8.479999542236328,8.479999542236328,1500.0
2026-09-08 11:33:00,ARU.V,,0.19499999284744263,0.19499999284744263,0.19499999284744263,0.19499999284744263,2000.0
2026-09-08 11:33:00,BYN.V,,2.0250000953674316,2.0250000953674316,2.0250000953674316,2.0250000953674316,100.0
2026-09-08 11:33:00,CAPT.V,,2.0299999713897705,2.0299999713897705,2.0299999713897705,2.0299999713897705,2500.0
2026-09-08 11:33:00,CERT.V,,2.7100000381469727,2.7100000381469727,2.7100000381469727,2.7100000381469727,100.0
2026-09-08 11:33:00,DMX.V,,0.5699999928474426,0.5699999928474426,0.5699999928474426,0.5699999928474426,500.0
2026-09-08 11:33:00,EMPR.V,,0.949999988079071,0.949999988079071,0.949999988079071,0.949999988079071,1000.0
2026-09-08 11:33:00,TAU.V,,3.5999999046325684,3.5999999046325684,3.5999999046325684,3.5999999046325684,100.0
2026-09-08 11:34:00,AUGC.V,,0.20000000298023224,0.20000000298023224,0.20000000298023224,0.20000000298023224,5000.0
2026-09-08 11:34:00,BYN.V,,2.0199999809265137,2.0199999809265137,2.0199999809265137,2.0199999809265137,1400.0
2026-09-08 11:34:00,CAPT.V,,2.0199999809265137,2.0199999809265137,2.0199999809265137,2.0199999809265137,200.0
2026-09-08 11:34:00,CERT.V,,2.7100000381469727,2.7149999141693115,2.7100000381469727,2.7149999141693115,600.0
2026-09-08 11:34:00,COV.V,,3.5199999809265137,3.5199999809265137,3.5199999809265137,3.5199999809265137,200.0
2026-09-08 11:34:00,CPL.V,,0.2150000035762787,0.2150000035762787,0.2150000035762787,0.2150000035762787,5000.0
2026-09-08 11:34:00,DB.V,,1.7400000095367432,1.7400000095367432,1.7400000095367432,1.7400000095367432,100.0
2026-09-08 11:34:00,ECU.V,,1.7999999523162842,1.7999999523162842,1.7899999618530273,1.7899999618530273,7500.0
2026-09-08 11:34:00,EMO.V,,0.3449999988079071,0.3449999988079071,0.3449999988079071,0.3449999988079071,6000.0
2026-09-08 11:34:00,ENA.V,,5.260000228881836,5.400000095367432,5.260000228881836,5.400000095367432,802.0
2026-09-08 11:34:00,EU.V,,1.75,1.75,1.75,1.75,300.0
2026-09-08 11:34:00,MOON.V,,8.470000267028809,8.470000267028809,8.460000038146973,8.460000038146973,900.0
2026-09-08 11:35:00,AE.V,,1.2050000429153442,1.2050000429153442,1.2050000429153442,1.2050000429153442,300.0
2026-09-08 11:35:00,ANK.V,,0.38499999046325684,0.38499999046325684,0.38499999046325684,0.38499999046325684,2500.0
2026-09-08 11:35:00,CAD.V,,2.2300000190734863,2.2300000190734863,2.2300000190734863,2.2300000190734863,100.0
2026-09-08 11:35:00,CAPT.V,,2.0199999809265137,2.0199999809265137,2.0199999809265137,2.0199999809265137,100.0
2026-09-08 11:35:00,CERT.V,,2.7100000381469727,2.7100000381469727,2.7100000381469727,2.7100000381469727,900.0
2026-09-08 11:35:00,CYBE.V,,2.130000114440918,2.140000104904175,2.130000114440918,2.140000104904175,1600.0
2026-09-08 11:35:00,DHB.V,,0.125,0.125,0.125,0.125,26000.0
2026-09-08 11:35:00,DLP.V,,0.39500001072883606,0.39500001072883606,0.39500001072883606,0.39500001072883606,800.0
2026-09-08 11:35:00,ECU.V,,1.809999942779541,1.809999942779541,1.809999942779541,1.809999942779541,500.0
2026-09-08 11:35:00,EU.V,,1.75,1.75,1.75,1.75,1800.0
2026-09-08 11:35:00,TAU.V,,3.5999999046325684,3.5999999046325684,3.5999999046325684,3.5999999046325684,100.0
2026-09-08 11:36:00,ASTR.V,,0.4350000023841858,0.4350000023841858,0.4350000023841858,0.4350000023841858,1000.0
2026-09-08 11:36:00,ATOM.V,,0.02500000037252903,0.02500000037252903,0.02500000037252903,0.02500000037252903,2000.0
2026-09-08 11:36:00,BYN.V,,2.0199999809265137,2.0199999809265137,2.0199999809265137,2.0199999809265137,100.0
2026-09-08 11:36:00,CAD.V,,2.200000047683716,2.2300000190734863,2.200000047683716,2.2300000190734863,6150.0
2026-09-08 11:36:00,CNC.V,,1.4500000476837158,1.4500000476837158,1.4500000476837158,1.4500000476837158,138.0
2026-09-08 11:36:00,EU.V,,1.7400000095367432,1.7400000095367432,1.7400000095367432,1.7400000095367432,100.0
2026-09-08 11:37:00,BEX.V,,0.10999999940395355,0.10999999940395355,0.10999999940395355,0.10999999940395355,258500.0
2026-09-08 11:37:00,CAPT.V,,2.0199999809265137,2.0199999809265137,2.0199999809265137,2.0199999809265137,900.0
2026-09-08 11:37:00,CERT.V,,2.7100000381469727,2.7100000381469727,2.7100000381469727,2.7100000381469727,1300.0
2026-09-08 11:37:00,CTM.V,,0.12999999523162842,0.12999999523162842,0.12999999523162842,0.12999999523162842,17500.0
2026-09-08 11:37:00,CVV.V,,0.38499999046325684,0.38499999046325684,0.38499999046325684,0.38499999046325684,500.0
2026-09-08 11:37:00,EMO.V,,0.3449999988079071,0.3449999988079071,0.3449999988079071,0.3449999988079071,10000.0
2026-09-08 11:37:00,MOON.V,,8.449999809265137,8.449999809265137,8.449999809265137,8.449999809265137,400.0
2026-09-08 11:38:00,BRVO.V,,3.440000057220459,3.440000057220459,3.440000057220459,3.440000057220459,100.0
2026-09-08 11:38:00,CAPT.V,,2.009999990463257,2.009999990463257,2.009999990463257,2.009999990463257,100.0
2026-09-08 11:38:00,CEI.V,,0.6800000071525574,0.6800000071525574,0.6800000071525574,0.6800000071525574,2000.0
2026-09-08 11:38:00,EMPR.V,,0.949999988079071,0.949999988079071,0.949999988079071,0.949999988079071,10500.0
2026-09-08 11:38:00,ETL.V,,0.9900000095367432,0.9900000095367432,0.9900000095367432,0.9900000095367432,100.0
2026-09-08 11:38:00,EU.V,,1.7400000095367432,1.7400000095367432,1.7400000095367432,1.7400000095367432,100.0
2026-09-08 11:38:00,MOON.V,,8.4399995803833,8.4399995803833,8.4399995803833,8.4399995803833,200.0
2026-09-08 11:38:00,TAU.V,,3.5899999141693115,3.5999999046325684,3.5899999141693115,3.5999999046325684,1300.0
2026-09-08 11:39:00,ARK.V,,1.5800000429153442,1.5800000429153442,1.5800000429153442,1.5800000429153442,100.0
2026-09-08 11:39:00,AXL.V,,0.5899999737739563,0.5899999737739563,0.5899999737739563,0.5899999737739563,5000.0
2026-09-08 11:39:00,BYN.V,,2.0250000953674316,2.0250000953674316,2.0199999809265137,2.0199999809265137,3200.0
2026-09-08 11:39:00,CAPT.V,,2.0,2.0,2.0,2.0,100.0
2026-09-08 11:39:00,CVV.V,,0.38499999046325684,0.38499999046325684,0.38499999046325684,0.38499999046325684,500.0
2026-09-08 11:39:00,EU.V,,1.7400000095367432,1.7400000095367432,1.7400000095367432,1.7400000095367432,200.0
2026-09-08 11:39:00,LI.V,,0.48500001430511475,0.48500001430511475,0.47999998927116394,0.47999998927116394,1092.0
2026-09-08 11:39:00,MOON.V,,8.430000305175781,8.430000305175781,8.430000305175781,8.430000305175781,200.0
2026-09-08 11:40:00,ARIC.V,,0.7799999713897705,0.7799999713897705,0.7799999713897705,0.7799999713897705,2500.0
2026-09-08 11:40:00,ECR.V,,0.32499998807907104,0.32499998807907104,0.32499998807907104,0.32499998807907104,5000.0
2026-09-08 11:40:00,EOG.V,,0.8349999785423279,0.8349999785423279,0.8349999785423279,0.8349999785423279,500.0
2026-09-08 11:40:00,ETL.V,,0.9900000095367432,0.9900000095367432,0.9900000095367432,0.9900000095367432,100.0
2026-09-08 11:40:00,EU.V,,1.7400000095367432,1.7400000095367432,1.7400000095367432,1.7400000095367432,100.0
2026-09-08 11:41:00,AE.V,,1.2000000476837158,1.2000000476837158,1.2000000476837158,1.2000000476837158,4300.0
2026-09-08 11:41:00,AFM.V,,1.5,1.5,1.5,1.5,200.0
2026-09-08 11:41:00,ARIC.V,,0.7799999713897705,0.7799999713897705,0.7799999713897705,0.7799999713897705,7500.0
2026-09-08 11:41:00,BFM.V,,0.11999999731779099,0.11999999731779099,0.11999999731779099,0.11999999731779099,1000.0
2026-09-08 11:41:00,BYN.V,,2.0199999809265137,2.0250000953674316,2.0199999809265137,2.0250000953674316,1200.0
2026-09-08 11:41:00,CAD.V,,2.180000066757202,2.200000047683716,2.180000066757202,2.200000047683716,6050.0
2026-09-08 11:41:00,CAPT.V,,2.0,2.0,2.0,2.0,150.0
2026-09-08 11:41:00,DMGI.V,,0.550000011920929,0.550000011920929,0.550000011920929,0.550000011920929,500.0
2026-09-08 11:41:00,ECU.V,,1.7999999523162842,1.7999999523162842,1.7999999523162842,1.7999999523162842,3700.0
2026-09-08 11:41:00,MOON.V,,8.479999542236328,8.479999542236328,8.460000038146973,8.460000038146973,1000.0
2026-09-08 11:41:00,TIE.V,,0.8100000023841858,0.8100000023841858,0.8100000023841858,0.8100000023841858,700.0
2026-09-08 11:42:00,BYN.V,,2.0199999809265137,2.0199999809265137,2.0199999809265137,2.0199999809265137,100.0
2026-09-08 11:42:00,CTM.V,,0.12999999523162842,0.12999999523162842,0.12999999523162842,0.12999999523162842,39035.0
2026-09-08 11:42:00,CVV.V,,0.3799999952316284,0.38499999046325684,0.3799999952316284,0.38499999046325684,10000.0
2026-09-08 11:42:00,DBG.V,,1.850000023841858,1.850000023841858,1.850000023841858,1.850000023841858,400.0
2026-09-08 11:42:00,DEC.V,,0.17000000178813934,0.17000000178813934,0.17000000178813934,0.17000000178813934,5000.0
2026-09-08 11:42:00,EMPR.V,,0.9449999928474426,0.9449999928474426,0.9449999928474426,0.9449999928474426,500.0
2026-09-08 11:42:00,ETL.V,,1.0,1.0,0.9900000095367432,0.9900000095367432,1400.0
2026-09-08 11:43:00,BEX.V,,0.10999999940395355,0.10999999940395355,0.10999999940395355,0.10999999940395355,26000.0
2026-09-08 11:43:00,BRVO.V,,3.4100000858306885,3.4100000858306885,3.4100000858306885,3.4100000858306885,100.0
2026-09-08 11:43:00,CNC.V,,1.4500000476837158,1.4500000476837158,1.4450000524520874,1.4500000476837158,16414.0
2026-09-08 11:43:00,DMGI.V,,0.5600000023841858,0.5600000023841858,0.5600000023841858,0.5600000023841858,8000.0
2026-09-08 11:43:00,EMPR.V,,0.9399999976158142,0.9399999976158142,0.9399999976158142,0.9399999976158142,500.0
2026-09-08 11:43:00,EU.V,,1.7400000095367432,1.7400000095367432,1.7350000143051147,1.7350000143051147,348.0
2026-09-08 11:44:00,ADZ.V,,0.20999999344348907,0.20999999344348907,0.20999999344348907,0.20999999344348907,5000.0
2026-09-08 11:44:00,BYN.V,,2.0250000953674316,2.0250000953674316,2.0250000953674316,2.0250000953674316,200.0
2026-09-08 11:44:00,DLP.V,,0.39500001072883606,0.39500001072883606,0.39500001072883606,0.39500001072883606,4500.0
2026-09-08 11:44:00,ECR.V,,0.32499998807907104,0.32499998807907104,0.32499998807907104,0.32499998807907104,10000.0
2026-09-08 11:44:00,TAU.V,,3.5899999141693115,3.5899999141693115,3.5899999141693115,3.5899999141693115,600.0
2026-09-08 11:44:00,XX.V,,1.7300000190734863,1.7300000190734863,1.725000023841858,1.725000023841858,0.0
2026-09-08 11:45:00,CAD.V,,2.200000047683716,2.200000047683716,2.190000057220459,2.190000057220459,1200.0
2026-09-08 11:45:00,CAPT.V,,2.009999990463257,2.009999990463257,2.009999990463257,2.009999990463257,100.0
2026-09-08 11:45:00,DMGI.V,,0.5600000023841858,0.5600000023841858,0.5600000023841858,0.5600000023841858,500.0
2026-09-08 11:45:00,EMPR.V,,0.9399999976158142,0.9399999976158142,0.9399999976158142,0.9399999976158142,500.0
2026-09-08 11:45:00,EU.V,,1.7300000190734863,1.7400000095367432,1.7300000190734863,1.7400000095367432,1000.0
2026-09-08 11:45:00,MOON.V,,8.5,8.5,8.479999542236328,8.479999542236328,1200.0
2026-09-08 11:45:00,TAU.V,,3.5899999141693115,3.5899999141693115,3.5899999141693115,3.5899999141693115,400.0
2026-09-08 11:46:00,CTM.V,,0.12999999523162842,0.12999999523162842,0.12999999523162842,0.12999999523162842,12000.0
2026-09-08 11:46:00,CVV.V,,0.38499999046325684,0.38499999046325684,0.3799999952316284,0.3799999952316284,1000.0
2026-09-08 11:47:00,ADE.V,,0.10499999672174454,0.10499999672174454,0.10499999672174454,0.10499999672174454,29000.0
2026-09-08 11:47:00,BYN.V,,2.0250000953674316,2.0250000953674316,2.0250000953674316,2.0250000953674316,300.0
2026-09-08 11:47:00,CKG.V,,3.5899999141693115,3.5899999141693115,3.5899999141693115,3.5899999141693115,1415.0
2026-09-08 11:47:00,CTM.V,,0.12999999523162842,0.12999999523162842,0.12999999523162842,0.12999999523162842,10000.0
2026-09-08 11:47:00,DEF.V,,0.20000000298023224,0.20000000298023224,0.20000000298023224,0.20000000298023224,500.0
2026-09-08 11:47:00,ETL.V,,0.9900000095367432,0.9900000095367432,0.9900000095367432,0.9900000095367432,2500.0
2026-09-08 11:48:00,ADE.V,,0.10000000149011612,0.10000000149011612,0.10000000149011612,0.10000000149011612,1000.0
2026-09-08 11:48:00,BYN.V,,2.0250000953674316,2.0250000953674316,2.0250000953674316,2.0250000953674316,100.0
2026-09-08 11:48:00,DEC.V,,0.17000000178813934,0.17000000178813934,0.17000000178813934,0.17000000178813934,2500.0
2026-09-08 11:48:00,DMGI.V,,0.5600000023841858,0.5600000023841858,0.5600000023841858,0.5600000023841858,500.0
2026-09-08 11:48:00,ETL.V,,0.9900000095367432,0.9900000095367432,0.9900000095367432,0.9900000095367432,100.0
2026-09-08 11:49:00,AFM.V,,1.5,1.5,1.5,1.5,13900.0
2026-09-08 11:49:00,AXL.V,,0.5899999737739563,0.5899999737739563,0.5899999737739563,0.5899999737739563,5000.0
2026-09-08 11:49:00,BYN.V,,2.0199999809265137,2.0250000953674316,2.0199999809265137,2.0250000953674316,2700.0
2026-09-08 11:49:00,CNC.V,,1.440000057220459,1.440000057220459,1.440000057220459,1.440000057220459,700.0
2026-09-08 11:49:00,DEC.V,,0.17000000178813934,0.17000000178813934,0.17000000178813934,0.17000000178813934,25000.0
2026-09-08 11:49:00,DLTA.V,,0.23999999463558197,0.23999999463558197,0.23999999463558197,0.23999999463558197,5000.0
2026-09-08 11:49:00,ECU.V,,1.7999999523162842,1.7999999523162842,1.7999999523162842,1.7999999523162842,11000.0
2026-09-08 11:49:00,ETL.V,,0.9900000095367432,0.9900000095367432,0.9900000095367432,0.9900000095367432,3000.0
2026-09-08 11:49:00,TAU.V,,3.5899999141693115,3.5999999046325684,3.5899999141693115,3.5999999046325684,400.0
2026-09-08 11:50:00,ARK.V,,1.5800000429153442,1.5800000429153442,1.5800000429153442,1.5800000429153442,100.0
2026-09-08 11:50:00,BYN.V,,2.009999990463257,2.009999990463257,2.009999990463257,2.009999990463257,6800.0
2026-09-08 11:50:00,CAPT.V,,2.0,2.0,2.0,2.0,100.0
2026-09-08 11:50:00,CKG.V,,3.5899999141693115,3.5899999141693115,3.5899999141693115,3.5899999141693115,100.0
2026-09-08 11:50:00,DB.V,,1.75,1.75,1.75,1.75,7400.0
2026-09-08 11:50:00,DLTA.V,,0.23999999463558197,0.23999999463558197,0.23999999463558197,0.23999999463558197,12000.0
2026-09-08 11:50:00,ETL.V,,0.9900000095367432,0.9900000095367432,0.9900000095367432,0.9900000095367432,500.0
2026-09-08 11:50:00,EU.V,,1.7400000095367432,1.7400000095367432,1.7400000095367432,1.7400000095367432,1300.0
2026-09-08 11:50:00,RUSH.V,,0.17000000178813934,0.17000000178813934,0.17000000178813934,0.17000000178813934,1000.0
2026-09-08 11:50:00,TAU.V,,3.5899999141693115,3.5899999141693115,3.5899999141693115,3.5899999141693115,300.0
2026-09-08 11:51:00,AMX.V,,4.590000152587891,4.59499979019165,4.590000152587891,4.59499979019165,300.0
2026-09-08 11:51:00,CPL.V,,0.23000000417232513,0.23000000417232513,0.22499999403953552,0.22499999403953552,2500.0
2026-09-08 11:51:00,CTH.V,,1.2999999523162842,1.2999999523162842,1.2999999523162842,1.2999999523162842,12500.0
2026-09-08 11:51:00,EMPR.V,,0.9399999976158142,0.9399999976158142,0.9399999976158142,0.9399999976158142,500.0
2026-09-08 11:51:00,ETL.V,,1.0,1.0,0.9900000095367432,0.9900000095367432,3100.0
2026-09-08 11:51:00,YES.V,,0.26499998569488525,0.26499998569488525,0.26499998569488525,0.26499998569488525,3510.0
2026-09-08 11:52:00,ALEX.V,,0.4650000035762787,0.4650000035762787,0.4650000035762787,0.4650000035762787,1000.0
2026-09-08 11:52:00,BYN.V,,2.015000104904175,2.015000104904175,2.015000104904175,2.015000104904175,400.0
2026-09-08 11:52:00,CERT.V,,2.700000047683716,2.700000047683716,2.700000047683716,2.700000047683716,100.0
2026-09-08 11:52:00,CVV.V,,0.38499999046325684,0.38499999046325684,0.38499999046325684,0.38499999046325684,500.0
2026-09-08 11:52:00,ECR.V,,0.32499998807907104,0.32499998807907104,0.32499998807907104,0.32499998807907104,8000.0
2026-09-08 11:53:00,AXL.V,,0.6000000238418579,0.6000000238418579,0.6000000238418579,0.6000000238418579,500.0
2026-09-08 11:53:00,BYN.V,,2.0199999809265137,2.0199999809265137,2.0199999809265137,2.0199999809265137,100.0
2026-09-08 11:53:00,CVV.V,,0.38999998569488525,0.38999998569488525,0.38499999046325684,0.38499999046325684,1000.0
2026-09-08 11:53:00,DBG.V,,1.850000023841858,1.850000023841858,1.850000023841858,1.850000023841858,100.0
2026-09-08 11:53:00,DCOP.V,,0.10499999672174454,0.10499999672174454,0.10499999672174454,0.10499999672174454,9000.0
2026-09-08 11:53:00,DEC.V,,0.17000000178813934,0.17000000178813934,0.17000000178813934,0.17000000178813934,14000.0
2026-09-08 11:54:00,AEMC.V,,0.054999999701976776,0.054999999701976776,0.054999999701976776,0.054999999701976776,2000.0
2026-09-08 11:54:00,CERT.V,,2.700000047683716,2.700000047683716,2.700000047683716,2.700000047683716,100.0
2026-09-08 11:54:00,CNC.V,,1.4600000381469727,1.4600000381469727,1.4500000476837158,1.4500000476837158,12200.0
2026-09-08 11:54:00,CVV.V,,0.3799999952316284,0.3799999952316284,0.3799999952316284,0.3799999952316284,500.0
2026-09-08 11:54:00,DMX.V,,0.574999988079071,0.574999988079071,0.574999988079071,0.574999988079071,500.0
2026-09-08 11:54:00,EU.V,,1.7400000095367432,1.7400000095367432,1.7400000095367432,1.7400000095367432,100.0
2026-09-08 11:54:00,MOON.V,,8.479999542236328,8.479999542236328,8.460000038146973,8.479999542236328,1500.0
2026-09-08 11:54:00,TAU.V,,3.5799999237060547,3.5799999237060547,3.5799999237060547,3.5799999237060547,500.0
2026-09-08 11:55:00,AUX.V,,0.16500000655651093,0.16500000655651093,0.16500000655651093,0.16500000655651093,1500.0
2026-09-08 11:55:00,AXL.V,,0.6000000238418579,0.6000000238418579,0.6000000238418579,0.6000000238418579,500.0
2026-09-08 11:55:00,BEX.V,,0.10499999672174454,0.10499999672174454,0.10499999672174454,0.10499999672174454,49150.0
2026-09-08 11:55:00,BVA.V,,1.149999976158142,1.149999976158142,1.149999976158142,1.149999976158142,500.0
2026-09-08 11:55:00,BYN.V,,2.015000104904175,2.015000104904175,2.015000104904175,2.015000104904175,700.0
2026-09-08 11:55:00,CAPT.V,,2.0,2.0,2.0,2.0,100.0
2026-09-08 11:55:00,CERT.V,,2.700000047683716,2.700000047683716,2.700000047683716,2.700000047683716,100.0
2026-09-08 11:55:00,CKG.V,,3.5899999141693115,3.5899999141693115,3.5899999141693115,3.5899999141693115,100.0
2026-09-08 11:55:00,ETL.V,,0.9900000095367432,0.9900000095367432,0.9900000095367432,0.9900000095367432,300.0
2026-09-08 11:55:00,EU.V,,1.7400000095367432,1.7400000095367432,1.7400000095367432,1.7400000095367432,100.0
2026-09-08 11:56:00,AFM.V,,1.5,1.5,1.5,1.5,500.0
2026-09-08 11:56:00,AMX.V,,4.579999923706055,4.579999923706055,4.559999942779541,4.579999923706055,2000.0
2026-09-08 11:56:00,BRVO.V,,3.430000066757202,3.430000066757202,3.430000066757202,3.430000066757202,100.0
2026-09-08 11:56:00,CAD.V,,2.200000047683716,2.200000047683716,2.200000047683716,2.200000047683716,200.0
2026-09-08 11:56:00,CERT.V,,2.7049999237060547,2.7049999237060547,2.7049999237060547,2.7049999237060547,530.0
2026-09-08 11:56:00,CNC.V,,1.4600000381469727,1.4600000381469727,1.4600000381469727,1.4600000381469727,20082.0
2026-09-08 11:56:00,EU.V,,1.75,1.75,1.7400000095367432,1.7400000095367432,2200.0
2026-09-08 11:56:00,TAU.V,,3.5899999141693115,3.5899999141693115,3.5899999141693115,3.5899999141693115,100.0
2026-09-08 11:57:00,AFM.V,,1.5,1.5,1.5,1.5,600.0
2026-09-08 11:57:00,AXL.V,,0.6000000238418579,0.6000000238418579,0.6000000238418579,0.6000000238418579,500.0
2026-09-08 11:57:00,BAY.V,,0.04500000178813934,0.04500000178813934,0.04500000178813934,0.04500000178813934,150000.0
2026-09-08 11:57:00,BYN.V,,2.015000104904175,2.015000104904175,2.015000104904175,2.015000104904175,100.0
2026-09-08 11:57:00,CAD.V,,2.200000047683716,2.200000047683716,2.200000047683716,2.200000047683716,400.0
2026-09-08 11:57:00,CERT.V,,2.700000047683716,2.700000047683716,2.700000047683716,2.700000047683716,100.0
2026-09-08 11:57:00,CVV.V,,0.38999998569488525,0.38999998569488525,0.38999998569488525,0.38999998569488525,500.0
2026-09-08 11:57:00,DBG.V,,1.850000023841858,1.850000023841858,1.850000023841858,1.850000023841858,100.0
2026-09-08 11:57:00,ECR.V,,0.32499998807907104,0.32499998807907104,0.32499998807907104,0.32499998807907104,48500.0
2026-09-08 11:57:00,EQ.V,,0.9599999785423279,0.9599999785423279,0.9449999928474426,0.9449999928474426,2500.0
2026-09-08 11:57:00,LIT.V,,0.09000000357627869,0.09000000357627869,0.09000000357627869,0.09000000357627869,9666.0
2026-09-08 11:58:00,AFM.V,,1.5,1.5,1.5,1.5,600.0
2026-09-08 11:58:00,BYN.V,,2.015000104904175,2.015000104904175,2.015000104904175,2.015000104904175,400.0
2026-09-08 11:58:00,CERT.V,,2.700000047683716,2.700000047683716,2.700000047683716,2.700000047683716,100.0
2026-09-08 11:58:00,CYBE.V,,2.140000104904175,2.140000104904175,2.140000104904175,2.140000104904175,200.0
2026-09-08 11:58:00,DLTA.V,,0.23999999463558197,0.23999999463558197,0.23999999463558197,0.23999999463558197,5000.0
2026-09-08 11:58:00,EU.V,,1.7599999904632568,1.7599999904632568,1.7599999904632568,1.7599999904632568,200.0
2026-09-08 11:59:00,BAY.V,,0.04500000178813934,0.04500000178813934,0.04500000178813934,0.04500000178813934,2000.0
2026-09-08 11:59:00,BRVO.V,,3.4100000858306885,3.4100000858306885,3.4100000858306885,3.4100000858306885,100.0
2026-09-08 11:59:00,BYN.V,,2.015000104904175,2.015000104904175,2.015000104904175,2.015000104904175,100.0
2026-09-08 11:59:00,CANX.V,,0.4099999964237213,0.4099999964237213,0.4099999964237213,0.4099999964237213,2000.0
2026-09-08 11:59:00,CPL.V,,0.23000000417232513,0.23000000417232513,0.23000000417232513,0.23000000417232513,6500.0
2026-09-08 11:59:00,DMGI.V,,0.5600000023841858,0.5600000023841858,0.5600000023841858,0.5600000023841858,500.0
2026-09-08 11:59:00,EU.V,,1.7599999904632568,1.7599999904632568,1.7599999904632568,1.7599999904632568,500.0
2026-09-08 12:00:00,AFM.V,,1.5,1.5,1.5,1.5,200.0
2026-09-08 12:00:00,AUX.V,,0.16500000655651093,0.16500000655651093,0.16500000655651093,0.16500000655651093,500.0
2026-09-08 12:00:00,AXL.V,,0.6000000238418579,0.6000000238418579,0.6000000238418579,0.6000000238418579,500.0
2026-09-08 12:00:00,BYN.V,,2.015000104904175,2.015000104904175,2.015000104904175,2.015000104904175,100.0
2026-09-08 12:00:00,CANX.V,,0.4099999964237213,0.4099999964237213,0.4099999964237213,0.4099999964237213,52500.0
2026-09-08 12:00:00,CAPT.V,,2.0,2.0,2.0,2.0,100.0
2026-09-08 12:00:00,CERT.V,,2.700000047683716,2.700000047683716,2.700000047683716,2.700000047683716,800.0
2026-09-08 12:00:00,DBG.V,,1.850000023841858,1.850000023841858,1.850000023841858,1.850000023841858,100.0
2026-09-08 12:00:00,EMPR.V,,0.9399999976158142,0.9399999976158142,0.9399999976158142,0.9399999976158142,500.0
2026-09-08 12:00:00,EOG.V,,0.8299999833106995,0.8299999833106995,0.8299999833106995,0.8299999833106995,500.0
2026-09-08 12:00:00,EQ.V,,0.949999988079071,0.949999988079071,0.949999988079071,0.949999988079071,500.0
2026-09-08 12:01:00,AFM.V,,1.5,1.5,1.5,1.5,170.0
2026-09-08 12:01:00,BYN.V,,2.009999990463257,2.009999990463257,2.009999990463257,2.009999990463257,1000.0
2026-09-08 12:01:00,CERT.V,,2.700000047683716,2.700000047683716,2.700000047683716,2.700000047683716,100.0
2026-09-08 12:01:00,COV.V,,3.5199999809265137,3.5199999809265137,3.5199999809265137,3.5199999809265137,582.0
2026-09-08 12:01:00,DEC.V,,0.17000000178813934,0.17000000178813934,0.17000000178813934,0.17000000178813934,6500.0
2026-09-08 12:01:00,DMGI.V,,0.5600000023841858,0.5600000023841858,0.5600000023841858,0.5600000023841858,12180.0
2026-09-08 12:01:00,LI.V,,0.47999998927116394,0.47999998927116394,0.4699999988079071,0.4749999940395355,22500.0
2026-09-08 12:01:00,MOON.V,,8.460000038146973,8.460000038146973,8.460000038146973,8.460000038146973,600.0
2026-09-08 12:01:00,TAU.V,,3.569999933242798,3.5799999237060547,3.569999933242798,3.5799999237060547,3200.0
2026-09-08 12:02:00,ARIC.V,,0.7799999713897705,0.7799999713897705,0.7799999713897705,0.7799999713897705,10000.0
2026-09-08 12:02:00,ASTR.V,,0.4350000023841858,0.4350000023841858,0.4350000023841858,0.4350000023841858,3000.0
2026-09-08 12:02:00,CANX.V,,0.4099999964237213,0.4099999964237213,0.4099999964237213,0.4099999964237213,35500.0
2026-09-08 12:02:00,COR.V,,0.4000000059604645,0.4000000059604645,0.4000000059604645,0.4000000059604645,1000.0
2026-09-08 12:02:00,CPL.V,,0.23499999940395355,0.23499999940395355,0.23499999940395355,0.23499999940395355,10000.0
2026-09-08 12:02:00,CVV.V,,0.38999998569488525,0.38999998569488525,0.38999998569488525,0.38999998569488525,500.0
2026-09-08 12:02:00,DB.V,,1.7999999523162842,1.7999999523162842,1.7999999523162842,1.7999999523162842,20000.0
2026-09-08 12:02:00,DEC.V,,0.17000000178813934,0.17000000178813934,0.17000000178813934,0.17000000178813934,145000.0
2026-09-08 12:02:00,DLTA.V,,0.23999999463558197,0.23999999463558197,0.23999999463558197,0.23999999463558197,2000.0
2026-09-08 12:02:00,DMX.V,,0.5799999833106995,0.5799999833106995,0.5799999833106995,0.5799999833106995,13000.0
2026-09-08 12:02:00,ECR.V,,0.32499998807907104,0.32499998807907104,0.32499998807907104,0.32499998807907104,1000.0
2026-09-08 12:02:00,ECU.V,,1.7899999618530273,1.7899999618530273,1.7899999618530273,1.7899999618530273,300.0
2026-09-08 12:02:00,ENW.V,,0.23000000417232513,0.23000000417232513,0.23000000417232513,0.23000000417232513,1000.0
2026-09-08 12:02:00,EU.V,,1.7599999904632568,1.7599999904632568,1.7599999904632568,1.7599999904632568,2000.0
2026-09-08 12:03:00,AMX.V,,4.559999942779541,4.559999942779541,4.559999942779541,4.559999942779541,100.0
2026-09-08 12:03:00,B.V,,0.7900000214576721,0.7900000214576721,0.7900000214576721,0.7900000214576721,2500.0
2026-09-08 12:03:00,BRVO.V,,3.4000000953674316,3.4000000953674316,3.4000000953674316,3.4000000953674316,200.0
2026-09-08 12:03:00,BYN.V,,2.009999990463257,2.009999990463257,2.009999990463257,2.009999990463257,100.0
2026-09-08 12:03:00,CNC.V,,1.4700000286102295,1.4700000286102295,1.4700000286102295,1.4700000286102295,1000.0
2026-09-08 12:03:00,DEC.V,,0.17000000178813934,0.17000000178813934,0.17000000178813934,0.17000000178813934,51000.0
2026-09-08 12:03:00,LI.V,,0.47999998927116394,0.47999998927116394,0.47999998927116394,0.47999998927116394,1500.0
2026-09-08 12:04:00,AMX.V,,4.559999942779541,4.559999942779541,4.559999942779541,4.559999942779541,100.0
2026-09-08 12:04:00,ASTR.V,,0.4350000023841858,0.4350000023841858,0.4350000023841858,0.4350000023841858,1500.0
2026-09-08 12:04:00,AXL.V,,0.6000000238418579,0.6000000238418579,0.6000000238418579,0.6000000238418579,2000.0
2026-09-08 12:04:00,BYN.V,,2.009999990463257,2.009999990463257,2.009999990463257,2.009999990463257,100.0
2026-09-08 12:04:00,CAD.V,,2.190000057220459,2.190000057220459,2.190000057220459,2.190000057220459,198.0
2026-09-08 12:04:00,CAPT.V,,2.0,2.0,2.0,2.0,100.0
2026-09-08 12:04:00,ETF.V,,0.03999999910593033,0.03999999910593033,0.03999999910593033,0.03999999910593033,2000.0
2026-09-08 12:04:00,MOON.V,,8.479999542236328,8.479999542236328,8.479999542236328,8.479999542236328,200.0
2026-09-08 12:04:00,TAU.V,,3.5799999237060547,3.5799999237060547,3.5799999237060547,3.5799999237060547,200.0
2026-09-08 12:05:00,ASTR.V,,0.4350000023841858,0.4350000023841858,0.4350000023841858,0.4350000023841858,1300.0
2026-09-08 12:05:00,BYN.V,,2.009999990463257,2.009999990463257,2.009999990463257,2.009999990463257,100.0
2026-09-08 12:05:00,CERT.V,,2.700000047683716,2.700000047683716,2.700000047683716,2.700000047683716,200.0
2026-09-08 12:05:00,TAU.V,,3.5799999237060547,3.5799999237060547,3.5799999237060547,3.5799999237060547,1000.0
2026-09-08 12:06:00,BYN.V,,2.009999990463257,2.009999990463257,2.009999990463257,2.009999990463257,100.0
2026-09-08 12:06:00,DBG.V,,1.8799999952316284,1.8799999952316284,1.8600000143051147,1.8600000143051147,37900.0
2026-09-08 12:06:00,DEC.V,,0.17000000178813934,0.17000000178813934,0.17000000178813934,0.17000000178813934,50000.0
2026-09-08 12:06:00,ENDR.V,,0.12999999523162842,0.12999999523162842,0.12999999523162842,0.12999999523162842,35000.0
2026-09-08 12:07:00,ABM.V,,0.20000000298023224,0.20000000298023224,0.20000000298023224,0.20000000298023224,14500.0
2026-09-08 12:07:00,BYN.V,,2.009999990463257,2.009999990463257,2.009999990463257,2.009999990463257,100.0
2026-09-08 12:07:00,CVV.V,,0.38999998569488525,0.38999998569488525,0.38999998569488525,0.38999998569488525,500.0
2026-09-08 12:07:00,DBG.V,,1.8899999856948853,1.909999966621399,1.8799999952316284,1.8799999952316284,27650.0
2026-09-08 12:07:00,EQ.V,,0.949999988079071,0.949999988079071,0.949999988079071,0.949999988079071,500.0
2026-09-08 12:07:00,TAU.V,,3.5799999237060547,3.5799999237060547,3.5799999237060547,3.5799999237060547,600.0
2026-09-08 12:08:00,ARK.V,,1.5700000524520874,1.5700000524520874,1.5700000524520874,1.5700000524520874,915.0
2026-09-08 12:08:00,DBG.V,,1.899999976158142,1.9299999475479126,1.8899999856948853,1.8899999856948853,28982.0
2026-09-08 12:08:00,DLTA.V,,0.23999999463558197,0.23999999463558197,0.23999999463558197,0.23999999463558197,3000.0
2026-09-08 12:08:00,EU.V,,1.75,1.75,1.75,1.75,400.0
2026-09-08 12:09:00,AMX.V,,4.550000190734863,4.550000190734863,4.550000190734863,4.550000190734863,200.0
2026-09-08 12:09:00,BYN.V,,2.009999990463257,2.009999990463257,2.009999990463257,2.009999990463257,100.0
2026-09-08 12:09:00,CANX.V,,0.4099999964237213,0.4099999964237213,0.4099999964237213,0.4099999964237213,14500.0
2026-09-08 12:09:00,CAPT.V,,2.0,2.0,2.0,2.0,100.0
2026-09-08 12:09:00,CNC.V,,1.4700000286102295,1.4700000286102295,1.4700000286102295,1.4700000286102295,4213.0
2026-09-08 12:09:00,DBG.V,,1.8799999952316284,1.8799999952316284,1.8799999952316284,1.8799999952316284,3800.0
2026-09-08 12:09:00,DEC.V,,0.17000000178813934,0.17000000178813934,0.17000000178813934,0.17000000178813934,1000.0
2026-09-08 12:09:00,EMO.V,,0.3449999988079071,0.3449999988079071,0.3449999988079071,0.3449999988079071,2000.0
2026-09-08 12:09:00,EMPR.V,,0.9399999976158142,0.9399999976158142,0.9399999976158142,0.9399999976158142,500.0
2026-09-08 12:09:00,EU.V,,1.75,1.75,1.75,1.75,1102.0
2026-09-08 12:09:00,MOON.V,,8.420000076293945,8.449999809265137,8.420000076293945,8.449999809265137,6500.0
2026-09-08 12:09:00,TAU.V,,3.569999933242798,3.569999933242798,3.569999933242798,3.569999933242798,100.0
2026-09-08 12:10:00,AMX.V,,4.539999961853027,4.550000190734863,4.539999961853027,4.550000190734863,200.0
2026-09-08 12:10:00,APMI.V,,0.10999999940395355,0.10999999940395355,0.10499999672174454,0.10499999672174454,98500.0
2026-09-08 12:10:00,CANX.V,,0.4099999964237213,0.4099999964237213,0.4099999964237213,0.4099999964237213,500.0
2026-09-08 12:10:00,CPS.V,,0.07999999821186066,0.07999999821186066,0.07999999821186066,0.07999999821186066,8400.0
2026-09-08 12:10:00,DBG.V,,1.8799999952316284,1.8799999952316284,1.8799999952316284,1.8799999952316284,9604.0
2026-09-08 12:10:00,DE.V,,8.220000267028809,8.220000267028809,8.220000267028809,8.220000267028809,100.0
2026-09-08 12:10:00,DEC.V,,0.17000000178813934,0.17000000178813934,0.17000000178813934,0.17000000178813934,500.0
2026-09-08 12:10:00,EQ.V,,0.949999988079071,0.949999988079071,0.949999988079071,0.949999988079071,500.0
2026-09-08 12:10:00,EU.V,,1.7400000095367432,1.7400000095367432,1.7400000095367432,1.7400000095367432,100.0
2026-09-08 12:10:00,MOON.V,,8.40999984741211,8.40999984741211,8.40999984741211,8.40999984741211,200.0
2026-09-08 12:11:00,AUAU.V,,0.7200000286102295,0.7200000286102295,0.7200000286102295,0.7200000286102295,1000.0
2026-09-08 12:11:00,BYN.V,,2.0,2.005000114440918,2.0,2.005000114440918,34350.0
2026-09-08 12:11:00,CAD.V,,2.190000057220459,2.190000057220459,2.190000057220459,2.190000057220459,2500.0
2026-09-08 12:11:00,CNC.V,,1.475000023841858,1.475000023841858,1.475000023841858,1.475000023841858,600.0
2026-09-08 12:11:00,DMX.V,,0.5699999928474426,0.5699999928474426,0.5699999928474426,0.5699999928474426,500.0
2026-09-08 12:11:00,EDG.V,,0.550000011920929,0.550000011920929,0.550000011920929,0.550000011920929,1000.0
2026-09-08 12:11:00,EU.V,,1.7400000095367432,1.7400000095367432,1.7400000095367432,1.7400000095367432,100.0
2026-09-08 12:11:00,TAU.V,,3.559999942779541,3.569999933242798,3.559999942779541,3.569999933242798,4200.0
2026-09-08 12:12:00,AXL.V,,0.6000000238418579,0.6000000238418579,0.6000000238418579,0.6000000238418579,500.0
2026-09-08 12:12:00,CERT.V,,2.680000066757202,2.700000047683716,2.680000066757202,2.700000047683716,17300.0
2026-09-08 12:12:00,CPL.V,,0.23000000417232513,0.23000000417232513,0.23000000417232513,0.23000000417232513,10000.0
2026-09-08 12:12:00,CUU.V,,0.6800000071525574,0.6800000071525574,0.6800000071525574,0.6800000071525574,500.0
2026-09-08 12:12:00,CVV.V,,0.38999998569488525,0.38999998569488525,0.38999998569488525,0.38999998569488525,500.0
2026-09-08 12:12:00,DEC.V,,0.17000000178813934,0.17000000178813934,0.17000000178813934,0.17000000178813934,5000.0
2026-09-08 12:12:00,DMGI.V,,0.5600000023841858,0.5600000023841858,0.5600000023841858,0.5600000023841858,3000.0
2026-09-08 12:12:00,EQ.V,,0.9700000286102295,0.9700000286102295,0.9599999785423279,0.9599999785423279,1500.0
2026-09-08 12:12:00,ETL.V,,1.0,1.0,1.0,1.0,500.0
2026-09-08 12:12:00,MOON.V,,8.399999618530273,8.399999618530273,8.399999618530273,8.399999618530273,9200.0
2026-09-08 12:13:00,BYN.V,,2.0,2.0,2.0,2.0,200.0
2026-09-08 12:13:00,CANX.V,,0.41999998688697815,0.41999998688697815,0.41499999165534973,0.41499999165534973,65000.0
2026-09-08 12:13:00,CAPT.V,,2.0,2.0,2.0,2.0,100.0
2026-09-08 12:13:00,CTH.V,,1.309999942779541,1.309999942779541,1.309999942779541,1.309999942779541,3000.0
2026-09-08 12:13:00,CTM.V,,0.12999999523162842,0.12999999523162842,0.12999999523162842,0.12999999523162842,20000.0
2026-09-08 12:13:00,DEC.V,,0.17000000178813934,0.17000000178813934,0.17000000178813934,0.17000000178813934,10000.0
2026-09-08 12:13:00,DMGI.V,,0.5699999928474426,0.5699999928474426,0.5600000023841858,0.5600000023841858,3000.0
2026-09-08 12:13:00,EU.V,,1.7400000095367432,1.7400000095367432,1.7400000095367432,1.7400000095367432,200.0
2026-09-08 12:13:00,TAU.V,,3.569999933242798,3.569999933242798,3.569999933242798,3.569999933242798,300.0
2026-09-08 12:14:00,ABM.V,,0.19499999284744263,0.19499999284744263,0.19499999284744263,0.19499999284744263,3500.0
2026-09-08 12:14:00,BYN.V,,2.0,2.0,2.0,2.0,200.0
2026-09-08 12:14:00,DEC.V,,0.17000000178813934,0.17000000178813934,0.17000000178813934,0.17000000178813934,66000.0
2026-09-08 12:14:00,EU.V,,1.7300000190734863,1.7400000095367432,1.7300000190734863,1.7400000095367432,300.0
2026-09-08 12:14:00,MOON.V,,8.399999618530273,8.399999618530273,8.399999618530273,8.399999618530273,500.0
2026-09-08 12:15:00,AXL.V,,0.6000000238418579,0.6000000238418579,0.6000000238418579,0.6000000238418579,500.0
2026-09-08 12:15:00,BYN.V,,2.0,2.0,2.0,2.0,400.0
2026-09-08 12:15:00,CNC.V,,1.4700000286102295,1.475000023841858,1.4700000286102295,1.475000023841858,4100.0
2026-09-08 12:15:00,MOON.V,,8.399999618530273,8.399999618530273,8.399999618530273,8.399999618530273,100.0
2026-09-08 12:16:00,ARK.V,,1.5800000429153442,1.5800000429153442,1.5800000429153442,1.5800000429153442,100.0
2026-09-08 12:16:00,BYN.V,,2.0,2.0,2.0,2.0,100.0
2026-09-08 12:16:00,COV.V,,3.5,3.509999990463257,3.5,3.509999990463257,7900.0
2026-09-08 12:16:00,DEC.V,,0.17000000178813934,0.17000000178813934,0.17000000178813934,0.17000000178813934,22500.0
2026-09-08 12:16:00,EU.V,,1.7300000190734863,1.7300000190734863,1.7300000190734863,1.7300000190734863,100.0
2026-09-08 12:16:00,TIE.V,,0.8100000023841858,0.8100000023841858,0.8100000023841858,0.8100000023841858,2000.0
2026-09-08 12:17:00,BYN.V,,2.0,2.0,2.0,2.0,100.0
2026-09-08 12:17:00,CKG.V,,3.6600000858306885,3.6600000858306885,3.630000114440918,3.630000114440918,2900.0
2026-09-08 12:17:00,EU.V,,1.7400000095367432,1.7400000095367432,1.7400000095367432,1.7400000095367432,100.0
2026-09-08 12:17:00,XX.V,,1.7300000190734863,1.7300000190734863,1.7300000190734863,1.7300000190734863,1000.0
2026-09-08 12:18:00,AXL.V,,0.6000000238418579,0.6000000238418579,0.6000000238418579,0.6000000238418579,2000.0
2026-09-08 12:18:00,BBB.V,,0.6600000262260437,0.6600000262260437,0.6600000262260437,0.6600000262260437,2070.0
2026-09-08 12:18:00,CAPT.V,,2.0,2.0,2.0,2.0,100.0
2026-09-08 12:18:00,CASA.V,,0.07500000298023224,0.07500000298023224,0.07500000298023224,0.07500000298023224,4000.0
2026-09-08 12:18:00,CKG.V,,3.640000104904175,3.6500000953674316,3.640000104904175,3.6500000953674316,6600.0
2026-09-08 12:18:00,ENW.V,,0.23499999940395355,0.23499999940395355,0.23499999940395355,0.23499999940395355,10399.0
2026-09-08 12:18:00,TAU.V,,3.569999933242798,3.569999933242798,3.569999933242798,3.569999933242798,900.0
2026-09-08 12:19:00,AXL.V,,0.6000000238418579,0.6000000238418579,0.6000000238418579,0.6000000238418579,500.0
2026-09-08 12:19:00,BVA.V,,1.1399999856948853,1.1399999856948853,1.1399999856948853,1.1399999856948853,800.0
2026-09-08 12:19:00,BYN.V,,2.0,2.0,2.0,2.0,200.0
2026-09-08 12:19:00,CERT.V,,2.690000057220459,2.690000057220459,2.680000066757202,2.680000066757202,3300.0
2026-09-08 12:19:00,COV.V,,3.5,3.5,3.5,3.5,1700.0
2026-09-08 12:19:00,DEC.V,,0.17000000178813934,0.17000000178813934,0.17000000178813934,0.17000000178813934,30000.0
2026-09-08 12:19:00,EOG.V,,0.8349999785423279,0.8349999785423279,0.8349999785423279,0.8349999785423279,2500.0
2026-09-08 12:19:00,EU.V,,1.7400000095367432,1.7400000095367432,1.7400000095367432,1.7400000095367432,2400.0
2026-09-08 12:19:00,MOON.V,,8.430000305175781,8.430000305175781,8.430000305175781,8.430000305175781,200.0
2026-09-08 12:20:00,AXL.V,,0.6000000238418579,0.6000000238418579,0.6000000238418579,0.6000000238418579,1000.0
2026-09-08 12:20:00,CAPT.V,,2.0199999809265137,2.0199999809265137,2.0199999809265137,2.0199999809265137,100.0
2026-09-08 12:20:00,DEC.V,,0.17000000178813934,0.17000000178813934,0.17000000178813934,0.17000000178813934,5000.0
2026-09-08 12:20:00,DMGI.V,,0.5550000071525574,0.5550000071525574,0.5550000071525574,0.5550000071525574,1000.0
2026-09-08 12:20:00,DMX.V,,0.5699999928474426,0.5699999928474426,0.5699999928474426,0.5699999928474426,500.0
2026-09-08 12:20:00,ECR.V,,0.3199999928474426,0.3199999928474426,0.3199999928474426,0.3199999928474426,12500.0
2026-09-08 12:20:00,ENDR.V,,0.12999999523162842,0.12999999523162842,0.12999999523162842,0.12999999523162842,7500.0
2026-09-08 12:20:00,EOG.V,,0.8349999785423279,0.8349999785423279,0.8349999785423279,0.8349999785423279,3500.0
2026-09-08 12:20:00,MOON.V,,8.4399995803833,8.4399995803833,8.430000305175781,8.430000305175781,900.0
2026-09-08 12:20:00,TAU.V,,3.569999933242798,3.569999933242798,3.559999942779541,3.569999933242798,2800.0
2026-09-08 12:21:00,AXL.V,,0.6000000238418579,0.6000000238418579,0.6000000238418579,0.6000000238418579,1000.0
2026-09-08 12:21:00,BTR.V,,0.14000000059604645,0.14000000059604645,0.14000000059604645,0.14000000059604645,60100.0
2026-09-08 12:21:00,BVA.V,,1.1399999856948853,1.1399999856948853,1.1399999856948853,1.1399999856948853,5700.0
2026-09-08 12:21:00,BYN.V,,2.0,2.0,2.0,2.0,1000.0
2026-09-08 12:21:00,CERT.V,,2.674999952316284,2.680000066757202,2.674999952316284,2.680000066757202,5800.0
2026-09-08 12:21:00,CKG.V,,3.640000104904175,3.640000104904175,3.640000104904175,3.640000104904175,100.0
2026-09-08 12:21:00,DEC.V,,0.17000000178813934,0.17000000178813934,0.17000000178813934,0.17000000178813934,5000.0
2026-09-08 12:21:00,EOG.V,,0.8349999785423279,0.8349999785423279,0.8349999785423279,0.8349999785423279,1000.0
2026-09-08 12:21:00,TAU.V,,3.5850000381469727,3.5850000381469727,3.5799999237060547,3.5799999237060547,800.0
2026-09-08 12:22:00,AXL.V,,0.6000000238418579,0.6000000238418579,0.6000000238418579,0.6000000238418579,3500.0
2026-09-08 12:22:00,BYN.V,,2.005000114440918,2.005000114440918,2.0,2.0,1900.0
2026-09-08 12:22:00,CKG.V,,3.640000104904175,3.640000104904175,3.640000104904175,3.640000104904175,100.0
2026-09-08 12:22:00,DB.V,,1.7999999523162842,1.7999999523162842,1.7999999523162842,1.7999999523162842,138.0
2026-09-08 12:22:00,ECU.V,,1.7899999618530273,1.7899999618530273,1.7899999618530273,1.7899999618530273,100.0
2026-09-08 12:22:00,TAU.V,,3.5799999237060547,3.5850000381469727,3.5799999237060547,3.5850000381469727,500.0
2026-09-08 12:23:00,ADZ.V,,0.2199999988079071,0.2199999988079071,0.20999999344348907,0.20999999344348907,10000.0
2026-09-08 12:23:00,AXL.V,,0.6000000238418579,0.6000000238418579,0.6000000238418579,0.6000000238418579,1000.0
2026-09-08 12:23:00,BBB.V,,0.6600000262260437,0.6600000262260437,0.6600000262260437,0.6600000262260437,2000.0
2026-09-08 12:23:00,CAPT.V,,2.0,2.0,2.0,2.0,100.0
2026-09-08 12:23:00,CKG.V,,3.640000104904175,3.640000104904175,3.640000104904175,3.640000104904175,200.0
2026-09-08 12:23:00,CUU.V,,0.699999988079071,0.699999988079071,0.699999988079071,0.699999988079071,1500.0
2026-09-08 12:23:00,DCOP.V,,0.10499999672174454,0.10499999672174454,0.10499999672174454,0.10499999672174454,86000.0
2026-09-08 12:24:00,ABM.V,,0.20000000298023224,0.20000000298023224,0.20000000298023224,0.20000000298023224,6000.0
2026-09-08 12:24:00,AXL.V,,0.6000000238418579,0.6000000238418579,0.6000000238418579,0.6000000238418579,500.0
2026-09-08 12:24:00,BBB.V,,0.6600000262260437,0.6600000262260437,0.6600000262260437,0.6600000262260437,715.0
2026-09-08 12:24:00,BYN.V,,2.009999990463257,2.009999990463257,2.009999990463257,2.009999990463257,100.0
2026-09-08 12:24:00,CKG.V,,3.640000104904175,3.640000104904175,3.640000104904175,3.640000104904175,100.0
2026-09-08 12:24:00,CUU.V,,0.7200000286102295,0.7200000286102295,0.7099999785423279,0.7099999785423279,36000.0
2026-09-08 12:24:00,DEC.V,,0.17000000178813934,0.17000000178813934,0.17000000178813934,0.17000000178813934,50000.0
2026-09-08 12:24:00,EMPR.V,,0.9399999976158142,0.9399999976158142,0.9399999976158142,0.9399999976158142,1500.0
2026-09-08 12:24:00,MOON.V,,8.420000076293945,8.420000076293945,8.420000076293945,8.420000076293945,100.0
2026-09-08 12:24:00,TAU.V,,3.5799999237060547,3.5850000381469727,3.5799999237060547,3.5850000381469727,1400.0
2026-09-08 12:25:00,AEC.V,,5.929999828338623,5.929999828338623,5.929999828338623,5.929999828338623,100.0
2026-09-08 12:25:00,BYN.V,,2.009999990463257,2.009999990463257,2.009999990463257,2.009999990463257,2500.0
2026-09-08 12:25:00,CASA.V,,0.07500000298023224,0.07500000298023224,0.07500000298023224,0.07500000298023224,57000.0
2026-09-08 12:25:00,CNC.V,,1.4800000190734863,1.4850000143051147,1.4800000190734863,1.4800000190734863,42520.0
2026-09-08 12:25:00,CUU.V,,0.75,0.75,0.7300000190734863,0.7300000190734863,21300.0
2026-09-08 12:25:00,DMX.V,,0.5799999833106995,0.5799999833106995,0.5799999833106995,0.5799999833106995,2479.0
2026-09-08 12:25:00,EU.V,,1.7400000095367432,1.7400000095367432,1.7400000095367432,1.7400000095367432,500.0
2026-09-08 12:26:00,BYN.V,,2.009999990463257,2.009999990463257,2.009999990463257,2.009999990463257,100.0
2026-09-08 12:26:00,CKG.V,,3.640000104904175,3.640000104904175,3.640000104904175,3.640000104904175,100.0
2026-09-08 12:26:00,CUU.V,,0.75,0.75,0.75,0.75,1000.0
2026-09-08 12:26:00,DBG.V,,1.8700000047683716,1.8700000047683716,1.8700000047683716,1.8700000047683716,100.0
2026-09-08 12:26:00,DMX.V,,0.5799999833106995,0.5799999833106995,0.5799999833106995,0.5799999833106995,4000.0
2026-09-08 12:26:00,MOON.V,,8.350000381469727,8.430000305175781,8.350000381469727,8.430000305175781,18500.0
2026-09-08 12:27:00,AMX.V,,4.539999961853027,4.539999961853027,4.539999961853027,4.539999961853027,200.0
2026-09-08 12:27:00,ARK.V,,1.5700000524520874,1.5700000524520874,1.5700000524520874,1.5700000524520874,39400.0
2026-09-08 12:27:00,AXL.V,,0.6000000238418579,0.6000000238418579,0.6000000238418579,0.6000000238418579,500.0
2026-09-08 12:27:00,CKG.V,,3.640000104904175,3.640000104904175,3.640000104904175,3.640000104904175,100.0
2026-09-08 12:27:00,CVV.V,,0.3799999952316284,0.3799999952316284,0.3799999952316284,0.3799999952316284,500.0
2026-09-08 12:27:00,DMX.V,,0.5799999833106995,0.5799999833106995,0.5799999833106995,0.5799999833106995,5500.0
2026-09-08 12:28:00,ARK.V,,1.5700000524520874,1.5700000524520874,1.5700000524520874,1.5700000524520874,31480.0
2026-09-08 12:28:00,BYN.V,,2.009999990463257,2.009999990463257,2.009999990463257,2.009999990463257,100.0
2026-09-08 12:28:00,CAPT.V,,2.0,2.0,2.0,2.0,100.0
2026-09-08 12:28:00,CKG.V,,3.640000104904175,3.640000104904175,3.640000104904175,3.640000104904175,100.0
2026-09-08 12:28:00,CNC.V,,1.4800000190734863,1.4800000190734863,1.4800000190734863,1.4800000190734863,8000.0
2026-09-08 12:28:00,CUU.V,,0.75,0.75,0.75,0.75,2000.0
2026-09-08 12:28:00,CVW.V,,0.7599999904632568,0.7649999856948853,0.7599999904632568,0.7649999856948853,1500.0
2026-09-08 12:28:00,EMPR.V,,0.9399999976158142,0.9399999976158142,0.9399999976158142,0.9399999976158142,500.0
2026-09-08 12:28:00,EU.V,,1.7400000095367432,1.7400000095367432,1.7400000095367432,1.7400000095367432,100.0
2026-09-08 12:29:00,AFM.V,,1.5,1.5,1.5,1.5,13100.0
2026-09-08 12:29:00,BRW.V,,0.13500000536441803,0.13500000536441803,0.13500000536441803,0.13500000536441803,10000.0
2026-09-08 12:29:00,CERT.V,,2.680000066757202,2.680000066757202,2.680000066757202,2.680000066757202,2700.0
2026-09-08 12:29:00,CKG.V,,3.640000104904175,3.640000104904175,3.640000104904175,3.640000104904175,100.0
2026-09-08 12:29:00,CUU.V,,0.75,0.75,0.75,0.75,2000.0
2026-09-08 12:29:00,EU.V,,1.7400000095367432,1.7400000095367432,1.7400000095367432,1.7400000095367432,100.0
2026-09-08 12:29:00,MOON.V,,8.350000381469727,8.350000381469727,8.350000381469727,8.350000381469727,300.0
2026-09-08 12:29:00,SWAN.V,,0.9800000190734863,0.9800000190734863,0.9800000190734863,0.9800000190734863,1520.0
2026-09-08 12:30:00,ALEX.V,,0.4650000035762787,0.4650000035762787,0.4650000035762787,0.4650000035762787,2000.0
2026-09-08 12:30:00,AMX.V,,4.519999980926514,4.53000020980835,4.519999980926514,4.53000020980835,1000.0
2026-09-08 12:30:00,ATR-P.V,,0.0949999988079071,0.0949999988079071,0.0949999988079071,0.0949999988079071,2000.0
2026-09-08 12:30:00,AXL.V,,0.6000000238418579,0.6000000238418579,0.6000000238418579,0.6000000238418579,1000.0
2026-09-08 12:30:00,CANX.V,,0.4300000071525574,0.4300000071525574,0.4300000071525574,0.4300000071525574,15000.0
2026-09-08 12:30:00,CKG.V,,3.640000104904175,3.640000104904175,3.640000104904175,3.640000104904175,100.0
2026-09-08 12:30:00,DEC.V,,0.17000000178813934,0.17000000178813934,0.17000000178813934,0.17000000178813934,30000.0
2026-09-08 12:31:00,AFM.V,,1.5,1.5,1.5,1.5,8400.0
2026-09-08 12:31:00,BYN.V,,2.015000104904175,2.015000104904175,2.015000104904175,2.015000104904175,700.0
2026-09-08 12:31:00,CPS.V,,0.07999999821186066,0.07999999821186066,0.07999999821186066,0.07999999821186066,1000.0
2026-09-08 12:31:00,CUU.V,,0.75,0.75,0.75,0.75,7000.0
2026-09-08 12:31:00,CVW.V,,0.7599999904632568,0.7599999904632568,0.7599999904632568,0.7599999904632568,1500.0
2026-09-08 12:31:00,DMX.V,,0.5699999928474426,0.5699999928474426,0.5699999928474426,0.5699999928474426,500.0
2026-09-08 12:31:00,EOG.V,,0.8399999737739563,0.8399999737739563,0.8349999785423279,0.8349999785423279,3500.0
2026-09-08 12:31:00,EU.V,,1.7400000095367432,1.7400000095367432,1.7400000095367432,1.7400000095367432,100.0
2026-09-08 12:31:00,MOON.V,,8.34000015258789,8.34000015258789,8.34000015258789,8.34000015258789,100.0
2026-09-08 12:32:00,CAPT.V,,2.0199999809265137,2.0199999809265137,2.0199999809265137,2.0199999809265137,100.0
2026-09-08 12:32:00,CKG.V,,3.640000104904175,3.640000104904175,3.640000104904175,3.640000104904175,100.0
2026-09-08 12:32:00,CUU.V,,0.75,0.75,0.75,0.75,5000.0
2026-09-08 12:32:00,DEC.V,,0.17000000178813934,0.17000000178813934,0.17000000178813934,0.17000000178813934,3500.0
2026-09-08 12:32:00,MOON.V,,8.319999694824219,8.329999923706055,8.319999694824219,8.329999923706055,300.0
2026-09-08 12:33:00,AEMC.V,,0.054999999701976776,0.054999999701976776,0.054999999701976776,0.054999999701976776,2000.0
2026-09-08 12:33:00,AFM.V,,1.5099999904632568,1.5099999904632568,1.5099999904632568,1.5099999904632568,100.0
2026-09-08 12:33:00,ARK.V,,1.5700000524520874,1.5700000524520874,1.5700000524520874,1.5700000524520874,600.0
2026-09-08 12:33:00,AXL.V,,0.6000000238418579,0.6000000238418579,0.6000000238418579,0.6000000238418579,500.0
2026-09-08 12:33:00,COV.V,,3.4700000286102295,3.509999990463257,3.4700000286102295,3.509999990463257,15000.0
2026-09-08 12:33:00,CTM.V,,0.13500000536441803,0.13500000536441803,0.13500000536441803,0.13500000536441803,1000.0
2026-09-08 12:33:00,DBG.V,,1.8700000047683716,1.8700000047683716,1.8700000047683716,1.8700000047683716,600.0
2026-09-08 12:33:00,DMX.V,,0.5699999928474426,0.5699999928474426,0.5699999928474426,0.5699999928474426,500.0
2026-09-08 12:33:00,EU.V,,1.7400000095367432,1.7400000095367432,1.7400000095367432,1.7400000095367432,100.0
2026-09-08 12:33:00,TAU.V,,3.5850000381469727,3.5850000381469727,3.5850000381469727,3.5850000381469727,300.0
2026-09-08 12:34:00,AFM.V,,1.5099999904632568,1.5099999904632568,1.5099999904632568,1.5099999904632568,800.0
2026-09-08 12:34:00,ARK.V,,1.5700000524520874,1.5700000524520874,1.5700000524520874,1.5700000524520874,1200.0
2026-09-08 12:34:00,BYN.V,,2.015000104904175,2.015000104904175,2.015000104904175,2.015000104904175,400.0
2026-09-08 12:34:00,CAPT.V,,2.0,2.0,2.0,2.0,100.0
2026-09-08 12:34:00,CKG.V,,3.6700000762939453,3.6700000762939453,3.6700000762939453,3.6700000762939453,8400.0
2026-09-08 12:34:00,CNC.V,,1.4850000143051147,1.4850000143051147,1.4850000143051147,1.4850000143051147,100.0
2026-09-08 12:34:00,CUU.V,,0.7599999904632568,0.7599999904632568,0.7599999904632568,0.7599999904632568,6000.0
2026-09-08 12:34:00,DEC.V,,0.17000000178813934,0.17000000178813934,0.17000000178813934,0.17000000178813934,15000.0
2026-09-08 12:34:00,DMX.V,,0.574999988079071,0.574999988079071,0.574999988079071,0.574999988079071,500.0
2026-09-08 12:34:00,TAU.V,,3.5799999237060547,3.5850000381469727,3.5799999237060547,3.5799999237060547,4600.0
2026-09-08 12:35:00,ADZ.V,,0.2199999988079071,0.2199999988079071,0.2199999988079071,0.2199999988079071,10000.0
2026-09-08 12:35:00,AFM.V,,1.5099999904632568,1.5099999904632568,1.5099999904632568,1.5099999904632568,100.0
2026-09-08 12:35:00,BVA.V,,1.100000023841858,1.1200000047683716,1.100000023841858,1.1200000047683716,8100.0
2026-09-08 12:35:00,BYN.V,,2.015000104904175,2.015000104904175,2.015000104904175,2.015000104904175,100.0
2026-09-08 12:35:00,CAD.V,,2.200000047683716,2.200000047683716,2.190000057220459,2.190000057220459,7000.0
2026-09-08 12:35:00,DBG.V,,1.8600000143051147,1.8600000143051147,1.8600000143051147,1.8600000143051147,900.0
2026-09-08 12:35:00,DEC.V,,0.17000000178813934,0.17000000178813934,0.17000000178813934,0.17000000178813934,5000.0
2026-09-08 12:35:00,EOG.V,,0.8349999785423279,0.8349999785423279,0.8349999785423279,0.8349999785423279,3500.0
2026-09-08 12:35:00,MOON.V,,8.350000381469727,8.350000381469727,8.350000381469727,8.350000381469727,1099.0
2026-09-08 12:35:00,NET-UN.V,,6.769999980926514,6.769999980926514,6.769999980926514,6.769999980926514,1600.0
2026-09-08 12:36:00,AFM.V,,1.5099999904632568,1.5099999904632568,1.5099999904632568,1.5099999904632568,200.0
2026-09-08 12:36:00,AXL.V,,0.6000000238418579,0.6000000238418579,0.6000000238418579,0.6000000238418579,500.0
2026-09-08 12:36:00,CANX.V,,0.4300000071525574,0.4300000071525574,0.4300000071525574,0.4300000071525574,2000.0
2026-09-08 12:36:00,CNC.V,,1.475000023841858,1.4800000190734863,1.475000023841858,1.4800000190734863,16600.0
2026-09-08 12:36:00,DBG.V,,1.8600000143051147,1.8600000143051147,1.8600000143051147,1.8600000143051147,200.0
2026-09-08 12:36:00,EU.V,,1.7350000143051147,1.7350000143051147,1.7350000143051147,1.7350000143051147,100.0
2026-09-08 12:37:00,AEC.V,,5.929999828338623,5.929999828338623,5.929999828338623,5.929999828338623,200.0
2026-09-08 12:37:00,AFM.V,,1.5099999904632568,1.5099999904632568,1.5099999904632568,1.5099999904632568,100.0
2026-09-08 12:37:00,ARK.V,,1.5800000429153442,1.5800000429153442,1.5800000429153442,1.5800000429153442,200.0
2026-09-08 12:37:00,CKG.V,,3.640000104904175,3.640000104904175,3.640000104904175,3.640000104904175,200.0
2026-09-08 12:37:00,CUU.V,,0.7699999809265137,0.7699999809265137,0.7699999809265137,0.7699999809265137,2500.0
2026-09-08 12:37:00,DBG.V,,1.8600000143051147,1.8600000143051147,1.8600000143051147,1.8600000143051147,200.0
2026-09-08 12:38:00,ARK.V,,1.5800000429153442,1.5800000429153442,1.5800000429153442,1.5800000429153442,100.0
2026-09-08 12:38:00,AXL.V,,0.6000000238418579,0.6000000238418579,0.6000000238418579,0.6000000238418579,13623.0
2026-09-08 12:38:00,B.V,,0.7900000214576721,0.7900000214576721,0.7900000214576721,0.7900000214576721,3000.0
2026-09-08 12:38:00,BYN.V,,2.009999990463257,2.009999990463257,2.009999990463257,2.009999990463257,400.0
2026-09-08 12:38:00,CANX.V,,0.4300000071525574,0.4300000071525574,0.4300000071525574,0.4300000071525574,2500.0
2026-09-08 12:38:00,CAPT.V,,2.0,2.0,2.0,2.0,100.0
2026-09-08 12:38:00,CNC.V,,1.4800000190734863,1.4800000190734863,1.4800000190734863,1.4800000190734863,400.0
2026-09-08 12:38:00,CUU.V,,0.7699999809265137,0.7699999809265137,0.7699999809265137,0.7699999809265137,1000.0
2026-09-08 12:38:00,DBG.V,,1.8600000143051147,1.8600000143051147,1.8600000143051147,1.8600000143051147,200.0
2026-09-08 12:38:00,DMX.V,,0.5699999928474426,0.5699999928474426,0.5699999928474426,0.5699999928474426,500.0
2026-09-08 12:38:00,ECR.V,,0.3199999928474426,0.3199999928474426,0.3199999928474426,0.3199999928474426,3500.0
2026-09-08 12:38:00,EU.V,,1.7350000143051147,1.7350000143051147,1.7350000143051147,1.7350000143051147,100.0
2026-09-08 12:39:00,ADE.V,,0.0949999988079071,0.0949999988079071,0.0949999988079071,0.0949999988079071,15000.0
2026-09-08 12:39:00,ARIC.V,,0.7799999713897705,0.7799999713897705,0.7799999713897705,0.7799999713897705,30000.0
2026-09-08 12:39:00,ARK.V,,1.5800000429153442,1.5800000429153442,1.5800000429153442,1.5800000429153442,200.0
2026-09-08 12:39:00,ATY.V,,0.2199999988079071,0.2199999988079071,0.2199999988079071,0.2199999988079071,11000.0
2026-09-08 12:39:00,BMR.V,,0.17000000178813934,0.17000000178813934,0.17000000178813934,0.17000000178813934,0.0
2026-09-08 12:39:00,BYN.V,,2.009999990463257,2.009999990463257,2.009999990463257,2.009999990463257,100.0
2026-09-08 12:39:00,CKG.V,,3.619999885559082,3.619999885559082,3.619999885559082,3.619999885559082,100.0
2026-09-08 12:39:00,CNC.V,,1.4700000286102295,1.475000023841858,1.4700000286102295,1.475000023841858,5400.0
2026-09-08 12:39:00,DBG.V,,1.8600000143051147,1.8600000143051147,1.8600000143051147,1.8600000143051147,100.0
2026-09-08 12:39:00,DMGI.V,,0.550000011920929,0.550000011920929,0.550000011920929,0.550000011920929,600.0
2026-09-08 12:40:00,AFM.V,,1.5099999904632568,1.5099999904632568,1.5099999904632568,1.5099999904632568,100.0
2026-09-08 12:40:00,ARK.V,,1.559999942779541,1.5800000429153442,1.559999942779541,1.5800000429153442,2600.0
2026-09-08 12:40:00,CAD.V,,2.180000066757202,2.180000066757202,2.180000066757202,2.180000066757202,2500.0
2026-09-08 12:40:00,CKG.V,,3.5999999046325684,3.5999999046325684,3.5999999046325684,3.5999999046325684,100.0
2026-09-08 12:40:00,CUU.V,,0.7599999904632568,0.7599999904632568,0.7599999904632568,0.7599999904632568,1000.0
2026-09-08 12:40:00,DMGI.V,,0.550000011920929,0.550000011920929,0.550000011920929,0.550000011920929,1000.0
2026-09-08 12:40:00,ECU.V,,1.7899999618530273,1.7899999618530273,1.7899999618530273,1.7899999618530273,1000.0
2026-09-08 12:40:00,ELC.V,,0.5899999737739563,0.5899999737739563,0.5899999737739563,0.5899999737739563,6500.0
2026-09-08 12:40:00,EU.V,,1.7350000143051147,1.7350000143051147,1.7350000143051147,1.7350000143051147,100.0
2026-09-08 12:40:00,TAU.V,,3.5799999237060547,3.5799999237060547,3.5799999237060547,3.5799999237060547,300.0
2026-09-08 12:41:00,AFM.V,,1.5099999904632568,1.5099999904632568,1.5099999904632568,1.5099999904632568,100.0
2026-09-08 12:41:00,AXL.V,,0.6000000238418579,0.6000000238418579,0.6000000238418579,0.6000000238418579,2000.0
2026-09-08 12:41:00,BEX.V,,0.10499999672174454,0.10499999672174454,0.10499999672174454,0.10499999672174454,4000.0
2026-09-08 12:41:00,BYN.V,,2.009999990463257,2.009999990463257,2.009999990463257,2.009999990463257,100.0
2026-09-08 12:41:00,CKG.V,,3.5999999046325684,3.5999999046325684,3.5999999046325684,3.5999999046325684,100.0
2026-09-08 12:41:00,DEC.V,,0.17000000178813934,0.17000000178813934,0.17000000178813934,0.17000000178813934,4000.0
2026-09-08 12:41:00,ETL.V,,1.0,1.0,1.0,1.0,100.0
2026-09-08 12:41:00,EU.V,,1.7350000143051147,1.7350000143051147,1.7350000143051147,1.7350000143051147,100.0
2026-09-08 12:42:00,AFM.V,,1.5099999904632568,1.5099999904632568,1.5099999904632568,1.5099999904632568,100.0
2026-09-08 12:42:00,AMX.V,,4.5,4.53000020980835,4.5,4.53000020980835,1202.0
2026-09-08 12:42:00,AXL.V,,0.6000000238418579,0.6000000238418579,0.6000000238418579,0.6000000238418579,500.0
2026-09-08 12:42:00,BYN.V,,2.009999990463257,2.009999990463257,2.009999990463257,2.009999990463257,100.0
2026-09-08 12:42:00,DEC.V,,0.17000000178813934,0.17000000178813934,0.17000000178813934,0.17000000178813934,600.0
2026-09-08 12:42:00,EU.V,,1.7350000143051147,1.7350000143051147,1.7350000143051147,1.7350000143051147,100.0
2026-09-08 12:42:00,TAU.V,,3.569999933242798,3.5799999237060547,3.569999933242798,3.5799999237060547,1800.0
2026-09-08 12:43:00,AFM.V,,1.5099999904632568,1.5099999904632568,1.5099999904632568,1.5099999904632568,100.0
2026-09-08 12:43:00,CAPT.V,,2.0,2.0,2.0,2.0,100.0
2026-09-08 12:43:00,CKG.V,,3.559999942779541,3.559999942779541,3.559999942779541,3.559999942779541,100.0
2026-09-08 12:43:00,DBG.V,,1.8600000143051147,1.8600000143051147,1.8600000143051147,1.8600000143051147,400.0
2026-09-08 12:43:00,EU.V,,1.7300000190734863,1.7300000190734863,1.7300000190734863,1.7300000190734863,800.0
2026-09-08 12:43:00,MOON.V,,8.300000190734863,8.319999694824219,8.300000190734863,8.319999694824219,1900.0
2026-09-08 12:44:00,AFM.V,,1.5099999904632568,1.5099999904632568,1.5099999904632568,1.5099999904632568,100.0
2026-09-08 12:44:00,BYN.V,,2.009999990463257,2.009999990463257,2.009999990463257,2.009999990463257,100.0
2026-09-08 12:44:00,CASA.V,,0.07500000298023224,0.07500000298023224,0.07500000298023224,0.07500000298023224,6000.0
2026-09-08 12:44:00,CERT.V,,2.6700000762939453,2.6700000762939453,2.6700000762939453,2.6700000762939453,700.0
2026-09-08 12:44:00,CLIC.V,,0.36000001430511475,0.36000001430511475,0.36000001430511475,0.36000001430511475,11000.0
2026-09-08 12:44:00,CVV.V,,0.3799999952316284,0.3799999952316284,0.3799999952316284,0.3799999952316284,500.0
2026-09-08 12:44:00,DME.V,,0.19499999284744263,0.19499999284744263,0.19499999284744263,0.19499999284744263,3000.0
2026-09-08 12:44:00,EDM.V,,0.7599999904632568,0.7699999809265137,0.7599999904632568,0.7699999809265137,17000.0
2026-09-08 12:44:00,EU.V,,1.7300000190734863,1.7300000190734863,1.7300000190734863,1.7300000190734863,200.0
2026-09-08 12:44:00,MOON.V,,8.305000305175781,8.305000305175781,8.289999961853027,8.289999961853027,1000.0
2026-09-08 12:44:00,NET-UN.V,,6.769999980926514,6.769999980926514,6.769999980926514,6.769999980926514,700.0
2026-09-08 12:45:00,AEMC.V,,0.05000000074505806,0.05000000074505806,0.05000000074505806,0.05000000074505806,2000.0
2026-09-08 12:45:00,AFM.V,,1.5099999904632568,1.5099999904632568,1.5099999904632568,1.5099999904632568,300.0
2026-09-08 12:45:00,CKG.V,,3.559999942779541,3.559999942779541,3.559999942779541,3.559999942779541,100.0
2026-09-08 12:45:00,EU.V,,1.7350000143051147,1.7350000143051147,1.7350000143051147,1.7350000143051147,100.0
2026-09-08 12:46:00,AE.V,,1.190000057220459,1.190000057220459,1.190000057220459,1.190000057220459,100.0
2026-09-08 12:46:00,ARK.V,,1.5700000524520874,1.5700000524520874,1.5700000524520874,1.5700000524520874,200.0
2026-09-08 12:46:00,ATOM.V,,0.02500000037252903,0.02500000037252903,0.02500000037252903,0.02500000037252903,5000.0
2026-09-08 12:46:00,BYN.V,,2.009999990463257,2.009999990463257,2.009999990463257,2.009999990463257,100.0
2026-09-08 12:46:00,CFA-H.V,,0.17000000178813934,0.17000000178813934,0.17000000178813934,0.17000000178813934,0.0
2026-09-08 12:46:00,DMGI.V,,0.550000011920929,0.550000011920929,0.550000011920929,0.550000011920929,1000.0
2026-09-08 12:46:00,ETL.V,,1.0,1.0,1.0,1.0,200.0
2026-09-08 12:46:00,EU.V,,1.7350000143051147,1.7350000143051147,1.7350000143051147,1.7350000143051147,100.0
2026-09-08 12:46:00,LI.V,,0.47999998927116394,0.47999998927116394,0.47999998927116394,0.47999998927116394,2000.0
2026-09-08 12:46:00,PERU.V,,0.08500000089406967,0.08500000089406967,0.08500000089406967,0.08500000089406967,8000.0
2026-09-08 12:47:00,AEMC.V,,0.05000000074505806,0.05000000074505806,0.05000000074505806,0.05000000074505806,1000.0
2026-09-08 12:47:00,ARK.V,,1.5700000524520874,1.5700000524520874,1.5700000524520874,1.5700000524520874,100.0
2026-09-08 12:47:00,B.V,,0.7900000214576721,0.7900000214576721,0.7900000214576721,0.7900000214576721,7500.0
2026-09-08 12:47:00,CAPT.V,,2.0,2.0,2.0,2.0,100.0
2026-09-08 12:47:00,CNC.V,,1.4800000190734863,1.4800000190734863,1.4800000190734863,1.4800000190734863,36200.0
2026-09-08 12:47:00,DBG.V,,1.8600000143051147,1.8600000143051147,1.8600000143051147,1.8600000143051147,100.0
2026-09-08 12:47:00,DMX.V,,0.5699999928474426,0.5699999928474426,0.5699999928474426,0.5699999928474426,500.0
2026-09-08 12:47:00,ENDR.V,,0.12999999523162842,0.12999999523162842,0.12999999523162842,0.12999999523162842,2500.0
2026-09-08 12:47:00,EU.V,,1.7400000095367432,1.7400000095367432,1.7400000095367432,1.7400000095367432,1900.0
2026-09-08 12:47:00,MOON.V,,8.329999923706055,8.329999923706055,8.329999923706055,8.329999923706055,200.0
2026-09-08 12:47:00,RBZ.V,,0.3499999940395355,0.3499999940395355,0.3499999940395355,0.3499999940395355,1000.0
2026-09-08 12:48:00,AFM.V,,1.5099999904632568,1.5099999904632568,1.5099999904632568,1.5099999904632568,100.0
2026-09-08 12:48:00,ARK.V,,1.5700000524520874,1.5700000524520874,1.5700000524520874,1.5700000524520874,100.0
2026-09-08 12:48:00,BYN.V,,2.009999990463257,2.009999990463257,2.009999990463257,2.009999990463257,100.0
2026-09-08 12:48:00,CAD.V,,2.190000057220459,2.190000057220459,2.190000057220459,2.190000057220459,100.0
2026-09-08 12:48:00,CLIC.V,,0.36000001430511475,0.36000001430511475,0.36000001430511475,0.36000001430511475,3000.0
2026-09-08 12:48:00,CNC.V,,1.4800000190734863,1.4800000190734863,1.4800000190734863,1.4800000190734863,100.0
2026-09-08 12:48:00,CUU.V,,0.7599999904632568,0.7699999809265137,0.7599999904632568,0.7699999809265137,23000.0
2026-09-08 12:48:00,EU.V,,1.7400000095367432,1.7400000095367432,1.7400000095367432,1.7400000095367432,100.0
2026-09-08 12:48:00,MOON.V,,8.329999923706055,8.329999923706055,8.329999923706055,8.329999923706055,100.0
2026-09-08 12:48:00,TAU.V,,3.5799999237060547,3.5799999237060547,3.5799999237060547,3.5799999237060547,100.0
2026-09-08 12:49:00,ARK.V,,1.5700000524520874,1.5700000524520874,1.5700000524520874,1.5700000524520874,100.0
2026-09-08 12:49:00,CUU.V,,0.7649999856948853,0.7649999856948853,0.7649999856948853,0.7649999856948853,500.0
2026-09-08 12:49:00,TAU.V,,3.5799999237060547,3.5799999237060547,3.5799999237060547,3.5799999237060547,100.0
2026-09-08 12:50:00,CKG.V,,3.630000114440918,3.630000114440918,3.630000114440918,3.630000114440918,200.0
2026-09-08 12:50:00,CPL.V,,0.23999999463558197,0.23999999463558197,0.23499999940395355,0.23499999940395355,3000.0
2026-09-08 12:50:00,CTH.V,,1.2999999523162842,1.2999999523162842,1.2999999523162842,1.2999999523162842,200.0
2026-09-08 12:50:00,CTM.V,,0.12999999523162842,0.12999999523162842,0.12999999523162842,0.12999999523162842,500.0
2026-09-08 12:50:00,CUU.V,,0.7699999809265137,0.7699999809265137,0.7699999809265137,0.7699999809265137,32500.0
2026-09-08 12:50:00,CVV.V,,0.38499999046325684,0.38499999046325684,0.38499999046325684,0.38499999046325684,500.0
2026-09-08 12:50:00,EU.V,,1.7400000095367432,1.7400000095367432,1.7400000095367432,1.7400000095367432,600.0
2026-09-08 12:50:00,MOON.V,,8.350000381469727,8.350000381469727,8.3100004196167,8.34000015258789,19700.0
2026-09-08 12:50:00,PERU.V,,0.08500000089406967,0.08500000089406967,0.08500000089406967,0.08500000089406967,4000.0
2026-09-08 12:51:00,AUAU.V,,0.7200000286102295,0.7200000286102295,0.7200000286102295,0.7200000286102295,1600.0
2026-09-08 12:51:00,AXL.V,,0.6100000143051147,0.6100000143051147,0.6100000143051147,0.6100000143051147,15500.0
2026-09-08 12:51:00,BFM.V,,0.11999999731779099,0.11999999731779099,0.11999999731779099,0.11999999731779099,500.0
2026-09-08 12:51:00,BYN.V,,2.015000104904175,2.015000104904175,2.015000104904175,2.015000104904175,1500.0
2026-09-08 12:51:00,CUU.V,,0.7799999713897705,0.7799999713897705,0.7799999713897705,0.7799999713897705,1000.0
2026-09-08 12:51:00,DBG.V,,1.8600000143051147,1.8600000143051147,1.8600000143051147,1.8600000143051147,100.0
2026-09-08 12:51:00,DEC.V,,0.17000000178813934,0.17000000178813934,0.17000000178813934,0.17000000178813934,4500.0
2026-09-08 12:51:00,MOON.V,,8.350000381469727,8.350000381469727,8.350000381469727,8.350000381469727,500.0
2026-09-08 12:52:00,CAD.V,,2.200000047683716,2.200000047683716,2.200000047683716,2.200000047683716,200.0
2026-09-08 12:52:00,CAPT.V,,2.0,2.0,2.0,2.0,100.0
2026-09-08 12:52:00,CERT.V,,2.6700000762939453,2.6700000762939453,2.6700000762939453,2.6700000762939453,500.0
2026-09-08 12:52:00,CNC.V,,1.4800000190734863,1.4800000190734863,1.4800000190734863,1.4800000190734863,100.0
2026-09-08 12:52:00,DCOP.V,,0.10499999672174454,0.10499999672174454,0.10499999672174454,0.10499999672174454,10000.0
2026-09-08 12:52:00,LI.V,,0.48500001430511475,0.48500001430511475,0.48500001430511475,0.48500001430511475,600.0
2026-09-08 12:52:00,TAU.V,,3.5799999237060547,3.5799999237060547,3.5799999237060547,3.5799999237060547,100.0
2026-09-08 12:53:00,AE.V,,1.190000057220459,1.190000057220459,1.190000057220459,1.190000057220459,400.0
2026-09-08 12:53:00,CNC.V,,1.4800000190734863,1.4800000190734863,1.4800000190734863,1.4800000190734863,13400.0
2026-09-08 12:53:00,DMGI.V,,0.550000011920929,0.550000011920929,0.550000011920929,0.550000011920929,500.0
2026-09-08 12:53:00,MOON.V,,8.350000381469727,8.350000381469727,8.350000381469727,8.350000381469727,300.0
2026-09-08 12:53:00,RUSH.V,,0.16500000655651093,0.16500000655651093,0.16500000655651093,0.16500000655651093,2000.0
2026-09-08 12:54:00,AE.V,,1.190000057220459,1.190000057220459,1.190000057220459,1.190000057220459,200.0
2026-09-08 12:54:00,AEC.V,,5.940000057220459,5.940000057220459,5.940000057220459,5.940000057220459,250.0
2026-09-08 12:54:00,AFM.V,,1.5099999904632568,1.5099999904632568,1.5099999904632568,1.5099999904632568,800.0
2026-09-08 12:54:00,AZT.V,,0.3700000047683716,0.3700000047683716,0.36500000953674316,0.36500000953674316,19000.0
2026-09-08 12:54:00,BYN.V,,2.015000104904175,2.015000104904175,2.015000104904175,2.015000104904175,400.0
2026-09-08 12:54:00,MOON.V,,8.350000381469727,8.350000381469727,8.350000381469727,8.350000381469727,300.0
2026-09-08 12:54:00,TAU.V,,3.5799999237060547,3.5799999237060547,3.5799999237060547,3.5799999237060547,100.0
2026-09-08 12:55:00,AE.V,,1.190000057220459,1.190000057220459,1.190000057220459,1.190000057220459,100.0
2026-09-08 12:55:00,ANK.V,,0.38499999046325684,0.38499999046325684,0.38499999046325684,0.38499999046325684,4500.0
2026-09-08 12:55:00,AXL.V,,0.6100000143051147,0.6100000143051147,0.6100000143051147,0.6100000143051147,500.0
2026-09-08 12:55:00,BYN.V,,2.009999990463257,2.015000104904175,2.009999990463257,2.015000104904175,50800.0
2026-09-08 12:55:00,DBG.V,,1.8600000143051147,1.8600000143051147,1.8600000143051147,1.8600000143051147,100.0
2026-09-08 12:55:00,DMX.V,,0.5699999928474426,0.5699999928474426,0.5699999928474426,0.5699999928474426,500.0
2026-09-08 12:55:00,EU.V,,1.7400000095367432,1.7400000095367432,1.7400000095367432,1.7400000095367432,200.0
2026-09-08 12:55:00,MOON.V,,8.350000381469727,8.350000381469727,8.350000381469727,8.350000381469727,800.0
2026-09-08 12:55:00,NET-UN.V,,6.800000190734863,6.800000190734863,6.800000190734863,6.800000190734863,1000.0
2026-09-08 12:55:00,TAU.V,,3.5799999237060547,3.5799999237060547,3.5799999237060547,3.5799999237060547,100.0
2026-09-08 12:56:00,ATR-P.V,,0.10000000149011612,0.10000000149011612,0.10000000149011612,0.10000000149011612,1000.0
2026-09-08 12:56:00,CANX.V,,0.4300000071525574,0.4300000071525574,0.4300000071525574,0.4300000071525574,500.0
2026-09-08 12:56:00,CCCM.V,,0.6899999976158142,0.6899999976158142,0.6899999976158142,0.6899999976158142,48000.0
2026-09-08 12:56:00,DEC.V,,0.17000000178813934,0.17000000178813934,0.17000000178813934,0.17000000178813934,1000.0
2026-09-08 12:56:00,DMGI.V,,0.550000011920929,0.550000011920929,0.550000011920929,0.550000011920929,500.0
2026-09-08 12:56:00,EU.V,,1.7400000095367432,1.7400000095367432,1.7400000095367432,1.7400000095367432,100.0
2026-09-08 12:56:00,MOON.V,,8.300000190734863,8.350000381469727,8.300000190734863,8.350000381469727,16400.0
2026-09-08 12:56:00,TAU.V,,3.5799999237060547,3.5799999237060547,3.5799999237060547,3.5799999237060547,100.0
2026-09-08 12:57:00,AE.V,,1.190000057220459,1.190000057220459,1.190000057220459,1.190000057220459,100.0
2026-09-08 12:57:00,BYN.V,,2.009999990463257,2.009999990463257,2.009999990463257,2.009999990463257,300.0
2026-09-08 12:57:00,CAPT.V,,2.0,2.0,2.0,2.0,100.0
2026-09-08 12:57:00,CUU.V,,0.7799999713897705,0.7799999713897705,0.7799999713897705,0.7799999713897705,3000.0
2026-09-08 12:57:00,EU.V,,1.7400000095367432,1.7400000095367432,1.7400000095367432,1.7400000095367432,100.0
2026-09-08 12:57:00,MOON.V,,8.350000381469727,8.350000381469727,8.350000381469727,8.350000381469727,500.0
2026-09-08 12:58:00,AXL.V,,0.6100000143051147,0.6100000143051147,0.6100000143051147,0.6100000143051147,500.0
2026-09-08 12:58:00,BYN.V,,2.009999990463257,2.009999990463257,2.009999990463257,2.009999990463257,100.0
2026-09-08 12:58:00,CASA.V,,0.07500000298023224,0.07500000298023224,0.07500000298023224,0.07500000298023224,8000.0
2026-09-08 12:58:00,CNC.V,,1.4800000190734863,1.4800000190734863,1.4800000190734863,1.4800000190734863,100.0
2026-09-08 12:58:00,CVV.V,,0.38999998569488525,0.38999998569488525,0.38499999046325684,0.38499999046325684,2800.0
2026-09-08 12:58:00,DLP.V,,0.3799999952316284,0.3799999952316284,0.3799999952316284,0.3799999952316284,7500.0
2026-09-08 12:58:00,DMGI.V,,0.550000011920929,0.5600000023841858,0.550000011920929,0.5600000023841858,24000.0
2026-09-08 12:58:00,EU.V,,1.75,1.75,1.75,1.75,2597.0
2026-09-08 12:58:00,LI.V,,0.48500001430511475,0.48500001430511475,0.48500001430511475,0.48500001430511475,2610.0
2026-09-08 12:58:00,MOON.V,,8.34000015258789,8.34000015258789,8.34000015258789,8.34000015258789,100.0
2026-09-08 12:58:00,TAU.V,,3.5799999237060547,3.5799999237060547,3.5799999237060547,3.5799999237060547,100.0
2026-09-08 12:59:00,BYN.V,,2.009999990463257,2.009999990463257,2.009999990463257,2.009999990463257,5500.0
2026-09-08 12:59:00,CBI.V,,0.11500000208616257,0.11500000208616257,0.11500000208616257,0.11500000208616257,0.0
2026-09-08 12:59:00,DBG.V,,1.8600000143051147,1.8600000143051147,1.8600000143051147,1.8600000143051147,100.0
2026-09-08 12:59:00,TAU.V,,3.5799999237060547,3.5799999237060547,3.5799999237060547,3.5799999237060547,100.0
2026-09-08 13:00:00,COCO.V,,0.3100000023841858,0.3100000023841858,0.3100000023841858,0.3100000023841858,8000.0
2026-09-08 13:00:00,DLP.V,,0.3799999952316284,0.3799999952316284,0.3799999952316284,0.3799999952316284,600.0
2026-09-08 13:00:00,TIE.V,,0.7799999713897705,0.7799999713897705,0.7799999713897705,0.7799999713897705,500.0
2026-09-08 13:01:00,AXL.V,,0.6100000143051147,0.6100000143051147,0.6100000143051147,0.6100000143051147,500.0
2026-09-08 13:01:00,BYN.V,,2.0199999809265137,2.0199999809265137,2.0199999809265137,2.0199999809265137,100.0
2026-09-08 13:01:00,CERT.V,,2.6700000762939453,2.6700000762939453,2.6700000762939453,2.6700000762939453,100.0
2026-09-08 13:01:00,COCO.V,,0.3100000023841858,0.3100000023841858,0.3100000023841858,0.3100000023841858,1000.0
2026-09-08 13:01:00,MOON.V,,8.390000343322754,8.390000343322754,8.369999885559082,8.369999885559082,200.0
2026-09-08 13:01:00,TAU.V,,3.5799999237060547,3.5799999237060547,3.5799999237060547,3.5799999237060547,100.0
2026-09-08 13:02:00,AFM.V,,1.5099999904632568,1.5099999904632568,1.5099999904632568,1.5099999904632568,22900.0
2026-09-08 13:02:00,BYN.V,,2.0199999809265137,2.0199999809265137,2.0199999809265137,2.0199999809265137,400.0
2026-09-08 13:02:00,CAPT.V,,2.0,2.0,2.0,2.0,100.0
2026-09-08 13:02:00,DLP.V,,0.3700000047683716,0.3700000047683716,0.3700000047683716,0.3700000047683716,500.0
2026-09-08 13:02:00,EU.V,,1.75,1.75,1.7450000047683716,1.7450000047683716,2200.0
2026-09-08 13:02:00,LI.V,,0.48500001430511475,0.48500001430511475,0.48500001430511475,0.48500001430511475,4100.0
2026-09-08 13:02:00,TAU.V,,3.5799999237060547,3.5799999237060547,3.569999933242798,3.5799999237060547,4400.0
2026-09-08 13:03:00,AFM.V,,1.5099999904632568,1.5099999904632568,1.5099999904632568,1.5099999904632568,100.0
2026-09-08 13:03:00,CKG.V,,3.5899999141693115,3.5899999141693115,3.5899999141693115,3.5899999141693115,100.0
2026-09-08 13:03:00,CUU.V,,0.7799999713897705,0.7799999713897705,0.7799999713897705,0.7799999713897705,10500.0
2026-09-08 13:03:00,DBG.V,,1.8600000143051147,1.8600000143051147,1.8600000143051147,1.8600000143051147,100.0
2026-09-08 13:03:00,DEF.V,,0.20499999821186066,0.20499999821186066,0.20499999821186066,0.20499999821186066,6500.0
2026-09-08 13:03:00,MOON.V,,8.40999984741211,8.40999984741211,8.40999984741211,8.40999984741211,100.0
2026-09-08 13:04:00,ABM.V,,0.20000000298023224,0.20000000298023224,0.20000000298023224,0.20000000298023224,2500.0
2026-09-08 13:04:00,AFM.V,,1.5099999904632568,1.5099999904632568,1.5099999904632568,1.5099999904632568,100.0
2026-09-08 13:04:00,AXL.V,,0.6000000238418579,0.6000000238418579,0.6000000238418579,0.6000000238418579,28000.0
2026-09-08 13:04:00,BEX.V,,0.10499999672174454,0.10499999672174454,0.10499999672174454,0.10499999672174454,5500.0
2026-09-08 13:04:00,BYN.V,,2.0299999713897705,2.0299999713897705,2.0299999713897705,2.0299999713897705,100.0
2026-09-08 13:04:00,COV.V,,3.5199999809265137,3.5199999809265137,3.5199999809265137,3.5199999809265137,100.0
2026-09-08 13:04:00,CUU.V,,0.7799999713897705,0.7799999713897705,0.7799999713897705,0.7799999713897705,3500.0
2026-09-08 13:04:00,DMX.V,,0.5699999928474426,0.5699999928474426,0.5699999928474426,0.5699999928474426,500.0
2026-09-08 13:04:00,EMR.V,,0.07999999821186066,0.07999999821186066,0.07999999821186066,0.07999999821186066,4000.0
2026-09-08 13:04:00,MOON.V,,8.420000076293945,8.420000076293945,8.40999984741211,8.40999984741211,200.0
2026-09-08 13:05:00,AFM.V,,1.5099999904632568,1.5099999904632568,1.5099999904632568,1.5099999904632568,100.0
2026-09-08 13:05:00,AXL.V,,0.6000000238418579,0.6000000238418579,0.6000000238418579,0.6000000238418579,4000.0
2026-09-08 13:05:00,B.V,,0.7699999809265137,0.7799999713897705,0.7699999809265137,0.7799999713897705,33100.0
2026-09-08 13:05:00,BYN.V,,2.0,2.0199999809265137,2.0,2.009999990463257,16100.0
2026-09-08 13:05:00,CANX.V,,0.4300000071525574,0.4300000071525574,0.4300000071525574,0.4300000071525574,20000.0
2026-09-08 13:05:00,TAU.V,,3.5799999237060547,3.5799999237060547,3.5799999237060547,3.5799999237060547,100.0
2026-09-08 13:06:00,B.V,,0.7599999904632568,0.7599999904632568,0.7599999904632568,0.7599999904632568,14500.0
2026-09-08 13:06:00,CH.V,,0.15000000596046448,0.15000000596046448,0.15000000596046448,0.15000000596046448,7500.0
2026-09-08 13:06:00,EU.V,,1.75,1.75,1.75,1.75,100.0
2026-09-08 13:06:00,MOON.V,,8.430000305175781,8.430000305175781,8.430000305175781,8.430000305175781,100.0
2026-09-08 13:06:00,TAU.V,,3.5799999237060547,3.5799999237060547,3.5799999237060547,3.5799999237060547,100.0
2026-09-08 13:07:00,AFM.V,,1.5099999904632568,1.5099999904632568,1.5099999904632568,1.5099999904632568,100.0
2026-09-08 13:07:00,CKG.V,,3.5899999141693115,3.5899999141693115,3.5899999141693115,3.5899999141693115,100.0
2026-09-08 13:07:00,DBG.V,,1.8600000143051147,1.8600000143051147,1.8600000143051147,1.8600000143051147,100.0
2026-09-08 13:07:00,DEC.V,,0.16500000655651093,0.16500000655651093,0.16500000655651093,0.16500000655651093,16000.0
2026-09-08 13:07:00,TAU.V,,3.5799999237060547,3.5799999237060547,3.5799999237060547,3.5799999237060547,300.0
2026-09-08 13:08:00,CAPT.V,,2.0,2.0199999809265137,2.0,2.0199999809265137,200.0
2026-09-08 13:08:00,CASA.V,,0.07000000029802322,0.07000000029802322,0.07000000029802322,0.07000000029802322,3000.0
2026-09-08 13:08:00,CERT.V,,2.674999952316284,2.674999952316284,2.674999952316284,2.674999952316284,805.0
2026-09-08 13:08:00,CNC.V,,1.4800000190734863,1.4800000190734863,1.4800000190734863,1.4800000190734863,1100.0
2026-09-08 13:08:00,COCO.V,,0.3149999976158142,0.3149999976158142,0.3149999976158142,0.3149999976158142,500.0
2026-09-08 13:08:00,CUU.V,,0.7799999713897705,0.7799999713897705,0.7799999713897705,0.7799999713897705,500.0
2026-09-08 13:08:00,DE.V,,8.239999771118164,8.239999771118164,8.239999771118164,8.239999771118164,100.0
2026-09-08 13:08:00,DEC.V,,0.17000000178813934,0.17000000178813934,0.17000000178813934,0.17000000178813934,10000.0
2026-09-08 13:08:00,MOON.V,,8.369999885559082,8.430000305175781,8.369999885559082,8.430000305175781,300.0
2026-09-08 13:08:00,TAU.V,,3.5799999237060547,3.5799999237060547,3.5799999237060547,3.5799999237060547,100.0
2026-09-08 13:08:00,TOM.V,,0.19499999284744263,0.19499999284744263,0.1899999976158142,0.1899999976158142,0.0
2026-09-08 13:09:00,AFM.V,,1.5099999904632568,1.5099999904632568,1.5099999904632568,1.5099999904632568,100.0
2026-09-08 13:09:00,AXL.V,,0.6100000143051147,0.6100000143051147,0.6100000143051147,0.6100000143051147,1000.0
2026-09-08 13:09:00,AZT.V,,0.3700000047683716,0.3700000047683716,0.3700000047683716,0.3700000047683716,24500.0
2026-09-08 13:09:00,B.V,,0.7599999904632568,0.7599999904632568,0.7599999904632568,0.7599999904632568,42500.0
2026-09-08 13:09:00,BYN.V,,2.009999990463257,2.009999990463257,2.009999990463257,2.009999990463257,200.0
2026-09-08 13:09:00,CERT.V,,2.6700000762939453,2.6700000762939453,2.6700000762939453,2.6700000762939453,2200.0
2026-09-08 13:09:00,DEC.V,,0.17000000178813934,0.17000000178813934,0.17000000178813934,0.17000000178813934,96500.0
2026-09-08 13:09:00,EU.V,,1.75,1.75,1.75,1.75,100.0
2026-09-08 13:10:00,AEC.V,,5.989999771118164,5.989999771118164,5.949999809265137,5.949999809265137,1400.0
2026-09-08 13:10:00,ATR-P.V,,0.10000000149011612,0.10000000149011612,0.10000000149011612,0.10000000149011612,2000.0
2026-09-08 13:10:00,AXL.V,,0.6000000238418579,0.6000000238418579,0.6000000238418579,0.6000000238418579,5500.0
2026-09-08 13:10:00,BYN.V,,2.009999990463257,2.009999990463257,2.009999990463257,2.009999990463257,300.0
2026-09-08 13:10:00,DMGI.V,,0.5600000023841858,0.5600000023841858,0.5600000023841858,0.5600000023841858,500.0
2026-09-08 13:10:00,MOON.V,,8.40999984741211,8.40999984741211,8.369999885559082,8.380000114440918,1200.0
2026-09-08 13:10:00,TAU.V,,3.5799999237060547,3.5799999237060547,3.5799999237060547,3.5799999237060547,100.0
2026-09-08 13:11:00,B.V,,0.7599999904632568,0.7599999904632568,0.7599999904632568,0.7599999904632568,500.0
2026-09-08 13:11:00,BYN.V,,2.009999990463257,2.009999990463257,2.009999990463257,2.009999990463257,3500.0
2026-09-08 13:11:00,CKG.V,,3.5899999141693115,3.5899999141693115,3.5899999141693115,3.5899999141693115,100.0
2026-09-08 13:11:00,CUU.V,,0.7799999713897705,0.7799999713897705,0.7799999713897705,0.7799999713897705,5500.0
2026-09-08 13:11:00,DBG.V,,1.8600000143051147,1.8600000143051147,1.8600000143051147,1.8600000143051147,100.0
2026-09-08 13:11:00,DCOP.V,,0.10000000149011612,0.10000000149011612,0.10000000149011612,0.10000000149011612,4000.0
2026-09-08 13:11:00,DEC.V,,0.17000000178813934,0.17000000178813934,0.17000000178813934,0.17000000178813934,94500.0
2026-09-08 13:11:00,TAU.V,,3.5799999237060547,3.5799999237060547,3.5799999237060547,3.5799999237060547,100.0
2026-09-08 13:12:00,AEP.V,,0.6200000047683716,0.6200000047683716,0.6200000047683716,0.6200000047683716,500.0
2026-09-08 13:12:00,BTR.V,,0.14000000059604645,0.14000000059604645,0.14000000059604645,0.14000000059604645,1500.0
2026-09-08 13:12:00,CERT.V,,2.6700000762939453,2.6700000762939453,2.6700000762939453,2.6700000762939453,200.0
2026-09-08 13:12:00,CNC.V,,1.4800000190734863,1.4800000190734863,1.4800000190734863,1.4800000190734863,1900.0
2026-09-08 13:12:00,CPER.V,,0.03999999910593033,0.03999999910593033,0.03999999910593033,0.03999999910593033,51572.0
2026-09-08 13:12:00,DCOP.V,,0.10000000149011612,0.10000000149011612,0.10000000149011612,0.10000000149011612,4000.0
2026-09-08 13:12:00,DEC.V,,0.17000000178813934,0.17000000178813934,0.17000000178813934,0.17000000178813934,56000.0
2026-09-08 13:13:00,ATR-P.V,,0.10000000149011612,0.10000000149011612,0.10000000149011612,0.10000000149011612,1500.0
2026-09-08 13:13:00,BYN.V,,2.009999990463257,2.009999990463257,2.009999990463257,2.009999990463257,2100.0
2026-09-08 13:13:00,DEF.V,,0.20499999821186066,0.20499999821186066,0.20499999821186066,0.20499999821186066,25000.0
2026-09-08 13:13:00,SWAN.V,,0.9700000286102295,0.9700000286102295,0.9700000286102295,0.9700000286102295,2000.0
2026-09-08 13:13:00,TAU.V,,3.5799999237060547,3.5799999237060547,3.5799999237060547,3.5799999237060547,400.0
2026-09-08 13:14:00,AUAU.V,,0.7300000190734863,0.7300000190734863,0.7300000190734863,0.7300000190734863,1000.0
2026-09-08 13:14:00,BYN.V,,2.009999990463257,2.009999990463257,2.009999990463257,2.009999990463257,200.0
2026-09-08 13:14:00,CAPT.V,,2.0,2.0,2.0,2.0,100.0
2026-09-08 13:14:00,DMX.V,,0.5699999928474426,0.5699999928474426,0.5699999928474426,0.5699999928474426,500.0
2026-09-08 13:14:00,MOON.V,,8.350000381469727,8.350000381469727,8.319999694824219,8.34000015258789,1100.0
2026-09-08 13:14:00,TAU.V,,3.5799999237060547,3.5799999237060547,3.5799999237060547,3.5799999237060547,100.0
2026-09-08 13:15:00,AEC.V,,6.039999961853027,6.039999961853027,6.019999980926514,6.019999980926514,1300.0
2026-09-08 13:15:00,AEP.V,,0.6200000047683716,0.6200000047683716,0.6200000047683716,0.6200000047683716,3500.0
2026-09-08 13:15:00,AXL.V,,0.6100000143051147,0.6100000143051147,0.6100000143051147,0.6100000143051147,1000.0
2026-09-08 13:15:00,AZM.V,,0.6000000238418579,0.6000000238418579,0.6000000238418579,0.6000000238418579,1500.0
2026-09-08 13:15:00,BYN.V,,2.009999990463257,2.009999990463257,2.009999990463257,2.009999990463257,300.0
2026-09-08 13:15:00,CAPT.V,,2.0199999809265137,2.0199999809265137,2.0199999809265137,2.0199999809265137,100.0
2026-09-08 13:15:00,CERT.V,,2.690000057220459,2.690000057220459,2.674999952316284,2.674999952316284,9800.0
2026-09-08 13:15:00,DBG.V,,1.8600000143051147,1.8600000143051147,1.8600000143051147,1.8600000143051147,100.0
2026-09-08 13:15:00,DEX.V,,0.4350000023841858,0.4350000023841858,0.4350000023841858,0.4350000023841858,1000.0
2026-09-08 13:15:00,EU.V,,1.75,1.75,1.75,1.75,1700.0
2026-09-08 13:15:00,MOON.V,,8.3100004196167,8.319999694824219,8.300000190734863,8.3100004196167,1000.0
2026-09-08 13:16:00,AFM.V,,1.5099999904632568,1.5099999904632568,1.5099999904632568,1.5099999904632568,100.0
2026-09-08 13:16:00,AMX.V,,4.53000020980835,4.53000020980835,4.53000020980835,4.53000020980835,100.0
2026-09-08 13:16:00,AXL.V,,0.6100000143051147,0.6100000143051147,0.6100000143051147,0.6100000143051147,500.0
2026-09-08 13:16:00,BYN.V,,2.009999990463257,2.009999990463257,2.009999990463257,2.009999990463257,100.0
2026-09-08 13:16:00,CERT.V,,2.690000057220459,2.690000057220459,2.690000057220459,2.690000057220459,1400.0
2026-09-08 13:16:00,CKG.V,,3.5899999141693115,3.5899999141693115,3.5899999141693115,3.5899999141693115,100.0
2026-09-08 13:16:00,CNC.V,,1.4800000190734863,1.4800000190734863,1.4800000190734863,1.4800000190734863,500.0
2026-09-08 13:16:00,LI.V,,0.49000000953674316,0.49000000953674316,0.49000000953674316,0.49000000953674316,600.0
2026-09-08 13:16:00,MOON.V,,8.300000190734863,8.300000190734863,8.300000190734863,8.300000190734863,2600.0
2026-09-08 13:16:00,TAU.V,,3.5799999237060547,3.5799999237060547,3.5799999237060547,3.5799999237060547,100.0
2026-09-08 13:17:00,AMX.V,,4.539999961853027,4.539999961853027,4.539999961853027,4.539999961853027,1000.0
2026-09-08 13:17:00,BYN.V,,2.009999990463257,2.009999990463257,2.009999990463257,2.009999990463257,300.0
2026-09-08 13:17:00,CAD.V,,2.180000066757202,2.180000066757202,2.180000066757202,2.180000066757202,1450.0
2026-09-08 13:17:00,CNC.V,,1.4800000190734863,1.4800000190734863,1.4800000190734863,1.4800000190734863,1700.0
2026-09-08 13:17:00,COV.V,,3.509999990463257,3.509999990463257,3.509999990463257,3.509999990463257,200.0
2026-09-08 13:17:00,CUU.V,,0.7699999809265137,0.7699999809265137,0.7699999809265137,0.7699999809265137,1500.0
2026-09-08 13:17:00,ETF.V,,0.04500000178813934,0.04500000178813934,0.04500000178813934,0.04500000178813934,69000.0
2026-09-08 13:17:00,LI.V,,0.47999998927116394,0.47999998927116394,0.47999998927116394,0.47999998927116394,2000.0
2026-09-08 13:17:00,MOON.V,,8.300000190734863,8.300000190734863,8.300000190734863,8.300000190734863,400.0
2026-09-08 13:17:00,TAU.V,,3.5799999237060547,3.5799999237060547,3.5799999237060547,3.5799999237060547,100.0
2026-09-08 13:18:00,BRW.V,,0.13500000536441803,0.13500000536441803,0.13500000536441803,0.13500000536441803,31000.0
2026-09-08 13:18:00,BYN.V,,2.005000114440918,2.005000114440918,2.005000114440918,2.005000114440918,100.0
2026-09-08 13:18:00,EU.V,,1.7450000047683716,1.75,1.7450000047683716,1.75,200.0
2026-09-08 13:18:00,MOON.V,,8.319999694824219,8.319999694824219,8.279999732971191,8.279999732971191,765.0
2026-09-08 13:18:00,TAU.V,,3.5799999237060547,3.5799999237060547,3.5799999237060547,3.5799999237060547,100.0
2026-09-08 13:19:00,AXL.V,,0.6100000143051147,0.6100000143051147,0.6100000143051147,0.6100000143051147,500.0
2026-09-08 13:19:00,BYN.V,,2.009999990463257,2.009999990463257,2.009999990463257,2.009999990463257,100.0
2026-09-08 13:19:00,CUU.V,,0.7699999809265137,0.7699999809265137,0.7699999809265137,0.7699999809265137,3000.0
2026-09-08 13:19:00,DBG.V,,1.8600000143051147,1.8600000143051147,1.8600000143051147,1.8600000143051147,100.0
2026-09-08 13:19:00,DE.V,,8.229999542236328,8.229999542236328,8.229999542236328,8.229999542236328,210.0
2026-09-08 13:20:00,BYN.V,,2.015000104904175,2.015000104904175,2.009999990463257,2.009999990463257,2845.0
2026-09-08 13:20:00,CAD.V,,2.1500000953674316,2.1700000762939453,2.1500000953674316,2.1700000762939453,1800.0
2026-09-08 13:20:00,CERT.V,,2.680000066757202,2.680000066757202,2.680000066757202,2.680000066757202,2600.0
2026-09-08 13:20:00,CKG.V,,3.5799999237060547,3.5799999237060547,3.5799999237060547,3.5799999237060547,100.0
2026-09-08 13:20:00,CNC.V,,1.4800000190734863,1.4800000190734863,1.4800000190734863,1.4800000190734863,7500.0
2026-09-08 13:20:00,DEC.V,,0.17000000178813934,0.17000000178813934,0.17000000178813934,0.17000000178813934,15000.0
2026-09-08 13:20:00,EMNT.V,,0.49000000953674316,0.5,0.49000000953674316,0.5,11500.0
2026-09-08 13:20:00,TAU.V,,3.5799999237060547,3.5799999237060547,3.5799999237060547,3.5799999237060547,1100.0
2026-09-08 13:21:00,BYN.V,,2.0199999809265137,2.0199999809265137,2.0199999809265137,2.0199999809265137,100.0
2026-09-08 13:21:00,COV.V,,3.5199999809265137,3.5199999809265137,3.5199999809265137,3.5199999809265137,400.0
2026-09-08 13:21:00,EMNT.V,,0.47999998927116394,0.47999998927116394,0.47999998927116394,0.47999998927116394,10000.0
2026-09-08 13:21:00,TAU.V,,3.5799999237060547,3.5799999237060547,3.5799999237060547,3.5799999237060547,100.0
2026-09-08 13:21:00,TOM.V,,0.19499999284744263,0.19499999284744263,0.19499999284744263,0.19499999284744263,4000.0
2026-09-08 13:22:00,AFM.V,,1.5099999904632568,1.5099999904632568,1.5099999904632568,1.5099999904632568,34900.0
2026-09-08 13:22:00,AXL.V,,0.6100000143051147,0.6100000143051147,0.6100000143051147,0.6100000143051147,500.0
2026-09-08 13:22:00,BRVO.V,,3.390000104904175,3.390000104904175,3.390000104904175,3.390000104904175,500.0
2026-09-08 13:22:00,BYN.V,,2.0199999809265137,2.0199999809265137,2.0199999809265137,2.0199999809265137,100.0
2026-09-08 13:22:00,CAD.V,,2.1700000762939453,2.1700000762939453,2.1700000762939453,2.1700000762939453,700.0
2026-09-08 13:22:00,CANX.V,,0.4350000023841858,0.4350000023841858,0.4350000023841858,0.4350000023841858,500.0
2026-09-08 13:22:00,DBG.V,,1.8600000143051147,1.8600000143051147,1.8600000143051147,1.8600000143051147,200.0
2026-09-08 13:22:00,EU.V,,1.75,1.75,1.75,1.75,2900.0
2026-09-08 13:22:00,LIT.V,,0.09000000357627869,0.09000000357627869,0.09000000357627869,0.09000000357627869,2000.0
2026-09-08 13:23:00,BTR.V,,0.14000000059604645,0.14000000059604645,0.14000000059604645,0.14000000059604645,4000.0
2026-09-08 13:23:00,BYN.V,,2.0199999809265137,2.0199999809265137,2.0199999809265137,2.0199999809265137,100.0
2026-09-08 13:23:00,DBG.V,,1.8600000143051147,1.8600000143051147,1.8600000143051147,1.8600000143051147,100.0
2026-09-08 13:24:00,ADZ.V,,0.2199999988079071,0.2199999988079071,0.2199999988079071,0.2199999988079071,1000.0
2026-09-08 13:24:00,AFM.V,,1.5099999904632568,1.5099999904632568,1.5099999904632568,1.5099999904632568,18200.0
2026-09-08 13:24:00,AXL.V,,0.6100000143051147,0.6100000143051147,0.6100000143051147,0.6100000143051147,500.0
2026-09-08 13:24:00,BYN.V,,2.0199999809265137,2.0199999809265137,2.0199999809265137,2.0199999809265137,100.0
2026-09-08 13:24:00,CAPT.V,,2.0,2.0199999809265137,2.0,2.0199999809265137,2200.0
2026-09-08 13:24:00,CKG.V,,3.5799999237060547,3.5799999237060547,3.5799999237060547,3.5799999237060547,100.0
2026-09-08 13:24:00,CTEK.V,,0.6399999856948853,0.6399999856948853,0.6399999856948853,0.6399999856948853,11000.0
2026-09-08 13:24:00,DMGI.V,,0.5600000023841858,0.5600000023841858,0.5600000023841858,0.5600000023841858,6000.0
2026-09-08 13:24:00,DMX.V,,0.5699999928474426,0.5699999928474426,0.5699999928474426,0.5699999928474426,500.0
2026-09-08 13:24:00,EU.V,,1.7400000095367432,1.75,1.7400000095367432,1.75,3400.0
2026-09-08 13:24:00,MOON.V,,8.279999732971191,8.279999732971191,8.279999732971191,8.279999732971191,200.0
2026-09-08 13:24:00,TAU.V,,3.5799999237060547,3.5799999237060547,3.5799999237060547,3.5799999237060547,100.0
2026-09-08 13:25:00,AXL.V,,0.6000000238418579,0.6000000238418579,0.6000000238418579,0.6000000238418579,10500.0
2026-09-08 13:25:00,BYN.V,,2.0199999809265137,2.0199999809265137,2.0199999809265137,2.0199999809265137,100.0
2026-09-08 13:25:00,DBG.V,,1.8700000047683716,1.8700000047683716,1.8650000095367432,1.8700000047683716,2300.0
2026-09-08 13:25:00,DEF.V,,0.20000000298023224,0.20000000298023224,0.20000000298023224,0.20000000298023224,500.0
2026-09-08 13:25:00,TAU.V,,3.5799999237060547,3.5799999237060547,3.5799999237060547,3.5799999237060547,100.0
2026-09-08 13:26:00,AXL.V,,0.6000000238418579,0.6000000238418579,0.6000000238418579,0.6000000238418579,500.0
2026-09-08 13:26:00,BTR.V,,0.14499999582767487,0.14499999582767487,0.14249999821186066,0.14249999821186066,39000.0
2026-09-08 13:26:00,BYN.V,,2.0199999809265137,2.0199999809265137,2.0199999809265137,2.0199999809265137,300.0
2026-09-08 13:26:00,DMX.V,,0.5699999928474426,0.5699999928474426,0.5699999928474426,0.5699999928474426,4000.0
2026-09-08 13:26:00,TAU.V,,3.5799999237060547,3.5799999237060547,3.5799999237060547,3.5799999237060547,400.0
2026-09-08 13:27:00,AUAU.V,,0.7200000286102295,0.7200000286102295,0.7200000286102295,0.7200000286102295,2900.0
2026-09-08 13:27:00,BYN.V,,2.0199999809265137,2.0199999809265137,2.0199999809265137,2.0199999809265137,100.0
2026-09-08 13:27:00,DMGI.V,,0.550000011920929,0.550000011920929,0.550000011920929,0.550000011920929,3000.0
2026-09-08 13:27:00,TAU.V,,3.5899999141693115,3.5899999141693115,3.5899999141693115,3.5899999141693115,200.0
2026-09-08 13:28:00,BYN.V,,2.0199999809265137,2.0199999809265137,2.0199999809265137,2.0199999809265137,496.0
2026-09-08 13:28:00,CUU.V,,0.7699999809265137,0.7699999809265137,0.7699999809265137,0.7699999809265137,14340.0
2026-09-08 13:28:00,CVW.V,,0.7699999809265137,0.7699999809265137,0.7599999904632568,0.7599999904632568,4000.0
2026-09-08 13:28:00,DMGI.V,,0.550000011920929,0.550000011920929,0.550000011920929,0.550000011920929,2500.0
2026-09-08 13:28:00,TAU.V,,3.5799999237060547,3.5850000381469727,3.5799999237060547,3.5850000381469727,200.0
2026-09-08 13:29:00,AFM.V,,1.5099999904632568,1.5099999904632568,1.5099999904632568,1.5099999904632568,300.0
2026-09-08 13:29:00,BYN.V,,2.0199999809265137,2.0199999809265137,2.0199999809265137,2.0199999809265137,300.0
2026-09-08 13:29:00,CKG.V,,3.5899999141693115,3.5899999141693115,3.5899999141693115,3.5899999141693115,100.0
2026-09-08 13:29:00,CUU.V,,0.7699999809265137,0.7699999809265137,0.7699999809265137,0.7699999809265137,8500.0
2026-09-08 13:29:00,DEC.V,,0.17000000178813934,0.17000000178813934,0.17000000178813934,0.17000000178813934,10000.0
2026-09-08 13:30:00,AEC.V,,6.039999961853027,6.039999961853027,6.039999961853027,6.039999961853027,100.0
2026-09-08 13:30:00,AFM.V,,1.5099999904632568,1.5099999904632568,1.5099999904632568,1.5099999904632568,100.0
2026-09-08 13:30:00,AXL.V,,0.6000000238418579,0.6000000238418579,0.6000000238418579,0.6000000238418579,500.0
2026-09-08 13:30:00,BYN.V,,2.0199999809265137,2.0199999809265137,2.0199999809265137,2.0199999809265137,100.0
2026-09-08 13:30:00,CAPT.V,,1.9900000095367432,1.9900000095367432,1.9900000095367432,1.9900000095367432,183.0
2026-09-08 13:30:00,CUU.V,,0.7699999809265137,0.7699999809265137,0.7699999809265137,0.7699999809265137,1500.0
2026-09-08 13:30:00,CVV.V,,0.3799999952316284,0.38499999046325684,0.3799999952316284,0.38499999046325684,1000.0
2026-09-08 13:30:00,DEC.V,,0.17000000178813934,0.17000000178813934,0.17000000178813934,0.17000000178813934,1000.0
2026-09-08 13:30:00,EMO.V,,0.3449999988079071,0.3449999988079071,0.3449999988079071,0.3449999988079071,500.0
2026-09-08 13:30:00,TAU.V,,3.5899999141693115,3.5899999141693115,3.5899999141693115,3.5899999141693115,100.0
2026-09-08 13:31:00,AFM.V,,1.5099999904632568,1.5099999904632568,1.5099999904632568,1.5099999904632568,100.0
2026-09-08 13:31:00,AXL.V,,0.6000000238418579,0.6000000238418579,0.6000000238418579,0.6000000238418579,500.0
2026-09-08 13:31:00,BYN.V,,2.0199999809265137,2.0199999809265137,2.0199999809265137,2.0199999809265137,100.0
2026-09-08 13:31:00,COV.V,,3.509999990463257,3.509999990463257,3.509999990463257,3.509999990463257,2800.0
2026-09-08 13:31:00,CUU.V,,0.7699999809265137,0.7699999809265137,0.7699999809265137,0.7699999809265137,1000.0
2026-09-08 13:31:00,ENDR.V,,0.12999999523162842,0.12999999523162842,0.12999999523162842,0.12999999523162842,500.0
2026-09-08 13:31:00,TAU.V,,3.5899999141693115,3.5899999141693115,3.5899999141693115,3.5899999141693115,100.0
2026-09-08 13:32:00,BRW.V,,0.13500000536441803,0.13500000536441803,0.13500000536441803,0.13500000536441803,6000.0
2026-09-08 13:32:00,BYN.V,,2.0199999809265137,2.0199999809265137,2.0199999809265137,2.0199999809265137,200.0
2026-09-08 13:32:00,SWAN.V,,0.9599999785423279,0.9599999785423279,0.9599999785423279,0.9599999785423279,1600.0
2026-09-08 13:33:00,AFM.V,,1.5099999904632568,1.5099999904632568,1.5099999904632568,1.5099999904632568,100.0
2026-09-08 13:33:00,AXL.V,,0.6000000238418579,0.6000000238418579,0.6000000238418579,0.6000000238418579,500.0
2026-09-08 13:33:00,CNC.V,,1.4800000190734863,1.4800000190734863,1.4800000190734863,1.4800000190734863,10900.0
2026-09-08 13:33:00,DBG.V,,1.8600000143051147,1.8600000143051147,1.8600000143051147,1.8600000143051147,100.0
2026-09-08 13:33:00,EU.V,,1.7450000047683716,1.7450000047683716,1.7450000047683716,1.7450000047683716,100.0
2026-09-08 13:33:00,TAU.V,,3.5899999141693115,3.5899999141693115,3.5899999141693115,3.5899999141693115,100.0
2026-09-08 13:34:00,BVA.V,,1.1200000047683716,1.1200000047683716,1.1200000047683716,1.1200000047683716,2989.0
2026-09-08 13:34:00,BYN.V,,2.0199999809265137,2.0199999809265137,2.0199999809265137,2.0199999809265137,200.0
2026-09-08 13:34:00,CAD.V,,2.1600000858306885,2.1700000762939453,2.1600000858306885,2.1700000762939453,200.0
2026-09-08 13:34:00,CAPT.V,,2.0,2.0,2.0,2.0,800.0
2026-09-08 13:34:00,CKG.V,,3.5799999237060547,3.5799999237060547,3.5799999237060547,3.5799999237060547,100.0
2026-09-08 13:34:00,COR.V,,0.39500001072883606,0.39500001072883606,0.39500001072883606,0.39500001072883606,21500.0
2026-09-08 13:34:00,EMO.V,,0.3400000035762787,0.3400000035762787,0.3400000035762787,0.3400000035762787,13352.0
2026-09-08 13:34:00,MOON.V,,8.3100004196167,8.3100004196167,8.300000190734863,8.300000190734863,1400.0
2026-09-08 13:35:00,AFM.V,,1.5099999904632568,1.5099999904632568,1.5099999904632568,1.5099999904632568,100.0
2026-09-08 13:35:00,AXL.V,,0.6000000238418579,0.6000000238418579,0.6000000238418579,0.6000000238418579,500.0
2026-09-08 13:35:00,BYN.V,,2.0199999809265137,2.0199999809265137,2.0199999809265137,2.0199999809265137,100.0
2026-09-08 13:35:00,CAD.V,,2.140000104904175,2.1500000953674316,2.140000104904175,2.1500000953674316,2300.0
2026-09-08 13:35:00,CNC.V,,1.4800000190734863,1.4800000190734863,1.4800000190734863,1.4800000190734863,40600.0
2026-09-08 13:35:00,DEF.V,,0.20000000298023224,0.20000000298023224,0.20000000298023224,0.20000000298023224,500.0
2026-09-08 13:35:00,DMX.V,,0.5699999928474426,0.5699999928474426,0.5699999928474426,0.5699999928474426,500.0
2026-09-08 13:35:00,EU.V,,1.7450000047683716,1.7450000047683716,1.7450000047683716,1.7450000047683716,200.0
2026-09-08 13:35:00,TAU.V,,3.5899999141693115,3.5899999141693115,3.5899999141693115,3.5899999141693115,100.0
2026-09-08 13:36:00,APMI.V,,0.10999999940395355,0.10999999940395355,0.10999999940395355,0.10999999940395355,2000.0
2026-09-08 13:36:00,AXL.V,,0.6000000238418579,0.6000000238418579,0.6000000238418579,0.6000000238418579,500.0
2026-09-08 13:36:00,BAY.V,,0.04500000178813934,0.04500000178813934,0.04500000178813934,0.04500000178813934,37000.0
2026-09-08 13:36:00,BYN.V,,2.0199999809265137,2.0250000953674316,2.0199999809265137,2.0199999809265137,7000.0
2026-09-08 13:36:00,CAD.V,,2.1600000858306885,2.1600000858306885,2.140000104904175,2.140000104904175,1500.0
2026-09-08 13:36:00,DE.V,,8.229999542236328,8.229999542236328,8.229999542236328,8.229999542236328,100.0
2026-09-08 13:36:00,DEC.V,,0.17000000178813934,0.17000000178813934,0.17000000178813934,0.17000000178813934,10000.0
2026-09-08 13:36:00,ETL.V,,1.0,1.0,1.0,1.0,3300.0
2026-09-08 13:36:00,EU.V,,1.7450000047683716,1.7450000047683716,1.7450000047683716,1.7450000047683716,100.0
2026-09-08 13:36:00,MOON.V,,8.319999694824219,8.319999694824219,8.319999694824219,8.319999694824219,100.0
2026-09-08 13:36:00,TAU.V,,3.5899999141693115,3.5899999141693115,3.5899999141693115,3.5899999141693115,100.0
2026-09-08 13:37:00,AXL.V,,0.6000000238418579,0.6000000238418579,0.6000000238418579,0.6000000238418579,3000.0
2026-09-08 13:37:00,BYN.V,,2.0199999809265137,2.0199999809265137,2.0199999809265137,2.0199999809265137,300.0
2026-09-08 13:37:00,COV.V,,3.509999990463257,3.509999990463257,3.509999990463257,3.509999990463257,2500.0
2026-09-08 13:37:00,EOG.V,,0.8299999833106995,0.8299999833106995,0.8299999833106995,0.8299999833106995,2000.0
2026-09-08 13:37:00,ETL.V,,1.0,1.0,1.0,1.0,800.0
2026-09-08 13:38:00,AXL.V,,0.6000000238418579,0.6000000238418579,0.6000000238418579,0.6000000238418579,500.0
2026-09-08 13:38:00,BYN.V,,2.0199999809265137,2.0199999809265137,2.0199999809265137,2.0199999809265137,100.0
2026-09-08 13:38:00,DBG.V,,1.8600000143051147,1.8600000143051147,1.8600000143051147,1.8600000143051147,100.0
2026-09-08 13:38:00,EU.V,,1.7450000047683716,1.7450000047683716,1.7450000047683716,1.7450000047683716,100.0
2026-09-08 13:38:00,MOON.V,,8.3100004196167,8.319999694824219,8.300000190734863,8.300000190734863,1700.0
2026-09-08 13:38:00,TAU.V,,3.5899999141693115,3.5899999141693115,3.5899999141693115,3.5899999141693115,300.0
2026-09-08 13:39:00,ABM.V,,0.20000000298023224,0.20000000298023224,0.20000000298023224,0.20000000298023224,2000.0
2026-09-08 13:39:00,ADY.V,,0.3149999976158142,0.3199999928474426,0.3149999976158142,0.3199999928474426,23520.0
2026-09-08 13:39:00,AFM.V,,1.5099999904632568,1.5099999904632568,1.5099999904632568,1.5099999904632568,100.0
2026-09-08 13:39:00,CNC.V,,1.4900000095367432,1.4900000095367432,1.4900000095367432,1.4900000095367432,1000.0
2026-09-08 13:39:00,CVV.V,,0.38999998569488525,0.38999998569488525,0.38999998569488525,0.38999998569488525,1000.0
2026-09-08 13:39:00,DMGI.V,,0.550000011920929,0.550000011920929,0.550000011920929,0.550000011920929,500.0
2026-09-08 13:39:00,EU.V,,1.7450000047683716,1.75,1.7450000047683716,1.75,1000.0
2026-09-08 13:39:00,TAU.V,,3.5799999237060547,3.5799999237060547,3.5799999237060547,3.5799999237060547,400.0
2026-09-08 13:40:00,AFM.V,,1.5099999904632568,1.5099999904632568,1.5099999904632568,1.5099999904632568,100.0
2026-09-08 13:40:00,AXL.V,,0.6000000238418579,0.6000000238418579,0.6000000238418579,0.6000000238418579,500.0
2026-09-08 13:40:00,B.V,,0.7599999904632568,0.7599999904632568,0.7599999904632568,0.7599999904632568,6500.0
2026-09-08 13:40:00,BYN.V,,2.0199999809265137,2.0199999809265137,2.0199999809265137,2.0199999809265137,300.0
2026-09-08 13:40:00,DBG.V,,1.8600000143051147,1.8600000143051147,1.8600000143051147,1.8600000143051147,100.0
2026-09-08 13:40:00,DEC.V,,0.17000000178813934,0.17000000178813934,0.17000000178813934,0.17000000178813934,500.0
2026-09-08 13:40:00,EDM.V,,0.7699999809265137,0.7699999809265137,0.7699999809265137,0.7699999809265137,2000.0
2026-09-08 13:40:00,EU.V,,1.7450000047683716,1.7450000047683716,1.7450000047683716,1.7450000047683716,100.0
2026-09-08 13:40:00,MOON.V,,8.300000190734863,8.3100004196167,8.300000190734863,8.3100004196167,700.0
2026-09-08 13:41:00,ASTR.V,,0.4350000023841858,0.4350000023841858,0.4350000023841858,0.4350000023841858,2000.0
2026-09-08 13:41:00,B.V,,0.7699999809265137,0.7699999809265137,0.7699999809265137,0.7699999809265137,1000.0
2026-09-08 13:41:00,BYN.V,,2.0199999809265137,2.0199999809265137,2.0199999809265137,2.0199999809265137,200.0
2026-09-08 13:41:00,CANX.V,,0.4300000071525574,0.4300000071525574,0.4300000071525574,0.4300000071525574,2000.0
2026-09-08 13:41:00,CH.V,,0.15000000596046448,0.15000000596046448,0.15000000596046448,0.15000000596046448,27500.0
2026-09-08 13:41:00,EU.V,,1.7400000095367432,1.7400000095367432,1.7400000095367432,1.7400000095367432,100.0
2026-09-08 13:41:00,LI.V,,0.48500001430511475,0.48500001430511475,0.48500001430511475,0.48500001430511475,600.0
2026-09-08 13:41:00,TAU.V,,3.5899999141693115,3.5899999141693115,3.5899999141693115,3.5899999141693115,100.0
2026-09-08 13:42:00,AEC.V,,6.039999961853027,6.039999961853027,6.039999961853027,6.039999961853027,500.0
2026-09-08 13:42:00,AUAU.V,,0.7099999785423279,0.7200000286102295,0.7099999785423279,0.7200000286102295,13000.0
2026-09-08 13:42:00,AXL.V,,0.6000000238418579,0.6000000238418579,0.6000000238418579,0.6000000238418579,500.0
2026-09-08 13:42:00,BYN.V,,2.0199999809265137,2.0199999809265137,2.0199999809265137,2.0199999809265137,3100.0
2026-09-08 13:42:00,CNC.V,,1.4900000095367432,1.4900000095367432,1.4900000095367432,1.4900000095367432,702.0
2026-09-08 13:42:00,ETL.V,,1.0,1.0,1.0,1.0,200.0
2026-09-08 13:42:00,EU.V,,1.7400000095367432,1.7400000095367432,1.7400000095367432,1.7400000095367432,100.0
2026-09-08 13:42:00,MOON.V,,8.3100004196167,8.319999694824219,8.279999732971191,8.3100004196167,1400.0
2026-09-08 13:42:00,TAU.V,,3.5899999141693115,3.6050000190734863,3.5799999237060547,3.5899999141693115,10700.0
2026-09-08 13:43:00,AEC.V,,6.050000190734863,6.050000190734863,6.050000190734863,6.050000190734863,100.0
2026-09-08 13:43:00,CERT.V,,2.684999942779541,2.684999942779541,2.684999942779541,2.684999942779541,700.0
2026-09-08 13:43:00,CVV.V,,0.38999998569488525,0.38999998569488525,0.38999998569488525,0.38999998569488525,1000.0
2026-09-08 13:43:00,DBG.V,,1.8600000143051147,1.8600000143051147,1.8600000143051147,1.8600000143051147,5153.0
2026-09-08 13:43:00,DE.V,,8.229999542236328,8.229999542236328,8.229999542236328,8.229999542236328,300.0
2026-09-08 13:43:00,EU.V,,1.75,1.75,1.75,1.75,900.0
2026-09-08 13:43:00,LI.V,,0.48500001430511475,0.48500001430511475,0.48500001430511475,0.48500001430511475,600.0
2026-09-08 13:43:00,MOON.V,,8.289999961853027,8.289999961853027,8.289999961853027,8.289999961853027,100.0
2026-09-08 13:43:00,TAU.V,,3.5999999046325684,3.5999999046325684,3.5799999237060547,3.5899999141693115,1800.0
2026-09-08 13:44:00,AXL.V,,0.6000000238418579,0.6000000238418579,0.6000000238418579,0.6000000238418579,500.0
2026-09-08 13:44:00,CMI.V,,0.8999999761581421,0.9100000262260437,0.8999999761581421,0.9100000262260437,10001.0
2026-09-08 13:44:00,DME.V,,0.19499999284744263,0.19499999284744263,0.19499999284744263,0.19499999284744263,500.0
2026-09-08 13:44:00,ETL.V,,1.0099999904632568,1.0099999904632568,1.0099999904632568,1.0099999904632568,100.0
2026-09-08 13:44:00,EU.V,,1.7400000095367432,1.7400000095367432,1.7400000095367432,1.7400000095367432,100.0
2026-09-08 13:44:00,TAU.V,,3.5999999046325684,3.5999999046325684,3.5999999046325684,3.5999999046325684,200.0
2026-09-08 13:45:00,AFM.V,,1.5099999904632568,1.5099999904632568,1.5099999904632568,1.5099999904632568,100.0
2026-09-08 13:45:00,ALEX.V,,0.49000000953674316,0.49000000953674316,0.49000000953674316,0.49000000953674316,3000.0
2026-09-08 13:45:00,AXL.V,,0.6000000238418579,0.6000000238418579,0.6000000238418579,0.6000000238418579,500.0
2026-09-08 13:45:00,BYN.V,,2.0299999713897705,2.0299999713897705,2.0299999713897705,2.0299999713897705,400.0
2026-09-08 13:45:00,DBG.V,,1.850000023841858,1.850000023841858,1.850000023841858,1.850000023841858,100.0
2026-09-08 13:45:00,DMX.V,,0.5699999928474426,0.5699999928474426,0.5699999928474426,0.5699999928474426,500.0
2026-09-08 13:45:00,EU.V,,1.7400000095367432,1.7400000095367432,1.7400000095367432,1.7400000095367432,100.0
2026-09-08 13:46:00,AEC.V,,6.059999942779541,6.059999942779541,6.059999942779541,6.059999942779541,600.0
2026-09-08 13:46:00,AFM.V,,1.5099999904632568,1.5099999904632568,1.5099999904632568,1.5099999904632568,100.0
2026-09-08 13:46:00,AXL.V,,0.6000000238418579,0.6000000238418579,0.6000000238418579,0.6000000238418579,2000.0
2026-09-08 13:46:00,BYN.V,,2.0299999713897705,2.0299999713897705,2.0299999713897705,2.0299999713897705,100.0
2026-09-08 13:46:00,TAU.V,,3.5999999046325684,3.5999999046325684,3.5999999046325684,3.5999999046325684,600.0
2026-09-08 13:47:00,AMX.V,,4.53000020980835,4.53000020980835,4.53000020980835,4.53000020980835,100.0
2026-09-08 13:47:00,ARK.V,,1.5499999523162842,1.5499999523162842,1.5499999523162842,1.5499999523162842,212.0
2026-09-08 13:47:00,BYN.V,,2.0299999713897705,2.0299999713897705,2.0299999713897705,2.0299999713897705,100.0
2026-09-08 13:47:00,CAPT.V,,1.9900000095367432,1.9900000095367432,1.9900000095367432,1.9900000095367432,200.0
2026-09-08 13:47:00,CMI.V,,0.8999999761581421,0.8999999761581421,0.8999999761581421,0.8999999761581421,3000.0
2026-09-08 13:47:00,CUU.V,,0.7699999809265137,0.7699999809265137,0.7699999809265137,0.7699999809265137,1500.0
2026-09-08 13:47:00,EU.V,,1.7400000095367432,1.7400000095367432,1.7400000095367432,1.7400000095367432,100.0
2026-09-08 13:47:00,LI.V,,0.48500001430511475,0.48500001430511475,0.48500001430511475,0.48500001430511475,600.0
2026-09-08 13:47:00,MOON.V,,8.3100004196167,8.3100004196167,8.289999961853027,8.289999961853027,800.0
2026-09-08 13:47:00,RUSH.V,,0.16500000655651093,0.16500000655651093,0.16500000655651093,0.16500000655651093,2000.0
2026-09-08 13:47:00,TAU.V,,3.5999999046325684,3.5999999046325684,3.5999999046325684,3.5999999046325684,100.0
2026-09-08 13:48:00,AMX.V,,4.53000020980835,4.53000020980835,4.53000020980835,4.53000020980835,100.0
2026-09-08 13:48:00,BYN.V,,2.0299999713897705,2.0299999713897705,2.0299999713897705,2.0299999713897705,300.0
2026-09-08 13:48:00,CAD.V,,2.1500000953674316,2.1500000953674316,2.1500000953674316,2.1500000953674316,100.0
2026-09-08 13:48:00,CERT.V,,2.690000057220459,2.690000057220459,2.690000057220459,2.690000057220459,100.0
2026-09-08 13:48:00,CTM.V,,0.12999999523162842,0.12999999523162842,0.12999999523162842,0.12999999523162842,34833.0
2026-09-08 13:48:00,DBG.V,,1.850000023841858,1.850000023841858,1.850000023841858,1.850000023841858,800.0
2026-09-08 13:48:00,MOON.V,,8.34000015258789,8.34000015258789,8.289999961853027,8.289999961853027,700.0
2026-09-08 13:48:00,TAU.V,,3.5999999046325684,3.5999999046325684,3.5999999046325684,3.5999999046325684,100.0
2026-09-08 13:49:00,ADZ.V,,0.20999999344348907,0.20999999344348907,0.20000000298023224,0.20000000298023224,17000.0
2026-09-08 13:49:00,BYN.V,,2.0299999713897705,2.0299999713897705,2.0299999713897705,2.0299999713897705,200.0
2026-09-08 13:49:00,CKG.V,,3.5799999237060547,3.5799999237060547,3.5799999237060547,3.5799999237060547,100.0
2026-09-08 13:49:00,CMI.V,,0.8999999761581421,0.8999999761581421,0.8999999761581421,0.8999999761581421,3000.0
2026-09-08 13:49:00,CUU.V,,0.7799999713897705,0.7799999713897705,0.7799999713897705,0.7799999713897705,14500.0
2026-09-08 13:49:00,CVV.V,,0.3799999952316284,0.3799999952316284,0.3799999952316284,0.3799999952316284,500.0
2026-09-08 13:49:00,DBG.V,,1.850000023841858,1.850000023841858,1.850000023841858,1.850000023841858,100.0
2026-09-08 13:49:00,DE.V,,8.229999542236328,8.229999542236328,8.229999542236328,8.229999542236328,100.0
2026-09-08 13:49:00,EU.V,,1.7400000095367432,1.7400000095367432,1.7400000095367432,1.7400000095367432,600.0
2026-09-08 13:49:00,TAU.V,,3.5899999141693115,3.5999999046325684,3.5899999141693115,3.5999999046325684,3200.0
2026-09-08 13:50:00,AFM.V,,1.5099999904632568,1.5099999904632568,1.5099999904632568,1.5099999904632568,100.0
2026-09-08 13:50:00,AMX.V,,4.519999980926514,4.519999980926514,4.519999980926514,4.519999980926514,100.0
2026-09-08 13:50:00,ARK.V,,1.5399999618530273,1.5399999618530273,1.5399999618530273,1.5399999618530273,4000.0
2026-09-08 13:50:00,BYN.V,,2.0299999713897705,2.0299999713897705,2.0299999713897705,2.0299999713897705,200.0
2026-09-08 13:50:00,CAD.V,,2.1600000858306885,2.1649999618530273,2.1600000858306885,2.1600000858306885,700.0
2026-09-08 13:50:00,EU.V,,1.7400000095367432,1.7400000095367432,1.7400000095367432,1.7400000095367432,100.0
2026-09-08 13:50:00,LI.V,,0.48500001430511475,0.48500001430511475,0.48500001430511475,0.48500001430511475,600.0
2026-09-08 13:50:00,MOON.V,,8.34000015258789,8.34000015258789,8.34000015258789,8.34000015258789,100.0
2026-09-08 13:50:00,TAU.V,,3.5999999046325684,3.609999895095825,3.5999999046325684,3.5999999046325684,500.0
2026-09-08 13:51:00,AUAU.V,,0.6899999976158142,0.7099999785423279,0.6899999976158142,0.7099999785423279,24030.0
2026-09-08 13:51:00,BYN.V,,2.0299999713897705,2.0299999713897705,2.0299999713897705,2.0299999713897705,100.0
2026-09-08 13:51:00,CMI.V,,0.8999999761581421,0.8999999761581421,0.8999999761581421,0.8999999761581421,3000.0
2026-09-08 13:51:00,CVV.V,,0.38999998569488525,0.38999998569488525,0.38999998569488525,0.38999998569488525,1000.0
2026-09-08 13:51:00,EU.V,,1.7400000095367432,1.7450000047683716,1.7400000095367432,1.7400000095367432,3100.0
2026-09-08 13:51:00,TAU.V,,3.6050000190734863,3.6050000190734863,3.6050000190734863,3.6050000190734863,200.0
2026-09-08 13:51:00,TOM.V,,0.19499999284744263,0.19499999284744263,0.19499999284744263,0.19499999284744263,50000.0
2026-09-08 13:52:00,AXL.V,,0.6100000143051147,0.6100000143051147,0.6100000143051147,0.6100000143051147,500.0
2026-09-08 13:52:00,BYN.V,,2.0299999713897705,2.0299999713897705,2.0299999713897705,2.0299999713897705,300.0
2026-09-08 13:52:00,DBG.V,,1.850000023841858,1.850000023841858,1.850000023841858,1.850000023841858,100.0
2026-09-08 13:52:00,LI.V,,0.48500001430511475,0.48500001430511475,0.48500001430511475,0.48500001430511475,600.0
2026-09-08 13:52:00,MOON.V,,8.300000190734863,8.34000015258789,8.300000190734863,8.300000190734863,400.0
2026-09-08 13:53:00,AFM.V,,1.5099999904632568,1.5099999904632568,1.5099999904632568,1.5099999904632568,100.0
2026-09-08 13:53:00,BLM.V,,0.8899999856948853,0.8899999856948853,0.8899999856948853,0.8899999856948853,1000.0
2026-09-08 13:53:00,BYN.V,,2.0299999713897705,2.0350000858306885,2.0299999713897705,2.0299999713897705,6500.0
2026-09-08 13:53:00,CH.V,,0.15000000596046448,0.15000000596046448,0.15000000596046448,0.15000000596046448,20000.0
2026-09-08 13:53:00,CMI.V,,0.8999999761581421,0.8999999761581421,0.8999999761581421,0.8999999761581421,2500.0
2026-09-08 13:53:00,DLP.V,,0.3799999952316284,0.3799999952316284,0.3799999952316284,0.3799999952316284,24000.0
2026-09-08 13:53:00,ECR.V,,0.3199999928474426,0.3199999928474426,0.3199999928474426,0.3199999928474426,13000.0
2026-09-08 13:53:00,ENW.V,,0.23000000417232513,0.23000000417232513,0.23000000417232513,0.23000000417232513,2000.0
2026-09-08 13:53:00,MOON.V,,8.329999923706055,8.329999923706055,8.329999923706055,8.329999923706055,100.0
2026-09-08 13:53:00,TAU.V,,3.5999999046325684,3.609999895095825,3.5999999046325684,3.609999895095825,5800.0
2026-09-08 13:54:00,AXL.V,,0.6100000143051147,0.6100000143051147,0.6100000143051147,0.6100000143051147,500.0
2026-09-08 13:54:00,BYN.V,,2.0299999713897705,2.0299999713897705,2.0299999713897705,2.0299999713897705,300.0
2026-09-08 13:54:00,CERT.V,,2.690000057220459,2.690000057220459,2.690000057220459,2.690000057220459,400.0
2026-09-08 13:54:00,CKG.V,,3.5799999237060547,3.5799999237060547,3.5799999237060547,3.5799999237060547,100.0
2026-09-08 13:54:00,ECU.V,,1.7899999618530273,1.7899999618530273,1.7899999618530273,1.7899999618530273,100.0
2026-09-08 13:54:00,EMPR.V,,0.9449999928474426,0.9449999928474426,0.9449999928474426,0.9449999928474426,500.0
2026-09-08 13:54:00,MOON.V,,8.329999923706055,8.329999923706055,8.329999923706055,8.329999923706055,100.0
2026-09-08 13:55:00,ADZ.V,,0.20999999344348907,0.20999999344348907,0.20999999344348907,0.20999999344348907,1000.0
2026-09-08 13:55:00,ARK.V,,1.5499999523162842,1.5499999523162842,1.5499999523162842,1.5499999523162842,100.0
2026-09-08 13:55:00,BYN.V,,2.0299999713897705,2.0299999713897705,2.0299999713897705,2.0299999713897705,200.0
2026-09-08 13:55:00,CAD.V,,2.1600000858306885,2.1600000858306885,2.1600000858306885,2.1600000858306885,300.0
2026-09-08 13:55:00,CERT.V,,2.690000057220459,2.690000057220459,2.690000057220459,2.690000057220459,800.0
2026-09-08 13:55:00,DEC.V,,0.17000000178813934,0.17000000178813934,0.17000000178813934,0.17000000178813934,19000.0
2026-09-08 13:55:00,DLTA.V,,0.23999999463558197,0.23999999463558197,0.23999999463558197,0.23999999463558197,9000.0
2026-09-08 13:55:00,ECU.V,,1.7799999713897705,1.7799999713897705,1.7799999713897705,1.7799999713897705,300.0
2026-09-08 13:55:00,EU.V,,1.7400000095367432,1.7400000095367432,1.7400000095367432,1.7400000095367432,100.0
2026-09-08 13:55:00,LI.V,,0.48500001430511475,0.48500001430511475,0.48500001430511475,0.48500001430511475,600.0
2026-09-08 13:55:00,MOON.V,,8.34000015258789,8.34000015258789,8.34000015258789,8.34000015258789,100.0
2026-09-08 13:55:00,TAU.V,,3.5999999046325684,3.5999999046325684,3.5999999046325684,3.5999999046325684,300.0
2026-09-08 13:56:00,ARK.V,,1.5499999523162842,1.5499999523162842,1.5499999523162842,1.5499999523162842,100.0
2026-09-08 13:56:00,BYN.V,,2.0299999713897705,2.0299999713897705,2.0299999713897705,2.0299999713897705,100.0
2026-09-08 13:56:00,DBG.V,,1.850000023841858,1.850000023841858,1.850000023841858,1.850000023841858,100.0
2026-09-08 13:56:00,DEF.V,,0.20499999821186066,0.20499999821186066,0.20499999821186066,0.20499999821186066,668.0
2026-09-08 13:56:00,DMX.V,,0.5699999928474426,0.5699999928474426,0.5699999928474426,0.5699999928474426,500.0
2026-09-08 13:56:00,ECR.V,,0.3149999976158142,0.3174999952316284,0.3149999976158142,0.3174999952316284,36500.0
2026-09-08 13:56:00,EU.V,,1.7400000095367432,1.7400000095367432,1.7400000095367432,1.7400000095367432,1700.0
2026-09-08 13:56:00,MOON.V,,8.319999694824219,8.319999694824219,8.319999694824219,8.319999694824219,400.0
2026-09-08 13:56:00,TAU.V,,3.5999999046325684,3.5999999046325684,3.5999999046325684,3.5999999046325684,500.0
2026-09-08 13:57:00,AXL.V,,0.6100000143051147,0.6100000143051147,0.6100000143051147,0.6100000143051147,500.0
2026-09-08 13:57:00,BYN.V,,2.0299999713897705,2.0299999713897705,2.0299999713897705,2.0299999713897705,100.0
2026-09-08 13:57:00,CAD.V,,2.1500000953674316,2.1549999713897705,2.1500000953674316,2.1549999713897705,2500.0
2026-09-08 13:57:00,EU.V,,1.7400000095367432,1.7450000047683716,1.7400000095367432,1.7400000095367432,2000.0
2026-09-08 13:57:00,MOON.V,,8.300000190734863,8.329999923706055,8.300000190734863,8.329999923706055,300.0
2026-09-08 13:57:00,TAU.V,,3.5999999046325684,3.5999999046325684,3.5999999046325684,3.5999999046325684,100.0
2026-09-08 13:58:00,ARK.V,,1.5499999523162842,1.5499999523162842,1.5499999523162842,1.5499999523162842,100.0
2026-09-08 13:58:00,BRVO.V,,3.369999885559082,3.369999885559082,3.369999885559082,3.369999885559082,600.0
2026-09-08 13:58:00,BYN.V,,2.0299999713897705,2.0299999713897705,2.0299999713897705,2.0299999713897705,100.0
2026-09-08 13:58:00,CAD.V,,2.140000104904175,2.140000104904175,2.140000104904175,2.140000104904175,100.0
2026-09-08 13:58:00,CANX.V,,0.4350000023841858,0.4350000023841858,0.4350000023841858,0.4350000023841858,500.0
2026-09-08 13:58:00,CVV.V,,0.38999998569488525,0.38999998569488525,0.38999998569488525,0.38999998569488525,1000.0
2026-09-08 13:58:00,LI.V,,0.48500001430511475,0.48500001430511475,0.48500001430511475,0.48500001430511475,600.0
2026-09-08 13:58:00,MOON.V,,8.3100004196167,8.3100004196167,8.289999961853027,8.289999961853027,300.0
2026-09-08 13:59:00,AEC.V,,6.0,6.019999980926514,6.0,6.019999980926514,300.0
2026-09-08 13:59:00,AWM.V,,0.03500000014901161,0.03500000014901161,0.03500000014901161,0.03500000014901161,60000.0
2026-09-08 13:59:00,BYN.V,,2.0299999713897705,2.0299999713897705,2.0299999713897705,2.0299999713897705,100.0
2026-09-08 13:59:00,CVV.V,,0.38999998569488525,0.38999998569488525,0.38999998569488525,0.38999998569488525,500.0
2026-09-08 13:59:00,MOON.V,,8.279999732971191,8.279999732971191,8.279999732971191,8.279999732971191,100.0
2026-09-08 14:00:00,AXL.V,,0.6100000143051147,0.6100000143051147,0.6100000143051147,0.6100000143051147,500.0
2026-09-08 14:00:00,BYN.V,,2.0299999713897705,2.0299999713897705,2.0299999713897705,2.0299999713897705,200.0
2026-09-08 14:00:00,CKG.V,,3.5799999237060547,3.5799999237060547,3.5799999237060547,3.5799999237060547,100.0
2026-09-08 14:00:00,CVV.V,,0.3799999952316284,0.38999998569488525,0.3799999952316284,0.38999998569488525,1500.0
2026-09-08 14:00:00,DBG.V,,1.850000023841858,1.850000023841858,1.850000023841858,1.850000023841858,9200.0
2026-09-08 14:00:00,DEC.V,,0.17000000178813934,0.17000000178813934,0.17000000178813934,0.17000000178813934,1500.0
2026-09-08 14:00:00,DMGI.V,,0.550000011920929,0.550000011920929,0.550000011920929,0.550000011920929,500.0
2026-09-08 14:00:00,EU.V,,1.7400000095367432,1.7400000095367432,1.7400000095367432,1.7400000095367432,500.0
2026-09-08 14:00:00,LI.V,,0.47999998927116394,0.47999998927116394,0.47999998927116394,0.47999998927116394,6700.0
2026-09-08 14:00:00,MOON.V,,8.279999732971191,8.279999732971191,8.279999732971191,8.279999732971191,100.0
2026-09-08 14:00:00,TAU.V,,3.5999999046325684,3.5999999046325684,3.5999999046325684,3.5999999046325684,100.0
2026-09-08 14:01:00,AEC.V,,6.019999980926514,6.019999980926514,6.019999980926514,6.019999980926514,200.0
2026-09-08 14:01:00,ARK.V,,1.5499999523162842,1.5499999523162842,1.5499999523162842,1.5499999523162842,100.0
2026-09-08 14:01:00,AXL.V,,0.6000000238418579,0.6000000238418579,0.6000000238418579,0.6000000238418579,500.0
2026-09-08 14:01:00,DEC.V,,0.17000000178813934,0.17000000178813934,0.17000000178813934,0.17000000178813934,1000.0
2026-09-08 14:01:00,DEF.V,,0.20499999821186066,0.20499999821186066,0.20499999821186066,0.20499999821186066,7500.0
2026-09-08 14:01:00,EML.V,,0.20999999344348907,0.20999999344348907,0.20999999344348907,0.20999999344348907,2000.0
2026-09-08 14:01:00,EOG.V,,0.8349999785423279,0.8349999785423279,0.8349999785423279,0.8349999785423279,500.0
2026-09-08 14:02:00,AFM.V,,1.5099999904632568,1.5099999904632568,1.5099999904632568,1.5099999904632568,100.0
2026-09-08 14:02:00,ARK.V,,1.5499999523162842,1.5499999523162842,1.5499999523162842,1.5499999523162842,100.0
2026-09-08 14:02:00,BWLK.V,,0.029999999329447746,0.029999999329447746,0.029999999329447746,0.029999999329447746,0.0
2026-09-08 14:02:00,BYN.V,,2.0199999809265137,2.0250000953674316,2.0199999809265137,2.0250000953674316,4500.0
2026-09-08 14:02:00,CANX.V,,0.4300000071525574,0.4300000071525574,0.4300000071525574,0.4300000071525574,3000.0
2026-09-08 14:02:00,CVV.V,,0.38999998569488525,0.38999998569488525,0.38999998569488525,0.38999998569488525,1000.0
2026-09-08 14:02:00,DEC.V,,0.17000000178813934,0.17000000178813934,0.17000000178813934,0.17000000178813934,5500.0
2026-09-08 14:02:00,EML.V,,0.20999999344348907,0.20999999344348907,0.20999999344348907,0.20999999344348907,8000.0
2026-09-08 14:02:00,EU.V,,1.7450000047683716,1.7450000047683716,1.7400000095367432,1.7400000095367432,1000.0
2026-09-08 14:02:00,LI.V,,0.47999998927116394,0.47999998927116394,0.47999998927116394,0.47999998927116394,1200.0
2026-09-08 14:02:00,TAU.V,,3.5999999046325684,3.5999999046325684,3.5999999046325684,3.5999999046325684,100.0
2026-09-08 14:03:00,AXL.V,,0.6100000143051147,0.6100000143051147,0.6100000143051147,0.6100000143051147,500.0
2026-09-08 14:03:00,BYN.V,,2.0199999809265137,2.0199999809265137,2.0199999809265137,2.0199999809265137,100.0
2026-09-08 14:03:00,CAPT.V,,2.0,2.0,1.9900000095367432,1.9900000095367432,900.0
2026-09-08 14:03:00,CTM.V,,0.12999999523162842,0.12999999523162842,0.12999999523162842,0.12999999523162842,8000.0
2026-09-08 14:03:00,DBG.V,,1.850000023841858,1.850000023841858,1.850000023841858,1.850000023841858,100.0
2026-09-08 14:04:00,ARK.V,,1.5499999523162842,1.5499999523162842,1.5499999523162842,1.5499999523162842,100.0
2026-09-08 14:04:00,BYN.V,,2.0199999809265137,2.0199999809265137,2.0199999809265137,2.0199999809265137,100.0
2026-09-08 14:04:00,CANX.V,,0.4300000071525574,0.4300000071525574,0.4300000071525574,0.4300000071525574,7360.0
2026-09-08 14:04:00,CVV.V,,0.38999998569488525,0.38999998569488525,0.38999998569488525,0.38999998569488525,500.0
2026-09-08 14:04:00,EU.V,,1.7400000095367432,1.7400000095367432,1.7400000095367432,1.7400000095367432,1000.0
2026-09-08 14:04:00,LI.V,,0.47999998927116394,0.47999998927116394,0.47999998927116394,0.47999998927116394,600.0
2026-09-08 14:05:00,AMX.V,,4.53000020980835,4.53000020980835,4.53000020980835,4.53000020980835,400.0
2026-09-08 14:05:00,BYN.V,,2.0199999809265137,2.0199999809265137,2.0199999809265137,2.0199999809265137,100.0
2026-09-08 14:05:00,CKG.V,,3.569999933242798,3.569999933242798,3.569999933242798,3.569999933242798,100.0
2026-09-08 14:05:00,EMPR.V,,0.9399999976158142,0.9399999976158142,0.9399999976158142,0.9399999976158142,500.0
2026-09-08 14:05:00,TAU.V,,3.5999999046325684,3.5999999046325684,3.5999999046325684,3.5999999046325684,200.0
2026-09-08 14:06:00,ADZ.V,,0.20999999344348907,0.20999999344348907,0.20999999344348907,0.20999999344348907,500.0
2026-09-08 14:06:00,ARK.V,,1.5499999523162842,1.5499999523162842,1.5499999523162842,1.5499999523162842,100.0
2026-09-08 14:06:00,AUX.V,,0.16500000655651093,0.16500000655651093,0.16500000655651093,0.16500000655651093,500.0
2026-09-08 14:06:00,AXL.V,,0.6100000143051147,0.6100000143051147,0.6100000143051147,0.6100000143051147,500.0
2026-09-08 14:06:00,AZM.V,,0.6000000238418579,0.6000000238418579,0.6000000238418579,0.6000000238418579,1500.0
2026-09-08 14:06:00,BYN.V,,2.0199999809265137,2.0199999809265137,2.0199999809265137,2.0199999809265137,100.0
2026-09-08 14:06:00,CAD.V,,2.140000104904175,2.140000104904175,2.140000104904175,2.140000104904175,100.0
2026-09-08 14:06:00,CVV.V,,0.3799999952316284,0.38999998569488525,0.3799999952316284,0.38999998569488525,1500.0
2026-09-08 14:06:00,DBG.V,,1.8600000143051147,1.8600000143051147,1.850000023841858,1.850000023841858,10200.0
2026-09-08 14:06:00,EU.V,,1.7450000047683716,1.7450000047683716,1.7400000095367432,1.7400000095367432,900.0
2026-09-08 14:06:00,LI.V,,0.47999998927116394,0.47999998927116394,0.47999998927116394,0.47999998927116394,600.0
2026-09-08 14:06:00,MOON.V,,8.289999961853027,8.289999961853027,8.289999961853027,8.289999961853027,300.0
2026-09-08 14:06:00,TAU.V,,3.5999999046325684,3.5999999046325684,3.5999999046325684,3.5999999046325684,1200.0
2026-09-08 14:07:00,AMX.V,,4.539999961853027,4.539999961853027,4.539999961853027,4.539999961853027,200.0
2026-09-08 14:07:00,ANK.V,,0.38499999046325684,0.38999998569488525,0.38499999046325684,0.38999998569488525,132000.0
2026-09-08 14:07:00,ASG.V,,0.1599999964237213,0.16500000655651093,0.1599999964237213,0.16500000655651093,8500.0
2026-09-08 14:07:00,ATOM.V,,0.02500000037252903,0.02500000037252903,0.02500000037252903,0.02500000037252903,1000.0
2026-09-08 14:07:00,BAG.V,,0.1850000023841858,0.1850000023841858,0.1850000023841858,0.1850000023841858,0.0
2026-09-08 14:07:00,BGF.V,,0.029999999329447746,0.029999999329447746,0.029999999329447746,0.029999999329447746,18983.0
2026-09-08 14:07:00,BYN.V,,2.0199999809265137,2.0199999809265137,2.0199999809265137,2.0199999809265137,100.0
2026-09-08 14:07:00,CBLU.V,,0.04500000178813934,0.04500000178813934,0.04500000178813934,0.04500000178813934,1000.0
2026-09-08 14:07:00,CERT.V,,2.690000057220459,2.690000057220459,2.690000057220459,2.690000057220459,1000.0
2026-09-08 14:07:00,CPL.V,,0.24500000476837158,0.24500000476837158,0.24500000476837158,0.24500000476837158,2000.0
2026-09-08 14:07:00,CUU.V,,0.7799999713897705,0.7799999713897705,0.7799999713897705,0.7799999713897705,2000.0
2026-09-08 14:07:00,DBG.V,,1.8700000047683716,1.8700000047683716,1.8600000143051147,1.8600000143051147,6200.0
2026-09-08 14:07:00,DE.V,,8.229999542236328,8.229999542236328,8.210000038146973,8.210000038146973,200.0
2026-09-08 14:07:00,DEF.V,,0.20499999821186066,0.20499999821186066,0.20499999821186066,0.20499999821186066,500.0
2026-09-08 14:07:00,DMGI.V,,0.5600000023841858,0.5600000023841858,0.5600000023841858,0.5600000023841858,500.0
2026-09-08 14:07:00,MOON.V,,8.359999656677246,8.359999656677246,8.300000190734863,8.300000190734863,500.0
2026-09-08 14:07:00,RUSH.V,,0.1599999964237213,0.16500000655651093,0.1599999964237213,0.16500000655651093,7000.0
2026-09-08 14:07:00,SPOT.V,,0.32499998807907104,0.32499998807907104,0.32499998807907104,0.32499998807907104,2000.0
2026-09-08 14:08:00,COV.V,,3.5399999618530273,3.5399999618530273,3.5399999618530273,3.5399999618530273,100.0
2026-09-08 14:08:00,DBG.V,,1.8600000143051147,1.8600000143051147,1.8600000143051147,1.8600000143051147,400.0
2026-09-08 14:08:00,EOG.V,,0.8299999833106995,0.8299999833106995,0.8299999833106995,0.8299999833106995,25446.0
2026-09-08 14:08:00,EU.V,,1.7400000095367432,1.7400000095367432,1.7400000095367432,1.7400000095367432,100.0
2026-09-08 14:08:00,TAU.V,,3.5999999046325684,3.5999999046325684,3.5950000286102295,3.5950000286102295,200.0
2026-09-08 14:09:00,AXL.V,,0.6100000143051147,0.6100000143051147,0.6100000143051147,0.6100000143051147,500.0
2026-09-08 14:09:00,BYN.V,,2.0199999809265137,2.0199999809265137,2.0199999809265137,2.0199999809265137,100.0
2026-09-08 14:09:00,CH.V,,0.15000000596046448,0.15000000596046448,0.15000000596046448,0.15000000596046448,4000.0
2026-09-08 14:09:00,COV.V,,3.5399999618530273,3.5399999618530273,3.5399999618530273,3.5399999618530273,1000.0
2026-09-08 14:09:00,CUU.V,,0.7799999713897705,0.7799999713897705,0.7799999713897705,0.7799999713897705,500.0
2026-09-08 14:09:00,CYBE.V,,2.1500000953674316,2.1500000953674316,2.140000104904175,2.140000104904175,3500.0
2026-09-08 14:09:00,DMX.V,,0.5699999928474426,0.5699999928474426,0.5699999928474426,0.5699999928474426,500.0
2026-09-08 14:09:00,EOG.V,,0.8299999833106995,0.8299999833106995,0.8299999833106995,0.8299999833106995,3500.0
2026-09-08 14:10:00,B.V,,0.7900000214576721,0.7900000214576721,0.7900000214576721,0.7900000214576721,1000.0
2026-09-08 14:10:00,BAY.V,,0.05000000074505806,0.05000000074505806,0.05000000074505806,0.05000000074505806,1000.0
2026-09-08 14:10:00,BEX.V,,0.10499999672174454,0.10499999672174454,0.10499999672174454,0.10499999672174454,1500.0
2026-09-08 14:10:00,BVA.V,,1.1200000047683716,1.1200000047683716,1.1200000047683716,1.1200000047683716,900.0
2026-09-08 14:10:00,CVV.V,,0.3799999952316284,0.3799999952316284,0.3799999952316284,0.3799999952316284,500.0
2026-09-08 14:10:00,DBG.V,,1.8600000143051147,1.8600000143051147,1.8600000143051147,1.8600000143051147,4000.0
2026-09-08 14:10:00,MOON.V,,8.390000343322754,8.390000343322754,8.390000343322754,8.390000343322754,300.0
2026-09-08 14:11:00,AFM.V,,1.5099999904632568,1.5099999904632568,1.5099999904632568,1.5099999904632568,130.0
2026-09-08 14:11:00,BYN.V,,2.0199999809265137,2.0250000953674316,2.0199999809265137,2.0250000953674316,1700.0
2026-09-08 14:11:00,CAD.V,,2.1500000953674316,2.1500000953674316,2.1500000953674316,2.1500000953674316,100.0
2026-09-08 14:11:00,COV.V,,3.5399999618530273,3.5399999618530273,3.5399999618530273,3.5399999618530273,900.0
2026-09-08 14:11:00,CTM.V,,0.12999999523162842,0.12999999523162842,0.12999999523162842,0.12999999523162842,1000.0
2026-09-08 14:11:00,DBG.V,,1.8700000047683716,1.8700000047683716,1.8700000047683716,1.8700000047683716,600.0
2026-09-08 14:11:00,DME.V,,0.19499999284744263,0.19499999284744263,0.19499999284744263,0.19499999284744263,1000.0
2026-09-08 14:11:00,EMO.V,,0.3400000035762787,0.3400000035762787,0.3400000035762787,0.3400000035762787,2000.0
2026-09-08 14:11:00,MOON.V,,8.399999618530273,8.399999618530273,8.399999618530273,8.399999618530273,200.0
2026-09-08 14:11:00,PERU.V,,0.08500000089406967,0.08500000089406967,0.08500000089406967,0.08500000089406967,7000.0
2026-09-08 14:11:00,TAU.V,,3.5999999046325684,3.5999999046325684,3.5999999046325684,3.5999999046325684,200.0
2026-09-08 14:12:00,ABM.V,,0.20000000298023224,0.20000000298023224,0.20000000298023224,0.20000000298023224,16500.0
2026-09-08 14:12:00,AXL.V,,0.6100000143051147,0.6100000143051147,0.6100000143051147,0.6100000143051147,500.0
2026-09-08 14:12:00,BRVO.V,,3.390000104904175,3.390000104904175,3.390000104904175,3.390000104904175,100.0
2026-09-08 14:12:00,BTR.V,,0.14499999582767487,0.14499999582767487,0.14499999582767487,0.14499999582767487,53000.0
2026-09-08 14:12:00,BYN.V,,2.0199999809265137,2.0199999809265137,2.0199999809265137,2.0199999809265137,100.0
2026-09-08 14:12:00,CAD.V,,2.140000104904175,2.1500000953674316,2.140000104904175,2.1500000953674316,250.0
2026-09-08 14:12:00,COCO.V,,0.3199999928474426,0.3199999928474426,0.3149999976158142,0.3149999976158142,31000.0
2026-09-08 14:12:00,CUU.V,,0.7699999809265137,0.7699999809265137,0.7699999809265137,0.7699999809265137,500.0
2026-09-08 14:12:00,DMGI.V,,0.550000011920929,0.550000011920929,0.550000011920929,0.550000011920929,10125.0
2026-09-08 14:12:00,MOON.V,,8.390000343322754,8.430000305175781,8.380000114440918,8.399999618530273,1900.0
2026-09-08 14:12:00,TAU.V,,3.5950000286102295,3.5950000286102295,3.5950000286102295,3.5950000286102295,100.0
2026-09-08 14:13:00,AMX.V,,4.539999961853027,4.539999961853027,4.539999961853027,4.539999961853027,500.0
2026-09-08 14:13:00,CN.V,,0.17000000178813934,0.17000000178813934,0.17000000178813934,0.17000000178813934,7000.0
2026-09-08 14:13:00,CYBE.V,,2.1500000953674316,2.1500000953674316,2.1500000953674316,2.1500000953674316,100.0
2026-09-08 14:13:00,EU.V,,1.7400000095367432,1.7400000095367432,1.7400000095367432,1.7400000095367432,150.0
2026-09-08 14:13:00,TAU.V,,3.5999999046325684,3.5999999046325684,3.5999999046325684,3.5999999046325684,100.0
2026-09-08 14:14:00,AXL.V,,0.6100000143051147,0.6100000143051147,0.6100000143051147,0.6100000143051147,500.0
2026-09-08 14:14:00,BYN.V,,2.0199999809265137,2.0199999809265137,2.0199999809265137,2.0199999809265137,100.0
2026-09-08 14:14:00,CAPT.V,,1.9900000095367432,1.9900000095367432,1.9900000095367432,1.9900000095367432,100.0
2026-09-08 14:14:00,CNC.V,,1.4800000190734863,1.4800000190734863,1.4800000190734863,1.4800000190734863,1000.0
2026-09-08 14:14:00,CYBE.V,,2.1500000953674316,2.1500000953674316,2.1500000953674316,2.1500000953674316,100.0
2026-09-08 14:14:00,DB.V,,1.8200000524520874,1.8200000524520874,1.8200000524520874,1.8200000524520874,100.0
2026-09-08 14:14:00,DCOP.V,,0.10000000149011612,0.10000000149011612,0.10000000149011612,0.10000000149011612,12000.0
2026-09-08 14:14:00,DEF.V,,0.20499999821186066,0.20499999821186066,0.20499999821186066,0.20499999821186066,500.0
2026-09-08 14:14:00,EU.V,,1.7400000095367432,1.7400000095367432,1.7400000095367432,1.7400000095367432,100.0
2026-09-08 14:14:00,LI.V,,0.47999998927116394,0.47999998927116394,0.47999998927116394,0.47999998927116394,500.0
2026-09-08 14:15:00,BRVO.V,,3.4000000953674316,3.4000000953674316,3.4000000953674316,3.4000000953674316,100.0
2026-09-08 14:15:00,BYN.V,,2.0199999809265137,2.0199999809265137,2.0199999809265137,2.0199999809265137,200.0
2026-09-08 14:15:00,CVV.V,,0.3799999952316284,0.3799999952316284,0.3799999952316284,0.3799999952316284,500.0
2026-09-08 14:15:00,DB.V,,1.8200000524520874,1.8200000524520874,1.8200000524520874,1.8200000524520874,1500.0
2026-09-08 14:15:00,DBG.V,,1.8600000143051147,1.8600000143051147,1.8600000143051147,1.8600000143051147,100.0
2026-09-08 14:15:00,DMGI.V,,0.550000011920929,0.550000011920929,0.550000011920929,0.550000011920929,30000.0
2026-09-08 14:15:00,MOON.V,,8.390000343322754,8.390000343322754,8.390000343322754,8.390000343322754,300.0
2026-09-08 14:15:00,TAU.V,,3.5999999046325684,3.5999999046325684,3.5999999046325684,3.5999999046325684,100.0
2026-09-08 14:16:00,CMI.V,,0.8999999761581421,0.8999999761581421,0.8999999761581421,0.8999999761581421,3500.0
2026-09-08 14:16:00,CVV.V,,0.38999998569488525,0.38999998569488525,0.38999998569488525,0.38999998569488525,1000.0
2026-09-08 14:16:00,DBG.V,,1.8600000143051147,1.8600000143051147,1.8600000143051147,1.8600000143051147,200.0
2026-09-08 14:16:00,EMPR.V,,0.9399999976158142,0.9399999976158142,0.9399999976158142,0.9399999976158142,500.0
2026-09-08 14:16:00,EU.V,,1.7400000095367432,1.75,1.7400000095367432,1.7400000095367432,1200.0
2026-09-08 14:16:00,LI.V,,0.47999998927116394,0.47999998927116394,0.47999998927116394,0.47999998927116394,1200.0
2026-09-08 14:16:00,TAU.V,,3.5950000286102295,3.5950000286102295,3.5950000286102295,3.5950000286102295,100.0
2026-09-08 14:17:00,AXL.V,,0.6100000143051147,0.6100000143051147,0.6100000143051147,0.6100000143051147,500.0
2026-09-08 14:17:00,BYN.V,,2.0199999809265137,2.0199999809265137,2.009999990463257,2.009999990463257,1100.0
2026-09-08 14:17:00,CTM.V,,0.12999999523162842,0.12999999523162842,0.12999999523162842,0.12999999523162842,1000.0
2026-09-08 14:17:00,DBG.V,,1.8600000143051147,1.8600000143051147,1.8600000143051147,1.8600000143051147,200.0
2026-09-08 14:17:00,DMGI.V,,0.550000011920929,0.550000011920929,0.550000011920929,0.550000011920929,2000.0
2026-09-08 14:17:00,EU.V,,1.7400000095367432,1.7400000095367432,1.7400000095367432,1.7400000095367432,100.0
2026-09-08 14:17:00,MOON.V,,8.390000343322754,8.390000343322754,8.390000343322754,8.390000343322754,200.0
2026-09-08 14:18:00,BYN.V,,2.0199999809265137,2.0199999809265137,2.0199999809265137,2.0199999809265137,200.0
2026-09-08 14:18:00,CAD.V,,2.119999885559082,2.140000104904175,2.119999885559082,2.140000104904175,17700.0
2026-09-08 14:18:00,CERT.V,,2.680000066757202,2.680000066757202,2.680000066757202,2.680000066757202,3100.0
2026-09-08 14:18:00,COCO.V,,0.32499998807907104,0.32499998807907104,0.32499998807907104,0.32499998807907104,18500.0
2026-09-08 14:18:00,DBG.V,,1.8600000143051147,1.8600000143051147,1.8600000143051147,1.8600000143051147,100.0
2026-09-08 14:18:00,LI.V,,0.47999998927116394,0.47999998927116394,0.47999998927116394,0.47999998927116394,600.0
2026-09-08 14:18:00,MOON.V,,8.390000343322754,8.399999618530273,8.390000343322754,8.390000343322754,700.0
2026-09-08 14:18:00,TAU.V,,3.5799999237060547,3.5899999141693115,3.5799999237060547,3.5899999141693115,8100.0
2026-09-08 14:19:00,BYN.V,,2.0199999809265137,2.0199999809265137,2.0199999809265137,2.0199999809265137,100.0
2026-09-08 14:19:00,CAD.V,,2.130000114440918,2.130000114440918,2.130000114440918,2.130000114440918,2100.0
2026-09-08 14:19:00,CAPT.V,,1.9900000095367432,1.9900000095367432,1.9900000095367432,1.9900000095367432,100.0
2026-09-08 14:19:00,CERT.V,,2.680000066757202,2.680000066757202,2.680000066757202,2.680000066757202,131.0
2026-09-08 14:19:00,CKG.V,,3.569999933242798,3.569999933242798,3.569999933242798,3.569999933242798,100.0
2026-09-08 14:19:00,CNC.V,,1.4800000190734863,1.4800000190734863,1.4800000190734863,1.4800000190734863,100.0
2026-09-08 14:19:00,DBG.V,,1.8600000143051147,1.8600000143051147,1.8600000143051147,1.8600000143051147,200.0
2026-09-08 14:19:00,MOON.V,,8.390000343322754,8.390000343322754,8.390000343322754,8.390000343322754,200.0
2026-09-08 14:20:00,AXL.V,,0.6100000143051147,0.6100000143051147,0.6100000143051147,0.6100000143051147,500.0
2026-09-08 14:20:00,CMI.V,,0.8999999761581421,0.8999999761581421,0.8999999761581421,0.8999999761581421,4000.0
2026-09-08 14:20:00,COCO.V,,0.33000001311302185,0.33000001311302185,0.33000001311302185,0.33000001311302185,16500.0
2026-09-08 14:20:00,CUU.V,,0.7799999713897705,0.7799999713897705,0.7799999713897705,0.7799999713897705,27000.0
2026-09-08 14:20:00,CVV.V,,0.3799999952316284,0.3799999952316284,0.3799999952316284,0.3799999952316284,20500.0
2026-09-08 14:20:00,DBG.V,,1.8600000143051147,1.8600000143051147,1.8600000143051147,1.8600000143051147,100.0
2026-09-08 14:20:00,LI.V,,0.4749999940395355,0.4749999940395355,0.4749999940395355,0.4749999940395355,17000.0
2026-09-08 14:20:00,MOON.V,,8.399999618530273,8.399999618530273,8.390000343322754,8.390000343322754,600.0
2026-09-08 14:21:00,CANX.V,,0.4350000023841858,0.4350000023841858,0.4350000023841858,0.4350000023841858,8000.0
2026-09-08 14:21:00,CH.V,,0.15000000596046448,0.15000000596046448,0.15000000596046448,0.15000000596046448,500.0
2026-09-08 14:21:00,CUU.V,,0.7900000214576721,0.7900000214576721,0.7799999713897705,0.7799999713897705,14000.0
2026-09-08 14:21:00,DBG.V,,1.8600000143051147,1.8600000143051147,1.8600000143051147,1.8600000143051147,100.0
2026-09-08 14:21:00,MOON.V,,8.399999618530273,8.399999618530273,8.399999618530273,8.399999618530273,200.0
2026-09-08 14:21:00,TAU.V,,3.5899999141693115,3.5899999141693115,3.5899999141693115,3.5899999141693115,100.0
2026-09-08 14:22:00,ADZ.V,,0.20999999344348907,0.20999999344348907,0.20999999344348907,0.20999999344348907,500.0
2026-09-08 14:22:00,AEC.V,,6.019999980926514,6.019999980926514,5.96999979019165,5.96999979019165,300.0
2026-09-08 14:22:00,CMI.V,,0.8999999761581421,0.8999999761581421,0.8999999761581421,0.8999999761581421,1000.0
2026-09-08 14:22:00,CVV.V,,0.38499999046325684,0.38499999046325684,0.3799999952316284,0.3799999952316284,49500.0
2026-09-08 14:22:00,DBG.V,,1.8600000143051147,1.8700000047683716,1.8600000143051147,1.8700000047683716,300.0
2026-09-08 14:22:00,DMX.V,,0.5699999928474426,0.5699999928474426,0.5699999928474426,0.5699999928474426,3810.0
2026-09-08 14:22:00,MOON.V,,8.399999618530273,8.399999618530273,8.390000343322754,8.390000343322754,400.0
2026-09-08 14:23:00,AFM.V,,1.5099999904632568,1.5099999904632568,1.5099999904632568,1.5099999904632568,100.0
2026-09-08 14:23:00,AXL.V,,0.6100000143051147,0.6100000143051147,0.6100000143051147,0.6100000143051147,500.0
2026-09-08 14:23:00,BYN.V,,2.0199999809265137,2.0199999809265137,2.0199999809265137,2.0199999809265137,100.0
2026-09-08 14:23:00,CCD.V,,0.019999999552965164,0.019999999552965164,0.019999999552965164,0.019999999552965164,3000.0
2026-09-08 14:23:00,CVV.V,,0.3799999952316284,0.3799999952316284,0.3799999952316284,0.3799999952316284,500.0
2026-09-08 14:23:00,DBG.V,,1.8700000047683716,1.8700000047683716,1.8700000047683716,1.8700000047683716,100.0
2026-09-08 14:23:00,EMNT.V,,0.47999998927116394,0.47999998927116394,0.47999998927116394,0.47999998927116394,4000.0
2026-09-08 14:23:00,EU.V,,1.7450000047683716,1.7450000047683716,1.7450000047683716,1.7450000047683716,500.0
2026-09-08 14:24:00,B.V,,0.7900000214576721,0.7900000214576721,0.7900000214576721,0.7900000214576721,11500.0
2026-09-08 14:24:00,DMGI.V,,0.550000011920929,0.550000011920929,0.550000011920929,0.550000011920929,3000.0
2026-09-08 14:24:00,ECU.V,,1.7799999713897705,1.7799999713897705,1.7799999713897705,1.7799999713897705,900.0
2026-09-08 14:24:00,EMPR.V,,0.9399999976158142,0.9399999976158142,0.9399999976158142,0.9399999976158142,25500.0
2026-09-08 14:24:00,EU.V,,1.75,1.75,1.75,1.75,900.0
2026-09-08 14:24:00,MOON.V,,8.399999618530273,8.399999618530273,8.399999618530273,8.399999618530273,100.0
2026-09-08 14:24:00,TAU.V,,3.5899999141693115,3.5899999141693115,3.5899999141693115,3.5899999141693115,300.0
2026-09-08 14:24:00,YFI.V,,0.04500000178813934,0.04500000178813934,0.04500000178813934,0.04500000178813934,170000.0
2026-09-08 14:25:00,ADZ.V,,0.20999999344348907,0.20999999344348907,0.20999999344348907,0.20999999344348907,500.0
2026-09-08 14:25:00,CKG.V,,3.569999933242798,3.569999933242798,3.569999933242798,3.569999933242798,100.0
2026-09-08 14:25:00,CUU.V,,0.7900000214576721,0.7900000214576721,0.7900000214576721,0.7900000214576721,500.0
2026-09-08 14:25:00,DMX.V,,0.5699999928474426,0.5699999928474426,0.5699999928474426,0.5699999928474426,4500.0
2026-09-08 14:25:00,EMPR.V,,0.9300000071525574,0.9300000071525574,0.9300000071525574,0.9300000071525574,910.0
2026-09-08 14:25:00,EU.V,,1.7400000095367432,1.7400000095367432,1.7400000095367432,1.7400000095367432,600.0
2026-09-08 14:25:00,MOON.V,,8.40999984741211,8.40999984741211,8.40999984741211,8.40999984741211,500.0
2026-09-08 14:25:00,SPOT.V,,0.32499998807907104,0.32499998807907104,0.32499998807907104,0.32499998807907104,4000.0
2026-09-08 14:26:00,ATR-P.V,,0.11999999731779099,0.11999999731779099,0.11999999731779099,0.11999999731779099,1000.0
2026-09-08 14:26:00,AXL.V,,0.6100000143051147,0.6100000143051147,0.6100000143051147,0.6100000143051147,500.0
2026-09-08 14:26:00,AZT.V,,0.3700000047683716,0.3700000047683716,0.3700000047683716,0.3700000047683716,3500.0
2026-09-08 14:26:00,B.V,,0.7900000214576721,0.7900000214576721,0.7900000214576721,0.7900000214576721,15100.0
2026-09-08 14:26:00,BQE.V,,70.0,70.0,70.0,70.0,0.0
2026-09-08 14:26:00,BYN.V,,2.0199999809265137,2.0199999809265137,2.0199999809265137,2.0199999809265137,200.0
2026-09-08 14:26:00,CAD.V,,2.130000114440918,2.130000114440918,2.130000114440918,2.130000114440918,100.0
2026-09-08 14:26:00,CAPT.V,,1.9900000095367432,1.9900000095367432,1.9900000095367432,1.9900000095367432,100.0
2026-09-08 14:26:00,EBM.V,,1.8799999952316284,1.8799999952316284,1.8799999952316284,1.8799999952316284,400.0
2026-09-08 14:26:00,EU.V,,1.7400000095367432,1.7400000095367432,1.7400000095367432,1.7400000095367432,400.0
2026-09-08 14:26:00,YFI.V,,0.04500000178813934,0.04500000178813934,0.04500000178813934,0.04500000178813934,34140.0
2026-09-08 14:27:00,AZT.V,,0.3700000047683716,0.3700000047683716,0.3700000047683716,0.3700000047683716,500.0
2026-09-08 14:27:00,BYN.V,,2.0199999809265137,2.0199999809265137,2.0199999809265137,2.0199999809265137,100.0
2026-09-08 14:27:00,CAD.V,,2.130000114440918,2.130000114440918,2.130000114440918,2.130000114440918,4400.0
2026-09-08 14:27:00,CCCM.V,,0.7049999833106995,0.7049999833106995,0.7049999833106995,0.7049999833106995,500.0
2026-09-08 14:27:00,ETL.V,,1.0099999904632568,1.0099999904632568,1.0099999904632568,1.0099999904632568,100.0
2026-09-08 14:27:00,EU.V,,1.7400000095367432,1.7400000095367432,1.7400000095367432,1.7400000095367432,100.0
2026-09-08 14:27:00,MOON.V,,8.390000343322754,8.40999984741211,8.369999885559082,8.40999984741211,800.0
2026-09-08 14:28:00,AXL.V,,0.6100000143051147,0.6100000143051147,0.6100000143051147,0.6100000143051147,500.0
2026-09-08 14:28:00,BYN.V,,2.0199999809265137,2.0199999809265137,2.0199999809265137,2.0199999809265137,100.0
2026-09-08 14:28:00,COCO.V,,0.33000001311302185,0.33000001311302185,0.33000001311302185,0.33000001311302185,1500.0
2026-09-08 14:28:00,CUU.V,,0.7799999713897705,0.7799999713897705,0.7799999713897705,0.7799999713897705,610.0
2026-09-08 14:28:00,CVV.V,,0.38999998569488525,0.38999998569488525,0.38999998569488525,0.38999998569488525,500.0
2026-09-08 14:28:00,DMX.V,,0.5699999928474426,0.5699999928474426,0.5699999928474426,0.5699999928474426,1000.0
2026-09-08 14:28:00,ECR.V,,0.3149999976158142,0.3149999976158142,0.3149999976158142,0.3149999976158142,13200.0
2026-09-08 14:28:00,MOON.V,,8.380000114440918,8.390000343322754,8.359999656677246,8.369999885559082,1100.0
2026-09-08 14:29:00,BYN.V,,2.0199999809265137,2.0199999809265137,2.0199999809265137,2.0199999809265137,900.0
2026-09-08 14:29:00,CUU.V,,0.7799999713897705,0.7799999713897705,0.7799999713897705,0.7799999713897705,1000.0
2026-09-08 14:29:00,CVV.V,,0.38999998569488525,0.38999998569488525,0.38999998569488525,0.38999998569488525,1000.0
2026-09-08 14:29:00,EMPR.V,,0.9350000023841858,0.9350000023841858,0.9350000023841858,0.9350000023841858,500.0
2026-09-08 14:29:00,EU.V,,1.7400000095367432,1.7400000095367432,1.7400000095367432,1.7400000095367432,100.0
2026-09-08 14:29:00,MOON.V,,8.390000343322754,8.390000343322754,8.390000343322754,8.390000343322754,500.0
2026-09-08 14:30:00,B.V,,0.7900000214576721,0.7900000214576721,0.7900000214576721,0.7900000214576721,3000.0
2026-09-08 14:30:00,BRVO.V,,3.380000114440918,3.380000114440918,3.359999895095825,3.359999895095825,615.0
2026-09-08 14:30:00,CTH.V,,1.340000033378601,1.340000033378601,1.315000057220459,1.315000057220459,3000.0
2026-09-08 14:30:00,DBG.V,,1.8700000047683716,1.8700000047683716,1.8700000047683716,1.8700000047683716,2000.0
2026-09-08 14:30:00,MOON.V,,8.390000343322754,8.390000343322754,8.390000343322754,8.390000343322754,300.0
2026-09-08 14:31:00,ASTR.V,,0.4300000071525574,0.4300000071525574,0.4300000071525574,0.4300000071525574,4500.0
2026-09-08 14:31:00,ATR-P.V,,0.11999999731779099,0.11999999731779099,0.11999999731779099,0.11999999731779099,4000.0
2026-09-08 14:31:00,AXL.V,,0.6000000238418579,0.6000000238418579,0.6000000238418579,0.6000000238418579,5180.0
2026-09-08 14:31:00,AZT.V,,0.3700000047683716,0.3700000047683716,0.3700000047683716,0.3700000047683716,22883.0
2026-09-08 14:31:00,B.V,,0.7900000214576721,0.7900000214576721,0.7900000214576721,0.7900000214576721,3000.0
2026-09-08 14:31:00,CTH.V,,1.340000033378601,1.340000033378601,1.340000033378601,1.340000033378601,3000.0
2026-09-08 14:31:00,CUU.V,,0.7699999809265137,0.7699999809265137,0.7699999809265137,0.7699999809265137,500.0
2026-09-08 14:31:00,CVV.V,,0.38999998569488525,0.38999998569488525,0.38499999046325684,0.38999998569488525,3500.0
2026-09-08 14:31:00,EU.V,,1.7400000095367432,1.7400000095367432,1.7400000095367432,1.7400000095367432,100.0
2026-09-08 14:31:00,MOON.V,,8.390000343322754,8.399999618530273,8.390000343322754,8.390000343322754,300.0
2026-09-08 14:31:00,TAU.V,,3.5899999141693115,3.5899999141693115,3.5899999141693115,3.5899999141693115,100.0
2026-09-08 14:32:00,BRVO.V,,3.380000114440918,3.380000114440918,3.380000114440918,3.380000114440918,100.0
2026-09-08 14:32:00,BYN.V,,2.0199999809265137,2.0199999809265137,2.0199999809265137,2.0199999809265137,100.0
2026-09-08 14:32:00,CANX.V,,0.4300000071525574,0.4300000071525574,0.4300000071525574,0.4300000071525574,37000.0
2026-09-08 14:32:00,CNC.V,,1.4800000190734863,1.4800000190734863,1.4800000190734863,1.4800000190734863,3500.0
2026-09-08 14:32:00,CTH.V,,1.340000033378601,1.340000033378601,1.340000033378601,1.340000033378601,100.0
2026-09-08 14:32:00,EU.V,,1.7450000047683716,1.7450000047683716,1.7400000095367432,1.7400000095367432,1100.0
2026-09-08 14:32:00,LI.V,,0.4749999940395355,0.4749999940395355,0.4749999940395355,0.4749999940395355,1200.0
2026-09-08 14:32:00,MOON.V,,8.390000343322754,8.390000343322754,8.390000343322754,8.390000343322754,200.0
2026-09-08 14:33:00,BYN.V,,2.0199999809265137,2.0199999809265137,2.0199999809265137,2.0199999809265137,100.0
2026-09-08 14:33:00,CAD.V,,2.119999885559082,2.119999885559082,2.119999885559082,2.119999885559082,200.0
2026-09-08 14:33:00,CUU.V,,0.7799999713897705,0.7799999713897705,0.7799999713897705,0.7799999713897705,500.0
2026-09-08 14:33:00,EU.V,,1.7400000095367432,1.7400000095367432,1.7400000095367432,1.7400000095367432,100.0
2026-09-08 14:33:00,MOON.V,,8.399999618530273,8.399999618530273,8.390000343322754,8.390000343322754,400.0
2026-09-08 14:33:00,TAU.V,,3.5899999141693115,3.5899999141693115,3.5899999141693115,3.5899999141693115,100.0
2026-09-08 14:34:00,AFM.V,,1.5099999904632568,1.5099999904632568,1.5099999904632568,1.5099999904632568,100.0
2026-09-08 14:34:00,BYN.V,,2.0299999713897705,2.0299999713897705,2.0199999809265137,2.0299999713897705,16800.0
2026-09-08 14:34:00,CANX.V,,0.4300000071525574,0.4300000071525574,0.4300000071525574,0.4300000071525574,8000.0
2026-09-08 14:34:00,CAPT.V,,1.9900000095367432,1.9900000095367432,1.9900000095367432,1.9900000095367432,100.0
2026-09-08 14:34:00,CH.V,,0.15000000596046448,0.15000000596046448,0.15000000596046448,0.15000000596046448,27000.0
2026-09-08 14:34:00,EDM.V,,0.7699999809265137,0.7699999809265137,0.7699999809265137,0.7699999809265137,1200.0
2026-09-08 14:34:00,EU.V,,1.7400000095367432,1.7400000095367432,1.7400000095367432,1.7400000095367432,100.0
2026-09-08 14:35:00,AZT.V,,0.3700000047683716,0.3700000047683716,0.3700000047683716,0.3700000047683716,1000.0
2026-09-08 14:35:00,BYN.V,,2.0299999713897705,2.0299999713897705,2.0299999713897705,2.0299999713897705,100.0
2026-09-08 14:35:00,CERT.V,,2.690000057220459,2.690000057220459,2.690000057220459,2.690000057220459,600.0
2026-09-08 14:35:00,CTH.V,,1.3300000429153442,1.340000033378601,1.3300000429153442,1.340000033378601,225300.0
2026-09-08 14:35:00,CUU.V,,0.7799999713897705,0.7799999713897705,0.7699999809265137,0.7799999713897705,3000.0
2026-09-08 14:35:00,CYBE.V,,2.180000066757202,2.180000066757202,2.180000066757202,2.180000066757202,500.0
2026-09-08 14:35:00,DEX.V,,0.41999998688697815,0.41999998688697815,0.41999998688697815,0.41999998688697815,2000.0
2026-09-08 14:35:00,MOON.V,,8.390000343322754,8.390000343322754,8.390000343322754,8.390000343322754,100.0
2026-09-08 14:35:00,TAU.V,,3.5899999141693115,3.5899999141693115,3.5899999141693115,3.5899999141693115,700.0
2026-09-08 14:35:00,YFI.V,,0.04500000178813934,0.04500000178813934,0.04500000178813934,0.04500000178813934,9000.0
2026-09-08 14:36:00,AFM.V,,1.5099999904632568,1.5099999904632568,1.5099999904632568,1.5099999904632568,100.0
2026-09-08 14:36:00,AZT.V,,0.3700000047683716,0.3700000047683716,0.3700000047683716,0.3700000047683716,1000.0
2026-09-08 14:36:00,BRVO.V,,3.3499999046325684,3.3499999046325684,3.3499999046325684,3.3499999046325684,100.0
2026-09-08 14:36:00,BYN.V,,2.0299999713897705,2.0299999713897705,2.0299999713897705,2.0299999713897705,700.0
2026-09-08 14:36:00,CNC.V,,1.4900000095367432,1.4900000095367432,1.4900000095367432,1.4900000095367432,4624.0
2026-09-08 14:36:00,CTH.V,,1.3300000429153442,1.3300000429153442,1.3300000429153442,1.3300000429153442,900.0
2026-09-08 14:36:00,CVV.V,,0.38499999046325684,0.38499999046325684,0.38499999046325684,0.38499999046325684,500.0
2026-09-08 14:36:00,EU.V,,1.7400000095367432,1.7400000095367432,1.7400000095367432,1.7400000095367432,100.0
2026-09-08 14:36:00,MOON.V,,8.390000343322754,8.390000343322754,8.380000114440918,8.380000114440918,200.0
2026-09-08 14:36:00,TAU.V,,3.5899999141693115,3.5899999141693115,3.5899999141693115,3.5899999141693115,600.0
2026-09-08 14:37:00,AEC.V,,5.96999979019165,5.96999979019165,5.96999979019165,5.96999979019165,100.0
2026-09-08 14:37:00,AFM.V,,1.5099999904632568,1.5099999904632568,1.5099999904632568,1.5099999904632568,100.0
2026-09-08 14:37:00,AXL.V,,0.6100000143051147,0.6100000143051147,0.6100000143051147,0.6100000143051147,500.0
2026-09-08 14:37:00,AZT.V,,0.3700000047683716,0.3700000047683716,0.3700000047683716,0.3700000047683716,5000.0
2026-09-08 14:37:00,BYN.V,,2.0299999713897705,2.0299999713897705,2.0299999713897705,2.0299999713897705,2200.0
2026-09-08 14:37:00,CANX.V,,0.41999998688697815,0.4300000071525574,0.41999998688697815,0.4300000071525574,5500.0
2026-09-08 14:37:00,CERT.V,,2.680000066757202,2.680000066757202,2.680000066757202,2.680000066757202,8800.0
2026-09-08 14:37:00,EU.V,,1.7400000095367432,1.7400000095367432,1.7400000095367432,1.7400000095367432,1900.0
2026-09-08 14:37:00,MOON.V,,8.380000114440918,8.380000114440918,8.380000114440918,8.380000114440918,100.0
2026-09-08 14:37:00,TAU.V,,3.5899999141693115,3.5899999141693115,3.5899999141693115,3.5899999141693115,100.0
2026-09-08 14:38:00,AEMC.V,,0.054999999701976776,0.054999999701976776,0.054999999701976776,0.054999999701976776,2000.0
2026-09-08 14:38:00,AFM.V,,1.5099999904632568,1.5099999904632568,1.5099999904632568,1.5099999904632568,100.0
2026-09-08 14:38:00,AZT.V,,0.3700000047683716,0.3700000047683716,0.3700000047683716,0.3700000047683716,4000.0
2026-09-08 14:38:00,BYN.V,,2.0299999713897705,2.0299999713897705,2.0299999713897705,2.0299999713897705,200.0
2026-09-08 14:38:00,CAD.V,,2.109999895095825,2.109999895095825,2.109999895095825,2.109999895095825,1200.0
2026-09-08 14:38:00,CERT.V,,2.680000066757202,2.680000066757202,2.680000066757202,2.680000066757202,200.0
2026-09-08 14:38:00,CNC.V,,1.4800000190734863,1.4800000190734863,1.4800000190734863,1.4800000190734863,4800.0
2026-09-08 14:38:00,CUU.V,,0.7900000214576721,0.7900000214576721,0.7799999713897705,0.7799999713897705,6500.0
2026-09-08 14:38:00,CVV.V,,0.38749998807907104,0.38749998807907104,0.38749998807907104,0.38749998807907104,1000.0
2026-09-08 14:38:00,DME.V,,0.20000000298023224,0.20000000298023224,0.20000000298023224,0.20000000298023224,29450.0
2026-09-08 14:38:00,DMGI.V,,0.5600000023841858,0.5600000023841858,0.5600000023841858,0.5600000023841858,18970.0
2026-09-08 14:38:00,ECU.V,,1.7899999618530273,1.7899999618530273,1.7899999618530273,1.7899999618530273,176.0
2026-09-08 14:38:00,EMPR.V,,0.9350000023841858,0.9350000023841858,0.9350000023841858,0.9350000023841858,500.0
2026-09-08 14:38:00,EU.V,,1.7400000095367432,1.7400000095367432,1.7400000095367432,1.7400000095367432,900.0
2026-09-08 14:38:00,MOON.V,,8.390000343322754,8.390000343322754,8.380000114440918,8.380000114440918,400.0
2026-09-08 14:38:00,TAU.V,,3.5899999141693115,3.5899999141693115,3.5899999141693115,3.5899999141693115,200.0
2026-09-08 14:39:00,ADY.V,,0.3149999976158142,0.3149999976158142,0.3149999976158142,0.3149999976158142,5500.0
2026-09-08 14:39:00,AMX.V,,4.539999961853027,4.539999961853027,4.539999961853027,4.539999961853027,200.0
2026-09-08 14:39:00,AXL.V,,0.6100000143051147,0.6100000143051147,0.6100000143051147,0.6100000143051147,500.0
2026-09-08 14:39:00,AZT.V,,0.3700000047683716,0.3700000047683716,0.3700000047683716,0.3700000047683716,5000.0
2026-09-08 14:39:00,BYN.V,,2.0299999713897705,2.0299999713897705,2.0299999713897705,2.0299999713897705,1000.0
2026-09-08 14:39:00,CERT.V,,2.680000066757202,2.684999942779541,2.680000066757202,2.684999942779541,467.0
2026-09-08 14:39:00,DMGI.V,,0.5600000023841858,0.5600000023841858,0.5600000023841858,0.5600000023841858,10000.0
2026-09-08 14:39:00,DMX.V,,0.5699999928474426,0.5699999928474426,0.5699999928474426,0.5699999928474426,500.0
2026-09-08 14:39:00,TAU.V,,3.5899999141693115,3.5899999141693115,3.5799999237060547,3.5899999141693115,1600.0
2026-09-08 14:40:00,AFM.V,,1.5099999904632568,1.5099999904632568,1.5099999904632568,1.5099999904632568,100.0
2026-09-08 14:40:00,AUAU.V,,0.699999988079071,0.699999988079071,0.699999988079071,0.699999988079071,10000.0
2026-09-08 14:40:00,AXL.V,,0.6000000238418579,0.6000000238418579,0.6000000238418579,0.6000000238418579,7000.0
2026-09-08 14:40:00,AZT.V,,0.3700000047683716,0.3700000047683716,0.3700000047683716,0.3700000047683716,3000.0
2026-09-08 14:40:00,BRVO.V,,3.369999885559082,3.369999885559082,3.369999885559082,3.369999885559082,100.0
2026-09-08 14:40:00,CAD.V,,2.109999895095825,2.109999895095825,2.109999895095825,2.109999895095825,100.0
2026-09-08 14:40:00,CVV.V,,0.38749998807907104,0.38749998807907104,0.38749998807907104,0.38749998807907104,1000.0
2026-09-08 14:40:00,DBG.V,,1.8600000143051147,1.8600000143051147,1.8600000143051147,1.8600000143051147,100.0
2026-09-08 14:40:00,DMGI.V,,0.5600000023841858,0.5600000023841858,0.5600000023841858,0.5600000023841858,1500.0
2026-09-08 14:40:00,EDG.V,,0.5400000214576721,0.5400000214576721,0.5400000214576721,0.5400000214576721,2000.0
2026-09-08 14:40:00,EU.V,,1.75,1.75,1.7400000095367432,1.7400000095367432,7000.0
2026-09-08 14:40:00,MOON.V,,8.390000343322754,8.390000343322754,8.390000343322754,8.390000343322754,100.0
2026-09-08 14:40:00,TAU.V,,3.5999999046325684,3.5999999046325684,3.5999999046325684,3.5999999046325684,100.0
2026-09-08 14:41:00,ANK.V,,0.39500001072883606,0.39500001072883606,0.39500001072883606,0.39500001072883606,7500.0
2026-09-08 14:41:00,AUAU.V,,0.699999988079071,0.699999988079071,0.699999988079071,0.699999988079071,1500.0
2026-09-08 14:41:00,AZT.V,,0.3700000047683716,0.3700000047683716,0.3700000047683716,0.3700000047683716,30000.0
2026-09-08 14:41:00,BYN.V,,2.0299999713897705,2.0299999713897705,2.0299999713897705,2.0299999713897705,100.0
2026-09-08 14:41:00,CAPT.V,,1.9900000095367432,1.9900000095367432,1.9900000095367432,1.9900000095367432,100.0
2026-09-08 14:41:00,CVV.V,,0.38499999046325684,0.38499999046325684,0.38499999046325684,0.38499999046325684,1000.0
2026-09-08 14:41:00,DEC.V,,0.16500000655651093,0.16500000655651093,0.16500000655651093,0.16500000655651093,2000.0
2026-09-08 14:41:00,EMO.V,,0.33500000834465027,0.33500000834465027,0.33500000834465027,0.33500000834465027,14000.0
2026-09-08 14:42:00,AE.V,,1.190000057220459,1.190000057220459,1.190000057220459,1.190000057220459,100.0
2026-09-08 14:42:00,ANK.V,,0.4000000059604645,0.4000000059604645,0.39500001072883606,0.39500001072883606,8000.0
2026-09-08 14:42:00,AUAU.V,,0.699999988079071,0.699999988079071,0.699999988079071,0.699999988079071,4500.0
2026-09-08 14:42:00,BYN.V,,2.0299999713897705,2.0299999713897705,2.0299999713897705,2.0299999713897705,700.0
2026-09-08 14:42:00,CAD.V,,2.109999895095825,2.109999895095825,2.109999895095825,2.109999895095825,100.0
2026-09-08 14:42:00,TAU.V,,3.5999999046325684,3.5999999046325684,3.5999999046325684,3.5999999046325684,300.0
2026-09-08 14:43:00,AFM.V,,1.5099999904632568,1.5099999904632568,1.5099999904632568,1.5099999904632568,100.0
2026-09-08 14:43:00,ANK.V,,0.4000000059604645,0.4000000059604645,0.4000000059604645,0.4000000059604645,3000.0
2026-09-08 14:43:00,AUAU.V,,0.6800000071525574,0.699999988079071,0.6800000071525574,0.699999988079071,28675.0
2026-09-08 14:43:00,BRVO.V,,3.369999885559082,3.369999885559082,3.369999885559082,3.369999885559082,100.0
2026-09-08 14:43:00,BYN.V,,2.0399999618530273,2.0399999618530273,2.0299999713897705,2.0299999713897705,900.0
2026-09-08 14:43:00,DEC.V,,0.16500000655651093,0.16500000655651093,0.16500000655651093,0.16500000655651093,20000.0
2026-09-08 14:43:00,MOON.V,,8.369999885559082,8.369999885559082,8.369999885559082,8.369999885559082,300.0
2026-09-08 14:43:00,TAU.V,,3.5999999046325684,3.5999999046325684,3.5999999046325684,3.5999999046325684,100.0
2026-09-08 14:44:00,AFM.V,,1.5099999904632568,1.5099999904632568,1.5099999904632568,1.5099999904632568,2600.0
2026-09-08 14:44:00,AZT.V,,0.3700000047683716,0.3700000047683716,0.3700000047683716,0.3700000047683716,11000.0
2026-09-08 14:44:00,BYN.V,,2.049999952316284,2.049999952316284,2.0399999618530273,2.0399999618530273,1937.0
2026-09-08 14:44:00,CVV.V,,0.3824999928474426,0.3824999928474426,0.3824999928474426,0.3824999928474426,500.0
2026-09-08 14:44:00,DBG.V,,1.8600000143051147,1.8600000143051147,1.8600000143051147,1.8600000143051147,100.0
2026-09-08 14:44:00,DMGI.V,,0.5600000023841858,0.5600000023841858,0.5600000023841858,0.5600000023841858,5000.0
2026-09-08 14:44:00,ENW.V,,0.23000000417232513,0.23000000417232513,0.23000000417232513,0.23000000417232513,4500.0
2026-09-08 14:44:00,EU.V,,1.7400000095367432,1.7400000095367432,1.7400000095367432,1.7400000095367432,100.0
2026-09-08 14:44:00,TAU.V,,3.5899999141693115,3.5999999046325684,3.5899999141693115,3.5999999046325684,9700.0
2026-09-08 14:45:00,AFM.V,,1.5099999904632568,1.5099999904632568,1.5099999904632568,1.5099999904632568,300.0
2026-09-08 14:45:00,BYN.V,,2.049999952316284,2.049999952316284,2.049999952316284,2.049999952316284,800.0
2026-09-08 14:45:00,CAD.V,,2.115000009536743,2.115000009536743,2.115000009536743,2.115000009536743,100.0
2026-09-08 14:45:00,DEF.V,,0.20000000298023224,0.20000000298023224,0.20000000298023224,0.20000000298023224,500.0
2026-09-08 14:45:00,EU.V,,1.7400000095367432,1.7400000095367432,1.7400000095367432,1.7400000095367432,200.0
2026-09-08 14:45:00,TAU.V,,3.5899999141693115,3.5899999141693115,3.5899999141693115,3.5899999141693115,2100.0
2026-09-08 14:46:00,AFM.V,,1.5099999904632568,1.5099999904632568,1.5099999904632568,1.5099999904632568,300.0
2026-09-08 14:46:00,AXL.V,,0.6000000238418579,0.6100000143051147,0.6000000238418579,0.6100000143051147,3000.0
2026-09-08 14:46:00,BRVO.V,,3.369999885559082,3.369999885559082,3.369999885559082,3.369999885559082,100.0
2026-09-08 14:46:00,BRW.V,,0.13500000536441803,0.13500000536441803,0.13500000536441803,0.13500000536441803,500.0
2026-09-08 14:46:00,BYN.V,,2.049999952316284,2.049999952316284,2.049999952316284,2.049999952316284,1700.0
2026-09-08 14:46:00,EMPR.V,,0.9350000023841858,0.9350000023841858,0.9350000023841858,0.9350000023841858,500.0
2026-09-08 14:46:00,EU.V,,1.7400000095367432,1.7400000095367432,1.7400000095367432,1.7400000095367432,100.0
2026-09-08 14:46:00,MOON.V,,8.380000114440918,8.380000114440918,8.380000114440918,8.380000114440918,100.0
2026-09-08 14:46:00,TAU.V,,3.5899999141693115,3.5899999141693115,3.5799999237060547,3.5899999141693115,15400.0
2026-09-08 14:47:00,AE.V,,1.1799999475479126,1.1799999475479126,1.1799999475479126,1.1799999475479126,100.0
2026-09-08 14:47:00,AFM.V,,1.5099999904632568,1.5099999904632568,1.5099999904632568,1.5099999904632568,300.0
2026-09-08 14:47:00,AUGC.V,,0.20999999344348907,0.20999999344348907,0.20999999344348907,0.20999999344348907,5774.0
2026-09-08 14:47:00,AZT.V,,0.3700000047683716,0.3700000047683716,0.3700000047683716,0.3700000047683716,2000.0
2026-09-08 14:47:00,BYN.V,,2.0399999618530273,2.049999952316284,2.0399999618530273,2.049999952316284,14200.0
2026-09-08 14:47:00,CAD.V,,2.109999895095825,2.109999895095825,2.109999895095825,2.109999895095825,100.0
2026-09-08 14:47:00,CVV.V,,0.3799999952316284,0.38499999046325684,0.3799999952316284,0.38499999046325684,34500.0
2026-09-08 14:47:00,EDM.V,,0.7799999713897705,0.7799999713897705,0.7799999713897705,0.7799999713897705,500.0
2026-09-08 14:47:00,MOON.V,,8.380000114440918,8.380000114440918,8.380000114440918,8.380000114440918,200.0
2026-09-08 14:47:00,TAU.V,,3.5850000381469727,3.5899999141693115,3.5850000381469727,3.5899999141693115,2400.0
2026-09-08 14:48:00,AEC.V,,5.929999828338623,5.929999828338623,5.929999828338623,5.929999828338623,700.0
2026-09-08 14:48:00,AEMC.V,,0.05000000074505806,0.05000000074505806,0.05000000074505806,0.05000000074505806,41210.0
2026-09-08 14:48:00,AMX.V,,4.510000228881836,4.53000020980835,4.510000228881836,4.53000020980835,890.0
2026-09-08 14:48:00,AXL.V,,0.6050000190734863,0.6050000190734863,0.6050000190734863,0.6050000190734863,500.0
2026-09-08 14:48:00,BYN.V,,2.0399999618530273,2.049999952316284,2.0399999618530273,2.0399999618530273,110100.0
2026-09-08 14:48:00,CASA.V,,0.07000000029802322,0.07000000029802322,0.07000000029802322,0.07000000029802322,42000.0
2026-09-08 14:48:00,CERT.V,,2.6500000953674316,2.680000066757202,2.6500000953674316,2.680000066757202,14700.0
2026-09-08 14:48:00,COCO.V,,0.33000001311302185,0.33000001311302185,0.33000001311302185,0.33000001311302185,1500.0
2026-09-08 14:48:00,CUU.V,,0.7900000214576721,0.7900000214576721,0.7900000214576721,0.7900000214576721,500.0
2026-09-08 14:48:00,CVV.V,,0.38499999046325684,0.38499999046325684,0.38499999046325684,0.38499999046325684,21000.0
2026-09-08 14:48:00,DBG.V,,1.8600000143051147,1.8600000143051147,1.8600000143051147,1.8600000143051147,4400.0
2026-09-08 14:48:00,EMPR.V,,0.9399999976158142,0.9399999976158142,0.9399999976158142,0.9399999976158142,3500.0
2026-09-08 14:48:00,ETL.V,,1.0,1.0,1.0,1.0,100.0
2026-09-08 14:48:00,EU.V,,1.7300000190734863,1.7400000095367432,1.7300000190734863,1.7400000095367432,1350.0
2026-09-08 14:48:00,LI.V,,0.4699999988079071,0.4699999988079071,0.4699999988079071,0.4699999988079071,2510.0
2026-09-08 14:48:00,MOON.V,,8.319999694824219,8.34000015258789,8.300000190734863,8.34000015258789,650.0
2026-09-08 14:48:00,TAU.V,,3.5850000381469727,3.5850000381469727,3.5850000381469727,3.5850000381469727,300.0
2026-09-08 14:49:00,AFM.V,,1.5,1.5,1.5,1.5,46005.0
2026-09-08 14:49:00,AMX.V,,4.5,4.5,4.5,4.5,500.0
2026-09-08 14:49:00,ARU.V,,0.1899999976158142,0.1899999976158142,0.1899999976158142,0.1899999976158142,1000.0
2026-09-08 14:49:00,AZT.V,,0.3700000047683716,0.3700000047683716,0.3700000047683716,0.3700000047683716,2000.0
2026-09-08 14:49:00,BRVO.V,,3.3499999046325684,3.3499999046325684,3.3499999046325684,3.3499999046325684,100.0
2026-09-08 14:49:00,CAPT.V,,1.9700000286102295,1.9900000095367432,1.9700000286102295,1.9900000095367432,800.0
2026-09-08 14:49:00,CERT.V,,2.6500000953674316,2.6500000953674316,2.6500000953674316,2.6500000953674316,3036.0
2026-09-08 14:49:00,CKG.V,,3.569999933242798,3.569999933242798,3.569999933242798,3.569999933242798,200.0
2026-09-08 14:49:00,CNC.V,,1.4800000190734863,1.4800000190734863,1.4800000190734863,1.4800000190734863,1400.0
2026-09-08 14:49:00,COCO.V,,0.33000001311302185,0.33000001311302185,0.33000001311302185,0.33000001311302185,10000.0
2026-09-08 14:49:00,CUU.V,,0.7799999713897705,0.7799999713897705,0.7799999713897705,0.7799999713897705,2000.0
2026-09-08 14:49:00,CVV.V,,0.38499999046325684,0.38499999046325684,0.38499999046325684,0.38499999046325684,1000.0
2026-09-08 14:49:00,DMX.V,,0.5699999928474426,0.5699999928474426,0.5699999928474426,0.5699999928474426,8000.0
2026-09-08 14:49:00,EU.V,,1.7300000190734863,1.7300000190734863,1.7200000286102295,1.7200000286102295,9800.0
2026-09-08 14:49:00,MOON.V,,8.239999771118164,8.270000457763672,8.239999771118164,8.270000457763672,1400.0
2026-09-08 14:49:00,TAU.V,,3.549999952316284,3.5799999237060547,3.549999952316284,3.5799999237060547,10300.0
2026-09-08 14:50:00,AEC.V,,5.940000057220459,5.940000057220459,5.920000076293945,5.920000076293945,1000.0
2026-09-08 14:50:00,AFM.V,,1.5,1.5,1.5,1.5,3100.0
2026-09-08 14:50:00,AZT.V,,0.3700000047683716,0.3700000047683716,0.3700000047683716,0.3700000047683716,2000.0
2026-09-08 14:50:00,B.V,,0.800000011920929,0.800000011920929,0.800000011920929,0.800000011920929,5000.0
2026-09-08 14:50:00,BYN.V,,2.0399999618530273,2.0399999618530273,2.0399999618530273,2.0399999618530273,500.0
2026-09-08 14:50:00,CNC.V,,1.4800000190734863,1.4800000190734863,1.4800000190734863,1.4800000190734863,2300.0
2026-09-08 14:50:00,CVV.V,,0.38499999046325684,0.38499999046325684,0.38499999046325684,0.38499999046325684,1000.0
2026-09-08 14:50:00,DBG.V,,1.850000023841858,1.850000023841858,1.850000023841858,1.850000023841858,100.0
2026-09-08 14:50:00,ENA.V,,5.25,5.28000020980835,5.25,5.269999980926514,900.0
2026-09-08 14:50:00,EU.V,,1.7300000190734863,1.7300000190734863,1.7300000190734863,1.7300000190734863,1100.0
2026-09-08 14:50:00,LI.V,,0.4724999964237213,0.4724999964237213,0.4724999964237213,0.4724999964237213,600.0
2026-09-08 14:50:00,MOON.V,,8.289999961853027,8.289999961853027,8.270000457763672,8.270000457763672,500.0
2026-09-08 14:50:00,TAU.V,,3.559999942779541,3.559999942779541,3.549999952316284,3.549999952316284,5500.0
2026-09-08 14:51:00,AE.V,,1.1799999475479126,1.1799999475479126,1.1799999475479126,1.1799999475479126,1900.0
2026-09-08 14:51:00,AEC.V,,5.940000057220459,5.940000057220459,5.940000057220459,5.940000057220459,200.0
2026-09-08 14:51:00,AEMC.V,,0.05000000074505806,0.05000000074505806,0.05000000074505806,0.05000000074505806,14000.0
2026-09-08 14:51:00,AFM.V,,1.5,1.5,1.5,1.5,800.0
2026-09-08 14:51:00,AXL.V,,0.6000000238418579,0.6000000238418579,0.6000000238418579,0.6000000238418579,11500.0
2026-09-08 14:51:00,AZT.V,,0.3700000047683716,0.3700000047683716,0.3700000047683716,0.3700000047683716,2000.0
2026-09-08 14:51:00,BYN.V,,2.0399999618530273,2.0399999618530273,2.0399999618530273,2.0399999618530273,500.0
2026-09-08 14:51:00,COV.V,,3.5299999713897705,3.5299999713897705,3.5299999713897705,3.5299999713897705,5000.0
2026-09-08 14:51:00,DB.V,,1.8200000524520874,1.8200000524520874,1.8200000524520874,1.8200000524520874,5200.0
2026-09-08 14:51:00,DM.V,,0.03500000014901161,0.03500000014901161,0.03500000014901161,0.03500000014901161,10000.0
2026-09-08 14:52:00,AE.V,,1.1799999475479126,1.1799999475479126,1.1799999475479126,1.1799999475479126,1800.0
2026-09-08 14:52:00,AFM.V,,1.5,1.5,1.5,1.5,5700.0
2026-09-08 14:52:00,AZT.V,,0.3700000047683716,0.3700000047683716,0.3700000047683716,0.3700000047683716,2000.0
2026-09-08 14:52:00,BRVO.V,,3.359999895095825,3.359999895095825,3.359999895095825,3.359999895095825,100.0
2026-09-08 14:52:00,BYN.V,,2.0299999713897705,2.0299999713897705,2.0299999713897705,2.0299999713897705,8900.0
2026-09-08 14:52:00,CAPT.V,,1.9700000286102295,1.9700000286102295,1.9700000286102295,1.9700000286102295,100.0
2026-09-08 14:52:00,CERT.V,,2.640000104904175,2.640000104904175,2.640000104904175,2.640000104904175,100.0
2026-09-08 14:52:00,CNC.V,,1.4800000190734863,1.4800000190734863,1.4800000190734863,1.4800000190734863,1910.0
2026-09-08 14:52:00,COV.V,,3.549999952316284,3.549999952316284,3.549999952316284,3.549999952316284,1700.0
2026-09-08 14:52:00,DBG.V,,1.850000023841858,1.850000023841858,1.850000023841858,1.850000023841858,100.0
2026-09-08 14:52:00,DEC.V,,0.16500000655651093,0.16500000655651093,0.16500000655651093,0.16500000655651093,35000.0
2026-09-08 14:52:00,DEF.V,,0.20000000298023224,0.20000000298023224,0.20000000298023224,0.20000000298023224,500.0
2026-09-08 14:52:00,ECR.V,,0.3100000023841858,0.3100000023841858,0.3100000023841858,0.3100000023841858,20000.0
2026-09-08 14:52:00,MOON.V,,8.239999771118164,8.265000343322754,8.239999771118164,8.265000343322754,325.0
2026-09-08 14:52:00,TAU.V,,3.549999952316284,3.549999952316284,3.549999952316284,3.549999952316284,5300.0
2026-09-08 14:52:00,YFI.V,,0.04500000178813934,0.04500000178813934,0.04500000178813934,0.04500000178813934,50000.0
2026-09-08 14:53:00,AFM.V,,1.5,1.5,1.5,1.5,500.0
2026-09-08 14:53:00,BYN.V,,2.0399999618530273,2.0399999618530273,2.0299999713897705,2.0299999713897705,4100.0
2026-09-08 14:53:00,CERT.V,,2.6500000953674316,2.6600000858306885,2.6500000953674316,2.6500000953674316,8100.0
2026-09-08 14:53:00,CKG.V,,3.549999952316284,3.549999952316284,3.549999952316284,3.549999952316284,200.0
2026-09-08 14:53:00,CNC.V,,1.4800000190734863,1.4800000190734863,1.4800000190734863,1.4800000190734863,1300.0
2026-09-08 14:53:00,EU.V,,1.7200000286102295,1.7200000286102295,1.7200000286102295,1.7200000286102295,15250.0
2026-09-08 14:53:00,MOON.V,,8.260000228881836,8.260000228881836,8.260000228881836,8.260000228881836,100.0
2026-09-08 14:53:00,TAU.V,,3.549999952316284,3.549999952316284,3.549999952316284,3.549999952316284,6900.0
2026-09-08 14:54:00,AZT.V,,0.3700000047683716,0.3700000047683716,0.3700000047683716,0.3700000047683716,5000.0
2026-09-08 14:54:00,BYN.V,,2.0399999618530273,2.0399999618530273,2.0399999618530273,2.0399999618530273,1800.0
2026-09-08 14:54:00,CAD.V,,2.119999885559082,2.119999885559082,2.119999885559082,2.119999885559082,1300.0
2026-09-08 14:54:00,CUU.V,,0.7799999713897705,0.7799999713897705,0.7799999713897705,0.7799999713897705,1000.0
2026-09-08 14:54:00,DEC.V,,0.16500000655651093,0.16500000655651093,0.16500000655651093,0.16500000655651093,267229.0
2026-09-08 14:54:00,DMGI.V,,0.5600000023841858,0.5600000023841858,0.5600000023841858,0.5600000023841858,500.0
2026-09-08 14:54:00,LI.V,,0.4699999988079071,0.4699999988079071,0.4699999988079071,0.4699999988079071,10520.0
2026-09-08 14:54:00,MOON.V,,8.270000457763672,8.270000457763672,8.270000457763672,8.270000457763672,100.0
2026-09-08 14:54:00,TAU.V,,3.559999942779541,3.559999942779541,3.559999942779541,3.559999942779541,300.0
2026-09-08 14:55:00,AFM.V,,1.5099999904632568,1.5099999904632568,1.5099999904632568,1.5099999904632568,400.0
2026-09-08 14:55:00,AZT.V,,0.3700000047683716,0.3700000047683716,0.3700000047683716,0.3700000047683716,5000.0
2026-09-08 14:55:00,CNC.V,,1.4800000190734863,1.4800000190734863,1.4800000190734863,1.4800000190734863,14229.0
2026-09-08 14:56:00,AE.V,,1.1699999570846558,1.1699999570846558,1.1699999570846558,1.1699999570846558,100.0
2026-09-08 14:56:00,AFM.V,,1.5099999904632568,1.5099999904632568,1.5099999904632568,1.5099999904632568,600.0
2026-09-08 14:56:00,AZT.V,,0.3700000047683716,0.3700000047683716,0.3700000047683716,0.3700000047683716,5000.0
2026-09-08 14:56:00,BYN.V,,2.0450000762939453,2.0450000762939453,2.0450000762939453,2.0450000762939453,200.0
2026-09-08 14:56:00,CAD.V,,2.119999885559082,2.119999885559082,2.119999885559082,2.119999885559082,3900.0
2026-09-08 14:56:00,DBG.V,,1.850000023841858,1.850000023841858,1.850000023841858,1.850000023841858,100.0
2026-09-08 14:56:00,DEC.V,,0.1599999964237213,0.1599999964237213,0.1599999964237213,0.1599999964237213,8000.0
2026-09-08 14:56:00,DLTA.V,,0.23999999463558197,0.23999999463558197,0.23999999463558197,0.23999999463558197,7500.0
2026-09-08 14:56:00,EMO.V,,0.33250001072883606,0.33250001072883606,0.33250001072883606,0.33250001072883606,1000.0
2026-09-08 14:57:00,AFM.V,,1.5099999904632568,1.5099999904632568,1.5099999904632568,1.5099999904632568,600.0
2026-09-08 14:57:00,AXL.V,,0.6050000190734863,0.6050000190734863,0.6050000190734863,0.6050000190734863,500.0
2026-09-08 14:57:00,BYN.V,,2.0399999618530273,2.0450000762939453,2.0399999618530273,2.0450000762939453,12900.0
2026-09-08 14:57:00,DLTA.V,,0.24500000476837158,0.24500000476837158,0.23999999463558197,0.23999999463558197,35500.0
2026-09-08 14:57:00,DMX.V,,0.574999988079071,0.574999988079071,0.574999988079071,0.574999988079071,1000.0
2026-09-08 14:57:00,ETL.V,,1.0,1.0,1.0,1.0,250.0
2026-09-08 14:57:00,EU.V,,1.7100000381469727,1.7200000286102295,1.7100000381469727,1.7200000286102295,5000.0
2026-09-08 14:57:00,MOON.V,,8.270000457763672,8.289999961853027,8.270000457763672,8.279999732971191,500.0
2026-09-08 14:58:00,ADZ.V,,0.20999999344348907,0.20999999344348907,0.20999999344348907,0.20999999344348907,1000.0
2026-09-08 14:58:00,AFM.V,,1.5099999904632568,1.5099999904632568,1.5099999904632568,1.5099999904632568,500.0
2026-09-08 14:58:00,AZT.V,,0.3700000047683716,0.3700000047683716,0.3700000047683716,0.3700000047683716,2500.0
2026-09-08 14:58:00,CNC.V,,1.4700000286102295,1.4700000286102295,1.4700000286102295,1.4700000286102295,300.0
2026-09-08 14:58:00,CVV.V,,0.38499999046325684,0.38499999046325684,0.38499999046325684,0.38499999046325684,500.0
2026-09-08 14:58:00,MOON.V,,8.289999961853027,8.289999961853027,8.289999961853027,8.289999961853027,100.0
2026-09-08 14:58:00,TAU.V,,3.569999933242798,3.569999933242798,3.569999933242798,3.569999933242798,100.0
2026-09-08 14:59:00,AE.V,,1.1699999570846558,1.1699999570846558,1.1699999570846558,1.1699999570846558,100.0
2026-09-08 14:59:00,AFM.V,,1.5099999904632568,1.5099999904632568,1.5099999904632568,1.5099999904632568,600.0
2026-09-08 14:59:00,AUAU.V,,0.699999988079071,0.699999988079071,0.699999988079071,0.699999988079071,2500.0
2026-09-08 14:59:00,CUU.V,,0.7900000214576721,0.7900000214576721,0.7900000214576721,0.7900000214576721,500.0
2026-09-08 14:59:00,EDM.V,,0.7699999809265137,0.7699999809265137,0.7699999809265137,0.7699999809265137,2500.0
2026-09-08 14:59:00,MOON.V,,8.289999961853027,8.289999961853027,8.289999961853027,8.289999961853027,100.0
2026-09-08 14:59:00,TAU.V,,3.5799999237060547,3.5799999237060547,3.5799999237060547,3.5799999237060547,100.0
2026-09-08 15:00:00,AFM.V,,1.5099999904632568,1.5099999904632568,1.5099999904632568,1.5099999904632568,400.0
2026-09-08 15:00:00,AXL.V,,0.6050000190734863,0.6050000190734863,0.6050000190734863,0.6050000190734863,500.0
2026-09-08 15:00:00,BYN.V,,2.0399999618530273,2.0399999618530273,2.0399999618530273,2.0399999618530273,100.0
2026-09-08 15:00:00,CAPT.V,,1.9700000286102295,1.9700000286102295,1.9700000286102295,1.9700000286102295,100.0
2026-09-08 15:00:00,CEI.V,,0.6899999976158142,0.6899999976158142,0.6899999976158142,0.6899999976158142,500.0
2026-09-08 15:00:00,CVV.V,,0.38499999046325684,0.38499999046325684,0.38499999046325684,0.38499999046325684,1818.0
2026-09-08 15:00:00,EU.V,,1.7200000286102295,1.7200000286102295,1.7200000286102295,1.7200000286102295,1100.0
2026-09-08 15:00:00,TAU.V,,3.5799999237060547,3.5799999237060547,3.5799999237060547,3.5799999237060547,200.0
2026-09-08 15:01:00,AFM.V,,1.5099999904632568,1.5099999904632568,1.5099999904632568,1.5099999904632568,500.0
2026-09-08 15:01:00,ARK.V,,1.559999942779541,1.559999942779541,1.559999942779541,1.559999942779541,100.0
2026-09-08 15:01:00,BYN.V,,2.0299999713897705,2.0350000858306885,2.0299999713897705,2.0350000858306885,6500.0
2026-09-08 15:01:00,CERT.V,,2.6549999713897705,2.6549999713897705,2.6549999713897705,2.6549999713897705,600.0
2026-09-08 15:01:00,CNC.V,,1.4700000286102295,1.4700000286102295,1.465000033378601,1.4700000286102295,44000.0
2026-09-08 15:01:00,CUU.V,,0.7799999713897705,0.7900000214576721,0.7799999713897705,0.7900000214576721,26500.0
2026-09-08 15:01:00,DMX.V,,0.5699999928474426,0.5699999928474426,0.5699999928474426,0.5699999928474426,500.0
2026-09-08 15:01:00,MOON.V,,8.300000190734863,8.300000190734863,8.300000190734863,8.300000190734863,400.0
2026-09-08 15:01:00,TAU.V,,3.5799999237060547,3.5799999237060547,3.5799999237060547,3.5799999237060547,100.0
2026-09-08 15:02:00,ADZ.V,,0.20999999344348907,0.20999999344348907,0.20999999344348907,0.20999999344348907,5500.0
2026-09-08 15:02:00,AE.V,,1.1699999570846558,1.1699999570846558,1.1699999570846558,1.1699999570846558,100.0
2026-09-08 15:02:00,BYN.V,,2.0299999713897705,2.0299999713897705,2.0299999713897705,2.0299999713897705,2300.0
2026-09-08 15:02:00,CERT.V,,2.6549999713897705,2.6549999713897705,2.6549999713897705,2.6549999713897705,600.0
2026-09-08 15:02:00,CNC.V,,1.465000033378601,1.465000033378601,1.465000033378601,1.465000033378601,200.0
2026-09-08 15:02:00,DEC.V,,0.1599999964237213,0.1599999964237213,0.1599999964237213,0.1599999964237213,105000.0
2026-09-08 15:02:00,DM.V,,0.03500000014901161,0.03500000014901161,0.03500000014901161,0.03500000014901161,38000.0
2026-09-08 15:02:00,EMO.V,,0.33250001072883606,0.33250001072883606,0.33250001072883606,0.33250001072883606,2500.0
2026-09-08 15:02:00,MOON.V,,8.300000190734863,8.300000190734863,8.300000190734863,8.300000190734863,300.0
2026-09-08 15:02:00,TAU.V,,3.569999933242798,3.5799999237060547,3.569999933242798,3.5799999237060547,1500.0
2026-09-08 15:03:00,ADZ.V,,0.20999999344348907,0.20999999344348907,0.20999999344348907,0.20999999344348907,10500.0
2026-09-08 15:03:00,AE.V,,1.1699999570846558,1.1699999570846558,1.1699999570846558,1.1699999570846558,2200.0
2026-09-08 15:03:00,AXL.V,,0.6050000190734863,0.6050000190734863,0.6050000190734863,0.6050000190734863,500.0
2026-09-08 15:03:00,AZT.V,,0.3700000047683716,0.3700000047683716,0.3700000047683716,0.3700000047683716,6000.0
2026-09-08 15:03:00,BYN.V,,2.0299999713897705,2.0299999713897705,2.0299999713897705,2.0299999713897705,7600.0
2026-09-08 15:03:00,CAD.V,,2.130000114440918,2.130000114440918,2.130000114440918,2.130000114440918,900.0
2026-09-08 15:03:00,CERT.V,,2.6500000953674316,2.6600000858306885,2.6500000953674316,2.6600000858306885,700.0
2026-09-08 15:03:00,CVV.V,,0.38499999046325684,0.38499999046325684,0.38499999046325684,0.38499999046325684,500.0
2026-09-08 15:03:00,MOON.V,,8.25,8.3100004196167,8.25,8.3100004196167,2000.0
2026-09-08 15:03:00,TAU.V,,3.569999933242798,3.5799999237060547,3.569999933242798,3.5799999237060547,1000.0
2026-09-08 15:04:00,AE.V,,1.1699999570846558,1.1699999570846558,1.1699999570846558,1.1699999570846558,100.0
2026-09-08 15:04:00,AFM.V,,1.5099999904632568,1.5099999904632568,1.5099999904632568,1.5099999904632568,300.0
2026-09-08 15:04:00,AZT.V,,0.3700000047683716,0.3700000047683716,0.3700000047683716,0.3700000047683716,2500.0
2026-09-08 15:04:00,BYN.V,,2.0250000953674316,2.0250000953674316,2.0250000953674316,2.0250000953674316,100.0
2026-09-08 15:04:00,CAD.V,,2.130000114440918,2.130000114440918,2.130000114440918,2.130000114440918,100.0
2026-09-08 15:04:00,CERT.V,,2.6500000953674316,2.6549999713897705,2.6500000953674316,2.6549999713897705,5100.0
2026-09-08 15:04:00,ECU.V,,1.7799999713897705,1.7799999713897705,1.7799999713897705,1.7799999713897705,1300.0
2026-09-08 15:04:00,EMO.V,,0.33250001072883606,0.33250001072883606,0.33250001072883606,0.33250001072883606,2500.0
2026-09-08 15:04:00,TAU.V,,3.569999933242798,3.569999933242798,3.569999933242798,3.569999933242798,700.0
2026-09-08 15:05:00,AFM.V,,1.5099999904632568,1.5099999904632568,1.5099999904632568,1.5099999904632568,800.0
2026-09-08 15:05:00,ARK.V,,1.559999942779541,1.559999942779541,1.559999942779541,1.559999942779541,300.0
2026-09-08 15:05:00,ATR-P.V,,0.0949999988079071,0.0949999988079071,0.0949999988079071,0.0949999988079071,5000.0
2026-09-08 15:05:00,AUX.V,,0.16500000655651093,0.16500000655651093,0.16500000655651093,0.16500000655651093,2000.0
2026-09-08 15:05:00,AZT.V,,0.3700000047683716,0.3700000047683716,0.3700000047683716,0.3700000047683716,2500.0
2026-09-08 15:05:00,BBB.V,,0.6600000262260437,0.6600000262260437,0.6600000262260437,0.6600000262260437,1840.0
2026-09-08 15:05:00,BYN.V,,2.0299999713897705,2.0299999713897705,2.0250000953674316,2.0299999713897705,600.0
2026-09-08 15:05:00,CERT.V,,2.6500000953674316,2.6549999713897705,2.6500000953674316,2.6500000953674316,2100.0
2026-09-08 15:05:00,TAU.V,,3.5799999237060547,3.5799999237060547,3.569999933242798,3.5799999237060547,400.0
2026-09-08 15:06:00,AE.V,,1.1699999570846558,1.1699999570846558,1.1699999570846558,1.1699999570846558,100.0
2026-09-08 15:06:00,AFM.V,,1.5099999904632568,1.5099999904632568,1.5099999904632568,1.5099999904632568,300.0
2026-09-08 15:06:00,AUUA.V,,3.5999999046325684,3.5999999046325684,3.5899999141693115,3.5899999141693115,700.0
2026-09-08 15:06:00,AXL.V,,0.6050000190734863,0.6050000190734863,0.6050000190734863,0.6050000190734863,500.0
2026-09-08 15:06:00,AZT.V,,0.3700000047683716,0.3700000047683716,0.3700000047683716,0.3700000047683716,2500.0
2026-09-08 15:06:00,BEX.V,,0.10499999672174454,0.10499999672174454,0.10499999672174454,0.10499999672174454,4000.0
2026-09-08 15:06:00,BYN.V,,2.0299999713897705,2.0299999713897705,2.0250000953674316,2.0250000953674316,300.0
2026-09-08 15:06:00,CERT.V,,2.6500000953674316,2.6500000953674316,2.6500000953674316,2.6500000953674316,200.0
2026-09-08 15:06:00,CVV.V,,0.38999998569488525,0.38999998569488525,0.38499999046325684,0.38499999046325684,8000.0
2026-09-08 15:06:00,DLTA.V,,0.24500000476837158,0.24500000476837158,0.24500000476837158,0.24500000476837158,3000.0
2026-09-08 15:06:00,EMO.V,,0.33250001072883606,0.33250001072883606,0.33250001072883606,0.33250001072883606,3500.0
2026-09-08 15:06:00,EMPR.V,,0.949999988079071,0.949999988079071,0.9399999976158142,0.9399999976158142,3000.0
2026-09-08 15:06:00,TAU.V,,3.5799999237060547,3.5799999237060547,3.565000057220459,3.5799999237060547,1800.0
2026-09-08 15:07:00,ADZ.V,,0.2199999988079071,0.2199999988079071,0.2199999988079071,0.2199999988079071,500.0
2026-09-08 15:07:00,AFM.V,,1.5099999904632568,1.5099999904632568,1.5099999904632568,1.5099999904632568,300.0
2026-09-08 15:07:00,AZT.V,,0.3700000047683716,0.3700000047683716,0.3700000047683716,0.3700000047683716,3000.0
2026-09-08 15:07:00,BYN.V,,2.0250000953674316,2.0250000953674316,2.0250000953674316,2.0250000953674316,100.0
2026-09-08 15:07:00,CNC.V,,1.465000033378601,1.465000033378601,1.465000033378601,1.465000033378601,200.0
2026-09-08 15:07:00,COV.V,,3.5299999713897705,3.5299999713897705,3.5299999713897705,3.5299999713897705,2200.0
2026-09-08 15:07:00,DEC.V,,0.1599999964237213,0.1599999964237213,0.1599999964237213,0.1599999964237213,5000.0
2026-09-08 15:07:00,KORE.V,,0.17499999701976776,0.17499999701976776,0.17499999701976776,0.17499999701976776,3000.0
2026-09-08 15:07:00,TAU.V,,3.5799999237060547,3.5799999237060547,3.569999933242798,3.5799999237060547,700.0
2026-09-08 15:08:00,AFM.V,,1.5099999904632568,1.5099999904632568,1.5099999904632568,1.5099999904632568,300.0
2026-09-08 15:08:00,ARK.V,,1.559999942779541,1.559999942779541,1.559999942779541,1.559999942779541,100.0
2026-09-08 15:08:00,AZT.V,,0.3700000047683716,0.3700000047683716,0.3700000047683716,0.3700000047683716,6000.0
2026-09-08 15:08:00,BYN.V,,2.0299999713897705,2.0299999713897705,2.0250000953674316,2.0250000953674316,1300.0
2026-09-08 15:08:00,CKG.V,,3.5299999713897705,3.5399999618530273,3.5299999713897705,3.5399999618530273,3281.0
2026-09-08 15:08:00,CTM.V,,0.13500000536441803,0.13500000536441803,0.13500000536441803,0.13500000536441803,500.0
2026-09-08 15:08:00,CVV.V,,0.38999998569488525,0.38999998569488525,0.38999998569488525,0.38999998569488525,500.0
2026-09-08 15:08:00,EU.V,,1.7100000381469727,1.7100000381469727,1.7100000381469727,1.7100000381469727,1450.0
2026-09-08 15:08:00,MOON.V,,8.289999961853027,8.289999961853027,8.289999961853027,8.289999961853027,100.0
2026-09-08 15:08:00,TAU.V,,3.569999933242798,3.5799999237060547,3.569999933242798,3.5799999237060547,1300.0
2026-09-08 15:09:00,AE.V,,1.1699999570846558,1.1699999570846558,1.1699999570846558,1.1699999570846558,100.0
2026-09-08 15:09:00,AEMC.V,,0.05000000074505806,0.05000000074505806,0.05000000074505806,0.05000000074505806,23000.0
2026-09-08 15:09:00,AFM.V,,1.5099999904632568,1.5099999904632568,1.5099999904632568,1.5099999904632568,300.0
2026-09-08 15:09:00,AXL.V,,0.6050000190734863,0.6050000190734863,0.6050000190734863,0.6050000190734863,500.0
2026-09-08 15:09:00,AZT.V,,0.3700000047683716,0.3700000047683716,0.3700000047683716,0.3700000047683716,3000.0
2026-09-08 15:09:00,B.V,,0.7900000214576721,0.7900000214576721,0.7900000214576721,0.7900000214576721,500.0
2026-09-08 15:09:00,BYN.V,,2.0250000953674316,2.0299999713897705,2.0250000953674316,2.0299999713897705,400.0
2026-09-08 15:09:00,CAD.V,,2.130000114440918,2.130000114440918,2.130000114440918,2.130000114440918,100.0
2026-09-08 15:09:00,CBLU.V,,0.04500000178813934,0.04500000178813934,0.04500000178813934,0.04500000178813934,104000.0
2026-09-08 15:09:00,DEC.V,,0.1599999964237213,0.1599999964237213,0.1599999964237213,0.1599999964237213,30000.0
2026-09-08 15:09:00,EU.V,,1.715000033378601,1.715000033378601,1.7100000381469727,1.7100000381469727,900.0
2026-09-08 15:09:00,LI.V,,0.4675000011920929,0.4675000011920929,0.4675000011920929,0.4675000011920929,600.0
2026-09-08 15:09:00,MOON.V,,8.270000457763672,8.28499984741211,8.260000228881836,8.28499984741211,1700.0
2026-09-08 15:09:00,TAU.V,,3.569999933242798,3.5799999237060547,3.569999933242798,3.5799999237060547,6100.0
2026-09-08 15:10:00,AFM.V,,1.5099999904632568,1.5099999904632568,1.5099999904632568,1.5099999904632568,300.0
2026-09-08 15:10:00,APMI.V,,0.10999999940395355,0.10999999940395355,0.10999999940395355,0.10999999940395355,1000.0
2026-09-08 15:10:00,ARK.V,,1.559999942779541,1.559999942779541,1.559999942779541,1.559999942779541,2000.0
2026-09-08 15:10:00,CAD.V,,2.130000114440918,2.130000114440918,2.130000114440918,2.130000114440918,200.0
2026-09-08 15:10:00,CKG.V,,3.5299999713897705,3.5299999713897705,3.5299999713897705,3.5299999713897705,100.0
2026-09-08 15:10:00,DEC.V,,0.1599999964237213,0.1599999964237213,0.1599999964237213,0.1599999964237213,42500.0
2026-09-08 15:10:00,GSD.V,,8.0,8.010000228881836,8.0,8.010000228881836,0.0
2026-09-08 15:10:00,MOON.V,,8.289999961853027,8.329999923706055,8.279999732971191,8.279999732971191,1700.0
2026-09-08 15:11:00,AE.V,,1.1699999570846558,1.1699999570846558,1.1699999570846558,1.1699999570846558,100.0
2026-09-08 15:11:00,AFM.V,,1.5099999904632568,1.5099999904632568,1.5099999904632568,1.5099999904632568,300.0
2026-09-08 15:11:00,AZM.V,,0.6100000143051147,0.6100000143051147,0.6100000143051147,0.6100000143051147,500.0
2026-09-08 15:11:00,AZT.V,,0.3700000047683716,0.3700000047683716,0.3700000047683716,0.3700000047683716,3000.0
2026-09-08 15:11:00,BYN.V,,2.0199999809265137,2.0250000953674316,2.0199999809265137,2.0250000953674316,2100.0
2026-09-08 15:11:00,CERT.V,,2.640000104904175,2.6500000953674316,2.640000104904175,2.6500000953674316,2348.0
2026-09-08 15:11:00,CKG.V,,3.5299999713897705,3.5299999713897705,3.5299999713897705,3.5299999713897705,2000.0
2026-09-08 15:11:00,COV.V,,3.5299999713897705,3.5299999713897705,3.5299999713897705,3.5299999713897705,100.0
2026-09-08 15:11:00,ENW.V,,0.23000000417232513,0.23000000417232513,0.23000000417232513,0.23000000417232513,2500.0
2026-09-08 15:11:00,EU.V,,1.7100000381469727,1.7100000381469727,1.7100000381469727,1.7100000381469727,100.0
2026-09-08 15:11:00,TAU.V,,3.565000057220459,3.565000057220459,3.565000057220459,3.565000057220459,200.0
2026-09-08 15:12:00,AFM.V,,1.5099999904632568,1.5099999904632568,1.5099999904632568,1.5099999904632568,200.0
2026-09-08 15:12:00,ALEX.V,,0.48500001430511475,0.48500001430511475,0.48500001430511475,0.48500001430511475,500.0
2026-09-08 15:12:00,AXL.V,,0.6050000190734863,0.6050000190734863,0.6050000190734863,0.6050000190734863,500.0
2026-09-08 15:12:00,AZT.V,,0.3700000047683716,0.3700000047683716,0.3700000047683716,0.3700000047683716,3000.0
2026-09-08 15:12:00,CERT.V,,2.640000104904175,2.6449999809265137,2.640000104904175,2.640000104904175,4700.0
2026-09-08 15:12:00,MOON.V,,8.300000190734863,8.300000190734863,8.300000190734863,8.300000190734863,100.0
2026-09-08 15:12:00,TAU.V,,3.565000057220459,3.565000057220459,3.565000057220459,3.565000057220459,100.0
2026-09-08 15:13:00,AFM.V,,1.5099999904632568,1.5099999904632568,1.5099999904632568,1.5099999904632568,400.0
2026-09-08 15:13:00,ARU.V,,0.1899999976158142,0.1899999976158142,0.1899999976158142,0.1899999976158142,1000.0
2026-09-08 15:13:00,AZT.V,,0.3700000047683716,0.3700000047683716,0.3700000047683716,0.3700000047683716,9000.0
2026-09-08 15:13:00,BYN.V,,2.0299999713897705,2.0350000858306885,2.0299999713897705,2.0299999713897705,3300.0
2026-09-08 15:13:00,CAD.V,,2.130000114440918,2.130000114440918,2.130000114440918,2.130000114440918,100.0
2026-09-08 15:13:00,CAPT.V,,1.9600000381469727,1.9600000381469727,1.9600000381469727,1.9600000381469727,2300.0
2026-09-08 15:13:00,CERT.V,,2.6449999809265137,2.6449999809265137,2.6449999809265137,2.6449999809265137,1400.0
2026-09-08 15:13:00,CKG.V,,3.5299999713897705,3.5299999713897705,3.5299999713897705,3.5299999713897705,300.0
2026-09-08 15:13:00,CNC.V,,1.465000033378601,1.465000033378601,1.465000033378601,1.465000033378601,200.0
2026-09-08 15:13:00,CTH.V,,1.3200000524520874,1.3300000429153442,1.3200000524520874,1.3300000429153442,2900.0
2026-09-08 15:13:00,CUU.V,,0.7699999809265137,0.7699999809265137,0.7699999809265137,0.7699999809265137,7510.0
2026-09-08 15:13:00,MOON.V,,8.300000190734863,8.300000190734863,8.300000190734863,8.300000190734863,500.0
2026-09-08 15:14:00,AE.V,,1.1699999570846558,1.1699999570846558,1.1699999570846558,1.1699999570846558,100.0
2026-09-08 15:14:00,AFM.V,,1.5099999904632568,1.5099999904632568,1.5099999904632568,1.5099999904632568,200.0
2026-09-08 15:14:00,ARK.V,,1.5700000524520874,1.5700000524520874,1.559999942779541,1.559999942779541,7000.0
2026-09-08 15:14:00,AUAU.V,,0.699999988079071,0.699999988079071,0.699999988079071,0.699999988079071,25000.0
2026-09-08 15:14:00,AZT.V,,0.3700000047683716,0.3700000047683716,0.3700000047683716,0.3700000047683716,9000.0
2026-09-08 15:14:00,CAPT.V,,1.9600000381469727,1.9600000381469727,1.9600000381469727,1.9600000381469727,2400.0
2026-09-08 15:14:00,CASA.V,,0.07000000029802322,0.07000000029802322,0.07000000029802322,0.07000000029802322,6000.0
2026-09-08 15:14:00,CERT.V,,2.6449999809265137,2.6449999809265137,2.6449999809265137,2.6449999809265137,800.0
2026-09-08 15:14:00,CKG.V,,3.5299999713897705,3.5299999713897705,3.5299999713897705,3.5299999713897705,100.0
2026-09-08 15:14:00,EU.V,,1.7100000381469727,1.7100000381469727,1.7100000381469727,1.7100000381469727,100.0
2026-09-08 15:14:00,MOON.V,,8.300000190734863,8.300000190734863,8.300000190734863,8.300000190734863,100.0
2026-09-08 15:14:00,TAU.V,,3.569999933242798,3.569999933242798,3.569999933242798,3.569999933242798,400.0
2026-09-08 15:15:00,ADZ.V,,0.2199999988079071,0.2199999988079071,0.2199999988079071,0.2199999988079071,500.0
2026-09-08 15:15:00,AFM.V,,1.5099999904632568,1.5099999904632568,1.5099999904632568,1.5099999904632568,200.0
2026-09-08 15:15:00,ARK.V,,1.5700000524520874,1.5700000524520874,1.5700000524520874,1.5700000524520874,100.0
2026-09-08 15:15:00,AXL.V,,0.6050000190734863,0.6050000190734863,0.6050000190734863,0.6050000190734863,500.0
2026-09-08 15:15:00,AZT.V,,0.3700000047683716,0.3700000047683716,0.3700000047683716,0.3700000047683716,9000.0
2026-09-08 15:15:00,BYN.V,,2.0299999713897705,2.0350000858306885,2.0299999713897705,2.0299999713897705,3000.0
2026-09-08 15:15:00,CERT.V,,2.640000104904175,2.6449999809265137,2.640000104904175,2.6449999809265137,1100.0
2026-09-08 15:15:00,CKG.V,,3.5299999713897705,3.5299999713897705,3.5299999713897705,3.5299999713897705,170.0
2026-09-08 15:15:00,CLZ.V,,0.04500000178813934,0.04500000178813934,0.04500000178813934,0.04500000178813934,43000.0
2026-09-08 15:15:00,CTH.V,,1.3200000524520874,1.3200000524520874,1.3200000524520874,1.3200000524520874,800.0
2026-09-08 15:15:00,CVV.V,,0.3824999928474426,0.3824999928474426,0.3824999928474426,0.3824999928474426,500.0
2026-09-08 15:15:00,EDM.V,,0.7799999713897705,0.7799999713897705,0.7799999713897705,0.7799999713897705,2000.0
2026-09-08 15:15:00,MOON.V,,8.300000190734863,8.300000190734863,8.300000190734863,8.300000190734863,200.0
2026-09-08 15:15:00,SPOT.V,,0.32499998807907104,0.32499998807907104,0.32499998807907104,0.32499998807907104,1000.0
2026-09-08 15:15:00,TAU.V,,3.569999933242798,3.569999933242798,3.569999933242798,3.569999933242798,200.0
2026-09-08 15:16:00,AFM.V,,1.5099999904632568,1.5099999904632568,1.5099999904632568,1.5099999904632568,200.0
2026-09-08 15:16:00,AZT.V,,0.3700000047683716,0.3700000047683716,0.3700000047683716,0.3700000047683716,4000.0
2026-09-08 15:16:00,BYN.V,,2.0299999713897705,2.0299999713897705,2.0299999713897705,2.0299999713897705,1300.0
2026-09-08 15:16:00,CAD.V,,2.130000114440918,2.130000114440918,2.130000114440918,2.130000114440918,200.0
2026-09-08 15:16:00,CANX.V,,0.41999998688697815,0.41999998688697815,0.41999998688697815,0.41999998688697815,5000.0
2026-09-08 15:16:00,CERT.V,,2.6600000858306885,2.6600000858306885,2.6500000953674316,2.6500000953674316,5800.0
2026-09-08 15:16:00,CKG.V,,3.5199999809265137,3.5199999809265137,3.5199999809265137,3.5199999809265137,100.0
2026-09-08 15:16:00,CUU.V,,0.7799999713897705,0.7799999713897705,0.7799999713897705,0.7799999713897705,11500.0
2026-09-08 15:16:00,DEF.V,,0.20000000298023224,0.20000000298023224,0.20000000298023224,0.20000000298023224,1500.0
2026-09-08 15:16:00,TAU.V,,3.569999933242798,3.5799999237060547,3.569999933242798,3.5799999237060547,700.0
2026-09-08 15:17:00,AE.V,,1.1699999570846558,1.1699999570846558,1.1699999570846558,1.1699999570846558,100.0
2026-09-08 15:17:00,AFM.V,,1.5099999904632568,1.5099999904632568,1.5099999904632568,1.5099999904632568,800.0
2026-09-08 15:17:00,AKH-H.V,,0.02500000037252903,0.02500000037252903,0.02500000037252903,0.02500000037252903,0.0
2026-09-08 15:17:00,ARK.V,,1.5700000524520874,1.5700000524520874,1.5700000524520874,1.5700000524520874,100.0
2026-09-08 15:17:00,AXL.V,,0.6000000238418579,0.6000000238418579,0.6000000238418579,0.6000000238418579,1000.0
2026-09-08 15:17:00,BYN.V,,2.0299999713897705,2.0299999713897705,2.0299999713897705,2.0299999713897705,1100.0
2026-09-08 15:17:00,CERT.V,,2.6549999713897705,2.6549999713897705,2.6549999713897705,2.6549999713897705,600.0
2026-09-08 15:17:00,CKG.V,,3.509999990463257,3.5199999809265137,3.509999990463257,3.5199999809265137,900.0
2026-09-08 15:17:00,CTM.V,,0.13500000536441803,0.13500000536441803,0.13500000536441803,0.13500000536441803,2000.0
2026-09-08 15:17:00,DEC.V,,0.1599999964237213,0.1599999964237213,0.1599999964237213,0.1599999964237213,3000.0
2026-09-08 15:17:00,EGM.V,,0.10499999672174454,0.10499999672174454,0.10499999672174454,0.10499999672174454,10000.0
2026-09-08 15:17:00,MOON.V,,8.289999961853027,8.289999961853027,8.289999961853027,8.289999961853027,500.0
2026-09-08 15:17:00,TAU.V,,3.569999933242798,3.5799999237060547,3.569999933242798,3.5799999237060547,300.0
2026-09-08 15:18:00,ADZ.V,,0.2199999988079071,0.2199999988079071,0.2199999988079071,0.2199999988079071,500.0
2026-09-08 15:18:00,BYN.V,,2.0299999713897705,2.0299999713897705,2.0299999713897705,2.0299999713897705,4000.0
2026-09-08 15:18:00,CBA.V,,0.05999999865889549,0.05999999865889549,0.05999999865889549,0.05999999865889549,0.0
2026-09-08 15:18:00,CERT.V,,2.6549999713897705,2.6549999713897705,2.6549999713897705,2.6549999713897705,600.0
2026-09-08 15:18:00,CUU.V,,0.7699999809265137,0.7699999809265137,0.7699999809265137,0.7699999809265137,3500.0
2026-09-08 15:18:00,EMNT.V,,0.47999998927116394,0.47999998927116394,0.47999998927116394,0.47999998927116394,2500.0
2026-09-08 15:18:00,EOG.V,,0.8349999785423279,0.8349999785423279,0.8349999785423279,0.8349999785423279,661.0
2026-09-08 15:18:00,EU.V,,1.7000000476837158,1.7000000476837158,1.7000000476837158,1.7000000476837158,100.0
2026-09-08 15:18:00,MOON.V,,8.260000228881836,8.260000228881836,8.260000228881836,8.260000228881836,100.0
2026-09-08 15:18:00,TAU.V,,3.5799999237060547,3.5799999237060547,3.569999933242798,3.5799999237060547,900.0
2026-09-08 15:19:00,ARK.V,,1.5700000524520874,1.5700000524520874,1.5700000524520874,1.5700000524520874,100.0
2026-09-08 15:19:00,AXL.V,,0.6050000190734863,0.6050000190734863,0.6050000190734863,0.6050000190734863,500.0
2026-09-08 15:19:00,AZT.V,,0.3700000047683716,0.3700000047683716,0.3700000047683716,0.3700000047683716,3000.0
2026-09-08 15:19:00,BYN.V,,2.0399999618530273,2.0399999618530273,2.0299999713897705,2.0299999713897705,800.0
2026-09-08 15:19:00,CAD.V,,2.119999885559082,2.130000114440918,2.119999885559082,2.130000114440918,4100.0
2026-09-08 15:19:00,CERT.V,,2.6600000858306885,2.6600000858306885,2.6600000858306885,2.6600000858306885,600.0
2026-09-08 15:19:00,CNC.V,,1.465000033378601,1.465000033378601,1.465000033378601,1.465000033378601,200.0
2026-09-08 15:19:00,DE.V,,8.300000190734863,8.300000190734863,8.270000457763672,8.270000457763672,1800.0
2026-09-08 15:19:00,DEF.V,,0.20000000298023224,0.20000000298023224,0.20000000298023224,0.20000000298023224,500.0
2026-09-08 15:19:00,EDM.V,,0.7799999713897705,0.7799999713897705,0.7799999713897705,0.7799999713897705,3000.0
2026-09-08 15:19:00,MOON.V,,8.289999961853027,8.289999961853027,8.289999961853027,8.289999961853027,500.0
2026-09-08 15:19:00,TAU.V,,3.569999933242798,3.5799999237060547,3.569999933242798,3.5799999237060547,2000.0
2026-09-08 15:20:00,ABM.V,,0.20000000298023224,0.20499999821186066,0.20000000298023224,0.20499999821186066,18878.0
2026-09-08 15:20:00,AEC.V,,5.909999847412109,5.909999847412109,5.909999847412109,5.909999847412109,100.0
2026-09-08 15:20:00,ARK.V,,1.5700000524520874,1.5700000524520874,1.5700000524520874,1.5700000524520874,100.0
2026-09-08 15:20:00,BYN.V,,2.0399999618530273,2.0399999618530273,2.0299999713897705,2.0399999618530273,1200.0
2026-09-08 15:20:00,CERT.V,,2.6549999713897705,2.6549999713897705,2.6549999713897705,2.6549999713897705,600.0
2026-09-08 15:20:00,CVV.V,,0.3824999928474426,0.38499999046325684,0.3824999928474426,0.38499999046325684,1318.0
2026-09-08 15:20:00,DB.V,,1.8200000524520874,1.8200000524520874,1.8200000524520874,1.8200000524520874,300.0
2026-09-08 15:20:00,EU.V,,1.7000000476837158,1.7000000476837158,1.7000000476837158,1.7000000476837158,100.0
2026-09-08 15:20:00,MOON.V,,8.289999961853027,8.289999961853027,8.289999961853027,8.289999961853027,200.0
2026-09-08 15:20:00,TAU.V,,3.569999933242798,3.569999933242798,3.569999933242798,3.569999933242798,600.0
2026-09-08 15:21:00,AEMC.V,,0.054999999701976776,0.054999999701976776,0.054999999701976776,0.054999999701976776,7000.0
2026-09-08 15:21:00,AFM.V,,1.5099999904632568,1.5099999904632568,1.5099999904632568,1.5099999904632568,200.0
2026-09-08 15:21:00,ARK.V,,1.5700000524520874,1.5700000524520874,1.5700000524520874,1.5700000524520874,100.0
2026-09-08 15:21:00,BYN.V,,2.0399999618530273,2.0399999618530273,2.0299999713897705,2.0399999618530273,1000.0
2026-09-08 15:21:00,CAD.V,,2.119999885559082,2.119999885559082,2.119999885559082,2.119999885559082,1200.0
2026-09-08 15:21:00,CERT.V,,2.6500000953674316,2.6549999713897705,2.6500000953674316,2.6549999713897705,800.0
2026-09-08 15:21:00,EMPR.V,,0.9300000071525574,0.9300000071525574,0.9300000071525574,0.9300000071525574,500.0
2026-09-08 15:21:00,EU.V,,1.7000000476837158,1.7000000476837158,1.7000000476837158,1.7000000476837158,100.0
2026-09-08 15:21:00,TAU.V,,3.569999933242798,3.5799999237060547,3.569999933242798,3.5799999237060547,200.0
2026-09-08 15:22:00,AFM.V,,1.5099999904632568,1.5099999904632568,1.5099999904632568,1.5099999904632568,900.0
2026-09-08 15:22:00,AXL.V,,0.6050000190734863,0.6050000190734863,0.6050000190734863,0.6050000190734863,500.0
2026-09-08 15:22:00,BYN.V,,2.0399999618530273,2.0399999618530273,2.0299999713897705,2.0299999713897705,1900.0
2026-09-08 15:22:00,CAD.V,,2.109999895095825,2.109999895095825,2.109999895095825,2.109999895095825,11000.0
2026-09-08 15:22:00,CERT.V,,2.6600000858306885,2.6600000858306885,2.6600000858306885,2.6600000858306885,600.0
2026-09-08 15:22:00,CVV.V,,0.38499999046325684,0.38499999046325684,0.38499999046325684,0.38499999046325684,1500.0
2026-09-08 15:22:00,DMGI.V,,0.550000011920929,0.550000011920929,0.550000011920929,0.550000011920929,500.0
2026-09-08 15:22:00,MOON.V,,8.289999961853027,8.289999961853027,8.289999961853027,8.289999961853027,100.0
2026-09-08 15:22:00,TAU.V,,3.5799999237060547,3.5799999237060547,3.569999933242798,3.569999933242798,200.0
2026-09-08 15:23:00,ARK.V,,1.5700000524520874,1.5700000524520874,1.5700000524520874,1.5700000524520874,100.0
2026-09-08 15:23:00,BEA.V,,0.03500000014901161,0.03500000014901161,0.03500000014901161,0.03500000014901161,23000.0
2026-09-08 15:23:00,BYN.V,,2.0299999713897705,2.0399999618530273,2.0299999713897705,2.0299999713897705,1800.0
2026-09-08 15:23:00,CANX.V,,0.4099999964237213,0.4099999964237213,0.4099999964237213,0.4099999964237213,32000.0
2026-09-08 15:23:00,CERT.V,,2.6500000953674316,2.6549999713897705,2.6500000953674316,2.6549999713897705,1700.0
2026-09-08 15:23:00,EU.V,,1.7000000476837158,1.7000000476837158,1.7000000476837158,1.7000000476837158,100.0
2026-09-08 15:23:00,MOON.V,,8.260000228881836,8.260000228881836,8.260000228881836,8.260000228881836,800.0
2026-09-08 15:23:00,TAU.V,,3.5799999237060547,3.5799999237060547,3.565000057220459,3.565000057220459,300.0
2026-09-08 15:24:00,ABI.V,,0.07500000298023224,0.07500000298023224,0.07500000298023224,0.07500000298023224,100000.0
2026-09-08 15:24:00,AUAU.V,,0.699999988079071,0.699999988079071,0.699999988079071,0.699999988079071,2500.0
2026-09-08 15:24:00,BEA.V,,0.03500000014901161,0.03500000014901161,0.03500000014901161,0.03500000014901161,1000.0
2026-09-08 15:24:00,BYN.V,,2.0199999809265137,2.0299999713897705,2.0199999809265137,2.0299999713897705,7700.0
2026-09-08 15:24:00,CAD.V,,2.0999999046325684,2.115000009536743,2.0999999046325684,2.115000009536743,1948.0
2026-09-08 15:24:00,CNC.V,,1.4600000381469727,1.465000033378601,1.4600000381469727,1.465000033378601,1200.0
2026-09-08 15:24:00,DLTA.V,,0.24500000476837158,0.24500000476837158,0.24500000476837158,0.24500000476837158,500.0
2026-09-08 15:24:00,EOG.V,,0.8299999833106995,0.8299999833106995,0.8299999833106995,0.8299999833106995,10500.0
2026-09-08 15:24:00,EU.V,,1.7000000476837158,1.7000000476837158,1.7000000476837158,1.7000000476837158,100.0
2026-09-08 15:24:00,TAU.V,,3.569999933242798,3.569999933242798,3.569999933242798,3.569999933242798,200.0
2026-09-08 15:25:00,ARK.V,,1.5700000524520874,1.5700000524520874,1.5700000524520874,1.5700000524520874,100.0
2026-09-08 15:25:00,AXL.V,,0.6050000190734863,0.6050000190734863,0.6050000190734863,0.6050000190734863,500.0
2026-09-08 15:25:00,AZT.V,,0.3700000047683716,0.3700000047683716,0.3700000047683716,0.3700000047683716,6000.0
2026-09-08 15:25:00,BYN.V,,2.0299999713897705,2.0299999713897705,2.0250000953674316,2.0299999713897705,1200.0
2026-09-08 15:25:00,CLZ.V,,0.05000000074505806,0.05000000074505806,0.05000000074505806,0.05000000074505806,42000.0
2026-09-08 15:25:00,EDM.V,,0.7900000214576721,0.7900000214576721,0.7900000214576721,0.7900000214576721,5000.0
2026-09-08 15:25:00,EMO.V,,0.33250001072883606,0.33250001072883606,0.33250001072883606,0.33250001072883606,3000.0
2026-09-08 15:25:00,EOG.V,,0.8399999737739563,0.8399999737739563,0.8399999737739563,0.8399999737739563,500.0
2026-09-08 15:25:00,EU.V,,1.7000000476837158,1.7000000476837158,1.7000000476837158,1.7000000476837158,100.0
2026-09-08 15:25:00,LCE.V,,0.25999999046325684,0.25999999046325684,0.2549999952316284,0.2549999952316284,4000.0
2026-09-08 15:25:00,MOON.V,,8.25,8.25,8.25,8.25,400.0
2026-09-08 15:25:00,TAU.V,,3.569999933242798,3.5799999237060547,3.569999933242798,3.5799999237060547,600.0
2026-09-08 15:26:00,AFM.V,,1.5099999904632568,1.5099999904632568,1.5099999904632568,1.5099999904632568,1100.0
2026-09-08 15:26:00,AZT.V,,0.3700000047683716,0.3700000047683716,0.3700000047683716,0.3700000047683716,3000.0
2026-09-08 15:26:00,BYN.V,,2.0299999713897705,2.0299999713897705,2.0299999713897705,2.0299999713897705,900.0
2026-09-08 15:26:00,DEC.V,,0.1599999964237213,0.1599999964237213,0.1599999964237213,0.1599999964237213,27500.0
2026-09-08 15:26:00,DMX.V,,0.5649999976158142,0.5649999976158142,0.5649999976158142,0.5649999976158142,500.0
2026-09-08 15:26:00,EMO.V,,0.33250001072883606,0.33250001072883606,0.33250001072883606,0.33250001072883606,3000.0
2026-09-08 15:26:00,EU.V,,1.7000000476837158,1.7000000476837158,1.7000000476837158,1.7000000476837158,100.0
2026-09-08 15:26:00,NET-UN.V,,6.800000190734863,6.800000190734863,6.800000190734863,6.800000190734863,300.0
2026-09-08 15:27:00,ARK.V,,1.5700000524520874,1.5700000524520874,1.5700000524520874,1.5700000524520874,100.0
2026-09-08 15:27:00,AZT.V,,0.3700000047683716,0.3700000047683716,0.3700000047683716,0.3700000047683716,3000.0
2026-09-08 15:27:00,BYN.V,,2.0299999713897705,2.0299999713897705,2.0299999713897705,2.0299999713897705,1400.0
2026-09-08 15:27:00,CAPT.V,,1.9700000286102295,1.9700000286102295,1.9700000286102295,1.9700000286102295,100.0
2026-09-08 15:27:00,CKG.V,,3.5199999809265137,3.5199999809265137,3.5199999809265137,3.5199999809265137,100.0
2026-09-08 15:27:00,DE.V,,8.300000190734863,8.300000190734863,8.300000190734863,8.300000190734863,1700.0
2026-09-08 15:27:00,EOG.V,,0.8299999833106995,0.8299999833106995,0.8299999833106995,0.8299999833106995,5000.0
2026-09-08 15:27:00,EU.V,,1.7000000476837158,1.7000000476837158,1.7000000476837158,1.7000000476837158,100.0
2026-09-08 15:27:00,TAU.V,,3.5799999237060547,3.5799999237060547,3.569999933242798,3.5799999237060547,1200.0
2026-09-08 15:28:00,AFM.V,,1.5099999904632568,1.5099999904632568,1.5099999904632568,1.5099999904632568,200.0
2026-09-08 15:28:00,B.V,,0.7900000214576721,0.7900000214576721,0.7900000214576721,0.7900000214576721,9500.0
2026-09-08 15:28:00,BYN.V,,2.0299999713897705,2.0299999713897705,2.0299999713897705,2.0299999713897705,1475.0
2026-09-08 15:28:00,CAD.V,,2.0999999046325684,2.0999999046325684,2.0999999046325684,2.0999999046325684,100.0
2026-09-08 15:28:00,CEI.V,,0.7099999785423279,0.7099999785423279,0.699999988079071,0.699999988079071,44375.0
2026-09-08 15:28:00,CERT.V,,2.6600000858306885,2.6649999618530273,2.6549999713897705,2.6549999713897705,2700.0
2026-09-08 15:28:00,CNC.V,,1.4700000286102295,1.4700000286102295,1.4700000286102295,1.4700000286102295,1600.0
2026-09-08 15:28:00,DEC.V,,0.1599999964237213,0.1599999964237213,0.1599999964237213,0.1599999964237213,15000.0
2026-09-08 15:28:00,DLTA.V,,0.24500000476837158,0.24500000476837158,0.24500000476837158,0.24500000476837158,2500.0
2026-09-08 15:28:00,EMNT.V,,0.46000000834465027,0.47999998927116394,0.46000000834465027,0.47999998927116394,9000.0
2026-09-08 15:28:00,EU.V,,1.7000000476837158,1.7000000476837158,1.7000000476837158,1.7000000476837158,100.0
2026-09-08 15:28:00,MOON.V,,8.25,8.25,8.25,8.25,100.0
2026-09-08 15:28:00,PERU.V,,0.08500000089406967,0.08500000089406967,0.08500000089406967,0.08500000089406967,9000.0
2026-09-08 15:28:00,TAU.V,,3.5799999237060547,3.5799999237060547,3.569999933242798,3.569999933242798,600.0
2026-09-08 15:29:00,AFM.V,,1.5099999904632568,1.5099999904632568,1.5099999904632568,1.5099999904632568,200.0
2026-09-08 15:29:00,ARK.V,,1.5700000524520874,1.5700000524520874,1.5700000524520874,1.5700000524520874,100.0
2026-09-08 15:29:00,AUX.V,,0.16500000655651093,0.16500000655651093,0.16500000655651093,0.16500000655651093,2500.0
2026-09-08 15:29:00,BYN.V,,2.0299999713897705,2.0299999713897705,2.0299999713897705,2.0299999713897705,1200.0
2026-09-08 15:29:00,CERT.V,,2.6600000858306885,2.6600000858306885,2.6600000858306885,2.6600000858306885,1900.0
2026-09-08 15:29:00,DBG.V,,1.850000023841858,1.850000023841858,1.850000023841858,1.850000023841858,100.0
2026-09-08 15:29:00,DMGI.V,,0.550000011920929,0.550000011920929,0.550000011920929,0.550000011920929,500.0
2026-09-08 15:29:00,EMNT.V,,0.46000000834465027,0.46000000834465027,0.46000000834465027,0.46000000834465027,5000.0
2026-09-08 15:29:00,EU.V,,1.7000000476837158,1.7000000476837158,1.7000000476837158,1.7000000476837158,100.0
2026-09-08 15:29:00,MOON.V,,8.25,8.25,8.229999542236328,8.229999542236328,300.0
2026-09-08 15:29:00,TAU.V,,3.5799999237060547,3.5799999237060547,3.5799999237060547,3.5799999237060547,100.0
2026-09-08 15:30:00,AE.V,,1.1699999570846558,1.1699999570846558,1.1699999570846558,1.1699999570846558,100.0
2026-09-08 15:30:00,AFM.V,,1.5099999904632568,1.5099999904632568,1.5099999904632568,1.5099999904632568,300.0
2026-09-08 15:30:00,AXL.V,,0.6050000190734863,0.6050000190734863,0.6050000190734863,0.6050000190734863,500.0
2026-09-08 15:30:00,BYN.V,,2.0299999713897705,2.0299999713897705,2.0250000953674316,2.0299999713897705,6100.0
2026-09-08 15:30:00,CERT.V,,2.6649999618530273,2.6649999618530273,2.6649999618530273,2.6649999618530273,600.0
2026-09-08 15:30:00,DBG.V,,1.840000033378601,1.850000023841858,1.840000033378601,1.850000023841858,5200.0
2026-09-08 15:30:00,DEC.V,,0.1599999964237213,0.1599999964237213,0.1599999964237213,0.1599999964237213,3500.0
2026-09-08 15:30:00,DLTA.V,,0.23999999463558197,0.23999999463558197,0.23999999463558197,0.23999999463558197,18500.0
2026-09-08 15:30:00,DMGI.V,,0.550000011920929,0.550000011920929,0.550000011920929,0.550000011920929,500.0
2026-09-08 15:30:00,EMPR.V,,0.9350000023841858,0.9350000023841858,0.9350000023841858,0.9350000023841858,500.0
2026-09-08 15:30:00,EOG.V,,0.8299999833106995,0.8299999833106995,0.8299999833106995,0.8299999833106995,5000.0
2026-09-08 15:30:00,EU.V,,1.7000000476837158,1.7000000476837158,1.7000000476837158,1.7000000476837158,5300.0
2026-09-08 15:30:00,TAU.V,,3.569999933242798,3.575000047683716,3.569999933242798,3.575000047683716,3200.0
2026-09-08 15:31:00,AMX.V,,4.5,4.510000228881836,4.5,4.510000228881836,200.0
2026-09-08 15:31:00,ARK.V,,1.5700000524520874,1.5700000524520874,1.5700000524520874,1.5700000524520874,100.0
2026-09-08 15:31:00,BRW.V,,0.13500000536441803,0.13500000536441803,0.13500000536441803,0.13500000536441803,10000.0
2026-09-08 15:31:00,BYN.V,,2.0299999713897705,2.0299999713897705,2.0199999809265137,2.0299999713897705,4700.0
2026-09-08 15:31:00,CAD.V,,2.0999999046325684,2.0999999046325684,2.0999999046325684,2.0999999046325684,100.0
2026-09-08 15:31:00,CERT.V,,2.6700000762939453,2.6700000762939453,2.6700000762939453,2.6700000762939453,500.0
2026-09-08 15:31:00,COR.V,,0.38999998569488525,0.38999998569488525,0.38999998569488525,0.38999998569488525,29500.0
2026-09-08 15:31:00,CPAU.V,,0.11999999731779099,0.11999999731779099,0.11999999731779099,0.11999999731779099,2000.0
2026-09-08 15:31:00,DEC.V,,0.1599999964237213,0.1599999964237213,0.1599999964237213,0.1599999964237213,21000.0
2026-09-08 15:31:00,EGM.V,,0.10999999940395355,0.10999999940395355,0.10999999940395355,0.10999999940395355,20000.0
2026-09-08 15:31:00,EMNT.V,,0.45500001311302185,0.46000000834465027,0.45500001311302185,0.46000000834465027,3000.0
2026-09-08 15:31:00,MOON.V,,8.25,8.25,8.25,8.25,100.0
2026-09-08 15:31:00,XX.V,,1.7300000190734863,1.7300000190734863,1.7300000190734863,1.7300000190734863,700.0
2026-09-08 15:32:00,AE.V,,1.1799999475479126,1.1799999475479126,1.1799999475479126,1.1799999475479126,300.0
2026-09-08 15:32:00,AEC.V,,5.920000076293945,5.920000076293945,5.920000076293945,5.920000076293945,200.0
2026-09-08 15:32:00,AZT.V,,0.3700000047683716,0.3700000047683716,0.3700000047683716,0.3700000047683716,3000.0
2026-09-08 15:32:00,BYN.V,,2.0299999713897705,2.0299999713897705,2.0299999713897705,2.0299999713897705,1000.0
2026-09-08 15:32:00,CAD.V,,2.0999999046325684,2.0999999046325684,2.0999999046325684,2.0999999046325684,100.0
2026-09-08 15:32:00,CERT.V,,2.6700000762939453,2.6700000762939453,2.6700000762939453,2.6700000762939453,500.0
2026-09-08 15:32:00,CKG.V,,3.509999990463257,3.509999990463257,3.509999990463257,3.509999990463257,100.0
2026-09-08 15:32:00,CNC.V,,1.4700000286102295,1.4700000286102295,1.4700000286102295,1.4700000286102295,2000.0
2026-09-08 15:32:00,DBG.V,,1.8300000429153442,1.840000033378601,1.8300000429153442,1.840000033378601,6800.0
2026-09-08 15:32:00,EU.V,,1.7000000476837158,1.7000000476837158,1.7000000476837158,1.7000000476837158,200.0
2026-09-08 15:32:00,GSD.V,,7.989999771118164,8.0,7.989999771118164,8.0,600.0
2026-09-08 15:32:00,MOON.V,,8.220000267028809,8.229999542236328,8.220000267028809,8.229999542236328,500.0
2026-09-08 15:32:00,TAU.V,,3.559999942779541,3.559999942779541,3.559999942779541,3.559999942779541,1400.0
2026-09-08 15:32:00,XX.V,,1.7200000286102295,1.7200000286102295,1.7200000286102295,1.7200000286102295,500.0
2026-09-08 15:33:00,ABM.V,,0.20000000298023224,0.20000000298023224,0.20000000298023224,0.20000000298023224,500.0
2026-09-08 15:33:00,AFM.V,,1.5099999904632568,1.5099999904632568,1.5099999904632568,1.5099999904632568,300.0
2026-09-08 15:33:00,AXL.V,,0.6050000190734863,0.6050000190734863,0.6050000190734863,0.6050000190734863,500.0
2026-09-08 15:33:00,AZT.V,,0.3700000047683716,0.3700000047683716,0.3700000047683716,0.3700000047683716,3000.0
2026-09-08 15:33:00,BLM.V,,0.8899999856948853,0.8899999856948853,0.8899999856948853,0.8899999856948853,3000.0
2026-09-08 15:33:00,BYN.V,,2.0199999809265137,2.0299999713897705,2.0199999809265137,2.0250000953674316,14400.0
2026-09-08 15:33:00,CAPT.V,,1.9500000476837158,1.9500000476837158,1.9500000476837158,1.9500000476837158,100.0
2026-09-08 15:33:00,CERT.V,,2.6500000953674316,2.6700000762939453,2.6500000953674316,2.6700000762939453,10500.0
2026-09-08 15:33:00,CNC.V,,1.465000033378601,1.465000033378601,1.465000033378601,1.465000033378601,500.0
2026-09-08 15:33:00,COV.V,,3.5399999618530273,3.5399999618530273,3.5399999618530273,3.5399999618530273,322.0
2026-09-08 15:33:00,CVV.V,,0.375,0.3799999952316284,0.375,0.3799999952316284,12550.0
2026-09-08 15:33:00,DMX.V,,0.5649999976158142,0.5649999976158142,0.5649999976158142,0.5649999976158142,500.0
2026-09-08 15:33:00,EOG.V,,0.8299999833106995,0.8299999833106995,0.8299999833106995,0.8299999833106995,5000.0
2026-09-08 15:33:00,TAU.V,,3.559999942779541,3.559999942779541,3.559999942779541,3.559999942779541,200.0
2026-09-08 15:34:00,ARK.V,,1.5700000524520874,1.5700000524520874,1.5700000524520874,1.5700000524520874,100.0
2026-09-08 15:34:00,AZT.V,,0.3700000047683716,0.3700000047683716,0.3700000047683716,0.3700000047683716,9500.0
2026-09-08 15:34:00,CAD.V,,2.0999999046325684,2.0999999046325684,2.0999999046325684,2.0999999046325684,1400.0
2026-09-08 15:34:00,CERT.V,,2.6549999713897705,2.6549999713897705,2.6549999713897705,2.6549999713897705,400.0
2026-09-08 15:34:00,DBG.V,,1.8600000143051147,1.8600000143051147,1.8300000429153442,1.8300000429153442,6300.0
2026-09-08 15:34:00,EMO.V,,0.33000001311302185,0.33000001311302185,0.33000001311302185,0.33000001311302185,57000.0
2026-09-08 15:34:00,MOON.V,,8.210000038146973,8.210000038146973,8.210000038146973,8.210000038146973,400.0
2026-09-08 15:34:00,SPOT.V,,0.32499998807907104,0.32499998807907104,0.32499998807907104,0.32499998807907104,5000.0
2026-09-08 15:35:00,AFM.V,,1.5099999904632568,1.5099999904632568,1.5099999904632568,1.5099999904632568,300.0
2026-09-08 15:35:00,ARK.V,,1.5700000524520874,1.5700000524520874,1.5700000524520874,1.5700000524520874,500.0
2026-09-08 15:35:00,AZT.V,,0.3700000047683716,0.3700000047683716,0.3700000047683716,0.3700000047683716,6000.0
2026-09-08 15:35:00,BYN.V,,2.0199999809265137,2.0250000953674316,2.0199999809265137,2.0250000953674316,200.0
2026-09-08 15:35:00,CAD.V,,2.0999999046325684,2.0999999046325684,2.0999999046325684,2.0999999046325684,100.0
2026-09-08 15:35:00,CERT.V,,2.6600000858306885,2.6600000858306885,2.6600000858306885,2.6600000858306885,300.0
2026-09-08 15:35:00,CNC.V,,1.4600000381469727,1.4600000381469727,1.4600000381469727,1.4600000381469727,100.0
2026-09-08 15:35:00,DBG.V,,1.850000023841858,1.850000023841858,1.850000023841858,1.850000023841858,200.0
2026-09-08 15:35:00,DEC.V,,0.1550000011920929,0.1574999988079071,0.1550000011920929,0.1574999988079071,40000.0
2026-09-08 15:35:00,DMGI.V,,0.550000011920929,0.5550000071525574,0.550000011920929,0.550000011920929,7333.0
2026-09-08 15:35:00,ETL.V,,1.0,1.0,1.0,1.0,900.0
2026-09-08 15:35:00,TAU.V,,3.565000057220459,3.565000057220459,3.559999942779541,3.559999942779541,600.0
2026-09-08 15:36:00,ARK.V,,1.559999942779541,1.5700000524520874,1.559999942779541,1.5700000524520874,700.0
2026-09-08 15:36:00,ARU.V,,0.1899999976158142,0.1899999976158142,0.1899999976158142,0.1899999976158142,3000.0
2026-09-08 15:36:00,AXL.V,,0.6050000190734863,0.6050000190734863,0.6050000190734863,0.6050000190734863,500.0
2026-09-08 15:36:00,AZT.V,,0.3700000047683716,0.3700000047683716,0.3700000047683716,0.3700000047683716,5000.0
2026-09-08 15:36:00,CAD.V,,2.0899999141693115,2.0899999141693115,2.0899999141693115,2.0899999141693115,100.0
2026-09-08 15:36:00,CERT.V,,2.6600000858306885,2.6600000858306885,2.6600000858306885,2.6600000858306885,300.0
2026-09-08 15:36:00,CVW.V,,0.7599999904632568,0.7599999904632568,0.7599999904632568,0.7599999904632568,2500.0
2026-09-08 15:36:00,DBG.V,,1.850000023841858,1.850000023841858,1.850000023841858,1.850000023841858,400.0
2026-09-08 15:36:00,DTWO.V,,0.04500000178813934,0.04500000178813934,0.04500000178813934,0.04500000178813934,0.0
2026-09-08 15:36:00,EBM.V,,1.8799999952316284,1.8799999952316284,1.8799999952316284,1.8799999952316284,1800.0
2026-09-08 15:36:00,EOG.V,,0.8299999833106995,0.8299999833106995,0.8299999833106995,0.8299999833106995,5000.0
2026-09-08 15:36:00,LIT.V,,0.09000000357627869,0.09000000357627869,0.09000000357627869,0.09000000357627869,12000.0
2026-09-08 15:36:00,SWAN.V,,0.9700000286102295,0.9700000286102295,0.9700000286102295,0.9700000286102295,1500.0
2026-09-08 15:37:00,AZT.V,,0.3700000047683716,0.3700000047683716,0.3700000047683716,0.3700000047683716,3000.0
2026-09-08 15:37:00,BEA.V,,0.03500000014901161,0.03500000014901161,0.03500000014901161,0.03500000014901161,1000.0
2026-09-08 15:37:00,BYN.V,,2.0250000953674316,2.0250000953674316,2.0250000953674316,2.0250000953674316,300.0
2026-09-08 15:37:00,CAD.V,,2.0999999046325684,2.0999999046325684,2.0999999046325684,2.0999999046325684,100.0
2026-09-08 15:37:00,CERT.V,,2.6600000858306885,2.6600000858306885,2.6600000858306885,2.6600000858306885,600.0
2026-09-08 15:37:00,DBG.V,,1.850000023841858,1.850000023841858,1.850000023841858,1.850000023841858,400.0
2026-09-08 15:37:00,GSD.V,,7.989999771118164,7.989999771118164,7.989999771118164,7.989999771118164,1000.0
2026-09-08 15:37:00,MOON.V,,8.199999809265137,8.199999809265137,8.199999809265137,8.199999809265137,800.0
2026-09-08 15:38:00,AUGC.V,,0.2150000035762787,0.2150000035762787,0.2150000035762787,0.2150000035762787,1000.0
2026-09-08 15:38:00,AZT.V,,0.3700000047683716,0.3700000047683716,0.3700000047683716,0.3700000047683716,10000.0
2026-09-08 15:38:00,BYN.V,,2.0299999713897705,2.0299999713897705,2.0299999713897705,2.0299999713897705,700.0
2026-09-08 15:38:00,CERT.V,,2.6600000858306885,2.6600000858306885,2.6600000858306885,2.6600000858306885,400.0
2026-09-08 15:38:00,CVV.V,,0.375,0.375,0.375,0.375,500.0
2026-09-08 15:38:00,DBG.V,,1.850000023841858,1.850000023841858,1.850000023841858,1.850000023841858,300.0
2026-09-08 15:38:00,EMPR.V,,0.9300000071525574,0.9300000071525574,0.9300000071525574,0.9300000071525574,500.0
2026-09-08 15:38:00,EOG.V,,0.8299999833106995,0.8299999833106995,0.8299999833106995,0.8299999833106995,2000.0
2026-09-08 15:38:00,EU.V,,1.7000000476837158,1.7000000476837158,1.7000000476837158,1.7000000476837158,5195.0
2026-09-08 15:38:00,MOON.V,,8.199999809265137,8.199999809265137,8.199999809265137,8.199999809265137,1820.0
2026-09-08 15:39:00,ARK.V,,1.559999942779541,1.559999942779541,1.559999942779541,1.559999942779541,400.0
2026-09-08 15:39:00,AXL.V,,0.6050000190734863,0.6050000190734863,0.6050000190734863,0.6050000190734863,500.0
2026-09-08 15:39:00,AZT.V,,0.3700000047683716,0.3700000047683716,0.3700000047683716,0.3700000047683716,7500.0
2026-09-08 15:39:00,BYN.V,,2.0299999713897705,2.0299999713897705,2.0299999713897705,2.0299999713897705,1200.0
2026-09-08 15:39:00,CAD.V,,2.0899999141693115,2.0899999141693115,2.0899999141693115,2.0899999141693115,100.0
2026-09-08 15:39:00,CERT.V,,2.6649999618530273,2.6649999618530273,2.6649999618530273,2.6649999618530273,300.0
2026-09-08 15:39:00,CKG.V,,3.5199999809265137,3.5199999809265137,3.5199999809265137,3.5199999809265137,100.0
2026-09-08 15:39:00,CUU.V,,0.7599999904632568,0.7699999809265137,0.7599999904632568,0.7699999809265137,6000.0
2026-09-08 15:39:00,DMX.V,,0.5649999976158142,0.5649999976158142,0.5649999976158142,0.5649999976158142,500.0
2026-09-08 15:39:00,EOG.V,,0.8299999833106995,0.8299999833106995,0.8299999833106995,0.8299999833106995,1000.0
2026-09-08 15:39:00,EU.V,,1.6950000524520874,1.6950000524520874,1.6950000524520874,1.6950000524520874,200.0
2026-09-08 15:39:00,TAU.V,,3.569999933242798,3.569999933242798,3.569999933242798,3.569999933242798,100.0
2026-09-08 15:40:00,ADZ.V,,0.2199999988079071,0.2199999988079071,0.2199999988079071,0.2199999988079071,500.0
2026-09-08 15:40:00,AZT.V,,0.3700000047683716,0.3700000047683716,0.3700000047683716,0.3700000047683716,7000.0
2026-09-08 15:40:00,BYN.V,,2.0299999713897705,2.0299999713897705,2.0299999713897705,2.0299999713897705,700.0
2026-09-08 15:40:00,CAPT.V,,1.940000057220459,1.940000057220459,1.940000057220459,1.940000057220459,100.0
2026-09-08 15:40:00,CERT.V,,2.6649999618530273,2.6649999618530273,2.6649999618530273,2.6649999618530273,300.0
2026-09-08 15:40:00,CNC.V,,1.4600000381469727,1.4600000381469727,1.4600000381469727,1.4600000381469727,3300.0
2026-09-08 15:40:00,ECU.V,,1.7799999713897705,1.7799999713897705,1.7799999713897705,1.7799999713897705,200.0
2026-09-08 15:40:00,MOON.V,,8.21500015258789,8.220000267028809,8.180000305175781,8.199999809265137,7300.0
2026-09-08 15:40:00,TAU.V,,3.575000047683716,3.575000047683716,3.575000047683716,3.575000047683716,100.0
2026-09-08 15:41:00,AEP.V,,0.6299999952316284,0.6299999952316284,0.6299999952316284,0.6299999952316284,2500.0
2026-09-08 15:41:00,ARK.V,,1.559999942779541,1.559999942779541,1.559999942779541,1.559999942779541,500.0
2026-09-08 15:41:00,AXL.V,,0.6050000190734863,0.6050000190734863,0.6050000190734863,0.6050000190734863,500.0
2026-09-08 15:41:00,AZT.V,,0.3725000023841858,0.3725000023841858,0.3725000023841858,0.3725000023841858,1000.0
2026-09-08 15:41:00,BYN.V,,2.0399999618530273,2.0399999618530273,2.0299999713897705,2.0299999713897705,7700.0
2026-09-08 15:41:00,CERT.V,,2.6649999618530273,2.6649999618530273,2.6649999618530273,2.6649999618530273,300.0
2026-09-08 15:41:00,CNC.V,,1.4600000381469727,1.4600000381469727,1.4600000381469727,1.4600000381469727,10000.0
2026-09-08 15:41:00,DBG.V,,1.840000033378601,1.840000033378601,1.840000033378601,1.840000033378601,100.0
2026-09-08 15:41:00,EU.V,,1.7000000476837158,1.7000000476837158,1.7000000476837158,1.7000000476837158,100.0
2026-09-08 15:41:00,TAU.V,,3.5799999237060547,3.5799999237060547,3.575000047683716,3.575000047683716,200.0
2026-09-08 15:41:00,XX.V,,1.7300000190734863,1.7300000190734863,1.7300000190734863,1.7300000190734863,200.0
2026-09-08 15:42:00,AXL.V,,0.6050000190734863,0.6050000190734863,0.6050000190734863,0.6050000190734863,500.0
2026-09-08 15:42:00,CAD.V,,2.0999999046325684,2.0999999046325684,2.0899999141693115,2.0899999141693115,200.0
2026-09-08 15:42:00,CAPT.V,,1.940000057220459,1.940000057220459,1.940000057220459,1.940000057220459,300.0
2026-09-08 15:42:00,CEI.V,,0.7099999785423279,0.7099999785423279,0.7099999785423279,0.7099999785423279,18000.0
2026-09-08 15:42:00,CERT.V,,2.6649999618530273,2.6649999618530273,2.6649999618530273,2.6649999618530273,300.0
2026-09-08 15:42:00,CKG.V,,3.509999990463257,3.509999990463257,3.509999990463257,3.509999990463257,100.0
2026-09-08 15:42:00,CNC.V,,1.4600000381469727,1.4600000381469727,1.4600000381469727,1.4600000381469727,100.0
2026-09-08 15:42:00,CUU.V,,0.7599999904632568,0.7599999904632568,0.7599999904632568,0.7599999904632568,500.0
2026-09-08 15:42:00,CVV.V,,0.3799999952316284,0.3799999952316284,0.3799999952316284,0.3799999952316284,500.0
2026-09-08 15:42:00,DBG.V,,1.840000033378601,1.840000033378601,1.840000033378601,1.840000033378601,200.0
2026-09-08 15:42:00,DMX.V,,0.5649999976158142,0.5649999976158142,0.5649999976158142,0.5649999976158142,500.0
2026-09-08 15:42:00,EMPR.V,,0.9300000071525574,0.9300000071525574,0.9300000071525574,0.9300000071525574,500.0
2026-09-08 15:42:00,EU.V,,1.7000000476837158,1.7000000476837158,1.7000000476837158,1.7000000476837158,800.0
2026-09-08 15:42:00,TAU.V,,3.5799999237060547,3.5799999237060547,3.5799999237060547,3.5799999237060547,100.0
2026-09-08 15:43:00,AXL.V,,0.6050000190734863,0.6050000190734863,0.6050000190734863,0.6050000190734863,500.0
2026-09-08 15:43:00,BRVO.V,,3.319999933242798,3.319999933242798,3.319999933242798,3.319999933242798,300.0
2026-09-08 15:43:00,BYN.V,,2.0299999713897705,2.0299999713897705,2.0299999713897705,2.0299999713897705,200.0
2026-09-08 15:43:00,CAD.V,,2.0999999046325684,2.0999999046325684,2.0999999046325684,2.0999999046325684,2500.0
2026-09-08 15:43:00,CERT.V,,2.6600000858306885,2.6649999618530273,2.6600000858306885,2.6649999618530273,2800.0
2026-09-08 15:43:00,CKG.V,,3.509999990463257,3.509999990463257,3.509999990463257,3.509999990463257,100.0
2026-09-08 15:43:00,CUU.V,,0.7599999904632568,0.7599999904632568,0.7599999904632568,0.7599999904632568,500.0
2026-09-08 15:43:00,DBG.V,,1.840000033378601,1.840000033378601,1.840000033378601,1.840000033378601,300.0
2026-09-08 15:43:00,DME.V,,0.20000000298023224,0.20000000298023224,0.20000000298023224,0.20000000298023224,500.0
2026-09-08 15:43:00,EDM.V,,0.7799999713897705,0.7799999713897705,0.7799999713897705,0.7799999713897705,3500.0
2026-09-08 15:43:00,EQ.V,,0.9599999785423279,0.9599999785423279,0.949999988079071,0.949999988079071,1500.0
2026-09-08 15:43:00,EU.V,,1.7000000476837158,1.7000000476837158,1.7000000476837158,1.7000000476837158,4800.0
2026-09-08 15:43:00,MOON.V,,8.260000228881836,8.270000457763672,8.229999542236328,8.229999542236328,1700.0
2026-09-08 15:43:00,ROX.V,,0.054999999701976776,0.054999999701976776,0.054999999701976776,0.054999999701976776,4000.0
2026-09-08 15:43:00,TAU.V,,3.5799999237060547,3.5799999237060547,3.5799999237060547,3.5799999237060547,200.0
2026-09-08 15:44:00,AUTO.V,,0.05000000074505806,0.05000000074505806,0.04500000178813934,0.04500000178813934,0.0
2026-09-08 15:44:00,BYN.V,,2.0250000953674316,2.0299999713897705,2.0250000953674316,2.0299999713897705,5000.0
2026-09-08 15:44:00,CEI.V,,0.7099999785423279,0.7099999785423279,0.7099999785423279,0.7099999785423279,20000.0
2026-09-08 15:44:00,CERT.V,,2.6600000858306885,2.6700000762939453,2.6600000858306885,2.6649999618530273,3500.0
2026-09-08 15:44:00,CNC.V,,1.4600000381469727,1.4600000381469727,1.4600000381469727,1.4600000381469727,100.0
2026-09-08 15:44:00,CVV.V,,0.3799999952316284,0.3799999952316284,0.3799999952316284,0.3799999952316284,500.0
2026-09-08 15:44:00,DBG.V,,1.840000033378601,1.840000033378601,1.840000033378601,1.840000033378601,300.0
2026-09-08 15:44:00,DEF.V,,0.20000000298023224,0.20000000298023224,0.20000000298023224,0.20000000298023224,2500.0
2026-09-08 15:44:00,DME.V,,0.20000000298023224,0.20000000298023224,0.20000000298023224,0.20000000298023224,1500.0
2026-09-08 15:44:00,EMO.V,,0.33000001311302185,0.33000001311302185,0.33000001311302185,0.33000001311302185,68000.0
2026-09-08 15:44:00,MOON.V,,8.229999542236328,8.270000457763672,8.229999542236328,8.260000228881836,10300.0
2026-09-08 15:44:00,TAU.V,,3.575000047683716,3.5799999237060547,3.575000047683716,3.5799999237060547,400.0
2026-09-08 15:45:00,AE.V,,1.1799999475479126,1.1799999475479126,1.1799999475479126,1.1799999475479126,100.0
2026-09-08 15:45:00,ARK.V,,1.559999942779541,1.5700000524520874,1.559999942779541,1.5700000524520874,700.0
2026-09-08 15:45:00,AXL.V,,0.6050000190734863,0.6050000190734863,0.6050000190734863,0.6050000190734863,500.0
2026-09-08 15:45:00,BYN.V,,2.0299999713897705,2.0299999713897705,2.0299999713897705,2.0299999713897705,200.0
2026-09-08 15:45:00,CAD.V,,2.0999999046325684,2.0999999046325684,2.0999999046325684,2.0999999046325684,2000.0
2026-09-08 15:45:00,CERT.V,,2.6649999618530273,2.6649999618530273,2.6649999618530273,2.6649999618530273,400.0
2026-09-08 15:45:00,CUU.V,,0.7699999809265137,0.7699999809265137,0.7699999809265137,0.7699999809265137,500.0
2026-09-08 15:45:00,DB.V,,1.8250000476837158,1.8250000476837158,1.8250000476837158,1.8250000476837158,100.0
2026-09-08 15:45:00,DBG.V,,1.840000033378601,1.840000033378601,1.840000033378601,1.840000033378601,100.0
2026-09-08 15:45:00,EDM.V,,0.7900000214576721,0.7900000214576721,0.7900000214576721,0.7900000214576721,1000.0
2026-09-08 15:45:00,EOG.V,,0.8299999833106995,0.8299999833106995,0.8299999833106995,0.8299999833106995,500.0
2026-09-08 15:45:00,EQ.V,,0.9599999785423279,0.9599999785423279,0.9599999785423279,0.9599999785423279,500.0
2026-09-08 15:45:00,EU.V,,1.7000000476837158,1.7000000476837158,1.6950000524520874,1.6950000524520874,200.0
2026-09-08 15:45:00,PERU.V,,0.08500000089406967,0.08500000089406967,0.08500000089406967,0.08500000089406967,1000.0
2026-09-08 15:45:00,TAU.V,,3.5799999237060547,3.5799999237060547,3.5799999237060547,3.5799999237060547,200.0
2026-09-08 15:46:00,AEC.V,,5.920000076293945,5.920000076293945,5.920000076293945,5.920000076293945,100.0
2026-09-08 15:46:00,BTR.V,,0.14499999582767487,0.14499999582767487,0.14499999582767487,0.14499999582767487,154500.0
2026-09-08 15:46:00,BYN.V,,2.0299999713897705,2.0299999713897705,2.0299999713897705,2.0299999713897705,600.0
2026-09-08 15:46:00,CAD.V,,2.109999895095825,2.109999895095825,2.109999895095825,2.109999895095825,200.0
2026-09-08 15:46:00,CCMI.V,,0.029999999329447746,0.029999999329447746,0.029999999329447746,0.029999999329447746,8000.0
2026-09-08 15:46:00,CEI.V,,0.7099999785423279,0.7099999785423279,0.7099999785423279,0.7099999785423279,50000.0
2026-09-08 15:46:00,CVV.V,,0.38499999046325684,0.38499999046325684,0.38499999046325684,0.38499999046325684,500.0
2026-09-08 15:46:00,DBG.V,,1.840000033378601,1.840000033378601,1.840000033378601,1.840000033378601,300.0
2026-09-08 15:46:00,EBM.V,,1.8799999952316284,1.8799999952316284,1.8799999952316284,1.8799999952316284,100.0
2026-09-08 15:46:00,EMO.V,,0.33000001311302185,0.33000001311302185,0.33000001311302185,0.33000001311302185,2500.0
2026-09-08 15:46:00,MOON.V,,8.270000457763672,8.270000457763672,8.270000457763672,8.270000457763672,100.0
2026-09-08 15:46:00,RUSH.V,,0.16500000655651093,0.16500000655651093,0.16500000655651093,0.16500000655651093,3000.0
2026-09-08 15:46:00,TAU.V,,3.575000047683716,3.575000047683716,3.575000047683716,3.575000047683716,100.0
2026-09-08 15:47:00,AMX.V,,4.53000020980835,4.53000020980835,4.53000020980835,4.53000020980835,300.0
2026-09-08 15:47:00,AZT.V,,0.3700000047683716,0.3700000047683716,0.3700000047683716,0.3700000047683716,2000.0
2026-09-08 15:47:00,B.V,,0.7900000214576721,0.7900000214576721,0.7900000214576721,0.7900000214576721,23000.0
2026-09-08 15:47:00,BBB.V,,0.6499999761581421,0.6499999761581421,0.6499999761581421,0.6499999761581421,10000.0
2026-09-08 15:47:00,BEX.V,,0.10999999940395355,0.10999999940395355,0.10999999940395355,0.10999999940395355,326500.0
2026-09-08 15:47:00,BYN.V,,2.0299999713897705,2.0299999713897705,2.0299999713897705,2.0299999713897705,400.0
2026-09-08 15:47:00,CCMI.V,,0.03500000014901161,0.03500000014901161,0.03500000014901161,0.03500000014901161,3000.0
2026-09-08 15:47:00,CERT.V,,2.6600000858306885,2.6600000858306885,2.6600000858306885,2.6600000858306885,1400.0
2026-09-08 15:47:00,CNC.V,,1.4600000381469727,1.4600000381469727,1.4600000381469727,1.4600000381469727,200.0
2026-09-08 15:47:00,CVW.V,,0.7599999904632568,0.7599999904632568,0.7599999904632568,0.7599999904632568,1000.0
2026-09-08 15:47:00,DBG.V,,1.840000033378601,1.840000033378601,1.840000033378601,1.840000033378601,300.0
2026-09-08 15:47:00,EQ.V,,0.9599999785423279,0.9599999785423279,0.9599999785423279,0.9599999785423279,500.0
2026-09-08 15:47:00,EU.V,,1.6950000524520874,1.6950000524520874,1.6950000524520874,1.6950000524520874,100.0
2026-09-08 15:47:00,MOON.V,,8.270000457763672,8.270000457763672,8.270000457763672,8.270000457763672,300.0
2026-09-08 15:47:00,TAU.V,,3.575000047683716,3.575000047683716,3.575000047683716,3.575000047683716,300.0
2026-09-08 15:48:00,ABI.V,,0.07999999821186066,0.07999999821186066,0.07999999821186066,0.07999999821186066,92000.0
2026-09-08 15:48:00,AEMC.V,,0.05000000074505806,0.05000000074505806,0.05000000074505806,0.05000000074505806,37000.0
2026-09-08 15:48:00,BTR.V,,0.14499999582767487,0.14499999582767487,0.14499999582767487,0.14499999582767487,50000.0
2026-09-08 15:48:00,BVA.V,,1.149999976158142,1.149999976158142,1.149999976158142,1.149999976158142,3100.0
2026-09-08 15:48:00,BYN.V,,2.0299999713897705,2.0299999713897705,2.0299999713897705,2.0299999713897705,400.0
2026-09-08 15:48:00,CERT.V,,2.6600000858306885,2.6600000858306885,2.6600000858306885,2.6600000858306885,300.0
2026-09-08 15:48:00,DBG.V,,1.8600000143051147,1.8600000143051147,1.840000033378601,1.840000033378601,5400.0
2026-09-08 15:48:00,DEC.V,,0.16500000655651093,0.16500000655651093,0.1599999964237213,0.1599999964237213,104000.0
2026-09-08 15:48:00,EU.V,,1.7000000476837158,1.7000000476837158,1.7000000476837158,1.7000000476837158,100.0
2026-09-08 15:48:00,MOON.V,,8.199999809265137,8.270000457763672,8.199999809265137,8.270000457763672,8400.0
2026-09-08 15:48:00,TAU.V,,3.575000047683716,3.5799999237060547,3.575000047683716,3.5799999237060547,300.0
2026-09-08 15:49:00,AFM.V,,1.5099999904632568,1.5099999904632568,1.5049999952316284,1.5049999952316284,900.0
2026-09-08 15:49:00,AMX.V,,4.53000020980835,4.53000020980835,4.53000020980835,4.53000020980835,200.0
2026-09-08 15:49:00,ASTR.V,,0.4300000071525574,0.4300000071525574,0.4300000071525574,0.4300000071525574,1500.0
2026-09-08 15:49:00,BYN.V,,2.0299999713897705,2.0299999713897705,2.0299999713897705,2.0299999713897705,300.0
2026-09-08 15:49:00,CAD.V,,2.0999999046325684,2.0999999046325684,2.0999999046325684,2.0999999046325684,100.0
2026-09-08 15:49:00,CERT.V,,2.6600000858306885,2.6600000858306885,2.6600000858306885,2.6600000858306885,100.0
2026-09-08 15:49:00,CUU.V,,0.7799999713897705,0.7799999713897705,0.7799999713897705,0.7799999713897705,11000.0
2026-09-08 15:49:00,CVW.V,,0.7699999809265137,0.7699999809265137,0.7649999856948853,0.7649999856948853,6000.0
2026-09-08 15:49:00,DEC.V,,0.16750000417232513,0.16750000417232513,0.16500000655651093,0.16500000655651093,99167.0
2026-09-08 15:49:00,EQ.V,,0.9700000286102295,0.9700000286102295,0.9599999785423279,0.9599999785423279,2000.0
2026-09-08 15:49:00,MOON.V,,8.25,8.25,8.220000267028809,8.229999542236328,2800.0
2026-09-08 15:49:00,TAU.V,,3.575000047683716,3.575000047683716,3.575000047683716,3.575000047683716,300.0
2026-09-08 15:50:00,AE.V,,1.1799999475479126,1.1799999475479126,1.1799999475479126,1.1799999475479126,100.0
2026-09-08 15:50:00,AEMC.V,,0.05000000074505806,0.05000000074505806,0.05000000074505806,0.05000000074505806,13000.0
2026-09-08 15:50:00,AMX.V,,4.519999980926514,4.519999980926514,4.519999980926514,4.519999980926514,200.0
2026-09-08 15:50:00,ARK.V,,1.559999942779541,1.5700000524520874,1.559999942779541,1.5700000524520874,2000.0
2026-09-08 15:50:00,CAPT.V,,1.940000057220459,1.940000057220459,1.940000057220459,1.940000057220459,100.0
2026-09-08 15:50:00,CNC.V,,1.4600000381469727,1.4600000381469727,1.4600000381469727,1.4600000381469727,700.0
2026-09-08 15:50:00,CUU.V,,0.7900000214576721,0.7900000214576721,0.7900000214576721,0.7900000214576721,500.0
2026-09-08 15:50:00,DEC.V,,0.16500000655651093,0.16750000417232513,0.16500000655651093,0.16750000417232513,20500.0
2026-09-08 15:50:00,DME.V,,0.19499999284744263,0.19499999284744263,0.19499999284744263,0.19499999284744263,3500.0
2026-09-08 15:50:00,ECR.V,,0.3149999976158142,0.3149999976158142,0.3149999976158142,0.3149999976158142,500.0
2026-09-08 15:50:00,ECU.V,,1.7799999713897705,1.7799999713897705,1.7799999713897705,1.7799999713897705,400.0
2026-09-08 15:50:00,ETL.V,,1.0,1.0,1.0,1.0,1343.0
2026-09-08 15:50:00,EU.V,,1.7000000476837158,1.7000000476837158,1.7000000476837158,1.7000000476837158,100.0
2026-09-08 15:50:00,MOON.V,,8.270000457763672,8.270000457763672,8.239999771118164,8.25,2800.0
2026-09-08 15:50:00,TAU.V,,3.559999942779541,3.569999933242798,3.559999942779541,3.569999933242798,6300.0
2026-09-08 15:51:00,AEC.V,,5.940000057220459,5.940000057220459,5.940000057220459,5.940000057220459,300.0
2026-09-08 15:51:00,AMX.V,,4.53000020980835,4.53000020980835,4.53000020980835,4.53000020980835,100.0
2026-09-08 15:51:00,ARK.V,,1.559999942779541,1.559999942779541,1.559999942779541,1.559999942779541,300.0
2026-09-08 15:51:00,BRVO.V,,3.299999952316284,3.319999933242798,3.299999952316284,3.319999933242798,1400.0
2026-09-08 15:51:00,BYN.V,,2.0350000858306885,2.0350000858306885,2.0299999713897705,2.0299999713897705,13900.0
2026-09-08 15:51:00,CAD.V,,2.0999999046325684,2.0999999046325684,2.0999999046325684,2.0999999046325684,280.0
2026-09-08 15:51:00,CAPT.V,,1.940000057220459,1.940000057220459,1.940000057220459,1.940000057220459,100.0
2026-09-08 15:51:00,CERT.V,,2.6600000858306885,2.6600000858306885,2.6600000858306885,2.6600000858306885,100.0
2026-09-08 15:51:00,CNC.V,,1.4600000381469727,1.4600000381469727,1.4600000381469727,1.4600000381469727,1000.0
2026-09-08 15:51:00,CUU.V,,0.7900000214576721,0.7900000214576721,0.7900000214576721,0.7900000214576721,40000.0
2026-09-08 15:51:00,CVV.V,,0.3799999952316284,0.38499999046325684,0.3799999952316284,0.38499999046325684,1000.0
2026-09-08 15:51:00,DMGI.V,,0.5550000071525574,0.5550000071525574,0.5550000071525574,0.5550000071525574,8500.0
2026-09-08 15:51:00,EDM.V,,0.800000011920929,0.800000011920929,0.7900000214576721,0.7900000214576721,12500.0
2026-09-08 15:51:00,ENDR.V,,0.13500000536441803,0.13500000536441803,0.13500000536441803,0.13500000536441803,1500.0
2026-09-08 15:51:00,EU.V,,1.7000000476837158,1.7000000476837158,1.6950000524520874,1.7000000476837158,2500.0
2026-09-08 15:51:00,MOON.V,,8.270000457763672,8.270000457763672,8.270000457763672,8.270000457763672,400.0
2026-09-08 15:51:00,TAU.V,,3.569999933242798,3.569999933242798,3.565000057220459,3.565000057220459,700.0
2026-09-08 15:52:00,AE.V,,1.1799999475479126,1.1799999475479126,1.1799999475479126,1.1799999475479126,100.0
2026-09-08 15:52:00,AFM.V,,1.5099999904632568,1.5099999904632568,1.5099999904632568,1.5099999904632568,200.0
2026-09-08 15:52:00,AMX.V,,4.53000020980835,4.53000020980835,4.53000020980835,4.53000020980835,300.0
2026-09-08 15:52:00,ARK.V,,1.559999942779541,1.559999942779541,1.559999942779541,1.559999942779541,1300.0
2026-09-08 15:52:00,AZT.V,,0.3700000047683716,0.3700000047683716,0.3700000047683716,0.3700000047683716,2000.0
2026-09-08 15:52:00,BYN.V,,2.0299999713897705,2.0299999713897705,2.0299999713897705,2.0299999713897705,1600.0
2026-09-08 15:52:00,CAPT.V,,1.940000057220459,1.940000057220459,1.940000057220459,1.940000057220459,200.0
2026-09-08 15:52:00,CEI.V,,0.7149999737739563,0.7200000286102295,0.7149999737739563,0.7200000286102295,15000.0
2026-09-08 15:52:00,CERT.V,,2.6500000953674316,2.6600000858306885,2.6500000953674316,2.6600000858306885,7100.0
2026-09-08 15:52:00,CTH.V,,1.350000023841858,1.350000023841858,1.3300000429153442,1.3300000429153442,20600.0
2026-09-08 15:52:00,DBG.V,,1.850000023841858,1.850000023841858,1.850000023841858,1.850000023841858,300.0
2026-09-08 15:52:00,DEC.V,,0.16500000655651093,0.16500000655651093,0.16500000655651093,0.16500000655651093,14000.0
2026-09-08 15:52:00,EU.V,,1.7000000476837158,1.7000000476837158,1.7000000476837158,1.7000000476837158,900.0
2026-09-08 15:52:00,MOON.V,,8.25,8.25,8.25,8.25,400.0
2026-09-08 15:52:00,TAU.V,,3.569999933242798,3.569999933242798,3.569999933242798,3.569999933242798,100.0
2026-09-08 15:53:00,AE.V,,1.1799999475479126,1.1799999475479126,1.1799999475479126,1.1799999475479126,100.0
2026-09-08 15:53:00,AMX.V,,4.53000020980835,4.53000020980835,4.53000020980835,4.53000020980835,100.0
2026-09-08 15:53:00,ARK.V,,1.5499999523162842,1.5499999523162842,1.5499999523162842,1.5499999523162842,2000.0
2026-09-08 15:53:00,BBB.V,,0.6499999761581421,0.6499999761581421,0.6499999761581421,0.6499999761581421,1000.0
2026-09-08 15:53:00,BYN.V,,2.0299999713897705,2.0299999713897705,2.0299999713897705,2.0299999713897705,100.0
2026-09-08 15:53:00,CERT.V,,2.6500000953674316,2.6500000953674316,2.6500000953674316,2.6500000953674316,200.0
2026-09-08 15:53:00,CNC.V,,1.4600000381469727,1.4600000381469727,1.4600000381469727,1.4600000381469727,1200.0
2026-09-08 15:53:00,CVV.V,,0.3799999952316284,0.3799999952316284,0.3799999952316284,0.3799999952316284,500.0
2026-09-08 15:53:00,DBG.V,,1.850000023841858,1.850000023841858,1.850000023841858,1.850000023841858,800.0
2026-09-08 15:53:00,EGM.V,,0.10999999940395355,0.10999999940395355,0.10999999940395355,0.10999999940395355,26500.0
2026-09-08 15:53:00,EU.V,,1.690000057220459,1.7000000476837158,1.690000057220459,1.7000000476837158,5100.0
2026-09-08 15:53:00,MOON.V,,8.25,8.25,8.25,8.25,3700.0
2026-09-08 15:53:00,TAU.V,,3.569999933242798,3.569999933242798,3.569999933242798,3.569999933242798,100.0
2026-09-08 15:54:00,ABM.V,,0.20000000298023224,0.20000000298023224,0.20000000298023224,0.20000000298023224,7000.0
2026-09-08 15:54:00,AE.V,,1.1699999570846558,1.1799999475479126,1.1699999570846558,1.1799999475479126,200.0
2026-09-08 15:54:00,AFM.V,,1.5099999904632568,1.5099999904632568,1.5099999904632568,1.5099999904632568,100.0
2026-09-08 15:54:00,AMX.V,,4.510000228881836,4.519999980926514,4.510000228881836,4.519999980926514,2600.0
2026-09-08 15:54:00,ANK.V,,0.39500001072883606,0.39500001072883606,0.39500001072883606,0.39500001072883606,7000.0
2026-09-08 15:54:00,AZT.V,,0.3700000047683716,0.3700000047683716,0.3700000047683716,0.3700000047683716,9000.0
2026-09-08 15:54:00,BBB.V,,0.6499999761581421,0.6499999761581421,0.6499999761581421,0.6499999761581421,500.0
2026-09-08 15:54:00,BYN.V,,2.0299999713897705,2.0299999713897705,2.0299999713897705,2.0299999713897705,300.0
2026-09-08 15:54:00,CAPT.V,,1.9700000286102295,1.9700000286102295,1.9600000381469727,1.9600000381469727,2100.0
2026-09-08 15:54:00,CCCM.V,,0.699999988079071,0.699999988079071,0.6949999928474426,0.6949999928474426,7000.0
2026-09-08 15:54:00,CVV.V,,0.3824999928474426,0.3824999928474426,0.3824999928474426,0.3824999928474426,500.0
2026-09-08 15:54:00,DBG.V,,1.850000023841858,1.8600000143051147,1.850000023841858,1.850000023841858,4900.0
2026-09-08 15:54:00,DME.V,,0.19499999284744263,0.19499999284744263,0.19499999284744263,0.19499999284744263,500.0
2026-09-08 15:54:00,ECR.V,,0.3149999976158142,0.3149999976158142,0.3149999976158142,0.3149999976158142,1500.0
2026-09-08 15:54:00,EMO.V,,0.33000001311302185,0.33000001311302185,0.33000001311302185,0.33000001311302185,40000.0
2026-09-08 15:54:00,MOON.V,,8.229999542236328,8.25,8.229999542236328,8.25,1380.0
2026-09-08 15:54:00,TAU.V,,3.569999933242798,3.569999933242798,3.569999933242798,3.569999933242798,200.0
2026-09-08 15:55:00,ADY.V,,0.3149999976158142,0.3149999976158142,0.3149999976158142,0.3149999976158142,3000.0
2026-09-08 15:55:00,AFM.V,,1.5099999904632568,1.5099999904632568,1.5099999904632568,1.5099999904632568,4900.0
2026-09-08 15:55:00,AMX.V,,4.510000228881836,4.519999980926514,4.489999771118164,4.510000228881836,2950.0
2026-09-08 15:55:00,ANK.V,,0.39500001072883606,0.39500001072883606,0.39500001072883606,0.39500001072883606,1500.0
2026-09-08 15:55:00,AZT.V,,0.3700000047683716,0.3700000047683716,0.3700000047683716,0.3700000047683716,24000.0
2026-09-08 15:55:00,BYN.V,,2.0250000953674316,2.0299999713897705,2.0250000953674316,2.0299999713897705,600.0
2026-09-08 15:55:00,CERT.V,,2.6500000953674316,2.6500000953674316,2.6500000953674316,2.6500000953674316,1200.0
2026-09-08 15:55:00,CES-P.V,,0.20000000298023224,0.20000000298023224,0.20000000298023224,0.20000000298023224,1000.0
2026-09-08 15:55:00,CVV.V,,0.3799999952316284,0.3799999952316284,0.3799999952316284,0.3799999952316284,500.0
2026-09-08 15:55:00,DBG.V,,1.850000023841858,1.8600000143051147,1.850000023841858,1.850000023841858,1000.0
2026-09-08 15:55:00,DEC.V,,0.16500000655651093,0.16750000417232513,0.16500000655651093,0.16750000417232513,19500.0
2026-09-08 15:55:00,DLP.V,,0.3799999952316284,0.3799999952316284,0.375,0.375,3500.0
2026-09-08 15:55:00,EU.V,,1.7000000476837158,1.7000000476837158,1.690000057220459,1.6950000524520874,800.0
2026-09-08 15:55:00,MOON.V,,8.229999542236328,8.239999771118164,8.229999542236328,8.229999542236328,2000.0
2026-09-08 15:55:00,TAU.V,,3.565000057220459,3.565000057220459,3.565000057220459,3.565000057220459,1200.0
2026-09-08 15:56:00,AFM.V,,1.5,1.5049999952316284,1.5,1.5049999952316284,16725.0
2026-09-08 15:56:00,AME.V,,0.019999999552965164,0.019999999552965164,0.019999999552965164,0.019999999552965164,0.0
2026-09-08 15:56:00,AMX.V,,4.519999980926514,4.519999980926514,4.519999980926514,4.519999980926514,100.0
2026-09-08 15:56:00,APMI.V,,0.10999999940395355,0.10999999940395355,0.10999999940395355,0.10999999940395355,10500.0
2026-09-08 15:56:00,AXL.V,,0.6050000190734863,0.6050000190734863,0.6050000190734863,0.6050000190734863,9500.0
2026-09-08 15:56:00,B.V,,0.7900000214576721,0.7900000214576721,0.7900000214576721,0.7900000214576721,26000.0
2026-09-08 15:56:00,BTR.V,,0.15000000596046448,0.15000000596046448,0.15000000596046448,0.15000000596046448,233000.0
2026-09-08 15:56:00,BYN.V,,2.0199999809265137,2.0250000953674316,2.0199999809265137,2.0250000953674316,400.0
2026-09-08 15:56:00,CCD.V,,0.019999999552965164,0.019999999552965164,0.019999999552965164,0.019999999552965164,6000.0
2026-09-08 15:56:00,CUU.V,,0.7799999713897705,0.7799999713897705,0.7799999713897705,0.7799999713897705,500.0
2026-09-08 15:56:00,DBG.V,,1.850000023841858,1.8600000143051147,1.850000023841858,1.850000023841858,1100.0
2026-09-08 15:56:00,DMGI.V,,0.550000011920929,0.5550000071525574,0.550000011920929,0.5550000071525574,1000.0
2026-09-08 15:56:00,EDM.V,,0.800000011920929,0.800000011920929,0.800000011920929,0.800000011920929,25000.0
2026-09-08 15:56:00,EMO.V,,0.33000001311302185,0.33000001311302185,0.33000001311302185,0.33000001311302185,8500.0
2026-09-08 15:56:00,EU.V,,1.7000000476837158,1.7000000476837158,1.7000000476837158,1.7000000476837158,600.0
2026-09-08 15:56:00,MOON.V,,8.229999542236328,8.229999542236328,8.229999542236328,8.229999542236328,1000.0
2026-09-08 15:56:00,TAU.V,,3.559999942779541,3.559999942779541,3.559999942779541,3.559999942779541,4200.0
2026-09-08 15:57:00,AMX.V,,4.519999980926514,4.519999980926514,4.519999980926514,4.519999980926514,400.0
2026-09-08 15:57:00,AUGC.V,,0.2150000035762787,0.2150000035762787,0.2150000035762787,0.2150000035762787,6686.0
2026-09-08 15:57:00,AZT.V,,0.3700000047683716,0.3700000047683716,0.3700000047683716,0.3700000047683716,8000.0
2026-09-08 15:57:00,BTR.V,,0.15000000596046448,0.15000000596046448,0.15000000596046448,0.15000000596046448,25000.0
2026-09-08 15:57:00,BVA.V,,1.149999976158142,1.149999976158142,1.149999976158142,1.149999976158142,3100.0
2026-09-08 15:57:00,BYN.V,,2.0250000953674316,2.0250000953674316,2.0199999809265137,2.0250000953674316,600.0
2026-09-08 15:57:00,CAD.V,,2.0899999141693115,2.0899999141693115,2.0899999141693115,2.0899999141693115,200.0
2026-09-08 15:57:00,CANX.V,,0.41999998688697815,0.41999998688697815,0.41999998688697815,0.41999998688697815,36000.0
2026-09-08 15:57:00,CNC.V,,1.4600000381469727,1.4600000381469727,1.4600000381469727,1.4600000381469727,1500.0
2026-09-08 15:57:00,DBG.V,,1.850000023841858,1.850000023841858,1.850000023841858,1.850000023841858,600.0
2026-09-08 15:57:00,DEC.V,,0.16750000417232513,0.16750000417232513,0.16750000417232513,0.16750000417232513,1000.0
2026-09-08 15:57:00,DLP.V,,0.3799999952316284,0.3799999952316284,0.3799999952316284,0.3799999952316284,500.0
2026-09-08 15:57:00,ECU.V,,1.7799999713897705,1.7799999713897705,1.7799999713897705,1.7799999713897705,100.0
2026-09-08 15:57:00,EMO.V,,0.33000001311302185,0.33000001311302185,0.33000001311302185,0.33000001311302185,10000.0
2026-09-08 15:57:00,EMPR.V,,0.9399999976158142,0.9399999976158142,0.9399999976158142,0.9399999976158142,500.0
2026-09-08 15:57:00,EU.V,,1.7000000476837158,1.7000000476837158,1.6950000524520874,1.6950000524520874,300.0
2026-09-08 15:57:00,MOON.V,,8.239999771118164,8.239999771118164,8.199999809265137,8.210000038146973,3400.0
2026-09-08 15:57:00,TAU.V,,3.559999942779541,3.569999933242798,3.559999942779541,3.569999933242798,3500.0
2026-09-08 15:58:00,ABZ.V,,0.07500000298023224,0.07500000298023224,0.07500000298023224,0.07500000298023224,0.0
2026-09-08 15:58:00,AEC.V,,5.909999847412109,5.909999847412109,5.909999847412109,5.909999847412109,100.0
2026-09-08 15:58:00,AMX.V,,4.519999980926514,4.519999980926514,4.519999980926514,4.519999980926514,500.0
2026-09-08 15:58:00,ARK.V,,1.5299999713897705,1.5499999523162842,1.5299999713897705,1.5499999523162842,2000.0
2026-09-08 15:58:00,AZT.V,,0.3700000047683716,0.3700000047683716,0.3700000047683716,0.3700000047683716,14000.0
2026-09-08 15:58:00,BRVO.V,,3.359999895095825,3.359999895095825,3.359999895095825,3.359999895095825,134.0
2026-09-08 15:58:00,BYN.V,,2.0199999809265137,2.0250000953674316,2.0199999809265137,2.0199999809265137,1200.0
2026-09-08 15:58:00,CERT.V,,2.6549999713897705,2.6549999713897705,2.6549999713897705,2.6549999713897705,200.0
2026-09-08 15:58:00,COCO.V,,0.33500000834465027,0.33500000834465027,0.33500000834465027,0.33500000834465027,5000.0
2026-09-08 15:58:00,CVV.V,,0.375,0.3799999952316284,0.375,0.3799999952316284,19030.0
2026-09-08 15:58:00,DBG.V,,1.8600000143051147,1.8600000143051147,1.850000023841858,1.850000023841858,2600.0
2026-09-08 15:58:00,DLTA.V,,0.24500000476837158,0.24500000476837158,0.24500000476837158,0.24500000476837158,1000.0
2026-09-08 15:58:00,EDM.V,,0.800000011920929,0.800000011920929,0.800000011920929,0.800000011920929,8391.0
2026-09-08 15:58:00,ETL.V,,0.9800000190734863,1.0,0.9800000190734863,1.0,13705.0
2026-09-08 15:58:00,EU.V,,1.7000000476837158,1.7000000476837158,1.6950000524520874,1.6950000524520874,600.0
2026-09-08 15:58:00,MOON.V,,8.220000267028809,8.260000228881836,8.220000267028809,8.25,2200.0
2026-09-08 15:58:00,TAU.V,,3.559999942779541,3.559999942779541,3.549999952316284,3.559999942779541,4900.0
2026-09-08 15:59:00,ADY.V,,0.3149999976158142,0.3149999976158142,0.3149999976158142,0.3149999976158142,500.0
2026-09-08 15:59:00,ADZ.V,,0.2199999988079071,0.2199999988079071,0.2199999988079071,0.2199999988079071,1000.0
2026-09-08 15:59:00,AEC.V,,5.880000114440918,5.880000114440918,5.880000114440918,5.880000114440918,200.0
2026-09-08 15:59:00,AFM.V,,1.5,1.5099999904632568,1.5,1.5099999904632568,10700.0
2026-09-08 15:59:00,AMX.V,,4.510000228881836,4.519999980926514,4.510000228881836,4.519999980926514,1400.0
2026-09-08 15:59:00,ARIC.V,,0.7699999809265137,0.7699999809265137,0.7699999809265137,0.7699999809265137,3000.0
2026-09-08 15:59:00,AUAU.V,,0.699999988079071,0.699999988079071,0.699999988079071,0.699999988079071,1000.0
2026-09-08 15:59:00,AXL.V,,0.6050000190734863,0.6050000190734863,0.6050000190734863,0.6050000190734863,6000.0
2026-09-08 15:59:00,AZM.V,,0.6000000238418579,0.6000000238418579,0.6000000238418579,0.6000000238418579,500.0
2026-09-08 15:59:00,AZT.V,,0.3700000047683716,0.3700000047683716,0.3700000047683716,0.3700000047683716,2500.0
2026-09-08 15:59:00,B.V,,0.7900000214576721,0.800000011920929,0.7900000214576721,0.800000011920929,1500.0
2026-09-08 15:59:00,BLM.V,,0.8899999856948853,0.8899999856948853,0.8899999856948853,0.8899999856948853,500.0
2026-09-08 15:59:00,BRVO.V,,3.369999885559082,3.369999885559082,3.3299999237060547,3.3399999141693115,1700.0
2026-09-08 15:59:00,BYN.V,,2.0399999618530273,2.0399999618530273,2.0199999809265137,2.0250000953674316,12643.0
2026-09-08 15:59:00,CAD.V,,2.0899999141693115,2.0899999141693115,2.0799999237060547,2.0799999237060547,2800.0
2026-09-08 15:59:00,CANX.V,,0.41999998688697815,0.41999998688697815,0.41999998688697815,0.41999998688697815,500.0
2026-09-08 15:59:00,CAPT.V,,1.9800000190734863,1.9800000190734863,1.9700000286102295,1.9700000286102295,800.0
2026-09-08 15:59:00,CERT.V,,2.6500000953674316,2.6500000953674316,2.6500000953674316,2.6500000953674316,4900.0
2026-09-08 15:59:00,CH.V,,0.15000000596046448,0.15000000596046448,0.15000000596046448,0.15000000596046448,6215.0
2026-09-08 15:59:00,CKG.V,,3.569999933242798,3.569999933242798,3.509999990463257,3.5299999713897705,1200.0
2026-09-08 15:59:00,CNC.V,,1.4700000286102295,1.4700000286102295,1.4600000381469727,1.4600000381469727,3800.0
2026-09-08 15:59:00,CNO.V,,0.30000001192092896,0.30000001192092896,0.30000001192092896,0.30000001192092896,0.0
2026-09-08 15:59:00,COCO.V,,0.33000001311302185,0.33000001311302185,0.33000001311302185,0.33000001311302185,2000.0
2026-09-08 15:59:00,COR.V,,0.38999998569488525,0.38999998569488525,0.38999998569488525,0.38999998569488525,500.0
2026-09-08 15:59:00,CUU.V,,0.7799999713897705,0.7799999713897705,0.7799999713897705,0.7799999713897705,19800.0
2026-09-08 15:59:00,CVV.V,,0.3700000047683716,0.3799999952316284,0.3700000047683716,0.375,48634.0
2026-09-08 15:59:00,DB.V,,1.8200000524520874,1.8200000524520874,1.8200000524520874,1.8200000524520874,100.0
2026-09-08 15:59:00,DBG.V,,1.8300000429153442,1.8700000047683716,1.8300000429153442,1.850000023841858,16200.0
2026-09-08 15:59:00,DCOP.V,,0.10000000149011612,0.10000000149011612,0.10000000149011612,0.10000000149011612,2000.0
2026-09-08 15:59:00,DEC.V,,0.16750000417232513,0.17000000178813934,0.16750000417232513,0.16750000417232513,5000.0
2026-09-08 15:59:00,DEF.V,,0.20499999821186066,0.20499999821186066,0.20499999821186066,0.20499999821186066,2500.0
2026-09-08 15:59:00,DLP.V,,0.3799999952316284,0.3799999952316284,0.3799999952316284,0.3799999952316284,500.0
2026-09-08 15:59:00,DME.V,,0.19499999284744263,0.19499999284744263,0.19499999284744263,0.19499999284744263,9500.0
2026-09-08 15:59:00,DMX.V,,0.5600000023841858,0.5600000023841858,0.5600000023841858,0.5600000023841858,10500.0
2026-09-08 15:59:00,ECU.V,,1.7699999809265137,1.7799999713897705,1.7699999809265137,1.7799999713897705,900.0
2026-09-08 15:59:00,EDG.V,,0.5299999713897705,0.5299999713897705,0.5299999713897705,0.5299999713897705,500.0
2026-09-08 15:59:00,EGM.V,,0.10999999940395355,0.10999999940395355,0.10999999940395355,0.10999999940395355,19000.0
2026-09-08 15:59:00,EMNT.V,,0.46000000834465027,0.46000000834465027,0.46000000834465027,0.46000000834465027,1000.0
2026-09-08 15:59:00,EMPR.V,,0.9399999976158142,0.9399999976158142,0.9399999976158142,0.9399999976158142,1000.0
2026-09-08 15:59:00,ENDR.V,,0.12999999523162842,0.12999999523162842,0.12999999523162842,0.12999999523162842,7000.0
2026-09-08 15:59:00,EOG.V,,0.8299999833106995,0.8299999833106995,0.8299999833106995,0.8299999833106995,500.0
2026-09-08 15:59:00,ETL.V,,0.9800000190734863,0.9800000190734863,0.9800000190734863,0.9800000190734863,500.0
2026-09-08 15:59:00,EU.V,,1.7000000476837158,1.7000000476837158,1.690000057220459,1.6950000524520874,5550.0
2026-09-08 15:59:00,LCE.V,,0.25999999046325684,0.25999999046325684,0.25999999046325684,0.25999999046325684,500.0
2026-09-08 15:59:00,LIT.V,,0.0949999988079071,0.0949999988079071,0.0949999988079071,0.0949999988079071,1000.0
2026-09-08 15:59:00,MOON.V,,8.399999618530273,8.399999618530273,8.220000267028809,8.239999771118164,2800.0
2026-09-08 15:59:00,NET-UN.V,,6.71999979019165,6.739999771118164,6.71999979019165,6.739999771118164,1100.0
2026-09-08 15:59:00,RBZ.V,,0.3449999988079071,0.3449999988079071,0.3449999988079071,0.3449999988079071,500.0
2026-09-08 15:59:00,TAU.V,,3.559999942779541,3.559999942779541,3.549999952316284,3.555000066757202,3657.0
