Datetime,Ticker,Adj Close,Close,High,Low,Open,Volume
2026-04-28 09:30:00,AMY.V,,0.08500000089406967,0.08500000089406967,0.08500000089406967,0.08500000089406967,0.0
2026-04-28 09:30:00,BET.V,,0.014999999664723873,0.014999999664723873,0.014999999664723873,0.014999999664723873,0.0
2026-04-28 09:30:00,CTZ.V,,1.2699999809265137,1.2699999809265137,1.2699999809265137,1.2699999809265137,0.0
2026-04-28 09:30:00,DEAL.V,,0.004999999888241291,0.004999999888241291,0.004999999888241291,0.004999999888241291,0.0
2026-04-28 09:30:00,FEO.V,,0.8799999952316284,0.8799999952316284,0.8799999952316284,0.8799999952316284,0.0
2026-04-28 09:30:00,FISH.V,,3.869999885559082,3.869999885559082,3.869999885559082,3.869999885559082,0.0
2026-04-28 09:30:00,HASH.V,,0.03999999910593033,0.03999999910593033,0.03999999910593033,0.03999999910593033,0.0
2026-04-28 09:30:00,MGG.V,,0.3499999940395355,0.3499999940395355,0.3499999940395355,0.3499999940395355,0.0
2026-04-28 09:30:00,MINK.V,,0.10000000149011612,0.10499999672174454,0.10000000149011612,0.10499999672174454,0.0
2026-04-28 09:30:00,MKA.V,,0.8399999737739563,0.8399999737739563,0.8399999737739563,0.8399999737739563,0.0
2026-04-28 09:30:00,MLY.V,,0.03999999910593033,0.03999999910593033,0.03999999910593033,0.03999999910593033,0.0
2026-04-28 09:30:00,MMY.V,,0.8399999737739563,0.8500000238418579,0.8399999737739563,0.8500000238418579,0.0
2026-04-28 09:30:00,MNRG.V,,0.0949999988079071,0.10000000149011612,0.0949999988079071,0.10000000149011612,0.0
2026-04-28 09:30:00,MONT-PR-A.V,,0.05000000074505806,0.054999999701976776,0.05000000074505806,0.054999999701976776,10502.0
2026-04-28 09:30:00,MONT.V,,0.009999999776482582,0.009999999776482582,0.009999999776482582,0.009999999776482582,0.0
2026-04-28 09:30:00,MOO.V,,0.75,0.75,0.75,0.75,0.0
2026-04-28 09:30:00,MOX.V,,0.20000000298023224,0.20000000298023224,0.20000000298023224,0.20000000298023224,0.0
2026-04-28 09:30:00,NBLC.V,,0.04500000178813934,0.04500000178813934,0.04500000178813934,0.04500000178813934,0.0
2026-04-28 09:30:00,NBM.V,,0.47999998927116394,0.47999998927116394,0.47999998927116394,0.47999998927116394,0.0
2026-04-28 09:30:00,NBU.V,,0.03999999910593033,0.03999999910593033,0.03999999910593033,0.03999999910593033,0.0
2026-04-28 09:30:00,NCI.V,,1.0,1.0,1.0,1.0,0.0
2026-04-28 09:30:00,NCX.V,,3.1500000953674316,3.200000047683716,3.1500000953674316,3.190000057220459,0.0
2026-04-28 09:30:00,NEXE.V,,0.19499999284744263,0.19499999284744263,0.19499999284744263,0.19499999284744263,0.0
2026-04-28 09:30:00,NFG.V,,2.690000057220459,2.7300000190734863,2.690000057220459,2.7300000190734863,0.0
2026-04-28 09:30:00,NGC.V,,0.17000000178813934,0.17000000178813934,0.17000000178813934,0.17000000178813934,0.0
2026-04-28 09:30:00,NICN.V,,0.14499999582767487,0.14499999582767487,0.14499999582767487,0.14499999582767487,0.0
2026-04-28 09:30:00,NIM.V,,0.7900000214576721,0.7900000214576721,0.7900000214576721,0.7900000214576721,0.0
2026-04-28 09:30:00,NIR-H.V,,0.02500000037252903,0.02500000037252903,0.02500000037252903,0.02500000037252903,0.0
2026-04-28 09:30:00,NKL.V,,1.2599999904632568,1.2599999904632568,1.2599999904632568,1.2599999904632568,0.0
2026-04-28 09:30:00,NMI.V,,0.2800000011920929,0.2800000011920929,0.2800000011920929,0.2800000011920929,0.0
2026-04-28 09:30:00,NOAL.V,,0.23999999463558197,0.23999999463558197,0.23999999463558197,0.23999999463558197,0.0
2026-04-28 09:30:00,NOB.V,,0.08500000089406967,0.08500000089406967,0.08500000089406967,0.08500000089406967,0.0
2026-04-28 09:30:00,NOW.V,,0.16500000655651093,0.16500000655651093,0.16500000655651093,0.16500000655651093,0.0
2026-04-28 09:30:00,NRM.V,,0.18000000715255737,0.18000000715255737,0.18000000715255737,0.18000000715255737,0.0
2026-04-28 09:30:00,NRN.V,,0.05000000074505806,0.05000000074505806,0.05000000074505806,0.05000000074505806,0.0
2026-04-28 09:30:00,NRZ-H.V,,0.09000000357627869,0.09000000357627869,0.09000000357627869,0.09000000357627869,0.0
2026-04-28 09:30:00,NSCI.V,,0.14499999582767487,0.14499999582767487,0.14499999582767487,0.14499999582767487,0.0
2026-04-28 09:30:00,NSU.V,,0.2150000035762787,0.2150000035762787,0.2150000035762787,0.2150000035762787,0.0
2026-04-28 09:30:00,NVI.V,,0.1550000011920929,0.1550000011920929,0.1550000011920929,0.1550000011920929,0.0
2026-04-28 09:30:00,NZN.V,,0.004999999888241291,0.004999999888241291,0.004999999888241291,0.004999999888241291,0.0
2026-04-28 09:30:00,OCO.V,,0.4099999964237213,0.4099999964237213,0.39500001072883606,0.39500001072883606,0.0
2026-04-28 09:30:00,ODV.V,,4.199999809265137,4.210000038146973,4.199999809265137,4.210000038146973,0.0
2026-04-28 09:30:00,OEC-H.V,,0.1599999964237213,0.1599999964237213,0.1599999964237213,0.1599999964237213,0.0
2026-04-28 09:30:00,OMG.V,,2.3399999141693115,2.3499999046325684,2.3399999141693115,2.3499999046325684,0.0
2026-04-28 09:30:00,OMI.V,,0.35499998927116394,0.35499998927116394,0.35499998927116394,0.35499998927116394,0.0
2026-04-28 09:30:00,OMM.V,,0.06499999761581421,0.06499999761581421,0.06499999761581421,0.06499999761581421,0.0
2026-04-28 09:30:00,ONYX.V,,1.159999966621399,1.1699999570846558,1.159999966621399,1.1699999570846558,0.0
2026-04-28 09:30:00,OPW.V,,0.14000000059604645,0.14000000059604645,0.14000000059604645,0.14000000059604645,0.0
2026-04-28 09:30:00,PA.V,,0.18000000715255737,0.18000000715255737,0.18000000715255737,0.18000000715255737,0.0
2026-04-28 09:30:00,PCLO.V,,0.04500000178813934,0.04500000178813934,0.04500000178813934,0.04500000178813934,0.0
2026-04-28 09:30:00,PDQ.V,,0.11500000208616257,0.11500000208616257,0.11500000208616257,0.11500000208616257,0.0
2026-04-28 09:30:00,PEI.V,,0.03999999910593033,0.03999999910593033,0.03999999910593033,0.03999999910593033,0.0
2026-04-28 09:30:00,PEMC.V,,0.054999999701976776,0.054999999701976776,0.054999999701976776,0.054999999701976776,0.0
2026-04-28 09:30:00,PER.V,,0.1899999976158142,0.1899999976158142,0.1899999976158142,0.1899999976158142,0.0
2026-04-28 09:30:00,PGDC.V,,0.8199999928474426,0.8199999928474426,0.8199999928474426,0.8199999928474426,0.0
2026-04-28 09:30:00,PGE.V,,0.3400000035762787,0.3400000035762787,0.3400000035762787,0.3400000035762787,0.0
2026-04-28 09:30:00,PGO-H.V,,0.014999999664723873,0.014999999664723873,0.014999999664723873,0.014999999664723873,0.0
2026-04-28 09:30:00,PHNM.V,,0.4399999976158142,0.4399999976158142,0.4399999976158142,0.4399999976158142,0.0
2026-04-28 09:30:00,PLAN.V,,0.3700000047683716,0.3700000047683716,0.3700000047683716,0.3700000047683716,0.0
2026-04-28 09:30:00,PLSR.V,,1.7599999904632568,1.7599999904632568,1.7400000095367432,1.7599999904632568,0.0
2026-04-28 09:30:00,PLUR.V,,0.10999999940395355,0.10999999940395355,0.10999999940395355,0.10999999940395355,0.0
2026-04-28 09:30:00,PML.V,,1.0199999809265137,1.0199999809265137,1.0199999809265137,1.0199999809265137,0.0
2026-04-28 09:30:00,PNTR.V,,0.5299999713897705,0.5299999713897705,0.5299999713897705,0.5299999713897705,0.0
2026-04-28 09:30:00,POG-H.V,,0.03999999910593033,0.03999999910593033,0.03999999910593033,0.03999999910593033,0.0
2026-04-28 09:30:00,POR.V,,0.004999999888241291,0.004999999888241291,0.004999999888241291,0.004999999888241291,0.0
2026-04-28 09:30:00,PPP.V,,1.5499999523162842,1.5499999523162842,1.5499999523162842,1.5499999523162842,0.0
2026-04-28 09:30:00,PRG.V,,0.8199999928474426,0.8199999928474426,0.8199999928474426,0.8199999928474426,0.0
2026-04-28 09:30:00,PROS.V,,0.019999999552965164,0.02500000037252903,0.019999999552965164,0.019999999552965164,151992.0
2026-04-28 09:30:00,PTU.V,,0.47999998927116394,0.47999998927116394,0.47999998927116394,0.47999998927116394,0.0
2026-04-28 09:30:00,PUL.V,,0.009999999776482582,0.009999999776482582,0.009999999776482582,0.009999999776482582,0.0
2026-04-28 09:30:00,PUMA.V,,0.13500000536441803,0.13500000536441803,0.13500000536441803,0.13500000536441803,0.0
2026-04-28 09:30:00,PVF-PR-U.V,,23.5,23.5,23.5,23.5,0.0
2026-04-28 09:30:00,PWIK-P.V,,0.8500000238418579,0.9599999785423279,0.8500000238418579,0.949999988079071,53000.0
2026-04-28 09:30:00,PWM.V,,0.4399999976158142,0.4399999976158142,0.4399999976158142,0.4399999976158142,0.0
2026-04-28 09:30:00,QGR.V,,0.2800000011920929,0.2800000011920929,0.2800000011920929,0.2800000011920929,0.0
2026-04-28 09:30:00,QIT-H.V,,0.07500000298023224,0.07500000298023224,0.07500000298023224,0.07500000298023224,0.0
2026-04-28 09:30:00,QST.V,,0.30000001192092896,0.30000001192092896,0.30000001192092896,0.30000001192092896,0.0
2026-04-28 09:30:00,QTWO.V,,2.6700000762939453,2.7100000381469727,2.6700000762939453,2.7100000381469727,0.0
2026-04-28 09:30:00,R-P.V,,0.05999999865889549,0.05999999865889549,0.05999999865889549,0.05999999865889549,0.0
2026-04-28 09:30:00,RCK.V,,1.0,1.0099999904632568,1.0,1.0099999904632568,0.0
2026-04-28 09:30:00,RDG.V,,0.1850000023841858,0.1850000023841858,0.1850000023841858,0.1850000023841858,0.0
2026-04-28 09:30:00,RDS.V,,1.1100000143051147,1.1299999952316284,1.090000033378601,1.100000023841858,0.0
2026-04-28 09:30:00,RDU.V,,0.125,0.125,0.125,0.125,0.0
2026-04-28 09:30:00,RECO.V,,1.2400000095367432,1.2400000095367432,1.2300000190734863,1.2400000095367432,0.0
2026-04-28 09:30:00,RET-A.V,,2.0199999809265137,2.0199999809265137,2.0199999809265137,2.0199999809265137,0.0
2026-04-28 09:30:00,RGM-H.V,,0.07999999821186066,0.07999999821186066,0.07999999821186066,0.07999999821186066,0.0
2026-04-28 09:30:00,RLP.V,,0.019999999552965164,0.019999999552965164,0.019999999552965164,0.019999999552965164,0.0
2026-04-28 09:30:00,RLYG.V,,0.47999998927116394,0.550000011920929,0.47999998927116394,0.550000011920929,0.0
2026-04-28 09:30:00,ROCK.V,,2.9700000286102295,3.0399999618530273,2.9000000953674316,2.9800000190734863,0.0
2026-04-28 09:30:00,ROK.V,,0.25999999046325684,0.25999999046325684,0.25999999046325684,0.25999999046325684,0.0
2026-04-28 09:30:00,RPX.V,,0.17000000178813934,0.17499999701976776,0.17000000178813934,0.17499999701976776,0.0
2026-04-28 09:30:00,RSM.V,,0.3400000035762787,0.3400000035762787,0.3400000035762787,0.3400000035762787,0.0
2026-04-28 09:30:00,RSMX.V,,0.11500000208616257,0.11500000208616257,0.11500000208616257,0.11500000208616257,0.0
2026-04-28 09:30:00,RTB-P.V,,0.5600000023841858,0.5699999928474426,0.5400000214576721,0.5600000023841858,129651.0
2026-04-28 09:30:00,RVG.V,,0.8100000023841858,0.8100000023841858,0.8100000023841858,0.8100000023841858,0.0
2026-04-28 09:30:00,RW.V,,0.25,0.25,0.25,0.25,0.0
2026-04-28 09:30:00,RYO.V,,0.4050000011920929,0.4050000011920929,0.4050000011920929,0.4050000011920929,0.0
2026-04-28 09:30:00,RZL.V,,0.5,0.5,0.5,0.5,0.0
2026-04-28 09:30:00,SAC-P.V,,0.05000000074505806,0.05000000074505806,0.05000000074505806,0.05000000074505806,0.0
2026-04-28 09:30:00,SAG.V,,1.3300000429153442,1.3300000429153442,1.3300000429153442,1.3300000429153442,0.0
2026-04-28 09:30:00,SAGE.V,,0.16500000655651093,0.16500000655651093,0.16500000655651093,0.16500000655651093,0.0
2026-04-28 09:30:00,SBEL-P.V,,0.1850000023841858,0.1850000023841858,0.1850000023841858,0.1850000023841858,0.0
2026-04-28 09:30:00,SCD.V,,0.15000000596046448,0.15000000596046448,0.15000000596046448,0.15000000596046448,0.0
2026-04-28 09:30:00,SCOT.V,,2.319999933242798,2.319999933242798,2.319999933242798,2.319999933242798,0.0
2026-04-28 09:30:00,SCT-H.V,,0.03999999910593033,0.03999999910593033,0.03999999910593033,0.03999999910593033,0.0
2026-04-28 09:30:00,SCZ.V,,10.880000114440918,11.020000457763672,10.880000114440918,11.0,0.0
2026-04-28 09:30:00,SECU.V,,2.0999999046325684,2.0999999046325684,2.0999999046325684,2.0999999046325684,0.0
2026-04-28 09:30:00,SEI.V,,0.5299999713897705,0.5299999713897705,0.5299999713897705,0.5299999713897705,0.0
2026-04-28 09:30:00,SEND.V,,1.4700000286102295,1.4700000286102295,1.4700000286102295,1.4700000286102295,0.0
2026-04-28 09:30:00,SFR.V,,0.22499999403953552,0.22499999403953552,0.22499999403953552,0.22499999403953552,0.0
2026-04-28 09:30:00,SGC.V,,0.07000000029802322,0.07000000029802322,0.07000000029802322,0.07000000029802322,0.0
2026-04-28 09:30:00,SGML.V,,26.700000762939453,27.15999984741211,26.700000762939453,27.15999984741211,0.0
2026-04-28 09:30:00,SGN.V,,0.36500000953674316,0.36500000953674316,0.3499999940395355,0.3499999940395355,0.0
2026-04-28 09:30:00,SGQ.V,,0.38999998569488525,0.38999998569488525,0.38999998569488525,0.38999998569488525,0.0
2026-04-28 09:30:00,SHL.V,,0.47999998927116394,0.47999998927116394,0.47999998927116394,0.47999998927116394,0.0
2026-04-28 09:30:00,SILV.V,,0.1899999976158142,0.1899999976158142,0.1899999976158142,0.1899999976158142,0.0
2026-04-28 09:30:00,SKP.V,,0.18000000715255737,0.18000000715255737,0.18000000715255737,0.18000000715255737,0.0
2026-04-28 09:30:00,SLG.V,,3.009999990463257,3.009999990463257,3.009999990463257,3.009999990463257,0.0
2026-04-28 09:30:00,SLI.V,,5.119999885559082,5.300000190734863,5.119999885559082,5.300000190734863,0.0
2026-04-28 09:30:00,SLX-P.V,,0.14000000059604645,0.14000000059604645,0.14000000059604645,0.14000000059604645,0.0
2026-04-28 09:30:00,SM.V,,1.7100000381469727,1.7100000381469727,1.6699999570846558,1.6699999570846558,0.0
2026-04-28 09:30:00,SMD.V,,0.33000001311302185,0.33000001311302185,0.33000001311302185,0.33000001311302185,0.0
2026-04-28 09:30:00,SMN.V,,0.12999999523162842,0.12999999523162842,0.12999999523162842,0.12999999523162842,0.0
2026-04-28 09:30:00,SNM.V,,0.20499999821186066,0.20499999821186066,0.20499999821186066,0.20499999821186066,0.0
2026-04-28 09:30:00,SNV.V,,0.03500000014901161,0.03500000014901161,0.03500000014901161,0.03500000014901161,0.0
2026-04-28 09:30:00,SOLR.V,,0.014999999664723873,0.014999999664723873,0.014999999664723873,0.014999999664723873,0.0
2026-04-28 09:30:00,SOMA.V,,1.3200000524520874,1.3200000524520874,1.3200000524520874,1.3200000524520874,0.0
2026-04-28 09:30:00,SPA.V,,0.3100000023841858,0.3149999976158142,0.3100000023841858,0.3149999976158142,0.0
2026-04-28 09:30:00,SQG.V,,0.10499999672174454,0.10499999672174454,0.10499999672174454,0.10499999672174454,0.0
2026-04-28 09:30:00,SR.V,,0.2750000059604645,0.2750000059604645,0.2750000059604645,0.2750000059604645,0.0
2026-04-28 09:30:00,SRC.V,,1.3300000429153442,1.3300000429153442,1.3300000429153442,1.3300000429153442,0.0
2026-04-28 09:30:00,SRR.V,,0.9900000095367432,0.9900000095367432,0.9900000095367432,0.9900000095367432,0.0
2026-04-28 09:30:00,SSV.V,,0.4950000047683716,0.5,0.4950000047683716,0.5,0.0
2026-04-28 09:30:00,STND.V,,0.10000000149011612,0.10000000149011612,0.10000000149011612,0.10000000149011612,0.0
2026-04-28 09:30:00,SVE.V,,0.49000000953674316,0.49000000953674316,0.49000000953674316,0.49000000953674316,0.0
2026-04-28 09:30:00,SVRS.V,,0.44999998807907104,0.44999998807907104,0.44999998807907104,0.44999998807907104,0.0
2026-04-28 09:30:00,SYH.V,,0.4950000047683716,0.4950000047683716,0.4950000047683716,0.4950000047683716,0.0
2026-04-28 09:30:00,VDO-H.V,,0.03500000014901161,0.03500000014901161,0.03500000014901161,0.03500000014901161,0.0
2026-04-28 09:30:00,VIPR.V,,0.8999999761581421,0.949999988079071,0.8999999761581421,0.949999988079071,0.0
2026-04-28 09:31:00,MMY.V,,0.8399999737739563,0.8399999737739563,0.8399999737739563,0.8399999737739563,1300.0
2026-04-28 09:31:00,NBM.V,,0.47999998927116394,0.47999998927116394,0.47999998927116394,0.47999998927116394,4500.0
2026-04-28 09:31:00,NCI.V,,1.0,1.0,1.0,1.0,9200.0
2026-04-28 09:31:00,NCX.V,,3.119999885559082,3.1600000858306885,3.119999885559082,3.1600000858306885,6100.0
2026-04-28 09:31:00,NFG.V,,2.680000066757202,2.690000057220459,2.680000066757202,2.690000057220459,2025.0
2026-04-28 09:31:00,NGC.V,,0.1599999964237213,0.1599999964237213,0.1599999964237213,0.1599999964237213,18000.0
2026-04-28 09:31:00,NKL.V,,1.2599999904632568,1.2599999904632568,1.2599999904632568,1.2599999904632568,700.0
2026-04-28 09:31:00,OMG.V,,2.309999942779541,2.319999933242798,2.309999942779541,2.319999933242798,20000.0
2026-04-28 09:31:00,ONYX.V,,1.159999966621399,1.159999966621399,1.159999966621399,1.159999966621399,2150.0
2026-04-28 09:31:00,PLSR.V,,1.7599999904632568,1.7599999904632568,1.7599999904632568,1.7599999904632568,9400.0
2026-04-28 09:31:00,PLUR.V,,0.10999999940395355,0.10999999940395355,0.10999999940395355,0.10999999940395355,60000.0
2026-04-28 09:31:00,QTWO.V,,2.609999895095825,2.6600000858306885,2.609999895095825,2.6600000858306885,14300.0
2026-04-28 09:31:00,REC.V,,0.05999999865889549,0.05999999865889549,0.05999999865889549,0.05999999865889549,0.0
2026-04-28 09:31:00,RECO.V,,1.2300000190734863,1.2300000190734863,1.2300000190734863,1.2300000190734863,100.0
2026-04-28 09:31:00,ROCK.V,,2.9800000190734863,2.9800000190734863,2.9800000190734863,2.9800000190734863,6700.0
2026-04-28 09:31:00,RVG.V,,0.7900000214576721,0.800000011920929,0.7900000214576721,0.800000011920929,42201.0
2026-04-28 09:31:00,SCZ.V,,10.739999771118164,10.829999923706055,10.664999961853027,10.829999923706055,23285.0
2026-04-28 09:31:00,SGML.V,,26.729999542236328,26.729999542236328,26.5,26.5,540.0
2026-04-28 09:31:00,SLG.V,,3.0,3.009999990463257,3.0,3.009999990463257,8900.0
2026-04-28 09:31:00,SLI.V,,5.03000020980835,5.110000133514404,5.03000020980835,5.110000133514404,12542.0
2026-04-28 09:31:00,SM.V,,1.6699999570846558,1.6699999570846558,1.6699999570846558,1.6699999570846558,600.0
2026-04-28 09:31:00,SOMA.V,,1.2999999523162842,1.2999999523162842,1.2999999523162842,1.2999999523162842,3300.0
2026-04-28 09:31:00,SSV.V,,0.4950000047683716,0.5,0.4950000047683716,0.5,4540.0
2026-04-28 09:31:00,SVRS.V,,0.44999998807907104,0.44999998807907104,0.4449999928474426,0.44999998807907104,67777.0
2026-04-28 09:31:00,SYH.V,,0.47999998927116394,0.49000000953674316,0.47999998927116394,0.49000000953674316,28000.0
2026-04-28 09:32:00,NCI.V,,1.0099999904632568,1.0099999904632568,1.0099999904632568,1.0099999904632568,4150.0
2026-04-28 09:32:00,NCX.V,,3.109999895095825,3.119999885559082,3.109999895095825,3.119999885559082,3800.0
2026-04-28 09:32:00,OMG.V,,2.319999933242798,2.319999933242798,2.319999933242798,2.319999933242798,900.0
2026-04-28 09:32:00,PGE.V,,0.3449999988079071,0.3449999988079071,0.3449999988079071,0.3449999988079071,18500.0
2026-04-28 09:32:00,PPP.V,,1.5099999904632568,1.5099999904632568,1.5,1.5099999904632568,32150.0
2026-04-28 09:32:00,PRG.V,,0.800000011920929,0.800000011920929,0.800000011920929,0.800000011920929,4500.0
2026-04-28 09:32:00,PVIS.V,,0.23999999463558197,0.23999999463558197,0.23999999463558197,0.23999999463558197,0.0
2026-04-28 09:32:00,QTWO.V,,2.640000104904175,2.640000104904175,2.625,2.625,700.0
2026-04-28 09:32:00,RDS.V,,1.0800000429153442,1.100000023841858,1.0800000429153442,1.100000023841858,14500.0
2026-04-28 09:32:00,RET-A.V,,2.0199999809265137,2.0199999809265137,2.0199999809265137,2.0199999809265137,500.0
2026-04-28 09:32:00,ROK.V,,0.26499998569488525,0.26499998569488525,0.26499998569488525,0.26499998569488525,19500.0
2026-04-28 09:32:00,SCZ.V,,10.75,10.75,10.710000038146973,10.710000038146973,3500.0
2026-04-28 09:32:00,SGML.V,,27.139999389648438,27.139999389648438,27.139999389648438,27.139999389648438,200.0
2026-04-28 09:32:00,SLI.V,,5.079999923706055,5.079999923706055,5.070000171661377,5.070000171661377,500.0
2026-04-28 09:32:00,SSV.V,,0.5,0.5,0.5,0.5,3500.0
2026-04-28 09:32:00,SVE.V,,0.4749999940395355,0.47999998927116394,0.4749999940395355,0.47999998927116394,7000.0
2026-04-28 09:32:00,SVRS.V,,0.4449999928474426,0.44999998807907104,0.4449999928474426,0.44999998807907104,83000.0
2026-04-28 09:32:00,SYH.V,,0.48500001430511475,0.48500001430511475,0.48500001430511475,0.48500001430511475,20500.0
2026-04-28 09:33:00,MHUB.V,,0.699999988079071,0.699999988079071,0.699999988079071,0.699999988079071,0.0
2026-04-28 09:33:00,MONT.V,,0.009999999776482582,0.009999999776482582,0.009999999776482582,0.009999999776482582,164000.0
2026-04-28 09:33:00,NCI.V,,0.9900000095367432,0.9950000047683716,0.9900000095367432,0.9950000047683716,300.0
2026-04-28 09:33:00,NFG.V,,2.6700000762939453,2.6700000762939453,2.6700000762939453,2.6700000762939453,500.0
2026-04-28 09:33:00,OMG.V,,2.319999933242798,2.319999933242798,2.319999933242798,2.319999933242798,14300.0
2026-04-28 09:33:00,PA.V,,0.18000000715255737,0.18000000715255737,0.18000000715255737,0.18000000715255737,10000.0
2026-04-28 09:33:00,PHNM.V,,0.42500001192092896,0.4350000023841858,0.42500001192092896,0.4350000023841858,9500.0
2026-04-28 09:33:00,PLSR.V,,1.7200000286102295,1.7400000095367432,1.7200000286102295,1.7400000095367432,37161.0
2026-04-28 09:33:00,QTWO.V,,2.630000114440918,2.640000104904175,2.625,2.625,1520.0
2026-04-28 09:33:00,RDS.V,,1.0800000429153442,1.0800000429153442,1.0800000429153442,1.0800000429153442,6225.0
2026-04-28 09:33:00,ROK.V,,0.26499998569488525,0.26499998569488525,0.26499998569488525,0.26499998569488525,40000.0
2026-04-28 09:33:00,RYO.V,,0.4000000059604645,0.4000000059604645,0.4000000059604645,0.4000000059604645,28000.0
2026-04-28 09:33:00,SAG.V,,1.3300000429153442,1.3300000429153442,1.3300000429153442,1.3300000429153442,4900.0
2026-04-28 09:33:00,SCOT.V,,2.299999952316284,2.299999952316284,2.299999952316284,2.299999952316284,100.0
2026-04-28 09:33:00,SCZ.V,,10.800000190734863,10.819999694824219,10.789999961853027,10.789999961853027,400.0
2026-04-28 09:33:00,SEI.V,,0.5299999713897705,0.5299999713897705,0.5299999713897705,0.5299999713897705,2000.0
2026-04-28 09:33:00,SGML.V,,27.3700008392334,27.3700008392334,27.350000381469727,27.350000381469727,200.0
2026-04-28 09:33:00,SGN.V,,0.35499998927116394,0.35499998927116394,0.35499998927116394,0.35499998927116394,2500.0
2026-04-28 09:33:00,SLI.V,,5.139999866485596,5.139999866485596,5.090000152587891,5.090000152587891,8800.0
2026-04-28 09:33:00,SPA.V,,0.3149999976158142,0.3149999976158142,0.3149999976158142,0.3149999976158142,35000.0
2026-04-28 09:33:00,SVRS.V,,0.4449999928474426,0.4449999928474426,0.4449999928474426,0.4449999928474426,47573.0
2026-04-28 09:34:00,MRZ.V,,0.3400000035762787,0.3400000035762787,0.3400000035762787,0.3400000035762787,0.0
2026-04-28 09:34:00,NCX.V,,3.130000114440918,3.130000114440918,3.130000114440918,3.130000114440918,1300.0
2026-04-28 09:34:00,NGC.V,,0.17000000178813934,0.17000000178813934,0.17000000178813934,0.17000000178813934,500.0
2026-04-28 09:34:00,NSU.V,,0.20499999821186066,0.20999999344348907,0.20499999821186066,0.20999999344348907,43326.0
2026-04-28 09:34:00,ODV.V,,4.199999809265137,4.199999809265137,4.199999809265137,4.199999809265137,120.0
2026-04-28 09:34:00,OMG.V,,2.309999942779541,2.309999942779541,2.309999942779541,2.309999942779541,1600.0
2026-04-28 09:34:00,PGE.V,,0.33500000834465027,0.3400000035762787,0.33000001311302185,0.3400000035762787,25500.0
2026-04-28 09:34:00,PNTR.V,,0.5199999809265137,0.5199999809265137,0.5199999809265137,0.5199999809265137,7060.0
2026-04-28 09:34:00,RYO.V,,0.4000000059604645,0.4000000059604645,0.4000000059604645,0.4000000059604645,16000.0
2026-04-28 09:34:00,SCD.V,,0.15000000596046448,0.15000000596046448,0.15000000596046448,0.15000000596046448,496500.0
2026-04-28 09:34:00,SCZ.V,,10.789999961853027,10.84000015258789,10.779999732971191,10.84000015258789,1700.0
2026-04-28 09:34:00,SOMA.V,,1.2999999523162842,1.2999999523162842,1.2999999523162842,1.2999999523162842,268.0
2026-04-28 09:34:00,SRR.V,,0.9900000095367432,0.9900000095367432,0.9900000095367432,0.9900000095367432,1000.0
2026-04-28 09:34:00,SVE.V,,0.4749999940395355,0.4749999940395355,0.4749999940395355,0.4749999940395355,3947.0
2026-04-28 09:34:00,SVRS.V,,0.44999998807907104,0.44999998807907104,0.44999998807907104,0.44999998807907104,4500.0
2026-04-28 09:34:00,SYH.V,,0.48500001430511475,0.48500001430511475,0.48500001430511475,0.48500001430511475,16000.0
2026-04-28 09:35:00,MINK.V,,0.0949999988079071,0.0949999988079071,0.0949999988079071,0.0949999988079071,1000.0
2026-04-28 09:35:00,NCI.V,,0.9700000286102295,0.9900000095367432,0.9700000286102295,0.9900000095367432,1332.0
2026-04-28 09:35:00,NCX.V,,3.130000114440918,3.130000114440918,3.119999885559082,3.125,5000.0
2026-04-28 09:35:00,NFG.V,,2.690000057220459,2.690000057220459,2.690000057220459,2.690000057220459,200.0
2026-04-28 09:35:00,NICN.V,,0.14499999582767487,0.14499999582767487,0.14499999582767487,0.14499999582767487,8000.0
2026-04-28 09:35:00,PEAK.V,,0.3700000047683716,0.3700000047683716,0.3700000047683716,0.3700000047683716,0.0
2026-04-28 09:35:00,PGLD.V,,0.7099999785423279,0.7300000190734863,0.7099999785423279,0.7300000190734863,0.0
2026-04-28 09:35:00,PLSR.V,,1.7100000381469727,1.7100000381469727,1.7100000381469727,1.7100000381469727,431.0
2026-04-28 09:35:00,PLUR.V,,0.10999999940395355,0.10999999940395355,0.10999999940395355,0.10999999940395355,15000.0
2026-04-28 09:35:00,PNTR.V,,0.5099999904632568,0.5099999904632568,0.5099999904632568,0.5099999904632568,14500.0
2026-04-28 09:35:00,QTWO.V,,2.6700000762939453,2.6700000762939453,2.630000114440918,2.630000114440918,3900.0
2026-04-28 09:35:00,SAG.V,,1.3300000429153442,1.3300000429153442,1.3300000429153442,1.3300000429153442,1000.0
2026-04-28 09:35:00,SCD.V,,0.15000000596046448,0.15000000596046448,0.15000000596046448,0.15000000596046448,15633.0
2026-04-28 09:35:00,SCZ.V,,10.84000015258789,10.84000015258789,10.779999732971191,10.779999732971191,1700.0
2026-04-28 09:35:00,SLI.V,,5.119999885559082,5.119999885559082,5.119999885559082,5.119999885559082,1500.0
2026-04-28 09:35:00,SOMA.V,,1.2999999523162842,1.2999999523162842,1.2999999523162842,1.2999999523162842,1564.0
2026-04-28 09:35:00,SVRS.V,,0.44999998807907104,0.44999998807907104,0.4449999928474426,0.44749999046325684,12000.0
2026-04-28 09:36:00,MMY.V,,0.8299999833106995,0.8299999833106995,0.8299999833106995,0.8299999833106995,11500.0
2026-04-28 09:36:00,NCAU.V,,0.6000000238418579,0.6100000143051147,0.6000000238418579,0.6100000143051147,0.0
2026-04-28 09:36:00,NCI.V,,0.9800000190734863,0.9800000190734863,0.9800000190734863,0.9800000190734863,798.0
2026-04-28 09:36:00,NCX.V,,3.130000114440918,3.130000114440918,3.130000114440918,3.130000114440918,1300.0
2026-04-28 09:36:00,OMG.V,,2.309999942779541,2.309999942779541,2.309999942779541,2.309999942779541,800.0
2026-04-28 09:36:00,PEAK.V,,0.36500000953674316,0.36500000953674316,0.36500000953674316,0.36500000953674316,5000.0
2026-04-28 09:36:00,PNTR.V,,0.5199999809265137,0.5199999809265137,0.5099999904632568,0.5099999904632568,5500.0
2026-04-28 09:36:00,QTWO.V,,2.6500000953674316,2.690000057220459,2.640000104904175,2.6449999809265137,8500.0
2026-04-28 09:36:00,RET-A.V,,2.0199999809265137,2.0199999809265137,2.0199999809265137,2.0199999809265137,200.0
2026-04-28 09:36:00,ROCK.V,,2.9800000190734863,2.9800000190734863,2.9800000190734863,2.9800000190734863,500.0
2026-04-28 09:36:00,ROI.V,,0.10000000149011612,0.10000000149011612,0.10000000149011612,0.10000000149011612,0.0
2026-04-28 09:36:00,SCD.V,,0.15000000596046448,0.15000000596046448,0.15000000596046448,0.15000000596046448,500.0
2026-04-28 09:36:00,SCZ.V,,10.779999732971191,10.789999961853027,10.739999771118164,10.789999961853027,2610.0
2026-04-28 09:36:00,SGML.V,,28.0,28.0,27.899999618530273,27.899999618530273,1801.0
2026-04-28 09:36:00,SM.V,,1.659999966621399,1.6699999570846558,1.659999966621399,1.6699999570846558,6800.0
2026-04-28 09:36:00,SVRS.V,,0.44999998807907104,0.44999998807907104,0.44749999046325684,0.44749999046325684,11500.0
2026-04-28 09:37:00,NCAU.V,,0.6000000238418579,0.6000000238418579,0.6000000238418579,0.6000000238418579,4500.0
2026-04-28 09:37:00,NCI.V,,0.9599999785423279,0.9700000286102295,0.9599999785423279,0.9700000286102295,2600.0
2026-04-28 09:37:00,NFG.V,,2.690000057220459,2.690000057220459,2.680000066757202,2.690000057220459,2100.0
2026-04-28 09:37:00,NICN.V,,0.14499999582767487,0.14499999582767487,0.14499999582767487,0.14499999582767487,5000.0
2026-04-28 09:37:00,OMG.V,,2.299999952316284,2.299999952316284,2.299999952316284,2.299999952316284,28340.0
2026-04-28 09:37:00,OMI.V,,0.36000001430511475,0.36000001430511475,0.36000001430511475,0.36000001430511475,21000.0
2026-04-28 09:37:00,ONYX.V,,1.1399999856948853,1.1399999856948853,1.1399999856948853,1.1399999856948853,1500.0
2026-04-28 09:37:00,PEMC.V,,0.054999999701976776,0.054999999701976776,0.054999999701976776,0.054999999701976776,25000.0
2026-04-28 09:37:00,RSM.V,,0.33500000834465027,0.33500000834465027,0.33500000834465027,0.33500000834465027,5500.0
2026-04-28 09:37:00,SCOT.V,,2.299999952316284,2.299999952316284,2.299999952316284,2.299999952316284,100.0
2026-04-28 09:37:00,SCZ.V,,10.760000228881836,10.760000228881836,10.760000228881836,10.760000228881836,1200.0
2026-04-28 09:37:00,SLI.V,,5.150000095367432,5.150000095367432,5.150000095367432,5.150000095367432,400.0
2026-04-28 09:37:00,SSV.V,,0.4950000047683716,0.4950000047683716,0.4950000047683716,0.4950000047683716,2635.0
2026-04-28 09:37:00,SVRS.V,,0.44999998807907104,0.44999998807907104,0.44999998807907104,0.44999998807907104,5000.0
2026-04-28 09:38:00,MMY.V,,0.8299999833106995,0.8299999833106995,0.8299999833106995,0.8299999833106995,500.0
2026-04-28 09:38:00,NCI.V,,0.9599999785423279,0.9599999785423279,0.9599999785423279,0.9599999785423279,4230.0
2026-04-28 09:38:00,OCO.V,,0.39500001072883606,0.4000000059604645,0.39500001072883606,0.4000000059604645,39500.0
2026-04-28 09:38:00,OMG.V,,2.2899999618530273,2.2899999618530273,2.2899999618530273,2.2899999618530273,100.0
2026-04-28 09:38:00,PEMC.V,,0.054999999701976776,0.054999999701976776,0.054999999701976776,0.054999999701976776,25000.0
2026-04-28 09:38:00,PGLD.V,,0.7099999785423279,0.7099999785423279,0.7099999785423279,0.7099999785423279,3000.0
2026-04-28 09:38:00,PLSR.V,,1.7400000095367432,1.7400000095367432,1.7300000190734863,1.7300000190734863,11800.0
2026-04-28 09:38:00,PML.V,,1.0099999904632568,1.0099999904632568,1.0099999904632568,1.0099999904632568,500.0
2026-04-28 09:38:00,QTWO.V,,2.6500000953674316,2.6500000953674316,2.6500000953674316,2.6500000953674316,1600.0
2026-04-28 09:38:00,RDU.V,,0.125,0.125,0.125,0.125,1000.0
2026-04-28 09:38:00,REC.V,,0.05999999865889549,0.05999999865889549,0.05999999865889549,0.05999999865889549,30000.0
2026-04-28 09:38:00,RVG.V,,0.7900000214576721,0.7900000214576721,0.7900000214576721,0.7900000214576721,9000.0
2026-04-28 09:38:00,RYO.V,,0.4000000059604645,0.4000000059604645,0.4000000059604645,0.4000000059604645,1000.0
2026-04-28 09:38:00,SCD.V,,0.15000000596046448,0.15000000596046448,0.15000000596046448,0.15000000596046448,12500.0
2026-04-28 09:38:00,SCZ.V,,10.699999809265137,10.720000267028809,10.699999809265137,10.720000267028809,3620.0
2026-04-28 09:38:00,SGML.V,,27.700000762939453,27.940000534057617,27.700000762939453,27.940000534057617,200.0
2026-04-28 09:38:00,SGN.V,,0.3449999988079071,0.3449999988079071,0.3449999988079071,0.3449999988079071,1500.0
2026-04-28 09:38:00,SLI.V,,5.139999866485596,5.139999866485596,5.139999866485596,5.139999866485596,200.0
2026-04-28 09:38:00,SSV.V,,0.49000000953674316,0.49000000953674316,0.49000000953674316,0.49000000953674316,18700.0
2026-04-28 09:38:00,SVRS.V,,0.44999998807907104,0.44999998807907104,0.44999998807907104,0.44999998807907104,6500.0
2026-04-28 09:38:00,SYH.V,,0.48500001430511475,0.48500001430511475,0.48500001430511475,0.48500001430511475,1500.0
2026-04-28 09:38:00,VIPR.V,,0.9300000071525574,0.9300000071525574,0.9300000071525574,0.9300000071525574,1500.0
2026-04-28 09:39:00,NCAU.V,,0.5899999737739563,0.5899999737739563,0.5899999737739563,0.5899999737739563,9500.0
2026-04-28 09:39:00,NCI.V,,0.9599999785423279,0.9599999785423279,0.9399999976158142,0.949999988079071,11900.0
2026-04-28 09:39:00,NCX.V,,3.130000114440918,3.130000114440918,3.130000114440918,3.130000114440918,5100.0
2026-04-28 09:39:00,NFG.V,,2.6700000762939453,2.680000066757202,2.6700000762939453,2.680000066757202,8300.0
2026-04-28 09:39:00,NGC.V,,0.1599999964237213,0.1599999964237213,0.1599999964237213,0.1599999964237213,15000.0
2026-04-28 09:39:00,NSU.V,,0.20499999821186066,0.20499999821186066,0.20499999821186066,0.20499999821186066,1280.0
2026-04-28 09:39:00,OMG.V,,2.2799999713897705,2.2799999713897705,2.2799999713897705,2.2799999713897705,3600.0
2026-04-28 09:39:00,PER.V,,0.1850000023841858,0.1850000023841858,0.1850000023841858,0.1850000023841858,2000.0
2026-04-28 09:39:00,PGDC.V,,0.8199999928474426,0.8199999928474426,0.8199999928474426,0.8199999928474426,1500.0
2026-04-28 09:39:00,PGE.V,,0.33500000834465027,0.33500000834465027,0.33500000834465027,0.33500000834465027,10500.0
2026-04-28 09:39:00,PTF.V,,15.25,15.25,15.25,15.25,0.0
2026-04-28 09:39:00,PVIS.V,,0.23000000417232513,0.23499999940395355,0.23000000417232513,0.23499999940395355,17000.0
2026-04-28 09:39:00,QTWO.V,,2.6500000953674316,2.6500000953674316,2.630000114440918,2.630000114440918,300.0
2026-04-28 09:39:00,RECO.V,,1.2200000286102295,1.225000023841858,1.2200000286102295,1.225000023841858,10000.0
2026-04-28 09:39:00,ROCK.V,,2.950000047683716,2.950000047683716,2.950000047683716,2.950000047683716,1600.0
2026-04-28 09:39:00,SCD.V,,0.15000000596046448,0.1525000035762787,0.15000000596046448,0.1525000035762787,23666.0
2026-04-28 09:39:00,SCZ.V,,10.760000228881836,10.760000228881836,10.699999809265137,10.699999809265137,340.0
2026-04-28 09:39:00,SGML.V,,27.920000076293945,27.920000076293945,27.700000762939453,27.700000762939453,1203.0
2026-04-28 09:39:00,SM.V,,1.649999976158142,1.649999976158142,1.649999976158142,1.649999976158142,1100.0
2026-04-28 09:39:00,SRR.V,,0.9900000095367432,0.9900000095367432,0.9900000095367432,0.9900000095367432,3000.0
2026-04-28 09:39:00,SVRS.V,,0.44999998807907104,0.44999998807907104,0.44999998807907104,0.44999998807907104,500.0
2026-04-28 09:40:00,FEO.V,,0.8600000143051147,0.8600000143051147,0.8600000143051147,0.8600000143051147,3000.0
2026-04-28 09:40:00,MMY.V,,0.8199999928474426,0.8299999833106995,0.8199999928474426,0.8299999833106995,16000.0
2026-04-28 09:40:00,NFG.V,,2.690000057220459,2.690000057220459,2.690000057220459,2.690000057220459,5086.0
2026-04-28 09:40:00,NSE.V,,0.6800000071525574,0.6800000071525574,0.6800000071525574,0.6800000071525574,0.0
2026-04-28 09:40:00,OMG.V,,2.2899999618530273,2.2899999618530273,2.2899999618530273,2.2899999618530273,3200.0
2026-04-28 09:40:00,PER.V,,0.18000000715255737,0.18000000715255737,0.18000000715255737,0.18000000715255737,7500.0
2026-04-28 09:40:00,PGDC.V,,0.7900000214576721,0.800000011920929,0.7900000214576721,0.800000011920929,37510.0
2026-04-28 09:40:00,PLAN.V,,0.36000001430511475,0.36000001430511475,0.36000001430511475,0.36000001430511475,5000.0
2026-04-28 09:40:00,PML.V,,1.0099999904632568,1.0099999904632568,1.0099999904632568,1.0099999904632568,500.0
2026-04-28 09:40:00,PRG.V,,0.800000011920929,0.800000011920929,0.800000011920929,0.800000011920929,13000.0
2026-04-28 09:40:00,QTWO.V,,2.6500000953674316,2.6500000953674316,2.6500000953674316,2.6500000953674316,900.0
2026-04-28 09:40:00,RECO.V,,1.2200000286102295,1.2200000286102295,1.2200000286102295,1.2200000286102295,5900.0
2026-04-28 09:40:00,RPX.V,,0.17000000178813934,0.17249999940395355,0.17000000178813934,0.17249999940395355,1000.0
2026-04-28 09:40:00,RVG.V,,0.7900000214576721,0.7900000214576721,0.7900000214576721,0.7900000214576721,11000.0
2026-04-28 09:40:00,SCD.V,,0.15000000596046448,0.15000000596046448,0.15000000596046448,0.15000000596046448,1000.0
2026-04-28 09:40:00,SVRS.V,,0.44999998807907104,0.44999998807907104,0.44999998807907104,0.44999998807907104,500.0
2026-04-28 09:40:00,SXL.V,,0.07500000298023224,0.07500000298023224,0.07500000298023224,0.07500000298023224,0.0
2026-04-28 09:41:00,CTZ.V,,1.25,1.25,1.25,1.25,1500.0
2026-04-28 09:41:00,NCX.V,,3.1500000953674316,3.1500000953674316,3.130000114440918,3.130000114440918,6100.0
2026-04-28 09:41:00,NFG.V,,2.7100000381469727,2.7100000381469727,2.7100000381469727,2.7100000381469727,2700.0
2026-04-28 09:41:00,OMG.V,,2.299999952316284,2.299999952316284,2.299999952316284,2.299999952316284,400.0
2026-04-28 09:41:00,PER.V,,0.18000000715255737,0.18000000715255737,0.18000000715255737,0.18000000715255737,8500.0
2026-04-28 09:41:00,PGLD.V,,0.7200000286102295,0.7200000286102295,0.7200000286102295,0.7200000286102295,8000.0
2026-04-28 09:41:00,PRG.V,,0.800000011920929,0.800000011920929,0.800000011920929,0.800000011920929,12000.0
2026-04-28 09:41:00,QTWO.V,,2.6700000762939453,2.6700000762939453,2.6600000858306885,2.6600000858306885,2400.0
2026-04-28 09:41:00,RDS.V,,1.0850000381469727,1.0850000381469727,1.0850000381469727,1.0850000381469727,1000.0
2026-04-28 09:41:00,RPX.V,,0.17000000178813934,0.17000000178813934,0.17000000178813934,0.17000000178813934,1000.0
2026-04-28 09:41:00,RSMX.V,,0.10999999940395355,0.10999999940395355,0.10999999940395355,0.10999999940395355,23000.0
2026-04-28 09:41:00,SCZ.V,,10.819999694824219,10.819999694824219,10.819999694824219,10.819999694824219,200.0
2026-04-28 09:41:00,SGML.V,,28.360000610351562,28.389999389648438,28.15999984741211,28.389999389648438,1601.0
2026-04-28 09:41:00,SLI.V,,5.199999809265137,5.199999809265137,5.170000076293945,5.170000076293945,300.0
2026-04-28 09:41:00,SSV.V,,0.4950000047683716,0.4950000047683716,0.4950000047683716,0.4950000047683716,1000.0
2026-04-28 09:41:00,SVRS.V,,0.44999998807907104,0.44999998807907104,0.44999998807907104,0.44999998807907104,17600.0
2026-04-28 09:41:00,SYH.V,,0.48500001430511475,0.48500001430511475,0.47999998927116394,0.47999998927116394,15600.0
2026-04-28 09:42:00,MMY.V,,0.8299999833106995,0.8299999833106995,0.8299999833106995,0.8299999833106995,2000.0
2026-04-28 09:42:00,NCI.V,,0.9300000071525574,0.9449999928474426,0.9300000071525574,0.9399999976158142,1585.0
2026-04-28 09:42:00,NCX.V,,3.1600000858306885,3.1600000858306885,3.1500000953674316,3.1500000953674316,2050.0
2026-04-28 09:42:00,NFG.V,,2.7200000286102295,2.7200000286102295,2.7100000381469727,2.7100000381469727,1724.0
2026-04-28 09:42:00,OMG.V,,2.309999942779541,2.309999942779541,2.309999942779541,2.309999942779541,1200.0
2026-04-28 09:42:00,QTWO.V,,2.6649999618530273,2.6700000762939453,2.6649999618530273,2.6649999618530273,1600.0
2026-04-28 09:42:00,ROCK.V,,2.950000047683716,2.9600000381469727,2.950000047683716,2.9600000381469727,7300.0
2026-04-28 09:42:00,RSM.V,,0.3199999928474426,0.32499998807907104,0.3199999928474426,0.32499998807907104,106000.0
2026-04-28 09:42:00,SCD.V,,0.1550000011920929,0.1550000011920929,0.15000000596046448,0.15000000596046448,154309.0
2026-04-28 09:42:00,SCZ.V,,10.84000015258789,10.84000015258789,10.84000015258789,10.84000015258789,2200.0
2026-04-28 09:42:00,SGML.V,,28.760000228881836,28.760000228881836,28.59000015258789,28.59000015258789,849.0
2026-04-28 09:42:00,SM.V,,1.649999976158142,1.6699999570846558,1.649999976158142,1.649999976158142,14600.0
2026-04-28 09:42:00,SOMA.V,,1.3200000524520874,1.3200000524520874,1.3200000524520874,1.3200000524520874,300.0
2026-04-28 09:42:00,VIPR.V,,0.9399999976158142,0.9399999976158142,0.9399999976158142,0.9399999976158142,3000.0
2026-04-28 09:43:00,MGG.V,,0.3449999988079071,0.3449999988079071,0.3449999988079071,0.3449999988079071,13000.0
2026-04-28 09:43:00,MMY.V,,0.8299999833106995,0.8299999833106995,0.8299999833106995,0.8299999833106995,4000.0
2026-04-28 09:43:00,MONT.V,,0.009999999776482582,0.009999999776482582,0.009999999776482582,0.009999999776482582,1000.0
2026-04-28 09:43:00,NCI.V,,0.9399999976158142,0.9399999976158142,0.9399999976158142,0.9399999976158142,300.0
2026-04-28 09:43:00,NCX.V,,3.1600000858306885,3.1600000858306885,3.1600000858306885,3.1600000858306885,800.0
2026-04-28 09:43:00,OMG.V,,2.319999933242798,2.319999933242798,2.319999933242798,2.319999933242798,100.0
2026-04-28 09:43:00,PEAK.V,,0.36000001430511475,0.36000001430511475,0.36000001430511475,0.36000001430511475,4500.0
2026-04-28 09:43:00,PGE.V,,0.3400000035762787,0.3400000035762787,0.3400000035762787,0.3400000035762787,8500.0
2026-04-28 09:43:00,PGLD.V,,0.7300000190734863,0.7300000190734863,0.7300000190734863,0.7300000190734863,500.0
2026-04-28 09:43:00,PWM.V,,0.4300000071525574,0.4399999976158142,0.4300000071525574,0.4399999976158142,6000.0
2026-04-28 09:43:00,RSMX.V,,0.10999999940395355,0.10999999940395355,0.10999999940395355,0.10999999940395355,56006.0
2026-04-28 09:43:00,RVG.V,,0.800000011920929,0.800000011920929,0.800000011920929,0.800000011920929,5000.0
2026-04-28 09:43:00,SCZ.V,,10.920000076293945,10.920000076293945,10.920000076293945,10.920000076293945,100.0
2026-04-28 09:43:00,SLI.V,,5.239999771118164,5.25,5.21999979019165,5.21999979019165,2200.0
2026-04-28 09:43:00,SM.V,,1.690000057220459,1.690000057220459,1.6799999475479126,1.6799999475479126,5674.0
2026-04-28 09:43:00,SPA.V,,0.3149999976158142,0.3149999976158142,0.3149999976158142,0.3149999976158142,20000.0
2026-04-28 09:43:00,SYH.V,,0.49000000953674316,0.49000000953674316,0.49000000953674316,0.49000000953674316,14500.0
2026-04-28 09:44:00,NCI.V,,0.949999988079071,0.949999988079071,0.949999988079071,0.949999988079071,5700.0
2026-04-28 09:44:00,NCX.V,,3.174999952316284,3.174999952316284,3.174999952316284,3.174999952316284,500.0
2026-04-28 09:44:00,NICN.V,,0.14499999582767487,0.14499999582767487,0.14499999582767487,0.14499999582767487,2000.0
2026-04-28 09:44:00,NWX.V,,0.14000000059604645,0.14000000059604645,0.14000000059604645,0.14000000059604645,0.0
2026-04-28 09:44:00,ODV.V,,4.309999942779541,4.315000057220459,4.309999942779541,4.315000057220459,3600.0
2026-04-28 09:44:00,OMG.V,,2.3299999237060547,2.3299999237060547,2.3299999237060547,2.3299999237060547,300.0
2026-04-28 09:44:00,PRG.V,,0.800000011920929,0.800000011920929,0.800000011920929,0.800000011920929,86500.0
2026-04-28 09:44:00,QTWO.V,,2.680000066757202,2.680000066757202,2.6600000858306885,2.6700000762939453,2900.0
2026-04-28 09:44:00,RVG.V,,0.800000011920929,0.800000011920929,0.800000011920929,0.800000011920929,5000.0
2026-04-28 09:44:00,SCD.V,,0.1550000011920929,0.1550000011920929,0.1550000011920929,0.1550000011920929,3014.0
2026-04-28 09:44:00,SCZ.V,,10.899999618530273,10.899999618530273,10.899999618530273,10.899999618530273,200.0
2026-04-28 09:44:00,SGML.V,,28.75,28.75,28.75,28.75,1100.0
2026-04-28 09:44:00,SLG.V,,3.140000104904175,3.140000104904175,3.0999999046325684,3.0999999046325684,6000.0
2026-04-28 09:44:00,SLI.V,,5.230000019073486,5.230000019073486,5.230000019073486,5.230000019073486,600.0
2026-04-28 09:44:00,STUD.V,,0.36000001430511475,0.36000001430511475,0.36000001430511475,0.36000001430511475,0.0
2026-04-28 09:44:00,SVRS.V,,0.45249998569488525,0.45249998569488525,0.45249998569488525,0.45249998569488525,500.0
2026-04-28 09:45:00,MNRG.V,,0.10000000149011612,0.10000000149011612,0.10000000149011612,0.10000000149011612,2000.0
2026-04-28 09:45:00,NBLC.V,,0.04500000178813934,0.04500000178813934,0.04500000178813934,0.04500000178813934,1000.0
2026-04-28 09:45:00,NBM.V,,0.48500001430511475,0.48500001430511475,0.48500001430511475,0.48500001430511475,5084.0
2026-04-28 09:45:00,NCI.V,,0.949999988079071,0.949999988079071,0.949999988079071,0.949999988079071,1253.0
2026-04-28 09:45:00,NCX.V,,3.1600000858306885,3.1600000858306885,3.1600000858306885,3.1600000858306885,1100.0
2026-04-28 09:45:00,OMG.V,,2.319999933242798,2.319999933242798,2.319999933242798,2.319999933242798,1500.0
2026-04-28 09:45:00,PLSR.V,,1.7300000190734863,1.7300000190734863,1.7300000190734863,1.7300000190734863,500.0
2026-04-28 09:45:00,PNTR.V,,0.5199999809265137,0.5199999809265137,0.5199999809265137,0.5199999809265137,25000.0
2026-04-28 09:45:00,PRG.V,,0.75,0.7900000214576721,0.75,0.7900000214576721,184087.0
2026-04-28 09:45:00,QTWO.V,,2.690000057220459,2.690000057220459,2.690000057220459,2.690000057220459,400.0
2026-04-28 09:45:00,RDS.V,,1.0800000429153442,1.0800000429153442,1.0800000429153442,1.0800000429153442,6500.0
2026-04-28 09:45:00,SCD.V,,0.1550000011920929,0.1550000011920929,0.1550000011920929,0.1550000011920929,3000.0
2026-04-28 09:45:00,SCZ.V,,10.850000381469727,10.850000381469727,10.850000381469727,10.850000381469727,140.0
2026-04-28 09:45:00,SGML.V,,28.610000610351562,28.610000610351562,28.610000610351562,28.610000610351562,100.0
2026-04-28 09:45:00,SLI.V,,5.199999809265137,5.21999979019165,5.199999809265137,5.21999979019165,3500.0
2026-04-28 09:45:00,SM.V,,1.690000057220459,1.690000057220459,1.690000057220459,1.690000057220459,100.0
2026-04-28 09:45:00,SSV.V,,0.5,0.5,0.5,0.5,10000.0
2026-04-28 09:45:00,SYH.V,,0.49000000953674316,0.49000000953674316,0.49000000953674316,0.49000000953674316,10100.0
2026-04-28 09:46:00,MHUB.V,,0.699999988079071,0.7200000286102295,0.699999988079071,0.7099999785423279,3000.0
2026-04-28 09:46:00,NCAU.V,,0.5899999737739563,0.5899999737739563,0.5899999737739563,0.5899999737739563,3500.0
2026-04-28 09:46:00,NCI.V,,0.949999988079071,0.949999988079071,0.949999988079071,0.949999988079071,1800.0
2026-04-28 09:46:00,NCX.V,,3.1600000858306885,3.1600000858306885,3.1600000858306885,3.1600000858306885,300.0
2026-04-28 09:46:00,NICN.V,,0.14000000059604645,0.14000000059604645,0.14000000059604645,0.14000000059604645,7000.0
2026-04-28 09:46:00,ODV.V,,4.300000190734863,4.300000190734863,4.300000190734863,4.300000190734863,600.0
2026-04-28 09:46:00,OMG.V,,2.3299999237060547,2.3299999237060547,2.3299999237060547,2.3299999237060547,18900.0
2026-04-28 09:46:00,OMM.V,,0.07000000029802322,0.07000000029802322,0.07000000029802322,0.07000000029802322,1230.0
2026-04-28 09:46:00,PGLD.V,,0.7200000286102295,0.7200000286102295,0.7200000286102295,0.7200000286102295,500.0
2026-04-28 09:46:00,PRG.V,,0.7599999904632568,0.7599999904632568,0.75,0.7599999904632568,18500.0
2026-04-28 09:46:00,QGR.V,,0.2750000059604645,0.2750000059604645,0.2750000059604645,0.2750000059604645,1027.0
2026-04-28 09:46:00,QTWO.V,,2.684999942779541,2.684999942779541,2.684999942779541,2.684999942779541,200.0
2026-04-28 09:46:00,RDS.V,,1.0800000429153442,1.0800000429153442,1.0800000429153442,1.0800000429153442,3000.0
2026-04-28 09:46:00,RECO.V,,1.2200000286102295,1.2200000286102295,1.215000033378601,1.215000033378601,8700.0
2026-04-28 09:46:00,ROK.V,,0.26499998569488525,0.26499998569488525,0.26499998569488525,0.26499998569488525,96200.0
2026-04-28 09:46:00,SCD.V,,0.1550000011920929,0.1550000011920929,0.1550000011920929,0.1550000011920929,35483.0
2026-04-28 09:46:00,SKYG.V,,0.054999999701976776,0.054999999701976776,0.054999999701976776,0.054999999701976776,0.0
2026-04-28 09:47:00,NCI.V,,0.949999988079071,0.949999988079071,0.949999988079071,0.949999988079071,600.0
2026-04-28 09:47:00,NCX.V,,3.1600000858306885,3.1600000858306885,3.1600000858306885,3.1600000858306885,300.0
2026-04-28 09:47:00,OMG.V,,2.3399999141693115,2.3399999141693115,2.3399999141693115,2.3399999141693115,700.0
2026-04-28 09:47:00,PLSR.V,,1.7400000095367432,1.7400000095367432,1.7300000190734863,1.7300000190734863,300.0
2026-04-28 09:47:00,RECO.V,,1.225000023841858,1.225000023841858,1.2200000286102295,1.2200000286102295,6500.0
2026-04-28 09:47:00,RZL.V,,0.46000000834465027,0.47999998927116394,0.46000000834465027,0.47999998927116394,3000.0
2026-04-28 09:47:00,SCD.V,,0.1550000011920929,0.1550000011920929,0.1550000011920929,0.1550000011920929,3500.0
2026-04-28 09:47:00,SLG.V,,3.200000047683716,3.200000047683716,3.200000047683716,3.200000047683716,300.0
2026-04-28 09:47:00,SM.V,,1.6799999475479126,1.6799999475479126,1.6799999475479126,1.6799999475479126,1560.0
2026-04-28 09:47:00,SOU.V,,0.07999999821186066,0.07999999821186066,0.07999999821186066,0.07999999821186066,0.0
2026-04-28 09:48:00,NCI.V,,0.949999988079071,0.949999988079071,0.949999988079071,0.949999988079071,4800.0
2026-04-28 09:48:00,OMG.V,,2.3399999141693115,2.3499999046325684,2.3399999141693115,2.3499999046325684,12400.0
2026-04-28 09:48:00,ONYX.V,,1.149999976158142,1.149999976158142,1.149999976158142,1.149999976158142,5000.0
2026-04-28 09:48:00,RSMX.V,,0.10999999940395355,0.10999999940395355,0.10999999940395355,0.10999999940395355,9500.0
2026-04-28 09:48:00,SCD.V,,0.1550000011920929,0.1550000011920929,0.1525000035762787,0.1525000035762787,15355.0
2026-04-28 09:48:00,SEI.V,,0.5299999713897705,0.5299999713897705,0.5299999713897705,0.5299999713897705,74500.0
2026-04-28 09:48:00,SGML.V,,29.06999969482422,29.079999923706055,28.850000381469727,28.850000381469727,1302.0
2026-04-28 09:48:00,SKYG.V,,0.054999999701976776,0.054999999701976776,0.054999999701976776,0.054999999701976776,1000.0
2026-04-28 09:48:00,SLI.V,,5.199999809265137,5.199999809265137,5.199999809265137,5.199999809265137,100.0
2026-04-28 09:48:00,SMN.V,,0.13500000536441803,0.13500000536441803,0.12999999523162842,0.12999999523162842,480000.0
2026-04-28 09:48:00,SQG.V,,0.125,0.125,0.125,0.125,500.0
2026-04-28 09:48:00,SVE.V,,0.4749999940395355,0.4749999940395355,0.4749999940395355,0.4749999940395355,6000.0
2026-04-28 09:48:00,SVRS.V,,0.45500001311302185,0.45500001311302185,0.45500001311302185,0.45500001311302185,1000.0
2026-04-28 09:49:00,NCI.V,,0.949999988079071,0.949999988079071,0.949999988079071,0.949999988079071,5447.0
2026-04-28 09:49:00,NCX.V,,3.1600000858306885,3.1600000858306885,3.1500000953674316,3.1500000953674316,3500.0
2026-04-28 09:49:00,NFG.V,,2.7300000190734863,2.7300000190734863,2.7300000190734863,2.7300000190734863,700.0
2026-04-28 09:49:00,NICN.V,,0.14000000059604645,0.14000000059604645,0.14000000059604645,0.14000000059604645,8000.0
2026-04-28 09:49:00,NSE.V,,0.6800000071525574,0.6800000071525574,0.6800000071525574,0.6800000071525574,500.0
2026-04-28 09:49:00,OMG.V,,2.3299999237060547,2.3399999141693115,2.3299999237060547,2.3399999141693115,7600.0
2026-04-28 09:49:00,PCLO.V,,0.05000000074505806,0.05000000074505806,0.05000000074505806,0.05000000074505806,10000.0
2026-04-28 09:49:00,PLSR.V,,1.75,1.75,1.7400000095367432,1.7400000095367432,8900.0
2026-04-28 09:49:00,QTWO.V,,2.684999942779541,2.684999942779541,2.684999942779541,2.684999942779541,200.0
2026-04-28 09:49:00,RPX.V,,0.17000000178813934,0.17000000178813934,0.17000000178813934,0.17000000178813934,74000.0
2026-04-28 09:49:00,SCZ.V,,10.899999618530273,10.899999618530273,10.850000381469727,10.850000381469727,1900.0
2026-04-28 09:49:00,SLG.V,,3.190000057220459,3.190000057220459,3.1700000762939453,3.1700000762939453,5100.0
2026-04-28 09:49:00,SLI.V,,5.170000076293945,5.170000076293945,5.170000076293945,5.170000076293945,400.0
2026-04-28 09:49:00,SPA.V,,0.3100000023841858,0.3100000023841858,0.3100000023841858,0.3100000023841858,57300.0
2026-04-28 09:49:00,SQG.V,,0.125,0.125,0.125,0.125,500.0
2026-04-28 09:49:00,SVRS.V,,0.45500001311302185,0.45500001311302185,0.45500001311302185,0.45500001311302185,55000.0
2026-04-28 09:50:00,MHUB.V,,0.800000011920929,0.800000011920929,0.7200000286102295,0.7200000286102295,45600.0
2026-04-28 09:50:00,NCX.V,,3.1500000953674316,3.1500000953674316,3.1500000953674316,3.1500000953674316,100.0
2026-04-28 09:50:00,NVT.V,,0.06499999761581421,0.06499999761581421,0.06499999761581421,0.06499999761581421,0.0
2026-04-28 09:50:00,OMG.V,,2.319999933242798,2.319999933242798,2.319999933242798,2.319999933242798,3300.0
2026-04-28 09:50:00,ORS.V,,0.10000000149011612,0.10000000149011612,0.10000000149011612,0.10000000149011612,0.0
2026-04-28 09:50:00,PLSR.V,,1.75,1.75,1.75,1.75,400.0
2026-04-28 09:50:00,PML.V,,1.0099999904632568,1.0099999904632568,1.0099999904632568,1.0099999904632568,500.0
2026-04-28 09:50:00,PWM.V,,0.4399999976158142,0.4399999976158142,0.4399999976158142,0.4399999976158142,5000.0
2026-04-28 09:50:00,QTWO.V,,2.684999942779541,2.684999942779541,2.684999942779541,2.684999942779541,100.0
2026-04-28 09:50:00,RYO.V,,0.4000000059604645,0.4000000059604645,0.4000000059604645,0.4000000059604645,7599.0
2026-04-28 09:50:00,SCD.V,,0.1550000011920929,0.1550000011920929,0.1550000011920929,0.1550000011920929,1000.0
2026-04-28 09:50:00,SCZ.V,,10.84000015258789,10.859999656677246,10.84000015258789,10.859999656677246,863.0
2026-04-28 09:50:00,SEI.V,,0.5299999713897705,0.5299999713897705,0.5299999713897705,0.5299999713897705,12000.0
2026-04-28 09:50:00,SSV.V,,0.4950000047683716,0.4950000047683716,0.4950000047683716,0.4950000047683716,500.0
2026-04-28 09:50:00,SVE.V,,0.4749999940395355,0.4749999940395355,0.4749999940395355,0.4749999940395355,1000.0
2026-04-28 09:50:00,SVRS.V,,0.45500001311302185,0.45500001311302185,0.45500001311302185,0.45500001311302185,2000.0
2026-04-28 09:51:00,MHUB.V,,0.800000011920929,0.8199999928474426,0.800000011920929,0.800000011920929,41750.0
2026-04-28 09:51:00,NOB.V,,0.09000000357627869,0.09000000357627869,0.09000000357627869,0.09000000357627869,8050.0
2026-04-28 09:51:00,OMG.V,,2.319999933242798,2.319999933242798,2.319999933242798,2.319999933242798,100.0
2026-04-28 09:51:00,PLSR.V,,1.75,1.75,1.75,1.75,765.0
2026-04-28 09:51:00,RDU.V,,0.125,0.125,0.125,0.125,1000.0
2026-04-28 09:51:00,RVG.V,,0.7900000214576721,0.7900000214576721,0.7900000214576721,0.7900000214576721,3500.0
2026-04-28 09:51:00,SCOT.V,,2.319999933242798,2.319999933242798,2.299999952316284,2.299999952316284,20907.0
2026-04-28 09:51:00,SLG.V,,3.190000057220459,3.190000057220459,3.190000057220459,3.190000057220459,200.0
2026-04-28 09:51:00,SVRS.V,,0.45500001311302185,0.45500001311302185,0.45500001311302185,0.45500001311302185,500.0
2026-04-28 09:52:00,MHUB.V,,0.8199999928474426,0.8199999928474426,0.8199999928474426,0.8199999928474426,500.0
2026-04-28 09:52:00,OMG.V,,2.319999933242798,2.319999933242798,2.319999933242798,2.319999933242798,700.0
2026-04-28 09:52:00,PLSR.V,,1.7599999904632568,1.7599999904632568,1.75,1.75,17200.0
2026-04-28 09:52:00,PML.V,,1.0099999904632568,1.0099999904632568,1.0099999904632568,1.0099999904632568,26400.0
2026-04-28 09:52:00,PRG.V,,0.7699999809265137,0.7699999809265137,0.7699999809265137,0.7699999809265137,5600.0
2026-04-28 09:52:00,PTU.V,,0.4699999988079071,0.4699999988079071,0.4699999988079071,0.4699999988079071,7000.0
2026-04-28 09:52:00,QTWO.V,,2.690000057220459,2.690000057220459,2.690000057220459,2.690000057220459,900.0
2026-04-28 09:52:00,REC.V,,0.05999999865889549,0.05999999865889549,0.05999999865889549,0.05999999865889549,136000.0
2026-04-28 09:52:00,RECO.V,,1.2200000286102295,1.2200000286102295,1.2200000286102295,1.2200000286102295,2700.0
2026-04-28 09:52:00,SCZ.V,,10.859999656677246,10.859999656677246,10.829999923706055,10.829999923706055,200.0
2026-04-28 09:52:00,SLI.V,,5.179999828338623,5.179999828338623,5.179999828338623,5.179999828338623,100.0
2026-04-28 09:52:00,SVRS.V,,0.45500001311302185,0.45500001311302185,0.45500001311302185,0.45500001311302185,500.0
2026-04-28 09:52:00,VIPR.V,,0.9300000071525574,0.9300000071525574,0.9300000071525574,0.9300000071525574,4500.0
2026-04-28 09:53:00,MHUB.V,,0.7599999904632568,0.8199999928474426,0.7599999904632568,0.8199999928474426,7000.0
2026-04-28 09:53:00,NCX.V,,3.140000104904175,3.140000104904175,3.140000104904175,3.140000104904175,400.0
2026-04-28 09:53:00,NFG.V,,2.7200000286102295,2.7200000286102295,2.7200000286102295,2.7200000286102295,205.0
2026-04-28 09:53:00,NOB.V,,0.09000000357627869,0.09000000357627869,0.09000000357627869,0.09000000357627869,10000.0
2026-04-28 09:53:00,ODV.V,,4.269999980926514,4.269999980926514,4.269999980926514,4.269999980926514,100.0
2026-04-28 09:53:00,OMG.V,,2.319999933242798,2.319999933242798,2.319999933242798,2.319999933242798,3900.0
2026-04-28 09:53:00,QTWO.V,,2.7049999237060547,2.7049999237060547,2.700000047683716,2.700000047683716,27900.0
2026-04-28 09:53:00,RDS.V,,1.0800000429153442,1.0800000429153442,1.0800000429153442,1.0800000429153442,1500.0
2026-04-28 09:53:00,ROCK.V,,2.9100000858306885,2.950000047683716,2.9100000858306885,2.950000047683716,15700.0
2026-04-28 09:53:00,SCZ.V,,10.800000190734863,10.819999694824219,10.789999961853027,10.819999694824219,2232.0
2026-04-28 09:53:00,SEND.V,,1.4700000286102295,1.4700000286102295,1.4700000286102295,1.4700000286102295,1300.0
2026-04-28 09:53:00,SGML.V,,28.020000457763672,28.170000076293945,28.020000457763672,28.170000076293945,500.0
2026-04-28 09:53:00,SLI.V,,5.159999847412109,5.159999847412109,5.159999847412109,5.159999847412109,100.0
2026-04-28 09:54:00,MHUB.V,,0.75,0.7599999904632568,0.75,0.7599999904632568,2000.0
2026-04-28 09:54:00,MONT.V,,0.009999999776482582,0.009999999776482582,0.009999999776482582,0.009999999776482582,1000.0
2026-04-28 09:54:00,PTU.V,,0.4650000035762787,0.4650000035762787,0.4650000035762787,0.4650000035762787,1000.0
2026-04-28 09:54:00,QTWO.V,,2.7100000381469727,2.7100000381469727,2.7049999237060547,2.7049999237060547,400.0
2026-04-28 09:54:00,RDS.V,,1.0700000524520874,1.0700000524520874,1.0700000524520874,1.0700000524520874,15175.0
2026-04-28 09:54:00,ROCK.V,,2.9100000858306885,2.9100000858306885,2.9100000858306885,2.9100000858306885,1000.0
2026-04-28 09:54:00,ROK.V,,0.26499998569488525,0.26499998569488525,0.26499998569488525,0.26499998569488525,500.0
2026-04-28 09:54:00,SCOT.V,,2.319999933242798,2.319999933242798,2.309999942779541,2.309999942779541,3600.0
2026-04-28 09:54:00,SGML.V,,28.079999923706055,28.079999923706055,27.940000534057617,28.0,1500.0
2026-04-28 09:54:00,SLI.V,,5.170000076293945,5.170000076293945,5.170000076293945,5.170000076293945,100.0
2026-04-28 09:54:00,SRL.V,,0.23000000417232513,0.23000000417232513,0.23000000417232513,0.23000000417232513,0.0
2026-04-28 09:54:00,SSV.V,,0.4950000047683716,0.4950000047683716,0.4950000047683716,0.4950000047683716,2000.0
2026-04-28 09:54:00,SVE.V,,0.4749999940395355,0.4749999940395355,0.4749999940395355,0.4749999940395355,6500.0
2026-04-28 09:55:00,MNRG.V,,0.10000000149011612,0.10000000149011612,0.10000000149011612,0.10000000149011612,33100.0
2026-04-28 09:55:00,NFG.V,,2.7200000286102295,2.7200000286102295,2.7200000286102295,2.7200000286102295,185.0
2026-04-28 09:55:00,OMG.V,,2.3299999237060547,2.3299999237060547,2.3299999237060547,2.3299999237060547,3400.0
2026-04-28 09:55:00,ORS.V,,0.10499999672174454,0.10499999672174454,0.10499999672174454,0.10499999672174454,10000.0
2026-04-28 09:55:00,PLSR.V,,1.7599999904632568,1.7599999904632568,1.7599999904632568,1.7599999904632568,500.0
2026-04-28 09:55:00,ROK.V,,0.27000001072883606,0.27000001072883606,0.27000001072883606,0.27000001072883606,396000.0
2026-04-28 09:55:00,SLI.V,,5.159999847412109,5.159999847412109,5.159999847412109,5.159999847412109,1000.0
2026-04-28 09:55:00,SYH.V,,0.48500001430511475,0.48500001430511475,0.48500001430511475,0.48500001430511475,1000.0
2026-04-28 09:56:00,MUN.V,,0.4300000071525574,0.4300000071525574,0.4300000071525574,0.4300000071525574,0.0
2026-04-28 09:56:00,NCX.V,,3.1500000953674316,3.1500000953674316,3.1500000953674316,3.1500000953674316,100.0
2026-04-28 09:56:00,NFG.V,,2.740000009536743,2.740000009536743,2.7200000286102295,2.7200000286102295,1800.0
2026-04-28 09:56:00,OMG.V,,2.3399999141693115,2.3399999141693115,2.3399999141693115,2.3399999141693115,200.0
2026-04-28 09:56:00,PLSR.V,,1.7599999904632568,1.7599999904632568,1.7599999904632568,1.7599999904632568,1583.0
2026-04-28 09:56:00,RVG.V,,0.7799999713897705,0.7900000214576721,0.7799999713897705,0.7900000214576721,5000.0
2026-04-28 09:56:00,SCD.V,,0.1550000011920929,0.1550000011920929,0.1550000011920929,0.1550000011920929,6500.0
2026-04-28 09:56:00,SCZ.V,,10.850000381469727,10.850000381469727,10.850000381469727,10.850000381469727,1000.0
2026-04-28 09:56:00,SEND.V,,1.4500000476837158,1.4600000381469727,1.4500000476837158,1.4600000381469727,2500.0
2026-04-28 09:56:00,SGML.V,,28.049999237060547,28.049999237060547,28.049999237060547,28.049999237060547,200.0
2026-04-28 09:56:00,SLG.V,,3.190000057220459,3.194999933242798,3.180000066757202,3.180000066757202,6100.0
2026-04-28 09:56:00,SPA.V,,0.3100000023841858,0.3100000023841858,0.3100000023841858,0.3100000023841858,11050.0
2026-04-28 09:57:00,MGG.V,,0.3400000035762787,0.3400000035762787,0.3400000035762787,0.3400000035762787,20000.0
2026-04-28 09:57:00,NFG.V,,2.75,2.75,2.740000009536743,2.740000009536743,9400.0
2026-04-28 09:57:00,OMG.V,,2.3399999141693115,2.3399999141693115,2.3399999141693115,2.3399999141693115,2600.0
2026-04-28 09:57:00,PRG.V,,0.7799999713897705,0.7799999713897705,0.7799999713897705,0.7799999713897705,3000.0
2026-04-28 09:57:00,QTWO.V,,2.740000009536743,2.740000009536743,2.7149999141693115,2.7149999141693115,3200.0
2026-04-28 09:57:00,RDS.V,,1.0700000524520874,1.0700000524520874,1.0700000524520874,1.0700000524520874,3100.0
2026-04-28 09:57:00,RSS.V,,0.550000011920929,0.550000011920929,0.5099999904632568,0.5099999904632568,0.0
2026-04-28 09:57:00,RVG.V,,0.7799999713897705,0.7799999713897705,0.7799999713897705,0.7799999713897705,500.0
2026-04-28 09:57:00,RYO.V,,0.39500001072883606,0.39500001072883606,0.39500001072883606,0.39500001072883606,2200.0
2026-04-28 09:57:00,SCZ.V,,10.84000015258789,10.84000015258789,10.84000015258789,10.84000015258789,300.0
2026-04-28 09:57:00,SGML.V,,28.09000015258789,28.09000015258789,28.09000015258789,28.09000015258789,100.0
2026-04-28 09:57:00,SVRS.V,,0.45500001311302185,0.45500001311302185,0.45249998569488525,0.45249998569488525,5500.0
2026-04-28 09:58:00,MONT.V,,0.009999999776482582,0.009999999776482582,0.009999999776482582,0.009999999776482582,5633.0
2026-04-28 09:58:00,NFG.V,,2.75,2.75,2.75,2.75,1100.0
2026-04-28 09:58:00,NSE.V,,0.6800000071525574,0.6800000071525574,0.6800000071525574,0.6800000071525574,16000.0
2026-04-28 09:58:00,ODV.V,,4.260000228881836,4.260000228881836,4.260000228881836,4.260000228881836,1200.0
2026-04-28 09:58:00,OMG.V,,2.3499999046325684,2.3499999046325684,2.3399999141693115,2.3399999141693115,6400.0
2026-04-28 09:58:00,PRG.V,,0.7799999713897705,0.7799999713897705,0.7799999713897705,0.7799999713897705,3000.0
2026-04-28 09:58:00,QTWO.V,,2.759999990463257,2.759999990463257,2.740000009536743,2.75,1700.0
2026-04-28 09:58:00,RDS.V,,1.0700000524520874,1.0700000524520874,1.0700000524520874,1.0700000524520874,205.0
2026-04-28 09:58:00,RPX.V,,0.17000000178813934,0.17000000178813934,0.17000000178813934,0.17000000178813934,500.0
2026-04-28 09:58:00,RSS.V,,0.5199999809265137,0.5199999809265137,0.5199999809265137,0.5199999809265137,8000.0
2026-04-28 09:58:00,SBMI.V,,0.2150000035762787,0.2150000035762787,0.2150000035762787,0.2150000035762787,0.0
2026-04-28 09:58:00,SCD.V,,0.1550000011920929,0.1550000011920929,0.1550000011920929,0.1550000011920929,48000.0
2026-04-28 09:58:00,SGN.V,,0.3449999988079071,0.3449999988079071,0.3449999988079071,0.3449999988079071,1500.0
2026-04-28 09:58:00,SOMA.V,,1.3200000524520874,1.3200000524520874,1.3200000524520874,1.3200000524520874,8700.0
2026-04-28 09:58:00,SRR.V,,0.9900000095367432,0.9900000095367432,0.9900000095367432,0.9900000095367432,3000.0
2026-04-28 09:58:00,SVRS.V,,0.44999998807907104,0.44999998807907104,0.44999998807907104,0.44999998807907104,500.0
2026-04-28 09:58:00,SXL.V,,0.07000000029802322,0.07000000029802322,0.07000000029802322,0.07000000029802322,15000.0
2026-04-28 09:59:00,MKA.V,,0.8500000238418579,0.8500000238418579,0.8500000238418579,0.8500000238418579,1019.0
2026-04-28 09:59:00,NMI.V,,0.26499998569488525,0.26499998569488525,0.26499998569488525,0.26499998569488525,500.0
2026-04-28 09:59:00,OCO.V,,0.39500001072883606,0.39500001072883606,0.39500001072883606,0.39500001072883606,500.0
2026-04-28 09:59:00,ONYX.V,,1.149999976158142,1.149999976158142,1.149999976158142,1.149999976158142,2200.0
2026-04-28 09:59:00,PLSR.V,,1.7599999904632568,1.7599999904632568,1.7599999904632568,1.7599999904632568,100.0
2026-04-28 09:59:00,QTWO.V,,2.759999990463257,2.759999990463257,2.759999990463257,2.759999990463257,1400.0
2026-04-28 09:59:00,RDS.V,,1.0700000524520874,1.0700000524520874,1.0700000524520874,1.0700000524520874,300.0
2026-04-28 09:59:00,ROCK.V,,2.9100000858306885,2.9100000858306885,2.9100000858306885,2.9100000858306885,2600.0
2026-04-28 09:59:00,SCD.V,,0.1550000011920929,0.1550000011920929,0.1550000011920929,0.1550000011920929,900.0
2026-04-28 09:59:00,SCOT.V,,2.369999885559082,2.369999885559082,2.369999885559082,2.369999885559082,158.0
2026-04-28 09:59:00,SCZ.V,,10.880000114440918,10.880000114440918,10.850000381469727,10.850000381469727,300.0
2026-04-28 09:59:00,SVRS.V,,0.44999998807907104,0.44999998807907104,0.44999998807907104,0.44999998807907104,970.0
2026-04-28 10:00:00,MHUB.V,,0.75,0.75,0.75,0.75,8000.0
2026-04-28 10:00:00,MKA.V,,0.8500000238418579,0.8500000238418579,0.8500000238418579,0.8500000238418579,2000.0
2026-04-28 10:00:00,MMY.V,,0.8199999928474426,0.8199999928474426,0.8199999928474426,0.8199999928474426,1000.0
2026-04-28 10:00:00,NFG.V,,2.740000009536743,2.740000009536743,2.740000009536743,2.740000009536743,1900.0
2026-04-28 10:00:00,QTWO.V,,2.759999990463257,2.759999990463257,2.759999990463257,2.759999990463257,100.0
2026-04-28 10:00:00,SCD.V,,0.1550000011920929,0.1550000011920929,0.1550000011920929,0.1550000011920929,4500.0
2026-04-28 10:00:00,SCZ.V,,10.869999885559082,10.869999885559082,10.850000381469727,10.850000381469727,550.0
2026-04-28 10:00:00,SLI.V,,5.159999847412109,5.159999847412109,5.159999847412109,5.159999847412109,2000.0
2026-04-28 10:00:00,SM.V,,1.6699999570846558,1.6799999475479126,1.6699999570846558,1.6799999475479126,16600.0
2026-04-28 10:00:00,SMN.V,,0.13500000536441803,0.13500000536441803,0.13500000536441803,0.13500000536441803,149000.0
2026-04-28 10:00:00,SOMA.V,,1.3200000524520874,1.3200000524520874,1.3200000524520874,1.3200000524520874,1500.0
2026-04-28 10:00:00,SVRS.V,,0.44999998807907104,0.45500001311302185,0.44999998807907104,0.45500001311302185,26500.0
2026-04-28 10:01:00,MGG.V,,0.3400000035762787,0.3400000035762787,0.3400000035762787,0.3400000035762787,27027.0
2026-04-28 10:01:00,NBLC.V,,0.04500000178813934,0.04500000178813934,0.04500000178813934,0.04500000178813934,1000.0
2026-04-28 10:01:00,NCX.V,,3.1600000858306885,3.1600000858306885,3.1600000858306885,3.1600000858306885,200.0
2026-04-28 10:01:00,NFG.V,,2.7300000190734863,2.7300000190734863,2.7300000190734863,2.7300000190734863,4300.0
2026-04-28 10:01:00,ODV.V,,4.230000019073486,4.230000019073486,4.230000019073486,4.230000019073486,100.0
2026-04-28 10:01:00,PLSR.V,,1.7599999904632568,1.7599999904632568,1.7599999904632568,1.7599999904632568,100.0
2026-04-28 10:01:00,PML.V,,1.0299999713897705,1.0299999713897705,1.0199999809265137,1.0199999809265137,15800.0
2026-04-28 10:01:00,QTWO.V,,2.75,2.75,2.75,2.75,200.0
2026-04-28 10:01:00,RAGE.V,,0.4000000059604645,0.4000000059604645,0.4000000059604645,0.4000000059604645,0.0
2026-04-28 10:01:00,RVG.V,,0.7799999713897705,0.7799999713897705,0.7799999713897705,0.7799999713897705,20500.0
2026-04-28 10:01:00,SAG.V,,1.3200000524520874,1.3200000524520874,1.3200000524520874,1.3200000524520874,2000.0
2026-04-28 10:01:00,SCZ.V,,10.880000114440918,10.880000114440918,10.859999656677246,10.880000114440918,625.0
2026-04-28 10:01:00,SGML.V,,28.15999984741211,28.15999984741211,28.15999984741211,28.15999984741211,100.0
2026-04-28 10:01:00,SRR.V,,0.9900000095367432,0.9900000095367432,0.9900000095367432,0.9900000095367432,1000.0
2026-04-28 10:01:00,SVRS.V,,0.44999998807907104,0.44999998807907104,0.44999998807907104,0.44999998807907104,1000.0
2026-04-28 10:02:00,MGG.V,,0.3400000035762787,0.3400000035762787,0.3400000035762787,0.3400000035762787,2500.0
2026-04-28 10:02:00,NFG.V,,2.7200000286102295,2.7200000286102295,2.7200000286102295,2.7200000286102295,100.0
2026-04-28 10:02:00,OMG.V,,2.3299999237060547,2.3299999237060547,2.3299999237060547,2.3299999237060547,500.0
2026-04-28 10:02:00,ONYX.V,,1.149999976158142,1.149999976158142,1.149999976158142,1.149999976158142,100.0
2026-04-28 10:02:00,PLSR.V,,1.7599999904632568,1.7699999809265137,1.7599999904632568,1.7699999809265137,3114.0
2026-04-28 10:02:00,PRG.V,,0.7799999713897705,0.7799999713897705,0.7799999713897705,0.7799999713897705,2000.0
2026-04-28 10:02:00,RECO.V,,1.2200000286102295,1.2200000286102295,1.2200000286102295,1.2200000286102295,1700.0
2026-04-28 10:02:00,RVG.V,,0.7799999713897705,0.7799999713897705,0.7799999713897705,0.7799999713897705,6468.0
2026-04-28 10:02:00,SAG.V,,1.3200000524520874,1.3200000524520874,1.3200000524520874,1.3200000524520874,1600.0
2026-04-28 10:02:00,SCD.V,,0.1550000011920929,0.1550000011920929,0.1550000011920929,0.1550000011920929,4000.0
2026-04-28 10:02:00,SCZ.V,,10.869999885559082,10.869999885559082,10.859999656677246,10.859999656677246,438.0
2026-04-28 10:02:00,SLI.V,,5.150000095367432,5.150000095367432,5.150000095367432,5.150000095367432,225.0
2026-04-28 10:02:00,SNM.V,,0.20000000298023224,0.20499999821186066,0.20000000298023224,0.20499999821186066,71500.0
2026-04-28 10:02:00,SVRS.V,,0.44999998807907104,0.44999998807907104,0.44999998807907104,0.44999998807907104,73500.0
2026-04-28 10:02:00,SXL.V,,0.07000000029802322,0.07000000029802322,0.07000000029802322,0.07000000029802322,4000.0
2026-04-28 10:03:00,NFG.V,,2.7300000190734863,2.7300000190734863,2.7300000190734863,2.7300000190734863,1300.0
2026-04-28 10:03:00,SCD.V,,0.1550000011920929,0.1550000011920929,0.1550000011920929,0.1550000011920929,10000.0
2026-04-28 10:03:00,SCZ.V,,10.8100004196167,10.8100004196167,10.8100004196167,10.8100004196167,100.0
2026-04-28 10:03:00,SEI.V,,0.5199999809265137,0.5199999809265137,0.5199999809265137,0.5199999809265137,227500.0
2026-04-28 10:03:00,SLG.V,,3.140000104904175,3.1500000953674316,3.140000104904175,3.1500000953674316,1500.0
2026-04-28 10:03:00,SM.V,,1.659999966621399,1.659999966621399,1.659999966621399,1.659999966621399,200.0
2026-04-28 10:03:00,SMN.V,,0.13500000536441803,0.13500000536441803,0.13500000536441803,0.13500000536441803,200000.0
2026-04-28 10:03:00,SVRS.V,,0.44749999046325684,0.44999998807907104,0.44749999046325684,0.44749999046325684,1500.0
2026-04-28 10:04:00,MKA.V,,0.8600000143051147,0.8600000143051147,0.8600000143051147,0.8600000143051147,500.0
2026-04-28 10:04:00,ODV.V,,4.230000019073486,4.230000019073486,4.230000019073486,4.230000019073486,100.0
2026-04-28 10:04:00,OMG.V,,2.3299999237060547,2.3299999237060547,2.319999933242798,2.319999933242798,1500.0
2026-04-28 10:04:00,QTWO.V,,2.7699999809265137,2.7699999809265137,2.75,2.75,1900.0
2026-04-28 10:04:00,SCD.V,,0.1550000011920929,0.1550000011920929,0.1550000011920929,0.1550000011920929,500.0
2026-04-28 10:04:00,SCOT.V,,2.3499999046325684,2.3499999046325684,2.3399999141693115,2.3399999141693115,400.0
2026-04-28 10:04:00,SCZ.V,,10.779999732971191,10.800000190734863,10.779999732971191,10.800000190734863,290.0
2026-04-28 10:04:00,SGML.V,,28.0,28.0,28.0,28.0,1500.0
2026-04-28 10:04:00,SLI.V,,5.110000133514404,5.119999885559082,5.110000133514404,5.119999885559082,2600.0
2026-04-28 10:04:00,SM.V,,1.659999966621399,1.659999966621399,1.659999966621399,1.659999966621399,4243.0
2026-04-28 10:04:00,SSV.V,,0.49000000953674316,0.49000000953674316,0.49000000953674316,0.49000000953674316,13000.0
2026-04-28 10:04:00,SVRS.V,,0.44999998807907104,0.44999998807907104,0.44999998807907104,0.44999998807907104,15000.0
2026-04-28 10:05:00,CTZ.V,,1.25,1.25,1.25,1.25,300.0
2026-04-28 10:05:00,FEO.V,,0.8500000238418579,0.8500000238418579,0.8500000238418579,0.8500000238418579,4000.0
2026-04-28 10:05:00,NWST.V,,0.3449999988079071,0.3449999988079071,0.3449999988079071,0.3449999988079071,0.0
2026-04-28 10:05:00,ONYX.V,,1.1399999856948853,1.149999976158142,1.1399999856948853,1.149999976158142,1800.0
2026-04-28 10:05:00,PHNM.V,,0.42500001192092896,0.42500001192092896,0.42500001192092896,0.42500001192092896,18500.0
2026-04-28 10:05:00,PRG.V,,0.7799999713897705,0.7799999713897705,0.7799999713897705,0.7799999713897705,34000.0
2026-04-28 10:05:00,PVIS.V,,0.23000000417232513,0.23000000417232513,0.23000000417232513,0.23000000417232513,16000.0
2026-04-28 10:05:00,QTWO.V,,2.7699999809265137,2.7699999809265137,2.7699999809265137,2.7699999809265137,300.0
2026-04-28 10:05:00,SCZ.V,,10.75,10.770000457763672,10.75,10.770000457763672,2200.0
2026-04-28 10:05:00,SQG.V,,0.10999999940395355,0.10999999940395355,0.10999999940395355,0.10999999940395355,500.0
2026-04-28 10:06:00,OEC-H.V,,0.15000000596046448,0.15000000596046448,0.15000000596046448,0.15000000596046448,1500.0
2026-04-28 10:06:00,ONYX.V,,1.159999966621399,1.159999966621399,1.149999976158142,1.149999976158142,11000.0
2026-04-28 10:06:00,QTWO.V,,2.7899999618530273,2.7899999618530273,2.7799999713897705,2.7799999713897705,1400.0
2026-04-28 10:06:00,SCD.V,,0.1550000011920929,0.1550000011920929,0.1550000011920929,0.1550000011920929,768.0
2026-04-28 10:06:00,SCZ.V,,10.760000228881836,10.779999732971191,10.760000228881836,10.770000457763672,900.0
2026-04-28 10:06:00,SGML.V,,28.15999984741211,28.15999984741211,28.15999984741211,28.15999984741211,400.0
2026-04-28 10:06:00,SVRS.V,,0.44999998807907104,0.45249998569488525,0.44999998807907104,0.45249998569488525,1000.0
2026-04-28 10:07:00,HASH.V,,0.03999999910593033,0.03999999910593033,0.03999999910593033,0.03999999910593033,4000.0
2026-04-28 10:07:00,NCX.V,,3.1600000858306885,3.1600000858306885,3.1600000858306885,3.1600000858306885,100.0
2026-04-28 10:07:00,PLAN.V,,0.36000001430511475,0.36000001430511475,0.36000001430511475,0.36000001430511475,500.0
2026-04-28 10:07:00,PLSR.V,,1.7699999809265137,1.7699999809265137,1.7599999904632568,1.7599999904632568,3300.0
2026-04-28 10:07:00,PUMA.V,,0.12999999523162842,0.12999999523162842,0.12999999523162842,0.12999999523162842,3500.0
2026-04-28 10:07:00,QTWO.V,,2.809999942779541,2.809999942779541,2.7899999618530273,2.7899999618530273,6400.0
2026-04-28 10:07:00,QURI.V,,0.05000000074505806,0.05000000074505806,0.05000000074505806,0.05000000074505806,0.0
2026-04-28 10:07:00,SCZ.V,,10.829999923706055,10.829999923706055,10.800000190734863,10.800000190734863,400.0
2026-04-28 10:07:00,SM.V,,1.649999976158142,1.649999976158142,1.649999976158142,1.649999976158142,6600.0
2026-04-28 10:08:00,MHUB.V,,0.75,0.75,0.75,0.75,1500.0
2026-04-28 10:08:00,MNRG.V,,0.0949999988079071,0.0949999988079071,0.0949999988079071,0.0949999988079071,126000.0
2026-04-28 10:08:00,NICN.V,,0.14000000059604645,0.14000000059604645,0.14000000059604645,0.14000000059604645,1000.0
2026-04-28 10:08:00,NWST.V,,0.3449999988079071,0.3449999988079071,0.3449999988079071,0.3449999988079071,11842.0
2026-04-28 10:08:00,RYO.V,,0.38999998569488525,0.38999998569488525,0.38999998569488525,0.38999998569488525,2000.0
2026-04-28 10:08:00,SCD.V,,0.1550000011920929,0.1550000011920929,0.1550000011920929,0.1550000011920929,3500.0
2026-04-28 10:08:00,SCZ.V,,10.819999694824219,10.829999923706055,10.819999694824219,10.829999923706055,300.0
2026-04-28 10:08:00,SEI.V,,0.5199999809265137,0.5199999809265137,0.5199999809265137,0.5199999809265137,55000.0
2026-04-28 10:08:00,SM.V,,1.649999976158142,1.6549999713897705,1.649999976158142,1.6549999713897705,2000.0
2026-04-28 10:08:00,SSV.V,,0.49000000953674316,0.49000000953674316,0.49000000953674316,0.49000000953674316,2000.0
2026-04-28 10:08:00,SVRS.V,,0.45500001311302185,0.45500001311302185,0.45500001311302185,0.45500001311302185,26500.0
2026-04-28 10:09:00,MHUB.V,,0.75,0.75,0.75,0.75,3500.0
2026-04-28 10:09:00,MKA.V,,0.8500000238418579,0.8500000238418579,0.8500000238418579,0.8500000238418579,2000.0
2026-04-28 10:09:00,OMG.V,,2.3299999237060547,2.3299999237060547,2.3299999237060547,2.3299999237060547,200.0
2026-04-28 10:09:00,QTWO.V,,2.799999952316284,2.799999952316284,2.799999952316284,2.799999952316284,700.0
2026-04-28 10:09:00,RDS.V,,1.0700000524520874,1.0700000524520874,1.0700000524520874,1.0700000524520874,1700.0
2026-04-28 10:09:00,RDU.V,,0.125,0.125,0.125,0.125,8500.0
2026-04-28 10:09:00,SCZ.V,,10.920000076293945,10.920000076293945,10.859999656677246,10.859999656677246,2800.0
2026-04-28 10:09:00,SGML.V,,28.15999984741211,28.15999984741211,28.15999984741211,28.15999984741211,100.0
2026-04-28 10:09:00,SLI.V,,5.119999885559082,5.119999885559082,5.119999885559082,5.119999885559082,100.0
2026-04-28 10:09:00,SM.V,,1.649999976158142,1.649999976158142,1.6399999856948853,1.649999976158142,6750.0
2026-04-28 10:10:00,NOB.V,,0.09000000357627869,0.09000000357627869,0.09000000357627869,0.09000000357627869,2000.0
2026-04-28 10:10:00,NSU.V,,0.20499999821186066,0.20499999821186066,0.20499999821186066,0.20499999821186066,9590.0
2026-04-28 10:10:00,QTWO.V,,2.7899999618530273,2.799999952316284,2.7899999618530273,2.799999952316284,600.0
2026-04-28 10:10:00,RDS.V,,1.0700000524520874,1.0700000524520874,1.0700000524520874,1.0700000524520874,240.0
2026-04-28 10:10:00,RECO.V,,1.2100000381469727,1.2100000381469727,1.2100000381469727,1.2100000381469727,9000.0
2026-04-28 10:10:00,ROI.V,,0.0949999988079071,0.0949999988079071,0.0949999988079071,0.0949999988079071,5000.0
2026-04-28 10:10:00,RSM.V,,0.33000001311302185,0.33000001311302185,0.33000001311302185,0.33000001311302185,5500.0
2026-04-28 10:10:00,RSMX.V,,0.10499999672174454,0.10499999672174454,0.10499999672174454,0.10499999672174454,29500.0
2026-04-28 10:10:00,SCZ.V,,10.9399995803833,10.9399995803833,10.90999984741211,10.90999984741211,600.0
2026-04-28 10:10:00,SGML.V,,28.290000915527344,28.290000915527344,28.290000915527344,28.290000915527344,100.0
2026-04-28 10:10:00,SLG.V,,3.1500000953674316,3.1500000953674316,3.1500000953674316,3.1500000953674316,5000.0
2026-04-28 10:10:00,SM.V,,1.659999966621399,1.659999966621399,1.659999966621399,1.659999966621399,1600.0
2026-04-28 10:10:00,SQG.V,,0.10999999940395355,0.10999999940395355,0.10999999940395355,0.10999999940395355,1000.0
2026-04-28 10:10:00,SVRS.V,,0.44999998807907104,0.44999998807907104,0.44999998807907104,0.44999998807907104,500.0
2026-04-28 10:11:00,MNRG.V,,0.0949999988079071,0.0949999988079071,0.0949999988079071,0.0949999988079071,2000.0
2026-04-28 10:11:00,NIM.V,,0.7799999713897705,0.7799999713897705,0.7799999713897705,0.7799999713897705,500.0
2026-04-28 10:11:00,PLSR.V,,1.7699999809265137,1.7699999809265137,1.7699999809265137,1.7699999809265137,4400.0
2026-04-28 10:11:00,QTWO.V,,2.7899999618530273,2.7899999618530273,2.7899999618530273,2.7899999618530273,100.0
2026-04-28 10:11:00,RSMX.V,,0.10499999672174454,0.10499999672174454,0.10499999672174454,0.10499999672174454,57500.0
2026-04-28 10:11:00,RVG.V,,0.7799999713897705,0.7799999713897705,0.7799999713897705,0.7799999713897705,6000.0
2026-04-28 10:11:00,SCZ.V,,10.899999618530273,10.899999618530273,10.850000381469727,10.880000114440918,1700.0
2026-04-28 10:11:00,SLI.V,,5.110000133514404,5.110000133514404,5.110000133514404,5.110000133514404,100.0
2026-04-28 10:11:00,SQG.V,,0.10999999940395355,0.10999999940395355,0.10999999940395355,0.10999999940395355,500.0
2026-04-28 10:12:00,NCX.V,,3.180000066757202,3.180000066757202,3.1700000762939453,3.1700000762939453,1063.0
2026-04-28 10:12:00,NFG.V,,2.7300000190734863,2.7300000190734863,2.7300000190734863,2.7300000190734863,500.0
2026-04-28 10:12:00,ODV.V,,4.239999771118164,4.239999771118164,4.239999771118164,4.239999771118164,1100.0
2026-04-28 10:12:00,OMG.V,,2.3399999141693115,2.3399999141693115,2.3399999141693115,2.3399999141693115,100.0
2026-04-28 10:12:00,RECO.V,,1.2100000381469727,1.2100000381469727,1.2100000381469727,1.2100000381469727,2016.0
2026-04-28 10:12:00,SGML.V,,28.510000228881836,28.510000228881836,28.510000228881836,28.510000228881836,100.0
2026-04-28 10:12:00,SLI.V,,5.130000114440918,5.130000114440918,5.130000114440918,5.130000114440918,200.0
2026-04-28 10:12:00,SVRS.V,,0.44999998807907104,0.44999998807907104,0.44999998807907104,0.44999998807907104,20000.0
2026-04-28 10:13:00,NCX.V,,3.1700000762939453,3.1700000762939453,3.1700000762939453,3.1700000762939453,400.0
2026-04-28 10:13:00,NXLV.V,,2.0399999618530273,2.0399999618530273,2.0399999618530273,2.0399999618530273,0.0
2026-04-28 10:13:00,PER.V,,0.1850000023841858,0.1850000023841858,0.1850000023841858,0.1850000023841858,7500.0
2026-04-28 10:13:00,RDS.V,,1.0800000429153442,1.0800000429153442,1.0800000429153442,1.0800000429153442,1000.0
2026-04-28 10:13:00,RYO.V,,0.4000000059604645,0.4000000059604645,0.39500001072883606,0.39500001072883606,36000.0
2026-04-28 10:13:00,SCZ.V,,10.899999618530273,10.90999984741211,10.890000343322754,10.90999984741211,4000.0
2026-04-28 10:13:00,SQG.V,,0.10999999940395355,0.10999999940395355,0.10999999940395355,0.10999999940395355,500.0
2026-04-28 10:13:00,SVRS.V,,0.44999998807907104,0.44999998807907104,0.4399999976158142,0.44999998807907104,323000.0
2026-04-28 10:13:00,VIPR.V,,0.9100000262260437,0.9200000166893005,0.9100000262260437,0.9200000166893005,3000.0
2026-04-28 10:14:00,MNRG.V,,0.0949999988079071,0.0949999988079071,0.0949999988079071,0.0949999988079071,1000.0
2026-04-28 10:14:00,ODV.V,,4.239999771118164,4.239999771118164,4.239999771118164,4.239999771118164,200.0
2026-04-28 10:14:00,PER.V,,0.1850000023841858,0.1850000023841858,0.1850000023841858,0.1850000023841858,1500.0
2026-04-28 10:14:00,PLSR.V,,1.7799999713897705,1.7799999713897705,1.7799999713897705,1.7799999713897705,5000.0
2026-04-28 10:14:00,RVG.V,,0.7799999713897705,0.7799999713897705,0.7799999713897705,0.7799999713897705,5000.0
2026-04-28 10:14:00,SCD.V,,0.1550000011920929,0.1550000011920929,0.1550000011920929,0.1550000011920929,2500.0
2026-04-28 10:14:00,SCZ.V,,10.899999618530273,10.899999618530273,10.899999618530273,10.899999618530273,600.0
2026-04-28 10:14:00,SLG.V,,3.1500000953674316,3.1649999618530273,3.1500000953674316,3.1649999618530273,2300.0
2026-04-28 10:14:00,SLI.V,,5.159999847412109,5.159999847412109,5.150000095367432,5.150000095367432,5500.0
2026-04-28 10:14:00,SQG.V,,0.10999999940395355,0.10999999940395355,0.10999999940395355,0.10999999940395355,500.0
2026-04-28 10:14:00,SVRS.V,,0.44999998807907104,0.44999998807907104,0.44999998807907104,0.44999998807907104,23000.0
2026-04-28 10:15:00,NCX.V,,3.140000104904175,3.1600000858306885,3.140000104904175,3.1600000858306885,1520.0
2026-04-28 10:15:00,NFG.V,,2.7100000381469727,2.7200000286102295,2.7100000381469727,2.7200000286102295,6450.0
2026-04-28 10:15:00,NIM.V,,0.7699999809265137,0.7799999713897705,0.7699999809265137,0.7799999713897705,22816.0
2026-04-28 10:15:00,OCI.V,,0.125,0.125,0.125,0.125,0.0
2026-04-28 10:15:00,OCO.V,,0.38999998569488525,0.39500001072883606,0.38999998569488525,0.39500001072883606,21657.0
2026-04-28 10:15:00,OMG.V,,2.319999933242798,2.3299999237060547,2.319999933242798,2.3299999237060547,1700.0
2026-04-28 10:15:00,PLSR.V,,1.7799999713897705,1.7799999713897705,1.7799999713897705,1.7799999713897705,248.0
2026-04-28 10:15:00,QTWO.V,,2.7850000858306885,2.7850000858306885,2.7850000858306885,2.7850000858306885,800.0
2026-04-28 10:15:00,ROCK.V,,2.9200000762939453,2.9200000762939453,2.9200000762939453,2.9200000762939453,800.0
2026-04-28 10:15:00,SCD.V,,0.1550000011920929,0.1550000011920929,0.1550000011920929,0.1550000011920929,1000.0
2026-04-28 10:15:00,SCZ.V,,10.899999618530273,10.899999618530273,10.890000343322754,10.890000343322754,6100.0
2026-04-28 10:15:00,SLI.V,,5.150000095367432,5.150000095367432,5.150000095367432,5.150000095367432,800.0
2026-04-28 10:15:00,SSV.V,,0.49000000953674316,0.49000000953674316,0.49000000953674316,0.49000000953674316,21250.0
2026-04-28 10:15:00,SYH.V,,0.48500001430511475,0.48500001430511475,0.48500001430511475,0.48500001430511475,15500.0
2026-04-28 10:16:00,MGG.V,,0.3400000035762787,0.3400000035762787,0.3400000035762787,0.3400000035762787,2000.0
2026-04-28 10:16:00,NCX.V,,3.130000114440918,3.130000114440918,3.130000114440918,3.130000114440918,600.0
2026-04-28 10:16:00,OMG.V,,2.319999933242798,2.319999933242798,2.319999933242798,2.319999933242798,2100.0
2026-04-28 10:16:00,PEI.V,,0.03999999910593033,0.03999999910593033,0.03999999910593033,0.03999999910593033,6000.0
2026-04-28 10:16:00,QTWO.V,,2.7799999713897705,2.7799999713897705,2.7799999713897705,2.7799999713897705,100.0
2026-04-28 10:16:00,RCK.V,,0.9900000095367432,0.9900000095367432,0.9900000095367432,0.9900000095367432,1000.0
2026-04-28 10:16:00,SCD.V,,0.1550000011920929,0.1550000011920929,0.1550000011920929,0.1550000011920929,21500.0
2026-04-28 10:16:00,SCZ.V,,10.850000381469727,10.850000381469727,10.850000381469727,10.850000381469727,300.0
2026-04-28 10:16:00,SLI.V,,5.110000133514404,5.110000133514404,5.099999904632568,5.099999904632568,3100.0
2026-04-28 10:16:00,SM.V,,1.649999976158142,1.649999976158142,1.649999976158142,1.649999976158142,2300.0
2026-04-28 10:16:00,SMN.V,,0.12999999523162842,0.12999999523162842,0.12999999523162842,0.12999999523162842,100000.0
2026-04-28 10:16:00,SVRS.V,,0.44749999046325684,0.44749999046325684,0.44749999046325684,0.44749999046325684,500.0
2026-04-28 10:17:00,NCX.V,,3.130000114440918,3.130000114440918,3.130000114440918,3.130000114440918,500.0
2026-04-28 10:17:00,NFG.V,,2.7100000381469727,2.7100000381469727,2.7100000381469727,2.7100000381469727,1000.0
2026-04-28 10:17:00,NVT.V,,0.05999999865889549,0.05999999865889549,0.05999999865889549,0.05999999865889549,9000.0
2026-04-28 10:17:00,ORS.V,,0.10000000149011612,0.10000000149011612,0.10000000149011612,0.10000000149011612,40500.0
2026-04-28 10:17:00,PGLD.V,,0.7099999785423279,0.7200000286102295,0.7099999785423279,0.7200000286102295,35500.0
2026-04-28 10:17:00,PLSR.V,,1.7799999713897705,1.7799999713897705,1.7799999713897705,1.7799999713897705,200.0
2026-04-28 10:17:00,QTWO.V,,2.7899999618530273,2.7899999618530273,2.7799999713897705,2.7799999713897705,1200.0
2026-04-28 10:17:00,SCD.V,,0.1550000011920929,0.1550000011920929,0.1550000011920929,0.1550000011920929,22500.0
2026-04-28 10:17:00,SCZ.V,,10.869999885559082,10.869999885559082,10.859999656677246,10.859999656677246,200.0
2026-04-28 10:17:00,SGML.V,,28.030000686645508,28.030000686645508,28.030000686645508,28.030000686645508,200.0
2026-04-28 10:17:00,SLG.V,,3.1649999618530273,3.1649999618530273,3.1649999618530273,3.1649999618530273,200.0
2026-04-28 10:17:00,SSV.V,,0.4925000071525574,0.4925000071525574,0.4925000071525574,0.4925000071525574,3000.0
2026-04-28 10:18:00,MGG.V,,0.3400000035762787,0.3400000035762787,0.3400000035762787,0.3400000035762787,20250.0
2026-04-28 10:18:00,MRZ.V,,0.3400000035762787,0.3400000035762787,0.3400000035762787,0.3400000035762787,11000.0
2026-04-28 10:18:00,NCAU.V,,0.5899999737739563,0.5899999737739563,0.5899999737739563,0.5899999737739563,0.0
2026-04-28 10:18:00,NFG.V,,2.7200000286102295,2.7200000286102295,2.7200000286102295,2.7200000286102295,500.0
2026-04-28 10:18:00,OGN.V,,3.6700000762939453,3.6700000762939453,3.6700000762939453,3.6700000762939453,0.0
2026-04-28 10:18:00,PGZ.V,,0.16500000655651093,0.17000000178813934,0.16500000655651093,0.17000000178813934,0.0
2026-04-28 10:18:00,PML.V,,1.0399999618530273,1.0399999618530273,1.0399999618530273,1.0399999618530273,1300.0
2026-04-28 10:18:00,PX.V,,0.17000000178813934,0.17000000178813934,0.17000000178813934,0.17000000178813934,0.0
2026-04-28 10:18:00,QTWO.V,,2.7950000762939453,2.7950000762939453,2.7950000762939453,2.7950000762939453,100.0
2026-04-28 10:18:00,RVG.V,,0.7799999713897705,0.7799999713897705,0.7799999713897705,0.7799999713897705,500.0
2026-04-28 10:18:00,SCZ.V,,10.880000114440918,10.890000343322754,10.880000114440918,10.890000343322754,400.0
2026-04-28 10:18:00,SLI.V,,5.150000095367432,5.150000095367432,5.150000095367432,5.150000095367432,10100.0
2026-04-28 10:18:00,SME.V,,0.07000000029802322,0.07000000029802322,0.07000000029802322,0.07000000029802322,0.0
2026-04-28 10:18:00,SMN.V,,0.12999999523162842,0.12999999523162842,0.12999999523162842,0.12999999523162842,240000.0
2026-04-28 10:19:00,NCAU.V,,0.5899999737739563,0.5899999737739563,0.5899999737739563,0.5899999737739563,52640.0
2026-04-28 10:19:00,NCX.V,,3.130000114440918,3.130000114440918,3.130000114440918,3.130000114440918,400.0
2026-04-28 10:19:00,OPW.V,,0.14000000059604645,0.14000000059604645,0.14000000059604645,0.14000000059604645,1000.0
2026-04-28 10:19:00,SCD.V,,0.15000000596046448,0.15000000596046448,0.15000000596046448,0.15000000596046448,215149.0
2026-04-28 10:19:00,SCZ.V,,10.869999885559082,10.899999618530273,10.869999885559082,10.890000343322754,600.0
2026-04-28 10:19:00,SKYG.V,,0.054999999701976776,0.054999999701976776,0.054999999701976776,0.054999999701976776,1000.0
2026-04-28 10:20:00,NCI.V,,0.9599999785423279,0.9599999785423279,0.9599999785423279,0.9599999785423279,1200.0
2026-04-28 10:20:00,NCX.V,,3.130000114440918,3.130000114440918,3.130000114440918,3.130000114440918,300.0
2026-04-28 10:20:00,NFG.V,,2.700000047683716,2.7100000381469727,2.690000057220459,2.7100000381469727,13300.0
2026-04-28 10:20:00,PLSR.V,,1.7699999809265137,1.7699999809265137,1.7699999809265137,1.7699999809265137,2200.0
2026-04-28 10:20:00,RJX-A.V,,0.02500000037252903,0.02500000037252903,0.02500000037252903,0.02500000037252903,0.0
2026-04-28 10:20:00,SCD.V,,0.15000000596046448,0.15000000596046448,0.15000000596046448,0.15000000596046448,15000.0
2026-04-28 10:20:00,SGML.V,,28.010000228881836,28.010000228881836,28.010000228881836,28.010000228881836,100.0
2026-04-28 10:20:00,SNAG.V,,0.27000001072883606,0.2750000059604645,0.27000001072883606,0.2750000059604645,0.0
2026-04-28 10:21:00,ODV.V,,4.21999979019165,4.224999904632568,4.21999979019165,4.224999904632568,300.0
2026-04-28 10:21:00,PEAK.V,,0.3700000047683716,0.3700000047683716,0.3700000047683716,0.3700000047683716,12000.0
2026-04-28 10:21:00,RDS.V,,1.0750000476837158,1.0750000476837158,1.0750000476837158,1.0750000476837158,200.0
2026-04-28 10:21:00,SGML.V,,28.079999923706055,28.079999923706055,28.079999923706055,28.079999923706055,100.0
2026-04-28 10:22:00,NCX.V,,3.130000114440918,3.130000114440918,3.130000114440918,3.130000114440918,700.0
2026-04-28 10:22:00,OMG.V,,2.315000057220459,2.315000057220459,2.315000057220459,2.315000057220459,100.0
2026-04-28 10:22:00,ONYX.V,,1.159999966621399,1.159999966621399,1.159999966621399,1.159999966621399,200.0
2026-04-28 10:22:00,PML.V,,1.059999942779541,1.059999942779541,1.0499999523162842,1.0499999523162842,17700.0
2026-04-28 10:22:00,QTWO.V,,2.7799999713897705,2.7799999713897705,2.7799999713897705,2.7799999713897705,400.0
2026-04-28 10:22:00,RDG.V,,0.18000000715255737,0.18000000715255737,0.18000000715255737,0.18000000715255737,45000.0
2026-04-28 10:22:00,SAG.V,,1.309999942779541,1.309999942779541,1.309999942779541,1.309999942779541,26600.0
2026-04-28 10:22:00,SLG.V,,3.140000104904175,3.1549999713897705,3.140000104904175,3.1549999713897705,800.0
2026-04-28 10:22:00,SSV.V,,0.4950000047683716,0.4950000047683716,0.49000000953674316,0.49000000953674316,46100.0
2026-04-28 10:23:00,MRZ.V,,0.3400000035762787,0.3400000035762787,0.3400000035762787,0.3400000035762787,4000.0
2026-04-28 10:23:00,NCX.V,,3.119999885559082,3.119999885559082,3.119999885559082,3.119999885559082,440.0
2026-04-28 10:23:00,NIM.V,,0.7799999713897705,0.7799999713897705,0.7799999713897705,0.7799999713897705,500.0
2026-04-28 10:23:00,ODV.V,,4.190000057220459,4.199999809265137,4.190000057220459,4.199999809265137,5800.0
2026-04-28 10:23:00,OMG.V,,2.319999933242798,2.319999933242798,2.315000057220459,2.315000057220459,14158.0
2026-04-28 10:23:00,ONYX.V,,1.149999976158142,1.149999976158142,1.149999976158142,1.149999976158142,900.0
2026-04-28 10:23:00,PEMC.V,,0.054999999701976776,0.054999999701976776,0.054999999701976776,0.054999999701976776,6500.0
2026-04-28 10:23:00,PLSR.V,,1.7699999809265137,1.7699999809265137,1.75,1.7699999809265137,9200.0
2026-04-28 10:23:00,SAG.V,,1.2899999618530273,1.2999999523162842,1.2899999618530273,1.2999999523162842,23010.0
2026-04-28 10:23:00,SLG.V,,3.0999999046325684,3.140000104904175,3.0999999046325684,3.140000104904175,1200.0
2026-04-28 10:23:00,SOMA.V,,1.309999942779541,1.309999942779541,1.309999942779541,1.309999942779541,300.0
2026-04-28 10:24:00,NCX.V,,3.134999990463257,3.134999990463257,3.130000114440918,3.130000114440918,800.0
2026-04-28 10:24:00,NFG.V,,2.690000057220459,2.690000057220459,2.690000057220459,2.690000057220459,2300.0
2026-04-28 10:24:00,NICN.V,,0.14499999582767487,0.14499999582767487,0.14499999582767487,0.14499999582767487,5000.0
2026-04-28 10:24:00,OMG.V,,2.315000057220459,2.315000057220459,2.315000057220459,2.315000057220459,3000.0
2026-04-28 10:24:00,PEMC.V,,0.054999999701976776,0.054999999701976776,0.054999999701976776,0.054999999701976776,50000.0
2026-04-28 10:24:00,PLSR.V,,1.7699999809265137,1.7699999809265137,1.7699999809265137,1.7699999809265137,2600.0
2026-04-28 10:24:00,PML.V,,1.0499999523162842,1.0499999523162842,1.0499999523162842,1.0499999523162842,10800.0
2026-04-28 10:24:00,QGR.V,,0.2800000011920929,0.2800000011920929,0.2800000011920929,0.2800000011920929,500.0
2026-04-28 10:24:00,QTWO.V,,2.799999952316284,2.799999952316284,2.7799999713897705,2.7799999713897705,8093.0
2026-04-28 10:24:00,RGC.V,,0.46000000834465027,0.4650000035762787,0.46000000834465027,0.4650000035762787,0.0
2026-04-28 10:24:00,SCOT.V,,2.3299999237060547,2.3299999237060547,2.3299999237060547,2.3299999237060547,100.0
2026-04-28 10:24:00,SGML.V,,28.100000381469727,28.100000381469727,27.979999542236328,27.979999542236328,400.0
2026-04-28 10:24:00,SM.V,,1.6399999856948853,1.649999976158142,1.6399999856948853,1.649999976158142,2400.0
2026-04-28 10:24:00,SMN.V,,0.12999999523162842,0.12999999523162842,0.12999999523162842,0.12999999523162842,135000.0
2026-04-28 10:24:00,SOMA.V,,1.309999942779541,1.309999942779541,1.2999999523162842,1.2999999523162842,4341.0
2026-04-28 10:24:00,SPA.V,,0.3050000071525574,0.3050000071525574,0.3050000071525574,0.3050000071525574,45600.0
2026-04-28 10:24:00,SVRS.V,,0.44749999046325684,0.44749999046325684,0.44749999046325684,0.44749999046325684,500.0
2026-04-28 10:25:00,NCX.V,,3.140000104904175,3.140000104904175,3.140000104904175,3.140000104904175,100.0
2026-04-28 10:25:00,NXLV.V,,2.0399999618530273,2.0399999618530273,2.0399999618530273,2.0399999618530273,500.0
2026-04-28 10:25:00,OCI.V,,0.1274999976158142,0.1274999976158142,0.1274999976158142,0.1274999976158142,1500.0
2026-04-28 10:25:00,ODV.V,,4.199999809265137,4.199999809265137,4.199999809265137,4.199999809265137,200.0
2026-04-28 10:25:00,PEMC.V,,0.054999999701976776,0.054999999701976776,0.054999999701976776,0.054999999701976776,40000.0
2026-04-28 10:25:00,QTWO.V,,2.799999952316284,2.799999952316284,2.799999952316284,2.799999952316284,100.0
2026-04-28 10:25:00,RDS.V,,1.0800000429153442,1.0800000429153442,1.0800000429153442,1.0800000429153442,100.0
2026-04-28 10:25:00,SCZ.V,,10.880000114440918,10.899999618530273,10.880000114440918,10.890000343322754,600.0
2026-04-28 10:25:00,SEND.V,,1.4500000476837158,1.4500000476837158,1.4500000476837158,1.4500000476837158,100.0
2026-04-28 10:25:00,SLG.V,,3.140000104904175,3.140000104904175,3.140000104904175,3.140000104904175,1200.0
2026-04-28 10:25:00,SLI.V,,5.130000114440918,5.130000114440918,5.130000114440918,5.130000114440918,100.0
2026-04-28 10:25:00,SM.V,,1.6399999856948853,1.6399999856948853,1.6399999856948853,1.6399999856948853,1200.0
2026-04-28 10:25:00,SOMA.V,,1.2999999523162842,1.2999999523162842,1.2999999523162842,1.2999999523162842,900.0
2026-04-28 10:25:00,SPA.V,,0.3050000071525574,0.3050000071525574,0.3050000071525574,0.3050000071525574,10500.0
2026-04-28 10:25:00,SRR.V,,0.9900000095367432,0.9900000095367432,0.9900000095367432,0.9900000095367432,1500.0
2026-04-28 10:25:00,SVRS.V,,0.44749999046325684,0.44749999046325684,0.44749999046325684,0.44749999046325684,500.0
2026-04-28 10:26:00,NFG.V,,2.690000057220459,2.690000057220459,2.690000057220459,2.690000057220459,300.0
2026-04-28 10:26:00,NIM.V,,0.7799999713897705,0.7799999713897705,0.7799999713897705,0.7799999713897705,500.0
2026-04-28 10:26:00,NOB.V,,0.09000000357627869,0.09000000357627869,0.09000000357627869,0.09000000357627869,2000.0
2026-04-28 10:26:00,ODV.V,,4.170000076293945,4.179999828338623,4.170000076293945,4.179999828338623,600.0
2026-04-28 10:26:00,ONYX.V,,1.149999976158142,1.149999976158142,1.149999976158142,1.149999976158142,200.0
2026-04-28 10:26:00,PLSR.V,,1.75,1.75,1.75,1.75,100.0
2026-04-28 10:26:00,PVIS.V,,0.23000000417232513,0.23000000417232513,0.23000000417232513,0.23000000417232513,7032.0
2026-04-28 10:26:00,QTWO.V,,2.799999952316284,2.799999952316284,2.799999952316284,2.799999952316284,100.0
2026-04-28 10:26:00,SGML.V,,28.010000228881836,28.010000228881836,28.010000228881836,28.010000228881836,100.0
2026-04-28 10:26:00,SLI.V,,5.119999885559082,5.150000095367432,5.119999885559082,5.150000095367432,638.0
2026-04-28 10:26:00,SOMA.V,,1.2899999618530273,1.2899999618530273,1.2899999618530273,1.2899999618530273,500.0
2026-04-28 10:26:00,SPA.V,,0.3050000071525574,0.3050000071525574,0.3050000071525574,0.3050000071525574,5000.0
2026-04-28 10:26:00,SRR.V,,0.9900000095367432,0.9900000095367432,0.9900000095367432,0.9900000095367432,500.0
2026-04-28 10:26:00,SSV.V,,0.49000000953674316,0.49000000953674316,0.49000000953674316,0.49000000953674316,3000.0
2026-04-28 10:26:00,SVRS.V,,0.4449999928474426,0.44749999046325684,0.4449999928474426,0.44749999046325684,1000.0
2026-04-28 10:27:00,NFG.V,,2.690000057220459,2.690000057220459,2.690000057220459,2.690000057220459,800.0
2026-04-28 10:27:00,ODV.V,,4.159999847412109,4.170000076293945,4.139999866485596,4.170000076293945,5200.0
2026-04-28 10:27:00,OMG.V,,2.315000057220459,2.315000057220459,2.315000057220459,2.315000057220459,5100.0
2026-04-28 10:27:00,PGLD.V,,0.7099999785423279,0.7099999785423279,0.7099999785423279,0.7099999785423279,3290.0
2026-04-28 10:27:00,PML.V,,1.0499999523162842,1.0499999523162842,1.0499999523162842,1.0499999523162842,1000.0
2026-04-28 10:27:00,PPP.V,,1.4900000095367432,1.4900000095367432,1.4900000095367432,1.4900000095367432,6700.0
2026-04-28 10:27:00,QTWO.V,,2.7899999618530273,2.7899999618530273,2.7899999618530273,2.7899999618530273,100.0
2026-04-28 10:27:00,SCZ.V,,10.859999656677246,10.880000114440918,10.859999656677246,10.880000114440918,200.0
2026-04-28 10:27:00,SLG.V,,3.109999895095825,3.119999885559082,3.109999895095825,3.119999885559082,300.0
2026-04-28 10:27:00,SM.V,,1.649999976158142,1.649999976158142,1.649999976158142,1.649999976158142,500.0
2026-04-28 10:27:00,SVRS.V,,0.4449999928474426,0.4449999928474426,0.4449999928474426,0.4449999928474426,1500.0
2026-04-28 10:28:00,NFG.V,,2.700000047683716,2.700000047683716,2.700000047683716,2.700000047683716,1000.0
2026-04-28 10:28:00,PGLD.V,,0.7099999785423279,0.7099999785423279,0.7099999785423279,0.7099999785423279,1000.0
2026-04-28 10:28:00,PML.V,,1.0499999523162842,1.0499999523162842,1.0499999523162842,1.0499999523162842,5000.0
2026-04-28 10:28:00,PPP.V,,1.4900000095367432,1.4900000095367432,1.4900000095367432,1.4900000095367432,2500.0
2026-04-28 10:28:00,RPX.V,,0.17000000178813934,0.17000000178813934,0.17000000178813934,0.17000000178813934,10000.0
2026-04-28 10:28:00,SAGE.V,,0.1599999964237213,0.1599999964237213,0.1599999964237213,0.1599999964237213,7781.0
2026-04-28 10:28:00,SCOT.V,,2.440000057220459,2.440000057220459,2.3499999046325684,2.3499999046325684,1100.0
2026-04-28 10:28:00,SCZ.V,,10.869999885559082,10.869999885559082,10.869999885559082,10.869999885559082,500.0
2026-04-28 10:28:00,SGML.V,,28.100000381469727,28.100000381469727,28.100000381469727,28.100000381469727,100.0
2026-04-28 10:28:00,SOMA.V,,1.2899999618530273,1.2899999618530273,1.2899999618530273,1.2899999618530273,200.0
2026-04-28 10:29:00,ODV.V,,4.130000114440918,4.159999847412109,4.130000114440918,4.159999847412109,5640.0
2026-04-28 10:29:00,ONYX.V,,1.159999966621399,1.159999966621399,1.159999966621399,1.159999966621399,10300.0
2026-04-28 10:29:00,PLSR.V,,1.7599999904632568,1.7599999904632568,1.75,1.75,1500.0
2026-04-28 10:29:00,QTWO.V,,2.7899999618530273,2.7899999618530273,2.7899999618530273,2.7899999618530273,100.0
2026-04-28 10:29:00,RGC.V,,0.46000000834465027,0.46000000834465027,0.46000000834465027,0.46000000834465027,500.0
2026-04-28 10:29:00,RVG.V,,0.7799999713897705,0.7799999713897705,0.7799999713897705,0.7799999713897705,2190.0
2026-04-28 10:29:00,SOU.V,,0.08500000089406967,0.08500000089406967,0.08500000089406967,0.08500000089406967,147980.0
2026-04-28 10:29:00,SVRS.V,,0.4449999928474426,0.4449999928474426,0.4449999928474426,0.4449999928474426,1000.0
2026-04-28 10:30:00,MONT.V,,0.009999999776482582,0.009999999776482582,0.009999999776482582,0.009999999776482582,1000.0
2026-04-28 10:30:00,NIM.V,,0.7799999713897705,0.7799999713897705,0.7799999713897705,0.7799999713897705,500.0
2026-04-28 10:30:00,NRM.V,,0.18000000715255737,0.18000000715255737,0.18000000715255737,0.18000000715255737,3000.0
2026-04-28 10:30:00,PEGA.V,,0.04500000178813934,0.04500000178813934,0.04500000178813934,0.04500000178813934,0.0
2026-04-28 10:30:00,RCK.V,,0.9800000190734863,0.9800000190734863,0.9800000190734863,0.9800000190734863,500.0
2026-04-28 10:30:00,RDS.V,,1.0800000429153442,1.0800000429153442,1.0800000429153442,1.0800000429153442,500.0
2026-04-28 10:30:00,SGML.V,,27.799999237060547,27.799999237060547,27.799999237060547,27.799999237060547,130.0
2026-04-28 10:30:00,SGN.V,,0.3449999988079071,0.3449999988079071,0.3449999988079071,0.3449999988079071,500.0
2026-04-28 10:30:00,SMN.V,,0.12999999523162842,0.12999999523162842,0.12999999523162842,0.12999999523162842,3000.0
2026-04-28 10:30:00,SVRS.V,,0.4449999928474426,0.4449999928474426,0.4449999928474426,0.4449999928474426,500.0
2026-04-28 10:31:00,MINK.V,,0.10999999940395355,0.10999999940395355,0.10999999940395355,0.10999999940395355,1000.0
2026-04-28 10:31:00,NCX.V,,3.140000104904175,3.140000104904175,3.140000104904175,3.140000104904175,100.0
2026-04-28 10:31:00,OMG.V,,2.315000057220459,2.315000057220459,2.315000057220459,2.315000057220459,14400.0
2026-04-28 10:31:00,PLSR.V,,1.7400000095367432,1.7400000095367432,1.7400000095367432,1.7400000095367432,2700.0
2026-04-28 10:31:00,QGR.V,,0.2800000011920929,0.2800000011920929,0.2800000011920929,0.2800000011920929,500.0
2026-04-28 10:31:00,QTWO.V,,2.7850000858306885,2.7850000858306885,2.7850000858306885,2.7850000858306885,300.0
2026-04-28 10:31:00,SGML.V,,27.780000686645508,27.780000686645508,27.780000686645508,27.780000686645508,140.0
2026-04-28 10:31:00,SLG.V,,3.190000057220459,3.190000057220459,3.140000104904175,3.140000104904175,1300.0
2026-04-28 10:31:00,SM.V,,1.6399999856948853,1.6399999856948853,1.6399999856948853,1.6399999856948853,4200.0
2026-04-28 10:31:00,SVRS.V,,0.4449999928474426,0.4449999928474426,0.4449999928474426,0.4449999928474426,500.0
2026-04-28 10:32:00,NCAU.V,,0.5899999737739563,0.5899999737739563,0.5899999737739563,0.5899999737739563,1000.0
2026-04-28 10:32:00,NCX.V,,3.130000114440918,3.130000114440918,3.130000114440918,3.130000114440918,800.0
2026-04-28 10:32:00,OCO.V,,0.38999998569488525,0.38999998569488525,0.38999998569488525,0.38999998569488525,3000.0
2026-04-28 10:32:00,OMG.V,,2.319999933242798,2.319999933242798,2.319999933242798,2.319999933242798,100.0
2026-04-28 10:32:00,PLSR.V,,1.7200000286102295,1.7200000286102295,1.7100000381469727,1.7200000286102295,10500.0
2026-04-28 10:32:00,PPP.V,,1.4800000190734863,1.4800000190734863,1.4800000190734863,1.4800000190734863,14900.0
2026-04-28 10:32:00,PWM.V,,0.4399999976158142,0.4399999976158142,0.4399999976158142,0.4399999976158142,1000.0
2026-04-28 10:32:00,RECO.V,,1.2000000476837158,1.2000000476837158,1.2000000476837158,1.2000000476837158,4900.0
2026-04-28 10:32:00,SCOT.V,,2.319999933242798,2.3499999046325684,2.319999933242798,2.3499999046325684,6500.0
2026-04-28 10:32:00,SCZ.V,,10.84000015258789,10.84000015258789,10.84000015258789,10.84000015258789,1157.0
2026-04-28 10:32:00,SMN.V,,0.125,0.12999999523162842,0.125,0.12999999523162842,256500.0
2026-04-28 10:32:00,SVE.V,,0.46000000834465027,0.4699999988079071,0.46000000834465027,0.4699999988079071,39750.0
2026-04-28 10:32:00,SVRS.V,,0.4449999928474426,0.4449999928474426,0.4449999928474426,0.4449999928474426,500.0
2026-04-28 10:33:00,MGG.V,,0.3400000035762787,0.3400000035762787,0.3400000035762787,0.3400000035762787,11500.0
2026-04-28 10:33:00,NCX.V,,3.140000104904175,3.140000104904175,3.140000104904175,3.140000104904175,100.0
2026-04-28 10:33:00,NFG.V,,2.680000066757202,2.680000066757202,2.680000066757202,2.680000066757202,8200.0
2026-04-28 10:33:00,NIM.V,,0.7799999713897705,0.7799999713897705,0.7799999713897705,0.7799999713897705,19000.0
2026-04-28 10:33:00,ODV.V,,4.159999847412109,4.159999847412109,4.159999847412109,4.159999847412109,135.0
2026-04-28 10:33:00,OMG.V,,2.305000066757202,2.315000057220459,2.305000066757202,2.315000057220459,21364.0
2026-04-28 10:33:00,PCLO.V,,0.054999999701976776,0.054999999701976776,0.05000000074505806,0.05000000074505806,5000.0
2026-04-28 10:33:00,QTWO.V,,2.7899999618530273,2.7899999618530273,2.7850000858306885,2.7850000858306885,1800.0
2026-04-28 10:33:00,RECO.V,,1.2000000476837158,1.2000000476837158,1.2000000476837158,1.2000000476837158,25200.0
2026-04-28 10:33:00,RGC.V,,0.4650000035762787,0.4650000035762787,0.4650000035762787,0.4650000035762787,500.0
2026-04-28 10:33:00,SCOT.V,,2.3299999237060547,2.3299999237060547,2.3299999237060547,2.3299999237060547,100.0
2026-04-28 10:33:00,SCZ.V,,10.800000190734863,10.829999923706055,10.800000190734863,10.829999923706055,2100.0
2026-04-28 10:33:00,SGML.V,,27.5,27.5,27.5,27.5,1000.0
2026-04-28 10:33:00,SLI.V,,5.090000152587891,5.099999904632568,5.090000152587891,5.099999904632568,521.0
2026-04-28 10:33:00,SMN.V,,0.13500000536441803,0.14000000059604645,0.12999999523162842,0.12999999523162842,2718500.0
2026-04-28 10:33:00,SQG.V,,0.11500000208616257,0.11500000208616257,0.11500000208616257,0.11500000208616257,500.0
2026-04-28 10:34:00,NCX.V,,3.140000104904175,3.140000104904175,3.140000104904175,3.140000104904175,300.0
2026-04-28 10:34:00,NFG.V,,2.680000066757202,2.680000066757202,2.680000066757202,2.680000066757202,300.0
2026-04-28 10:34:00,ODV.V,,4.150000095367432,4.150000095367432,4.150000095367432,4.150000095367432,100.0
2026-04-28 10:34:00,OMG.V,,2.305000066757202,2.305000066757202,2.305000066757202,2.305000066757202,19400.0
2026-04-28 10:34:00,PGE.V,,0.32499998807907104,0.33000001311302185,0.32499998807907104,0.33000001311302185,139501.0
2026-04-28 10:34:00,PGLD.V,,0.7099999785423279,0.7099999785423279,0.7099999785423279,0.7099999785423279,810.0
2026-04-28 10:34:00,QTWO.V,,2.7850000858306885,2.7850000858306885,2.7850000858306885,2.7850000858306885,200.0
2026-04-28 10:34:00,RGC.V,,0.4650000035762787,0.4650000035762787,0.4650000035762787,0.4650000035762787,500.0
2026-04-28 10:34:00,ROCK.V,,2.9100000858306885,2.9200000762939453,2.9100000858306885,2.9200000762939453,14800.0
2026-04-28 10:34:00,SCZ.V,,10.789999961853027,10.789999961853027,10.779999732971191,10.789999961853027,1700.0
2026-04-28 10:34:00,SHL.V,,0.4650000035762787,0.4650000035762787,0.4650000035762787,0.4650000035762787,1000.0
2026-04-28 10:34:00,SLG.V,,3.184999942779541,3.184999942779541,3.184999942779541,3.184999942779541,100.0
2026-04-28 10:34:00,SM.V,,1.6299999952316284,1.6299999952316284,1.6299999952316284,1.6299999952316284,3700.0
2026-04-28 10:34:00,SMN.V,,0.13500000536441803,0.13500000536441803,0.13500000536441803,0.13500000536441803,10000.0
2026-04-28 10:34:00,SSV.V,,0.49000000953674316,0.49000000953674316,0.49000000953674316,0.49000000953674316,1000.0
2026-04-28 10:34:00,SVRS.V,,0.4449999928474426,0.4449999928474426,0.4449999928474426,0.4449999928474426,1000.0
2026-04-28 10:35:00,MKA.V,,0.8500000238418579,0.8500000238418579,0.8500000238418579,0.8500000238418579,500.0
2026-04-28 10:35:00,NAV.V,,0.004999999888241291,0.004999999888241291,0.004999999888241291,0.004999999888241291,0.0
2026-04-28 10:35:00,NCX.V,,3.130000114440918,3.130000114440918,3.130000114440918,3.130000114440918,200.0
2026-04-28 10:35:00,NFG.V,,2.6700000762939453,2.6700000762939453,2.6700000762939453,2.6700000762939453,1800.0
2026-04-28 10:35:00,OMG.V,,2.299999952316284,2.305000066757202,2.299999952316284,2.305000066757202,15900.0
2026-04-28 10:35:00,ONYX.V,,1.1299999952316284,1.1399999856948853,1.1299999952316284,1.1399999856948853,5620.0
2026-04-28 10:35:00,RDS.V,,1.0700000524520874,1.0700000524520874,1.0700000524520874,1.0700000524520874,6600.0
2026-04-28 10:35:00,SAG.V,,1.2799999713897705,1.2799999713897705,1.2799999713897705,1.2799999713897705,2080.0
2026-04-28 10:35:00,SCZ.V,,10.75,10.770000457763672,10.75,10.770000457763672,5500.0
2026-04-28 10:35:00,SOMA.V,,1.2999999523162842,1.2999999523162842,1.2999999523162842,1.2999999523162842,100.0
2026-04-28 10:35:00,SVRS.V,,0.4449999928474426,0.4449999928474426,0.4449999928474426,0.4449999928474426,11324.0
2026-04-28 10:35:00,SYH.V,,0.47999998927116394,0.48500001430511475,0.47999998927116394,0.47999998927116394,22000.0
2026-04-28 10:36:00,MRZ.V,,0.33500000834465027,0.33500000834465027,0.33500000834465027,0.33500000834465027,1400.0
2026-04-28 10:36:00,NFG.V,,2.6700000762939453,2.6700000762939453,2.6700000762939453,2.6700000762939453,200.0
2026-04-28 10:36:00,NOAL.V,,0.23499999940395355,0.23499999940395355,0.23499999940395355,0.23499999940395355,1000.0
2026-04-28 10:36:00,OAM.V,,0.20000000298023224,0.20000000298023224,0.20000000298023224,0.20000000298023224,0.0
2026-04-28 10:36:00,OMG.V,,2.2950000762939453,2.299999952316284,2.2950000762939453,2.299999952316284,10000.0
2026-04-28 10:36:00,ONYX.V,,1.1449999809265137,1.1449999809265137,1.1449999809265137,1.1449999809265137,100.0
2026-04-28 10:36:00,PHNM.V,,0.41499999165534973,0.41999998688697815,0.41499999165534973,0.41999998688697815,12000.0
2026-04-28 10:36:00,PWM.V,,0.42500001192092896,0.4399999976158142,0.42500001192092896,0.4399999976158142,11530.0
2026-04-28 10:36:00,RCK.V,,0.9800000190734863,0.9800000190734863,0.9800000190734863,0.9800000190734863,500.0
2026-04-28 10:36:00,RECO.V,,1.2000000476837158,1.2000000476837158,1.2000000476837158,1.2000000476837158,1500.0
2026-04-28 10:36:00,SBMI.V,,0.2150000035762787,0.2150000035762787,0.2150000035762787,0.2150000035762787,5000.0
2026-04-28 10:36:00,SGML.V,,27.34000015258789,27.34000015258789,27.34000015258789,27.34000015258789,100.0
2026-04-28 10:36:00,SGN.V,,0.3400000035762787,0.3400000035762787,0.3400000035762787,0.3400000035762787,66500.0
2026-04-28 10:36:00,SM.V,,1.6299999952316284,1.6299999952316284,1.625,1.625,820.0
2026-04-28 10:36:00,SMN.V,,0.13500000536441803,0.13500000536441803,0.13500000536441803,0.13500000536441803,12000.0
2026-04-28 10:36:00,SMP.V,,0.07000000029802322,0.07000000029802322,0.07000000029802322,0.07000000029802322,0.0
2026-04-28 10:36:00,SOU.V,,0.07999999821186066,0.07999999821186066,0.07999999821186066,0.07999999821186066,10000.0
2026-04-28 10:36:00,SSV.V,,0.48500001430511475,0.48500001430511475,0.48500001430511475,0.48500001430511475,21650.0
2026-04-28 10:36:00,SYH.V,,0.48249998688697815,0.48500001430511475,0.47999998927116394,0.47999998927116394,33500.0
2026-04-28 10:37:00,MMY.V,,0.8199999928474426,0.8199999928474426,0.8199999928474426,0.8199999928474426,27500.0
2026-04-28 10:37:00,NCX.V,,3.140000104904175,3.140000104904175,3.130000114440918,3.130000114440918,1800.0
2026-04-28 10:37:00,ODV.V,,4.119999885559082,4.119999885559082,4.119999885559082,4.119999885559082,166.0
2026-04-28 10:37:00,PGLD.V,,0.7099999785423279,0.7099999785423279,0.7099999785423279,0.7099999785423279,9800.0
2026-04-28 10:37:00,PPP.V,,1.4700000286102295,1.4700000286102295,1.4700000286102295,1.4700000286102295,1500.0
2026-04-28 10:37:00,PWM.V,,0.4300000071525574,0.4300000071525574,0.4300000071525574,0.4300000071525574,1500.0
2026-04-28 10:37:00,QTWO.V,,2.7699999809265137,2.7750000953674316,2.7699999809265137,2.7750000953674316,800.0
2026-04-28 10:37:00,SCD.V,,0.1550000011920929,0.1550000011920929,0.1550000011920929,0.1550000011920929,7500.0
2026-04-28 10:37:00,SCZ.V,,10.720000267028809,10.75,10.720000267028809,10.75,4701.0
2026-04-28 10:37:00,SGML.V,,27.34000015258789,27.34000015258789,27.34000015258789,27.34000015258789,1000.0
2026-04-28 10:37:00,SMN.V,,0.13500000536441803,0.13500000536441803,0.13500000536441803,0.13500000536441803,33000.0
2026-04-28 10:37:00,SSV.V,,0.48500001430511475,0.48500001430511475,0.48500001430511475,0.48500001430511475,1500.0
2026-04-28 10:37:00,STRR.V,,0.5199999809265137,0.5199999809265137,0.5199999809265137,0.5199999809265137,0.0
2026-04-28 10:37:00,SVRS.V,,0.4399999976158142,0.44749999046325684,0.4399999976158142,0.44749999046325684,1500.0
2026-04-28 10:38:00,MMY.V,,0.8199999928474426,0.8199999928474426,0.8199999928474426,0.8199999928474426,3000.0
2026-04-28 10:38:00,OAM.V,,0.19499999284744263,0.19499999284744263,0.19499999284744263,0.19499999284744263,500.0
2026-04-28 10:38:00,PLSR.V,,1.7400000095367432,1.7400000095367432,1.7300000190734863,1.7300000190734863,1700.0
2026-04-28 10:38:00,RDS.V,,1.0700000524520874,1.0700000524520874,1.0700000524520874,1.0700000524520874,100.0
2026-04-28 10:38:00,RET.V,,2.1500000953674316,2.1500000953674316,2.1500000953674316,2.1500000953674316,0.0
2026-04-28 10:38:00,RVG.V,,0.7749999761581421,0.7749999761581421,0.7749999761581421,0.7749999761581421,10000.0
2026-04-28 10:38:00,SCD.V,,0.1550000011920929,0.1550000011920929,0.1550000011920929,0.1550000011920929,18000.0
2026-04-28 10:38:00,SCZ.V,,10.720000267028809,10.720000267028809,10.720000267028809,10.720000267028809,100.0
2026-04-28 10:38:00,SM.V,,1.625,1.625,1.625,1.625,100.0
2026-04-28 10:39:00,NCX.V,,3.1500000953674316,3.1500000953674316,3.1500000953674316,3.1500000953674316,400.0
2026-04-28 10:39:00,NFG.V,,2.6700000762939453,2.6700000762939453,2.6700000762939453,2.6700000762939453,200.0
2026-04-28 10:39:00,NIM.V,,0.7900000214576721,0.7900000214576721,0.7900000214576721,0.7900000214576721,500.0
2026-04-28 10:39:00,ODV.V,,4.130000114440918,4.130000114440918,4.130000114440918,4.130000114440918,200.0
2026-04-28 10:39:00,PML.V,,1.0299999713897705,1.0399999618530273,1.0299999713897705,1.0399999618530273,4400.0
2026-04-28 10:39:00,PPP.V,,1.4700000286102295,1.4700000286102295,1.4700000286102295,1.4700000286102295,2000.0
2026-04-28 10:39:00,PRG.V,,0.7900000214576721,0.7900000214576721,0.7900000214576721,0.7900000214576721,1000.0
2026-04-28 10:39:00,QTWO.V,,2.765000104904175,2.765000104904175,2.765000104904175,2.765000104904175,100.0
2026-04-28 10:39:00,ROCK.V,,2.9100000858306885,2.9100000858306885,2.9100000858306885,2.9100000858306885,3300.0
2026-04-28 10:39:00,SLI.V,,5.050000190734863,5.050000190734863,5.050000190734863,5.050000190734863,200.0
2026-04-28 10:39:00,SM.V,,1.6399999856948853,1.6399999856948853,1.6299999952316284,1.6299999952316284,55100.0
2026-04-28 10:39:00,SPA.V,,0.30000001192092896,0.30000001192092896,0.30000001192092896,0.30000001192092896,500.0
2026-04-28 10:40:00,MRZ.V,,0.3400000035762787,0.3400000035762787,0.3400000035762787,0.3400000035762787,4500.0
2026-04-28 10:40:00,NCX.V,,3.140000104904175,3.1500000953674316,3.140000104904175,3.1500000953674316,600.0
2026-04-28 10:40:00,NFG.V,,2.6600000858306885,2.6600000858306885,2.6600000858306885,2.6600000858306885,4250.0
2026-04-28 10:40:00,OMG.V,,2.2950000762939453,2.2950000762939453,2.2950000762939453,2.2950000762939453,100.0
2026-04-28 10:40:00,PGLD.V,,0.7099999785423279,0.7099999785423279,0.7099999785423279,0.7099999785423279,500.0
2026-04-28 10:40:00,PRG.V,,0.7900000214576721,0.7900000214576721,0.7900000214576721,0.7900000214576721,10000.0
2026-04-28 10:40:00,QTWO.V,,2.765000104904175,2.765000104904175,2.765000104904175,2.765000104904175,100.0
2026-04-28 10:40:00,RYO.V,,0.38999998569488525,0.38999998569488525,0.38999998569488525,0.38999998569488525,9500.0
2026-04-28 10:40:00,SCZ.V,,10.710000038146973,10.710000038146973,10.710000038146973,10.710000038146973,240.0
2026-04-28 10:40:00,SLI.V,,5.039999961853027,5.039999961853027,5.039999961853027,5.039999961853027,700.0
2026-04-28 10:40:00,SM.V,,1.6399999856948853,1.6399999856948853,1.6399999856948853,1.6399999856948853,1797.0
2026-04-28 10:40:00,SQG.V,,0.11500000208616257,0.11500000208616257,0.11500000208616257,0.11500000208616257,500.0
2026-04-28 10:40:00,SVRS.V,,0.4449999928474426,0.4449999928474426,0.4424999952316284,0.4424999952316284,10500.0
2026-04-28 10:41:00,HASH.V,,0.03500000014901161,0.03500000014901161,0.03500000014901161,0.03500000014901161,3000.0
2026-04-28 10:41:00,NCI.V,,0.949999988079071,0.9599999785423279,0.949999988079071,0.9599999785423279,2017.0
2026-04-28 10:41:00,NCX.V,,3.1500000953674316,3.1500000953674316,3.1500000953674316,3.1500000953674316,100.0
2026-04-28 10:41:00,NFG.V,,2.6700000762939453,2.6700000762939453,2.6600000858306885,2.6600000858306885,24200.0
2026-04-28 10:41:00,PML.V,,1.0299999713897705,1.0299999713897705,1.0299999713897705,1.0299999713897705,300.0
2026-04-28 10:41:00,QTWO.V,,2.765000104904175,2.765000104904175,2.765000104904175,2.765000104904175,200.0
2026-04-28 10:41:00,RAK.V,,0.15000000596046448,0.15000000596046448,0.15000000596046448,0.15000000596046448,0.0
2026-04-28 10:41:00,RDS.V,,1.0700000524520874,1.0700000524520874,1.0700000524520874,1.0700000524520874,7800.0
2026-04-28 10:41:00,SCOT.V,,2.259999990463257,2.3399999141693115,2.259999990463257,2.3299999237060547,7807.0
2026-04-28 10:41:00,SCZ.V,,10.739999771118164,10.739999771118164,10.739999771118164,10.739999771118164,400.0
2026-04-28 10:41:00,SGML.V,,27.200000762939453,27.200000762939453,27.18000030517578,27.18000030517578,900.0
2026-04-28 10:41:00,SLG.V,,3.1700000762939453,3.180000066757202,3.1700000762939453,3.180000066757202,4900.0
2026-04-28 10:41:00,SLI.V,,5.050000190734863,5.050000190734863,5.050000190734863,5.050000190734863,200.0
2026-04-28 10:41:00,SOMA.V,,1.2999999523162842,1.2999999523162842,1.2999999523162842,1.2999999523162842,2000.0
2026-04-28 10:41:00,SYH.V,,0.47999998927116394,0.47999998927116394,0.47999998927116394,0.47999998927116394,12000.0
2026-04-28 10:42:00,FISH.V,,3.799999952316284,3.799999952316284,3.799999952316284,3.799999952316284,9200.0
2026-04-28 10:42:00,HASH.V,,0.03500000014901161,0.03500000014901161,0.03500000014901161,0.03500000014901161,2000.0
2026-04-28 10:42:00,NCX.V,,3.1600000858306885,3.1600000858306885,3.1600000858306885,3.1600000858306885,100.0
2026-04-28 10:42:00,NFG.V,,2.674999952316284,2.674999952316284,2.674999952316284,2.674999952316284,1200.0
2026-04-28 10:42:00,OCO.V,,0.38999998569488525,0.38999998569488525,0.38999998569488525,0.38999998569488525,2000.0
2026-04-28 10:42:00,ODV.V,,4.130000114440918,4.130000114440918,4.130000114440918,4.130000114440918,300.0
2026-04-28 10:42:00,PGLD.V,,0.7200000286102295,0.7200000286102295,0.7200000286102295,0.7200000286102295,12500.0
2026-04-28 10:42:00,PRG.V,,0.800000011920929,0.800000011920929,0.800000011920929,0.800000011920929,14000.0
2026-04-28 10:42:00,QTWO.V,,2.7750000953674316,2.7750000953674316,2.7699999809265137,2.7699999809265137,900.0
2026-04-28 10:42:00,SCZ.V,,10.760000228881836,10.760000228881836,10.75,10.75,400.0
2026-04-28 10:42:00,SLG.V,,3.1700000762939453,3.1700000762939453,3.1700000762939453,3.1700000762939453,700.0
2026-04-28 10:42:00,SLI.V,,5.039999961853027,5.039999961853027,5.039999961853027,5.039999961853027,100.0
2026-04-28 10:42:00,SOMA.V,,1.2999999523162842,1.2999999523162842,1.2899999618530273,1.2999999523162842,532.0
2026-04-28 10:42:00,SQG.V,,0.125,0.125,0.125,0.125,2500.0
2026-04-28 10:42:00,SYH.V,,0.47999998927116394,0.47999998927116394,0.47999998927116394,0.47999998927116394,7000.0
2026-04-28 10:43:00,MMY.V,,0.8299999833106995,0.8299999833106995,0.8199999928474426,0.8299999833106995,24000.0
2026-04-28 10:43:00,NCX.V,,3.1600000858306885,3.1600000858306885,3.1600000858306885,3.1600000858306885,2100.0
2026-04-28 10:43:00,ONYX.V,,1.1399999856948853,1.1399999856948853,1.1399999856948853,1.1399999856948853,21000.0
2026-04-28 10:43:00,PGLD.V,,0.7200000286102295,0.7200000286102295,0.7200000286102295,0.7200000286102295,3000.0
2026-04-28 10:43:00,RDS.V,,1.0700000524520874,1.0700000524520874,1.0700000524520874,1.0700000524520874,3800.0
2026-04-28 10:43:00,RYO.V,,0.39500001072883606,0.39500001072883606,0.39500001072883606,0.39500001072883606,1000.0
2026-04-28 10:43:00,SGML.V,,27.5,27.5,27.40999984741211,27.40999984741211,200.0
2026-04-28 10:43:00,SLG.V,,3.1700000762939453,3.1700000762939453,3.1700000762939453,3.1700000762939453,200.0
2026-04-28 10:43:00,SPX.V,,0.0949999988079071,0.0949999988079071,0.0949999988079071,0.0949999988079071,0.0
2026-04-28 10:43:00,SWLF.V,,0.11999999731779099,0.125,0.11999999731779099,0.125,0.0
2026-04-28 10:44:00,MMY.V,,0.8299999833106995,0.8299999833106995,0.8299999833106995,0.8299999833106995,3500.0
2026-04-28 10:44:00,NCI.V,,0.9700000286102295,0.9700000286102295,0.9700000286102295,0.9700000286102295,1000.0
2026-04-28 10:44:00,NCX.V,,3.1600000858306885,3.1600000858306885,3.1600000858306885,3.1600000858306885,400.0
2026-04-28 10:44:00,NFG.V,,2.680000066757202,2.680000066757202,2.680000066757202,2.680000066757202,600.0
2026-04-28 10:44:00,PML.V,,1.0299999713897705,1.0299999713897705,1.0299999713897705,1.0299999713897705,100.0
2026-04-28 10:44:00,QTWO.V,,2.7799999713897705,2.7799999713897705,2.7799999713897705,2.7799999713897705,600.0
2026-04-28 10:44:00,SAG.V,,1.2799999713897705,1.2899999618530273,1.2799999713897705,1.2899999618530273,27200.0
2026-04-28 10:44:00,SCZ.V,,10.789999961853027,10.789999961853027,10.789999961853027,10.789999961853027,100.0
2026-04-28 10:44:00,SPA.V,,0.3050000071525574,0.3050000071525574,0.3050000071525574,0.3050000071525574,5000.0
2026-04-28 10:44:00,SUGR.V,,12.524999618530273,12.524999618530273,12.524999618530273,12.524999618530273,0.0
2026-04-28 10:45:00,MCI.V,,0.25,0.25,0.25,0.25,0.0
2026-04-28 10:45:00,NCX.V,,3.1500000953674316,3.1500000953674316,3.1500000953674316,3.1500000953674316,1200.0
2026-04-28 10:45:00,NFG.V,,2.680000066757202,2.680000066757202,2.680000066757202,2.680000066757202,500.0
2026-04-28 10:45:00,ODV.V,,4.139999866485596,4.139999866485596,4.139999866485596,4.139999866485596,300.0
2026-04-28 10:45:00,OMG.V,,2.305000066757202,2.309999942779541,2.299999952316284,2.299999952316284,14900.0
2026-04-28 10:45:00,ONYX.V,,1.1399999856948853,1.1399999856948853,1.1399999856948853,1.1399999856948853,9300.0
2026-04-28 10:45:00,RAK.V,,0.15000000596046448,0.15000000596046448,0.15000000596046448,0.15000000596046448,95500.0
2026-04-28 10:45:00,SAG.V,,1.2799999713897705,1.2799999713897705,1.2799999713897705,1.2799999713897705,22900.0
2026-04-28 10:45:00,SCD.V,,0.1550000011920929,0.1550000011920929,0.1550000011920929,0.1550000011920929,41000.0
2026-04-28 10:45:00,SCZ.V,,10.770000457763672,10.779999732971191,10.770000457763672,10.779999732971191,1074.0
2026-04-28 10:46:00,FEO.V,,0.8500000238418579,0.8500000238418579,0.8500000238418579,0.8500000238418579,3082.0
2026-04-28 10:46:00,NCX.V,,3.140000104904175,3.140000104904175,3.140000104904175,3.140000104904175,2400.0
2026-04-28 10:46:00,NFG.V,,2.6700000762939453,2.6700000762939453,2.6700000762939453,2.6700000762939453,2100.0
2026-04-28 10:46:00,OMG.V,,2.305000066757202,2.305000066757202,2.305000066757202,2.305000066757202,9800.0
2026-04-28 10:46:00,PGLD.V,,0.7200000286102295,0.7200000286102295,0.7200000286102295,0.7200000286102295,500.0
2026-04-28 10:46:00,PRG.V,,0.800000011920929,0.800000011920929,0.800000011920929,0.800000011920929,6000.0
2026-04-28 10:46:00,QTWO.V,,2.7850000858306885,2.7850000858306885,2.7850000858306885,2.7850000858306885,200.0
2026-04-28 10:46:00,ROCK.V,,2.950000047683716,2.950000047683716,2.940000057220459,2.940000057220459,6900.0
2026-04-28 10:46:00,SCZ.V,,10.75,10.75,10.739999771118164,10.739999771118164,900.0
2026-04-28 10:46:00,SGML.V,,27.270000457763672,27.510000228881836,27.270000457763672,27.510000228881836,200.0
2026-04-28 10:46:00,SM.V,,1.6399999856948853,1.6399999856948853,1.6399999856948853,1.6399999856948853,800.0
2026-04-28 10:47:00,FISH.V,,3.75,3.75,3.75,3.75,2310.0
2026-04-28 10:47:00,MGG.V,,0.3400000035762787,0.3400000035762787,0.3400000035762787,0.3400000035762787,1500.0
2026-04-28 10:47:00,NCX.V,,3.140000104904175,3.140000104904175,3.140000104904175,3.140000104904175,400.0
2026-04-28 10:47:00,NFG.V,,2.6700000762939453,2.6700000762939453,2.6700000762939453,2.6700000762939453,100.0
2026-04-28 10:47:00,NIM.V,,0.7900000214576721,0.7900000214576721,0.7900000214576721,0.7900000214576721,500.0
2026-04-28 10:47:00,ODV.V,,4.150000095367432,4.150000095367432,4.150000095367432,4.150000095367432,100.0
2026-04-28 10:47:00,OMG.V,,2.2950000762939453,2.299999952316284,2.2950000762939453,2.299999952316284,32200.0
2026-04-28 10:47:00,PGLD.V,,0.7200000286102295,0.7200000286102295,0.7200000286102295,0.7200000286102295,4000.0
2026-04-28 10:47:00,QTWO.V,,2.75,2.7799999713897705,2.75,2.7799999713897705,3300.0
2026-04-28 10:47:00,SCZ.V,,10.760000228881836,10.770000457763672,10.760000228881836,10.770000457763672,200.0
2026-04-28 10:47:00,SGML.V,,27.450000762939453,27.450000762939453,27.450000762939453,27.450000762939453,100.0
2026-04-28 10:47:00,SLG.V,,3.1700000762939453,3.1700000762939453,3.1700000762939453,3.1700000762939453,900.0
2026-04-28 10:47:00,SLI.V,,5.039999961853027,5.039999961853027,5.039999961853027,5.039999961853027,1400.0
2026-04-28 10:47:00,SOMA.V,,1.2999999523162842,1.2999999523162842,1.2999999523162842,1.2999999523162842,1100.0
2026-04-28 10:47:00,SSV.V,,0.49000000953674316,0.49000000953674316,0.49000000953674316,0.49000000953674316,8000.0
2026-04-28 10:48:00,MMY.V,,0.8299999833106995,0.8299999833106995,0.8299999833106995,0.8299999833106995,1000.0
2026-04-28 10:48:00,NCI.V,,0.9800000190734863,0.9800000190734863,0.9800000190734863,0.9800000190734863,300.0
2026-04-28 10:48:00,NCX.V,,3.130000114440918,3.140000104904175,3.130000114440918,3.140000104904175,200.0
2026-04-28 10:48:00,NFG.V,,2.6700000762939453,2.6700000762939453,2.6700000762939453,2.6700000762939453,100.0
2026-04-28 10:48:00,ONYX.V,,1.149999976158142,1.149999976158142,1.149999976158142,1.149999976158142,100000.0
2026-04-28 10:48:00,PGLD.V,,0.7200000286102295,0.7200000286102295,0.7200000286102295,0.7200000286102295,1000.0
2026-04-28 10:48:00,PML.V,,1.0299999713897705,1.0299999713897705,1.0299999713897705,1.0299999713897705,100.0
2026-04-28 10:48:00,QTWO.V,,2.734999895095825,2.755000114440918,2.734999895095825,2.755000114440918,3100.0
2026-04-28 10:48:00,RDS.V,,1.0800000429153442,1.0800000429153442,1.0800000429153442,1.0800000429153442,8900.0
2026-04-28 10:48:00,SCZ.V,,10.739999771118164,10.739999771118164,10.739999771118164,10.739999771118164,400.0
2026-04-28 10:48:00,SLI.V,,5.0,5.019999980926514,5.0,5.019999980926514,700.0
2026-04-28 10:48:00,SM.V,,1.6399999856948853,1.6399999856948853,1.6399999856948853,1.6399999856948853,5580.0
2026-04-28 10:48:00,SSV.V,,0.49000000953674316,0.49000000953674316,0.49000000953674316,0.49000000953674316,2100.0
2026-04-28 10:49:00,NFG.V,,2.6600000858306885,2.6600000858306885,2.6600000858306885,2.6600000858306885,2150.0
2026-04-28 10:49:00,NICN.V,,0.14499999582767487,0.14499999582767487,0.14499999582767487,0.14499999582767487,9174.0
2026-04-28 10:49:00,NWST.V,,0.3449999988079071,0.3449999988079071,0.3449999988079071,0.3449999988079071,500.0
2026-04-28 10:49:00,ODV.V,,4.119999885559082,4.119999885559082,4.119999885559082,4.119999885559082,500.0
2026-04-28 10:49:00,OMG.V,,2.2950000762939453,2.2950000762939453,2.2950000762939453,2.2950000762939453,5200.0
2026-04-28 10:49:00,PGLD.V,,0.7200000286102295,0.7200000286102295,0.7200000286102295,0.7200000286102295,2000.0
2026-04-28 10:49:00,ROCK.V,,2.940000057220459,2.940000057220459,2.940000057220459,2.940000057220459,15100.0
2026-04-28 10:49:00,SCD.V,,0.1550000011920929,0.1550000011920929,0.1550000011920929,0.1550000011920929,5500.0
2026-04-28 10:49:00,SCZ.V,,10.6899995803833,10.729999542236328,10.6899995803833,10.729999542236328,2355.0
2026-04-28 10:49:00,SLG.V,,3.1700000762939453,3.1700000762939453,3.1700000762939453,3.1700000762939453,100.0
2026-04-28 10:49:00,SLI.V,,4.96999979019165,5.0,4.96999979019165,5.0,5315.0
2026-04-28 10:49:00,SOMA.V,,1.2899999618530273,1.2899999618530273,1.2899999618530273,1.2899999618530273,13314.0
2026-04-28 10:49:00,SQG.V,,0.11500000208616257,0.11500000208616257,0.11500000208616257,0.11500000208616257,500.0
2026-04-28 10:49:00,SVRS.V,,0.44749999046325684,0.44749999046325684,0.44749999046325684,0.44749999046325684,500.0
2026-04-28 10:50:00,MMY.V,,0.8299999833106995,0.8299999833106995,0.8299999833106995,0.8299999833106995,500.0
2026-04-28 10:50:00,NCX.V,,3.109999895095825,3.115000009536743,3.109999895095825,3.115000009536743,7861.0
2026-04-28 10:50:00,OMG.V,,2.2850000858306885,2.2950000762939453,2.2850000858306885,2.2950000762939453,22401.0
2026-04-28 10:50:00,PGE.V,,0.32499998807907104,0.32499998807907104,0.32499998807907104,0.32499998807907104,33015.0
2026-04-28 10:50:00,PGLD.V,,0.7099999785423279,0.7200000286102295,0.7099999785423279,0.7200000286102295,15500.0
2026-04-28 10:50:00,QURI.V,,0.054999999701976776,0.054999999701976776,0.054999999701976776,0.054999999701976776,22000.0
2026-04-28 10:50:00,RDS.V,,1.0800000429153442,1.0800000429153442,1.0800000429153442,1.0800000429153442,100.0
2026-04-28 10:50:00,RE.V,,0.3700000047683716,0.3700000047683716,0.3700000047683716,0.3700000047683716,0.0
2026-04-28 10:50:00,RECO.V,,1.1799999475479126,1.190000057220459,1.1799999475479126,1.190000057220459,316942.0
2026-04-28 10:50:00,SCD.V,,0.15000000596046448,0.15000000596046448,0.15000000596046448,0.15000000596046448,14266.0
2026-04-28 10:50:00,SCZ.V,,10.65999984741211,10.670000076293945,10.65999984741211,10.670000076293945,1772.0
2026-04-28 10:50:00,SEI.V,,0.5199999809265137,0.5199999809265137,0.5199999809265137,0.5199999809265137,25000.0
2026-04-28 10:50:00,SLG.V,,3.1700000762939453,3.1700000762939453,3.1700000762939453,3.1700000762939453,200.0
2026-04-28 10:50:00,SLI.V,,4.960000038146973,4.960000038146973,4.960000038146973,4.960000038146973,100.0
2026-04-28 10:50:00,SOMA.V,,1.2899999618530273,1.2899999618530273,1.2899999618530273,1.2899999618530273,13100.0
2026-04-28 10:50:00,SVRS.V,,0.4449999928474426,0.44749999046325684,0.4449999928474426,0.44749999046325684,3310.0
2026-04-28 10:51:00,NCX.V,,3.109999895095825,3.109999895095825,3.0999999046325684,3.0999999046325684,400.0
2026-04-28 10:51:00,NWX.V,,0.13500000536441803,0.13500000536441803,0.13500000536441803,0.13500000536441803,79500.0
2026-04-28 10:51:00,PGX.V,,0.04500000178813934,0.04500000178813934,0.04500000178813934,0.04500000178813934,0.0
2026-04-28 10:51:00,RDS.V,,1.0700000524520874,1.0700000524520874,1.0700000524520874,1.0700000524520874,7600.0
2026-04-28 10:51:00,RECO.V,,1.190000057220459,1.190000057220459,1.190000057220459,1.190000057220459,1900.0
2026-04-28 10:51:00,RKV.V,,0.10999999940395355,0.10999999940395355,0.10999999940395355,0.10999999940395355,0.0
2026-04-28 10:51:00,ROCK.V,,2.950000047683716,2.950000047683716,2.950000047683716,2.950000047683716,700.0
2026-04-28 10:51:00,SGML.V,,27.229999542236328,27.229999542236328,27.229999542236328,27.229999542236328,100.0
2026-04-28 10:51:00,SVRS.V,,0.4399999976158142,0.4399999976158142,0.4399999976158142,0.4399999976158142,500.0
2026-04-28 10:52:00,NCAU.V,,0.5799999833106995,0.5799999833106995,0.5799999833106995,0.5799999833106995,500.0
2026-04-28 10:52:00,NCX.V,,3.109999895095825,3.109999895095825,3.109999895095825,3.109999895095825,1073.0
2026-04-28 10:52:00,OCO.V,,0.38499999046325684,0.38999998569488525,0.38499999046325684,0.38999998569488525,33200.0
2026-04-28 10:52:00,ONYX.V,,1.149999976158142,1.149999976158142,1.149999976158142,1.149999976158142,27300.0
2026-04-28 10:52:00,RDS.V,,1.059999942779541,1.0700000524520874,1.059999942779541,1.0700000524520874,58900.0
2026-04-28 10:52:00,RECO.V,,1.190000057220459,1.190000057220459,1.190000057220459,1.190000057220459,7400.0
2026-04-28 10:52:00,SCZ.V,,10.670000076293945,10.670000076293945,10.649999618530273,10.65999984741211,500.0
2026-04-28 10:52:00,SEND.V,,1.4900000095367432,1.4900000095367432,1.4500000476837158,1.4500000476837158,3125.0
2026-04-28 10:52:00,SLG.V,,3.1700000762939453,3.1700000762939453,3.1700000762939453,3.1700000762939453,100.0
2026-04-28 10:52:00,SLI.V,,4.960000038146973,4.960000038146973,4.960000038146973,4.960000038146973,1000.0
2026-04-28 10:52:00,SSV.V,,0.48500001430511475,0.48500001430511475,0.48500001430511475,0.48500001430511475,52105.0
2026-04-28 10:52:00,SVRS.V,,0.4449999928474426,0.4449999928474426,0.4449999928474426,0.4449999928474426,500.0
2026-04-28 10:53:00,MNRG.V,,0.0949999988079071,0.0949999988079071,0.0949999988079071,0.0949999988079071,50000.0
2026-04-28 10:53:00,NCX.V,,3.119999885559082,3.119999885559082,3.119999885559082,3.119999885559082,700.0
2026-04-28 10:53:00,OCO.V,,0.38499999046325684,0.38499999046325684,0.38499999046325684,0.38499999046325684,4000.0
2026-04-28 10:53:00,OMG.V,,2.2899999618530273,2.2899999618530273,2.2899999618530273,2.2899999618530273,200.0
2026-04-28 10:53:00,ONYX.V,,1.159999966621399,1.159999966621399,1.159999966621399,1.159999966621399,10900.0
2026-04-28 10:53:00,OPW.V,,0.14000000059604645,0.14000000059604645,0.14000000059604645,0.14000000059604645,15500.0
2026-04-28 10:53:00,PML.V,,1.0299999713897705,1.0299999713897705,1.0299999713897705,1.0299999713897705,100.0
2026-04-28 10:53:00,QTWO.V,,2.740000009536743,2.75,2.7300000190734863,2.7300000190734863,3500.0
2026-04-28 10:53:00,RDS.V,,1.059999942779541,1.059999942779541,1.059999942779541,1.059999942779541,8600.0
2026-04-28 10:53:00,RSMX.V,,0.10999999940395355,0.10999999940395355,0.10999999940395355,0.10999999940395355,55000.0
2026-04-28 10:53:00,SCZ.V,,10.680000305175781,10.680000305175781,10.680000305175781,10.680000305175781,200.0
2026-04-28 10:53:00,SEI.V,,0.5199999809265137,0.5199999809265137,0.5199999809265137,0.5199999809265137,25000.0
2026-04-28 10:54:00,MGG.V,,0.33500000834465027,0.33500000834465027,0.33500000834465027,0.33500000834465027,84000.0
2026-04-28 10:54:00,NCX.V,,3.119999885559082,3.119999885559082,3.119999885559082,3.119999885559082,8521.0
2026-04-28 10:54:00,ONYX.V,,1.159999966621399,1.159999966621399,1.159999966621399,1.159999966621399,3100.0
2026-04-28 10:54:00,OPW.V,,0.14000000059604645,0.14000000059604645,0.14000000059604645,0.14000000059604645,4000.0
2026-04-28 10:54:00,PRG.V,,0.7900000214576721,0.7900000214576721,0.7900000214576721,0.7900000214576721,21000.0
2026-04-28 10:54:00,QTWO.V,,2.740000009536743,2.740000009536743,2.740000009536743,2.740000009536743,100.0
2026-04-28 10:54:00,RECO.V,,1.190000057220459,1.190000057220459,1.190000057220459,1.190000057220459,10100.0
2026-04-28 10:54:00,SATO.V,,0.125,0.125,0.125,0.125,0.0
2026-04-28 10:54:00,SCZ.V,,10.649999618530273,10.65999984741211,10.649999618530273,10.65999984741211,300.0
2026-04-28 10:54:00,SECU.V,,2.140000104904175,2.140000104904175,2.140000104904175,2.140000104904175,2100.0
2026-04-28 10:54:00,SLI.V,,4.949999809265137,4.949999809265137,4.949999809265137,4.949999809265137,1304.0
2026-04-28 10:54:00,SM.V,,1.6299999952316284,1.6299999952316284,1.6200000047683716,1.6200000047683716,4720.0
2026-04-28 10:54:00,SOMA.V,,1.2899999618530273,1.2899999618530273,1.2899999618530273,1.2899999618530273,100.0
2026-04-28 10:54:00,SVRS.V,,0.4399999976158142,0.4399999976158142,0.4399999976158142,0.4399999976158142,500.0
2026-04-28 10:55:00,MNRG.V,,0.0949999988079071,0.0949999988079071,0.0949999988079071,0.0949999988079071,2000.0
2026-04-28 10:55:00,NCX.V,,3.119999885559082,3.119999885559082,3.119999885559082,3.119999885559082,400.0
2026-04-28 10:55:00,NFG.V,,2.6600000858306885,2.6600000858306885,2.6500000953674316,2.6500000953674316,18800.0
2026-04-28 10:55:00,ODV.V,,4.130000114440918,4.130000114440918,4.119999885559082,4.119999885559082,300.0
2026-04-28 10:55:00,ONYX.V,,1.149999976158142,1.159999966621399,1.149999976158142,1.159999966621399,6700.0
2026-04-28 10:55:00,PRG.V,,0.7900000214576721,0.7900000214576721,0.7900000214576721,0.7900000214576721,9000.0
2026-04-28 10:55:00,QGR.V,,0.2800000011920929,0.2800000011920929,0.2800000011920929,0.2800000011920929,500.0
2026-04-28 10:55:00,RDG.V,,0.18000000715255737,0.18000000715255737,0.18000000715255737,0.18000000715255737,800.0
2026-04-28 10:55:00,RPX.V,,0.17000000178813934,0.17000000178813934,0.17000000178813934,0.17000000178813934,44500.0
2026-04-28 10:55:00,SCZ.V,,10.670000076293945,10.670000076293945,10.630000114440918,10.640000343322754,1100.0
2026-04-28 10:55:00,SLI.V,,4.96999979019165,4.96999979019165,4.949999809265137,4.949999809265137,4800.0
2026-04-28 10:55:00,SVRS.V,,0.4449999928474426,0.4449999928474426,0.4449999928474426,0.4449999928474426,1000.0
2026-04-28 10:55:00,VIPR.V,,0.8899999856948853,0.8999999761581421,0.8899999856948853,0.8999999761581421,12000.0
2026-04-28 10:56:00,NFG.V,,2.6600000858306885,2.6600000858306885,2.6600000858306885,2.6600000858306885,100.0
2026-04-28 10:56:00,OCI.V,,0.125,0.125,0.125,0.125,51010.0
2026-04-28 10:56:00,ODV.V,,4.150000095367432,4.150000095367432,4.139999866485596,4.139999866485596,900.0
2026-04-28 10:56:00,ONYX.V,,1.149999976158142,1.149999976158142,1.149999976158142,1.149999976158142,300.0
2026-04-28 10:56:00,RECO.V,,1.190000057220459,1.190000057220459,1.190000057220459,1.190000057220459,100.0
2026-04-28 10:56:00,RPX.V,,0.16500000655651093,0.17000000178813934,0.16500000655651093,0.17000000178813934,72723.0
2026-04-28 10:56:00,SATO.V,,0.11999999731779099,0.11999999731779099,0.11999999731779099,0.11999999731779099,27500.0
2026-04-28 10:56:00,SCZ.V,,10.699999809265137,10.699999809265137,10.680000305175781,10.680000305175781,7700.0
2026-04-28 10:56:00,SKP.V,,0.17499999701976776,0.17499999701976776,0.17499999701976776,0.17499999701976776,5100.0
2026-04-28 10:56:00,SLI.V,,4.960000038146973,4.960000038146973,4.960000038146973,4.960000038146973,900.0
2026-04-28 10:56:00,VIPR.V,,0.8799999952316284,0.8799999952316284,0.8799999952316284,0.8799999952316284,16500.0
2026-04-28 10:57:00,MMY.V,,0.8199999928474426,0.8199999928474426,0.8199999928474426,0.8199999928474426,2500.0
2026-04-28 10:57:00,MONT.V,,0.004999999888241291,0.004999999888241291,0.004999999888241291,0.004999999888241291,56000.0
2026-04-28 10:57:00,NCX.V,,3.119999885559082,3.119999885559082,3.119999885559082,3.119999885559082,100.0
2026-04-28 10:57:00,NFG.V,,2.6600000858306885,2.6600000858306885,2.6600000858306885,2.6600000858306885,100.0
2026-04-28 10:57:00,ODV.V,,4.159999847412109,4.159999847412109,4.159999847412109,4.159999847412109,100.0
2026-04-28 10:57:00,OMG.V,,2.2899999618530273,2.2899999618530273,2.2899999618530273,2.2899999618530273,200.0
2026-04-28 10:57:00,QTWO.V,,2.740000009536743,2.75,2.740000009536743,2.744999885559082,6500.0
2026-04-28 10:57:00,RDS.V,,1.059999942779541,1.059999942779541,1.059999942779541,1.059999942779541,300.0
2026-04-28 10:57:00,RECO.V,,1.190000057220459,1.190000057220459,1.190000057220459,1.190000057220459,7800.0
2026-04-28 10:57:00,RIWI.V,,0.33000001311302185,0.33000001311302185,0.33000001311302185,0.33000001311302185,0.0
2026-04-28 10:57:00,SGML.V,,27.469999313354492,27.469999313354492,27.469999313354492,27.469999313354492,100.0
2026-04-28 10:57:00,SLG.V,,3.180000066757202,3.180000066757202,3.180000066757202,3.180000066757202,100.0
2026-04-28 10:57:00,SMN.V,,0.12999999523162842,0.12999999523162842,0.12999999523162842,0.12999999523162842,75000.0
2026-04-28 10:57:00,SOMA.V,,1.2999999523162842,1.2999999523162842,1.2999999523162842,1.2999999523162842,300.0
2026-04-28 10:57:00,SRR.V,,0.9900000095367432,0.9900000095367432,0.9900000095367432,0.9900000095367432,2000.0
2026-04-28 10:57:00,SVRS.V,,0.44749999046325684,0.44749999046325684,0.44749999046325684,0.44749999046325684,500.0
2026-04-28 10:58:00,MMY.V,,0.8299999833106995,0.8299999833106995,0.824999988079071,0.824999988079071,6000.0
2026-04-28 10:58:00,OMG.V,,2.2950000762939453,2.299999952316284,2.2899999618530273,2.2899999618530273,7900.0
2026-04-28 10:58:00,RCK.V,,0.9800000190734863,0.9800000190734863,0.9800000190734863,0.9800000190734863,500.0
2026-04-28 10:58:00,RECO.V,,1.190000057220459,1.190000057220459,1.190000057220459,1.190000057220459,33700.0
2026-04-28 10:58:00,SCD.V,,0.15000000596046448,0.15000000596046448,0.15000000596046448,0.15000000596046448,241128.0
2026-04-28 10:58:00,SCZ.V,,10.720000267028809,10.720000267028809,10.720000267028809,10.720000267028809,100.0
2026-04-28 10:58:00,SLI.V,,4.96999979019165,4.96999979019165,4.96999979019165,4.96999979019165,1700.0
2026-04-28 10:58:00,SMN.V,,0.12999999523162842,0.12999999523162842,0.12999999523162842,0.12999999523162842,30000.0
2026-04-28 10:58:00,SR.V,,0.27000001072883606,0.27000001072883606,0.27000001072883606,0.27000001072883606,1000.0
2026-04-28 10:59:00,MHUB.V,,0.75,0.75,0.75,0.75,500.0
2026-04-28 10:59:00,MMY.V,,0.8299999833106995,0.8299999833106995,0.8299999833106995,0.8299999833106995,4000.0
2026-04-28 10:59:00,NCX.V,,3.134999990463257,3.134999990463257,3.130000114440918,3.130000114440918,1800.0
2026-04-28 10:59:00,NFG.V,,2.6600000858306885,2.6600000858306885,2.6600000858306885,2.6600000858306885,100.0
2026-04-28 10:59:00,ODV.V,,4.159999847412109,4.159999847412109,4.159999847412109,4.159999847412109,100.0
2026-04-28 10:59:00,PRG.V,,0.7900000214576721,0.7900000214576721,0.7900000214576721,0.7900000214576721,10000.0
2026-04-28 10:59:00,QTWO.V,,2.740000009536743,2.740000009536743,2.740000009536743,2.740000009536743,1300.0
2026-04-28 10:59:00,SCD.V,,0.15000000596046448,0.15000000596046448,0.15000000596046448,0.15000000596046448,312500.0
2026-04-28 10:59:00,SCZ.V,,10.739999771118164,10.739999771118164,10.739999771118164,10.739999771118164,300.0
2026-04-28 10:59:00,SGML.V,,27.579999923706055,27.579999923706055,27.579999923706055,27.579999923706055,300.0
2026-04-28 10:59:00,SMN.V,,0.13500000536441803,0.13500000536441803,0.13500000536441803,0.13500000536441803,3118000.0
2026-04-28 10:59:00,SOU.V,,0.08500000089406967,0.08500000089406967,0.08500000089406967,0.08500000089406967,2000.0
2026-04-28 10:59:00,SPA.V,,0.3050000071525574,0.3050000071525574,0.3050000071525574,0.3050000071525574,15000.0
2026-04-28 11:00:00,MGG.V,,0.3449999988079071,0.3449999988079071,0.3400000035762787,0.3400000035762787,16085.0
2026-04-28 11:00:00,NCAU.V,,0.5899999737739563,0.5899999737739563,0.5899999737739563,0.5899999737739563,1000.0
2026-04-28 11:00:00,NCX.V,,3.140000104904175,3.140000104904175,3.140000104904175,3.140000104904175,600.0
2026-04-28 11:00:00,OMG.V,,2.299999952316284,2.299999952316284,2.299999952316284,2.299999952316284,100.0
2026-04-28 11:00:00,ONYX.V,,1.159999966621399,1.159999966621399,1.159999966621399,1.159999966621399,100.0
2026-04-28 11:00:00,PGLD.V,,0.7200000286102295,0.7200000286102295,0.7200000286102295,0.7200000286102295,5000.0
2026-04-28 11:00:00,PRG.V,,0.7900000214576721,0.7900000214576721,0.7900000214576721,0.7900000214576721,500.0
2026-04-28 11:00:00,PVIS.V,,0.23499999940395355,0.23499999940395355,0.23499999940395355,0.23499999940395355,2000.0
2026-04-28 11:00:00,QTWO.V,,2.75,2.75,2.75,2.75,2000.0
2026-04-28 11:00:00,RDS.V,,1.0700000524520874,1.0700000524520874,1.0700000524520874,1.0700000524520874,7500.0
2026-04-28 11:00:00,SCZ.V,,10.739999771118164,10.739999771118164,10.739999771118164,10.739999771118164,100.0
2026-04-28 11:00:00,SKYG.V,,0.054999999701976776,0.054999999701976776,0.054999999701976776,0.054999999701976776,149000.0
2026-04-28 11:00:00,SMN.V,,0.14000000059604645,0.14000000059604645,0.14000000059604645,0.14000000059604645,40000.0
2026-04-28 11:00:00,SOMA.V,,1.2799999713897705,1.2899999618530273,1.2799999713897705,1.2899999618530273,7000.0
2026-04-28 11:00:00,SVE.V,,0.4650000035762787,0.4650000035762787,0.4650000035762787,0.4650000035762787,8500.0
2026-04-28 11:00:00,SVRS.V,,0.44999998807907104,0.44999998807907104,0.44999998807907104,0.44999998807907104,40821.0
2026-04-28 11:01:00,NCI.V,,0.9900000095367432,0.9900000095367432,0.9900000095367432,0.9900000095367432,2500.0
2026-04-28 11:01:00,NCX.V,,3.130000114440918,3.140000104904175,3.130000114440918,3.140000104904175,600.0
2026-04-28 11:01:00,NFG.V,,2.6600000858306885,2.6600000858306885,2.6600000858306885,2.6600000858306885,100.0
2026-04-28 11:01:00,OMG.V,,2.305000066757202,2.305000066757202,2.299999952316284,2.299999952316284,20000.0
2026-04-28 11:01:00,PVIS.V,,0.23000000417232513,0.23000000417232513,0.23000000417232513,0.23000000417232513,8032.0
2026-04-28 11:01:00,QTWO.V,,2.744999885559082,2.744999885559082,2.744999885559082,2.744999885559082,100.0
2026-04-28 11:01:00,RDS.V,,1.0700000524520874,1.0700000524520874,1.0700000524520874,1.0700000524520874,100.0
2026-04-28 11:01:00,RECO.V,,1.190000057220459,1.190000057220459,1.190000057220459,1.190000057220459,8500.0
2026-04-28 11:01:00,SCZ.V,,10.720000267028809,10.75,10.720000267028809,10.75,1100.0
2026-04-28 11:01:00,SGML.V,,27.610000610351562,27.610000610351562,27.610000610351562,27.610000610351562,100.0
2026-04-28 11:01:00,SLI.V,,5.010000228881836,5.050000190734863,4.989999771118164,4.989999771118164,99600.0
2026-04-28 11:02:00,MHUB.V,,0.7799999713897705,0.7799999713897705,0.75,0.75,30000.0
2026-04-28 11:02:00,MMY.V,,0.8199999928474426,0.8199999928474426,0.8100000023841858,0.8199999928474426,33397.0
2026-04-28 11:02:00,NCI.V,,0.9900000095367432,0.9900000095367432,0.9900000095367432,0.9900000095367432,300.0
2026-04-28 11:02:00,ODV.V,,4.170000076293945,4.170000076293945,4.170000076293945,4.170000076293945,200.0
2026-04-28 11:02:00,OMG.V,,2.2950000762939453,2.299999952316284,2.2950000762939453,2.299999952316284,2700.0
2026-04-28 11:02:00,PGE.V,,0.3199999928474426,0.3199999928474426,0.3199999928474426,0.3199999928474426,6000.0
2026-04-28 11:02:00,SCZ.V,,10.6899995803833,10.6899995803833,10.6899995803833,10.6899995803833,200.0
2026-04-28 11:02:00,SLI.V,,4.989999771118164,4.989999771118164,4.989999771118164,4.989999771118164,600.0
2026-04-28 11:03:00,MMY.V,,0.8199999928474426,0.8199999928474426,0.8199999928474426,0.8199999928474426,3000.0
2026-04-28 11:03:00,NCI.V,,0.9800000190734863,0.9900000095367432,0.9800000190734863,0.9850000143051147,1400.0
2026-04-28 11:03:00,NFG.V,,2.6700000762939453,2.6700000762939453,2.6600000858306885,2.6600000858306885,3729.0
2026-04-28 11:03:00,PRG.V,,0.7850000262260437,0.7900000214576721,0.7799999713897705,0.7900000214576721,21292.0
2026-04-28 11:03:00,SCZ.V,,10.720000267028809,10.720000267028809,10.720000267028809,10.720000267028809,100.0
2026-04-28 11:03:00,SEND.V,,1.4500000476837158,1.4500000476837158,1.4500000476837158,1.4500000476837158,100.0
2026-04-28 11:03:00,SOMA.V,,1.2899999618530273,1.2899999618530273,1.2899999618530273,1.2899999618530273,300.0
2026-04-28 11:03:00,SQG.V,,0.11500000208616257,0.11500000208616257,0.11500000208616257,0.11500000208616257,500.0
2026-04-28 11:03:00,SRL.V,,0.2199999988079071,0.2199999988079071,0.2199999988079071,0.2199999988079071,33000.0
2026-04-28 11:03:00,SSV.V,,0.48500001430511475,0.48500001430511475,0.48500001430511475,0.48500001430511475,29000.0
2026-04-28 11:04:00,NCX.V,,3.0999999046325684,3.0999999046325684,3.0999999046325684,3.0999999046325684,6232.0
2026-04-28 11:04:00,NFG.V,,2.6700000762939453,2.6700000762939453,2.6600000858306885,2.6600000858306885,1200.0
2026-04-28 11:04:00,OMG.V,,2.2899999618530273,2.2899999618530273,2.2899999618530273,2.2899999618530273,200.0
2026-04-28 11:04:00,ONYX.V,,1.159999966621399,1.159999966621399,1.159999966621399,1.159999966621399,5300.0
2026-04-28 11:04:00,PHD.V,,0.05000000074505806,0.05000000074505806,0.05000000074505806,0.05000000074505806,0.0
2026-04-28 11:04:00,PLY.V,,0.05999999865889549,0.05999999865889549,0.05999999865889549,0.05999999865889549,0.0
2026-04-28 11:04:00,QTWO.V,,2.740000009536743,2.744999885559082,2.740000009536743,2.744999885559082,1000.0
2026-04-28 11:04:00,SCZ.V,,10.680000305175781,10.680000305175781,10.680000305175781,10.680000305175781,100.0
2026-04-28 11:04:00,SEND.V,,1.4500000476837158,1.4500000476837158,1.4500000476837158,1.4500000476837158,8000.0
2026-04-28 11:04:00,SLG.V,,3.1700000762939453,3.180000066757202,3.1700000762939453,3.180000066757202,2700.0
2026-04-28 11:04:00,SMN.V,,0.13500000536441803,0.13500000536441803,0.13500000536441803,0.13500000536441803,453500.0
2026-04-28 11:04:00,SOMA.V,,1.2999999523162842,1.2999999523162842,1.2999999523162842,1.2999999523162842,100.0
2026-04-28 11:04:00,SQG.V,,0.11500000208616257,0.11500000208616257,0.11500000208616257,0.11500000208616257,1000.0
2026-04-28 11:05:00,MKA.V,,0.8399999737739563,0.8399999737739563,0.8399999737739563,0.8399999737739563,1040.0
2026-04-28 11:05:00,NCX.V,,3.0899999141693115,3.0899999141693115,3.0899999141693115,3.0899999141693115,1500.0
2026-04-28 11:05:00,NKL.V,,1.2599999904632568,1.2599999904632568,1.2599999904632568,1.2599999904632568,1000.0
2026-04-28 11:05:00,ODV.V,,4.179999828338623,4.179999828338623,4.179999828338623,4.179999828338623,3200.0
2026-04-28 11:05:00,OMG.V,,2.2950000762939453,2.2950000762939453,2.2950000762939453,2.2950000762939453,6335.0
2026-04-28 11:05:00,QTWO.V,,2.744999885559082,2.75,2.744999885559082,2.744999885559082,1400.0
2026-04-28 11:05:00,SLG.V,,3.1700000762939453,3.1700000762939453,3.1700000762939453,3.1700000762939453,1500.0
2026-04-28 11:05:00,SLI.V,,5.0,5.0,5.0,5.0,11300.0
2026-04-28 11:05:00,SPX.V,,0.0949999988079071,0.0949999988079071,0.0949999988079071,0.0949999988079071,1000.0
2026-04-28 11:05:00,SYH.V,,0.47999998927116394,0.47999998927116394,0.47999998927116394,0.47999998927116394,500.0
2026-04-28 11:05:00,VIPR.V,,0.8799999952316284,0.8799999952316284,0.8799999952316284,0.8799999952316284,500.0
2026-04-28 11:06:00,NCX.V,,3.0899999141693115,3.0899999141693115,3.0799999237060547,3.0799999237060547,4400.0
2026-04-28 11:06:00,NFG.V,,2.6600000858306885,2.6600000858306885,2.6600000858306885,2.6600000858306885,900.0
2026-04-28 11:06:00,NIM.V,,0.7900000214576721,0.7900000214576721,0.7900000214576721,0.7900000214576721,500.0
2026-04-28 11:06:00,OMG.V,,2.2899999618530273,2.2950000762939453,2.2899999618530273,2.2899999618530273,3590.0
2026-04-28 11:06:00,ONYX.V,,1.1799999475479126,1.1799999475479126,1.1699999570846558,1.1699999570846558,2400.0
2026-04-28 11:06:00,PHD.V,,0.05000000074505806,0.05000000074505806,0.05000000074505806,0.05000000074505806,90000.0
2026-04-28 11:06:00,PHNM.V,,0.42500001192092896,0.42500001192092896,0.42500001192092896,0.42500001192092896,500.0
2026-04-28 11:06:00,QTWO.V,,2.75,2.75,2.740000009536743,2.740000009536743,500.0
2026-04-28 11:06:00,RECO.V,,1.190000057220459,1.190000057220459,1.190000057220459,1.190000057220459,1250.0
2026-04-28 11:06:00,SAGE.V,,0.1599999964237213,0.1599999964237213,0.1599999964237213,0.1599999964237213,5000.0
2026-04-28 11:06:00,SCZ.V,,10.670000076293945,10.6899995803833,10.65999984741211,10.65999984741211,2000.0
2026-04-28 11:06:00,SPA.V,,0.3050000071525574,0.3050000071525574,0.3050000071525574,0.3050000071525574,7000.0
2026-04-28 11:07:00,MNRG.V,,0.0949999988079071,0.0949999988079071,0.0949999988079071,0.0949999988079071,50000.0
2026-04-28 11:07:00,NCI.V,,1.0,1.0,0.9900000095367432,0.9900000095367432,6000.0
2026-04-28 11:07:00,NCX.V,,3.0799999237060547,3.0799999237060547,3.0799999237060547,3.0799999237060547,200.0
2026-04-28 11:07:00,NFG.V,,2.6600000858306885,2.6600000858306885,2.6600000858306885,2.6600000858306885,2100.0
2026-04-28 11:07:00,ODV.V,,4.179999828338623,4.179999828338623,4.179999828338623,4.179999828338623,200.0
2026-04-28 11:07:00,ONYX.V,,1.159999966621399,1.159999966621399,1.159999966621399,1.159999966621399,14800.0
2026-04-28 11:07:00,PA.V,,0.18000000715255737,0.18000000715255737,0.18000000715255737,0.18000000715255737,5000.0
2026-04-28 11:07:00,PPP.V,,1.4600000381469727,1.4600000381469727,1.4600000381469727,1.4600000381469727,7700.0
2026-04-28 11:07:00,QTWO.V,,2.740000009536743,2.740000009536743,2.740000009536743,2.740000009536743,100.0
2026-04-28 11:07:00,RDS.V,,1.0700000524520874,1.0700000524520874,1.0700000524520874,1.0700000524520874,1000.0
2026-04-28 11:07:00,SCOT.V,,2.2300000190734863,2.2300000190734863,2.2300000190734863,2.2300000190734863,158.0
2026-04-28 11:07:00,SCZ.V,,10.65999984741211,10.65999984741211,10.65999984741211,10.65999984741211,100.0
2026-04-28 11:07:00,SLI.V,,5.0,5.010000228881836,5.0,5.0,11900.0
2026-04-28 11:07:00,SM.V,,1.625,1.625,1.625,1.625,100.0
2026-04-28 11:07:00,SSV.V,,0.48500001430511475,0.48500001430511475,0.48500001430511475,0.48500001430511475,1000.0
2026-04-28 11:07:00,SVE.V,,0.4699999988079071,0.4699999988079071,0.4699999988079071,0.4699999988079071,500.0
2026-04-28 11:07:00,VIPR.V,,0.8700000047683716,0.8700000047683716,0.8700000047683716,0.8700000047683716,500.0
2026-04-28 11:08:00,NCI.V,,0.9700000286102295,0.9700000286102295,0.9700000286102295,0.9700000286102295,1300.0
2026-04-28 11:08:00,NFG.V,,2.6600000858306885,2.6600000858306885,2.6600000858306885,2.6600000858306885,1010.0
2026-04-28 11:08:00,ODV.V,,4.179999828338623,4.179999828338623,4.179999828338623,4.179999828338623,700.0
2026-04-28 11:08:00,OMG.V,,2.2799999713897705,2.2799999713897705,2.2799999713897705,2.2799999713897705,300.0
2026-04-28 11:08:00,PLY.V,,0.05999999865889549,0.05999999865889549,0.05999999865889549,0.05999999865889549,50000.0
2026-04-28 11:08:00,PML.V,,1.0299999713897705,1.0299999713897705,1.0299999713897705,1.0299999713897705,200.0
2026-04-28 11:08:00,RVG.V,,0.7699999809265137,0.7699999809265137,0.7699999809265137,0.7699999809265137,500.0
2026-04-28 11:08:00,SCZ.V,,10.6899995803833,10.6899995803833,10.680000305175781,10.680000305175781,300.0
2026-04-28 11:08:00,SKYG.V,,0.054999999701976776,0.054999999701976776,0.054999999701976776,0.054999999701976776,127000.0
2026-04-28 11:08:00,SLG.V,,3.1700000762939453,3.1700000762939453,3.1700000762939453,3.1700000762939453,500.0
2026-04-28 11:09:00,MMY.V,,0.824999988079071,0.824999988079071,0.824999988079071,0.824999988079071,500.0
2026-04-28 11:09:00,NGC.V,,0.16500000655651093,0.16500000655651093,0.16500000655651093,0.16500000655651093,1000.0
2026-04-28 11:09:00,NMI.V,,0.26499998569488525,0.26499998569488525,0.26499998569488525,0.26499998569488525,7884.0
2026-04-28 11:09:00,NOAL.V,,0.23000000417232513,0.23000000417232513,0.23000000417232513,0.23000000417232513,8000.0
2026-04-28 11:09:00,SCZ.V,,10.720000267028809,10.720000267028809,10.720000267028809,10.720000267028809,200.0
2026-04-28 11:09:00,SLI.V,,5.039999961853027,5.039999961853027,5.0,5.019999980926514,3100.0
2026-04-28 11:09:00,SMN.V,,0.13500000536441803,0.13500000536441803,0.13500000536441803,0.13500000536441803,95000.0
2026-04-28 11:09:00,SOMA.V,,1.2999999523162842,1.2999999523162842,1.2999999523162842,1.2999999523162842,257.0
2026-04-28 11:10:00,NICN.V,,0.14000000059604645,0.14000000059604645,0.14000000059604645,0.14000000059604645,500.0
2026-04-28 11:10:00,QTWO.V,,2.744999885559082,2.744999885559082,2.744999885559082,2.744999885559082,100.0
2026-04-28 11:10:00,RKV.V,,0.10999999940395355,0.10999999940395355,0.10999999940395355,0.10999999940395355,1500.0
2026-04-28 11:10:00,RSS.V,,0.5,0.5199999809265137,0.5,0.5199999809265137,14350.0
2026-04-28 11:10:00,RYO.V,,0.38999998569488525,0.39500001072883606,0.38499999046325684,0.39500001072883606,15515.0
2026-04-28 11:10:00,SCZ.V,,10.699999809265137,10.699999809265137,10.699999809265137,10.699999809265137,300.0
2026-04-28 11:10:00,SLI.V,,5.050000190734863,5.050000190734863,5.050000190734863,5.050000190734863,500.0
2026-04-28 11:10:00,SVRS.V,,0.44749999046325684,0.44749999046325684,0.44749999046325684,0.44749999046325684,500.0
2026-04-28 11:11:00,MHUB.V,,0.7599999904632568,0.7599999904632568,0.7599999904632568,0.7599999904632568,24000.0
2026-04-28 11:11:00,MMY.V,,0.824999988079071,0.824999988079071,0.824999988079071,0.824999988079071,500.0
2026-04-28 11:11:00,NCX.V,,3.0799999237060547,3.0799999237060547,3.0799999237060547,3.0799999237060547,5200.0
2026-04-28 11:11:00,ODV.V,,4.150000095367432,4.179999828338623,4.150000095367432,4.179999828338623,2200.0
2026-04-28 11:11:00,ODX-H.V,,0.09000000357627869,0.09000000357627869,0.09000000357627869,0.09000000357627869,0.0
2026-04-28 11:11:00,OMG.V,,2.2799999713897705,2.2799999713897705,2.2799999713897705,2.2799999713897705,100.0
2026-04-28 11:11:00,PLY.V,,0.05999999865889549,0.05999999865889549,0.05999999865889549,0.05999999865889549,20000.0
2026-04-28 11:11:00,PUMA.V,,0.12999999523162842,0.12999999523162842,0.12999999523162842,0.12999999523162842,9425.0
2026-04-28 11:11:00,RDS.V,,1.0700000524520874,1.0700000524520874,1.0700000524520874,1.0700000524520874,4500.0
2026-04-28 11:11:00,ROI.V,,0.0949999988079071,0.0949999988079071,0.0949999988079071,0.0949999988079071,5000.0
2026-04-28 11:11:00,RYO.V,,0.38499999046325684,0.38499999046325684,0.38499999046325684,0.38499999046325684,6000.0
2026-04-28 11:11:00,SCOT.V,,2.240000009536743,2.240000009536743,2.240000009536743,2.240000009536743,1000.0
2026-04-28 11:11:00,SCZ.V,,10.680000305175781,10.6899995803833,10.680000305175781,10.6899995803833,800.0
2026-04-28 11:11:00,SLG.V,,3.1600000858306885,3.1700000762939453,3.1600000858306885,3.1700000762939453,1500.0
2026-04-28 11:11:00,SLI.V,,5.059999942779541,5.059999942779541,5.059999942779541,5.059999942779541,500.0
2026-04-28 11:11:00,SVRS.V,,0.4449999928474426,0.4449999928474426,0.4449999928474426,0.4449999928474426,500.0
2026-04-28 11:11:00,SYH.V,,0.47999998927116394,0.47999998927116394,0.47999998927116394,0.47999998927116394,3000.0
2026-04-28 11:12:00,MHUB.V,,0.7799999713897705,0.7799999713897705,0.7599999904632568,0.7599999904632568,3500.0
2026-04-28 11:12:00,NFG.V,,2.6600000858306885,2.6600000858306885,2.6600000858306885,2.6600000858306885,200.0
2026-04-28 11:12:00,NIM.V,,0.7900000214576721,0.7900000214576721,0.7900000214576721,0.7900000214576721,500.0
2026-04-28 11:12:00,OMG.V,,2.2850000858306885,2.2850000858306885,2.2850000858306885,2.2850000858306885,3000.0
2026-04-28 11:12:00,ONYX.V,,1.2000000476837158,1.2000000476837158,1.1799999475479126,1.1799999475479126,32850.0
2026-04-28 11:12:00,PER.V,,0.1850000023841858,0.1850000023841858,0.1850000023841858,0.1850000023841858,58500.0
2026-04-28 11:12:00,PLSR.V,,1.7200000286102295,1.7200000286102295,1.7200000286102295,1.7200000286102295,1300.0
2026-04-28 11:12:00,PTU.V,,0.46000000834465027,0.46000000834465027,0.46000000834465027,0.46000000834465027,25750.0
2026-04-28 11:12:00,SCZ.V,,10.720000267028809,10.720000267028809,10.6899995803833,10.6899995803833,300.0
2026-04-28 11:12:00,SGML.V,,27.479999542236328,27.479999542236328,27.440000534057617,27.440000534057617,200.0
2026-04-28 11:12:00,SM.V,,1.6299999952316284,1.6299999952316284,1.6200000047683716,1.6200000047683716,1100.0
2026-04-28 11:12:00,SMN.V,,0.13500000536441803,0.13500000536441803,0.13500000536441803,0.13500000536441803,36000.0
2026-04-28 11:12:00,SPA.V,,0.3050000071525574,0.3050000071525574,0.3050000071525574,0.3050000071525574,4500.0
2026-04-28 11:12:00,SVRS.V,,0.4449999928474426,0.4449999928474426,0.4449999928474426,0.4449999928474426,500.0
2026-04-28 11:13:00,FISH.V,,3.7200000286102295,3.7200000286102295,3.7200000286102295,3.7200000286102295,200.0
2026-04-28 11:13:00,MMY.V,,0.824999988079071,0.824999988079071,0.824999988079071,0.824999988079071,500.0
2026-04-28 11:13:00,OMG.V,,2.2899999618530273,2.2899999618530273,2.2899999618530273,2.2899999618530273,100.0
2026-04-28 11:13:00,PLSR.V,,1.7100000381469727,1.7100000381469727,1.7100000381469727,1.7100000381469727,544.0
2026-04-28 11:13:00,QTWO.V,,2.75,2.75,2.75,2.75,0.0
2026-04-28 11:13:00,RDS.V,,1.059999942779541,1.059999942779541,1.059999942779541,1.059999942779541,13700.0
2026-04-28 11:13:00,SGML.V,,27.360000610351562,27.360000610351562,27.360000610351562,27.360000610351562,100.0
2026-04-28 11:13:00,SVRS.V,,0.4449999928474426,0.4449999928474426,0.4449999928474426,0.4449999928474426,500.0
2026-04-28 11:14:00,MRZ.V,,0.3400000035762787,0.3400000035762787,0.3400000035762787,0.3400000035762787,6500.0
2026-04-28 11:14:00,NFG.V,,2.6600000858306885,2.6600000858306885,2.6600000858306885,2.6600000858306885,600.0
2026-04-28 11:14:00,OMG.V,,2.2899999618530273,2.2899999618530273,2.2899999618530273,2.2899999618530273,200.0
2026-04-28 11:14:00,ONYX.V,,1.2000000476837158,1.2000000476837158,1.2000000476837158,1.2000000476837158,700.0
2026-04-28 11:14:00,PLAN.V,,0.36000001430511475,0.36000001430511475,0.36000001430511475,0.36000001430511475,1000.0
2026-04-28 11:14:00,PLSR.V,,1.7100000381469727,1.7100000381469727,1.7100000381469727,1.7100000381469727,400.0
2026-04-28 11:14:00,PRG.V,,0.7699999809265137,0.7699999809265137,0.7699999809265137,0.7699999809265137,10000.0
2026-04-28 11:14:00,QTWO.V,,2.75,2.75,2.75,2.75,137545.0
2026-04-28 11:14:00,RDS.V,,1.059999942779541,1.059999942779541,1.059999942779541,1.059999942779541,9000.0
2026-04-28 11:14:00,RYO.V,,0.38499999046325684,0.38499999046325684,0.38499999046325684,0.38499999046325684,14000.0
2026-04-28 11:15:00,NCX.V,,3.0799999237060547,3.0799999237060547,3.0799999237060547,3.0799999237060547,400.0
2026-04-28 11:15:00,NIM.V,,0.7799999713897705,0.7799999713897705,0.7799999713897705,0.7799999713897705,4500.0
2026-04-28 11:15:00,OMG.V,,2.2899999618530273,2.2899999618530273,2.2899999618530273,2.2899999618530273,100.0
2026-04-28 11:15:00,ONYX.V,,1.2000000476837158,1.2000000476837158,1.2000000476837158,1.2000000476837158,27200.0
2026-04-28 11:15:00,PML.V,,1.0399999618530273,1.0499999523162842,1.0399999618530273,1.0499999523162842,400.0
2026-04-28 11:15:00,RDS.V,,1.059999942779541,1.059999942779541,1.059999942779541,1.059999942779541,285.0
2026-04-28 11:15:00,RVG.V,,0.7699999809265137,0.7699999809265137,0.7699999809265137,0.7699999809265137,12000.0
2026-04-28 11:15:00,SCD.V,,0.15000000596046448,0.15000000596046448,0.15000000596046448,0.15000000596046448,38083.0
2026-04-28 11:15:00,SCZ.V,,10.699999809265137,10.710000038146973,10.699999809265137,10.710000038146973,1500.0
2026-04-28 11:15:00,SGML.V,,27.3700008392334,27.3700008392334,27.3700008392334,27.3700008392334,200.0
2026-04-28 11:15:00,SLI.V,,5.059999942779541,5.059999942779541,5.059999942779541,5.059999942779541,100.0
2026-04-28 11:15:00,SM.V,,1.6299999952316284,1.6299999952316284,1.6299999952316284,1.6299999952316284,900.0
2026-04-28 11:15:00,SOMA.V,,1.2999999523162842,1.2999999523162842,1.2999999523162842,1.2999999523162842,2200.0
2026-04-28 11:15:00,SVRS.V,,0.4449999928474426,0.4449999928474426,0.4449999928474426,0.4449999928474426,1000.0
2026-04-28 11:16:00,MMY.V,,0.824999988079071,0.824999988079071,0.824999988079071,0.824999988079071,500.0
2026-04-28 11:16:00,NCX.V,,3.0899999141693115,3.0899999141693115,3.0899999141693115,3.0899999141693115,1200.0
2026-04-28 11:16:00,NFG.V,,2.6600000858306885,2.6600000858306885,2.6600000858306885,2.6600000858306885,300.0
2026-04-28 11:16:00,OMG.V,,2.2950000762939453,2.2950000762939453,2.2899999618530273,2.2899999618530273,7200.0
2026-04-28 11:16:00,PALI.V,,2.6700000762939453,2.680000066757202,2.6700000762939453,2.680000066757202,0.0
2026-04-28 11:16:00,PWM.V,,0.4300000071525574,0.4300000071525574,0.4300000071525574,0.4300000071525574,2000.0
2026-04-28 11:16:00,QTWO.V,,2.744999885559082,2.744999885559082,2.744999885559082,2.744999885559082,100.0
2026-04-28 11:16:00,RVG.V,,0.7699999809265137,0.7699999809265137,0.7699999809265137,0.7699999809265137,25500.0
2026-04-28 11:16:00,SCZ.V,,10.760000228881836,10.760000228881836,10.720000267028809,10.720000267028809,700.0
2026-04-28 11:16:00,SGML.V,,27.43000030517578,27.450000762939453,27.43000030517578,27.440000534057617,400.0
2026-04-28 11:16:00,SGN.V,,0.3400000035762787,0.3400000035762787,0.3400000035762787,0.3400000035762787,22500.0
2026-04-28 11:16:00,SLI.V,,5.079999923706055,5.079999923706055,5.070000171661377,5.070000171661377,300.0
2026-04-28 11:16:00,SSV.V,,0.48750001192092896,0.48750001192092896,0.48750001192092896,0.48750001192092896,1000.0
2026-04-28 11:16:00,SVE.V,,0.4699999988079071,0.4699999988079071,0.4699999988079071,0.4699999988079071,500.0
2026-04-28 11:16:00,SVRS.V,,0.4449999928474426,0.4449999928474426,0.4449999928474426,0.4449999928474426,500.0
2026-04-28 11:17:00,MMY.V,,0.8299999833106995,0.8299999833106995,0.8299999833106995,0.8299999833106995,500.0
2026-04-28 11:17:00,OCI.V,,0.125,0.125,0.125,0.125,4000.0
2026-04-28 11:17:00,PLSR.V,,1.7200000286102295,1.7200000286102295,1.7200000286102295,1.7200000286102295,28300.0
2026-04-28 11:17:00,PML.V,,1.0399999618530273,1.0399999618530273,1.0399999618530273,1.0399999618530273,900.0
2026-04-28 11:17:00,QTWO.V,,2.75,2.75,2.75,2.75,1700.0
2026-04-28 11:17:00,RDS.V,,1.059999942779541,1.059999942779541,1.059999942779541,1.059999942779541,1700.0
2026-04-28 11:17:00,SCOT.V,,2.2200000286102295,2.2200000286102295,2.2200000286102295,2.2200000286102295,100.0
2026-04-28 11:17:00,SCZ.V,,10.739999771118164,10.739999771118164,10.739999771118164,10.739999771118164,600.0
2026-04-28 11:17:00,SMN.V,,0.13500000536441803,0.13500000536441803,0.13500000536441803,0.13500000536441803,100000.0
2026-04-28 11:17:00,SVRS.V,,0.4449999928474426,0.4449999928474426,0.4449999928474426,0.4449999928474426,33000.0
2026-04-28 11:18:00,MMY.V,,0.8299999833106995,0.8299999833106995,0.8299999833106995,0.8299999833106995,500.0
2026-04-28 11:18:00,NFG.V,,2.6600000858306885,2.6600000858306885,2.6600000858306885,2.6600000858306885,2700.0
2026-04-28 11:18:00,OMG.V,,2.305000066757202,2.305000066757202,2.299999952316284,2.299999952316284,27900.0
2026-04-28 11:18:00,ONYX.V,,1.2000000476837158,1.2000000476837158,1.2000000476837158,1.2000000476837158,100.0
2026-04-28 11:18:00,PEMC.V,,0.054999999701976776,0.054999999701976776,0.054999999701976776,0.054999999701976776,18000.0
2026-04-28 11:18:00,QTWO.V,,2.75,2.75,2.75,2.75,300.0
2026-04-28 11:18:00,RDS.V,,1.059999942779541,1.065000057220459,1.059999942779541,1.065000057220459,1300.0
2026-04-28 11:18:00,RPX.V,,0.16750000417232513,0.16750000417232513,0.16750000417232513,0.16750000417232513,500.0
2026-04-28 11:18:00,SLI.V,,5.090000152587891,5.090000152587891,5.090000152587891,5.090000152587891,2100.0
2026-04-28 11:18:00,SVRS.V,,0.4399999976158142,0.4449999928474426,0.4399999976158142,0.4449999928474426,16000.0
2026-04-28 11:19:00,MOO.V,,0.7300000190734863,0.7300000190734863,0.7300000190734863,0.7300000190734863,2200.0
2026-04-28 11:19:00,NCX.V,,3.0899999141693115,3.0899999141693115,3.0899999141693115,3.0899999141693115,300.0
2026-04-28 11:19:00,NFG.V,,2.6600000858306885,2.6600000858306885,2.6600000858306885,2.6600000858306885,600.0
2026-04-28 11:19:00,OGN.V,,3.619999885559082,3.6500000953674316,3.619999885559082,3.6500000953674316,900.0
2026-04-28 11:19:00,OMG.V,,2.299999952316284,2.309999942779541,2.299999952316284,2.309999942779541,7500.0
2026-04-28 11:19:00,ONYX.V,,1.2100000381469727,1.2100000381469727,1.2100000381469727,1.2100000381469727,14600.0
2026-04-28 11:19:00,QMC.V,,0.03999999910593033,0.03999999910593033,0.03999999910593033,0.03999999910593033,0.0
2026-04-28 11:19:00,RDG.V,,0.18000000715255737,0.18000000715255737,0.18000000715255737,0.18000000715255737,2000.0
2026-04-28 11:19:00,RDS.V,,1.059999942779541,1.059999942779541,1.059999942779541,1.059999942779541,7000.0
2026-04-28 11:19:00,RYR.V,,0.1850000023841858,0.1850000023841858,0.1850000023841858,0.1850000023841858,0.0
2026-04-28 11:19:00,SCD.V,,0.15000000596046448,0.15000000596046448,0.15000000596046448,0.15000000596046448,5000.0
2026-04-28 11:19:00,SCZ.V,,10.760000228881836,10.760000228881836,10.760000228881836,10.760000228881836,100.0
2026-04-28 11:19:00,SLI.V,,5.079999923706055,5.110000133514404,5.079999923706055,5.090000152587891,26800.0
2026-04-28 11:19:00,SVRS.V,,0.4399999976158142,0.4449999928474426,0.4399999976158142,0.4449999928474426,5500.0
2026-04-28 11:20:00,MGG.V,,0.3449999988079071,0.3449999988079071,0.3449999988079071,0.3449999988079071,500.0
2026-04-28 11:20:00,MNRG.V,,0.0949999988079071,0.0949999988079071,0.0949999988079071,0.0949999988079071,50000.0
2026-04-28 11:20:00,NFG.V,,2.6600000858306885,2.6600000858306885,2.6549999713897705,2.6549999713897705,3900.0
2026-04-28 11:20:00,OGN.V,,3.6600000858306885,3.6600000858306885,3.619999885559082,3.619999885559082,700.0
2026-04-28 11:20:00,OMG.V,,2.2950000762939453,2.2950000762939453,2.2950000762939453,2.2950000762939453,200.0
2026-04-28 11:20:00,PLSR.V,,1.6699999570846558,1.7000000476837158,1.6699999570846558,1.7000000476837158,44459.0
2026-04-28 11:20:00,QTWO.V,,2.75,2.75,2.75,2.75,100.0
2026-04-28 11:20:00,RAGE.V,,0.39500001072883606,0.39500001072883606,0.39500001072883606,0.39500001072883606,500.0
2026-04-28 11:20:00,SAG.V,,1.2799999713897705,1.2799999713897705,1.2799999713897705,1.2799999713897705,130.0
2026-04-28 11:20:00,SSV.V,,0.48500001430511475,0.48750001192092896,0.48500001430511475,0.48750001192092896,11000.0
2026-04-28 11:21:00,MMY.V,,0.824999988079071,0.824999988079071,0.824999988079071,0.824999988079071,500.0
2026-04-28 11:21:00,MNRG.V,,0.0949999988079071,0.0949999988079071,0.0949999988079071,0.0949999988079071,1000.0
2026-04-28 11:21:00,QTWO.V,,2.734999895095825,2.744999885559082,2.7200000286102295,2.744999885559082,21500.0
2026-04-28 11:21:00,RSMX.V,,0.10999999940395355,0.10999999940395355,0.10999999940395355,0.10999999940395355,500.0
2026-04-28 11:21:00,SCZ.V,,10.680000305175781,10.710000038146973,10.680000305175781,10.710000038146973,4000.0
2026-04-28 11:21:00,SOMA.V,,1.2999999523162842,1.2999999523162842,1.2999999523162842,1.2999999523162842,1321.0
2026-04-28 11:22:00,MMY.V,,0.8199999928474426,0.8199999928474426,0.8199999928474426,0.8199999928474426,500.0
2026-04-28 11:22:00,NCX.V,,3.069999933242798,3.0799999237060547,3.069999933242798,3.0799999237060547,18400.0
2026-04-28 11:22:00,PLSR.V,,1.690000057220459,1.690000057220459,1.690000057220459,1.690000057220459,1100.0
2026-04-28 11:22:00,PLY.V,,0.05999999865889549,0.05999999865889549,0.05999999865889549,0.05999999865889549,20000.0
2026-04-28 11:22:00,PML.V,,1.0299999713897705,1.0299999713897705,1.0299999713897705,1.0299999713897705,600.0
2026-04-28 11:22:00,QTWO.V,,2.744999885559082,2.744999885559082,2.740000009536743,2.740000009536743,2300.0
2026-04-28 11:22:00,RSMX.V,,0.10999999940395355,0.10999999940395355,0.10999999940395355,0.10999999940395355,500.0
2026-04-28 11:22:00,SGN.V,,0.3400000035762787,0.3400000035762787,0.3400000035762787,0.3400000035762787,500.0
2026-04-28 11:22:00,SLI.V,,5.070000171661377,5.070000171661377,5.070000171661377,5.070000171661377,200.0
2026-04-28 11:23:00,NCX.V,,3.059999942779541,3.059999942779541,3.059999942779541,3.059999942779541,2100.0
2026-04-28 11:23:00,NFG.V,,2.6600000858306885,2.6600000858306885,2.6600000858306885,2.6600000858306885,700.0
2026-04-28 11:23:00,OMG.V,,2.299999952316284,2.299999952316284,2.299999952316284,2.299999952316284,100.0
2026-04-28 11:23:00,QTWO.V,,2.740000009536743,2.744999885559082,2.740000009536743,2.744999885559082,600.0
2026-04-28 11:23:00,SGML.V,,27.3799991607666,27.3799991607666,27.3799991607666,27.3799991607666,100.0
2026-04-28 11:23:00,SLG.V,,3.1500000953674316,3.200000047683716,3.1500000953674316,3.1600000858306885,9800.0
2026-04-28 11:23:00,SMN.V,,0.13500000536441803,0.13500000536441803,0.13500000536441803,0.13500000536441803,100000.0
2026-04-28 11:24:00,BET.V,,0.009999999776482582,0.009999999776482582,0.009999999776482582,0.009999999776482582,16750.0
2026-04-28 11:24:00,MCI.V,,0.25,0.25,0.25,0.25,1000.0
2026-04-28 11:24:00,NFG.V,,2.6600000858306885,2.6600000858306885,2.6600000858306885,2.6600000858306885,200.0
2026-04-28 11:24:00,OMG.V,,2.299999952316284,2.299999952316284,2.299999952316284,2.299999952316284,200.0
2026-04-28 11:24:00,PML.V,,1.0299999713897705,1.0299999713897705,1.0299999713897705,1.0299999713897705,100.0
2026-04-28 11:24:00,QTWO.V,,2.744999885559082,2.75,2.740000009536743,2.740000009536743,2600.0
2026-04-28 11:24:00,RYO.V,,0.38499999046325684,0.38499999046325684,0.38499999046325684,0.38499999046325684,1000.0
2026-04-28 11:24:00,SCZ.V,,10.6899995803833,10.699999809265137,10.680000305175781,10.6899995803833,950.0
2026-04-28 11:24:00,SEI.V,,0.5299999713897705,0.5299999713897705,0.5299999713897705,0.5299999713897705,226500.0
2026-04-28 11:24:00,SLG.V,,3.200000047683716,3.200000047683716,3.180000066757202,3.180000066757202,10300.0
2026-04-28 11:25:00,NFG.V,,2.6700000762939453,2.6700000762939453,2.6700000762939453,2.6700000762939453,2900.0
2026-04-28 11:25:00,OMG.V,,2.299999952316284,2.299999952316284,2.299999952316284,2.299999952316284,1300.0
2026-04-28 11:25:00,PLSR.V,,1.690000057220459,1.690000057220459,1.690000057220459,1.690000057220459,1000.0
2026-04-28 11:25:00,QTWO.V,,2.744999885559082,2.744999885559082,2.744999885559082,2.744999885559082,700.0
2026-04-28 11:25:00,RCK.V,,0.9900000095367432,0.9900000095367432,0.9900000095367432,0.9900000095367432,1500.0
2026-04-28 11:25:00,RDS.V,,1.059999942779541,1.059999942779541,1.059999942779541,1.059999942779541,1000.0
2026-04-28 11:25:00,SM.V,,1.6399999856948853,1.6399999856948853,1.6399999856948853,1.6399999856948853,3386.0
2026-04-28 11:25:00,SMN.V,,0.13500000536441803,0.13500000536441803,0.13500000536441803,0.13500000536441803,10000.0
2026-04-28 11:25:00,SRL.V,,0.2199999988079071,0.23000000417232513,0.2199999988079071,0.23000000417232513,10500.0
2026-04-28 11:25:00,SSV.V,,0.48500001430511475,0.48500001430511475,0.48500001430511475,0.48500001430511475,500.0
2026-04-28 11:25:00,SVE.V,,0.4699999988079071,0.4699999988079071,0.4699999988079071,0.4699999988079071,500.0
2026-04-28 11:26:00,NCI.V,,0.9800000190734863,0.9800000190734863,0.9800000190734863,0.9800000190734863,2300.0
2026-04-28 11:26:00,OMG.V,,2.299999952316284,2.299999952316284,2.299999952316284,2.299999952316284,3000.0
2026-04-28 11:26:00,ONYX.V,,1.2000000476837158,1.2000000476837158,1.2000000476837158,1.2000000476837158,2300.0
2026-04-28 11:26:00,PML.V,,1.0299999713897705,1.0299999713897705,1.0299999713897705,1.0299999713897705,100.0
2026-04-28 11:26:00,QTWO.V,,2.75,2.75,2.75,2.75,8000.0
2026-04-28 11:26:00,ROK.V,,0.27000001072883606,0.27000001072883606,0.27000001072883606,0.27000001072883606,4000.0
2026-04-28 11:26:00,SGML.V,,27.68000030517578,27.690000534057617,27.450000762939453,27.450000762939453,300.0
2026-04-28 11:26:00,SLI.V,,5.079999923706055,5.079999923706055,5.079999923706055,5.079999923706055,100.0
2026-04-28 11:26:00,SPA.V,,0.3100000023841858,0.3100000023841858,0.3100000023841858,0.3100000023841858,10000.0
2026-04-28 11:27:00,NSE.V,,0.6700000166893005,0.6700000166893005,0.6700000166893005,0.6700000166893005,500.0
2026-04-28 11:27:00,PPP.V,,1.4600000381469727,1.4600000381469727,1.4600000381469727,1.4600000381469727,800.0
2026-04-28 11:27:00,PRG.V,,0.7699999809265137,0.7699999809265137,0.7699999809265137,0.7699999809265137,10000.0
2026-04-28 11:27:00,RDS.V,,1.059999942779541,1.059999942779541,1.059999942779541,1.059999942779541,3700.0
2026-04-28 11:27:00,RECO.V,,1.190000057220459,1.190000057220459,1.190000057220459,1.190000057220459,23468.0
2026-04-28 11:27:00,SCD.V,,0.15000000596046448,0.15000000596046448,0.15000000596046448,0.15000000596046448,18000.0
2026-04-28 11:27:00,SCZ.V,,10.729999542236328,10.729999542236328,10.729999542236328,10.729999542236328,400.0
2026-04-28 11:27:00,SEI.V,,0.5299999713897705,0.5299999713897705,0.5299999713897705,0.5299999713897705,115500.0
2026-04-28 11:27:00,SLI.V,,5.079999923706055,5.079999923706055,5.079999923706055,5.079999923706055,100.0
2026-04-28 11:28:00,AMY.V,,0.08500000089406967,0.08500000089406967,0.08500000089406967,0.08500000089406967,20428.0
2026-04-28 11:28:00,NCI.V,,0.9900000095367432,0.9900000095367432,0.9800000190734863,0.9800000190734863,2130.0
2026-04-28 11:28:00,NOW.V,,0.17000000178813934,0.17000000178813934,0.17000000178813934,0.17000000178813934,38500.0
2026-04-28 11:28:00,NRM.V,,0.18000000715255737,0.18000000715255737,0.18000000715255737,0.18000000715255737,5528.0
2026-04-28 11:28:00,OMG.V,,2.309999942779541,2.309999942779541,2.309999942779541,2.309999942779541,100.0
2026-04-28 11:28:00,QTWO.V,,2.75,2.75,2.75,2.75,800.0
2026-04-28 11:28:00,RECO.V,,1.2000000476837158,1.2000000476837158,1.190000057220459,1.190000057220459,12800.0
2026-04-28 11:28:00,SCZ.V,,10.720000267028809,10.729999542236328,10.720000267028809,10.729999542236328,2000.0
2026-04-28 11:28:00,SVRS.V,,0.4449999928474426,0.4449999928474426,0.4449999928474426,0.4449999928474426,11500.0
2026-04-28 11:29:00,FISH.V,,3.75,3.75,3.75,3.75,100.0
2026-04-28 11:29:00,NOW.V,,0.17000000178813934,0.17000000178813934,0.17000000178813934,0.17000000178813934,65000.0
2026-04-28 11:29:00,PHNM.V,,0.4300000071525574,0.4300000071525574,0.4300000071525574,0.4300000071525574,8500.0
2026-04-28 11:29:00,RYO.V,,0.38499999046325684,0.38499999046325684,0.38499999046325684,0.38499999046325684,8000.0
2026-04-28 11:29:00,SEI.V,,0.5199999809265137,0.5199999809265137,0.5199999809265137,0.5199999809265137,3500.0
2026-04-28 11:29:00,SLG.V,,3.1600000858306885,3.1600000858306885,3.1600000858306885,3.1600000858306885,100.0
2026-04-28 11:29:00,SRI.V,,0.029999999329447746,0.029999999329447746,0.029999999329447746,0.029999999329447746,0.0
2026-04-28 11:30:00,MMY.V,,0.8199999928474426,0.8199999928474426,0.8199999928474426,0.8199999928474426,37120.0
2026-04-28 11:30:00,NCX.V,,3.0399999618530273,3.049999952316284,3.0399999618530273,3.049999952316284,4220.0
2026-04-28 11:30:00,NFG.V,,2.680000066757202,2.680000066757202,2.680000066757202,2.680000066757202,400.0
2026-04-28 11:30:00,NICN.V,,0.15000000596046448,0.15000000596046448,0.15000000596046448,0.15000000596046448,5000.0
2026-04-28 11:30:00,OMG.V,,2.305000066757202,2.305000066757202,2.305000066757202,2.305000066757202,6100.0
2026-04-28 11:30:00,SCD.V,,0.15000000596046448,0.15000000596046448,0.15000000596046448,0.15000000596046448,10000.0
2026-04-28 11:30:00,SCZ.V,,10.6899995803833,10.6899995803833,10.680000305175781,10.6899995803833,880.0
2026-04-28 11:30:00,SLG.V,,3.1600000858306885,3.1600000858306885,3.1600000858306885,3.1600000858306885,100.0
2026-04-28 11:30:00,SLI.V,,5.079999923706055,5.079999923706055,5.079999923706055,5.079999923706055,200.0
2026-04-28 11:31:00,GIII.V,,0.18000000715255737,0.18000000715255737,0.18000000715255737,0.18000000715255737,0.0
2026-04-28 11:31:00,MNRG.V,,0.0949999988079071,0.0949999988079071,0.0949999988079071,0.0949999988079071,10000.0
2026-04-28 11:31:00,NFG.V,,2.6700000762939453,2.6700000762939453,2.6700000762939453,2.6700000762939453,1900.0
2026-04-28 11:31:00,ODV.V,,4.119999885559082,4.130000114440918,4.119999885559082,4.130000114440918,505.0
2026-04-28 11:31:00,OMG.V,,2.305000066757202,2.305000066757202,2.305000066757202,2.305000066757202,100.0
2026-04-28 11:31:00,ONYX.V,,1.2100000381469727,1.2100000381469727,1.2100000381469727,1.2100000381469727,6600.0
2026-04-28 11:31:00,PML.V,,1.0299999713897705,1.0299999713897705,1.0299999713897705,1.0299999713897705,100.0
2026-04-28 11:31:00,RDG.V,,0.17499999701976776,0.17499999701976776,0.17499999701976776,0.17499999701976776,1000.0
2026-04-28 11:31:00,RECO.V,,1.2050000429153442,1.2050000429153442,1.2050000429153442,1.2050000429153442,200.0
2026-04-28 11:31:00,SCZ.V,,10.699999809265137,10.710000038146973,10.699999809265137,10.710000038146973,500.0
2026-04-28 11:31:00,SLG.V,,3.1500000953674316,3.1500000953674316,3.1500000953674316,3.1500000953674316,200.0
2026-04-28 11:31:00,SLI.V,,5.079999923706055,5.079999923706055,5.079999923706055,5.079999923706055,2000.0
2026-04-28 11:32:00,MGG.V,,0.3400000035762787,0.3400000035762787,0.33500000834465027,0.33500000834465027,48000.0
2026-04-28 11:32:00,OMG.V,,2.2899999618530273,2.299999952316284,2.2850000858306885,2.299999952316284,17800.0
2026-04-28 11:32:00,PER.V,,0.1850000023841858,0.1850000023841858,0.1850000023841858,0.1850000023841858,2000.0
2026-04-28 11:32:00,PPP.V,,1.4700000286102295,1.4800000190734863,1.4700000286102295,1.4700000286102295,7151.0
2026-04-28 11:32:00,RECO.V,,1.2000000476837158,1.2050000429153442,1.2000000476837158,1.2050000429153442,4500.0
2026-04-28 11:32:00,SCOT.V,,2.2200000286102295,2.2200000286102295,2.2200000286102295,2.2200000286102295,100.0
2026-04-28 11:32:00,SLG.V,,3.130000114440918,3.1500000953674316,3.130000114440918,3.1500000953674316,400.0
2026-04-28 11:32:00,SRR.V,,0.9900000095367432,0.9900000095367432,0.9900000095367432,0.9900000095367432,1000.0
2026-04-28 11:32:00,SVRS.V,,0.4449999928474426,0.4449999928474426,0.4449999928474426,0.4449999928474426,500.0
2026-04-28 11:32:00,SYH.V,,0.48500001430511475,0.48500001430511475,0.48500001430511475,0.48500001430511475,6500.0
2026-04-28 11:33:00,HASH.V,,0.03999999910593033,0.03999999910593033,0.03999999910593033,0.03999999910593033,6000.0
2026-04-28 11:33:00,MNRG.V,,0.0949999988079071,0.0949999988079071,0.0949999988079071,0.0949999988079071,1000.0
2026-04-28 11:33:00,NCX.V,,3.0399999618530273,3.049999952316284,3.0399999618530273,3.0399999618530273,5000.0
2026-04-28 11:33:00,NOW.V,,0.17499999701976776,0.17499999701976776,0.17499999701976776,0.17499999701976776,27500.0
2026-04-28 11:33:00,OMG.V,,2.2899999618530273,2.2899999618530273,2.2899999618530273,2.2899999618530273,600.0
2026-04-28 11:33:00,QTWO.V,,2.744999885559082,2.744999885559082,2.744999885559082,2.744999885559082,100.0
2026-04-28 11:33:00,QURI.V,,0.05999999865889549,0.05999999865889549,0.05999999865889549,0.05999999865889549,1000.0
2026-04-28 11:33:00,RDS.V,,1.0499999523162842,1.0499999523162842,1.0499999523162842,1.0499999523162842,15070.0
2026-04-28 11:33:00,RDU.V,,0.125,0.125,0.125,0.125,1000.0
2026-04-28 11:33:00,SCD.V,,0.15000000596046448,0.15000000596046448,0.15000000596046448,0.15000000596046448,15500.0
2026-04-28 11:33:00,SLG.V,,3.130000114440918,3.130000114440918,3.130000114440918,3.130000114440918,100.0
2026-04-28 11:34:00,NFG.V,,2.6700000762939453,2.6700000762939453,2.6700000762939453,2.6700000762939453,100.0
2026-04-28 11:34:00,OMG.V,,2.2950000762939453,2.2950000762939453,2.2899999618530273,2.2899999618530273,7300.0
2026-04-28 11:34:00,ONYX.V,,1.2200000286102295,1.2200000286102295,1.2100000381469727,1.2100000381469727,10620.0
2026-04-28 11:34:00,PLSR.V,,1.6799999475479126,1.6799999475479126,1.6799999475479126,1.6799999475479126,1300.0
2026-04-28 11:34:00,PWM.V,,0.4300000071525574,0.4300000071525574,0.4300000071525574,0.4300000071525574,500.0
2026-04-28 11:34:00,RDS.V,,1.0499999523162842,1.0499999523162842,1.0449999570846558,1.0499999523162842,10751.0
2026-04-28 11:34:00,SCOT.V,,2.2200000286102295,2.2200000286102295,2.2200000286102295,2.2200000286102295,858.0
2026-04-28 11:34:00,SLG.V,,3.130000114440918,3.130000114440918,3.130000114440918,3.130000114440918,200.0
2026-04-28 11:34:00,SVE.V,,0.4699999988079071,0.4699999988079071,0.4699999988079071,0.4699999988079071,500.0
2026-04-28 11:35:00,MGG.V,,0.3400000035762787,0.3400000035762787,0.3400000035762787,0.3400000035762787,20000.0
2026-04-28 11:35:00,RDS.V,,1.0499999523162842,1.0499999523162842,1.0499999523162842,1.0499999523162842,500.0
2026-04-28 11:35:00,RECO.V,,1.2000000476837158,1.2000000476837158,1.2000000476837158,1.2000000476837158,2500.0
2026-04-28 11:35:00,SLG.V,,3.130000114440918,3.130000114440918,3.130000114440918,3.130000114440918,100.0
2026-04-28 11:35:00,SVRS.V,,0.4449999928474426,0.4449999928474426,0.4449999928474426,0.4449999928474426,3500.0
2026-04-28 11:35:00,SYH.V,,0.48500001430511475,0.48500001430511475,0.48500001430511475,0.48500001430511475,3500.0
2026-04-28 11:36:00,NFG.V,,2.6700000762939453,2.6700000762939453,2.6700000762939453,2.6700000762939453,1800.0
2026-04-28 11:36:00,RDS.V,,1.0499999523162842,1.0499999523162842,1.0499999523162842,1.0499999523162842,1100.0
2026-04-28 11:36:00,ROCK.V,,2.950000047683716,2.950000047683716,2.930000066757202,2.930000066757202,1200.0
2026-04-28 11:36:00,RYO.V,,0.38499999046325684,0.38499999046325684,0.38499999046325684,0.38499999046325684,500.0
2026-04-28 11:36:00,SEI.V,,0.5299999713897705,0.5299999713897705,0.5299999713897705,0.5299999713897705,12000.0
2026-04-28 11:36:00,SLG.V,,3.130000114440918,3.130000114440918,3.130000114440918,3.130000114440918,200.0
2026-04-28 11:36:00,SM.V,,1.6100000143051147,1.6399999856948853,1.6100000143051147,1.6399999856948853,12700.0
2026-04-28 11:37:00,MMY.V,,0.8199999928474426,0.8199999928474426,0.8199999928474426,0.8199999928474426,500.0
2026-04-28 11:37:00,NCX.V,,3.0399999618530273,3.0399999618530273,3.0399999618530273,3.0399999618530273,100.0
2026-04-28 11:37:00,NOW.V,,0.1850000023841858,0.1850000023841858,0.17499999701976776,0.17499999701976776,52500.0
2026-04-28 11:37:00,OMG.V,,2.299999952316284,2.299999952316284,2.299999952316284,2.299999952316284,100.0
2026-04-28 11:37:00,PGLD.V,,0.7099999785423279,0.7099999785423279,0.7099999785423279,0.7099999785423279,18500.0
2026-04-28 11:37:00,PML.V,,1.0299999713897705,1.0299999713897705,1.0299999713897705,1.0299999713897705,100.0
2026-04-28 11:37:00,PTU.V,,0.44999998807907104,0.44999998807907104,0.44999998807907104,0.44999998807907104,7418.0
2026-04-28 11:37:00,PUMA.V,,0.12999999523162842,0.12999999523162842,0.12999999523162842,0.12999999523162842,7000.0
2026-04-28 11:37:00,QTWO.V,,2.744999885559082,2.744999885559082,2.744999885559082,2.744999885559082,100.0
2026-04-28 11:37:00,RCK.V,,0.9700000286102295,0.9800000190734863,0.9700000286102295,0.9800000190734863,1500.0
2026-04-28 11:37:00,SCZ.V,,10.710000038146973,10.710000038146973,10.6899995803833,10.6899995803833,600.0
2026-04-28 11:37:00,SLG.V,,3.130000114440918,3.130000114440918,3.130000114440918,3.130000114440918,100.0
2026-04-28 11:37:00,SQG.V,,0.11500000208616257,0.11500000208616257,0.11500000208616257,0.11500000208616257,500.0
2026-04-28 11:37:00,SSV.V,,0.49000000953674316,0.49000000953674316,0.49000000953674316,0.49000000953674316,8000.0
2026-04-28 11:38:00,NCX.V,,3.0399999618530273,3.0399999618530273,3.0399999618530273,3.0399999618530273,100.0
2026-04-28 11:38:00,OGN.V,,3.6500000953674316,3.6500000953674316,3.6500000953674316,3.6500000953674316,200.0
2026-04-28 11:38:00,PPP.V,,1.4600000381469727,1.4600000381469727,1.4600000381469727,1.4600000381469727,1300.0
2026-04-28 11:38:00,PRG.V,,0.7799999713897705,0.7799999713897705,0.7799999713897705,0.7799999713897705,174639.0
2026-04-28 11:38:00,QTWO.V,,2.744999885559082,2.744999885559082,2.744999885559082,2.744999885559082,100.0
2026-04-28 11:38:00,RSM.V,,0.33000001311302185,0.33000001311302185,0.33000001311302185,0.33000001311302185,5000.0
2026-04-28 11:38:00,SCZ.V,,10.680000305175781,10.680000305175781,10.680000305175781,10.680000305175781,159.0
2026-04-28 11:38:00,SLI.V,,5.090000152587891,5.090000152587891,5.090000152587891,5.090000152587891,100.0
2026-04-28 11:38:00,SMN.V,,0.13500000536441803,0.13500000536441803,0.13500000536441803,0.13500000536441803,70000.0
2026-04-28 11:38:00,SQG.V,,0.11999999731779099,0.11999999731779099,0.11999999731779099,0.11999999731779099,500.0
2026-04-28 11:38:00,SSV.V,,0.49000000953674316,0.49000000953674316,0.49000000953674316,0.49000000953674316,6500.0
2026-04-28 11:38:00,VIPR.V,,0.8500000238418579,0.8700000047683716,0.8500000238418579,0.8700000047683716,16676.0
2026-04-28 11:39:00,MMY.V,,0.824999988079071,0.824999988079071,0.824999988079071,0.824999988079071,1000.0
2026-04-28 11:39:00,SCZ.V,,10.680000305175781,10.680000305175781,10.680000305175781,10.680000305175781,420.0
2026-04-28 11:39:00,SLG.V,,3.130000114440918,3.130000114440918,3.130000114440918,3.130000114440918,100.0
2026-04-28 11:39:00,SLI.V,,5.090000152587891,5.090000152587891,5.090000152587891,5.090000152587891,200.0
2026-04-28 11:39:00,SQG.V,,0.11999999731779099,0.11999999731779099,0.11999999731779099,0.11999999731779099,500.0
2026-04-28 11:39:00,SSV.V,,0.48500001430511475,0.48500001430511475,0.48500001430511475,0.48500001430511475,34705.0
2026-04-28 11:39:00,SYH.V,,0.48500001430511475,0.48500001430511475,0.48500001430511475,0.48500001430511475,500.0
2026-04-28 11:39:00,VIPR.V,,0.8399999737739563,0.8500000238418579,0.8399999737739563,0.8500000238418579,4000.0
2026-04-28 11:40:00,MGG.V,,0.3400000035762787,0.3400000035762787,0.3400000035762787,0.3400000035762787,1000.0
2026-04-28 11:40:00,QTWO.V,,2.744999885559082,2.744999885559082,2.744999885559082,2.744999885559082,100.0
2026-04-28 11:40:00,SLG.V,,3.130000114440918,3.130000114440918,3.130000114440918,3.130000114440918,100.0
2026-04-28 11:40:00,SOMA.V,,1.2899999618530273,1.2899999618530273,1.2899999618530273,1.2899999618530273,267.0
2026-04-28 11:41:00,NCX.V,,3.0450000762939453,3.0450000762939453,3.0450000762939453,3.0450000762939453,200.0
2026-04-28 11:41:00,NSE.V,,0.6899999976158142,0.6899999976158142,0.6899999976158142,0.6899999976158142,78000.0
2026-04-28 11:41:00,PGLD.V,,0.7200000286102295,0.7200000286102295,0.7200000286102295,0.7200000286102295,500.0
2026-04-28 11:41:00,PLSR.V,,1.6699999570846558,1.6699999570846558,1.6699999570846558,1.6699999570846558,5578.0
2026-04-28 11:41:00,PUMA.V,,0.12999999523162842,0.12999999523162842,0.12999999523162842,0.12999999523162842,6000.0
2026-04-28 11:41:00,QZM.V,,0.699999988079071,0.699999988079071,0.699999988079071,0.699999988079071,0.0
2026-04-28 11:41:00,SCZ.V,,10.729999542236328,10.729999542236328,10.720000267028809,10.720000267028809,300.0
2026-04-28 11:41:00,SLG.V,,3.130000114440918,3.130000114440918,3.130000114440918,3.130000114440918,100.0
2026-04-28 11:41:00,SOMA.V,,1.2999999523162842,1.2999999523162842,1.2999999523162842,1.2999999523162842,500.0
2026-04-28 11:42:00,MMY.V,,0.824999988079071,0.824999988079071,0.824999988079071,0.824999988079071,500.0
2026-04-28 11:42:00,NXH.V,,0.550000011920929,0.550000011920929,0.550000011920929,0.550000011920929,0.0
2026-04-28 11:42:00,OMG.V,,2.299999952316284,2.299999952316284,2.299999952316284,2.299999952316284,100.0
2026-04-28 11:42:00,PGLD.V,,0.7200000286102295,0.7200000286102295,0.7200000286102295,0.7200000286102295,500.0
2026-04-28 11:42:00,PLSR.V,,1.6699999570846558,1.6699999570846558,1.6699999570846558,1.6699999570846558,100.0
2026-04-28 11:42:00,QTWO.V,,2.744999885559082,2.744999885559082,2.744999885559082,2.744999885559082,200.0
2026-04-28 11:42:00,RDS.V,,1.0499999523162842,1.0499999523162842,1.0499999523162842,1.0499999523162842,6001.0
2026-04-28 11:42:00,SLG.V,,3.130000114440918,3.130000114440918,3.130000114440918,3.130000114440918,100.0
2026-04-28 11:42:00,SLI.V,,5.110000133514404,5.110000133514404,5.110000133514404,5.110000133514404,200.0
2026-04-28 11:42:00,SVRS.V,,0.4399999976158142,0.4449999928474426,0.4399999976158142,0.4449999928474426,3500.0
2026-04-28 11:43:00,MOO.V,,0.7200000286102295,0.7200000286102295,0.7200000286102295,0.7200000286102295,500.0
2026-04-28 11:43:00,NCI.V,,0.9900000095367432,0.9900000095367432,0.9900000095367432,0.9900000095367432,500.0
2026-04-28 11:43:00,NFG.V,,2.680000066757202,2.680000066757202,2.6700000762939453,2.6700000762939453,6700.0
2026-04-28 11:43:00,OMG.V,,2.299999952316284,2.299999952316284,2.299999952316284,2.299999952316284,100.0
2026-04-28 11:43:00,PGLD.V,,0.7200000286102295,0.7200000286102295,0.7200000286102295,0.7200000286102295,1000.0
2026-04-28 11:43:00,PLSR.V,,1.6699999570846558,1.6699999570846558,1.6699999570846558,1.6699999570846558,600.0
2026-04-28 11:43:00,RDS.V,,1.0499999523162842,1.0499999523162842,1.0499999523162842,1.0499999523162842,100.0
2026-04-28 11:43:00,RECO.V,,1.2000000476837158,1.2000000476837158,1.2000000476837158,1.2000000476837158,560.0
2026-04-28 11:43:00,ROCK.V,,2.9600000381469727,2.9600000381469727,2.9600000381469727,2.9600000381469727,100.0
2026-04-28 11:43:00,RYO.V,,0.38999998569488525,0.38999998569488525,0.38499999046325684,0.38499999046325684,26500.0
2026-04-28 11:43:00,SCOT.V,,2.2200000286102295,2.2200000286102295,2.2200000286102295,2.2200000286102295,100.0
2026-04-28 11:43:00,SLG.V,,3.1500000953674316,3.1500000953674316,3.1500000953674316,3.1500000953674316,200.0
2026-04-28 11:43:00,SLI.V,,5.099999904632568,5.099999904632568,5.099999904632568,5.099999904632568,400.0
2026-04-28 11:43:00,SVE.V,,0.4699999988079071,0.4699999988079071,0.4699999988079071,0.4699999988079071,500.0
2026-04-28 11:44:00,MMY.V,,0.824999988079071,0.824999988079071,0.824999988079071,0.824999988079071,500.0
2026-04-28 11:44:00,NCI.V,,0.9900000095367432,0.9900000095367432,0.9800000190734863,0.9800000190734863,18600.0
2026-04-28 11:44:00,OMM.V,,0.07000000029802322,0.07000000029802322,0.07000000029802322,0.07000000029802322,24000.0
2026-04-28 11:44:00,PLSR.V,,1.6699999570846558,1.6699999570846558,1.6699999570846558,1.6699999570846558,300.0
2026-04-28 11:44:00,PML.V,,1.0399999618530273,1.0399999618530273,1.0399999618530273,1.0399999618530273,100.0
2026-04-28 11:44:00,RDS.V,,1.0499999523162842,1.0499999523162842,1.0499999523162842,1.0499999523162842,100.0
2026-04-28 11:44:00,RECO.V,,1.2000000476837158,1.2000000476837158,1.2000000476837158,1.2000000476837158,100.0
2026-04-28 11:44:00,RVG.V,,0.7799999713897705,0.7799999713897705,0.7799999713897705,0.7799999713897705,500.0
2026-04-28 11:44:00,SCZ.V,,10.770000457763672,10.770000457763672,10.739999771118164,10.739999771118164,500.0
2026-04-28 11:44:00,SLG.V,,3.0999999046325684,3.140000104904175,3.0999999046325684,3.140000104904175,4700.0
2026-04-28 11:44:00,STS.V,,0.15000000596046448,0.15000000596046448,0.15000000596046448,0.15000000596046448,0.0
2026-04-28 11:44:00,VIPR.V,,0.8500000238418579,0.8600000143051147,0.8399999737739563,0.8399999737739563,27500.0
2026-04-28 11:45:00,MKA.V,,0.8500000238418579,0.8500000238418579,0.8500000238418579,0.8500000238418579,1500.0
2026-04-28 11:45:00,OMG.V,,2.2950000762939453,2.2950000762939453,2.2950000762939453,2.2950000762939453,100.0
2026-04-28 11:45:00,RDS.V,,1.0499999523162842,1.0499999523162842,1.0499999523162842,1.0499999523162842,8350.0
2026-04-28 11:45:00,SCD.V,,0.15000000596046448,0.15000000596046448,0.15000000596046448,0.15000000596046448,2000.0
2026-04-28 11:45:00,SCZ.V,,10.770000457763672,10.770000457763672,10.770000457763672,10.770000457763672,200.0
2026-04-28 11:45:00,SHL.V,,0.4749999940395355,0.4749999940395355,0.4749999940395355,0.4749999940395355,500.0
2026-04-28 11:45:00,SLI.V,,5.090000152587891,5.090000152587891,5.090000152587891,5.090000152587891,2500.0
2026-04-28 11:45:00,SOMA.V,,1.309999942779541,1.309999942779541,1.2999999523162842,1.2999999523162842,4700.0
2026-04-28 11:45:00,SVRS.V,,0.4399999976158142,0.4399999976158142,0.4399999976158142,0.4399999976158142,500.0
2026-04-28 11:46:00,ONYX.V,,1.2200000286102295,1.2200000286102295,1.2200000286102295,1.2200000286102295,300.0
2026-04-28 11:46:00,RIWI.V,,0.33000001311302185,0.33000001311302185,0.33000001311302185,0.33000001311302185,15000.0
2026-04-28 11:46:00,SCZ.V,,10.760000228881836,10.760000228881836,10.760000228881836,10.760000228881836,100.0
2026-04-28 11:47:00,MAPS.V,,0.14000000059604645,0.14000000059604645,0.14000000059604645,0.14000000059604645,0.0
2026-04-28 11:47:00,NCX.V,,3.049999952316284,3.049999952316284,3.049999952316284,3.049999952316284,2700.0
2026-04-28 11:47:00,ODV.V,,4.150000095367432,4.150000095367432,4.150000095367432,4.150000095367432,400.0
2026-04-28 11:47:00,PGE.V,,0.3199999928474426,0.3199999928474426,0.3199999928474426,0.3199999928474426,10500.0
2026-04-28 11:47:00,QTWO.V,,2.744999885559082,2.744999885559082,2.744999885559082,2.744999885559082,100.0
2026-04-28 11:47:00,RDS.V,,1.0499999523162842,1.0499999523162842,1.0499999523162842,1.0499999523162842,100.0
2026-04-28 11:47:00,SCZ.V,,10.789999961853027,10.789999961853027,10.789999961853027,10.789999961853027,400.0
2026-04-28 11:47:00,SVRS.V,,0.4449999928474426,0.4449999928474426,0.4449999928474426,0.4449999928474426,500.0
2026-04-28 11:47:00,VIPR.V,,0.8500000238418579,0.8500000238418579,0.8500000238418579,0.8500000238418579,2000.0
2026-04-28 11:48:00,MGG.V,,0.33500000834465027,0.33500000834465027,0.33500000834465027,0.33500000834465027,500.0
2026-04-28 11:48:00,NCX.V,,3.049999952316284,3.049999952316284,3.049999952316284,3.049999952316284,100.0
2026-04-28 11:48:00,NFG.V,,2.6700000762939453,2.6700000762939453,2.6700000762939453,2.6700000762939453,1900.0
2026-04-28 11:48:00,NWX.V,,0.13500000536441803,0.13500000536441803,0.13500000536441803,0.13500000536441803,500.0
2026-04-28 11:48:00,ONYX.V,,1.2200000286102295,1.2200000286102295,1.2200000286102295,1.2200000286102295,300.0
2026-04-28 11:48:00,PLSR.V,,1.690000057220459,1.690000057220459,1.6799999475479126,1.6799999475479126,4900.0
2026-04-28 11:48:00,RDS.V,,1.0499999523162842,1.0499999523162842,1.0499999523162842,1.0499999523162842,100.0
2026-04-28 11:48:00,SCD.V,,0.15000000596046448,0.15000000596046448,0.15000000596046448,0.15000000596046448,9000.0
2026-04-28 11:48:00,SCOT.V,,2.2200000286102295,2.2200000286102295,2.2200000286102295,2.2200000286102295,700.0
2026-04-28 11:48:00,SLI.V,,5.090000152587891,5.09499979019165,5.090000152587891,5.09499979019165,300.0
2026-04-28 11:48:00,SOMA.V,,1.2999999523162842,1.2999999523162842,1.2999999523162842,1.2999999523162842,800.0
2026-04-28 11:49:00,NCX.V,,3.0399999618530273,3.0399999618530273,3.0399999618530273,3.0399999618530273,16000.0
2026-04-28 11:49:00,NFG.V,,2.6700000762939453,2.6700000762939453,2.6700000762939453,2.6700000762939453,600.0
2026-04-28 11:49:00,OCO.V,,0.38499999046325684,0.38499999046325684,0.38499999046325684,0.38499999046325684,3000.0
2026-04-28 11:49:00,OMG.V,,2.2950000762939453,2.299999952316284,2.2950000762939453,2.299999952316284,200.0
2026-04-28 11:49:00,PCLO.V,,0.054999999701976776,0.054999999701976776,0.054999999701976776,0.054999999701976776,19001.0
2026-04-28 11:49:00,PGZ.V,,0.17000000178813934,0.17000000178813934,0.17000000178813934,0.17000000178813934,2000.0
2026-04-28 11:49:00,RDS.V,,1.0499999523162842,1.0499999523162842,1.0499999523162842,1.0499999523162842,13300.0
2026-04-28 11:49:00,RECO.V,,1.2000000476837158,1.2000000476837158,1.2000000476837158,1.2000000476837158,100.0
2026-04-28 11:49:00,SCZ.V,,10.779999732971191,10.779999732971191,10.779999732971191,10.779999732971191,300.0
2026-04-28 11:49:00,SGML.V,,27.469999313354492,27.469999313354492,27.469999313354492,27.469999313354492,100.0
2026-04-28 11:49:00,SOMA.V,,1.2899999618530273,1.2999999523162842,1.2899999618530273,1.2999999523162842,1100.0
2026-04-28 11:49:00,SVRS.V,,0.4449999928474426,0.44749999046325684,0.4449999928474426,0.4449999928474426,10500.0
2026-04-28 11:50:00,ENRG.V,,0.1899999976158142,0.1899999976158142,0.1899999976158142,0.1899999976158142,0.0
2026-04-28 11:50:00,NCX.V,,3.0399999618530273,3.0399999618530273,3.0399999618530273,3.0399999618530273,1200.0
2026-04-28 11:50:00,OMG.V,,2.299999952316284,2.299999952316284,2.299999952316284,2.299999952316284,100.0
2026-04-28 11:50:00,ONYX.V,,1.2200000286102295,1.2200000286102295,1.2200000286102295,1.2200000286102295,300.0
2026-04-28 11:50:00,PML.V,,1.0399999618530273,1.0399999618530273,1.0399999618530273,1.0399999618530273,100.0
2026-04-28 11:50:00,PWM.V,,0.4350000023841858,0.4350000023841858,0.4350000023841858,0.4350000023841858,9000.0
2026-04-28 11:50:00,SCZ.V,,10.8100004196167,10.8100004196167,10.800000190734863,10.800000190734863,500.0
2026-04-28 11:50:00,SGML.V,,27.3700008392334,27.3700008392334,27.280000686645508,27.280000686645508,800.0
2026-04-28 11:50:00,SVE.V,,0.46000000834465027,0.46000000834465027,0.46000000834465027,0.46000000834465027,11500.0
2026-04-28 11:51:00,MGG.V,,0.3400000035762787,0.3400000035762787,0.3400000035762787,0.3400000035762787,38500.0
2026-04-28 11:51:00,NFG.V,,2.6700000762939453,2.684999942779541,2.6700000762939453,2.680000066757202,2900.0
2026-04-28 11:51:00,OMG.V,,2.299999952316284,2.299999952316284,2.299999952316284,2.299999952316284,200.0
2026-04-28 11:51:00,ONYX.V,,1.2200000286102295,1.2200000286102295,1.2200000286102295,1.2200000286102295,300.0
2026-04-28 11:51:00,PWM.V,,0.4300000071525574,0.4300000071525574,0.4300000071525574,0.4300000071525574,3500.0
2026-04-28 11:51:00,QTWO.V,,2.744999885559082,2.744999885559082,2.744999885559082,2.744999885559082,100.0
2026-04-28 11:51:00,RDS.V,,1.0499999523162842,1.0499999523162842,1.0499999523162842,1.0499999523162842,1000.0
2026-04-28 11:51:00,SLG.V,,3.0999999046325684,3.0999999046325684,3.0999999046325684,3.0999999046325684,100.0
2026-04-28 11:51:00,SLI.V,,5.090000152587891,5.090000152587891,5.090000152587891,5.090000152587891,100.0
2026-04-28 11:51:00,SMN.V,,0.13500000536441803,0.13500000536441803,0.13500000536441803,0.13500000536441803,100000.0
2026-04-28 11:51:00,SVRS.V,,0.4399999976158142,0.4399999976158142,0.4399999976158142,0.4399999976158142,500.0
2026-04-28 11:52:00,NFG.V,,2.6700000762939453,2.674999952316284,2.6700000762939453,2.674999952316284,2700.0
2026-04-28 11:52:00,OGN.V,,3.6500000953674316,3.6500000953674316,3.6500000953674316,3.6500000953674316,1400.0
2026-04-28 11:52:00,ONYX.V,,1.2400000095367432,1.2400000095367432,1.2300000190734863,1.2300000190734863,2900.0
2026-04-28 11:52:00,SHL.V,,0.4699999988079071,0.4699999988079071,0.4699999988079071,0.4699999988079071,5000.0
2026-04-28 11:52:00,SLG.V,,3.0999999046325684,3.0999999046325684,3.0999999046325684,3.0999999046325684,100.0
2026-04-28 11:52:00,SLI.V,,5.090000152587891,5.090000152587891,5.090000152587891,5.090000152587891,300.0
2026-04-28 11:52:00,SMN.V,,0.13500000536441803,0.13500000536441803,0.13500000536441803,0.13500000536441803,19500.0
2026-04-28 11:52:00,SVRS.V,,0.4399999976158142,0.4399999976158142,0.4399999976158142,0.4399999976158142,500.0
2026-04-28 11:52:00,SYH.V,,0.48500001430511475,0.48500001430511475,0.48500001430511475,0.48500001430511475,4500.0
2026-04-28 11:52:00,VIPR.V,,0.8700000047683716,0.8700000047683716,0.8600000143051147,0.8600000143051147,5000.0
2026-04-28 11:53:00,NCX.V,,3.049999952316284,3.049999952316284,3.049999952316284,3.049999952316284,100.0
2026-04-28 11:53:00,NIM.V,,0.7799999713897705,0.7799999713897705,0.7799999713897705,0.7799999713897705,500.0
2026-04-28 11:53:00,NRM.V,,0.18000000715255737,0.18000000715255737,0.18000000715255737,0.18000000715255737,3000.0
2026-04-28 11:53:00,OCO.V,,0.38499999046325684,0.38499999046325684,0.3799999952316284,0.38499999046325684,13000.0
2026-04-28 11:53:00,ONYX.V,,1.2200000286102295,1.2200000286102295,1.2200000286102295,1.2200000286102295,300.0
2026-04-28 11:53:00,RAGE.V,,0.4099999964237213,0.4099999964237213,0.4099999964237213,0.4099999964237213,5000.0
2026-04-28 11:53:00,SCOT.V,,2.2200000286102295,2.2300000190734863,2.2200000286102295,2.2300000190734863,200.0
2026-04-28 11:53:00,SLG.V,,3.0999999046325684,3.0999999046325684,3.0999999046325684,3.0999999046325684,100.0
2026-04-28 11:53:00,SOMA.V,,1.2999999523162842,1.2999999523162842,1.2999999523162842,1.2999999523162842,200.0
2026-04-28 11:53:00,SRR.V,,0.9900000095367432,0.9900000095367432,0.9900000095367432,0.9900000095367432,3250.0
2026-04-28 11:53:00,SVE.V,,0.4699999988079071,0.4699999988079071,0.4699999988079071,0.4699999988079071,500.0
2026-04-28 11:53:00,SVRS.V,,0.4449999928474426,0.4449999928474426,0.4449999928474426,0.4449999928474426,500.0
2026-04-28 11:54:00,NCAU.V,,0.5899999737739563,0.5899999737739563,0.5899999737739563,0.5899999737739563,8500.0
2026-04-28 11:54:00,NFG.V,,2.680000066757202,2.680000066757202,2.680000066757202,2.680000066757202,100.0
2026-04-28 11:54:00,NOB.V,,0.09000000357627869,0.09000000357627869,0.09000000357627869,0.09000000357627869,88500.0
2026-04-28 11:54:00,OCO.V,,0.38499999046325684,0.38499999046325684,0.38499999046325684,0.38499999046325684,9500.0
2026-04-28 11:54:00,OMG.V,,2.299999952316284,2.299999952316284,2.299999952316284,2.299999952316284,100.0
2026-04-28 11:54:00,ONYX.V,,1.2200000286102295,1.2200000286102295,1.2200000286102295,1.2200000286102295,300.0
2026-04-28 11:54:00,PLSR.V,,1.6799999475479126,1.6799999475479126,1.6799999475479126,1.6799999475479126,100.0
2026-04-28 11:54:00,ROCK.V,,2.9600000381469727,2.9600000381469727,2.950000047683716,2.9600000381469727,3000.0
2026-04-28 11:54:00,SCD.V,,0.15000000596046448,0.15000000596046448,0.15000000596046448,0.15000000596046448,36500.0
2026-04-28 11:54:00,SCOT.V,,2.2200000286102295,2.2300000190734863,2.2200000286102295,2.2300000190734863,500.0
2026-04-28 11:54:00,SCZ.V,,10.819999694824219,10.819999694824219,10.819999694824219,10.819999694824219,100.0
2026-04-28 11:54:00,SOMA.V,,1.2999999523162842,1.2999999523162842,1.2999999523162842,1.2999999523162842,100.0
2026-04-28 11:55:00,NFG.V,,2.6700000762939453,2.6700000762939453,2.6700000762939453,2.6700000762939453,600.0
2026-04-28 11:55:00,ONYX.V,,1.2200000286102295,1.2200000286102295,1.2200000286102295,1.2200000286102295,300.0
2026-04-28 11:55:00,RDS.V,,1.0499999523162842,1.0499999523162842,1.0499999523162842,1.0499999523162842,3000.0
2026-04-28 11:55:00,SCD.V,,0.15000000596046448,0.15000000596046448,0.15000000596046448,0.15000000596046448,8500.0
2026-04-28 11:55:00,SCZ.V,,10.789999961853027,10.789999961853027,10.789999961853027,10.789999961853027,700.0
2026-04-28 11:55:00,SLG.V,,3.0999999046325684,3.0999999046325684,3.0999999046325684,3.0999999046325684,100.0
2026-04-28 11:55:00,SPA.V,,0.3050000071525574,0.3050000071525574,0.3050000071525574,0.3050000071525574,5000.0
2026-04-28 11:55:00,SRR.V,,0.9900000095367432,0.9900000095367432,0.9900000095367432,0.9900000095367432,500.0
2026-04-28 11:55:00,SVRS.V,,0.4449999928474426,0.4449999928474426,0.4449999928474426,0.4449999928474426,500.0
2026-04-28 11:56:00,NCX.V,,3.0399999618530273,3.0399999618530273,3.0399999618530273,3.0399999618530273,600.0
2026-04-28 11:56:00,ODV.V,,4.130000114440918,4.150000095367432,4.130000114440918,4.150000095367432,505.0
2026-04-28 11:56:00,OMG.V,,2.2850000858306885,2.2950000762939453,2.2799999713897705,2.2950000762939453,34100.0
2026-04-28 11:56:00,ONYX.V,,1.2200000286102295,1.2200000286102295,1.2200000286102295,1.2200000286102295,300.0
2026-04-28 11:56:00,QTWO.V,,2.744999885559082,2.744999885559082,2.744999885559082,2.744999885559082,100.0
2026-04-28 11:56:00,RDS.V,,1.0499999523162842,1.0499999523162842,1.0499999523162842,1.0499999523162842,2500.0
2026-04-28 11:56:00,RVG.V,,0.7799999713897705,0.7799999713897705,0.7799999713897705,0.7799999713897705,8000.0
2026-04-28 11:56:00,SCD.V,,0.15000000596046448,0.15000000596046448,0.15000000596046448,0.15000000596046448,1000.0
2026-04-28 11:56:00,SCZ.V,,10.789999961853027,10.789999961853027,10.770000457763672,10.779999732971191,800.0
2026-04-28 11:56:00,SGML.V,,27.469999313354492,27.469999313354492,27.440000534057617,27.440000534057617,301.0
2026-04-28 11:56:00,SLI.V,,5.090000152587891,5.090000152587891,5.090000152587891,5.090000152587891,300.0
2026-04-28 11:56:00,SVRS.V,,0.4449999928474426,0.4449999928474426,0.4449999928474426,0.4449999928474426,500.0
2026-04-28 11:56:00,SYH.V,,0.48500001430511475,0.48500001430511475,0.48500001430511475,0.48500001430511475,5329.0
2026-04-28 11:57:00,MGG.V,,0.3400000035762787,0.3400000035762787,0.3400000035762787,0.3400000035762787,500.0
2026-04-28 11:57:00,NCX.V,,3.0399999618530273,3.0399999618530273,3.0399999618530273,3.0399999618530273,200.0
2026-04-28 11:57:00,OMG.V,,2.2850000858306885,2.2850000858306885,2.2850000858306885,2.2850000858306885,10400.0
2026-04-28 11:57:00,ONYX.V,,1.2200000286102295,1.2300000190734863,1.2200000286102295,1.2300000190734863,600.0
2026-04-28 11:57:00,PLSR.V,,1.690000057220459,1.690000057220459,1.690000057220459,1.690000057220459,200.0
2026-04-28 11:57:00,RDS.V,,1.0499999523162842,1.0499999523162842,1.0499999523162842,1.0499999523162842,100.0
2026-04-28 11:57:00,SRI.V,,0.029999999329447746,0.029999999329447746,0.029999999329447746,0.029999999329447746,3000.0
2026-04-28 11:57:00,SVRS.V,,0.4449999928474426,0.4449999928474426,0.4449999928474426,0.4449999928474426,500.0
2026-04-28 11:58:00,MMY.V,,0.8299999833106995,0.8299999833106995,0.8299999833106995,0.8299999833106995,2000.0
2026-04-28 11:58:00,NGC.V,,0.16500000655651093,0.16500000655651093,0.16500000655651093,0.16500000655651093,6848.0
2026-04-28 11:58:00,NSE.V,,0.6899999976158142,0.6899999976158142,0.6850000023841858,0.6850000023841858,16871.0
2026-04-28 11:58:00,ONYX.V,,1.2200000286102295,1.2200000286102295,1.2200000286102295,1.2200000286102295,300.0
2026-04-28 11:58:00,PML.V,,1.0399999618530273,1.0499999523162842,1.0399999618530273,1.0499999523162842,400.0
2026-04-28 11:58:00,RDS.V,,1.0499999523162842,1.0499999523162842,1.0499999523162842,1.0499999523162842,100.0
2026-04-28 11:58:00,ROI.V,,0.0949999988079071,0.0949999988079071,0.0949999988079071,0.0949999988079071,200000.0
2026-04-28 11:58:00,STRR.V,,0.5199999809265137,0.5199999809265137,0.5199999809265137,0.5199999809265137,500.0
2026-04-28 11:58:00,SVRS.V,,0.44749999046325684,0.44749999046325684,0.44749999046325684,0.44749999046325684,2000.0
2026-04-28 11:59:00,NCX.V,,3.0299999713897705,3.0299999713897705,3.0299999713897705,3.0299999713897705,200.0
2026-04-28 11:59:00,NFG.V,,2.6700000762939453,2.6700000762939453,2.6700000762939453,2.6700000762939453,1200.0
2026-04-28 11:59:00,RDS.V,,1.0499999523162842,1.0499999523162842,1.0499999523162842,1.0499999523162842,100.0
2026-04-28 11:59:00,RK.V,,0.16500000655651093,0.16500000655651093,0.16500000655651093,0.16500000655651093,0.0
2026-04-28 11:59:00,ROI.V,,0.10000000149011612,0.10000000149011612,0.10000000149011612,0.10000000149011612,10000.0
2026-04-28 11:59:00,SLI.V,,5.070000171661377,5.070000171661377,5.070000171661377,5.070000171661377,300.0
2026-04-28 11:59:00,SM.V,,1.6200000047683716,1.6200000047683716,1.6200000047683716,1.6200000047683716,100.0
2026-04-28 11:59:00,SOMA.V,,1.2999999523162842,1.2999999523162842,1.2999999523162842,1.2999999523162842,100.0
2026-04-28 11:59:00,SVRS.V,,0.44749999046325684,0.44749999046325684,0.44749999046325684,0.44749999046325684,2500.0
2026-04-28 12:00:00,MCI.V,,0.25,0.25,0.25,0.25,3000.0
2026-04-28 12:00:00,NCAU.V,,0.5899999737739563,0.5899999737739563,0.5899999737739563,0.5899999737739563,1000.0
2026-04-28 12:00:00,NCX.V,,3.0199999809265137,3.0299999713897705,3.0199999809265137,3.0299999713897705,6000.0
2026-04-28 12:00:00,NFG.V,,2.6600000858306885,2.6600000858306885,2.6600000858306885,2.6600000858306885,6400.0
2026-04-28 12:00:00,OMG.V,,2.2850000858306885,2.2850000858306885,2.2850000858306885,2.2850000858306885,100.0
2026-04-28 12:00:00,ONYX.V,,1.2200000286102295,1.2200000286102295,1.2200000286102295,1.2200000286102295,300.0
2026-04-28 12:00:00,PGZ.V,,0.16500000655651093,0.16500000655651093,0.16500000655651093,0.16500000655651093,3000.0
2026-04-28 12:00:00,RDS.V,,1.0499999523162842,1.0499999523162842,1.0499999523162842,1.0499999523162842,100.0
2026-04-28 12:00:00,ROK.V,,0.27000001072883606,0.27000001072883606,0.27000001072883606,0.27000001072883606,30327.0
2026-04-28 12:00:00,SCZ.V,,10.729999542236328,10.729999542236328,10.729999542236328,10.729999542236328,100.0
2026-04-28 12:00:00,SVRS.V,,0.4399999976158142,0.4449999928474426,0.4399999976158142,0.4449999928474426,10500.0
2026-04-28 12:01:00,MMY.V,,0.824999988079071,0.824999988079071,0.824999988079071,0.824999988079071,500.0
2026-04-28 12:01:00,NRN.V,,0.05000000074505806,0.05000000074505806,0.05000000074505806,0.05000000074505806,4000.0
2026-04-28 12:01:00,OMG.V,,2.2850000858306885,2.2850000858306885,2.2850000858306885,2.2850000858306885,1900.0
2026-04-28 12:01:00,ONYX.V,,1.2200000286102295,1.2200000286102295,1.2200000286102295,1.2200000286102295,300.0
2026-04-28 12:01:00,QTWO.V,,2.744999885559082,2.744999885559082,2.744999885559082,2.744999885559082,100.0
2026-04-28 12:01:00,RDS.V,,1.0399999618530273,1.0449999570846558,1.0399999618530273,1.0449999570846558,56000.0
2026-04-28 12:01:00,RYO.V,,0.38499999046325684,0.38499999046325684,0.38499999046325684,0.38499999046325684,4500.0
2026-04-28 12:01:00,SEI.V,,0.5299999713897705,0.5299999713897705,0.5299999713897705,0.5299999713897705,5100.0
2026-04-28 12:02:00,NCI.V,,0.9800000190734863,0.9900000095367432,0.9800000190734863,0.9900000095367432,24400.0
2026-04-28 12:02:00,ODV.V,,4.139999866485596,4.139999866485596,4.139999866485596,4.139999866485596,400.0
2026-04-28 12:02:00,OMG.V,,2.2799999713897705,2.2799999713897705,2.2799999713897705,2.2799999713897705,1500.0
2026-04-28 12:02:00,ONYX.V,,1.2200000286102295,1.2200000286102295,1.2200000286102295,1.2200000286102295,300.0
2026-04-28 12:02:00,PLSR.V,,1.690000057220459,1.690000057220459,1.690000057220459,1.690000057220459,4000.0
2026-04-28 12:02:00,QTWO.V,,2.740000009536743,2.740000009536743,2.740000009536743,2.740000009536743,2800.0
2026-04-28 12:02:00,RECO.V,,1.2000000476837158,1.2000000476837158,1.2000000476837158,1.2000000476837158,4500.0
2026-04-28 12:02:00,ROK.V,,0.27000001072883606,0.27000001072883606,0.27000001072883606,0.27000001072883606,1000.0
2026-04-28 12:02:00,RSS.V,,0.5099999904632568,0.5099999904632568,0.5099999904632568,0.5099999904632568,18000.0
2026-04-28 12:02:00,SOU.V,,0.08500000089406967,0.08500000089406967,0.08500000089406967,0.08500000089406967,1000.0
2026-04-28 12:02:00,SVE.V,,0.4650000035762787,0.4650000035762787,0.4650000035762787,0.4650000035762787,500.0
2026-04-28 12:03:00,ODV.V,,4.150000095367432,4.150000095367432,4.150000095367432,4.150000095367432,164.0
2026-04-28 12:03:00,OMG.V,,2.2799999713897705,2.2799999713897705,2.2799999713897705,2.2799999713897705,2200.0
2026-04-28 12:03:00,ONYX.V,,1.2200000286102295,1.2200000286102295,1.2200000286102295,1.2200000286102295,7300.0
2026-04-28 12:03:00,PWM.V,,0.42500001192092896,0.4300000071525574,0.42500001192092896,0.4300000071525574,7000.0
2026-04-28 12:03:00,QTWO.V,,2.744999885559082,2.744999885559082,2.744999885559082,2.744999885559082,400.0
2026-04-28 12:03:00,ROCK.V,,2.9600000381469727,2.9600000381469727,2.9600000381469727,2.9600000381469727,100.0
2026-04-28 12:03:00,SCD.V,,0.15000000596046448,0.15000000596046448,0.15000000596046448,0.15000000596046448,46000.0
2026-04-28 12:03:00,SM.V,,1.6399999856948853,1.6399999856948853,1.6399999856948853,1.6399999856948853,5300.0
2026-04-28 12:03:00,SVE.V,,0.4650000035762787,0.4650000035762787,0.4650000035762787,0.4650000035762787,7500.0
2026-04-28 12:04:00,INIK.V,,0.05999999865889549,0.05999999865889549,0.05999999865889549,0.05999999865889549,0.0
2026-04-28 12:04:00,NCAU.V,,0.5799999833106995,0.5899999737739563,0.5799999833106995,0.5899999737739563,13500.0
2026-04-28 12:04:00,ODV.V,,4.139999866485596,4.139999866485596,4.139999866485596,4.139999866485596,115.0
2026-04-28 12:04:00,OMG.V,,2.2850000858306885,2.2899999618530273,2.2799999713897705,2.2799999713897705,10700.0
2026-04-28 12:04:00,PNTR.V,,0.5099999904632568,0.5099999904632568,0.5099999904632568,0.5099999904632568,2700.0
2026-04-28 12:04:00,SCD.V,,0.1525000035762787,0.1525000035762787,0.1525000035762787,0.1525000035762787,1000.0
2026-04-28 12:04:00,SMP.V,,0.07000000029802322,0.07000000029802322,0.07000000029802322,0.07000000029802322,4000.0
2026-04-28 12:04:00,SVRS.V,,0.4399999976158142,0.4399999976158142,0.4399999976158142,0.4399999976158142,500.0
2026-04-28 12:05:00,MGG.V,,0.33500000834465027,0.33500000834465027,0.33500000834465027,0.33500000834465027,500.0
2026-04-28 12:05:00,MNRG.V,,0.0949999988079071,0.0949999988079071,0.0949999988079071,0.0949999988079071,2000.0
2026-04-28 12:05:00,NFG.V,,2.6649999618530273,2.6649999618530273,2.6649999618530273,2.6649999618530273,500.0
2026-04-28 12:05:00,ONYX.V,,1.2100000381469727,1.2300000190734863,1.2100000381469727,1.2100000381469727,4100.0
2026-04-28 12:05:00,RDS.V,,1.0399999618530273,1.0449999570846558,1.0399999618530273,1.0449999570846558,9000.0
2026-04-28 12:05:00,SLG.V,,3.1700000762939453,3.1700000762939453,3.0999999046325684,3.1500000953674316,32400.0
2026-04-28 12:05:00,SRL.V,,0.2199999988079071,0.2199999988079071,0.2199999988079071,0.2199999988079071,1000.0
2026-04-28 12:05:00,SSV.V,,0.49000000953674316,0.49000000953674316,0.49000000953674316,0.49000000953674316,500.0
2026-04-28 12:05:00,SVE.V,,0.4650000035762787,0.4650000035762787,0.4650000035762787,0.4650000035762787,1000.0
2026-04-28 12:06:00,NCX.V,,3.0299999713897705,3.0299999713897705,3.0299999713897705,3.0299999713897705,200.0
2026-04-28 12:06:00,ODV.V,,4.139999866485596,4.139999866485596,4.139999866485596,4.139999866485596,500.0
2026-04-28 12:06:00,OMG.V,,2.2799999713897705,2.2850000858306885,2.2799999713897705,2.2850000858306885,4900.0
2026-04-28 12:06:00,RVG.V,,0.7799999713897705,0.7799999713897705,0.7799999713897705,0.7799999713897705,11185.0
2026-04-28 12:06:00,SCOT.V,,2.2100000381469727,2.2100000381469727,2.2100000381469727,2.2100000381469727,900.0
2026-04-28 12:06:00,SLG.V,,3.180000066757202,3.180000066757202,3.180000066757202,3.180000066757202,4500.0
2026-04-28 12:06:00,SOMA.V,,1.2999999523162842,1.2999999523162842,1.2999999523162842,1.2999999523162842,3700.0
2026-04-28 12:06:00,SPA.V,,0.30000001192092896,0.30000001192092896,0.30000001192092896,0.30000001192092896,27000.0
2026-04-28 12:06:00,SSV.V,,0.49000000953674316,0.49000000953674316,0.49000000953674316,0.49000000953674316,6000.0
2026-04-28 12:07:00,NCX.V,,3.0299999713897705,3.0299999713897705,3.0299999713897705,3.0299999713897705,200.0
2026-04-28 12:07:00,NFG.V,,2.6600000858306885,2.6600000858306885,2.6600000858306885,2.6600000858306885,900.0
2026-04-28 12:07:00,OMG.V,,2.2799999713897705,2.2899999618530273,2.2799999713897705,2.2799999713897705,8200.0
2026-04-28 12:07:00,RDS.V,,1.0499999523162842,1.0499999523162842,1.0449999570846558,1.0449999570846558,8000.0
2026-04-28 12:07:00,SCD.V,,0.15000000596046448,0.15000000596046448,0.15000000596046448,0.15000000596046448,2000.0
2026-04-28 12:07:00,SGN.V,,0.3400000035762787,0.3400000035762787,0.3400000035762787,0.3400000035762787,14000.0
2026-04-28 12:08:00,MGG.V,,0.3400000035762787,0.3400000035762787,0.3400000035762787,0.3400000035762787,1000.0
2026-04-28 12:08:00,NCX.V,,3.0299999713897705,3.0299999713897705,3.0299999713897705,3.0299999713897705,100.0
2026-04-28 12:08:00,OMG.V,,2.2799999713897705,2.2799999713897705,2.2799999713897705,2.2799999713897705,100.0
2026-04-28 12:08:00,PLSR.V,,1.690000057220459,1.690000057220459,1.6799999475479126,1.6799999475479126,8000.0
2026-04-28 12:08:00,PWM.V,,0.4300000071525574,0.4300000071525574,0.4300000071525574,0.4300000071525574,1300.0
2026-04-28 12:08:00,QGR.V,,0.2800000011920929,0.2800000011920929,0.2800000011920929,0.2800000011920929,1500.0
2026-04-28 12:08:00,RYO.V,,0.38499999046325684,0.38499999046325684,0.38499999046325684,0.38499999046325684,54000.0
2026-04-28 12:08:00,SCZ.V,,10.75,10.75,10.729999542236328,10.729999542236328,450.0
2026-04-28 12:08:00,SVRS.V,,0.4449999928474426,0.4449999928474426,0.4449999928474426,0.4449999928474426,500.0
2026-04-28 12:09:00,CTZ.V,,1.25,1.25,1.25,1.25,3500.0
2026-04-28 12:09:00,MAPS.V,,0.14000000059604645,0.14000000059604645,0.14000000059604645,0.14000000059604645,25000.0
2026-04-28 12:09:00,MGG.V,,0.3400000035762787,0.3400000035762787,0.3400000035762787,0.3400000035762787,500.0
2026-04-28 12:09:00,NFG.V,,2.6600000858306885,2.6600000858306885,2.6600000858306885,2.6600000858306885,1100.0
2026-04-28 12:09:00,OCO.V,,0.3799999952316284,0.3799999952316284,0.3799999952316284,0.3799999952316284,16000.0
2026-04-28 12:09:00,OMG.V,,2.2799999713897705,2.2799999713897705,2.2799999713897705,2.2799999713897705,200.0
2026-04-28 12:09:00,QTWO.V,,2.744999885559082,2.744999885559082,2.744999885559082,2.744999885559082,100.0
2026-04-28 12:09:00,RSM.V,,0.33000001311302185,0.33000001311302185,0.33000001311302185,0.33000001311302185,500.0
2026-04-28 12:09:00,RYO.V,,0.38499999046325684,0.38499999046325684,0.38499999046325684,0.38499999046325684,10500.0
2026-04-28 12:09:00,SCOT.V,,2.200000047683716,2.200000047683716,2.200000047683716,2.200000047683716,9000.0
2026-04-28 12:09:00,SCZ.V,,10.75,10.75,10.720000267028809,10.739999771118164,1000.0
2026-04-28 12:09:00,SEI.V,,0.5299999713897705,0.5299999713897705,0.5299999713897705,0.5299999713897705,5000.0
2026-04-28 12:09:00,SRR.V,,0.9800000190734863,0.9800000190734863,0.9800000190734863,0.9800000190734863,6000.0
2026-04-28 12:09:00,SSV.V,,0.49000000953674316,0.49000000953674316,0.49000000953674316,0.49000000953674316,3500.0
2026-04-28 12:10:00,MAPS.V,,0.14000000059604645,0.14000000059604645,0.14000000059604645,0.14000000059604645,3500.0
2026-04-28 12:10:00,NCX.V,,3.0250000953674316,3.0250000953674316,3.0250000953674316,3.0250000953674316,300.0
2026-04-28 12:10:00,OGN.V,,3.6600000858306885,3.6600000858306885,3.6500000953674316,3.6500000953674316,700.0
2026-04-28 12:10:00,OMG.V,,2.2799999713897705,2.2799999713897705,2.2799999713897705,2.2799999713897705,300.0
2026-04-28 12:10:00,QGR.V,,0.2849999964237213,0.2849999964237213,0.2849999964237213,0.2849999964237213,9500.0
2026-04-28 12:10:00,QTWO.V,,2.744999885559082,2.744999885559082,2.744999885559082,2.744999885559082,100.0
2026-04-28 12:10:00,SCZ.V,,10.729999542236328,10.760000228881836,10.729999542236328,10.760000228881836,300.0
2026-04-28 12:10:00,SGN.V,,0.3400000035762787,0.3400000035762787,0.3400000035762787,0.3400000035762787,10500.0
2026-04-28 12:10:00,SVRS.V,,0.4449999928474426,0.4449999928474426,0.4449999928474426,0.4449999928474426,500.0
2026-04-28 12:11:00,MHUB.V,,0.7699999809265137,0.7699999809265137,0.7699999809265137,0.7699999809265137,1500.0
2026-04-28 12:11:00,NFG.V,,2.6600000858306885,2.6600000858306885,2.6600000858306885,2.6600000858306885,450.0
2026-04-28 12:11:00,NICN.V,,0.15000000596046448,0.15000000596046448,0.15000000596046448,0.15000000596046448,500.0
2026-04-28 12:11:00,ONYX.V,,1.2100000381469727,1.2100000381469727,1.2100000381469727,1.2100000381469727,800.0
2026-04-28 12:11:00,PUL.V,,0.014999999664723873,0.014999999664723873,0.014999999664723873,0.014999999664723873,291000.0
2026-04-28 12:11:00,PWM.V,,0.4300000071525574,0.4300000071525574,0.4300000071525574,0.4300000071525574,2500.0
2026-04-28 12:11:00,SCOT.V,,2.200000047683716,2.2200000286102295,2.200000047683716,2.200000047683716,4433.0
2026-04-28 12:11:00,SGML.V,,27.399999618530273,27.399999618530273,27.399999618530273,27.399999618530273,200.0
2026-04-28 12:11:00,SLI.V,,5.070000171661377,5.070000171661377,5.059999942779541,5.059999942779541,300.0
2026-04-28 12:11:00,SMN.V,,0.13500000536441803,0.13500000536441803,0.13500000536441803,0.13500000536441803,200000.0
2026-04-28 12:11:00,SSV.V,,0.49000000953674316,0.49000000953674316,0.49000000953674316,0.49000000953674316,500.0
2026-04-28 12:12:00,OGN.V,,3.6500000953674316,3.6500000953674316,3.6500000953674316,3.6500000953674316,1000.0
2026-04-28 12:12:00,SCOT.V,,2.200000047683716,2.200000047683716,2.200000047683716,2.200000047683716,400.0
2026-04-28 12:12:00,SLG.V,,3.140000104904175,3.1600000858306885,3.140000104904175,3.1500000953674316,700.0
2026-04-28 12:12:00,SLI.V,,5.070000171661377,5.070000171661377,5.070000171661377,5.070000171661377,400.0
2026-04-28 12:12:00,SVRS.V,,0.4399999976158142,0.4399999976158142,0.4399999976158142,0.4399999976158142,1000.0
2026-04-28 12:13:00,ODV.V,,4.139999866485596,4.139999866485596,4.139999866485596,4.139999866485596,100.0
2026-04-28 12:13:00,OMG.V,,2.2799999713897705,2.2850000858306885,2.2799999713897705,2.2799999713897705,1300.0
2026-04-28 12:13:00,ONYX.V,,1.2100000381469727,1.2100000381469727,1.2100000381469727,1.2100000381469727,200.0
2026-04-28 12:13:00,SAG.V,,1.2799999713897705,1.2799999713897705,1.2799999713897705,1.2799999713897705,200.0
2026-04-28 12:13:00,SLG.V,,3.119999885559082,3.140000104904175,3.119999885559082,3.140000104904175,400.0
2026-04-28 12:14:00,NCX.V,,3.0199999809265137,3.0199999809265137,3.0199999809265137,3.0199999809265137,100.0
2026-04-28 12:14:00,NFG.V,,2.6700000762939453,2.6700000762939453,2.6700000762939453,2.6700000762939453,100.0
2026-04-28 12:14:00,OMG.V,,2.2699999809265137,2.2699999809265137,2.2699999809265137,2.2699999809265137,2200.0
2026-04-28 12:14:00,ONYX.V,,1.2100000381469727,1.2100000381469727,1.2100000381469727,1.2100000381469727,300.0
2026-04-28 12:14:00,RAGE.V,,0.4099999964237213,0.4099999964237213,0.4099999964237213,0.4099999964237213,7000.0
2026-04-28 12:14:00,RDS.V,,1.0499999523162842,1.0499999523162842,1.0499999523162842,1.0499999523162842,500.0
2026-04-28 12:14:00,SCOT.V,,2.200000047683716,2.200000047683716,2.200000047683716,2.200000047683716,2000.0
2026-04-28 12:14:00,SLG.V,,3.130000114440918,3.130000114440918,3.130000114440918,3.130000114440918,200.0
2026-04-28 12:14:00,SM.V,,1.649999976158142,1.649999976158142,1.649999976158142,1.649999976158142,5576.0
2026-04-28 12:14:00,SVRS.V,,0.4449999928474426,0.4449999928474426,0.4449999928474426,0.4449999928474426,500.0
2026-04-28 12:15:00,MHUB.V,,0.7699999809265137,0.7699999809265137,0.7699999809265137,0.7699999809265137,1000.0
2026-04-28 12:15:00,NFG.V,,2.6700000762939453,2.6700000762939453,2.6700000762939453,2.6700000762939453,100.0
2026-04-28 12:15:00,NMI.V,,0.25999999046325684,0.25999999046325684,0.25999999046325684,0.25999999046325684,3329.0
2026-04-28 12:15:00,PML.V,,1.0399999618530273,1.0399999618530273,1.0399999618530273,1.0399999618530273,100.0
2026-04-28 12:15:00,RECO.V,,1.2000000476837158,1.2000000476837158,1.2000000476837158,1.2000000476837158,54400.0
2026-04-28 12:15:00,SCZ.V,,10.729999542236328,10.729999542236328,10.729999542236328,10.729999542236328,200.0
2026-04-28 12:15:00,SGN.V,,0.3400000035762787,0.3400000035762787,0.3400000035762787,0.3400000035762787,500.0
2026-04-28 12:15:00,SLG.V,,3.130000114440918,3.140000104904175,3.130000114440918,3.140000104904175,200.0
2026-04-28 12:16:00,MGG.V,,0.3400000035762787,0.3400000035762787,0.3400000035762787,0.3400000035762787,3250.0
2026-04-28 12:16:00,NFG.V,,2.6600000858306885,2.6600000858306885,2.6600000858306885,2.6600000858306885,413.0
2026-04-28 12:16:00,OMG.V,,2.2699999809265137,2.2699999809265137,2.2699999809265137,2.2699999809265137,800.0
2026-04-28 12:16:00,QTWO.V,,2.744999885559082,2.744999885559082,2.744999885559082,2.744999885559082,600.0
2026-04-28 12:16:00,SCD.V,,0.15000000596046448,0.15000000596046448,0.15000000596046448,0.15000000596046448,500.0
2026-04-28 12:16:00,SCZ.V,,10.720000267028809,10.720000267028809,10.720000267028809,10.720000267028809,300.0
2026-04-28 12:16:00,SLG.V,,3.130000114440918,3.140000104904175,3.130000114440918,3.140000104904175,600.0
2026-04-28 12:16:00,SSV.V,,0.48750001192092896,0.48750001192092896,0.48500001430511475,0.48500001430511475,26000.0
2026-04-28 12:16:00,SVRS.V,,0.4449999928474426,0.4449999928474426,0.4449999928474426,0.4449999928474426,1000.0
2026-04-28 12:17:00,MRZ.V,,0.33000001311302185,0.33000001311302185,0.33000001311302185,0.33000001311302185,58500.0
2026-04-28 12:17:00,ONYX.V,,1.2100000381469727,1.2100000381469727,1.2100000381469727,1.2100000381469727,200.0
2026-04-28 12:17:00,PPP.V,,1.4700000286102295,1.4700000286102295,1.4700000286102295,1.4700000286102295,8800.0
2026-04-28 12:17:00,PRG.V,,0.7799999713897705,0.7799999713897705,0.7799999713897705,0.7799999713897705,3500.0
2026-04-28 12:17:00,QTWO.V,,2.744999885559082,2.744999885559082,2.740000009536743,2.740000009536743,1000.0
2026-04-28 12:17:00,RDS.V,,1.0499999523162842,1.0499999523162842,1.0499999523162842,1.0499999523162842,200.0
2026-04-28 12:17:00,SCOT.V,,2.200000047683716,2.200000047683716,2.200000047683716,2.200000047683716,500.0
2026-04-28 12:17:00,SGML.V,,27.450000762939453,27.450000762939453,27.450000762939453,27.450000762939453,100.0
2026-04-28 12:17:00,SSV.V,,0.48750001192092896,0.48750001192092896,0.48750001192092896,0.48750001192092896,1500.0
2026-04-28 12:17:00,SVRS.V,,0.4399999976158142,0.4399999976158142,0.4399999976158142,0.4399999976158142,500.0
2026-04-28 12:18:00,MGG.V,,0.3400000035762787,0.3400000035762787,0.3400000035762787,0.3400000035762787,500.0
2026-04-28 12:18:00,NIM.V,,0.7900000214576721,0.7900000214576721,0.7900000214576721,0.7900000214576721,500.0
2026-04-28 12:18:00,ODV.V,,4.139999866485596,4.139999866485596,4.139999866485596,4.139999866485596,600.0
2026-04-28 12:18:00,OMG.V,,2.2699999809265137,2.2699999809265137,2.2699999809265137,2.2699999809265137,700.0
2026-04-28 12:18:00,ONYX.V,,1.2200000286102295,1.2200000286102295,1.2200000286102295,1.2200000286102295,9090.0
2026-04-28 12:18:00,RECO.V,,1.2000000476837158,1.2100000381469727,1.2000000476837158,1.2100000381469727,33400.0
2026-04-28 12:18:00,ROCK.V,,2.9600000381469727,2.9600000381469727,2.9600000381469727,2.9600000381469727,2600.0
2026-04-28 12:19:00,CTZ.V,,1.25,1.25,1.25,1.25,100.0
2026-04-28 12:19:00,OMG.V,,2.265000104904175,2.265000104904175,2.265000104904175,2.265000104904175,400.0
2026-04-28 12:19:00,PGDC.V,,0.7950000166893005,0.7950000166893005,0.7900000214576721,0.7900000214576721,1700.0
2026-04-28 12:19:00,QTWO.V,,2.744999885559082,2.744999885559082,2.740000009536743,2.740000009536743,500.0
2026-04-28 12:19:00,RYO.V,,0.38499999046325684,0.38499999046325684,0.38499999046325684,0.38499999046325684,10500.0
2026-04-28 12:19:00,RZL.V,,0.5,0.5,0.5,0.5,500.0
2026-04-28 12:19:00,SLI.V,,5.079999923706055,5.079999923706055,5.079999923706055,5.079999923706055,100.0
2026-04-28 12:19:00,SVRS.V,,0.4399999976158142,0.4399999976158142,0.4399999976158142,0.4399999976158142,500.0
2026-04-28 12:20:00,OCO.V,,0.38499999046325684,0.38499999046325684,0.38499999046325684,0.38499999046325684,6000.0
2026-04-28 12:20:00,QTWO.V,,2.744999885559082,2.744999885559082,2.744999885559082,2.744999885559082,100.0
2026-04-28 12:20:00,RDS.V,,1.0449999570846558,1.0449999570846558,1.0449999570846558,1.0449999570846558,100.0
2026-04-28 12:20:00,RZL.V,,0.47999998927116394,0.47999998927116394,0.47999998927116394,0.47999998927116394,500.0
2026-04-28 12:20:00,SCOT.V,,2.200000047683716,2.200000047683716,2.200000047683716,2.200000047683716,400.0
2026-04-28 12:20:00,SVRS.V,,0.4399999976158142,0.4399999976158142,0.4399999976158142,0.4399999976158142,500.0
2026-04-28 12:21:00,MRZ.V,,0.33000001311302185,0.33000001311302185,0.33000001311302185,0.33000001311302185,3685.0
2026-04-28 12:21:00,PGDC.V,,0.800000011920929,0.800000011920929,0.800000011920929,0.800000011920929,5156.0
2026-04-28 12:21:00,QTWO.V,,2.7799999713897705,2.7799999713897705,2.740000009536743,2.740000009536743,14700.0
2026-04-28 12:21:00,SCOT.V,,2.190000057220459,2.190000057220459,2.190000057220459,2.190000057220459,3000.0
2026-04-28 12:21:00,SVRS.V,,0.4399999976158142,0.4399999976158142,0.4399999976158142,0.4399999976158142,500.0
2026-04-28 12:22:00,MKA.V,,0.8299999833106995,0.8299999833106995,0.8299999833106995,0.8299999833106995,7700.0
2026-04-28 12:22:00,NEXE.V,,0.1899999976158142,0.1899999976158142,0.1899999976158142,0.1899999976158142,2000.0
2026-04-28 12:22:00,PGE.V,,0.3199999928474426,0.3199999928474426,0.3199999928474426,0.3199999928474426,500.0
2026-04-28 12:22:00,QTWO.V,,2.7699999809265137,2.7799999713897705,2.7699999809265137,2.7799999713897705,13200.0
2026-04-28 12:22:00,RDS.V,,1.0449999570846558,1.0449999570846558,1.0449999570846558,1.0449999570846558,200.0
2026-04-28 12:22:00,RECO.V,,1.2100000381469727,1.2100000381469727,1.2100000381469727,1.2100000381469727,1500.0
2026-04-28 12:22:00,SLG.V,,3.130000114440918,3.130000114440918,3.130000114440918,3.130000114440918,200.0
2026-04-28 12:23:00,OGN.V,,3.6500000953674316,3.6500000953674316,3.6500000953674316,3.6500000953674316,500.0
2026-04-28 12:23:00,OMG.V,,2.2699999809265137,2.2699999809265137,2.2699999809265137,2.2699999809265137,200.0
2026-04-28 12:23:00,PVIS.V,,0.23999999463558197,0.23999999463558197,0.23999999463558197,0.23999999463558197,2000.0
2026-04-28 12:23:00,RAK.V,,0.15000000596046448,0.15000000596046448,0.15000000596046448,0.15000000596046448,5000.0
2026-04-28 12:23:00,RDS.V,,1.0399999618530273,1.0449999570846558,1.0399999618530273,1.0449999570846558,200.0
2026-04-28 12:23:00,RECO.V,,1.2100000381469727,1.2100000381469727,1.2100000381469727,1.2100000381469727,300.0
2026-04-28 12:23:00,ROCK.V,,2.9600000381469727,2.9600000381469727,2.9600000381469727,2.9600000381469727,205.0
2026-04-28 12:23:00,SLI.V,,5.079999923706055,5.079999923706055,5.079999923706055,5.079999923706055,200.0
2026-04-28 12:23:00,SVRS.V,,0.4449999928474426,0.4449999928474426,0.4449999928474426,0.4449999928474426,500.0
2026-04-28 12:23:00,VIPR.V,,0.8799999952316284,0.8799999952316284,0.8799999952316284,0.8799999952316284,25000.0
2026-04-28 12:24:00,MHUB.V,,0.7699999809265137,0.7699999809265137,0.7699999809265137,0.7699999809265137,500.0
2026-04-28 12:24:00,NFG.V,,2.6700000762939453,2.6700000762939453,2.6700000762939453,2.6700000762939453,100.0
2026-04-28 12:24:00,OMG.V,,2.259999990463257,2.2699999809265137,2.259999990463257,2.2699999809265137,5000.0
2026-04-28 12:24:00,OPW.V,,0.15000000596046448,0.15000000596046448,0.15000000596046448,0.15000000596046448,500.0
2026-04-28 12:24:00,PPP.V,,1.4700000286102295,1.4700000286102295,1.4700000286102295,1.4700000286102295,500.0
2026-04-28 12:24:00,RDS.V,,1.0449999570846558,1.0449999570846558,1.0449999570846558,1.0449999570846558,100.0
2026-04-28 12:24:00,SCZ.V,,10.720000267028809,10.720000267028809,10.720000267028809,10.720000267028809,1100.0
2026-04-28 12:24:00,SLI.V,,5.070000171661377,5.070000171661377,5.070000171661377,5.070000171661377,104.0
2026-04-28 12:24:00,SNAG.V,,0.2750000059604645,0.2750000059604645,0.2750000059604645,0.2750000059604645,500.0
2026-04-28 12:24:00,SVRS.V,,0.4399999976158142,0.4399999976158142,0.4399999976158142,0.4399999976158142,500.0
2026-04-28 12:25:00,NBM.V,,0.48500001430511475,0.49000000953674316,0.48500001430511475,0.49000000953674316,13000.0
2026-04-28 12:25:00,NCX.V,,3.009999990463257,3.0299999713897705,3.009999990463257,3.0299999713897705,5400.0
2026-04-28 12:25:00,NEV.V,,0.02500000037252903,0.02500000037252903,0.02500000037252903,0.02500000037252903,0.0
2026-04-28 12:25:00,NIO.V,,0.22499999403953552,0.22499999403953552,0.22499999403953552,0.22499999403953552,0.0
2026-04-28 12:25:00,OMG.V,,2.259999990463257,2.259999990463257,2.259999990463257,2.259999990463257,1200.0
2026-04-28 12:25:00,ONYX.V,,1.2300000190734863,1.2300000190734863,1.2300000190734863,1.2300000190734863,100.0
2026-04-28 12:25:00,RDS.V,,1.0449999570846558,1.0449999570846558,1.0449999570846558,1.0449999570846558,100.0
2026-04-28 12:25:00,RECO.V,,1.2100000381469727,1.2100000381469727,1.2100000381469727,1.2100000381469727,600.0
2026-04-28 12:25:00,ROCK.V,,2.9600000381469727,2.9600000381469727,2.9600000381469727,2.9600000381469727,400.0
2026-04-28 12:25:00,RPX.V,,0.16500000655651093,0.16750000417232513,0.16500000655651093,0.16750000417232513,1500.0
2026-04-28 12:25:00,SCOT.V,,2.2100000381469727,2.2100000381469727,2.190000057220459,2.190000057220459,10800.0
2026-04-28 12:25:00,SCZ.V,,10.699999809265137,10.710000038146973,10.699999809265137,10.710000038146973,500.0
2026-04-28 12:25:00,SLI.V,,5.059999942779541,5.059999942779541,5.059999942779541,5.059999942779541,100.0
2026-04-28 12:26:00,MGG.V,,0.3400000035762787,0.3400000035762787,0.3400000035762787,0.3400000035762787,500.0
2026-04-28 12:26:00,MKA.V,,0.8299999833106995,0.8299999833106995,0.8299999833106995,0.8299999833106995,5000.0
2026-04-28 12:26:00,OMG.V,,2.259999990463257,2.259999990463257,2.259999990463257,2.259999990463257,700.0
2026-04-28 12:26:00,QTWO.V,,2.759999990463257,2.759999990463257,2.759999990463257,2.759999990463257,100.0
2026-04-28 12:26:00,RDS.V,,1.0449999570846558,1.0449999570846558,1.0449999570846558,1.0449999570846558,100.0
2026-04-28 12:26:00,ROCK.V,,2.9700000286102295,2.9700000286102295,2.9700000286102295,2.9700000286102295,500.0
2026-04-28 12:26:00,RVG.V,,0.7799999713897705,0.7799999713897705,0.7799999713897705,0.7799999713897705,4000.0
2026-04-28 12:26:00,SCD.V,,0.15000000596046448,0.15000000596046448,0.15000000596046448,0.15000000596046448,10500.0
2026-04-28 12:26:00,SNAG.V,,0.2800000011920929,0.2800000011920929,0.2750000059604645,0.2750000059604645,48500.0
2026-04-28 12:26:00,SOU.V,,0.08500000089406967,0.08500000089406967,0.08500000089406967,0.08500000089406967,8000.0
2026-04-28 12:26:00,SVE.V,,0.46000000834465027,0.46000000834465027,0.46000000834465027,0.46000000834465027,2690.0
2026-04-28 12:26:00,SVRS.V,,0.4399999976158142,0.4399999976158142,0.4399999976158142,0.4399999976158142,500.0
2026-04-28 12:27:00,MKA.V,,0.8299999833106995,0.8299999833106995,0.8299999833106995,0.8299999833106995,9000.0
2026-04-28 12:27:00,NIO.V,,0.22499999403953552,0.22499999403953552,0.22499999403953552,0.22499999403953552,3000.0
2026-04-28 12:27:00,QTWO.V,,2.759999990463257,2.759999990463257,2.759999990463257,2.759999990463257,800.0
2026-04-28 12:27:00,RECO.V,,1.2100000381469727,1.2100000381469727,1.2100000381469727,1.2100000381469727,300.0
2026-04-28 12:27:00,ROCK.V,,2.9600000381469727,2.9600000381469727,2.9600000381469727,2.9600000381469727,800.0
2026-04-28 12:27:00,SAGE.V,,0.17000000178813934,0.17000000178813934,0.16500000655651093,0.16500000655651093,342000.0
2026-04-28 12:27:00,SCOT.V,,2.200000047683716,2.200000047683716,2.200000047683716,2.200000047683716,500.0
2026-04-28 12:27:00,SOMA.V,,1.309999942779541,1.309999942779541,1.309999942779541,1.309999942779541,9500.0
2026-04-28 12:27:00,SPA.V,,0.30000001192092896,0.30000001192092896,0.30000001192092896,0.30000001192092896,120004.0
2026-04-28 12:27:00,SRI.V,,0.019999999552965164,0.019999999552965164,0.019999999552965164,0.019999999552965164,50000.0
2026-04-28 12:27:00,SVE.V,,0.46000000834465027,0.46000000834465027,0.46000000834465027,0.46000000834465027,11000.0
2026-04-28 12:28:00,NCX.V,,3.0299999713897705,3.0299999713897705,3.0299999713897705,3.0299999713897705,2200.0
2026-04-28 12:28:00,OMG.V,,2.259999990463257,2.259999990463257,2.259999990463257,2.259999990463257,900.0
2026-04-28 12:28:00,PLSR.V,,1.690000057220459,1.690000057220459,1.690000057220459,1.690000057220459,566.0
2026-04-28 12:28:00,QTWO.V,,2.759999990463257,2.759999990463257,2.759999990463257,2.759999990463257,100.0
2026-04-28 12:28:00,RECO.V,,1.2100000381469727,1.2100000381469727,1.2100000381469727,1.2100000381469727,300.0
2026-04-28 12:28:00,ROCK.V,,2.9700000286102295,2.9700000286102295,2.9700000286102295,2.9700000286102295,700.0
2026-04-28 12:28:00,RZL.V,,0.5,0.5,0.5,0.5,1000.0
2026-04-28 12:28:00,SLI.V,,5.070000171661377,5.070000171661377,5.070000171661377,5.070000171661377,100.0
2026-04-28 12:28:00,SVE.V,,0.46000000834465027,0.46000000834465027,0.46000000834465027,0.46000000834465027,500.0
2026-04-28 12:28:00,SVRS.V,,0.4449999928474426,0.4449999928474426,0.4399999976158142,0.4399999976158142,1000.0
2026-04-28 12:29:00,MMY.V,,0.8199999928474426,0.8199999928474426,0.8199999928474426,0.8199999928474426,3500.0
2026-04-28 12:29:00,NCX.V,,3.0399999618530273,3.0399999618530273,3.0299999713897705,3.0299999713897705,3100.0
2026-04-28 12:29:00,PRG.V,,0.7799999713897705,0.7799999713897705,0.7799999713897705,0.7799999713897705,5000.0
2026-04-28 12:29:00,QTWO.V,,2.759999990463257,2.759999990463257,2.759999990463257,2.759999990463257,200.0
2026-04-28 12:29:00,RDS.V,,1.0399999618530273,1.0449999570846558,1.0399999618530273,1.0449999570846558,800.0
2026-04-28 12:29:00,RECO.V,,1.2100000381469727,1.2100000381469727,1.2100000381469727,1.2100000381469727,100.0
2026-04-28 12:29:00,SVE.V,,0.46000000834465027,0.46000000834465027,0.46000000834465027,0.46000000834465027,2000.0
2026-04-28 12:30:00,MHUB.V,,0.7699999809265137,0.7699999809265137,0.7699999809265137,0.7699999809265137,1000.0
2026-04-28 12:30:00,NCX.V,,3.0399999618530273,3.0399999618530273,3.0399999618530273,3.0399999618530273,200.0
2026-04-28 12:30:00,ONYX.V,,1.2200000286102295,1.2200000286102295,1.2200000286102295,1.2200000286102295,300.0
2026-04-28 12:30:00,QTWO.V,,2.7699999809265137,2.7750000953674316,2.7699999809265137,2.7750000953674316,400.0
2026-04-28 12:30:00,RDS.V,,1.0399999618530273,1.0399999618530273,1.0399999618530273,1.0399999618530273,100.0
2026-04-28 12:30:00,RECO.V,,1.2100000381469727,1.2100000381469727,1.2100000381469727,1.2100000381469727,400.0
2026-04-28 12:30:00,SGML.V,,27.3799991607666,27.3799991607666,27.3799991607666,27.3799991607666,100.0
2026-04-28 12:30:00,SOMA.V,,1.3200000524520874,1.3200000524520874,1.2999999523162842,1.2999999523162842,216.0
2026-04-28 12:30:00,SVE.V,,0.46000000834465027,0.46000000834465027,0.46000000834465027,0.46000000834465027,500.0
2026-04-28 12:30:00,SVRS.V,,0.44749999046325684,0.44749999046325684,0.4449999928474426,0.4449999928474426,5500.0
2026-04-28 12:30:00,VIPR.V,,0.8600000143051147,0.8600000143051147,0.8600000143051147,0.8600000143051147,500.0
2026-04-28 12:31:00,MKA.V,,0.8500000238418579,0.8500000238418579,0.8500000238418579,0.8500000238418579,1500.0
2026-04-28 12:31:00,NCX.V,,3.049999952316284,3.049999952316284,3.049999952316284,3.049999952316284,2300.0
2026-04-28 12:31:00,ONYX.V,,1.2200000286102295,1.2200000286102295,1.2200000286102295,1.2200000286102295,18300.0
2026-04-28 12:31:00,QTWO.V,,2.765000104904175,2.7699999809265137,2.759999990463257,2.7699999809265137,300.0
2026-04-28 12:31:00,RDS.V,,1.0399999618530273,1.0399999618530273,1.0399999618530273,1.0399999618530273,100.0
2026-04-28 12:31:00,RECO.V,,1.2100000381469727,1.2100000381469727,1.2100000381469727,1.2100000381469727,300.0
2026-04-28 12:31:00,RZL.V,,0.5,0.5,0.5,0.5,500.0
2026-04-28 12:31:00,SVE.V,,0.46000000834465027,0.46000000834465027,0.46000000834465027,0.46000000834465027,500.0
2026-04-28 12:32:00,NCX.V,,3.049999952316284,3.059999942779541,3.049999952316284,3.049999952316284,6700.0
2026-04-28 12:32:00,OMG.V,,2.265000104904175,2.265000104904175,2.265000104904175,2.265000104904175,300.0
2026-04-28 12:32:00,ONYX.V,,1.2100000381469727,1.2100000381469727,1.2100000381469727,1.2100000381469727,4500.0
2026-04-28 12:32:00,QTWO.V,,2.759999990463257,2.765000104904175,2.759999990463257,2.765000104904175,200.0
2026-04-28 12:32:00,RDS.V,,1.0399999618530273,1.0399999618530273,1.0399999618530273,1.0399999618530273,100.0
2026-04-28 12:32:00,RECO.V,,1.2100000381469727,1.2100000381469727,1.2100000381469727,1.2100000381469727,200.0
2026-04-28 12:32:00,SAG.V,,1.2899999618530273,1.2899999618530273,1.2899999618530273,1.2899999618530273,100.0
2026-04-28 12:32:00,SAGE.V,,0.17000000178813934,0.17000000178813934,0.17000000178813934,0.17000000178813934,316000.0
2026-04-28 12:32:00,SVRS.V,,0.4449999928474426,0.44749999046325684,0.4449999928474426,0.44749999046325684,1000.0
2026-04-28 12:33:00,MKA.V,,0.8500000238418579,0.8500000238418579,0.8500000238418579,0.8500000238418579,2000.0
2026-04-28 12:33:00,MMY.V,,0.824999988079071,0.824999988079071,0.824999988079071,0.824999988079071,500.0
2026-04-28 12:33:00,OMG.V,,2.259999990463257,2.265000104904175,2.259999990463257,2.265000104904175,400.0
2026-04-28 12:33:00,ONYX.V,,1.2100000381469727,1.2100000381469727,1.2100000381469727,1.2100000381469727,300.0
2026-04-28 12:33:00,PRG.V,,0.7799999713897705,0.7799999713897705,0.7799999713897705,0.7799999713897705,3500.0
2026-04-28 12:33:00,QTWO.V,,2.7699999809265137,2.7699999809265137,2.765000104904175,2.7699999809265137,1400.0
2026-04-28 12:33:00,RDS.V,,1.0399999618530273,1.0449999570846558,1.0399999618530273,1.0449999570846558,200.0
2026-04-28 12:33:00,RECO.V,,1.2100000381469727,1.2100000381469727,1.2000000476837158,1.2100000381469727,3100.0
2026-04-28 12:33:00,SOMA.V,,1.3200000524520874,1.3200000524520874,1.3200000524520874,1.3200000524520874,1100.0
2026-04-28 12:34:00,NCX.V,,3.0399999618530273,3.0399999618530273,3.0399999618530273,3.0399999618530273,200.0
2026-04-28 12:34:00,NFG.V,,2.6600000858306885,2.6600000858306885,2.6600000858306885,2.6600000858306885,2055.0
2026-04-28 12:34:00,ODV.V,,4.130000114440918,4.139999866485596,4.130000114440918,4.139999866485596,740.0
2026-04-28 12:34:00,OMG.V,,2.259999990463257,2.259999990463257,2.259999990463257,2.259999990463257,1800.0
2026-04-28 12:34:00,ONYX.V,,1.2100000381469727,1.2100000381469727,1.2100000381469727,1.2100000381469727,200.0
2026-04-28 12:34:00,PGLD.V,,0.7099999785423279,0.7099999785423279,0.7099999785423279,0.7099999785423279,14500.0
2026-04-28 12:34:00,RDS.V,,1.0399999618530273,1.0399999618530273,1.0399999618530273,1.0399999618530273,100.0
2026-04-28 12:34:00,RECO.V,,1.2100000381469727,1.2100000381469727,1.2100000381469727,1.2100000381469727,200.0
2026-04-28 12:34:00,SCOT.V,,2.190000057220459,2.190000057220459,2.180000066757202,2.180000066757202,7000.0
2026-04-28 12:34:00,SCZ.V,,10.710000038146973,10.710000038146973,10.710000038146973,10.710000038146973,200.0
2026-04-28 12:34:00,SGML.V,,27.219999313354492,27.219999313354492,27.219999313354492,27.219999313354492,100.0
2026-04-28 12:34:00,SM.V,,1.659999966621399,1.659999966621399,1.659999966621399,1.659999966621399,1700.0
2026-04-28 12:34:00,SPA.V,,0.30000001192092896,0.30000001192092896,0.30000001192092896,0.30000001192092896,5010.0
2026-04-28 12:34:00,SVRS.V,,0.4449999928474426,0.4449999928474426,0.4449999928474426,0.4449999928474426,500.0
2026-04-28 12:35:00,MGG.V,,0.3400000035762787,0.3400000035762787,0.3400000035762787,0.3400000035762787,500.0
2026-04-28 12:35:00,NCX.V,,3.0299999713897705,3.0299999713897705,3.0299999713897705,3.0299999713897705,500.0
2026-04-28 12:35:00,PGLD.V,,0.7099999785423279,0.7099999785423279,0.7099999785423279,0.7099999785423279,500.0
2026-04-28 12:35:00,RDS.V,,1.0399999618530273,1.0399999618530273,1.0399999618530273,1.0399999618530273,600.0
2026-04-28 12:35:00,RECO.V,,1.2100000381469727,1.2100000381469727,1.2100000381469727,1.2100000381469727,200.0
2026-04-28 12:35:00,SGML.V,,27.25,27.25,27.25,27.25,200.0
2026-04-28 12:35:00,SLI.V,,5.050000190734863,5.070000171661377,5.050000190734863,5.070000171661377,400.0
2026-04-28 12:36:00,ODV.V,,4.139999866485596,4.139999866485596,4.139999866485596,4.139999866485596,300.0
2026-04-28 12:36:00,ONYX.V,,1.2100000381469727,1.2100000381469727,1.2100000381469727,1.2100000381469727,300.0
2026-04-28 12:36:00,PML.V,,1.0399999618530273,1.0399999618530273,1.0399999618530273,1.0399999618530273,200.0
2026-04-28 12:36:00,RDS.V,,1.0399999618530273,1.0399999618530273,1.0399999618530273,1.0399999618530273,100.0
2026-04-28 12:36:00,RECO.V,,1.2100000381469727,1.2100000381469727,1.2050000429153442,1.2100000381469727,1800.0
2026-04-28 12:36:00,SCZ.V,,10.729999542236328,10.729999542236328,10.720000267028809,10.720000267028809,600.0
2026-04-28 12:36:00,SGML.V,,27.31999969482422,27.31999969482422,27.31999969482422,27.31999969482422,500.0
2026-04-28 12:36:00,SLI.V,,5.079999923706055,5.079999923706055,5.079999923706055,5.079999923706055,100.0
2026-04-28 12:36:00,SVRS.V,,0.44749999046325684,0.44749999046325684,0.44749999046325684,0.44749999046325684,500.0
2026-04-28 12:36:00,SYH.V,,0.48500001430511475,0.48500001430511475,0.48500001430511475,0.48500001430511475,2500.0
2026-04-28 12:36:00,VIPR.V,,0.8700000047683716,0.8700000047683716,0.8700000047683716,0.8700000047683716,500.0
2026-04-28 12:37:00,NCX.V,,3.0299999713897705,3.0299999713897705,3.0299999713897705,3.0299999713897705,400.0
2026-04-28 12:37:00,ONYX.V,,1.2100000381469727,1.2100000381469727,1.2100000381469727,1.2100000381469727,300.0
2026-04-28 12:37:00,PGE.V,,0.3199999928474426,0.3199999928474426,0.3199999928474426,0.3199999928474426,3000.0
2026-04-28 12:37:00,QTWO.V,,2.7699999809265137,2.7699999809265137,2.7699999809265137,2.7699999809265137,400.0
2026-04-28 12:37:00,RDS.V,,1.0399999618530273,1.0399999618530273,1.0399999618530273,1.0399999618530273,100.0
2026-04-28 12:37:00,RECO.V,,1.2100000381469727,1.2100000381469727,1.2100000381469727,1.2100000381469727,200.0
2026-04-28 12:37:00,ROCK.V,,2.990000009536743,2.990000009536743,2.9800000190734863,2.9800000190734863,2531.0
2026-04-28 12:37:00,SVRS.V,,0.4449999928474426,0.4449999928474426,0.4449999928474426,0.4449999928474426,500.0
2026-04-28 12:38:00,NCX.V,,3.0399999618530273,3.0399999618530273,3.0350000858306885,3.0350000858306885,1400.0
2026-04-28 12:38:00,OCO.V,,0.38499999046325684,0.38499999046325684,0.38499999046325684,0.38499999046325684,500.0
2026-04-28 12:38:00,OMG.V,,2.265000104904175,2.265000104904175,2.259999990463257,2.259999990463257,1000.0
2026-04-28 12:38:00,PUL.V,,0.014999999664723873,0.014999999664723873,0.014999999664723873,0.014999999664723873,215000.0
2026-04-28 12:38:00,QTWO.V,,2.75,2.75,2.75,2.75,1000.0
2026-04-28 12:38:00,RDS.V,,1.0399999618530273,1.0399999618530273,1.0399999618530273,1.0399999618530273,100.0
2026-04-28 12:38:00,RECO.V,,1.2100000381469727,1.2100000381469727,1.2100000381469727,1.2100000381469727,200.0
2026-04-28 12:38:00,SAG.V,,1.2999999523162842,1.2999999523162842,1.2899999618530273,1.2899999618530273,13100.0
2026-04-28 12:38:00,SLG.V,,3.0999999046325684,3.119999885559082,3.0999999046325684,3.119999885559082,3900.0
2026-04-28 12:38:00,SVE.V,,0.46000000834465027,0.46000000834465027,0.46000000834465027,0.46000000834465027,500.0
2026-04-28 12:39:00,NCX.V,,3.0399999618530273,3.0399999618530273,3.0399999618530273,3.0399999618530273,400.0
2026-04-28 12:39:00,OMG.V,,2.265000104904175,2.265000104904175,2.259999990463257,2.265000104904175,1300.0
2026-04-28 12:39:00,ONYX.V,,1.2100000381469727,1.2100000381469727,1.2100000381469727,1.2100000381469727,300.0
2026-04-28 12:39:00,PGLD.V,,0.7099999785423279,0.7099999785423279,0.7099999785423279,0.7099999785423279,8000.0
2026-04-28 12:39:00,QTWO.V,,2.740000009536743,2.744999885559082,2.740000009536743,2.744999885559082,200.0
2026-04-28 12:39:00,RDS.V,,1.0399999618530273,1.0399999618530273,1.0399999618530273,1.0399999618530273,6300.0
2026-04-28 12:39:00,ROCK.V,,3.0,3.0,2.990000009536743,2.990000009536743,12100.0
2026-04-28 12:39:00,ROI.V,,0.0949999988079071,0.0949999988079071,0.0949999988079071,0.0949999988079071,1500.0
2026-04-28 12:39:00,SAG.V,,1.2899999618530273,1.2899999618530273,1.2899999618530273,1.2899999618530273,200.0
2026-04-28 12:39:00,SVRS.V,,0.4449999928474426,0.4449999928474426,0.4449999928474426,0.4449999928474426,500.0
2026-04-28 12:40:00,NCX.V,,3.0399999618530273,3.049999952316284,3.0399999618530273,3.049999952316284,200.0
2026-04-28 12:40:00,NFG.V,,2.6500000953674316,2.6600000858306885,2.6500000953674316,2.6600000858306885,1800.0
2026-04-28 12:40:00,OMG.V,,2.265000104904175,2.265000104904175,2.259999990463257,2.259999990463257,500.0
2026-04-28 12:40:00,ONYX.V,,1.2100000381469727,1.2100000381469727,1.2100000381469727,1.2100000381469727,300.0
2026-04-28 12:40:00,QTWO.V,,2.7300000190734863,2.7300000190734863,2.7300000190734863,2.7300000190734863,100.0
2026-04-28 12:40:00,RAGE.V,,0.42500001192092896,0.42500001192092896,0.42500001192092896,0.42500001192092896,1000.0
2026-04-28 12:40:00,RDS.V,,1.0399999618530273,1.0399999618530273,1.0399999618530273,1.0399999618530273,100.0
2026-04-28 12:40:00,SGN.V,,0.3400000035762787,0.3400000035762787,0.3400000035762787,0.3400000035762787,500.0
2026-04-28 12:40:00,STUD.V,,0.3499999940395355,0.35499998927116394,0.3499999940395355,0.35499998927116394,2500.0
2026-04-28 12:40:00,SVE.V,,0.46000000834465027,0.46000000834465027,0.46000000834465027,0.46000000834465027,5000.0
2026-04-28 12:40:00,VIPR.V,,0.8700000047683716,0.8700000047683716,0.8700000047683716,0.8700000047683716,900.0
2026-04-28 12:41:00,NCI.V,,1.0,1.0,1.0,1.0,5000.0
2026-04-28 12:41:00,OMG.V,,2.265000104904175,2.265000104904175,2.259999990463257,2.259999990463257,200.0
2026-04-28 12:41:00,RDS.V,,1.0399999618530273,1.0399999618530273,1.0399999618530273,1.0399999618530273,100.0
2026-04-28 12:41:00,ROK.V,,0.27000001072883606,0.27000001072883606,0.27000001072883606,0.27000001072883606,69000.0
2026-04-28 12:41:00,RPX.V,,0.17000000178813934,0.17000000178813934,0.16750000417232513,0.16750000417232513,21000.0
2026-04-28 12:41:00,SLG.V,,3.0999999046325684,3.0999999046325684,3.0999999046325684,3.0999999046325684,100.0
2026-04-28 12:41:00,SVRS.V,,0.4449999928474426,0.44749999046325684,0.4449999928474426,0.44749999046325684,1000.0
2026-04-28 12:42:00,NIM.V,,0.7799999713897705,0.7799999713897705,0.7799999713897705,0.7799999713897705,500.0
2026-04-28 12:42:00,ODV.V,,4.139999866485596,4.139999866485596,4.139999866485596,4.139999866485596,100.0
2026-04-28 12:42:00,OMG.V,,2.265000104904175,2.265000104904175,2.265000104904175,2.265000104904175,300.0
2026-04-28 12:42:00,ONYX.V,,1.2100000381469727,1.2100000381469727,1.2100000381469727,1.2100000381469727,300.0
2026-04-28 12:42:00,PML.V,,1.0299999713897705,1.0399999618530273,1.0299999713897705,1.0399999618530273,500.0
2026-04-28 12:42:00,PPP.V,,1.4700000286102295,1.4700000286102295,1.4700000286102295,1.4700000286102295,100.0
2026-04-28 12:42:00,QTWO.V,,2.7300000190734863,2.734999895095825,2.7300000190734863,2.7300000190734863,300.0
2026-04-28 12:42:00,ROCK.V,,3.049999952316284,3.049999952316284,3.049999952316284,3.049999952316284,5200.0
2026-04-28 12:42:00,SCZ.V,,10.710000038146973,10.720000267028809,10.710000038146973,10.720000267028809,400.0
2026-04-28 12:43:00,MGG.V,,0.3400000035762787,0.3400000035762787,0.3400000035762787,0.3400000035762787,500.0
2026-04-28 12:43:00,OMG.V,,2.265000104904175,2.265000104904175,2.265000104904175,2.265000104904175,100.0
2026-04-28 12:43:00,ONYX.V,,1.2100000381469727,1.2100000381469727,1.2100000381469727,1.2100000381469727,300.0
2026-04-28 12:43:00,QTWO.V,,2.7100000381469727,2.7300000190734863,2.7100000381469727,2.7300000190734863,1000.0
2026-04-28 12:43:00,RDS.V,,1.0399999618530273,1.0449999570846558,1.0399999618530273,1.0449999570846558,600.0
2026-04-28 12:43:00,SM.V,,1.649999976158142,1.649999976158142,1.649999976158142,1.649999976158142,100.0
2026-04-28 12:43:00,SOMA.V,,1.3200000524520874,1.3200000524520874,1.3200000524520874,1.3200000524520874,445.0
2026-04-28 12:43:00,SVE.V,,0.46000000834465027,0.46000000834465027,0.46000000834465027,0.46000000834465027,500.0
2026-04-28 12:43:00,SVRS.V,,0.44749999046325684,0.44749999046325684,0.44749999046325684,0.44749999046325684,500.0
2026-04-28 12:44:00,MRZ.V,,0.3499999940395355,0.3499999940395355,0.3499999940395355,0.3499999940395355,1500.0
2026-04-28 12:44:00,NCX.V,,3.0399999618530273,3.0399999618530273,3.0399999618530273,3.0399999618530273,400.0
2026-04-28 12:44:00,OMG.V,,2.265000104904175,2.265000104904175,2.265000104904175,2.265000104904175,200.0
2026-04-28 12:44:00,QTWO.V,,2.7100000381469727,2.7100000381469727,2.7100000381469727,2.7100000381469727,100.0
2026-04-28 12:44:00,RDS.V,,1.0399999618530273,1.0399999618530273,1.0399999618530273,1.0399999618530273,100.0
2026-04-28 12:44:00,SGML.V,,27.1299991607666,27.1299991607666,27.1299991607666,27.1299991607666,100.0
2026-04-28 12:44:00,SKP.V,,0.17000000178813934,0.17000000178813934,0.17000000178813934,0.17000000178813934,33910.0
2026-04-28 12:44:00,SLI.V,,5.059999942779541,5.059999942779541,5.059999942779541,5.059999942779541,100.0
2026-04-28 12:45:00,NFG.V,,2.6600000858306885,2.6600000858306885,2.6600000858306885,2.6600000858306885,700.0
2026-04-28 12:45:00,OMG.V,,2.259999990463257,2.265000104904175,2.259999990463257,2.265000104904175,200.0
2026-04-28 12:45:00,ONYX.V,,1.2100000381469727,1.2100000381469727,1.2100000381469727,1.2100000381469727,300.0
2026-04-28 12:45:00,PLSR.V,,1.690000057220459,1.690000057220459,1.690000057220459,1.690000057220459,600.0
2026-04-28 12:45:00,QTWO.V,,2.7300000190734863,2.7300000190734863,2.7100000381469727,2.7100000381469727,7400.0
2026-04-28 12:45:00,RDS.V,,1.0399999618530273,1.0399999618530273,1.0399999618530273,1.0399999618530273,100.0
2026-04-28 12:45:00,SAG.V,,1.2899999618530273,1.2899999618530273,1.2899999618530273,1.2899999618530273,15900.0
2026-04-28 12:45:00,SAGE.V,,0.17000000178813934,0.17000000178813934,0.17000000178813934,0.17000000178813934,11000.0
2026-04-28 12:45:00,SCD.V,,0.15000000596046448,0.15000000596046448,0.15000000596046448,0.15000000596046448,500.0
2026-04-28 12:45:00,SCZ.V,,10.739999771118164,10.739999771118164,10.739999771118164,10.739999771118164,400.0
2026-04-28 12:45:00,SLG.V,,3.109999895095825,3.109999895095825,3.109999895095825,3.109999895095825,100.0
2026-04-28 12:45:00,SLI.V,,5.079999923706055,5.079999923706055,5.079999923706055,5.079999923706055,300.0
2026-04-28 12:45:00,SVRS.V,,0.44749999046325684,0.44749999046325684,0.4449999928474426,0.4449999928474426,1000.0
2026-04-28 12:46:00,NCX.V,,3.0399999618530273,3.0399999618530273,3.0399999618530273,3.0399999618530273,100.0
2026-04-28 12:46:00,NICN.V,,0.14499999582767487,0.14499999582767487,0.14499999582767487,0.14499999582767487,2500.0
2026-04-28 12:46:00,ODV.V,,4.139999866485596,4.139999866485596,4.139999866485596,4.139999866485596,300.0
2026-04-28 12:46:00,OMG.V,,2.259999990463257,2.259999990463257,2.259999990463257,2.259999990463257,100.0
2026-04-28 12:46:00,ONYX.V,,1.2100000381469727,1.2100000381469727,1.2100000381469727,1.2100000381469727,300.0
2026-04-28 12:46:00,PGZ.V,,0.17000000178813934,0.17000000178813934,0.17000000178813934,0.17000000178813934,48500.0
2026-04-28 12:46:00,PML.V,,1.0299999713897705,1.0299999713897705,1.0299999713897705,1.0299999713897705,100.0
2026-04-28 12:46:00,RDS.V,,1.0399999618530273,1.0399999618530273,1.0399999618530273,1.0399999618530273,100.0
2026-04-28 12:46:00,RDU.V,,0.125,0.125,0.125,0.125,3500.0
2026-04-28 12:46:00,SCZ.V,,10.739999771118164,10.760000228881836,10.710000038146973,10.760000228881836,2153.0
2026-04-28 12:46:00,SGN.V,,0.3400000035762787,0.3400000035762787,0.3400000035762787,0.3400000035762787,1500.0
2026-04-28 12:46:00,SOMA.V,,1.3200000524520874,1.3200000524520874,1.3200000524520874,1.3200000524520874,100.0
2026-04-28 12:46:00,SVE.V,,0.46000000834465027,0.46000000834465027,0.46000000834465027,0.46000000834465027,882.0
2026-04-28 12:46:00,SVRS.V,,0.4449999928474426,0.4449999928474426,0.4449999928474426,0.4449999928474426,1000.0
2026-04-28 12:46:00,SYH.V,,0.48500001430511475,0.48500001430511475,0.48500001430511475,0.48500001430511475,3500.0
2026-04-28 12:47:00,MUN.V,,0.4300000071525574,0.4300000071525574,0.4300000071525574,0.4300000071525574,4500.0
2026-04-28 12:47:00,NCX.V,,3.0450000762939453,3.0450000762939453,3.0399999618530273,3.0399999618530273,800.0
2026-04-28 12:47:00,NED.V,,0.03500000014901161,0.03500000014901161,0.03500000014901161,0.03500000014901161,0.0
2026-04-28 12:47:00,OMG.V,,2.265000104904175,2.265000104904175,2.265000104904175,2.265000104904175,100.0
2026-04-28 12:47:00,ONYX.V,,1.2100000381469727,1.2100000381469727,1.2100000381469727,1.2100000381469727,300.0
2026-04-28 12:47:00,PPP.V,,1.4700000286102295,1.4700000286102295,1.4700000286102295,1.4700000286102295,2400.0
2026-04-28 12:47:00,QTWO.V,,2.734999895095825,2.734999895095825,2.734999895095825,2.734999895095825,600.0
2026-04-28 12:47:00,ROCK.V,,3.0999999046325684,3.0999999046325684,3.049999952316284,3.049999952316284,13503.0
2026-04-28 12:47:00,SCZ.V,,10.739999771118164,10.739999771118164,10.739999771118164,10.739999771118164,200.0
2026-04-28 12:47:00,SEI.V,,0.5400000214576721,0.5400000214576721,0.5400000214576721,0.5400000214576721,91775.0
2026-04-28 12:47:00,SLG.V,,3.119999885559082,3.119999885559082,3.119999885559082,3.119999885559082,100.0
2026-04-28 12:47:00,SLI.V,,5.059999942779541,5.079999923706055,5.059999942779541,5.079999923706055,600.0
2026-04-28 12:47:00,SPX.V,,0.0949999988079071,0.0949999988079071,0.0949999988079071,0.0949999988079071,5000.0
2026-04-28 12:48:00,OGN.V,,3.640000104904175,3.6600000858306885,3.640000104904175,3.6600000858306885,1400.0
2026-04-28 12:48:00,OMG.V,,2.265000104904175,2.265000104904175,2.259999990463257,2.259999990463257,500.0
2026-04-28 12:48:00,OVT.V,,0.03999999910593033,0.03999999910593033,0.03999999910593033,0.03999999910593033,0.0
2026-04-28 12:48:00,PML.V,,1.0299999713897705,1.0299999713897705,1.0299999713897705,1.0299999713897705,300.0
2026-04-28 12:48:00,PWM.V,,0.4350000023841858,0.4350000023841858,0.4350000023841858,0.4350000023841858,2000.0
2026-04-28 12:48:00,QTWO.V,,2.744999885559082,2.75,2.734999895095825,2.734999895095825,1100.0
2026-04-28 12:48:00,RDS.V,,1.0399999618530273,1.0399999618530273,1.0399999618530273,1.0399999618530273,100.0
2026-04-28 12:48:00,SSV.V,,0.48500001430511475,0.48750001192092896,0.48500001430511475,0.48750001192092896,5500.0
2026-04-28 12:48:00,SVRS.V,,0.4449999928474426,0.4449999928474426,0.4449999928474426,0.4449999928474426,500.0
2026-04-28 12:49:00,OGN.V,,3.6700000762939453,3.6700000762939453,3.6700000762939453,3.6700000762939453,300.0
2026-04-28 12:49:00,OMG.V,,2.265000104904175,2.265000104904175,2.259999990463257,2.259999990463257,200.0
2026-04-28 12:49:00,ONYX.V,,1.2100000381469727,1.2100000381469727,1.2100000381469727,1.2100000381469727,300.0
2026-04-28 12:49:00,PCQ.V,,0.125,0.125,0.125,0.125,0.0
2026-04-28 12:49:00,QTWO.V,,2.75,2.75,2.75,2.75,500.0
2026-04-28 12:49:00,RDS.V,,1.0399999618530273,1.0399999618530273,1.0399999618530273,1.0399999618530273,12800.0
2026-04-28 12:49:00,RET.V,,2.1500000953674316,2.1500000953674316,2.1500000953674316,2.1500000953674316,700.0
2026-04-28 12:49:00,SVRS.V,,0.44749999046325684,0.44749999046325684,0.44749999046325684,0.44749999046325684,500.0
2026-04-28 12:50:00,GIII.V,,0.18000000715255737,0.18000000715255737,0.18000000715255737,0.18000000715255737,98500.0
2026-04-28 12:50:00,NCX.V,,3.049999952316284,3.049999952316284,3.049999952316284,3.049999952316284,200.0
2026-04-28 12:50:00,NFG.V,,2.6700000762939453,2.6700000762939453,2.6700000762939453,2.6700000762939453,1100.0
2026-04-28 12:50:00,OMG.V,,2.259999990463257,2.259999990463257,2.259999990463257,2.259999990463257,600.0
2026-04-28 12:50:00,PML.V,,1.0299999713897705,1.0299999713897705,1.0299999713897705,1.0299999713897705,100.0
2026-04-28 12:50:00,RDS.V,,1.0399999618530273,1.0399999618530273,1.0399999618530273,1.0399999618530273,100.0
2026-04-28 12:50:00,ROCK.V,,3.0999999046325684,3.0999999046325684,3.0999999046325684,3.0999999046325684,5000.0
2026-04-28 12:50:00,SCZ.V,,10.779999732971191,10.789999961853027,10.779999732971191,10.789999961853027,600.0
2026-04-28 12:50:00,SGML.V,,27.200000762939453,27.200000762939453,27.200000762939453,27.200000762939453,100.0
2026-04-28 12:50:00,SLI.V,,5.079999923706055,5.079999923706055,5.079999923706055,5.079999923706055,700.0
2026-04-28 12:50:00,SVRS.V,,0.4449999928474426,0.4449999928474426,0.4449999928474426,0.4449999928474426,1000.0
2026-04-28 12:51:00,MGG.V,,0.3400000035762787,0.3400000035762787,0.3400000035762787,0.3400000035762787,500.0
2026-04-28 12:51:00,MOX.V,,0.20499999821186066,0.20499999821186066,0.20499999821186066,0.20499999821186066,7500.0
2026-04-28 12:51:00,OMG.V,,2.265000104904175,2.265000104904175,2.265000104904175,2.265000104904175,100.0
2026-04-28 12:51:00,ONYX.V,,1.2100000381469727,1.2100000381469727,1.2100000381469727,1.2100000381469727,300.0
2026-04-28 12:51:00,PUL.V,,0.014999999664723873,0.014999999664723873,0.014999999664723873,0.014999999664723873,20000.0
2026-04-28 12:51:00,RDS.V,,1.0399999618530273,1.0399999618530273,1.0399999618530273,1.0399999618530273,100.0
2026-04-28 12:51:00,SCD.V,,0.15000000596046448,0.15000000596046448,0.15000000596046448,0.15000000596046448,3000.0
2026-04-28 12:51:00,SCOT.V,,2.2200000286102295,2.2200000286102295,2.2200000286102295,2.2200000286102295,1460.0
2026-04-28 12:51:00,SGML.V,,27.299999237060547,27.299999237060547,27.260000228881836,27.260000228881836,378.0
2026-04-28 12:51:00,SOMA.V,,1.3200000524520874,1.3200000524520874,1.3200000524520874,1.3200000524520874,260.0
2026-04-28 12:51:00,STND.V,,0.10000000149011612,0.10000000149011612,0.10000000149011612,0.10000000149011612,14500.0
2026-04-28 12:51:00,SVRS.V,,0.4399999976158142,0.4449999928474426,0.4399999976158142,0.4449999928474426,6500.0
2026-04-28 12:52:00,OMG.V,,2.259999990463257,2.265000104904175,2.259999990463257,2.265000104904175,1200.0
2026-04-28 12:52:00,ONYX.V,,1.2100000381469727,1.2100000381469727,1.2100000381469727,1.2100000381469727,300.0
2026-04-28 12:52:00,PER.V,,0.19499999284744263,0.19499999284744263,0.1899999976158142,0.1899999976158142,39500.0
2026-04-28 12:52:00,PWM.V,,0.4350000023841858,0.4350000023841858,0.4350000023841858,0.4350000023841858,500.0
2026-04-28 12:52:00,RECO.V,,1.2050000429153442,1.2050000429153442,1.2050000429153442,1.2050000429153442,800.0
2026-04-28 12:52:00,ROCK.V,,3.1500000953674316,3.1500000953674316,3.119999885559082,3.119999885559082,8400.0
2026-04-28 12:52:00,SGN.V,,0.3449999988079071,0.3499999940395355,0.3449999988079071,0.3449999988079071,20500.0
2026-04-28 12:52:00,SOMA.V,,1.3200000524520874,1.3200000524520874,1.3200000524520874,1.3200000524520874,100.0
2026-04-28 12:52:00,SSV.V,,0.48750001192092896,0.48750001192092896,0.48750001192092896,0.48750001192092896,1500.0
2026-04-28 12:53:00,MGG.V,,0.3400000035762787,0.3400000035762787,0.3400000035762787,0.3400000035762787,8000.0
2026-04-28 12:53:00,PML.V,,1.0399999618530273,1.0399999618530273,1.0399999618530273,1.0399999618530273,100.0
2026-04-28 12:53:00,PWM.V,,0.4350000023841858,0.4350000023841858,0.4350000023841858,0.4350000023841858,3160.0
2026-04-28 12:53:00,RDS.V,,1.0399999618530273,1.0399999618530273,1.0399999618530273,1.0399999618530273,100.0
2026-04-28 12:53:00,SKYG.V,,0.054999999701976776,0.054999999701976776,0.054999999701976776,0.054999999701976776,0.0
2026-04-28 12:53:00,SVRS.V,,0.4399999976158142,0.4399999976158142,0.4399999976158142,0.4399999976158142,1000.0
2026-04-28 12:54:00,NCI.V,,0.9800000190734863,0.9800000190734863,0.9800000190734863,0.9800000190734863,100.0
2026-04-28 12:54:00,NFG.V,,2.6700000762939453,2.6700000762939453,2.6700000762939453,2.6700000762939453,300.0
2026-04-28 12:54:00,OMG.V,,2.265000104904175,2.265000104904175,2.265000104904175,2.265000104904175,100.0
2026-04-28 12:54:00,ONYX.V,,1.2100000381469727,1.2100000381469727,1.2100000381469727,1.2100000381469727,300.0
2026-04-28 12:54:00,PPP.V,,1.4800000190734863,1.4800000190734863,1.4800000190734863,1.4800000190734863,300.0
2026-04-28 12:54:00,QTWO.V,,2.75,2.755000114440918,2.75,2.755000114440918,1000.0
2026-04-28 12:54:00,SGML.V,,27.350000381469727,27.350000381469727,27.290000915527344,27.299999237060547,500.0
2026-04-28 12:54:00,SGN.V,,0.3449999988079071,0.3449999988079071,0.3449999988079071,0.3449999988079071,1000.0
2026-04-28 12:54:00,SKYG.V,,0.054999999701976776,0.054999999701976776,0.054999999701976776,0.054999999701976776,565049.0
2026-04-28 12:54:00,SSV.V,,0.48500001430511475,0.48500001430511475,0.48500001430511475,0.48500001430511475,4536.0
2026-04-28 12:54:00,SVRS.V,,0.4399999976158142,0.4449999928474426,0.4399999976158142,0.4449999928474426,24000.0
2026-04-28 12:55:00,NCX.V,,3.049999952316284,3.069999933242798,3.049999952316284,3.059999942779541,3200.0
2026-04-28 12:55:00,NFG.V,,2.674999952316284,2.674999952316284,2.674999952316284,2.674999952316284,100.0
2026-04-28 12:55:00,ODV.V,,4.150000095367432,4.150000095367432,4.150000095367432,4.150000095367432,200.0
2026-04-28 12:55:00,OMG.V,,2.259999990463257,2.259999990463257,2.259999990463257,2.259999990463257,100.0
2026-04-28 12:55:00,ONYX.V,,1.2100000381469727,1.2100000381469727,1.2100000381469727,1.2100000381469727,300.0
2026-04-28 12:55:00,PLSR.V,,1.6799999475479126,1.6799999475479126,1.6799999475479126,1.6799999475479126,1450.0
2026-04-28 12:55:00,PPP.V,,1.4800000190734863,1.4800000190734863,1.4800000190734863,1.4800000190734863,1300.0
2026-04-28 12:55:00,QTWO.V,,2.755000114440918,2.755000114440918,2.755000114440918,2.755000114440918,200.0
2026-04-28 12:55:00,RDS.V,,1.0399999618530273,1.0399999618530273,1.0399999618530273,1.0399999618530273,100.0
2026-04-28 12:55:00,SCZ.V,,10.770000457763672,10.770000457763672,10.770000457763672,10.770000457763672,100.0
2026-04-28 12:55:00,SGN.V,,0.3449999988079071,0.3449999988079071,0.3449999988079071,0.3449999988079071,500.0
2026-04-28 12:55:00,SHL.V,,0.47999998927116394,0.47999998927116394,0.47999998927116394,0.47999998927116394,500.0
2026-04-28 12:55:00,SM.V,,1.649999976158142,1.649999976158142,1.649999976158142,1.649999976158142,16666.0
2026-04-28 12:55:00,SSV.V,,0.49000000953674316,0.49000000953674316,0.48249998688697815,0.48249998688697815,38451.0
2026-04-28 12:55:00,SVRS.V,,0.4399999976158142,0.4399999976158142,0.4399999976158142,0.4399999976158142,510.0
2026-04-28 12:56:00,FEO.V,,0.8399999737739563,0.8399999737739563,0.8399999737739563,0.8399999737739563,2000.0
2026-04-28 12:56:00,NFG.V,,2.6700000762939453,2.6700000762939453,2.6649999618530273,2.6700000762939453,500.0
2026-04-28 12:56:00,ONYX.V,,1.2100000381469727,1.2100000381469727,1.2100000381469727,1.2100000381469727,300.0
2026-04-28 12:56:00,PER.V,,0.19499999284744263,0.19499999284744263,0.19499999284744263,0.19499999284744263,25000.0
2026-04-28 12:56:00,PGZ.V,,0.17000000178813934,0.17000000178813934,0.17000000178813934,0.17000000178813934,50000.0
2026-04-28 12:56:00,PLSR.V,,1.6799999475479126,1.6799999475479126,1.6799999475479126,1.6799999475479126,2000.0
2026-04-28 12:56:00,PML.V,,1.0399999618530273,1.0399999618530273,1.0399999618530273,1.0399999618530273,1000.0
2026-04-28 12:56:00,QTWO.V,,2.755000114440918,2.755000114440918,2.755000114440918,2.755000114440918,100.0
2026-04-28 12:56:00,RVG.V,,0.7900000214576721,0.7900000214576721,0.7900000214576721,0.7900000214576721,1100.0
2026-04-28 12:56:00,SLI.V,,5.079999923706055,5.079999923706055,5.079999923706055,5.079999923706055,600.0
2026-04-28 12:56:00,SVE.V,,0.46000000834465027,0.46000000834465027,0.45500001311302185,0.45500001311302185,20000.0
2026-04-28 12:57:00,NCX.V,,3.049999952316284,3.049999952316284,3.049999952316284,3.049999952316284,100.0
2026-04-28 12:57:00,OMI.V,,0.36000001430511475,0.36000001430511475,0.36000001430511475,0.36000001430511475,1000.0
2026-04-28 12:57:00,QGR.V,,0.2849999964237213,0.28999999165534973,0.2849999964237213,0.2849999964237213,71000.0
2026-04-28 12:57:00,QTWO.V,,2.755000114440918,2.755000114440918,2.755000114440918,2.755000114440918,100.0
2026-04-28 12:57:00,ROCK.V,,3.1500000953674316,3.1500000953674316,3.130000114440918,3.130000114440918,6600.0
2026-04-28 12:57:00,SCD.V,,0.1525000035762787,0.1525000035762787,0.1525000035762787,0.1525000035762787,2000.0
2026-04-28 12:57:00,SCZ.V,,10.770000457763672,10.770000457763672,10.770000457763672,10.770000457763672,100.0
2026-04-28 12:57:00,SMN.V,,0.14000000059604645,0.14000000059604645,0.14000000059604645,0.14000000059604645,202500.0
2026-04-28 12:57:00,SVRS.V,,0.4399999976158142,0.4399999976158142,0.4399999976158142,0.4399999976158142,500.0
2026-04-28 12:58:00,MRZ.V,,0.33000001311302185,0.33000001311302185,0.33000001311302185,0.33000001311302185,2500.0
2026-04-28 12:58:00,NCX.V,,3.049999952316284,3.049999952316284,3.049999952316284,3.049999952316284,2200.0
2026-04-28 12:58:00,ONYX.V,,1.2100000381469727,1.2100000381469727,1.2100000381469727,1.2100000381469727,300.0
2026-04-28 12:58:00,OTC.V,,0.5899999737739563,0.5899999737739563,0.5899999737739563,0.5899999737739563,0.0
2026-04-28 12:58:00,PRG.V,,0.7799999713897705,0.7799999713897705,0.7799999713897705,0.7799999713897705,6000.0
2026-04-28 12:58:00,QTWO.V,,2.75,2.755000114440918,2.75,2.755000114440918,1000.0
2026-04-28 12:58:00,RDS.V,,1.0399999618530273,1.0399999618530273,1.0399999618530273,1.0399999618530273,100.0
2026-04-28 12:58:00,STUD.V,,0.3499999940395355,0.3499999940395355,0.3499999940395355,0.3499999940395355,2000.0
2026-04-28 12:59:00,NCX.V,,3.049999952316284,3.049999952316284,3.049999952316284,3.049999952316284,100.0
2026-04-28 12:59:00,NFG.V,,2.6700000762939453,2.6700000762939453,2.6700000762939453,2.6700000762939453,3200.0
2026-04-28 12:59:00,NIM.V,,0.7799999713897705,0.7799999713897705,0.7799999713897705,0.7799999713897705,1500.0
2026-04-28 12:59:00,OMG.V,,2.259999990463257,2.259999990463257,2.259999990463257,2.259999990463257,1100.0
2026-04-28 12:59:00,ONYX.V,,1.2300000190734863,1.2300000190734863,1.2300000190734863,1.2300000190734863,3200.0
2026-04-28 12:59:00,QTWO.V,,2.744999885559082,2.744999885559082,2.744999885559082,2.744999885559082,100.0
2026-04-28 12:59:00,RDS.V,,1.0399999618530273,1.0399999618530273,1.0399999618530273,1.0399999618530273,20400.0
2026-04-28 12:59:00,RYO.V,,0.38999998569488525,0.38999998569488525,0.38999998569488525,0.38999998569488525,2000.0
2026-04-28 12:59:00,SMN.V,,0.14000000059604645,0.14000000059604645,0.14000000059604645,0.14000000059604645,65500.0
2026-04-28 12:59:00,SVE.V,,0.46000000834465027,0.46000000834465027,0.46000000834465027,0.46000000834465027,1000.0
2026-04-28 13:00:00,ODV.V,,4.159999847412109,4.159999847412109,4.159999847412109,4.159999847412109,100.0
2026-04-28 13:00:00,ONYX.V,,1.2300000190734863,1.2300000190734863,1.2200000286102295,1.2300000190734863,20900.0
2026-04-28 13:00:00,OTC.V,,0.5600000023841858,0.5799999833106995,0.5600000023841858,0.5799999833106995,2500.0
2026-04-28 13:00:00,PML.V,,1.0299999713897705,1.0299999713897705,1.0299999713897705,1.0299999713897705,100.0
2026-04-28 13:00:00,QTWO.V,,2.744999885559082,2.744999885559082,2.744999885559082,2.744999885559082,100.0
2026-04-28 13:00:00,RDS.V,,1.0399999618530273,1.0399999618530273,1.0399999618530273,1.0399999618530273,100.0
2026-04-28 13:00:00,SCZ.V,,10.760000228881836,10.770000457763672,10.760000228881836,10.770000457763672,500.0
2026-04-28 13:00:00,SGML.V,,27.350000381469727,27.350000381469727,27.350000381469727,27.350000381469727,100.0
2026-04-28 13:00:00,SGN.V,,0.3400000035762787,0.3449999988079071,0.3400000035762787,0.3449999988079071,3000.0
2026-04-28 13:00:00,STUD.V,,0.3499999940395355,0.3499999940395355,0.3499999940395355,0.3499999940395355,10005.0
2026-04-28 13:00:00,SVE.V,,0.46000000834465027,0.46000000834465027,0.46000000834465027,0.46000000834465027,500.0
2026-04-28 13:00:00,SVRS.V,,0.4399999976158142,0.4399999976158142,0.4399999976158142,0.4399999976158142,500.0
2026-04-28 13:01:00,MHUB.V,,0.7699999809265137,0.7699999809265137,0.7699999809265137,0.7699999809265137,1500.0
2026-04-28 13:01:00,ODV.V,,4.179999828338623,4.179999828338623,4.179999828338623,4.179999828338623,100.0
2026-04-28 13:01:00,ONYX.V,,1.2300000190734863,1.2300000190734863,1.2300000190734863,1.2300000190734863,500.0
2026-04-28 13:01:00,QTWO.V,,2.744999885559082,2.744999885559082,2.744999885559082,2.744999885559082,100.0
2026-04-28 13:01:00,RDS.V,,1.0399999618530273,1.0399999618530273,1.0399999618530273,1.0399999618530273,200.0
2026-04-28 13:01:00,ROCK.V,,3.1500000953674316,3.1600000858306885,3.1500000953674316,3.1500000953674316,2200.0
2026-04-28 13:02:00,MHUB.V,,0.7699999809265137,0.7699999809265137,0.7699999809265137,0.7699999809265137,1000.0
2026-04-28 13:02:00,NCX.V,,3.049999952316284,3.049999952316284,3.049999952316284,3.049999952316284,700.0
2026-04-28 13:02:00,OMG.V,,2.2699999809265137,2.2699999809265137,2.2699999809265137,2.2699999809265137,100.0
2026-04-28 13:02:00,ONYX.V,,1.2300000190734863,1.2300000190734863,1.2300000190734863,1.2300000190734863,300.0
2026-04-28 13:02:00,PGLD.V,,0.7099999785423279,0.7099999785423279,0.7099999785423279,0.7099999785423279,9500.0
2026-04-28 13:02:00,PLAN.V,,0.36000001430511475,0.36000001430511475,0.36000001430511475,0.36000001430511475,1000.0
2026-04-28 13:02:00,QTWO.V,,2.744999885559082,2.744999885559082,2.744999885559082,2.744999885559082,200.0
2026-04-28 13:02:00,RDS.V,,1.0449999570846558,1.0449999570846558,1.0449999570846558,1.0449999570846558,100.0
2026-04-28 13:02:00,ROCK.V,,3.1500000953674316,3.1500000953674316,3.1500000953674316,3.1500000953674316,1100.0
2026-04-28 13:02:00,SCZ.V,,10.739999771118164,10.739999771118164,10.739999771118164,10.739999771118164,100.0
2026-04-28 13:02:00,SGML.V,,27.360000610351562,27.3700008392334,27.360000610351562,27.3700008392334,200.0
2026-04-28 13:02:00,SLI.V,,5.090000152587891,5.090000152587891,5.090000152587891,5.090000152587891,100.0
2026-04-28 13:02:00,SM.V,,1.649999976158142,1.649999976158142,1.649999976158142,1.649999976158142,100.0
2026-04-28 13:02:00,SSV.V,,0.49000000953674316,0.49000000953674316,0.49000000953674316,0.49000000953674316,2000.0
2026-04-28 13:02:00,SVE.V,,0.4650000035762787,0.4650000035762787,0.4650000035762787,0.4650000035762787,500.0
2026-04-28 13:02:00,SVRS.V,,0.4399999976158142,0.4399999976158142,0.4399999976158142,0.4399999976158142,500.0
2026-04-28 13:03:00,NCX.V,,3.049999952316284,3.049999952316284,3.049999952316284,3.049999952316284,10400.0
2026-04-28 13:03:00,OGN.V,,3.690000057220459,3.690000057220459,3.680000066757202,3.680000066757202,1400.0
2026-04-28 13:03:00,OMG.V,,2.2699999809265137,2.2699999809265137,2.2699999809265137,2.2699999809265137,100.0
2026-04-28 13:03:00,ONYX.V,,1.2300000190734863,1.2300000190734863,1.2300000190734863,1.2300000190734863,3600.0
2026-04-28 13:03:00,PGE.V,,0.3199999928474426,0.3199999928474426,0.3199999928474426,0.3199999928474426,500.0
2026-04-28 13:03:00,PML.V,,1.0299999713897705,1.0299999713897705,1.0299999713897705,1.0299999713897705,100.0
2026-04-28 13:03:00,QTWO.V,,2.740000009536743,2.744999885559082,2.740000009536743,2.744999885559082,1600.0
2026-04-28 13:03:00,SCZ.V,,10.720000267028809,10.720000267028809,10.720000267028809,10.720000267028809,100.0
2026-04-28 13:03:00,SGML.V,,27.34000015258789,27.34000015258789,27.34000015258789,27.34000015258789,100.0
2026-04-28 13:03:00,SSV.V,,0.49000000953674316,0.49000000953674316,0.49000000953674316,0.49000000953674316,1257.0
2026-04-28 13:04:00,NCX.V,,3.049999952316284,3.049999952316284,3.049999952316284,3.049999952316284,400.0
2026-04-28 13:04:00,OMG.V,,2.265000104904175,2.265000104904175,2.265000104904175,2.265000104904175,100.0
2026-04-28 13:04:00,ONYX.V,,1.2300000190734863,1.2300000190734863,1.2300000190734863,1.2300000190734863,300.0
2026-04-28 13:04:00,PGLD.V,,0.7099999785423279,0.7099999785423279,0.7099999785423279,0.7099999785423279,500.0
2026-04-28 13:04:00,QTWO.V,,2.744999885559082,2.744999885559082,2.740000009536743,2.740000009536743,400.0
2026-04-28 13:04:00,ROCK.V,,3.1500000953674316,3.1500000953674316,3.1500000953674316,3.1500000953674316,700.0
2026-04-28 13:04:00,SCZ.V,,10.720000267028809,10.720000267028809,10.720000267028809,10.720000267028809,600.0
2026-04-28 13:04:00,SGN.V,,0.3400000035762787,0.3400000035762787,0.3400000035762787,0.3400000035762787,3000.0
2026-04-28 13:04:00,SVRS.V,,0.4399999976158142,0.4399999976158142,0.4399999976158142,0.4399999976158142,500.0
2026-04-28 13:05:00,MHUB.V,,0.7699999809265137,0.7699999809265137,0.7699999809265137,0.7699999809265137,2000.0
2026-04-28 13:05:00,NCX.V,,3.049999952316284,3.049999952316284,3.049999952316284,3.049999952316284,2000.0
2026-04-28 13:05:00,NFG.V,,2.6700000762939453,2.6700000762939453,2.6700000762939453,2.6700000762939453,100.0
2026-04-28 13:05:00,OMG.V,,2.265000104904175,2.265000104904175,2.259999990463257,2.259999990463257,700.0
2026-04-28 13:05:00,ONYX.V,,1.2300000190734863,1.2300000190734863,1.2300000190734863,1.2300000190734863,300.0
2026-04-28 13:05:00,QTWO.V,,2.744999885559082,2.744999885559082,2.740000009536743,2.740000009536743,900.0
2026-04-28 13:05:00,RDS.V,,1.059999942779541,1.059999942779541,1.0499999523162842,1.0499999523162842,14315.0
2026-04-28 13:05:00,ROCK.V,,3.1500000953674316,3.1500000953674316,3.1500000953674316,3.1500000953674316,200.0
2026-04-28 13:05:00,SCZ.V,,10.65999984741211,10.710000038146973,10.65999984741211,10.699999809265137,2205.0
2026-04-28 13:05:00,SSV.V,,0.49000000953674316,0.49000000953674316,0.49000000953674316,0.49000000953674316,8500.0
2026-04-28 13:05:00,SVE.V,,0.4650000035762787,0.4650000035762787,0.4650000035762787,0.4650000035762787,500.0
2026-04-28 13:05:00,SVRS.V,,0.4399999976158142,0.4399999976158142,0.4399999976158142,0.4399999976158142,500.0
2026-04-28 13:06:00,OGN.V,,3.680000066757202,3.680000066757202,3.680000066757202,3.680000066757202,100.0
2026-04-28 13:06:00,ONYX.V,,1.2300000190734863,1.2300000190734863,1.2300000190734863,1.2300000190734863,600.0
2026-04-28 13:06:00,PLSR.V,,1.6799999475479126,1.6799999475479126,1.6799999475479126,1.6799999475479126,1000.0
2026-04-28 13:06:00,ROCK.V,,3.1500000953674316,3.1500000953674316,3.1500000953674316,3.1500000953674316,4700.0
2026-04-28 13:06:00,SGN.V,,0.3400000035762787,0.3400000035762787,0.3400000035762787,0.3400000035762787,500.0
2026-04-28 13:06:00,SVRS.V,,0.4399999976158142,0.4399999976158142,0.4399999976158142,0.4399999976158142,500.0
2026-04-28 13:06:00,VIPR.V,,0.8799999952316284,0.8899999856948853,0.8799999952316284,0.8899999856948853,20000.0
2026-04-28 13:07:00,ONYX.V,,1.2300000190734863,1.2300000190734863,1.2300000190734863,1.2300000190734863,400.0
2026-04-28 13:07:00,PGLD.V,,0.7099999785423279,0.7099999785423279,0.7099999785423279,0.7099999785423279,500.0
2026-04-28 13:07:00,QTWO.V,,2.740000009536743,2.744999885559082,2.740000009536743,2.744999885559082,800.0
2026-04-28 13:07:00,RDS.V,,1.059999942779541,1.059999942779541,1.059999942779541,1.059999942779541,100.0
2026-04-28 13:07:00,SCZ.V,,10.65999984741211,10.65999984741211,10.65999984741211,10.65999984741211,100.0
2026-04-28 13:07:00,SLI.V,,5.090000152587891,5.090000152587891,5.079999923706055,5.079999923706055,7000.0
2026-04-28 13:07:00,SOU.V,,0.07999999821186066,0.07999999821186066,0.07999999821186066,0.07999999821186066,15000.0
2026-04-28 13:07:00,SSV.V,,0.49000000953674316,0.49000000953674316,0.49000000953674316,0.49000000953674316,21000.0
2026-04-28 13:07:00,VIPR.V,,0.8899999856948853,0.8999999761581421,0.8899999856948853,0.8899999856948853,7500.0
2026-04-28 13:08:00,NCI.V,,0.9900000095367432,0.9900000095367432,0.9900000095367432,0.9900000095367432,300.0
2026-04-28 13:08:00,NFG.V,,2.6700000762939453,2.6700000762939453,2.6700000762939453,2.6700000762939453,100.0
2026-04-28 13:08:00,OCO.V,,0.38499999046325684,0.38499999046325684,0.38499999046325684,0.38499999046325684,2500.0
2026-04-28 13:08:00,OMG.V,,2.265000104904175,2.265000104904175,2.265000104904175,2.265000104904175,200.0
2026-04-28 13:08:00,ONYX.V,,1.2300000190734863,1.2300000190734863,1.2300000190734863,1.2300000190734863,300.0
2026-04-28 13:08:00,PGLD.V,,0.7099999785423279,0.7099999785423279,0.7099999785423279,0.7099999785423279,1000.0
2026-04-28 13:08:00,QTWO.V,,2.744999885559082,2.744999885559082,2.740000009536743,2.744999885559082,800.0
2026-04-28 13:08:00,ROCK.V,,3.0999999046325684,3.0999999046325684,3.0999999046325684,3.0999999046325684,100.0
2026-04-28 13:08:00,SVE.V,,0.4650000035762787,0.4650000035762787,0.4650000035762787,0.4650000035762787,500.0
2026-04-28 13:09:00,NCX.V,,3.049999952316284,3.049999952316284,3.049999952316284,3.049999952316284,500.0
2026-04-28 13:09:00,NIM.V,,0.7699999809265137,0.7699999809265137,0.7699999809265137,0.7699999809265137,22000.0
2026-04-28 13:09:00,OMG.V,,2.265000104904175,2.265000104904175,2.265000104904175,2.265000104904175,100.0
2026-04-28 13:09:00,OML.V,,1.409999966621399,1.409999966621399,1.409999966621399,1.409999966621399,0.0
2026-04-28 13:09:00,ONYX.V,,1.2300000190734863,1.2300000190734863,1.2300000190734863,1.2300000190734863,300.0
2026-04-28 13:09:00,PGLD.V,,0.7099999785423279,0.7099999785423279,0.7099999785423279,0.7099999785423279,3000.0
2026-04-28 13:09:00,QTWO.V,,2.740000009536743,2.740000009536743,2.740000009536743,2.740000009536743,100.0
2026-04-28 13:09:00,RDS.V,,1.0499999523162842,1.0499999523162842,1.0499999523162842,1.0499999523162842,300.0
2026-04-28 13:09:00,ROCK.V,,3.0999999046325684,3.0999999046325684,3.0999999046325684,3.0999999046325684,4900.0
2026-04-28 13:09:00,SCZ.V,,10.680000305175781,10.680000305175781,10.649999618530273,10.649999618530273,300.0
2026-04-28 13:09:00,SGN.V,,0.3400000035762787,0.3400000035762787,0.3400000035762787,0.3400000035762787,1500.0
2026-04-28 13:09:00,SVE.V,,0.4650000035762787,0.4650000035762787,0.4650000035762787,0.4650000035762787,500.0
2026-04-28 13:09:00,SVRS.V,,0.4399999976158142,0.4399999976158142,0.4399999976158142,0.4399999976158142,22512.0
2026-04-28 13:10:00,MGG.V,,0.3449999988079071,0.3449999988079071,0.3449999988079071,0.3449999988079071,500.0
2026-04-28 13:10:00,MHUB.V,,0.7699999809265137,0.7699999809265137,0.7699999809265137,0.7699999809265137,500.0
2026-04-28 13:10:00,ODV.V,,4.159999847412109,4.159999847412109,4.159999847412109,4.159999847412109,700.0
2026-04-28 13:10:00,OGN.V,,3.690000057220459,3.690000057220459,3.680000066757202,3.680000066757202,2200.0
2026-04-28 13:10:00,OMG.V,,2.265000104904175,2.265000104904175,2.265000104904175,2.265000104904175,100.0
2026-04-28 13:10:00,ONYX.V,,1.2200000286102295,1.2300000190734863,1.2200000286102295,1.2300000190734863,39800.0
2026-04-28 13:10:00,OPW.V,,0.14499999582767487,0.14499999582767487,0.14499999582767487,0.14499999582767487,5000.0
2026-04-28 13:10:00,PGLD.V,,0.7099999785423279,0.7099999785423279,0.7099999785423279,0.7099999785423279,2000.0
2026-04-28 13:10:00,QTWO.V,,2.740000009536743,2.740000009536743,2.740000009536743,2.740000009536743,100.0
2026-04-28 13:10:00,RDS.V,,1.0499999523162842,1.0499999523162842,1.0499999523162842,1.0499999523162842,700.0
2026-04-28 13:10:00,SCZ.V,,10.649999618530273,10.680000305175781,10.649999618530273,10.680000305175781,1000.0
2026-04-28 13:10:00,SHL.V,,0.4749999940395355,0.4749999940395355,0.4749999940395355,0.4749999940395355,5500.0
2026-04-28 13:11:00,NCX.V,,3.0399999618530273,3.0399999618530273,3.0399999618530273,3.0399999618530273,1200.0
2026-04-28 13:11:00,NIM.V,,0.7900000214576721,0.7900000214576721,0.7900000214576721,0.7900000214576721,3000.0
2026-04-28 13:11:00,OMG.V,,2.259999990463257,2.259999990463257,2.259999990463257,2.259999990463257,100.0
2026-04-28 13:11:00,ONYX.V,,1.2300000190734863,1.2300000190734863,1.2300000190734863,1.2300000190734863,1100.0
2026-04-28 13:11:00,OPW.V,,0.15000000596046448,0.15000000596046448,0.15000000596046448,0.15000000596046448,2505.0
2026-04-28 13:11:00,PGLD.V,,0.7099999785423279,0.7099999785423279,0.7099999785423279,0.7099999785423279,2000.0
2026-04-28 13:11:00,QTWO.V,,2.744999885559082,2.744999885559082,2.740000009536743,2.740000009536743,200.0
2026-04-28 13:11:00,RDS.V,,1.0499999523162842,1.0499999523162842,1.0499999523162842,1.0499999523162842,100.0
2026-04-28 13:11:00,SCZ.V,,10.670000076293945,10.670000076293945,10.649999618530273,10.649999618530273,500.0
2026-04-28 13:11:00,SGN.V,,0.3400000035762787,0.3400000035762787,0.3400000035762787,0.3400000035762787,500.0
2026-04-28 13:11:00,SVE.V,,0.4650000035762787,0.4650000035762787,0.4650000035762787,0.4650000035762787,500.0
2026-04-28 13:11:00,SVRS.V,,0.4399999976158142,0.4399999976158142,0.4399999976158142,0.4399999976158142,1200.0
2026-04-28 13:12:00,MHUB.V,,0.7699999809265137,0.7699999809265137,0.7699999809265137,0.7699999809265137,1000.0
2026-04-28 13:12:00,PGLD.V,,0.7099999785423279,0.7099999785423279,0.7099999785423279,0.7099999785423279,1000.0
2026-04-28 13:12:00,QTWO.V,,2.740000009536743,2.740000009536743,2.740000009536743,2.740000009536743,200.0
2026-04-28 13:12:00,RDG.V,,0.17499999701976776,0.17499999701976776,0.17499999701976776,0.17499999701976776,3000.0
2026-04-28 13:12:00,RDS.V,,1.0499999523162842,1.0499999523162842,1.0499999523162842,1.0499999523162842,800.0
2026-04-28 13:12:00,SGML.V,,27.270000457763672,27.270000457763672,27.229999542236328,27.229999542236328,300.0
2026-04-28 13:13:00,MHUB.V,,0.7799999713897705,0.7799999713897705,0.7699999809265137,0.7699999809265137,2500.0
2026-04-28 13:13:00,NCX.V,,3.055000066757202,3.059999942779541,3.049999952316284,3.049999952316284,800.0
2026-04-28 13:13:00,OMG.V,,2.259999990463257,2.259999990463257,2.259999990463257,2.259999990463257,100.0
2026-04-28 13:13:00,ONYX.V,,1.2300000190734863,1.2400000095367432,1.2300000190734863,1.2400000095367432,21800.0
2026-04-28 13:13:00,PLSR.V,,1.6699999570846558,1.6699999570846558,1.6699999570846558,1.6699999570846558,7801.0
2026-04-28 13:13:00,QTWO.V,,2.744999885559082,2.744999885559082,2.740000009536743,2.744999885559082,400.0
2026-04-28 13:13:00,RDS.V,,1.0499999523162842,1.0499999523162842,1.0499999523162842,1.0499999523162842,100.0
2026-04-28 13:13:00,SAGE.V,,0.17000000178813934,0.17000000178813934,0.17000000178813934,0.17000000178813934,2500.0
2026-04-28 13:13:00,SLI.V,,5.090000152587891,5.090000152587891,5.090000152587891,5.090000152587891,100.0
2026-04-28 13:13:00,SVE.V,,0.4650000035762787,0.4650000035762787,0.4650000035762787,0.4650000035762787,500.0
2026-04-28 13:13:00,SVRS.V,,0.4399999976158142,0.4399999976158142,0.4399999976158142,0.4399999976158142,942.0
2026-04-28 13:14:00,ODV.V,,4.159999847412109,4.159999847412109,4.159999847412109,4.159999847412109,900.0
2026-04-28 13:14:00,ONYX.V,,1.2400000095367432,1.2400000095367432,1.2400000095367432,1.2400000095367432,400.0
2026-04-28 13:14:00,PGLD.V,,0.7099999785423279,0.7099999785423279,0.7099999785423279,0.7099999785423279,1500.0
2026-04-28 13:14:00,PLUR.V,,0.10999999940395355,0.10999999940395355,0.10999999940395355,0.10999999940395355,2500.0
2026-04-28 13:14:00,PRG.V,,0.7799999713897705,0.7799999713897705,0.7799999713897705,0.7799999713897705,2500.0
2026-04-28 13:14:00,QTWO.V,,2.740000009536743,2.740000009536743,2.740000009536743,2.740000009536743,100.0
2026-04-28 13:14:00,RDS.V,,1.0499999523162842,1.0499999523162842,1.0499999523162842,1.0499999523162842,200.0
2026-04-28 13:14:00,RECO.V,,1.2100000381469727,1.2100000381469727,1.2100000381469727,1.2100000381469727,2600.0
2026-04-28 13:15:00,NFG.V,,2.6600000858306885,2.6600000858306885,2.6600000858306885,2.6600000858306885,1000.0
2026-04-28 13:15:00,OMG.V,,2.265000104904175,2.265000104904175,2.265000104904175,2.265000104904175,100.0
2026-04-28 13:15:00,ONYX.V,,1.2400000095367432,1.2400000095367432,1.2400000095367432,1.2400000095367432,300.0
2026-04-28 13:15:00,RDS.V,,1.0499999523162842,1.0499999523162842,1.0499999523162842,1.0499999523162842,10537.0
2026-04-28 13:15:00,RECO.V,,1.2100000381469727,1.2100000381469727,1.2100000381469727,1.2100000381469727,200.0
2026-04-28 13:15:00,RVG.V,,0.7850000262260437,0.7850000262260437,0.7850000262260437,0.7850000262260437,1500.0
2026-04-28 13:15:00,SCZ.V,,10.65999984741211,10.65999984741211,10.65999984741211,10.65999984741211,100.0
2026-04-28 13:15:00,SGN.V,,0.3400000035762787,0.3400000035762787,0.3400000035762787,0.3400000035762787,1500.0
2026-04-28 13:15:00,SLI.V,,5.099999904632568,5.099999904632568,5.099999904632568,5.099999904632568,1300.0
2026-04-28 13:15:00,SMN.V,,0.14499999582767487,0.14499999582767487,0.14499999582767487,0.14499999582767487,77443.0
2026-04-28 13:15:00,SSV.V,,0.49000000953674316,0.49000000953674316,0.49000000953674316,0.49000000953674316,21019.0
2026-04-28 13:15:00,SVRS.V,,0.4399999976158142,0.4399999976158142,0.4399999976158142,0.4399999976158142,13000.0
2026-04-28 13:16:00,OMG.V,,2.259999990463257,2.259999990463257,2.259999990463257,2.259999990463257,700.0
2026-04-28 13:16:00,ONYX.V,,1.2400000095367432,1.2400000095367432,1.2400000095367432,1.2400000095367432,600.0
2026-04-28 13:16:00,RDS.V,,1.0499999523162842,1.0499999523162842,1.0499999523162842,1.0499999523162842,100.0
2026-04-28 13:16:00,RECO.V,,1.2100000381469727,1.2100000381469727,1.2100000381469727,1.2100000381469727,300.0
2026-04-28 13:16:00,SCZ.V,,10.65999984741211,10.65999984741211,10.65999984741211,10.65999984741211,100.0
2026-04-28 13:16:00,SLG.V,,3.180000066757202,3.180000066757202,3.180000066757202,3.180000066757202,100.0
2026-04-28 13:16:00,SLI.V,,5.090000152587891,5.090000152587891,5.090000152587891,5.090000152587891,6300.0
2026-04-28 13:16:00,SVE.V,,0.4650000035762787,0.4650000035762787,0.4650000035762787,0.4650000035762787,500.0
2026-04-28 13:16:00,SVRS.V,,0.4399999976158142,0.4399999976158142,0.4399999976158142,0.4399999976158142,500.0
2026-04-28 13:17:00,ONYX.V,,1.2300000190734863,1.2300000190734863,1.2300000190734863,1.2300000190734863,300.0
2026-04-28 13:17:00,PGE.V,,0.3199999928474426,0.3199999928474426,0.3199999928474426,0.3199999928474426,6000.0
2026-04-28 13:17:00,PGLD.V,,0.7099999785423279,0.7099999785423279,0.7099999785423279,0.7099999785423279,2500.0
2026-04-28 13:17:00,PRG.V,,0.7799999713897705,0.7799999713897705,0.7799999713897705,0.7799999713897705,80500.0
2026-04-28 13:17:00,QTWO.V,,2.734999895095825,2.734999895095825,2.734999895095825,2.734999895095825,100.0
2026-04-28 13:17:00,RDS.V,,1.0499999523162842,1.0499999523162842,1.0499999523162842,1.0499999523162842,100.0
2026-04-28 13:17:00,RECO.V,,1.2100000381469727,1.2100000381469727,1.2100000381469727,1.2100000381469727,200.0
2026-04-28 13:17:00,SCZ.V,,10.649999618530273,10.649999618530273,10.649999618530273,10.649999618530273,313.0
2026-04-28 13:17:00,SGML.V,,27.239999771118164,27.239999771118164,27.239999771118164,27.239999771118164,300.0
2026-04-28 13:17:00,SOMA.V,,1.3300000429153442,1.3300000429153442,1.3300000429153442,1.3300000429153442,100.0
2026-04-28 13:17:00,SSV.V,,0.48500001430511475,0.48500001430511475,0.48500001430511475,0.48500001430511475,8500.0
2026-04-28 13:18:00,MGG.V,,0.3449999988079071,0.3449999988079071,0.3449999988079071,0.3449999988079071,500.0
2026-04-28 13:18:00,NCX.V,,3.049999952316284,3.049999952316284,3.049999952316284,3.049999952316284,500.0
2026-04-28 13:18:00,OMG.V,,2.259999990463257,2.265000104904175,2.259999990463257,2.265000104904175,1400.0
2026-04-28 13:18:00,ONYX.V,,1.2300000190734863,1.2300000190734863,1.2300000190734863,1.2300000190734863,300.0
2026-04-28 13:18:00,QTWO.V,,2.7300000190734863,2.734999895095825,2.7300000190734863,2.734999895095825,200.0
2026-04-28 13:18:00,RECO.V,,1.2100000381469727,1.2100000381469727,1.2100000381469727,1.2100000381469727,200.0
2026-04-28 13:18:00,SCZ.V,,10.619999885559082,10.649999618530273,10.619999885559082,10.649999618530273,1909.0
2026-04-28 13:18:00,SLI.V,,5.090000152587891,5.090000152587891,5.090000152587891,5.090000152587891,1800.0
2026-04-28 13:18:00,SVRS.V,,0.4399999976158142,0.4399999976158142,0.4399999976158142,0.4399999976158142,500.0
2026-04-28 13:19:00,OCO.V,,0.38499999046325684,0.38499999046325684,0.38499999046325684,0.38499999046325684,500.0
2026-04-28 13:19:00,OMG.V,,2.25,2.259999990463257,2.25,2.259999990463257,16315.0
2026-04-28 13:19:00,PHNM.V,,0.4300000071525574,0.4300000071525574,0.4300000071525574,0.4300000071525574,3500.0
2026-04-28 13:19:00,ROCK.V,,3.049999952316284,3.049999952316284,3.049999952316284,3.049999952316284,100.0
2026-04-28 13:19:00,SLI.V,,5.090000152587891,5.090000152587891,5.090000152587891,5.090000152587891,4500.0
2026-04-28 13:19:00,SM.V,,1.659999966621399,1.659999966621399,1.649999976158142,1.649999976158142,1808.0
2026-04-28 13:19:00,SVE.V,,0.4650000035762787,0.4650000035762787,0.4650000035762787,0.4650000035762787,1000.0
2026-04-28 13:20:00,MKA.V,,0.8500000238418579,0.8500000238418579,0.8500000238418579,0.8500000238418579,5033.0
2026-04-28 13:20:00,OMG.V,,2.240000009536743,2.25,2.240000009536743,2.25,9765.0
2026-04-28 13:20:00,ONYX.V,,1.2300000190734863,1.2300000190734863,1.2300000190734863,1.2300000190734863,300.0
2026-04-28 13:20:00,QTWO.V,,2.734999895095825,2.734999895095825,2.734999895095825,2.734999895095825,100.0
2026-04-28 13:20:00,RDS.V,,1.0499999523162842,1.0499999523162842,1.0499999523162842,1.0499999523162842,300.0
2026-04-28 13:20:00,RECO.V,,1.2100000381469727,1.2100000381469727,1.2100000381469727,1.2100000381469727,300.0
2026-04-28 13:20:00,SGN.V,,0.3400000035762787,0.3400000035762787,0.3400000035762787,0.3400000035762787,83000.0
2026-04-28 13:20:00,SHL.V,,0.4749999940395355,0.4749999940395355,0.4749999940395355,0.4749999940395355,500.0
2026-04-28 13:20:00,SLI.V,,5.090000152587891,5.090000152587891,5.090000152587891,5.090000152587891,3300.0
2026-04-28 13:20:00,SMN.V,,0.15000000596046448,0.15000000596046448,0.15000000596046448,0.15000000596046448,73000.0
2026-04-28 13:20:00,SPA.V,,0.30000001192092896,0.30000001192092896,0.30000001192092896,0.30000001192092896,44000.0
2026-04-28 13:20:00,SVRS.V,,0.4399999976158142,0.4399999976158142,0.4399999976158142,0.4399999976158142,500.0
2026-04-28 13:21:00,FEO.V,,0.8299999833106995,0.8299999833106995,0.8299999833106995,0.8299999833106995,3000.0
2026-04-28 13:21:00,NIM.V,,0.7699999809265137,0.7699999809265137,0.7699999809265137,0.7699999809265137,16500.0
2026-04-28 13:21:00,ONYX.V,,1.2300000190734863,1.2300000190734863,1.2300000190734863,1.2300000190734863,300.0
2026-04-28 13:21:00,QTWO.V,,2.734999895095825,2.734999895095825,2.734999895095825,2.734999895095825,100.0
2026-04-28 13:21:00,RDS.V,,1.0499999523162842,1.0499999523162842,1.0499999523162842,1.0499999523162842,900.0
2026-04-28 13:21:00,ROCK.V,,3.109999895095825,3.109999895095825,3.0899999141693115,3.0899999141693115,900.0
2026-04-28 13:21:00,SGN.V,,0.3400000035762787,0.3400000035762787,0.3400000035762787,0.3400000035762787,1000.0
2026-04-28 13:21:00,SVRS.V,,0.4399999976158142,0.4399999976158142,0.4399999976158142,0.4399999976158142,500.0
2026-04-28 13:21:00,VIPR.V,,0.8799999952316284,0.8799999952316284,0.8799999952316284,0.8799999952316284,500.0
2026-04-28 13:22:00,NRN.V,,0.04500000178813934,0.04500000178813934,0.04500000178813934,0.04500000178813934,12500.0
2026-04-28 13:22:00,ONYX.V,,1.2300000190734863,1.2300000190734863,1.2300000190734863,1.2300000190734863,300.0
2026-04-28 13:22:00,QTWO.V,,2.740000009536743,2.740000009536743,2.734999895095825,2.734999895095825,1300.0
2026-04-28 13:22:00,RDS.V,,1.0449999570846558,1.0499999523162842,1.0449999570846558,1.0499999523162842,5300.0
2026-04-28 13:22:00,RECO.V,,1.2100000381469727,1.2100000381469727,1.2100000381469727,1.2100000381469727,1027.0
2026-04-28 13:22:00,ROCK.V,,3.109999895095825,3.109999895095825,3.109999895095825,3.109999895095825,400.0
2026-04-28 13:22:00,SGN.V,,0.3400000035762787,0.3400000035762787,0.3400000035762787,0.3400000035762787,500.0
2026-04-28 13:22:00,SMN.V,,0.15000000596046448,0.15000000596046448,0.15000000596046448,0.15000000596046448,92000.0
2026-04-28 13:22:00,VIPR.V,,0.8799999952316284,0.8799999952316284,0.8799999952316284,0.8799999952316284,4500.0
2026-04-28 13:23:00,NFG.V,,2.6600000858306885,2.6600000858306885,2.6600000858306885,2.6600000858306885,800.0
2026-04-28 13:23:00,OMG.V,,2.259999990463257,2.259999990463257,2.25,2.25,18600.0
2026-04-28 13:23:00,ONYX.V,,1.2300000190734863,1.2300000190734863,1.2300000190734863,1.2300000190734863,300.0
2026-04-28 13:23:00,QTWO.V,,2.744999885559082,2.744999885559082,2.744999885559082,2.744999885559082,100.0
2026-04-28 13:23:00,RDS.V,,1.0499999523162842,1.0499999523162842,1.0499999523162842,1.0499999523162842,2400.0
2026-04-28 13:23:00,RECO.V,,1.2100000381469727,1.2100000381469727,1.2100000381469727,1.2100000381469727,100.0
2026-04-28 13:23:00,ROCK.V,,3.119999885559082,3.119999885559082,3.0999999046325684,3.0999999046325684,1600.0
2026-04-28 13:23:00,SGN.V,,0.3400000035762787,0.3400000035762787,0.3400000035762787,0.3400000035762787,3500.0
2026-04-28 13:23:00,SVE.V,,0.4650000035762787,0.4650000035762787,0.4650000035762787,0.4650000035762787,500.0
2026-04-28 13:23:00,SVRS.V,,0.4399999976158142,0.4399999976158142,0.4399999976158142,0.4399999976158142,500.0
2026-04-28 13:24:00,NCX.V,,3.059999942779541,3.059999942779541,3.059999942779541,3.059999942779541,2000.0
2026-04-28 13:24:00,ODV.V,,4.150000095367432,4.150000095367432,4.150000095367432,4.150000095367432,100.0
2026-04-28 13:24:00,OMG.V,,2.25,2.25,2.25,2.25,1000.0
2026-04-28 13:24:00,ONYX.V,,1.2300000190734863,1.2300000190734863,1.2300000190734863,1.2300000190734863,300.0
2026-04-28 13:24:00,PGLD.V,,0.7099999785423279,0.7099999785423279,0.7099999785423279,0.7099999785423279,500.0
2026-04-28 13:24:00,QTWO.V,,2.75,2.75,2.75,2.75,8400.0
2026-04-28 13:24:00,RECO.V,,1.2100000381469727,1.2100000381469727,1.2100000381469727,1.2100000381469727,100.0
2026-04-28 13:24:00,SCD.V,,0.1550000011920929,0.1550000011920929,0.1550000011920929,0.1550000011920929,129500.0
2026-04-28 13:24:00,SCZ.V,,10.699999809265137,10.699999809265137,10.649999618530273,10.649999618530273,3200.0
2026-04-28 13:24:00,SGN.V,,0.3400000035762787,0.3400000035762787,0.3400000035762787,0.3400000035762787,500.0
2026-04-28 13:24:00,SLG.V,,3.180000066757202,3.180000066757202,3.180000066757202,3.180000066757202,100.0
2026-04-28 13:24:00,SLI.V,,5.099999904632568,5.099999904632568,5.099999904632568,5.099999904632568,900.0
2026-04-28 13:24:00,SMP.V,,0.07000000029802322,0.07000000029802322,0.07000000029802322,0.07000000029802322,17000.0
2026-04-28 13:25:00,NBLC.V,,0.04500000178813934,0.04500000178813934,0.04500000178813934,0.04500000178813934,10000.0
2026-04-28 13:25:00,NCX.V,,3.049999952316284,3.049999952316284,3.049999952316284,3.049999952316284,1200.0
2026-04-28 13:25:00,NOB.V,,0.09000000357627869,0.09000000357627869,0.09000000357627869,0.09000000357627869,41000.0
2026-04-28 13:25:00,ODV.V,,4.159999847412109,4.159999847412109,4.159999847412109,4.159999847412109,100.0
2026-04-28 13:25:00,ONYX.V,,1.2300000190734863,1.2300000190734863,1.2300000190734863,1.2300000190734863,300.0
2026-04-28 13:25:00,PGLD.V,,0.7099999785423279,0.7099999785423279,0.7099999785423279,0.7099999785423279,9000.0
2026-04-28 13:25:00,RECO.V,,1.2100000381469727,1.2100000381469727,1.2100000381469727,1.2100000381469727,100.0
2026-04-28 13:25:00,ROCK.V,,3.130000114440918,3.130000114440918,3.130000114440918,3.130000114440918,200.0
2026-04-28 13:25:00,SVRS.V,,0.4399999976158142,0.44749999046325684,0.4399999976158142,0.4424999952316284,30500.0
2026-04-28 13:25:00,VRY.V,,0.8399999737739563,0.8399999737739563,0.8399999737739563,0.8399999737739563,0.0
2026-04-28 13:26:00,MGG.V,,0.3449999988079071,0.3449999988079071,0.3449999988079071,0.3449999988079071,500.0
2026-04-28 13:26:00,OMG.V,,2.2699999809265137,2.2699999809265137,2.2699999809265137,2.2699999809265137,300.0
2026-04-28 13:26:00,ONYX.V,,1.2300000190734863,1.2300000190734863,1.2300000190734863,1.2300000190734863,500.0
2026-04-28 13:26:00,QTWO.V,,2.7799999713897705,2.7799999713897705,2.759999990463257,2.759999990463257,2000.0
2026-04-28 13:26:00,RDS.V,,1.0499999523162842,1.0499999523162842,1.0499999523162842,1.0499999523162842,4700.0
2026-04-28 13:26:00,RECO.V,,1.2100000381469727,1.2100000381469727,1.2100000381469727,1.2100000381469727,100.0
2026-04-28 13:26:00,ROK.V,,0.27000001072883606,0.27000001072883606,0.27000001072883606,0.27000001072883606,1000.0
2026-04-28 13:26:00,SGN.V,,0.3400000035762787,0.3400000035762787,0.3400000035762787,0.3400000035762787,9500.0
2026-04-28 13:26:00,SVE.V,,0.4699999988079071,0.4699999988079071,0.4699999988079071,0.4699999988079071,500.0
2026-04-28 13:27:00,ODV.V,,4.159999847412109,4.159999847412109,4.150000095367432,4.150000095367432,300.0
2026-04-28 13:27:00,OMG.V,,2.259999990463257,2.259999990463257,2.259999990463257,2.259999990463257,5000.0
2026-04-28 13:27:00,ONYX.V,,1.2400000095367432,1.2400000095367432,1.2400000095367432,1.2400000095367432,400.0
2026-04-28 13:27:00,PGLD.V,,0.7099999785423279,0.7099999785423279,0.7099999785423279,0.7099999785423279,500.0
2026-04-28 13:27:00,PWM.V,,0.4399999976158142,0.4399999976158142,0.4399999976158142,0.4399999976158142,500.0
2026-04-28 13:27:00,RDS.V,,1.0499999523162842,1.0499999523162842,1.0499999523162842,1.0499999523162842,100.0
2026-04-28 13:27:00,RECO.V,,1.2100000381469727,1.2100000381469727,1.2100000381469727,1.2100000381469727,100.0
2026-04-28 13:27:00,SCZ.V,,10.739999771118164,10.739999771118164,10.739999771118164,10.739999771118164,200.0
2026-04-28 13:27:00,SGN.V,,0.3400000035762787,0.3400000035762787,0.3400000035762787,0.3400000035762787,10000.0
2026-04-28 13:27:00,SOMA.V,,1.3300000429153442,1.3300000429153442,1.3300000429153442,1.3300000429153442,100.0
2026-04-28 13:27:00,SYH.V,,0.49000000953674316,0.49000000953674316,0.49000000953674316,0.49000000953674316,500.0
2026-04-28 13:28:00,NCX.V,,3.059999942779541,3.059999942779541,3.059999942779541,3.059999942779541,200.0
2026-04-28 13:28:00,ONYX.V,,1.2300000190734863,1.2300000190734863,1.2300000190734863,1.2300000190734863,600.0
2026-04-28 13:28:00,QGR.V,,0.28999999165534973,0.28999999165534973,0.28999999165534973,0.28999999165534973,500.0
2026-04-28 13:28:00,QTWO.V,,2.7799999713897705,2.7799999713897705,2.7799999713897705,2.7799999713897705,300.0
2026-04-28 13:28:00,RECO.V,,1.2100000381469727,1.2100000381469727,1.2100000381469727,1.2100000381469727,300.0
2026-04-28 13:28:00,SGN.V,,0.3400000035762787,0.3400000035762787,0.3400000035762787,0.3400000035762787,5000.0
2026-04-28 13:28:00,SLI.V,,5.110000133514404,5.110000133514404,5.110000133514404,5.110000133514404,1200.0
2026-04-28 13:29:00,NCX.V,,3.0799999237060547,3.0799999237060547,3.069999933242798,3.069999933242798,9800.0
2026-04-28 13:29:00,OMG.V,,2.2699999809265137,2.2699999809265137,2.2699999809265137,2.2699999809265137,1700.0
2026-04-28 13:29:00,ONYX.V,,1.2300000190734863,1.2300000190734863,1.2300000190734863,1.2300000190734863,300.0
2026-04-28 13:29:00,PPP.V,,1.4800000190734863,1.4800000190734863,1.4800000190734863,1.4800000190734863,200.0
2026-04-28 13:29:00,QTWO.V,,2.7799999713897705,2.7799999713897705,2.7799999713897705,2.7799999713897705,100.0
2026-04-28 13:29:00,RDS.V,,1.0499999523162842,1.0499999523162842,1.0499999523162842,1.0499999523162842,8100.0
2026-04-28 13:29:00,RECO.V,,1.2100000381469727,1.2100000381469727,1.2100000381469727,1.2100000381469727,100.0
2026-04-28 13:29:00,RYO.V,,0.38999998569488525,0.38999998569488525,0.38999998569488525,0.38999998569488525,2000.0
2026-04-28 13:29:00,SCZ.V,,10.710000038146973,10.710000038146973,10.710000038146973,10.710000038146973,700.0
2026-04-28 13:29:00,SGN.V,,0.3400000035762787,0.3400000035762787,0.3400000035762787,0.3400000035762787,15000.0
2026-04-28 13:29:00,SLG.V,,3.180000066757202,3.180000066757202,3.180000066757202,3.180000066757202,100.0
2026-04-28 13:30:00,MOX.V,,0.20499999821186066,0.20499999821186066,0.20499999821186066,0.20499999821186066,4500.0
2026-04-28 13:30:00,NCX.V,,3.0899999141693115,3.0899999141693115,3.0899999141693115,3.0899999141693115,100.0
2026-04-28 13:30:00,ONYX.V,,1.2300000190734863,1.2300000190734863,1.2300000190734863,1.2300000190734863,300.0
2026-04-28 13:30:00,PALI.V,,2.680000066757202,2.680000066757202,2.680000066757202,2.680000066757202,300.0
2026-04-28 13:30:00,QTWO.V,,2.7799999713897705,2.7799999713897705,2.7799999713897705,2.7799999713897705,700.0
2026-04-28 13:30:00,RDS.V,,1.0499999523162842,1.0499999523162842,1.0499999523162842,1.0499999523162842,300.0
2026-04-28 13:30:00,RECO.V,,1.2100000381469727,1.2100000381469727,1.2100000381469727,1.2100000381469727,100.0
2026-04-28 13:30:00,SCZ.V,,10.699999809265137,10.699999809265137,10.699999809265137,10.699999809265137,200.0
2026-04-28 13:30:00,SGN.V,,0.3400000035762787,0.3400000035762787,0.3400000035762787,0.3400000035762787,10000.0
2026-04-28 13:30:00,SLI.V,,5.110000133514404,5.110000133514404,5.110000133514404,5.110000133514404,100.0
2026-04-28 13:30:00,SVE.V,,0.4699999988079071,0.4699999988079071,0.4699999988079071,0.4699999988079071,500.0
2026-04-28 13:30:00,SYH.V,,0.49000000953674316,0.49000000953674316,0.49000000953674316,0.49000000953674316,1500.0
2026-04-28 13:31:00,NFG.V,,2.680000066757202,2.680000066757202,2.6700000762939453,2.6700000762939453,1100.0
2026-04-28 13:31:00,ODV.V,,4.159999847412109,4.159999847412109,4.159999847412109,4.159999847412109,400.0
2026-04-28 13:31:00,ONYX.V,,1.2300000190734863,1.2300000190734863,1.2300000190734863,1.2300000190734863,600.0
2026-04-28 13:31:00,PGLD.V,,0.7099999785423279,0.7099999785423279,0.7099999785423279,0.7099999785423279,500.0
2026-04-28 13:31:00,QTWO.V,,2.7699999809265137,2.7799999713897705,2.7699999809265137,2.7799999713897705,200.0
2026-04-28 13:31:00,RECO.V,,1.2100000381469727,1.2100000381469727,1.2100000381469727,1.2100000381469727,1000.0
2026-04-28 13:31:00,ROCK.V,,3.140000104904175,3.140000104904175,3.140000104904175,3.140000104904175,500.0
2026-04-28 13:31:00,RVG.V,,0.7900000214576721,0.7900000214576721,0.7900000214576721,0.7900000214576721,1500.0
2026-04-28 13:31:00,SCZ.V,,10.720000267028809,10.729999542236328,10.710000038146973,10.720000267028809,3300.0
2026-04-28 13:31:00,SGML.V,,27.360000610351562,27.360000610351562,27.360000610351562,27.360000610351562,100.0
2026-04-28 13:31:00,SGN.V,,0.3400000035762787,0.3400000035762787,0.3400000035762787,0.3400000035762787,5000.0
2026-04-28 13:31:00,SLI.V,,5.130000114440918,5.130000114440918,5.119999885559082,5.119999885559082,4300.0
2026-04-28 13:31:00,SOMA.V,,1.309999942779541,1.309999942779541,1.309999942779541,1.309999942779541,919.0
2026-04-28 13:31:00,SPA.V,,0.30000001192092896,0.30000001192092896,0.30000001192092896,0.30000001192092896,3000.0
2026-04-28 13:31:00,SSV.V,,0.49000000953674316,0.49000000953674316,0.49000000953674316,0.49000000953674316,500.0
2026-04-28 13:32:00,OMG.V,,2.2699999809265137,2.2699999809265137,2.2699999809265137,2.2699999809265137,100.0
2026-04-28 13:32:00,SCZ.V,,10.720000267028809,10.729999542236328,10.720000267028809,10.729999542236328,1100.0
2026-04-28 13:32:00,SKYG.V,,0.054999999701976776,0.054999999701976776,0.054999999701976776,0.054999999701976776,95000.0
2026-04-28 13:33:00,MGG.V,,0.3449999988079071,0.3449999988079071,0.3449999988079071,0.3449999988079071,500.0
2026-04-28 13:33:00,NFG.V,,2.680000066757202,2.680000066757202,2.680000066757202,2.680000066757202,700.0
2026-04-28 13:33:00,NRM.V,,0.18000000715255737,0.18000000715255737,0.18000000715255737,0.18000000715255737,3000.0
2026-04-28 13:33:00,ONYX.V,,1.2300000190734863,1.2300000190734863,1.2300000190734863,1.2300000190734863,3400.0
2026-04-28 13:33:00,PPP.V,,1.4800000190734863,1.4800000190734863,1.4800000190734863,1.4800000190734863,100.0
2026-04-28 13:33:00,PVIS.V,,0.23499999940395355,0.23499999940395355,0.23499999940395355,0.23499999940395355,1000.0
2026-04-28 13:33:00,RDS.V,,1.0499999523162842,1.0499999523162842,1.0499999523162842,1.0499999523162842,100.0
2026-04-28 13:33:00,RECO.V,,1.2100000381469727,1.2100000381469727,1.2100000381469727,1.2100000381469727,100.0
2026-04-28 13:33:00,SCZ.V,,10.720000267028809,10.720000267028809,10.720000267028809,10.720000267028809,100.0
2026-04-28 13:33:00,SGN.V,,0.3400000035762787,0.3400000035762787,0.3400000035762787,0.3400000035762787,5000.0
2026-04-28 13:33:00,SLI.V,,5.110000133514404,5.110000133514404,5.110000133514404,5.110000133514404,600.0
2026-04-28 13:33:00,SRQ.V,,0.08500000089406967,0.08500000089406967,0.08500000089406967,0.08500000089406967,0.0
2026-04-28 13:34:00,HASH.V,,0.03999999910593033,0.03999999910593033,0.03999999910593033,0.03999999910593033,15000.0
2026-04-28 13:34:00,PGE.V,,0.32499998807907104,0.32499998807907104,0.32249999046325684,0.32249999046325684,10000.0
2026-04-28 13:34:00,QTWO.V,,2.7799999713897705,2.7799999713897705,2.7799999713897705,2.7799999713897705,100.0
2026-04-28 13:34:00,RECO.V,,1.2100000381469727,1.2100000381469727,1.2100000381469727,1.2100000381469727,100.0
2026-04-28 13:34:00,RVG.V,,0.7799999713897705,0.7900000214576721,0.7799999713897705,0.7900000214576721,4000.0
2026-04-28 13:34:00,SGN.V,,0.3400000035762787,0.3400000035762787,0.3400000035762787,0.3400000035762787,10000.0
2026-04-28 13:34:00,SOMA.V,,1.2999999523162842,1.309999942779541,1.2999999523162842,1.309999942779541,7200.0
2026-04-28 13:35:00,NCX.V,,3.0899999141693115,3.0950000286102295,3.0899999141693115,3.0950000286102295,3200.0
2026-04-28 13:35:00,QTWO.V,,2.7750000953674316,2.7750000953674316,2.7750000953674316,2.7750000953674316,100.0
2026-04-28 13:35:00,RDS.V,,1.0499999523162842,1.0499999523162842,1.0499999523162842,1.0499999523162842,100.0
2026-04-28 13:35:00,RECO.V,,1.2100000381469727,1.2100000381469727,1.2100000381469727,1.2100000381469727,100.0
2026-04-28 13:35:00,SCZ.V,,10.75,10.75,10.739999771118164,10.739999771118164,900.0
2026-04-28 13:35:00,SGN.V,,0.3400000035762787,0.3400000035762787,0.3400000035762787,0.3400000035762787,5000.0
2026-04-28 13:35:00,VRY.V,,0.8399999737739563,0.8399999737739563,0.8399999737739563,0.8399999737739563,500.0
2026-04-28 13:36:00,HASH.V,,0.03999999910593033,0.03999999910593033,0.03999999910593033,0.03999999910593033,7000.0
2026-04-28 13:36:00,NBLC.V,,0.04500000178813934,0.04500000178813934,0.04500000178813934,0.04500000178813934,9000.0
2026-04-28 13:36:00,NBM.V,,0.49000000953674316,0.49000000953674316,0.49000000953674316,0.49000000953674316,5000.0
2026-04-28 13:36:00,ONYX.V,,1.2100000381469727,1.2100000381469727,1.2100000381469727,1.2100000381469727,300.0
2026-04-28 13:36:00,QTWO.V,,2.7750000953674316,2.7750000953674316,2.7750000953674316,2.7750000953674316,200.0
2026-04-28 13:36:00,RDS.V,,1.0499999523162842,1.0499999523162842,1.0499999523162842,1.0499999523162842,100.0
2026-04-28 13:36:00,RECO.V,,1.2100000381469727,1.2100000381469727,1.2100000381469727,1.2100000381469727,1000.0
2026-04-28 13:36:00,RZL.V,,0.44999998807907104,0.4699999988079071,0.44999998807907104,0.4699999988079071,9000.0
2026-04-28 13:36:00,SCZ.V,,10.729999542236328,10.729999542236328,10.729999542236328,10.729999542236328,300.0
2026-04-28 13:36:00,SKP.V,,0.17000000178813934,0.17000000178813934,0.17000000178813934,0.17000000178813934,500.0
2026-04-28 13:36:00,SSV.V,,0.49000000953674316,0.49000000953674316,0.49000000953674316,0.49000000953674316,500.0
2026-04-28 13:37:00,ODV.V,,4.159999847412109,4.159999847412109,4.159999847412109,4.159999847412109,200.0
2026-04-28 13:37:00,OMG.V,,2.2699999809265137,2.2699999809265137,2.2699999809265137,2.2699999809265137,1000.0
2026-04-28 13:37:00,ONYX.V,,1.2100000381469727,1.2100000381469727,1.2100000381469727,1.2100000381469727,400.0
2026-04-28 13:37:00,PPP.V,,1.4900000095367432,1.4900000095367432,1.4900000095367432,1.4900000095367432,1100.0
2026-04-28 13:37:00,QTWO.V,,2.7750000953674316,2.7750000953674316,2.7750000953674316,2.7750000953674316,100.0
2026-04-28 13:37:00,RDS.V,,1.0499999523162842,1.0499999523162842,1.0499999523162842,1.0499999523162842,200.0
2026-04-28 13:37:00,RECO.V,,1.2100000381469727,1.2100000381469727,1.2100000381469727,1.2100000381469727,100.0
2026-04-28 13:37:00,SGN.V,,0.3400000035762787,0.3400000035762787,0.3400000035762787,0.3400000035762787,5000.0
2026-04-28 13:37:00,SVE.V,,0.4650000035762787,0.4650000035762787,0.4650000035762787,0.4650000035762787,10500.0
2026-04-28 13:38:00,PPP.V,,1.4800000190734863,1.4800000190734863,1.4800000190734863,1.4800000190734863,200.0
2026-04-28 13:38:00,QTWO.V,,2.7799999713897705,2.7799999713897705,2.7699999809265137,2.7699999809265137,2900.0
2026-04-28 13:38:00,QURI.V,,0.05999999865889549,0.05999999865889549,0.05999999865889549,0.05999999865889549,6000.0
2026-04-28 13:38:00,RECO.V,,1.2100000381469727,1.2100000381469727,1.2100000381469727,1.2100000381469727,100.0
2026-04-28 13:38:00,RZL.V,,0.5,0.5,0.5,0.5,500.0
2026-04-28 13:38:00,SCZ.V,,10.710000038146973,10.710000038146973,10.710000038146973,10.710000038146973,100.0
2026-04-28 13:38:00,SME.V,,0.06499999761581421,0.06499999761581421,0.06499999761581421,0.06499999761581421,4000.0
2026-04-28 13:38:00,SSV.V,,0.49000000953674316,0.49000000953674316,0.49000000953674316,0.49000000953674316,9500.0
2026-04-28 13:38:00,SVE.V,,0.4650000035762787,0.4650000035762787,0.4650000035762787,0.4650000035762787,500.0
2026-04-28 13:38:00,SVRS.V,,0.4449999928474426,0.4449999928474426,0.4449999928474426,0.4449999928474426,531.0
2026-04-28 13:39:00,NCI.V,,0.9900000095367432,0.9900000095367432,0.9900000095367432,0.9900000095367432,100.0
2026-04-28 13:39:00,NFG.V,,2.6700000762939453,2.6700000762939453,2.6700000762939453,2.6700000762939453,600.0
2026-04-28 13:39:00,OMG.V,,2.265000104904175,2.2699999809265137,2.259999990463257,2.2699999809265137,2700.0
2026-04-28 13:39:00,ONYX.V,,1.2400000095367432,1.2400000095367432,1.2300000190734863,1.2300000190734863,14000.0
2026-04-28 13:39:00,PGLD.V,,0.7099999785423279,0.7099999785423279,0.7099999785423279,0.7099999785423279,1500.0
2026-04-28 13:39:00,PRG.V,,0.7599999904632568,0.7599999904632568,0.7599999904632568,0.7599999904632568,500.0
2026-04-28 13:39:00,RVG.V,,0.7900000214576721,0.7900000214576721,0.7900000214576721,0.7900000214576721,3500.0
2026-04-28 13:39:00,SCZ.V,,10.720000267028809,10.75,10.720000267028809,10.739999771118164,900.0
2026-04-28 13:39:00,SOU.V,,0.07999999821186066,0.07999999821186066,0.07999999821186066,0.07999999821186066,12000.0
2026-04-28 13:39:00,SVE.V,,0.4650000035762787,0.4650000035762787,0.4650000035762787,0.4650000035762787,500.0
2026-04-28 13:40:00,MHUB.V,,0.7799999713897705,0.7799999713897705,0.7799999713897705,0.7799999713897705,500.0
2026-04-28 13:40:00,NCX.V,,3.0899999141693115,3.0899999141693115,3.0899999141693115,3.0899999141693115,600.0
2026-04-28 13:40:00,OMG.V,,2.265000104904175,2.265000104904175,2.265000104904175,2.265000104904175,200.0
2026-04-28 13:40:00,OTC.V,,0.5799999833106995,0.5799999833106995,0.5799999833106995,0.5799999833106995,1000.0
2026-04-28 13:40:00,PGLD.V,,0.7099999785423279,0.7099999785423279,0.7099999785423279,0.7099999785423279,1500.0
2026-04-28 13:40:00,RDS.V,,1.0499999523162842,1.0499999523162842,1.0499999523162842,1.0499999523162842,200.0
2026-04-28 13:40:00,RECO.V,,1.2100000381469727,1.2100000381469727,1.2100000381469727,1.2100000381469727,100.0
2026-04-28 13:40:00,ROCK.V,,3.109999895095825,3.109999895095825,3.109999895095825,3.109999895095825,7500.0
2026-04-28 13:40:00,SCD.V,,0.1550000011920929,0.1550000011920929,0.1550000011920929,0.1550000011920929,132500.0
2026-04-28 13:40:00,SGN.V,,0.3400000035762787,0.3400000035762787,0.3400000035762787,0.3400000035762787,5000.0
2026-04-28 13:40:00,SLG.V,,3.190000057220459,3.190000057220459,3.190000057220459,3.190000057220459,100.0
2026-04-28 13:40:00,SME.V,,0.06499999761581421,0.06499999761581421,0.06499999761581421,0.06499999761581421,5000.0
2026-04-28 13:40:00,SMN.V,,0.15000000596046448,0.15000000596046448,0.15000000596046448,0.15000000596046448,200000.0
2026-04-28 13:40:00,SVE.V,,0.4650000035762787,0.4650000035762787,0.4650000035762787,0.4650000035762787,500.0
2026-04-28 13:40:00,SYH.V,,0.49000000953674316,0.49000000953674316,0.49000000953674316,0.49000000953674316,500.0
2026-04-28 13:41:00,NCI.V,,0.9900000095367432,0.9900000095367432,0.9900000095367432,0.9900000095367432,100.0
2026-04-28 13:41:00,ODV.V,,4.170000076293945,4.170000076293945,4.170000076293945,4.170000076293945,200.0
2026-04-28 13:41:00,ONYX.V,,1.2400000095367432,1.2400000095367432,1.2400000095367432,1.2400000095367432,1200.0
2026-04-28 13:41:00,PGLD.V,,0.7099999785423279,0.7099999785423279,0.7099999785423279,0.7099999785423279,1500.0
2026-04-28 13:41:00,ROCK.V,,3.0999999046325684,3.0999999046325684,3.0999999046325684,3.0999999046325684,7900.0
2026-04-28 13:41:00,RVG.V,,0.7799999713897705,0.7900000214576721,0.7799999713897705,0.7900000214576721,3500.0
2026-04-28 13:41:00,SVRS.V,,0.44999998807907104,0.44999998807907104,0.4449999928474426,0.4449999928474426,71000.0
2026-04-28 13:42:00,MGG.V,,0.3449999988079071,0.3449999988079071,0.3449999988079071,0.3449999988079071,500.0
2026-04-28 13:42:00,NFG.V,,2.680000066757202,2.680000066757202,2.680000066757202,2.680000066757202,300.0
2026-04-28 13:42:00,PGLD.V,,0.7099999785423279,0.7099999785423279,0.7099999785423279,0.7099999785423279,500.0
2026-04-28 13:42:00,PLY.V,,0.05999999865889549,0.05999999865889549,0.05999999865889549,0.05999999865889549,20000.0
2026-04-28 13:42:00,RECO.V,,1.2100000381469727,1.2100000381469727,1.2100000381469727,1.2100000381469727,100.0
2026-04-28 13:42:00,SCD.V,,0.1550000011920929,0.1550000011920929,0.1550000011920929,0.1550000011920929,51000.0
2026-04-28 13:42:00,SKYG.V,,0.054999999701976776,0.054999999701976776,0.054999999701976776,0.054999999701976776,22000.0
2026-04-28 13:42:00,SLI.V,,5.119999885559082,5.119999885559082,5.119999885559082,5.119999885559082,400.0
2026-04-28 13:42:00,SNAG.V,,0.2750000059604645,0.2750000059604645,0.2750000059604645,0.2750000059604645,40000.0
2026-04-28 13:42:00,SVE.V,,0.4650000035762787,0.4699999988079071,0.4650000035762787,0.4650000035762787,19000.0
2026-04-28 13:42:00,SVRS.V,,0.44999998807907104,0.44999998807907104,0.44999998807907104,0.44999998807907104,21000.0
2026-04-28 13:42:00,SYH.V,,0.49000000953674316,0.49000000953674316,0.49000000953674316,0.49000000953674316,10500.0
2026-04-28 13:43:00,MHUB.V,,0.7799999713897705,0.7799999713897705,0.7799999713897705,0.7799999713897705,1000.0
2026-04-28 13:43:00,NCX.V,,3.0899999141693115,3.0899999141693115,3.0899999141693115,3.0899999141693115,300.0
2026-04-28 13:43:00,NFG.V,,2.680000066757202,2.680000066757202,2.674999952316284,2.674999952316284,2490.0
2026-04-28 13:43:00,OGN.V,,3.690000057220459,3.690000057220459,3.690000057220459,3.690000057220459,500.0
2026-04-28 13:43:00,OMG.V,,2.2699999809265137,2.2699999809265137,2.2699999809265137,2.2699999809265137,100.0
2026-04-28 13:43:00,ONYX.V,,1.2400000095367432,1.2400000095367432,1.2400000095367432,1.2400000095367432,300.0
2026-04-28 13:43:00,PGLD.V,,0.7099999785423279,0.7099999785423279,0.7099999785423279,0.7099999785423279,1500.0
2026-04-28 13:43:00,QTWO.V,,2.7750000953674316,2.7750000953674316,2.7750000953674316,2.7750000953674316,100.0
2026-04-28 13:43:00,RDS.V,,1.0499999523162842,1.0499999523162842,1.0499999523162842,1.0499999523162842,13500.0
2026-04-28 13:43:00,ROCK.V,,3.069999933242798,3.0899999141693115,3.069999933242798,3.0899999141693115,1900.0
2026-04-28 13:43:00,SCD.V,,0.1550000011920929,0.1550000011920929,0.1550000011920929,0.1550000011920929,8000.0
2026-04-28 13:43:00,SCZ.V,,10.720000267028809,10.720000267028809,10.720000267028809,10.720000267028809,200.0
2026-04-28 13:44:00,NCI.V,,1.0,1.0,1.0,1.0,5000.0
2026-04-28 13:44:00,NCX.V,,3.0899999141693115,3.0899999141693115,3.0899999141693115,3.0899999141693115,100.0
2026-04-28 13:44:00,OMG.V,,2.2699999809265137,2.2699999809265137,2.2699999809265137,2.2699999809265137,5000.0
2026-04-28 13:44:00,PGDC.V,,0.7900000214576721,0.800000011920929,0.7900000214576721,0.800000011920929,4784.0
2026-04-28 13:44:00,QTWO.V,,2.7750000953674316,2.7750000953674316,2.7750000953674316,2.7750000953674316,100.0
2026-04-28 13:44:00,RECO.V,,1.2100000381469727,1.2100000381469727,1.2100000381469727,1.2100000381469727,100.0
2026-04-28 13:44:00,ROCK.V,,3.069999933242798,3.069999933242798,3.069999933242798,3.069999933242798,100.0
2026-04-28 13:44:00,RZL.V,,0.47999998927116394,0.47999998927116394,0.47999998927116394,0.47999998927116394,500.0
2026-04-28 13:44:00,SCD.V,,0.1550000011920929,0.1550000011920929,0.1550000011920929,0.1550000011920929,3374.0
2026-04-28 13:44:00,SCZ.V,,10.720000267028809,10.75,10.720000267028809,10.720000267028809,2100.0
2026-04-28 13:44:00,SLI.V,,5.130000114440918,5.130000114440918,5.130000114440918,5.130000114440918,100.0
2026-04-28 13:44:00,SVE.V,,0.4650000035762787,0.4650000035762787,0.4650000035762787,0.4650000035762787,500.0
2026-04-28 13:44:00,VIPR.V,,0.8700000047683716,0.8700000047683716,0.8700000047683716,0.8700000047683716,600.0
2026-04-28 13:45:00,NCI.V,,0.9900000095367432,0.9900000095367432,0.9900000095367432,0.9900000095367432,100.0
2026-04-28 13:45:00,NCX.V,,3.0999999046325684,3.0999999046325684,3.0999999046325684,3.0999999046325684,3700.0
2026-04-28 13:45:00,OMG.V,,2.259999990463257,2.259999990463257,2.259999990463257,2.259999990463257,100.0
2026-04-28 13:45:00,ONYX.V,,1.2400000095367432,1.2400000095367432,1.2400000095367432,1.2400000095367432,200.0
2026-04-28 13:45:00,PGLD.V,,0.7099999785423279,0.7099999785423279,0.7099999785423279,0.7099999785423279,1000.0
2026-04-28 13:45:00,QTWO.V,,2.7750000953674316,2.7750000953674316,2.7699999809265137,2.7750000953674316,500.0
2026-04-28 13:45:00,RDS.V,,1.0499999523162842,1.0499999523162842,1.0499999523162842,1.0499999523162842,100.0
2026-04-28 13:45:00,ROCK.V,,3.0899999141693115,3.0899999141693115,3.0899999141693115,3.0899999141693115,200.0
2026-04-28 13:45:00,SGN.V,,0.3400000035762787,0.3400000035762787,0.3400000035762787,0.3400000035762787,500.0
2026-04-28 13:45:00,SMN.V,,0.15000000596046448,0.15000000596046448,0.15000000596046448,0.15000000596046448,76500.0
2026-04-28 13:45:00,SMP.V,,0.07000000029802322,0.07000000029802322,0.07000000029802322,0.07000000029802322,25000.0
2026-04-28 13:45:00,SOMA.V,,1.3200000524520874,1.3200000524520874,1.3200000524520874,1.3200000524520874,154.0
2026-04-28 13:45:00,SVE.V,,0.4650000035762787,0.4650000035762787,0.4650000035762787,0.4650000035762787,1000.0
2026-04-28 13:46:00,OMG.V,,2.265000104904175,2.265000104904175,2.265000104904175,2.265000104904175,100.0
2026-04-28 13:46:00,ONYX.V,,1.2300000190734863,1.2400000095367432,1.2300000190734863,1.2400000095367432,700.0
2026-04-28 13:46:00,QGR.V,,0.29499998688697815,0.29499998688697815,0.29499998688697815,0.29499998688697815,51500.0
2026-04-28 13:46:00,QTWO.V,,2.7799999713897705,2.7799999713897705,2.7699999809265137,2.7699999809265137,1400.0
2026-04-28 13:46:00,RDS.V,,1.0499999523162842,1.0499999523162842,1.0499999523162842,1.0499999523162842,300.0
2026-04-28 13:46:00,RECO.V,,1.2100000381469727,1.2100000381469727,1.2100000381469727,1.2100000381469727,100.0
2026-04-28 13:46:00,SCZ.V,,10.739999771118164,10.739999771118164,10.739999771118164,10.739999771118164,100.0
2026-04-28 13:46:00,SLG.V,,3.200000047683716,3.200000047683716,3.190000057220459,3.200000047683716,500.0
2026-04-28 13:46:00,SVE.V,,0.4650000035762787,0.4650000035762787,0.4650000035762787,0.4650000035762787,1500.0
2026-04-28 13:47:00,NRN.V,,0.04500000178813934,0.04500000178813934,0.04500000178813934,0.04500000178813934,2000.0
2026-04-28 13:47:00,OMG.V,,2.265000104904175,2.265000104904175,2.265000104904175,2.265000104904175,100.0
2026-04-28 13:47:00,ONYX.V,,1.2300000190734863,1.2300000190734863,1.2300000190734863,1.2300000190734863,300.0
2026-04-28 13:47:00,PGLD.V,,0.7099999785423279,0.7099999785423279,0.7099999785423279,0.7099999785423279,3500.0
2026-04-28 13:47:00,QGR.V,,0.29499998688697815,0.29499998688697815,0.29499998688697815,0.29499998688697815,4500.0
2026-04-28 13:47:00,QTWO.V,,2.7799999713897705,2.7799999713897705,2.7799999713897705,2.7799999713897705,100.0
2026-04-28 13:47:00,RECO.V,,1.2100000381469727,1.2100000381469727,1.2100000381469727,1.2100000381469727,1000.0
2026-04-28 13:47:00,RJX-A.V,,0.02500000037252903,0.02500000037252903,0.02500000037252903,0.02500000037252903,228000.0
2026-04-28 13:47:00,SCZ.V,,10.760000228881836,10.760000228881836,10.75,10.75,10189.0
2026-04-28 13:47:00,SM.V,,1.649999976158142,1.649999976158142,1.649999976158142,1.649999976158142,100.0
2026-04-28 13:47:00,SOMA.V,,1.3300000429153442,1.3300000429153442,1.3300000429153442,1.3300000429153442,500.0
2026-04-28 13:47:00,SVE.V,,0.4650000035762787,0.4650000035762787,0.4650000035762787,0.4650000035762787,500.0
2026-04-28 13:47:00,SVRS.V,,0.4449999928474426,0.44749999046325684,0.4449999928474426,0.44749999046325684,1000.0
2026-04-28 13:48:00,NCX.V,,3.0899999141693115,3.0899999141693115,3.0899999141693115,3.0899999141693115,400.0
2026-04-28 13:48:00,OMG.V,,2.259999990463257,2.265000104904175,2.259999990463257,2.265000104904175,2550.0
2026-04-28 13:48:00,ONYX.V,,1.25,1.25,1.2300000190734863,1.2300000190734863,14200.0
2026-04-28 13:48:00,QGR.V,,0.29499998688697815,0.29499998688697815,0.29499998688697815,0.29499998688697815,8500.0
2026-04-28 13:48:00,RDS.V,,1.0499999523162842,1.0499999523162842,1.0499999523162842,1.0499999523162842,100.0
2026-04-28 13:48:00,RECO.V,,1.2100000381469727,1.2100000381469727,1.2100000381469727,1.2100000381469727,100.0
2026-04-28 13:48:00,SAGE.V,,0.17000000178813934,0.17000000178813934,0.17000000178813934,0.17000000178813934,1000.0
2026-04-28 13:48:00,SCZ.V,,10.789999961853027,10.789999961853027,10.770000457763672,10.770000457763672,10000.0
2026-04-28 13:48:00,SSV.V,,0.49000000953674316,0.49000000953674316,0.49000000953674316,0.49000000953674316,1000.0
2026-04-28 13:49:00,MGG.V,,0.3449999988079071,0.3449999988079071,0.3449999988079071,0.3449999988079071,500.0
2026-04-28 13:49:00,NICN.V,,0.14499999582767487,0.14499999582767487,0.14499999582767487,0.14499999582767487,11000.0
2026-04-28 13:49:00,ONYX.V,,1.2799999713897705,1.2799999713897705,1.2699999809265137,1.2699999809265137,5000.0
2026-04-28 13:49:00,PML.V,,1.0299999713897705,1.0299999713897705,1.0299999713897705,1.0299999713897705,10000.0
2026-04-28 13:49:00,RDS.V,,1.0499999523162842,1.0499999523162842,1.0499999523162842,1.0499999523162842,100.0
2026-04-28 13:49:00,RECO.V,,1.2100000381469727,1.2100000381469727,1.2100000381469727,1.2100000381469727,100.0
2026-04-28 13:49:00,SCZ.V,,10.739999771118164,10.739999771118164,10.739999771118164,10.739999771118164,127.0
2026-04-28 13:49:00,SNAG.V,,0.2750000059604645,0.2750000059604645,0.2750000059604645,0.2750000059604645,10000.0
2026-04-28 13:49:00,SVRS.V,,0.4449999928474426,0.4449999928474426,0.4449999928474426,0.4449999928474426,500.0
2026-04-28 13:50:00,NCX.V,,3.0899999141693115,3.0899999141693115,3.0899999141693115,3.0899999141693115,400.0
2026-04-28 13:50:00,NFG.V,,2.6700000762939453,2.6700000762939453,2.6700000762939453,2.6700000762939453,130.0
2026-04-28 13:50:00,OMG.V,,2.259999990463257,2.259999990463257,2.259999990463257,2.259999990463257,100.0
2026-04-28 13:50:00,ONYX.V,,1.2899999618530273,1.2899999618530273,1.2799999713897705,1.2799999713897705,7100.0
2026-04-28 13:50:00,QURI.V,,0.054999999701976776,0.054999999701976776,0.054999999701976776,0.054999999701976776,10000.0
2026-04-28 13:50:00,SGN.V,,0.3400000035762787,0.3400000035762787,0.3400000035762787,0.3400000035762787,9500.0
2026-04-28 13:50:00,SHL.V,,0.4749999940395355,0.4749999940395355,0.4749999940395355,0.4749999940395355,11000.0
2026-04-28 13:50:00,SSV.V,,0.49000000953674316,0.49000000953674316,0.49000000953674316,0.49000000953674316,500.0
2026-04-28 13:50:00,SVE.V,,0.4650000035762787,0.4650000035762787,0.4650000035762787,0.4650000035762787,500.0
2026-04-28 13:51:00,OMG.V,,2.259999990463257,2.259999990463257,2.259999990463257,2.259999990463257,100.0
2026-04-28 13:51:00,ONYX.V,,1.2799999713897705,1.2799999713897705,1.2799999713897705,1.2799999713897705,500.0
2026-04-28 13:51:00,PLSR.V,,1.6799999475479126,1.6799999475479126,1.6799999475479126,1.6799999475479126,10900.0
2026-04-28 13:51:00,PWM.V,,0.4350000023841858,0.4350000023841858,0.4350000023841858,0.4350000023841858,500.0
2026-04-28 13:51:00,QGR.V,,0.29499998688697815,0.29499998688697815,0.29499998688697815,0.29499998688697815,13000.0
2026-04-28 13:51:00,QURI.V,,0.054999999701976776,0.054999999701976776,0.054999999701976776,0.054999999701976776,20000.0
2026-04-28 13:51:00,RDS.V,,1.0499999523162842,1.0499999523162842,1.0499999523162842,1.0499999523162842,100.0
2026-04-28 13:51:00,RECO.V,,1.2100000381469727,1.2100000381469727,1.2100000381469727,1.2100000381469727,100.0
2026-04-28 13:51:00,ROCK.V,,3.0799999237060547,3.0799999237060547,3.0799999237060547,3.0799999237060547,600.0
2026-04-28 13:51:00,SLI.V,,5.139999866485596,5.139999866485596,5.139999866485596,5.139999866485596,1000.0
2026-04-28 13:51:00,SMN.V,,0.15000000596046448,0.15000000596046448,0.15000000596046448,0.15000000596046448,80000.0
2026-04-28 13:51:00,SSV.V,,0.49000000953674316,0.49000000953674316,0.49000000953674316,0.49000000953674316,2000.0
2026-04-28 13:52:00,OMG.V,,2.259999990463257,2.259999990463257,2.259999990463257,2.259999990463257,200.0
2026-04-28 13:52:00,PML.V,,1.0199999809265137,1.0199999809265137,1.0199999809265137,1.0199999809265137,100.0
2026-04-28 13:52:00,QGR.V,,0.28999999165534973,0.29499998688697815,0.28999999165534973,0.29499998688697815,20500.0
2026-04-28 13:52:00,QTWO.V,,2.7750000953674316,2.7750000953674316,2.7750000953674316,2.7750000953674316,100.0
2026-04-28 13:52:00,QURI.V,,0.054999999701976776,0.054999999701976776,0.054999999701976776,0.054999999701976776,20000.0
2026-04-28 13:52:00,RDS.V,,1.0499999523162842,1.0499999523162842,1.0499999523162842,1.0499999523162842,3000.0
2026-04-28 13:52:00,RECO.V,,1.2100000381469727,1.2100000381469727,1.2100000381469727,1.2100000381469727,200.0
2026-04-28 13:52:00,ROCK.V,,3.0799999237060547,3.0799999237060547,3.0799999237060547,3.0799999237060547,100.0
2026-04-28 13:52:00,ROMJ.V,,0.5199999809265137,0.5199999809265137,0.5199999809265137,0.5199999809265137,0.0
2026-04-28 13:52:00,SCZ.V,,10.75,10.75,10.75,10.75,100.0
2026-04-28 13:52:00,SGC.V,,0.06499999761581421,0.06499999761581421,0.06499999761581421,0.06499999761581421,101000.0
2026-04-28 13:52:00,SMN.V,,0.15000000596046448,0.15000000596046448,0.15000000596046448,0.15000000596046448,15000.0
2026-04-28 13:52:00,SOMA.V,,1.3300000429153442,1.3300000429153442,1.3300000429153442,1.3300000429153442,100.0
2026-04-28 13:53:00,OMG.V,,2.255000114440918,2.259999990463257,2.255000114440918,2.259999990463257,400.0
2026-04-28 13:53:00,PML.V,,1.0299999713897705,1.0299999713897705,1.0299999713897705,1.0299999713897705,100.0
2026-04-28 13:53:00,PWM.V,,0.4350000023841858,0.4350000023841858,0.4350000023841858,0.4350000023841858,1500.0
2026-04-28 13:53:00,QTWO.V,,2.7750000953674316,2.7750000953674316,2.7750000953674316,2.7750000953674316,100.0
2026-04-28 13:53:00,QURI.V,,0.054999999701976776,0.054999999701976776,0.054999999701976776,0.054999999701976776,20000.0
2026-04-28 13:53:00,RDS.V,,1.0499999523162842,1.0499999523162842,1.0499999523162842,1.0499999523162842,100.0
2026-04-28 13:53:00,ROCK.V,,3.0799999237060547,3.0799999237060547,3.0799999237060547,3.0799999237060547,100.0
2026-04-28 13:53:00,RYO.V,,0.38499999046325684,0.38499999046325684,0.38499999046325684,0.38499999046325684,14000.0
2026-04-28 13:53:00,SGML.V,,27.6299991607666,27.690000534057617,27.6299991607666,27.690000534057617,600.0
2026-04-28 13:53:00,SLI.V,,5.150000095367432,5.150000095367432,5.150000095367432,5.150000095367432,2000.0
2026-04-28 13:53:00,SM.V,,1.649999976158142,1.649999976158142,1.649999976158142,1.649999976158142,1042.0
2026-04-28 13:53:00,SMN.V,,0.15000000596046448,0.15000000596046448,0.15000000596046448,0.15000000596046448,12000.0
2026-04-28 13:53:00,SVE.V,,0.4650000035762787,0.4650000035762787,0.4650000035762787,0.4650000035762787,500.0
2026-04-28 13:53:00,SVRS.V,,0.4449999928474426,0.4449999928474426,0.4449999928474426,0.4449999928474426,500.0
2026-04-28 13:54:00,OMG.V,,2.255000114440918,2.255000114440918,2.255000114440918,2.255000114440918,100.0
2026-04-28 13:54:00,ONYX.V,,1.2799999713897705,1.2799999713897705,1.2799999713897705,1.2799999713897705,500.0
2026-04-28 13:54:00,PML.V,,1.0299999713897705,1.0299999713897705,1.0199999809265137,1.0199999809265137,300.0
2026-04-28 13:54:00,QTWO.V,,2.7750000953674316,2.7750000953674316,2.7750000953674316,2.7750000953674316,600.0
2026-04-28 13:54:00,RECO.V,,1.2100000381469727,1.2100000381469727,1.2100000381469727,1.2100000381469727,100.0
2026-04-28 13:54:00,ROMJ.V,,0.5299999713897705,0.5299999713897705,0.5299999713897705,0.5299999713897705,500.0
2026-04-28 13:54:00,RYO.V,,0.38499999046325684,0.38499999046325684,0.38499999046325684,0.38499999046325684,15000.0
2026-04-28 13:54:00,SCZ.V,,10.779999732971191,10.779999732971191,10.779999732971191,10.779999732971191,100.0
2026-04-28 13:55:00,OMG.V,,2.255000114440918,2.255000114440918,2.255000114440918,2.255000114440918,100.0
2026-04-28 13:55:00,ONYX.V,,1.2899999618530273,1.2899999618530273,1.2899999618530273,1.2899999618530273,500.0
2026-04-28 13:55:00,PLSR.V,,1.6799999475479126,1.690000057220459,1.6799999475479126,1.690000057220459,6500.0
2026-04-28 13:55:00,PML.V,,1.0299999713897705,1.0299999713897705,1.0299999713897705,1.0299999713897705,100.0
2026-04-28 13:55:00,QGR.V,,0.28999999165534973,0.28999999165534973,0.28999999165534973,0.28999999165534973,84000.0
2026-04-28 13:55:00,QTWO.V,,2.7750000953674316,2.7750000953674316,2.7750000953674316,2.7750000953674316,200.0
2026-04-28 13:55:00,QURI.V,,0.054999999701976776,0.054999999701976776,0.054999999701976776,0.054999999701976776,20000.0
2026-04-28 13:55:00,RDS.V,,1.0499999523162842,1.0499999523162842,1.0499999523162842,1.0499999523162842,3100.0
2026-04-28 13:55:00,RECO.V,,1.2100000381469727,1.2100000381469727,1.2100000381469727,1.2100000381469727,100.0
2026-04-28 13:55:00,ROCK.V,,3.0799999237060547,3.0799999237060547,3.0799999237060547,3.0799999237060547,100.0
2026-04-28 13:55:00,RYO.V,,0.38499999046325684,0.38499999046325684,0.38499999046325684,0.38499999046325684,44500.0
2026-04-28 13:55:00,SGN.V,,0.3400000035762787,0.3400000035762787,0.3400000035762787,0.3400000035762787,500.0
2026-04-28 13:55:00,SLG.V,,3.190000057220459,3.190000057220459,3.190000057220459,3.190000057220459,200.0
2026-04-28 13:55:00,SRR.V,,0.9800000190734863,0.9800000190734863,0.9800000190734863,0.9800000190734863,8147.0
2026-04-28 13:56:00,MGG.V,,0.3449999988079071,0.3449999988079071,0.3449999988079071,0.3449999988079071,500.0
2026-04-28 13:56:00,NOAL.V,,0.23000000417232513,0.23000000417232513,0.23000000417232513,0.23000000417232513,6000.0
2026-04-28 13:56:00,OMG.V,,2.255000114440918,2.255000114440918,2.255000114440918,2.255000114440918,100.0
2026-04-28 13:56:00,OMI.V,,0.36000001430511475,0.36000001430511475,0.36000001430511475,0.36000001430511475,500.0
2026-04-28 13:56:00,PLSR.V,,1.6799999475479126,1.690000057220459,1.6799999475479126,1.690000057220459,9800.0
2026-04-28 13:56:00,PLY.V,,0.05999999865889549,0.05999999865889549,0.05999999865889549,0.05999999865889549,18000.0
2026-04-28 13:56:00,PML.V,,1.0299999713897705,1.0299999713897705,1.0299999713897705,1.0299999713897705,200.0
2026-04-28 13:56:00,QGR.V,,0.28999999165534973,0.28999999165534973,0.28999999165534973,0.28999999165534973,2000.0
2026-04-28 13:56:00,QTWO.V,,2.7750000953674316,2.7750000953674316,2.7699999809265137,2.7750000953674316,700.0
2026-04-28 13:56:00,QURI.V,,0.05000000074505806,0.05000000074505806,0.05000000074505806,0.05000000074505806,2000.0
2026-04-28 13:56:00,ROCK.V,,3.0799999237060547,3.0899999141693115,3.0799999237060547,3.0899999141693115,3800.0
2026-04-28 13:56:00,RVG.V,,0.7850000262260437,0.7900000214576721,0.7850000262260437,0.7900000214576721,5500.0
2026-04-28 13:56:00,RYO.V,,0.3799999952316284,0.3799999952316284,0.3799999952316284,0.3799999952316284,10000.0
2026-04-28 13:56:00,SGN.V,,0.3400000035762787,0.3400000035762787,0.3400000035762787,0.3400000035762787,500.0
2026-04-28 13:56:00,SLG.V,,3.190000057220459,3.190000057220459,3.190000057220459,3.190000057220459,200.0
2026-04-28 13:56:00,SSV.V,,0.49000000953674316,0.49000000953674316,0.49000000953674316,0.49000000953674316,3500.0
2026-04-28 13:56:00,SVE.V,,0.4650000035762787,0.4650000035762787,0.4650000035762787,0.4650000035762787,500.0
2026-04-28 13:56:00,SVRS.V,,0.44749999046325684,0.44749999046325684,0.44749999046325684,0.44749999046325684,500.0
2026-04-28 13:57:00,NICN.V,,0.14499999582767487,0.14499999582767487,0.14499999582767487,0.14499999582767487,1500.0
2026-04-28 13:57:00,OMG.V,,2.25,2.255000114440918,2.25,2.255000114440918,200.0
2026-04-28 13:57:00,PGZ.V,,0.16500000655651093,0.16500000655651093,0.16500000655651093,0.16500000655651093,6000.0
2026-04-28 13:57:00,PML.V,,1.0299999713897705,1.0299999713897705,1.0299999713897705,1.0299999713897705,100.0
2026-04-28 13:57:00,QGR.V,,0.28999999165534973,0.28999999165534973,0.28999999165534973,0.28999999165534973,1501.0
2026-04-28 13:57:00,QTWO.V,,2.7750000953674316,2.7750000953674316,2.7699999809265137,2.7699999809265137,200.0
2026-04-28 13:57:00,RDS.V,,1.0499999523162842,1.0499999523162842,1.0499999523162842,1.0499999523162842,3100.0
2026-04-28 13:57:00,RECO.V,,1.2100000381469727,1.2100000381469727,1.2100000381469727,1.2100000381469727,400.0
2026-04-28 13:57:00,ROK.V,,0.27000001072883606,0.27000001072883606,0.27000001072883606,0.27000001072883606,3500.0
2026-04-28 13:57:00,SGML.V,,27.690000534057617,27.690000534057617,27.690000534057617,27.690000534057617,400.0
2026-04-28 13:57:00,SILV.V,,0.1899999976158142,0.1899999976158142,0.1899999976158142,0.1899999976158142,9000.0
2026-04-28 13:57:00,SMN.V,,0.15000000596046448,0.15000000596046448,0.15000000596046448,0.15000000596046448,91500.0
2026-04-28 13:57:00,SVRS.V,,0.44999998807907104,0.44999998807907104,0.44999998807907104,0.44999998807907104,19000.0
2026-04-28 13:58:00,QTWO.V,,2.7699999809265137,2.7699999809265137,2.7699999809265137,2.7699999809265137,100.0
2026-04-28 13:58:00,RECO.V,,1.2100000381469727,1.2100000381469727,1.2100000381469727,1.2100000381469727,200.0
2026-04-28 13:58:00,ROCK.V,,3.0999999046325684,3.0999999046325684,3.0899999141693115,3.0899999141693115,12500.0
2026-04-28 13:58:00,RZL.V,,0.49000000953674316,0.49000000953674316,0.49000000953674316,0.49000000953674316,500.0
2026-04-28 13:58:00,SCZ.V,,10.75,10.75,10.75,10.75,100.0
2026-04-28 13:58:00,SNM.V,,0.20000000298023224,0.20000000298023224,0.20000000298023224,0.20000000298023224,109500.0
2026-04-28 13:59:00,NCAU.V,,0.5799999833106995,0.5799999833106995,0.5799999833106995,0.5799999833106995,1000.0
2026-04-28 13:59:00,NCX.V,,3.0899999141693115,3.0899999141693115,3.0899999141693115,3.0899999141693115,100.0
2026-04-28 13:59:00,ONYX.V,,1.2799999713897705,1.2899999618530273,1.2799999713897705,1.2899999618530273,1400.0
2026-04-28 13:59:00,PGE.V,,0.32499998807907104,0.32499998807907104,0.32499998807907104,0.32499998807907104,4000.0
2026-04-28 13:59:00,PLY.V,,0.05999999865889549,0.05999999865889549,0.05999999865889549,0.05999999865889549,62666.0
2026-04-28 13:59:00,PML.V,,1.0299999713897705,1.0299999713897705,1.0299999713897705,1.0299999713897705,100.0
2026-04-28 13:59:00,QTWO.V,,2.7699999809265137,2.7750000953674316,2.7699999809265137,2.7699999809265137,300.0
2026-04-28 13:59:00,QURI.V,,0.05999999865889549,0.05999999865889549,0.05999999865889549,0.05999999865889549,11000.0
2026-04-28 13:59:00,RCK.V,,0.9599999785423279,0.9599999785423279,0.9599999785423279,0.9599999785423279,1500.0
2026-04-28 13:59:00,RDS.V,,1.0499999523162842,1.0499999523162842,1.0399999618530273,1.0499999523162842,17600.0
2026-04-28 13:59:00,RECO.V,,1.2100000381469727,1.2100000381469727,1.2100000381469727,1.2100000381469727,100.0
2026-04-28 13:59:00,SCZ.V,,10.75,10.779999732971191,10.75,10.75,378.0
2026-04-28 13:59:00,SGN.V,,0.3400000035762787,0.3400000035762787,0.3400000035762787,0.3400000035762787,19000.0
2026-04-28 13:59:00,SMN.V,,0.15000000596046448,0.15000000596046448,0.15000000596046448,0.15000000596046448,1000.0
2026-04-28 13:59:00,SOMA.V,,1.3300000429153442,1.3300000429153442,1.3300000429153442,1.3300000429153442,100.0
2026-04-28 13:59:00,SVE.V,,0.4650000035762787,0.4650000035762787,0.4650000035762787,0.4650000035762787,500.0
2026-04-28 13:59:00,SVRS.V,,0.44999998807907104,0.44999998807907104,0.44999998807907104,0.44999998807907104,555.0
2026-04-28 14:00:00,NCX.V,,3.0899999141693115,3.0899999141693115,3.0899999141693115,3.0899999141693115,400.0
2026-04-28 14:00:00,ODV.V,,4.159999847412109,4.159999847412109,4.159999847412109,4.159999847412109,618.0
2026-04-28 14:00:00,QTWO.V,,2.7750000953674316,2.7750000953674316,2.7699999809265137,2.7699999809265137,400.0
2026-04-28 14:00:00,RDS.V,,1.0499999523162842,1.0499999523162842,1.0499999523162842,1.0499999523162842,3700.0
2026-04-28 14:00:00,SECU.V,,2.1500000953674316,2.1500000953674316,2.1500000953674316,2.1500000953674316,4000.0
2026-04-28 14:00:00,SPA.V,,0.30000001192092896,0.30000001192092896,0.30000001192092896,0.30000001192092896,25000.0
2026-04-28 14:01:00,NCX.V,,3.0899999141693115,3.0899999141693115,3.0899999141693115,3.0899999141693115,100.0
2026-04-28 14:01:00,NFG.V,,2.6700000762939453,2.6700000762939453,2.6700000762939453,2.6700000762939453,300.0
2026-04-28 14:01:00,NMI.V,,0.25999999046325684,0.25999999046325684,0.25999999046325684,0.25999999046325684,5000.0
2026-04-28 14:01:00,OMG.V,,2.259999990463257,2.259999990463257,2.259999990463257,2.259999990463257,100.0
2026-04-28 14:01:00,PML.V,,1.0299999713897705,1.0299999713897705,1.0299999713897705,1.0299999713897705,200.0
2026-04-28 14:01:00,PTU.V,,0.46000000834465027,0.46000000834465027,0.45500001311302185,0.45500001311302185,1000.0
2026-04-28 14:01:00,ROCK.V,,3.109999895095825,3.109999895095825,3.109999895095825,3.109999895095825,800.0
2026-04-28 14:01:00,SLG.V,,3.190000057220459,3.190000057220459,3.190000057220459,3.190000057220459,100.0
2026-04-28 14:01:00,SPA.V,,0.3050000071525574,0.3050000071525574,0.30000001192092896,0.30000001192092896,40500.0
2026-04-28 14:02:00,NFG.V,,2.6700000762939453,2.6700000762939453,2.6700000762939453,2.6700000762939453,125.0
2026-04-28 14:02:00,OMI.V,,0.36000001430511475,0.36000001430511475,0.36000001430511475,0.36000001430511475,3000.0
2026-04-28 14:02:00,PGZ.V,,0.16500000655651093,0.16500000655651093,0.16500000655651093,0.16500000655651093,10000.0
2026-04-28 14:02:00,QTWO.V,,2.7750000953674316,2.7750000953674316,2.7750000953674316,2.7750000953674316,100.0
2026-04-28 14:02:00,RECO.V,,1.2100000381469727,1.2100000381469727,1.2100000381469727,1.2100000381469727,100.0
2026-04-28 14:02:00,SCZ.V,,10.75,10.75,10.75,10.75,100.0
2026-04-28 14:02:00,SVE.V,,0.4650000035762787,0.4650000035762787,0.4650000035762787,0.4650000035762787,500.0
2026-04-28 14:03:00,MGG.V,,0.3449999988079071,0.3449999988079071,0.3449999988079071,0.3449999988079071,500.0
2026-04-28 14:03:00,NFG.V,,2.6700000762939453,2.6700000762939453,2.6700000762939453,2.6700000762939453,385.0
2026-04-28 14:03:00,NKL.V,,1.25,1.25,1.25,1.25,4400.0
2026-04-28 14:03:00,ODV.V,,4.150000095367432,4.150000095367432,4.150000095367432,4.150000095367432,1105.0
2026-04-28 14:03:00,PML.V,,1.0299999713897705,1.0299999713897705,1.0299999713897705,1.0299999713897705,100.0
2026-04-28 14:03:00,QTWO.V,,2.7699999809265137,2.7750000953674316,2.7699999809265137,2.7750000953674316,300.0
2026-04-28 14:03:00,RECO.V,,1.2100000381469727,1.2100000381469727,1.2100000381469727,1.2100000381469727,100.0
2026-04-28 14:03:00,SCZ.V,,10.760000228881836,10.770000457763672,10.760000228881836,10.770000457763672,600.0
2026-04-28 14:03:00,SGN.V,,0.3400000035762787,0.3400000035762787,0.3400000035762787,0.3400000035762787,3000.0
2026-04-28 14:03:00,SLG.V,,3.200000047683716,3.200000047683716,3.184999942779541,3.184999942779541,6900.0
2026-04-28 14:03:00,SMN.V,,0.14499999582767487,0.14749999344348907,0.14499999582767487,0.14749999344348907,100100.0
2026-04-28 14:04:00,SCZ.V,,10.739999771118164,10.739999771118164,10.739999771118164,10.739999771118164,421.0
2026-04-28 14:05:00,OMG.V,,2.255000114440918,2.255000114440918,2.255000114440918,2.255000114440918,300.0
2026-04-28 14:05:00,RECO.V,,1.2100000381469727,1.2100000381469727,1.2100000381469727,1.2100000381469727,100.0
2026-04-28 14:05:00,RYO.V,,0.38499999046325684,0.38499999046325684,0.38499999046325684,0.38499999046325684,2000.0
2026-04-28 14:05:00,SCD.V,,0.1550000011920929,0.1550000011920929,0.1550000011920929,0.1550000011920929,5000.0
2026-04-28 14:05:00,SCZ.V,,10.760000228881836,10.760000228881836,10.739999771118164,10.760000228881836,700.0
2026-04-28 14:05:00,SLG.V,,3.190000057220459,3.194999933242798,3.190000057220459,3.194999933242798,1300.0
2026-04-28 14:05:00,SVE.V,,0.4650000035762787,0.4650000035762787,0.4650000035762787,0.4650000035762787,500.0
2026-04-28 14:06:00,FEO.V,,0.8199999928474426,0.8199999928474426,0.8199999928474426,0.8199999928474426,3000.0
2026-04-28 14:06:00,NKL.V,,1.2400000095367432,1.25,1.2400000095367432,1.2400000095367432,2500.0
2026-04-28 14:06:00,OMG.V,,2.255000114440918,2.255000114440918,2.255000114440918,2.255000114440918,100.0
2026-04-28 14:06:00,PML.V,,1.0299999713897705,1.0299999713897705,1.0299999713897705,1.0299999713897705,100.0
2026-04-28 14:06:00,QTWO.V,,2.7750000953674316,2.7750000953674316,2.7750000953674316,2.7750000953674316,100.0
2026-04-28 14:06:00,RDS.V,,1.0499999523162842,1.0499999523162842,1.0499999523162842,1.0499999523162842,200.0
2026-04-28 14:06:00,SCD.V,,0.1550000011920929,0.1550000011920929,0.1550000011920929,0.1550000011920929,5000.0
2026-04-28 14:06:00,SCZ.V,,10.779999732971191,10.779999732971191,10.770000457763672,10.770000457763672,400.0
2026-04-28 14:06:00,SOMA.V,,1.309999942779541,1.309999942779541,1.309999942779541,1.309999942779541,1035.0
2026-04-28 14:07:00,QTWO.V,,2.7750000953674316,2.7750000953674316,2.7750000953674316,2.7750000953674316,100.0
2026-04-28 14:07:00,ROK.V,,0.27000001072883606,0.27000001072883606,0.27000001072883606,0.27000001072883606,1000.0
2026-04-28 14:07:00,SCD.V,,0.1550000011920929,0.1550000011920929,0.1550000011920929,0.1550000011920929,500.0
2026-04-28 14:07:00,SCZ.V,,10.760000228881836,10.760000228881836,10.760000228881836,10.760000228881836,1300.0
2026-04-28 14:07:00,SGN.V,,0.3400000035762787,0.3400000035762787,0.3400000035762787,0.3400000035762787,500.0
2026-04-28 14:07:00,SLG.V,,3.2300000190734863,3.2300000190734863,3.200000047683716,3.200000047683716,6300.0
2026-04-28 14:07:00,SRQ.V,,0.07999999821186066,0.07999999821186066,0.07999999821186066,0.07999999821186066,46000.0
2026-04-28 14:07:00,SYH.V,,0.49000000953674316,0.49000000953674316,0.49000000953674316,0.49000000953674316,17000.0
2026-04-28 14:08:00,MMY.V,,0.8199999928474426,0.8199999928474426,0.8199999928474426,0.8199999928474426,4500.0
2026-04-28 14:08:00,NFG.V,,2.680000066757202,2.680000066757202,2.680000066757202,2.680000066757202,100.0
2026-04-28 14:08:00,ODV.V,,4.150000095367432,4.150000095367432,4.150000095367432,4.150000095367432,3600.0
2026-04-28 14:08:00,OMG.V,,2.255000114440918,2.255000114440918,2.255000114440918,2.255000114440918,100.0
2026-04-28 14:08:00,ONYX.V,,1.2599999904632568,1.2599999904632568,1.2599999904632568,1.2599999904632568,400.0
2026-04-28 14:08:00,PML.V,,1.0299999713897705,1.0299999713897705,1.0299999713897705,1.0299999713897705,100.0
2026-04-28 14:08:00,PWM.V,,0.4300000071525574,0.4300000071525574,0.4300000071525574,0.4300000071525574,5000.0
2026-04-28 14:08:00,QTWO.V,,2.7699999809265137,2.7699999809265137,2.7699999809265137,2.7699999809265137,100.0
2026-04-28 14:08:00,RDS.V,,1.0499999523162842,1.0499999523162842,1.0499999523162842,1.0499999523162842,12000.0
2026-04-28 14:08:00,ROCK.V,,3.109999895095825,3.109999895095825,3.109999895095825,3.109999895095825,1700.0
2026-04-28 14:08:00,SCD.V,,0.1550000011920929,0.1550000011920929,0.1550000011920929,0.1550000011920929,2500.0
2026-04-28 14:08:00,SCZ.V,,10.789999961853027,10.789999961853027,10.779999732971191,10.779999732971191,300.0
2026-04-28 14:08:00,SRQ.V,,0.09000000357627869,0.09000000357627869,0.09000000357627869,0.09000000357627869,1000.0
2026-04-28 14:08:00,SVE.V,,0.4650000035762787,0.4650000035762787,0.4650000035762787,0.4650000035762787,500.0
2026-04-28 14:09:00,ODV.V,,4.139999866485596,4.139999866485596,4.139999866485596,4.139999866485596,100.0
2026-04-28 14:09:00,PML.V,,1.0299999713897705,1.0299999713897705,1.0299999713897705,1.0299999713897705,100.0
2026-04-28 14:09:00,RDS.V,,1.0499999523162842,1.0499999523162842,1.0499999523162842,1.0499999523162842,200.0
2026-04-28 14:09:00,RPX.V,,0.17000000178813934,0.17000000178813934,0.16750000417232513,0.16750000417232513,25000.0
2026-04-28 14:09:00,SOMA.V,,1.3200000524520874,1.3200000524520874,1.3200000524520874,1.3200000524520874,300.0
2026-04-28 14:09:00,SVRS.V,,0.44749999046325684,0.44749999046325684,0.44749999046325684,0.44749999046325684,500.0
2026-04-28 14:09:00,VIPR.V,,0.8700000047683716,0.8700000047683716,0.8700000047683716,0.8700000047683716,500.0
2026-04-28 14:10:00,FEO.V,,0.8500000238418579,0.8500000238418579,0.8299999833106995,0.8299999833106995,6000.0
2026-04-28 14:10:00,MGG.V,,0.3449999988079071,0.3449999988079071,0.3449999988079071,0.3449999988079071,500.0
2026-04-28 14:10:00,MMY.V,,0.824999988079071,0.824999988079071,0.824999988079071,0.824999988079071,500.0
2026-04-28 14:10:00,OMG.V,,2.255000114440918,2.255000114440918,2.255000114440918,2.255000114440918,100.0
2026-04-28 14:10:00,ONYX.V,,1.2599999904632568,1.2599999904632568,1.2599999904632568,1.2599999904632568,15800.0
2026-04-28 14:10:00,QTWO.V,,2.7750000953674316,2.7750000953674316,2.7750000953674316,2.7750000953674316,100.0
2026-04-28 14:10:00,QURI.V,,0.05000000074505806,0.05000000074505806,0.05000000074505806,0.05000000074505806,20000.0
2026-04-28 14:10:00,RDS.V,,1.0499999523162842,1.0499999523162842,1.0499999523162842,1.0499999523162842,100.0
2026-04-28 14:10:00,RPX.V,,0.16750000417232513,0.16750000417232513,0.16750000417232513,0.16750000417232513,500.0
2026-04-28 14:10:00,RYO.V,,0.38499999046325684,0.38499999046325684,0.38499999046325684,0.38499999046325684,3000.0
2026-04-28 14:10:00,SCD.V,,0.1550000011920929,0.1550000011920929,0.1550000011920929,0.1550000011920929,4500.0
2026-04-28 14:10:00,SCZ.V,,10.779999732971191,10.779999732971191,10.779999732971191,10.779999732971191,200.0
2026-04-28 14:10:00,SGML.V,,27.770000457763672,27.770000457763672,27.770000457763672,27.770000457763672,200.0
2026-04-28 14:11:00,ONYX.V,,1.25,1.25,1.25,1.25,3200.0
2026-04-28 14:11:00,PPP.V,,1.4800000190734863,1.4800000190734863,1.4800000190734863,1.4800000190734863,800.0
2026-04-28 14:11:00,PRG.V,,0.7699999809265137,0.7699999809265137,0.7699999809265137,0.7699999809265137,2000.0
2026-04-28 14:11:00,QTWO.V,,2.7699999809265137,2.7699999809265137,2.7699999809265137,2.7699999809265137,100.0
2026-04-28 14:11:00,SGN.V,,0.3400000035762787,0.3400000035762787,0.3400000035762787,0.3400000035762787,500.0
2026-04-28 14:11:00,SLI.V,,5.159999847412109,5.159999847412109,5.150000095367432,5.150000095367432,1200.0
2026-04-28 14:11:00,SOMA.V,,1.3200000524520874,1.3200000524520874,1.3200000524520874,1.3200000524520874,100.0
2026-04-28 14:11:00,SR.V,,0.2750000059604645,0.2750000059604645,0.2750000059604645,0.2750000059604645,8000.0
2026-04-28 14:11:00,SVE.V,,0.4650000035762787,0.4650000035762787,0.4650000035762787,0.4650000035762787,1000.0
2026-04-28 14:11:00,SVRS.V,,0.44749999046325684,0.44749999046325684,0.44749999046325684,0.44749999046325684,500.0
2026-04-28 14:11:00,VIPR.V,,0.8700000047683716,0.8700000047683716,0.8700000047683716,0.8700000047683716,500.0
2026-04-28 14:12:00,NIM.V,,0.7799999713897705,0.7799999713897705,0.7799999713897705,0.7799999713897705,12000.0
2026-04-28 14:12:00,OMG.V,,2.255000114440918,2.255000114440918,2.25,2.25,300.0
2026-04-28 14:12:00,PGZ.V,,0.1599999964237213,0.16500000655651093,0.1599999964237213,0.16500000655651093,129200.0
2026-04-28 14:12:00,QPT.V,,0.03500000014901161,0.03500000014901161,0.03500000014901161,0.03500000014901161,0.0
2026-04-28 14:12:00,SCZ.V,,10.760000228881836,10.760000228881836,10.760000228881836,10.760000228881836,168.0
2026-04-28 14:12:00,SLG.V,,3.200000047683716,3.200000047683716,3.200000047683716,3.200000047683716,100.0
2026-04-28 14:12:00,SR.V,,0.2800000011920929,0.2800000011920929,0.2800000011920929,0.2800000011920929,5000.0
2026-04-28 14:12:00,SVRS.V,,0.44999998807907104,0.44999998807907104,0.4449999928474426,0.4449999928474426,1500.0
2026-04-28 14:13:00,NIM.V,,0.7799999713897705,0.7799999713897705,0.7799999713897705,0.7799999713897705,2800.0
2026-04-28 14:13:00,QTWO.V,,2.7699999809265137,2.7699999809265137,2.7699999809265137,2.7699999809265137,100.0
2026-04-28 14:13:00,RDS.V,,1.0399999618530273,1.0399999618530273,1.0399999618530273,1.0399999618530273,100.0
2026-04-28 14:13:00,SLI.V,,5.150000095367432,5.150000095367432,5.150000095367432,5.150000095367432,500.0
2026-04-28 14:14:00,MMY.V,,0.824999988079071,0.824999988079071,0.824999988079071,0.824999988079071,500.0
2026-04-28 14:14:00,NFG.V,,2.680000066757202,2.680000066757202,2.680000066757202,2.680000066757202,200.0
2026-04-28 14:14:00,ONYX.V,,1.25,1.25,1.25,1.25,400.0
2026-04-28 14:14:00,QTWO.V,,2.7750000953674316,2.7750000953674316,2.7750000953674316,2.7750000953674316,100.0
2026-04-28 14:14:00,RDS.V,,1.0449999570846558,1.0449999570846558,1.0449999570846558,1.0449999570846558,100.0
2026-04-28 14:14:00,ROCK.V,,3.109999895095825,3.109999895095825,3.109999895095825,3.109999895095825,100.0
2026-04-28 14:14:00,SCZ.V,,10.75,10.770000457763672,10.75,10.770000457763672,300.0
2026-04-28 14:14:00,SVE.V,,0.4650000035762787,0.4650000035762787,0.4650000035762787,0.4650000035762787,500.0
2026-04-28 14:15:00,NFG.V,,2.680000066757202,2.680000066757202,2.680000066757202,2.680000066757202,200.0
2026-04-28 14:15:00,OCO.V,,0.38499999046325684,0.38499999046325684,0.38499999046325684,0.38499999046325684,3500.0
2026-04-28 14:15:00,ONYX.V,,1.25,1.25,1.25,1.25,1400.0
2026-04-28 14:15:00,QTWO.V,,2.7699999809265137,2.7699999809265137,2.7699999809265137,2.7699999809265137,100.0
2026-04-28 14:15:00,RDS.V,,1.0449999570846558,1.0449999570846558,1.0449999570846558,1.0449999570846558,100.0
2026-04-28 14:15:00,SCZ.V,,10.75,10.75,10.75,10.75,100.0
2026-04-28 14:15:00,SGN.V,,0.3400000035762787,0.3400000035762787,0.3400000035762787,0.3400000035762787,500.0
2026-04-28 14:15:00,SLG.V,,3.200000047683716,3.200000047683716,3.200000047683716,3.200000047683716,100.0
2026-04-28 14:16:00,NFG.V,,2.680000066757202,2.680000066757202,2.680000066757202,2.680000066757202,100.0
2026-04-28 14:16:00,NKL.V,,1.2300000190734863,1.2400000095367432,1.2300000190734863,1.2400000095367432,1400.0
2026-04-28 14:16:00,OMG.V,,2.255000114440918,2.255000114440918,2.255000114440918,2.255000114440918,100.0
2026-04-28 14:16:00,ONYX.V,,1.25,1.25,1.25,1.25,1100.0
2026-04-28 14:16:00,SCZ.V,,10.75,10.75,10.744999885559082,10.75,500.0
2026-04-28 14:16:00,SHL.V,,0.47999998927116394,0.47999998927116394,0.47999998927116394,0.47999998927116394,500.0
2026-04-28 14:16:00,SLG.V,,3.200000047683716,3.200000047683716,3.200000047683716,3.200000047683716,100.0
2026-04-28 14:16:00,SVRS.V,,0.44749999046325684,0.44749999046325684,0.44749999046325684,0.44749999046325684,500.0
2026-04-28 14:17:00,MGG.V,,0.3449999988079071,0.3449999988079071,0.3449999988079071,0.3449999988079071,500.0
2026-04-28 14:17:00,NFG.V,,2.6700000762939453,2.6700000762939453,2.6700000762939453,2.6700000762939453,2923.0
2026-04-28 14:17:00,OCO.V,,0.38499999046325684,0.38499999046325684,0.38499999046325684,0.38499999046325684,2500.0
2026-04-28 14:17:00,OMG.V,,2.259999990463257,2.259999990463257,2.259999990463257,2.259999990463257,500.0
2026-04-28 14:17:00,ONYX.V,,1.25,1.25,1.25,1.25,1500.0
2026-04-28 14:17:00,PGZ.V,,0.1599999964237213,0.1599999964237213,0.1599999964237213,0.1599999964237213,15000.0
2026-04-28 14:17:00,QTWO.V,,2.7699999809265137,2.7699999809265137,2.7699999809265137,2.7699999809265137,100.0
2026-04-28 14:17:00,RDS.V,,1.0449999570846558,1.0449999570846558,1.0449999570846558,1.0449999570846558,100.0
2026-04-28 14:17:00,RECO.V,,1.2100000381469727,1.2100000381469727,1.2100000381469727,1.2100000381469727,100.0
2026-04-28 14:17:00,RW.V,,0.2549999952316284,0.2549999952316284,0.2549999952316284,0.2549999952316284,24000.0
2026-04-28 14:17:00,SCD.V,,0.1550000011920929,0.1550000011920929,0.1550000011920929,0.1550000011920929,1000.0
2026-04-28 14:17:00,SCZ.V,,10.770000457763672,10.770000457763672,10.739999771118164,10.770000457763672,1100.0
2026-04-28 14:17:00,SOMA.V,,1.3200000524520874,1.3200000524520874,1.3200000524520874,1.3200000524520874,100.0
2026-04-28 14:18:00,MMY.V,,0.8199999928474426,0.8199999928474426,0.8199999928474426,0.8199999928474426,500.0
2026-04-28 14:18:00,NNX.V,,0.04500000178813934,0.05000000074505806,0.04500000178813934,0.05000000074505806,0.0
2026-04-28 14:18:00,OMG.V,,2.255000114440918,2.255000114440918,2.255000114440918,2.255000114440918,100.0
2026-04-28 14:18:00,ONYX.V,,1.25,1.25,1.25,1.25,400.0
2026-04-28 14:18:00,PML.V,,1.0299999713897705,1.0299999713897705,1.0299999713897705,1.0299999713897705,100.0
2026-04-28 14:18:00,SCZ.V,,10.760000228881836,10.760000228881836,10.760000228881836,10.760000228881836,100.0
2026-04-28 14:18:00,SGML.V,,27.760000228881836,27.760000228881836,27.760000228881836,27.760000228881836,200.0
2026-04-28 14:18:00,SGN.V,,0.3400000035762787,0.3400000035762787,0.3400000035762787,0.3400000035762787,5000.0
2026-04-28 14:18:00,SLG.V,,3.200000047683716,3.200000047683716,3.200000047683716,3.200000047683716,100.0
2026-04-28 14:18:00,SVE.V,,0.4650000035762787,0.4650000035762787,0.4650000035762787,0.4650000035762787,500.0
2026-04-28 14:18:00,SVRS.V,,0.44999998807907104,0.44999998807907104,0.44999998807907104,0.44999998807907104,19500.0
2026-04-28 14:19:00,MHUB.V,,0.7699999809265137,0.7699999809265137,0.7699999809265137,0.7699999809265137,2000.0
2026-04-28 14:19:00,NIO.V,,0.2199999988079071,0.2199999988079071,0.2199999988079071,0.2199999988079071,1000.0
2026-04-28 14:19:00,OMG.V,,2.25,2.255000114440918,2.25,2.255000114440918,4600.0
2026-04-28 14:19:00,OMI.V,,0.35499998927116394,0.35499998927116394,0.35499998927116394,0.35499998927116394,1500.0
2026-04-28 14:19:00,ONYX.V,,1.25,1.25,1.25,1.25,400.0
2026-04-28 14:19:00,QTWO.V,,2.7750000953674316,2.7750000953674316,2.7750000953674316,2.7750000953674316,100.0
2026-04-28 14:19:00,ROK.V,,0.27000001072883606,0.27000001072883606,0.27000001072883606,0.27000001072883606,18000.0
2026-04-28 14:19:00,SCZ.V,,10.770000457763672,10.789999961853027,10.770000457763672,10.770000457763672,400.0
2026-04-28 14:19:00,SLI.V,,5.139999866485596,5.139999866485596,5.139999866485596,5.139999866485596,400.0
2026-04-28 14:20:00,NFG.V,,2.680000066757202,2.680000066757202,2.680000066757202,2.680000066757202,1400.0
2026-04-28 14:20:00,NKL.V,,1.2300000190734863,1.2400000095367432,1.2300000190734863,1.2400000095367432,10800.0
2026-04-28 14:20:00,PGZ.V,,0.1599999964237213,0.1599999964237213,0.1599999964237213,0.1599999964237213,8500.0
2026-04-28 14:20:00,RDS.V,,1.0399999618530273,1.0499999523162842,1.0399999618530273,1.0499999523162842,9700.0
2026-04-28 14:20:00,RYO.V,,0.38499999046325684,0.38499999046325684,0.38499999046325684,0.38499999046325684,16960.0
2026-04-28 14:20:00,SGML.V,,27.850000381469727,27.850000381469727,27.850000381469727,27.850000381469727,100.0
2026-04-28 14:21:00,NCI.V,,0.9900000095367432,0.9900000095367432,0.9900000095367432,0.9900000095367432,100.0
2026-04-28 14:21:00,NFG.V,,2.680000066757202,2.680000066757202,2.680000066757202,2.680000066757202,200.0
2026-04-28 14:21:00,ODV.V,,4.170000076293945,4.170000076293945,4.150000095367432,4.150000095367432,500.0
2026-04-28 14:21:00,ONYX.V,,1.25,1.25,1.25,1.25,400.0
2026-04-28 14:21:00,PML.V,,1.0099999904632568,1.0299999713897705,1.0099999904632568,1.0299999713897705,22400.0
2026-04-28 14:21:00,QTWO.V,,2.7699999809265137,2.7699999809265137,2.7699999809265137,2.7699999809265137,100.0
2026-04-28 14:21:00,RDS.V,,1.0499999523162842,1.0499999523162842,1.0499999523162842,1.0499999523162842,3700.0
2026-04-28 14:21:00,RYO.V,,0.38499999046325684,0.38499999046325684,0.38499999046325684,0.38499999046325684,1000.0
2026-04-28 14:21:00,SCZ.V,,10.800000190734863,10.800000190734863,10.800000190734863,10.800000190734863,100.0
2026-04-28 14:21:00,SVE.V,,0.4650000035762787,0.4650000035762787,0.4650000035762787,0.4650000035762787,500.0
2026-04-28 14:21:00,SVRS.V,,0.44749999046325684,0.44749999046325684,0.44749999046325684,0.44749999046325684,500.0
2026-04-28 14:22:00,MMY.V,,0.8199999928474426,0.8199999928474426,0.8199999928474426,0.8199999928474426,1500.0
2026-04-28 14:22:00,NFG.V,,2.684999942779541,2.690000057220459,2.684999942779541,2.690000057220459,300.0
2026-04-28 14:22:00,PGLD.V,,0.7099999785423279,0.7099999785423279,0.7099999785423279,0.7099999785423279,21000.0
2026-04-28 14:22:00,PML.V,,1.0,1.0,1.0,1.0,100.0
2026-04-28 14:22:00,QTWO.V,,2.7750000953674316,2.7750000953674316,2.7750000953674316,2.7750000953674316,100.0
2026-04-28 14:22:00,RDS.V,,1.0499999523162842,1.0499999523162842,1.0499999523162842,1.0499999523162842,200.0
2026-04-28 14:22:00,ROCK.V,,3.1600000858306885,3.1600000858306885,3.130000114440918,3.130000114440918,4600.0
2026-04-28 14:22:00,ROMJ.V,,0.5400000214576721,0.5400000214576721,0.5400000214576721,0.5400000214576721,2000.0
2026-04-28 14:22:00,SGML.V,,27.90999984741211,27.90999984741211,27.90999984741211,27.90999984741211,100.0
2026-04-28 14:22:00,SLI.V,,5.150000095367432,5.150000095367432,5.150000095367432,5.150000095367432,600.0
2026-04-28 14:22:00,SVE.V,,0.4650000035762787,0.4650000035762787,0.4650000035762787,0.4650000035762787,500.0
2026-04-28 14:23:00,MGG.V,,0.3400000035762787,0.3400000035762787,0.3400000035762787,0.3400000035762787,4500.0
2026-04-28 14:23:00,NCX.V,,3.0899999141693115,3.0899999141693115,3.0899999141693115,3.0899999141693115,1000.0
2026-04-28 14:23:00,NFG.V,,2.690000057220459,2.694999933242798,2.690000057220459,2.690000057220459,18200.0
2026-04-28 14:23:00,ODV.V,,4.170000076293945,4.170000076293945,4.170000076293945,4.170000076293945,100.0
2026-04-28 14:23:00,OMG.V,,2.259999990463257,2.259999990463257,2.259999990463257,2.259999990463257,2600.0
2026-04-28 14:23:00,PML.V,,1.0,1.0,1.0,1.0,100.0
2026-04-28 14:23:00,PRG.V,,0.7699999809265137,0.7699999809265137,0.7699999809265137,0.7699999809265137,100000.0
2026-04-28 14:23:00,PWM.V,,0.4350000023841858,0.4350000023841858,0.4350000023841858,0.4350000023841858,2000.0
2026-04-28 14:23:00,RDS.V,,1.0499999523162842,1.0499999523162842,1.0499999523162842,1.0499999523162842,2200.0
2026-04-28 14:23:00,RK.V,,0.16500000655651093,0.16500000655651093,0.16500000655651093,0.16500000655651093,3000.0
2026-04-28 14:23:00,ROCK.V,,3.1500000953674316,3.1500000953674316,3.1500000953674316,3.1500000953674316,200.0
2026-04-28 14:23:00,SCZ.V,,10.819999694824219,10.819999694824219,10.800000190734863,10.800000190734863,2600.0
2026-04-28 14:23:00,SOMA.V,,1.3200000524520874,1.3200000524520874,1.3200000524520874,1.3200000524520874,100.0
2026-04-28 14:23:00,SVRS.V,,0.44999998807907104,0.44999998807907104,0.44999998807907104,0.44999998807907104,500.0
2026-04-28 14:24:00,MGG.V,,0.3449999988079071,0.3449999988079071,0.3449999988079071,0.3449999988079071,500.0
2026-04-28 14:24:00,NFG.V,,2.690000057220459,2.690000057220459,2.690000057220459,2.690000057220459,1300.0
2026-04-28 14:24:00,ONYX.V,,1.2599999904632568,1.2599999904632568,1.2599999904632568,1.2599999904632568,59100.0
2026-04-28 14:24:00,PML.V,,1.0,1.0,1.0,1.0,200.0
2026-04-28 14:24:00,PPP.V,,1.4800000190734863,1.4800000190734863,1.4800000190734863,1.4800000190734863,800.0
2026-04-28 14:24:00,PRG.V,,0.7599999904632568,0.7699999809265137,0.7599999904632568,0.7699999809265137,108000.0
2026-04-28 14:24:00,QTWO.V,,2.7750000953674316,2.7750000953674316,2.7750000953674316,2.7750000953674316,100.0
2026-04-28 14:24:00,RECO.V,,1.2100000381469727,1.2100000381469727,1.2100000381469727,1.2100000381469727,8900.0
2026-04-28 14:24:00,SVRS.V,,0.44999998807907104,0.44999998807907104,0.44999998807907104,0.44999998807907104,1500.0
2026-04-28 14:25:00,MMY.V,,0.8299999833106995,0.8299999833106995,0.8199999928474426,0.8299999833106995,13000.0
2026-04-28 14:25:00,NFG.V,,2.690000057220459,2.690000057220459,2.690000057220459,2.690000057220459,700.0
2026-04-28 14:25:00,NKL.V,,1.2200000286102295,1.2300000190734863,1.2200000286102295,1.2300000190734863,5625.0
2026-04-28 14:25:00,OMG.V,,2.259999990463257,2.259999990463257,2.259999990463257,2.259999990463257,1400.0
2026-04-28 14:25:00,PML.V,,1.0099999904632568,1.0099999904632568,1.0,1.0,4600.0
2026-04-28 14:25:00,RDS.V,,1.0499999523162842,1.0499999523162842,1.0499999523162842,1.0499999523162842,200.0
2026-04-28 14:25:00,RECO.V,,1.2100000381469727,1.2100000381469727,1.2100000381469727,1.2100000381469727,13600.0
2026-04-28 14:25:00,ROK.V,,0.27000001072883606,0.27000001072883606,0.27000001072883606,0.27000001072883606,1000.0
2026-04-28 14:25:00,SCZ.V,,10.819999694824219,10.819999694824219,10.819999694824219,10.819999694824219,100.0
2026-04-28 14:25:00,SLI.V,,5.159999847412109,5.159999847412109,5.159999847412109,5.159999847412109,100.0
2026-04-28 14:25:00,SM.V,,1.659999966621399,1.659999966621399,1.659999966621399,1.659999966621399,1200.0
2026-04-28 14:25:00,SOU.V,,0.07999999821186066,0.07999999821186066,0.07999999821186066,0.07999999821186066,4000.0
2026-04-28 14:25:00,SVRS.V,,0.45500001311302185,0.45500001311302185,0.44999998807907104,0.44999998807907104,31501.0
2026-04-28 14:26:00,MGG.V,,0.3400000035762787,0.3400000035762787,0.3400000035762787,0.3400000035762787,1000.0
2026-04-28 14:26:00,MMY.V,,0.8299999833106995,0.8299999833106995,0.8299999833106995,0.8299999833106995,500.0
2026-04-28 14:26:00,OCO.V,,0.38999998569488525,0.38999998569488525,0.38999998569488525,0.38999998569488525,34000.0
2026-04-28 14:26:00,ONYX.V,,1.25,1.25,1.25,1.25,300.0
2026-04-28 14:26:00,PML.V,,1.0099999904632568,1.0099999904632568,1.0099999904632568,1.0099999904632568,300.0
2026-04-28 14:26:00,PWM.V,,0.42500001192092896,0.4325000047683716,0.42500001192092896,0.4325000047683716,57500.0
2026-04-28 14:26:00,RECO.V,,1.2100000381469727,1.2100000381469727,1.2100000381469727,1.2100000381469727,400.0
2026-04-28 14:26:00,RYO.V,,0.38499999046325684,0.38499999046325684,0.38499999046325684,0.38499999046325684,24000.0
2026-04-28 14:26:00,SAG.V,,1.2799999713897705,1.2799999713897705,1.2799999713897705,1.2799999713897705,100.0
2026-04-28 14:26:00,SCZ.V,,10.789999961853027,10.789999961853027,10.789999961853027,10.789999961853027,100.0
2026-04-28 14:26:00,SVRS.V,,0.45500001311302185,0.45500001311302185,0.45500001311302185,0.45500001311302185,4000.0
2026-04-28 14:27:00,NCI.V,,1.0,1.0,1.0,1.0,2000.0
2026-04-28 14:27:00,NCX.V,,3.0999999046325684,3.0999999046325684,3.0999999046325684,3.0999999046325684,800.0
2026-04-28 14:27:00,NFG.V,,2.690000057220459,2.690000057220459,2.690000057220459,2.690000057220459,500.0
2026-04-28 14:27:00,QTWO.V,,2.7750000953674316,2.7750000953674316,2.7750000953674316,2.7750000953674316,100.0
2026-04-28 14:27:00,RDS.V,,1.0499999523162842,1.0499999523162842,1.0499999523162842,1.0499999523162842,6733.0
2026-04-28 14:27:00,RECO.V,,1.2100000381469727,1.2100000381469727,1.2100000381469727,1.2100000381469727,300.0
2026-04-28 14:27:00,SCD.V,,0.1550000011920929,0.1550000011920929,0.1550000011920929,0.1550000011920929,1000.0
2026-04-28 14:27:00,SCOT.V,,2.2100000381469727,2.2100000381469727,2.2100000381469727,2.2100000381469727,1800.0
2026-04-28 14:27:00,SCZ.V,,10.819999694824219,10.829999923706055,10.789999961853027,10.829999923706055,800.0
2026-04-28 14:27:00,SGN.V,,0.3400000035762787,0.3400000035762787,0.3400000035762787,0.3400000035762787,1000.0
2026-04-28 14:27:00,SVE.V,,0.4650000035762787,0.4650000035762787,0.4650000035762787,0.4650000035762787,1000.0
2026-04-28 14:27:00,SVRS.V,,0.45500001311302185,0.45500001311302185,0.45500001311302185,0.45500001311302185,500.0
2026-04-28 14:28:00,NCX.V,,3.0899999141693115,3.0899999141693115,3.0899999141693115,3.0899999141693115,100.0
2026-04-28 14:28:00,OCO.V,,0.38999998569488525,0.38999998569488525,0.38999998569488525,0.38999998569488525,8500.0
2026-04-28 14:28:00,ONYX.V,,1.25,1.25,1.25,1.25,800.0
2026-04-28 14:28:00,RDS.V,,1.0499999523162842,1.0499999523162842,1.0499999523162842,1.0499999523162842,200.0
2026-04-28 14:28:00,RECO.V,,1.2100000381469727,1.2100000381469727,1.2100000381469727,1.2100000381469727,300.0
2026-04-28 14:28:00,SCOT.V,,2.2100000381469727,2.2100000381469727,2.2100000381469727,2.2100000381469727,2471.0
2026-04-28 14:28:00,SCZ.V,,10.819999694824219,10.819999694824219,10.819999694824219,10.819999694824219,300.0
2026-04-28 14:28:00,SHL.V,,0.47999998927116394,0.47999998927116394,0.47999998927116394,0.47999998927116394,500.0
2026-04-28 14:28:00,SOMA.V,,1.3200000524520874,1.3200000524520874,1.3200000524520874,1.3200000524520874,100.0
2026-04-28 14:29:00,NCAU.V,,0.5799999833106995,0.5799999833106995,0.5799999833106995,0.5799999833106995,13500.0
2026-04-28 14:29:00,ODV.V,,4.210000038146973,4.210000038146973,4.210000038146973,4.210000038146973,700.0
2026-04-28 14:29:00,OMG.V,,2.2699999809265137,2.2699999809265137,2.2699999809265137,2.2699999809265137,100.0
2026-04-28 14:29:00,ONYX.V,,1.25,1.25,1.25,1.25,700.0
2026-04-28 14:29:00,PEI.V,,0.03999999910593033,0.03999999910593033,0.03999999910593033,0.03999999910593033,64000.0
2026-04-28 14:29:00,QTWO.V,,2.7799999713897705,2.7799999713897705,2.7799999713897705,2.7799999713897705,800.0
2026-04-28 14:29:00,RDS.V,,1.0499999523162842,1.0499999523162842,1.0499999523162842,1.0499999523162842,100.0
2026-04-28 14:29:00,RECO.V,,1.2100000381469727,1.2100000381469727,1.2100000381469727,1.2100000381469727,300.0
2026-04-28 14:29:00,SCZ.V,,10.829999923706055,10.829999923706055,10.829999923706055,10.829999923706055,122.0
2026-04-28 14:29:00,SGN.V,,0.3400000035762787,0.3400000035762787,0.3400000035762787,0.3400000035762787,500.0
2026-04-28 14:29:00,SLG.V,,3.2300000190734863,3.240000009536743,3.2300000190734863,3.240000009536743,200.0
2026-04-28 14:29:00,SSV.V,,0.4950000047683716,0.4950000047683716,0.4950000047683716,0.4950000047683716,8500.0
2026-04-28 14:30:00,MGG.V,,0.3449999988079071,0.3449999988079071,0.3449999988079071,0.3449999988079071,500.0
2026-04-28 14:30:00,NCX.V,,3.0950000286102295,3.0950000286102295,3.0950000286102295,3.0950000286102295,100.0
2026-04-28 14:30:00,NFG.V,,2.690000057220459,2.690000057220459,2.690000057220459,2.690000057220459,1300.0
2026-04-28 14:30:00,NOW.V,,0.18000000715255737,0.18000000715255737,0.17499999701976776,0.17499999701976776,100000.0
2026-04-28 14:30:00,NRN.V,,0.04500000178813934,0.04500000178813934,0.04500000178813934,0.04500000178813934,39000.0
2026-04-28 14:30:00,PML.V,,1.0,1.0,1.0,1.0,200.0
2026-04-28 14:30:00,RDS.V,,1.0549999475479126,1.0549999475479126,1.0499999523162842,1.0499999523162842,1900.0
2026-04-28 14:30:00,RECO.V,,1.2100000381469727,1.2100000381469727,1.2100000381469727,1.2100000381469727,300.0
2026-04-28 14:30:00,SCZ.V,,10.850000381469727,10.850000381469727,10.819999694824219,10.819999694824219,200.0
2026-04-28 14:30:00,SSV.V,,0.4950000047683716,0.4950000047683716,0.4950000047683716,0.4950000047683716,4000.0
2026-04-28 14:30:00,SVE.V,,0.4650000035762787,0.4650000035762787,0.4650000035762787,0.4650000035762787,500.0
2026-04-28 14:31:00,MMY.V,,0.8299999833106995,0.8299999833106995,0.8299999833106995,0.8299999833106995,1000.0
2026-04-28 14:31:00,NCX.V,,3.0950000286102295,3.0950000286102295,3.0950000286102295,3.0950000286102295,100.0
2026-04-28 14:31:00,NFG.V,,2.690000057220459,2.690000057220459,2.690000057220459,2.690000057220459,620.0
2026-04-28 14:31:00,NICN.V,,0.14499999582767487,0.14499999582767487,0.14499999582767487,0.14499999582767487,2844.0
2026-04-28 14:31:00,OMG.V,,2.265000104904175,2.265000104904175,2.265000104904175,2.265000104904175,100.0
2026-04-28 14:31:00,ONYX.V,,1.25,1.25,1.25,1.25,800.0
2026-04-28 14:31:00,PML.V,,1.0,1.0,1.0,1.0,200.0
2026-04-28 14:31:00,QTWO.V,,2.7850000858306885,2.7850000858306885,2.7850000858306885,2.7850000858306885,500.0
2026-04-28 14:31:00,RDS.V,,1.0499999523162842,1.0499999523162842,1.0499999523162842,1.0499999523162842,200.0
2026-04-28 14:31:00,RECO.V,,1.2100000381469727,1.2100000381469727,1.2100000381469727,1.2100000381469727,300.0
2026-04-28 14:31:00,ROCK.V,,3.1500000953674316,3.1500000953674316,3.1500000953674316,3.1500000953674316,100.0
2026-04-28 14:31:00,SCZ.V,,10.829999923706055,10.829999923706055,10.829999923706055,10.829999923706055,100.0
2026-04-28 14:31:00,SSV.V,,0.4950000047683716,0.4950000047683716,0.4950000047683716,0.4950000047683716,12288.0
2026-04-28 14:31:00,SVE.V,,0.4650000035762787,0.4650000035762787,0.4650000035762787,0.4650000035762787,500.0
2026-04-28 14:32:00,NCX.V,,3.0899999141693115,3.0950000286102295,3.0899999141693115,3.0950000286102295,11200.0
2026-04-28 14:32:00,ODV.V,,4.210000038146973,4.210000038146973,4.210000038146973,4.210000038146973,100.0
2026-04-28 14:32:00,PML.V,,1.0,1.0,1.0,1.0,300.0
2026-04-28 14:32:00,RDS.V,,1.0499999523162842,1.0499999523162842,1.0499999523162842,1.0499999523162842,100.0
2026-04-28 14:32:00,ROCK.V,,3.200000047683716,3.200000047683716,3.1500000953674316,3.1500000953674316,8500.0
2026-04-28 14:32:00,SCOT.V,,2.2200000286102295,2.2200000286102295,2.2200000286102295,2.2200000286102295,100.0
2026-04-28 14:32:00,SCZ.V,,10.829999923706055,10.829999923706055,10.829999923706055,10.829999923706055,500.0
2026-04-28 14:32:00,SMN.V,,0.14499999582767487,0.14499999582767487,0.14499999582767487,0.14499999582767487,47000.0
2026-04-28 14:32:00,SPX.V,,0.0949999988079071,0.0949999988079071,0.0949999988079071,0.0949999988079071,5000.0
2026-04-28 14:33:00,NCX.V,,3.0799999237060547,3.0799999237060547,3.0799999237060547,3.0799999237060547,100.0
2026-04-28 14:33:00,NUG.V,,0.38999998569488525,0.38999998569488525,0.38999998569488525,0.38999998569488525,0.0
2026-04-28 14:33:00,OMG.V,,2.259999990463257,2.259999990463257,2.259999990463257,2.259999990463257,1240.0
2026-04-28 14:33:00,ONYX.V,,1.25,1.25,1.25,1.25,800.0
2026-04-28 14:33:00,PML.V,,1.0099999904632568,1.0099999904632568,1.0,1.0,1900.0
2026-04-28 14:33:00,RDS.V,,1.0499999523162842,1.0499999523162842,1.0499999523162842,1.0499999523162842,200.0
2026-04-28 14:33:00,ROCK.V,,3.1700000762939453,3.1700000762939453,3.1700000762939453,3.1700000762939453,1000.0
2026-04-28 14:33:00,SCOT.V,,2.2200000286102295,2.2200000286102295,2.2200000286102295,2.2200000286102295,200.0
2026-04-28 14:33:00,SCZ.V,,10.800000190734863,10.800000190734863,10.800000190734863,10.800000190734863,200.0
2026-04-28 14:33:00,SHL.V,,0.47999998927116394,0.47999998927116394,0.47999998927116394,0.47999998927116394,17000.0
2026-04-28 14:33:00,SLI.V,,5.150000095367432,5.150000095367432,5.150000095367432,5.150000095367432,300.0
2026-04-28 14:33:00,SOMA.V,,1.3200000524520874,1.3200000524520874,1.3200000524520874,1.3200000524520874,100.0
2026-04-28 14:33:00,SSE.V,,0.20999999344348907,0.20999999344348907,0.20999999344348907,0.20999999344348907,0.0
2026-04-28 14:34:00,ONYX.V,,1.25,1.25,1.25,1.25,400.0
2026-04-28 14:34:00,RDS.V,,1.0499999523162842,1.0499999523162842,1.0499999523162842,1.0499999523162842,100.0
2026-04-28 14:34:00,RECO.V,,1.2100000381469727,1.2100000381469727,1.2100000381469727,1.2100000381469727,500.0
2026-04-28 14:34:00,RYO.V,,0.38499999046325684,0.38499999046325684,0.38499999046325684,0.38499999046325684,2500.0
2026-04-28 14:34:00,SCOT.V,,2.2200000286102295,2.2200000286102295,2.2200000286102295,2.2200000286102295,100.0
2026-04-28 14:34:00,SCZ.V,,10.800000190734863,10.800000190734863,10.800000190734863,10.800000190734863,200.0
2026-04-28 14:34:00,SGML.V,,27.860000610351562,27.860000610351562,27.860000610351562,27.860000610351562,100.0
2026-04-28 14:34:00,SGN.V,,0.3400000035762787,0.3400000035762787,0.3400000035762787,0.3400000035762787,500.0
2026-04-28 14:34:00,SSE.V,,0.20499999821186066,0.20499999821186066,0.20499999821186066,0.20499999821186066,4000.0
2026-04-28 14:35:00,NCX.V,,3.0799999237060547,3.0799999237060547,3.0799999237060547,3.0799999237060547,100.0
2026-04-28 14:35:00,NFG.V,,2.680000066757202,2.680000066757202,2.680000066757202,2.680000066757202,900.0
2026-04-28 14:35:00,ODV.V,,4.199999809265137,4.199999809265137,4.199999809265137,4.199999809265137,100.0
2026-04-28 14:35:00,ONYX.V,,1.25,1.25,1.25,1.25,400.0
2026-04-28 14:35:00,PLSR.V,,1.690000057220459,1.690000057220459,1.6799999475479126,1.6799999475479126,2300.0
2026-04-28 14:35:00,QTWO.V,,2.7799999713897705,2.7799999713897705,2.7799999713897705,2.7799999713897705,100.0
2026-04-28 14:35:00,RDS.V,,1.0499999523162842,1.0499999523162842,1.0499999523162842,1.0499999523162842,100.0
2026-04-28 14:35:00,RECO.V,,1.2100000381469727,1.2100000381469727,1.2100000381469727,1.2100000381469727,300.0
2026-04-28 14:35:00,ROCK.V,,3.1500000953674316,3.1700000762939453,3.1500000953674316,3.1700000762939453,2100.0
2026-04-28 14:35:00,SCZ.V,,10.789999961853027,10.789999961853027,10.789999961853027,10.789999961853027,1501.0
2026-04-28 14:35:00,SLI.V,,5.150000095367432,5.150000095367432,5.150000095367432,5.150000095367432,3600.0
2026-04-28 14:35:00,SVE.V,,0.4699999988079071,0.4699999988079071,0.4650000035762787,0.4650000035762787,1000.0
2026-04-28 14:35:00,SVRS.V,,0.45500001311302185,0.45500001311302185,0.45500001311302185,0.45500001311302185,900.0
2026-04-28 14:36:00,GIII.V,,0.18000000715255737,0.18000000715255737,0.18000000715255737,0.18000000715255737,17000.0
2026-04-28 14:36:00,MGG.V,,0.3449999988079071,0.3449999988079071,0.3449999988079071,0.3449999988079071,500.0
2026-04-28 14:36:00,NCX.V,,3.0799999237060547,3.0799999237060547,3.0799999237060547,3.0799999237060547,600.0
2026-04-28 14:36:00,OCO.V,,0.38999998569488525,0.38999998569488525,0.38999998569488525,0.38999998569488525,500.0
2026-04-28 14:36:00,ONYX.V,,1.25,1.25,1.25,1.25,400.0
2026-04-28 14:36:00,RECO.V,,1.2100000381469727,1.2100000381469727,1.2100000381469727,1.2100000381469727,300.0
2026-04-28 14:36:00,RVG.V,,0.7900000214576721,0.7900000214576721,0.7900000214576721,0.7900000214576721,1000.0
2026-04-28 14:36:00,SCOT.V,,2.2200000286102295,2.2200000286102295,2.2200000286102295,2.2200000286102295,100.0
2026-04-28 14:36:00,SCZ.V,,10.760000228881836,10.760000228881836,10.760000228881836,10.760000228881836,217.0
2026-04-28 14:36:00,SVRS.V,,0.45249998569488525,0.45249998569488525,0.45249998569488525,0.45249998569488525,500.0
2026-04-28 14:37:00,NCX.V,,3.0799999237060547,3.0799999237060547,3.0799999237060547,3.0799999237060547,300.0
2026-04-28 14:37:00,NFG.V,,2.6700000762939453,2.674999952316284,2.6700000762939453,2.674999952316284,1100.0
2026-04-28 14:37:00,NKL.V,,1.2200000286102295,1.2200000286102295,1.2200000286102295,1.2200000286102295,320.0
2026-04-28 14:37:00,ONYX.V,,1.25,1.25,1.25,1.25,400.0
2026-04-28 14:37:00,QGR.V,,0.28999999165534973,0.29499998688697815,0.28999999165534973,0.29249998927116394,3500.0
2026-04-28 14:37:00,RET-A.V,,1.9700000286102295,1.9700000286102295,1.9700000286102295,1.9700000286102295,500.0
2026-04-28 14:37:00,SCZ.V,,10.75,10.760000228881836,10.75,10.760000228881836,200.0
2026-04-28 14:37:00,SGN.V,,0.3400000035762787,0.3400000035762787,0.3400000035762787,0.3400000035762787,500.0
2026-04-28 14:37:00,SLI.V,,5.150000095367432,5.150000095367432,5.150000095367432,5.150000095367432,200.0
2026-04-28 14:37:00,SSV.V,,0.4950000047683716,0.4950000047683716,0.4950000047683716,0.4950000047683716,1744.0
2026-04-28 14:37:00,SVRS.V,,0.44999998807907104,0.44999998807907104,0.44999998807907104,0.44999998807907104,500.0
2026-04-28 14:38:00,MMY.V,,0.8299999833106995,0.8299999833106995,0.8199999928474426,0.8299999833106995,53500.0
2026-04-28 14:38:00,NCX.V,,3.0799999237060547,3.0799999237060547,3.0799999237060547,3.0799999237060547,100.0
2026-04-28 14:38:00,ODV.V,,4.199999809265137,4.199999809265137,4.199999809265137,4.199999809265137,800.0
2026-04-28 14:38:00,ONYX.V,,1.25,1.25,1.25,1.25,800.0
2026-04-28 14:38:00,PML.V,,1.0,1.0,1.0,1.0,100.0
2026-04-28 14:38:00,RECO.V,,1.2100000381469727,1.2100000381469727,1.2100000381469727,1.2100000381469727,300.0
2026-04-28 14:38:00,SCOT.V,,2.200000047683716,2.200000047683716,2.200000047683716,2.200000047683716,100.0
2026-04-28 14:38:00,SCZ.V,,10.75,10.779999732971191,10.75,10.75,529.0
2026-04-28 14:38:00,SVRS.V,,0.45249998569488525,0.45249998569488525,0.45249998569488525,0.45249998569488525,500.0
2026-04-28 14:39:00,MMY.V,,0.8299999833106995,0.8299999833106995,0.8299999833106995,0.8299999833106995,500.0
2026-04-28 14:39:00,NCX.V,,3.0799999237060547,3.0799999237060547,3.0799999237060547,3.0799999237060547,200.0
2026-04-28 14:39:00,NFG.V,,2.680000066757202,2.680000066757202,2.680000066757202,2.680000066757202,300.0
2026-04-28 14:39:00,OMG.V,,2.255000114440918,2.255000114440918,2.255000114440918,2.255000114440918,100.0
2026-04-28 14:39:00,OMI.V,,0.35499998927116394,0.35499998927116394,0.35499998927116394,0.35499998927116394,620.0
2026-04-28 14:39:00,PLSR.V,,1.6799999475479126,1.6799999475479126,1.6799999475479126,1.6799999475479126,500.0
2026-04-28 14:39:00,PML.V,,1.0,1.0,1.0,1.0,100.0
2026-04-28 14:39:00,RECO.V,,1.2100000381469727,1.2100000381469727,1.2100000381469727,1.2100000381469727,100.0
2026-04-28 14:39:00,ROOF.V,,0.19499999284744263,0.19499999284744263,0.19499999284744263,0.19499999284744263,0.0
2026-04-28 14:39:00,SCZ.V,,10.75,10.75,10.75,10.75,100.0
2026-04-28 14:39:00,STRR.V,,0.5099999904632568,0.5099999904632568,0.5099999904632568,0.5099999904632568,74000.0
2026-04-28 14:39:00,SVE.V,,0.4699999988079071,0.4699999988079071,0.4699999988079071,0.4699999988079071,1000.0
2026-04-28 14:40:00,MMY.V,,0.8299999833106995,0.8299999833106995,0.8299999833106995,0.8299999833106995,12000.0
2026-04-28 14:40:00,NCX.V,,3.0799999237060547,3.0799999237060547,3.0799999237060547,3.0799999237060547,2200.0
2026-04-28 14:40:00,NFG.V,,2.680000066757202,2.680000066757202,2.680000066757202,2.680000066757202,2000.0
2026-04-28 14:40:00,OMG.V,,2.25,2.25,2.25,2.25,100.0
2026-04-28 14:40:00,OMI.V,,0.35499998927116394,0.35499998927116394,0.35499998927116394,0.35499998927116394,0.0
2026-04-28 14:40:00,PGDC.V,,0.8100000023841858,0.8100000023841858,0.8100000023841858,0.8100000023841858,500.0
2026-04-28 14:40:00,PML.V,,1.0,1.0,1.0,1.0,100.0
2026-04-28 14:40:00,RECO.V,,1.2100000381469727,1.2100000381469727,1.2100000381469727,1.2100000381469727,200.0
2026-04-28 14:40:00,SCZ.V,,10.75,10.75,10.75,10.75,100.0
2026-04-28 14:40:00,SVE.V,,0.4699999988079071,0.4699999988079071,0.4699999988079071,0.4699999988079071,1000.0
2026-04-28 14:40:00,SVRS.V,,0.44999998807907104,0.44999998807907104,0.44999998807907104,0.44999998807907104,500.0
2026-04-28 14:41:00,MCI.V,,0.24500000476837158,0.25,0.24500000476837158,0.25,6500.0
2026-04-28 14:41:00,NCI.V,,1.0,1.0,1.0,1.0,500.0
2026-04-28 14:41:00,NCX.V,,3.0799999237060547,3.0799999237060547,3.0799999237060547,3.0799999237060547,900.0
2026-04-28 14:41:00,NFG.V,,2.680000066757202,2.680000066757202,2.680000066757202,2.680000066757202,200.0
2026-04-28 14:41:00,OCO.V,,0.38999998569488525,0.38999998569488525,0.38999998569488525,0.38999998569488525,500.0
2026-04-28 14:41:00,OMG.V,,2.255000114440918,2.255000114440918,2.255000114440918,2.255000114440918,200.0
2026-04-28 14:41:00,PML.V,,1.0,1.0,1.0,1.0,200.0
2026-04-28 14:41:00,RDS.V,,1.0449999570846558,1.0449999570846558,1.0449999570846558,1.0449999570846558,100.0
2026-04-28 14:41:00,REC.V,,0.05999999865889549,0.05999999865889549,0.05999999865889549,0.05999999865889549,197000.0
2026-04-28 14:41:00,RECO.V,,1.2100000381469727,1.2100000381469727,1.2100000381469727,1.2100000381469727,200.0
2026-04-28 14:41:00,SAG.V,,1.2699999809265137,1.2699999809265137,1.2699999809265137,1.2699999809265137,5000.0
2026-04-28 14:41:00,SCZ.V,,10.760000228881836,10.779999732971191,10.75,10.75,1690.0
2026-04-28 14:41:00,SEI.V,,0.5400000214576721,0.5400000214576721,0.5400000214576721,0.5400000214576721,2000.0
2026-04-28 14:41:00,SVE.V,,0.4699999988079071,0.4699999988079071,0.4699999988079071,0.4699999988079071,17770.0
2026-04-28 14:42:00,ODV.V,,4.210000038146973,4.210000038146973,4.210000038146973,4.210000038146973,700.0
2026-04-28 14:42:00,PML.V,,1.0,1.0,1.0,1.0,100.0
2026-04-28 14:42:00,QTWO.V,,2.7699999809265137,2.7699999809265137,2.7699999809265137,2.7699999809265137,400.0
2026-04-28 14:42:00,RDS.V,,1.0449999570846558,1.0449999570846558,1.0449999570846558,1.0449999570846558,100.0
2026-04-28 14:42:00,RECO.V,,1.2050000429153442,1.2100000381469727,1.2050000429153442,1.2100000381469727,1400.0
2026-04-28 14:42:00,SCD.V,,0.1550000011920929,0.1550000011920929,0.1550000011920929,0.1550000011920929,2500.0
2026-04-28 14:42:00,SCOT.V,,2.2200000286102295,2.2200000286102295,2.2200000286102295,2.2200000286102295,100.0
2026-04-28 14:42:00,SCZ.V,,10.739999771118164,10.75,10.739999771118164,10.75,400.0
2026-04-28 14:42:00,SGN.V,,0.3400000035762787,0.3400000035762787,0.3400000035762787,0.3400000035762787,3500.0
2026-04-28 14:42:00,SOMA.V,,1.309999942779541,1.309999942779541,1.309999942779541,1.309999942779541,404.0
2026-04-28 14:42:00,SVRS.V,,0.45249998569488525,0.45249998569488525,0.44999998807907104,0.44999998807907104,1000.0
2026-04-28 14:43:00,MGG.V,,0.3449999988079071,0.3449999988079071,0.3449999988079071,0.3449999988079071,500.0
2026-04-28 14:43:00,NFG.V,,2.6700000762939453,2.6700000762939453,2.6700000762939453,2.6700000762939453,900.0
2026-04-28 14:43:00,PEAK.V,,0.36500000953674316,0.36500000953674316,0.36500000953674316,0.36500000953674316,1500.0
2026-04-28 14:43:00,PML.V,,1.0,1.0,1.0,1.0,100.0
2026-04-28 14:43:00,QTWO.V,,2.765000104904175,2.765000104904175,2.765000104904175,2.765000104904175,100.0
2026-04-28 14:43:00,RECO.V,,1.2100000381469727,1.2100000381469727,1.2100000381469727,1.2100000381469727,200.0
2026-04-28 14:43:00,RYO.V,,0.38499999046325684,0.38499999046325684,0.38499999046325684,0.38499999046325684,3000.0
2026-04-28 14:43:00,SCZ.V,,10.75,10.75,10.739999771118164,10.739999771118164,300.0
2026-04-28 14:43:00,SGN.V,,0.3400000035762787,0.3400000035762787,0.3400000035762787,0.3400000035762787,1000.0
2026-04-28 14:43:00,SSV.V,,0.49000000953674316,0.49000000953674316,0.49000000953674316,0.49000000953674316,2500.0
2026-04-28 14:43:00,SVRS.V,,0.44999998807907104,0.44999998807907104,0.44999998807907104,0.44999998807907104,12000.0
2026-04-28 14:44:00,NKL.V,,1.2100000381469727,1.2200000286102295,1.2100000381469727,1.2200000286102295,1300.0
2026-04-28 14:44:00,OMG.V,,2.259999990463257,2.259999990463257,2.255000114440918,2.259999990463257,3000.0
2026-04-28 14:44:00,PML.V,,1.0,1.0,1.0,1.0,100.0
2026-04-28 14:44:00,RDS.V,,1.0449999570846558,1.0449999570846558,1.0449999570846558,1.0449999570846558,100.0
2026-04-28 14:44:00,ROCK.V,,3.1700000762939453,3.1700000762939453,3.1600000858306885,3.1600000858306885,300.0
2026-04-28 14:44:00,RVG.V,,0.7900000214576721,0.7900000214576721,0.7900000214576721,0.7900000214576721,2000.0
2026-04-28 14:44:00,SKYG.V,,0.054999999701976776,0.054999999701976776,0.054999999701976776,0.054999999701976776,10000.0
2026-04-28 14:44:00,SVRS.V,,0.44999998807907104,0.44999998807907104,0.44999998807907104,0.44999998807907104,500.0
2026-04-28 14:45:00,NCI.V,,0.9800000190734863,0.9900000095367432,0.9800000190734863,0.9900000095367432,900.0
2026-04-28 14:45:00,NCX.V,,3.0799999237060547,3.0799999237060547,3.0799999237060547,3.0799999237060547,100.0
2026-04-28 14:45:00,OCO.V,,0.38999998569488525,0.38999998569488525,0.38999998569488525,0.38999998569488525,500.0
2026-04-28 14:45:00,ODV.V,,4.199999809265137,4.199999809265137,4.199999809265137,4.199999809265137,600.0
2026-04-28 14:45:00,OMG.V,,2.2300000190734863,2.25,2.2300000190734863,2.25,41126.0
2026-04-28 14:45:00,PML.V,,1.0,1.0,1.0,1.0,100.0
2026-04-28 14:45:00,PNTR.V,,0.5199999809265137,0.5199999809265137,0.5199999809265137,0.5199999809265137,14852.0
2026-04-28 14:45:00,QTWO.V,,2.765000104904175,2.765000104904175,2.765000104904175,2.765000104904175,100.0
2026-04-28 14:45:00,RDS.V,,1.0449999570846558,1.0449999570846558,1.0449999570846558,1.0449999570846558,100.0
2026-04-28 14:45:00,RECO.V,,1.2100000381469727,1.2100000381469727,1.2100000381469727,1.2100000381469727,500.0
2026-04-28 14:45:00,SCOT.V,,2.2200000286102295,2.2200000286102295,2.2200000286102295,2.2200000286102295,100.0
2026-04-28 14:45:00,SCZ.V,,10.75,10.75,10.75,10.75,1300.0
2026-04-28 14:45:00,SGML.V,,27.790000915527344,27.81999969482422,27.790000915527344,27.81999969482422,200.0
2026-04-28 14:45:00,SLI.V,,5.150000095367432,5.150000095367432,5.150000095367432,5.150000095367432,100.0
2026-04-28 14:46:00,MGG.V,,0.3400000035762787,0.3400000035762787,0.3400000035762787,0.3400000035762787,9000.0
2026-04-28 14:46:00,MMY.V,,0.8299999833106995,0.8299999833106995,0.8299999833106995,0.8299999833106995,4500.0
2026-04-28 14:46:00,NCX.V,,3.069999933242798,3.069999933242798,3.069999933242798,3.069999933242798,100.0
2026-04-28 14:46:00,NIM.V,,0.7799999713897705,0.7799999713897705,0.7799999713897705,0.7799999713897705,4000.0
2026-04-28 14:46:00,OMG.V,,2.2300000190734863,2.2300000190734863,2.2249999046325684,2.2300000190734863,6905.0
2026-04-28 14:46:00,ONYX.V,,1.25,1.25,1.25,1.25,400.0
2026-04-28 14:46:00,PML.V,,1.0,1.0,1.0,1.0,100.0
2026-04-28 14:46:00,QTWO.V,,2.765000104904175,2.765000104904175,2.765000104904175,2.765000104904175,100.0
2026-04-28 14:46:00,RDS.V,,1.0449999570846558,1.0449999570846558,1.0449999570846558,1.0449999570846558,100.0
2026-04-28 14:46:00,SCZ.V,,10.770000457763672,10.770000457763672,10.770000457763672,10.770000457763672,100.0
2026-04-28 14:46:00,SGML.V,,27.790000915527344,27.790000915527344,27.790000915527344,27.790000915527344,100.0
2026-04-28 14:46:00,SLI.V,,5.150000095367432,5.159999847412109,5.150000095367432,5.150000095367432,1200.0
2026-04-28 14:46:00,SM.V,,1.659999966621399,1.659999966621399,1.659999966621399,1.659999966621399,200.0
2026-04-28 14:46:00,SVRS.V,,0.44999998807907104,0.44999998807907104,0.44999998807907104,0.44999998807907104,500.0
2026-04-28 14:47:00,NCX.V,,3.069999933242798,3.069999933242798,3.069999933242798,3.069999933242798,100.0
2026-04-28 14:47:00,NKL.V,,1.2100000381469727,1.2100000381469727,1.2100000381469727,1.2100000381469727,900.0
2026-04-28 14:47:00,ODV.V,,4.190000057220459,4.190000057220459,4.190000057220459,4.190000057220459,100.0
2026-04-28 14:47:00,OMG.V,,2.2300000190734863,2.2300000190734863,2.2300000190734863,2.2300000190734863,500.0
2026-04-28 14:47:00,ONYX.V,,1.25,1.25,1.25,1.25,400.0
2026-04-28 14:47:00,PML.V,,1.0099999904632568,1.0099999904632568,1.0,1.0,113700.0
2026-04-28 14:47:00,PNTR.V,,0.5299999713897705,0.5299999713897705,0.5299999713897705,0.5299999713897705,3000.0
2026-04-28 14:47:00,RDS.V,,1.0499999523162842,1.0499999523162842,1.0499999523162842,1.0499999523162842,6100.0
2026-04-28 14:47:00,RECO.V,,1.2100000381469727,1.2100000381469727,1.2100000381469727,1.2100000381469727,300.0
2026-04-28 14:47:00,SCD.V,,0.1550000011920929,0.1550000011920929,0.1550000011920929,0.1550000011920929,39935.0
2026-04-28 14:47:00,SOMA.V,,1.2999999523162842,1.2999999523162842,1.2999999523162842,1.2999999523162842,407.0
2026-04-28 14:47:00,SVE.V,,0.47999998927116394,0.47999998927116394,0.47999998927116394,0.47999998927116394,500.0
2026-04-28 14:47:00,SVRS.V,,0.44999998807907104,0.44999998807907104,0.44999998807907104,0.44999998807907104,500.0
2026-04-28 14:48:00,NCX.V,,3.075000047683716,3.075000047683716,3.075000047683716,3.075000047683716,100.0
2026-04-28 14:48:00,NFG.V,,2.680000066757202,2.680000066757202,2.680000066757202,2.680000066757202,500.0
2026-04-28 14:48:00,OMG.V,,2.234999895095825,2.234999895095825,2.2300000190734863,2.2300000190734863,3000.0
2026-04-28 14:48:00,PML.V,,1.0,1.0,1.0,1.0,2000.0
2026-04-28 14:48:00,QTWO.V,,2.765000104904175,2.765000104904175,2.765000104904175,2.765000104904175,100.0
2026-04-28 14:48:00,RECO.V,,1.2100000381469727,1.2100000381469727,1.2100000381469727,1.2100000381469727,200.0
2026-04-28 14:48:00,SCD.V,,0.1550000011920929,0.1550000011920929,0.1550000011920929,0.1550000011920929,32000.0
2026-04-28 14:48:00,SCOT.V,,2.2200000286102295,2.2200000286102295,2.2200000286102295,2.2200000286102295,100.0
2026-04-28 14:48:00,SM.V,,1.6699999570846558,1.6699999570846558,1.6699999570846558,1.6699999570846558,937.0
2026-04-28 14:48:00,SPC.V,,0.05000000074505806,0.05000000074505806,0.05000000074505806,0.05000000074505806,0.0
2026-04-28 14:49:00,NBM.V,,0.5,0.5,0.5,0.5,15000.0
2026-04-28 14:49:00,NCX.V,,3.075000047683716,3.075000047683716,3.075000047683716,3.075000047683716,100.0
2026-04-28 14:49:00,OCO.V,,0.38999998569488525,0.38999998569488525,0.38999998569488525,0.38999998569488525,500.0
2026-04-28 14:49:00,ODV.V,,4.21999979019165,4.21999979019165,4.210000038146973,4.210000038146973,200.0
2026-04-28 14:49:00,ONYX.V,,1.25,1.25,1.25,1.25,100.0
2026-04-28 14:49:00,QGR.V,,0.28999999165534973,0.28999999165534973,0.28999999165534973,0.28999999165534973,2500.0
2026-04-28 14:49:00,SCD.V,,0.1550000011920929,0.1550000011920929,0.1550000011920929,0.1550000011920929,500.0
2026-04-28 14:49:00,SVRS.V,,0.44999998807907104,0.44999998807907104,0.44999998807907104,0.44999998807907104,500.0
2026-04-28 14:49:00,SYH.V,,0.4950000047683716,0.4950000047683716,0.4950000047683716,0.4950000047683716,1500.0
2026-04-28 14:50:00,NCX.V,,3.075000047683716,3.075000047683716,3.075000047683716,3.075000047683716,100.0
2026-04-28 14:50:00,NFG.V,,2.674999952316284,2.674999952316284,2.674999952316284,2.674999952316284,100.0
2026-04-28 14:50:00,NKL.V,,1.2000000476837158,1.2000000476837158,1.2000000476837158,1.2000000476837158,12800.0
2026-04-28 14:50:00,OMG.V,,2.2300000190734863,2.2300000190734863,2.2300000190734863,2.2300000190734863,4500.0
2026-04-28 14:50:00,RECO.V,,1.2100000381469727,1.2100000381469727,1.2100000381469727,1.2100000381469727,200.0
2026-04-28 14:50:00,SCZ.V,,10.739999771118164,10.770000457763672,10.739999771118164,10.770000457763672,200.0
2026-04-28 14:50:00,SGN.V,,0.3400000035762787,0.3400000035762787,0.3400000035762787,0.3400000035762787,500.0
2026-04-28 14:50:00,SKP.V,,0.17000000178813934,0.17000000178813934,0.17000000178813934,0.17000000178813934,1000.0
2026-04-28 14:51:00,NCX.V,,3.075000047683716,3.075000047683716,3.075000047683716,3.075000047683716,100.0
2026-04-28 14:51:00,ODV.V,,4.210000038146973,4.210000038146973,4.210000038146973,4.210000038146973,200.0
2026-04-28 14:51:00,OMG.V,,2.2249999046325684,2.2249999046325684,2.2200000286102295,2.2200000286102295,200.0
2026-04-28 14:51:00,ONYX.V,,1.25,1.25,1.25,1.25,800.0
2026-04-28 14:51:00,PEZM-H.V,,0.23000000417232513,0.23000000417232513,0.23000000417232513,0.23000000417232513,0.0
2026-04-28 14:51:00,PML.V,,1.0099999904632568,1.0099999904632568,1.0,1.0,9500.0
2026-04-28 14:51:00,QTWO.V,,2.765000104904175,2.765000104904175,2.765000104904175,2.765000104904175,100.0
2026-04-28 14:51:00,RECO.V,,1.2100000381469727,1.2100000381469727,1.2100000381469727,1.2100000381469727,200.0
2026-04-28 14:51:00,SCZ.V,,10.739999771118164,10.739999771118164,10.739999771118164,10.739999771118164,100.0
2026-04-28 14:51:00,SKP.V,,0.17000000178813934,0.17000000178813934,0.17000000178813934,0.17000000178813934,2000.0
2026-04-28 14:51:00,SVRS.V,,0.44999998807907104,0.44999998807907104,0.44999998807907104,0.44999998807907104,7000.0
2026-04-28 14:52:00,NFG.V,,2.6700000762939453,2.6700000762939453,2.6700000762939453,2.6700000762939453,200.0
2026-04-28 14:52:00,OMG.V,,2.2300000190734863,2.2300000190734863,2.2249999046325684,2.2249999046325684,5000.0
2026-04-28 14:52:00,QTWO.V,,2.765000104904175,2.765000104904175,2.765000104904175,2.765000104904175,100.0
2026-04-28 14:52:00,RDS.V,,1.0549999475479126,1.059999942779541,1.0499999523162842,1.0499999523162842,13600.0
2026-04-28 14:52:00,RECO.V,,1.2100000381469727,1.2100000381469727,1.2100000381469727,1.2100000381469727,200.0
2026-04-28 14:52:00,SCOT.V,,2.190000057220459,2.2200000286102295,2.190000057220459,2.2200000286102295,300.0
2026-04-28 14:52:00,SCZ.V,,10.760000228881836,10.770000457763672,10.760000228881836,10.770000457763672,500.0
2026-04-28 14:52:00,SHL.V,,0.48500001430511475,0.48500001430511475,0.48500001430511475,0.48500001430511475,500.0
2026-04-28 14:52:00,SVE.V,,0.47999998927116394,0.47999998927116394,0.47999998927116394,0.47999998927116394,500.0
2026-04-28 14:53:00,MMY.V,,0.8399999737739563,0.8399999737739563,0.8399999737739563,0.8399999737739563,520.0
2026-04-28 14:53:00,NCX.V,,3.075000047683716,3.075000047683716,3.075000047683716,3.075000047683716,100.0
2026-04-28 14:53:00,NFG.V,,2.6700000762939453,2.6700000762939453,2.6700000762939453,2.6700000762939453,200.0
2026-04-28 14:53:00,NIM.V,,0.7799999713897705,0.7799999713897705,0.7799999713897705,0.7799999713897705,500.0
2026-04-28 14:53:00,OCO.V,,0.38999998569488525,0.38999998569488525,0.38999998569488525,0.38999998569488525,500.0
2026-04-28 14:53:00,OMG.V,,2.234999895095825,2.234999895095825,2.234999895095825,2.234999895095825,3200.0
2026-04-28 14:53:00,ONYX.V,,1.25,1.25,1.25,1.25,400.0
2026-04-28 14:53:00,QTWO.V,,2.765000104904175,2.765000104904175,2.765000104904175,2.765000104904175,100.0
2026-04-28 14:53:00,RECO.V,,1.2100000381469727,1.2100000381469727,1.2100000381469727,1.2100000381469727,200.0
2026-04-28 14:53:00,SVRS.V,,0.44999998807907104,0.44999998807907104,0.44999998807907104,0.44999998807907104,63000.0
2026-04-28 14:54:00,MGG.V,,0.3400000035762787,0.3400000035762787,0.3400000035762787,0.3400000035762787,1900.0
2026-04-28 14:54:00,MMY.V,,0.8199999928474426,0.8199999928474426,0.8199999928474426,0.8199999928474426,2500.0
2026-04-28 14:54:00,NBM.V,,0.5099999904632568,0.5099999904632568,0.5099999904632568,0.5099999904632568,10000.0
2026-04-28 14:54:00,NCX.V,,3.0799999237060547,3.0799999237060547,3.0799999237060547,3.0799999237060547,900.0
2026-04-28 14:54:00,NFG.V,,2.6700000762939453,2.6700000762939453,2.6700000762939453,2.6700000762939453,100.0
2026-04-28 14:54:00,OCO.V,,0.38499999046325684,0.38499999046325684,0.38499999046325684,0.38499999046325684,5000.0
2026-04-28 14:54:00,OMG.V,,2.240000009536743,2.240000009536743,2.234999895095825,2.234999895095825,4600.0
2026-04-28 14:54:00,ONYX.V,,1.25,1.25,1.25,1.25,800.0
2026-04-28 14:54:00,RECO.V,,1.2100000381469727,1.2100000381469727,1.2100000381469727,1.2100000381469727,100.0
2026-04-28 14:54:00,SAWC-P.V,,0.02500000037252903,0.02500000037252903,0.02500000037252903,0.02500000037252903,0.0
2026-04-28 14:54:00,SCZ.V,,10.800000190734863,10.800000190734863,10.800000190734863,10.800000190734863,205.0
2026-04-28 14:54:00,SOMA.V,,1.3200000524520874,1.3200000524520874,1.3200000524520874,1.3200000524520874,100.0
2026-04-28 14:55:00,ODV.V,,4.210000038146973,4.210000038146973,4.210000038146973,4.210000038146973,200.0
2026-04-28 14:55:00,OMG.V,,2.2300000190734863,2.2300000190734863,2.2300000190734863,2.2300000190734863,6600.0
2026-04-28 14:55:00,PLSR.V,,1.690000057220459,1.690000057220459,1.6799999475479126,1.6799999475479126,3700.0
2026-04-28 14:55:00,QTWO.V,,2.765000104904175,2.765000104904175,2.765000104904175,2.765000104904175,100.0
2026-04-28 14:55:00,ROCK.V,,3.1600000858306885,3.1600000858306885,3.1600000858306885,3.1600000858306885,200.0
2026-04-28 14:55:00,SAWC-P.V,,0.02500000037252903,0.02500000037252903,0.02500000037252903,0.02500000037252903,15000.0
2026-04-28 14:55:00,SVE.V,,0.4749999940395355,0.4749999940395355,0.4749999940395355,0.4749999940395355,500.0
2026-04-28 14:56:00,NFG.V,,2.6700000762939453,2.6700000762939453,2.6700000762939453,2.6700000762939453,100.0
2026-04-28 14:56:00,OMG.V,,2.2300000190734863,2.2300000190734863,2.2300000190734863,2.2300000190734863,1800.0
2026-04-28 14:56:00,PGE.V,,0.32499998807907104,0.32499998807907104,0.32499998807907104,0.32499998807907104,1000.0
2026-04-28 14:56:00,PML.V,,1.0,1.0,1.0,1.0,300.0
2026-04-28 14:56:00,QTWO.V,,2.765000104904175,2.765000104904175,2.759999990463257,2.765000104904175,1500.0
2026-04-28 14:56:00,RECO.V,,1.2100000381469727,1.2100000381469727,1.2100000381469727,1.2100000381469727,200.0
2026-04-28 14:56:00,SCD.V,,0.1550000011920929,0.1550000011920929,0.1550000011920929,0.1550000011920929,1000.0
2026-04-28 14:56:00,SCZ.V,,10.800000190734863,10.800000190734863,10.770000457763672,10.770000457763672,300.0
2026-04-28 14:56:00,SPA.V,,0.3050000071525574,0.3050000071525574,0.3050000071525574,0.3050000071525574,2000.0
2026-04-28 14:57:00,MMY.V,,0.8399999737739563,0.8399999737739563,0.8399999737739563,0.8399999737739563,500.0
2026-04-28 14:57:00,NCAU.V,,0.5799999833106995,0.5799999833106995,0.5799999833106995,0.5799999833106995,12701.0
2026-04-28 14:57:00,NCX.V,,3.069999933242798,3.069999933242798,3.069999933242798,3.069999933242798,100.0
2026-04-28 14:57:00,NFG.V,,2.6700000762939453,2.6700000762939453,2.6700000762939453,2.6700000762939453,200.0
2026-04-28 14:57:00,PML.V,,1.0,1.0,1.0,1.0,500.0
2026-04-28 14:57:00,PUMA.V,,0.13500000536441803,0.13500000536441803,0.13500000536441803,0.13500000536441803,21000.0
2026-04-28 14:57:00,RDS.V,,1.0499999523162842,1.0499999523162842,1.0499999523162842,1.0499999523162842,200.0
2026-04-28 14:57:00,RECO.V,,1.2100000381469727,1.2100000381469727,1.2100000381469727,1.2100000381469727,4300.0
2026-04-28 14:57:00,RYO.V,,0.38499999046325684,0.38499999046325684,0.38499999046325684,0.38499999046325684,1000.0
2026-04-28 14:57:00,SCZ.V,,10.8100004196167,10.8100004196167,10.8100004196167,10.8100004196167,500.0
2026-04-28 14:57:00,SGML.V,,27.989999771118164,27.989999771118164,27.989999771118164,27.989999771118164,200.0
2026-04-28 14:57:00,SPC.V,,0.054999999701976776,0.054999999701976776,0.054999999701976776,0.054999999701976776,68000.0
2026-04-28 14:58:00,NCX.V,,3.069999933242798,3.069999933242798,3.069999933242798,3.069999933242798,100.0
2026-04-28 14:58:00,NFG.V,,2.6700000762939453,2.6700000762939453,2.6700000762939453,2.6700000762939453,200.0
2026-04-28 14:58:00,OMG.V,,2.2300000190734863,2.2300000190734863,2.2300000190734863,2.2300000190734863,3000.0
2026-04-28 14:58:00,PML.V,,1.0,1.0,1.0,1.0,600.0
2026-04-28 14:58:00,QTWO.V,,2.7699999809265137,2.7699999809265137,2.765000104904175,2.765000104904175,2300.0
2026-04-28 14:58:00,RDS.V,,1.0549999475479126,1.0549999475479126,1.0549999475479126,1.0549999475479126,1000.0
2026-04-28 14:58:00,RECO.V,,1.2100000381469727,1.2100000381469727,1.2100000381469727,1.2100000381469727,100.0
2026-04-28 14:58:00,SCZ.V,,10.779999732971191,10.779999732971191,10.779999732971191,10.779999732971191,500.0
2026-04-28 14:58:00,SGN.V,,0.3400000035762787,0.3400000035762787,0.3400000035762787,0.3400000035762787,1000.0
2026-04-28 14:58:00,SLI.V,,5.159999847412109,5.159999847412109,5.159999847412109,5.159999847412109,100.0
2026-04-28 14:58:00,SM.V,,1.6699999570846558,1.6699999570846558,1.6699999570846558,1.6699999570846558,5900.0
2026-04-28 14:58:00,SVRS.V,,0.45500001311302185,0.45500001311302185,0.44999998807907104,0.44999998807907104,53000.0
2026-04-28 14:59:00,NCX.V,,3.069999933242798,3.069999933242798,3.069999933242798,3.069999933242798,100.0
2026-04-28 14:59:00,ODV.V,,4.199999809265137,4.199999809265137,4.199999809265137,4.199999809265137,100.0
2026-04-28 14:59:00,OMG.V,,2.2300000190734863,2.2300000190734863,2.2300000190734863,2.2300000190734863,1600.0
2026-04-28 14:59:00,PML.V,,1.0,1.0,1.0,1.0,400.0
2026-04-28 14:59:00,RECO.V,,1.2100000381469727,1.2100000381469727,1.2100000381469727,1.2100000381469727,200.0
2026-04-28 14:59:00,SCZ.V,,10.800000190734863,10.8100004196167,10.800000190734863,10.8100004196167,300.0
2026-04-28 15:00:00,MMY.V,,0.8399999737739563,0.8399999737739563,0.8399999737739563,0.8399999737739563,500.0
2026-04-28 15:00:00,NCAU.V,,0.5799999833106995,0.5799999833106995,0.5799999833106995,0.5799999833106995,28500.0
2026-04-28 15:00:00,NCX.V,,3.0799999237060547,3.0799999237060547,3.0799999237060547,3.0799999237060547,600.0
2026-04-28 15:00:00,NFG.V,,2.6700000762939453,2.6700000762939453,2.6700000762939453,2.6700000762939453,100.0
2026-04-28 15:00:00,OMG.V,,2.234999895095825,2.234999895095825,2.2300000190734863,2.2300000190734863,3900.0
2026-04-28 15:00:00,PML.V,,1.0,1.0,1.0,1.0,500.0
2026-04-28 15:00:00,RECO.V,,1.2100000381469727,1.2100000381469727,1.2100000381469727,1.2100000381469727,100.0
2026-04-28 15:00:00,SHL.V,,0.48500001430511475,0.48500001430511475,0.48500001430511475,0.48500001430511475,500.0
2026-04-28 15:00:00,SOMA.V,,1.3200000524520874,1.3200000524520874,1.3200000524520874,1.3200000524520874,100.0
2026-04-28 15:00:00,SVRS.V,,0.45500001311302185,0.45500001311302185,0.45500001311302185,0.45500001311302185,500.0
2026-04-28 15:01:00,NCX.V,,3.0799999237060547,3.0799999237060547,3.0799999237060547,3.0799999237060547,200.0
2026-04-28 15:01:00,NIM.V,,0.7799999713897705,0.7799999713897705,0.7799999713897705,0.7799999713897705,500.0
2026-04-28 15:01:00,NIO.V,,0.22499999403953552,0.22499999403953552,0.22499999403953552,0.22499999403953552,4000.0
2026-04-28 15:01:00,OMG.V,,2.234999895095825,2.234999895095825,2.2300000190734863,2.2300000190734863,1100.0
2026-04-28 15:01:00,ONYX.V,,1.25,1.25,1.25,1.25,800.0
2026-04-28 15:01:00,PGDC.V,,0.8100000023841858,0.8100000023841858,0.8100000023841858,0.8100000023841858,1500.0
2026-04-28 15:01:00,PML.V,,1.0,1.0,1.0,1.0,400.0
2026-04-28 15:01:00,RDS.V,,1.0499999523162842,1.0499999523162842,1.0499999523162842,1.0499999523162842,200.0
2026-04-28 15:01:00,RECO.V,,1.2100000381469727,1.2100000381469727,1.2100000381469727,1.2100000381469727,200.0
2026-04-28 15:01:00,ROCK.V,,3.1700000762939453,3.1700000762939453,3.1600000858306885,3.1600000858306885,1700.0
2026-04-28 15:01:00,SCZ.V,,10.770000457763672,10.770000457763672,10.770000457763672,10.770000457763672,235.0
2026-04-28 15:02:00,MMY.V,,0.8299999833106995,0.8299999833106995,0.8299999833106995,0.8299999833106995,500.0
2026-04-28 15:02:00,NBM.V,,0.5099999904632568,0.5099999904632568,0.5099999904632568,0.5099999904632568,7000.0
2026-04-28 15:02:00,NFG.V,,2.6700000762939453,2.6700000762939453,2.6700000762939453,2.6700000762939453,100.0
2026-04-28 15:02:00,ODV.V,,4.190000057220459,4.190000057220459,4.190000057220459,4.190000057220459,100.0
2026-04-28 15:02:00,OMG.V,,2.2300000190734863,2.234999895095825,2.2249999046325684,2.234999895095825,6600.0
2026-04-28 15:02:00,PML.V,,1.0,1.0,1.0,1.0,500.0
2026-04-28 15:02:00,RDS.V,,1.0499999523162842,1.0499999523162842,1.0499999523162842,1.0499999523162842,100.0
2026-04-28 15:02:00,RECO.V,,1.2100000381469727,1.2100000381469727,1.2100000381469727,1.2100000381469727,100.0
2026-04-28 15:02:00,SCZ.V,,10.760000228881836,10.760000228881836,10.760000228881836,10.760000228881836,185.0
2026-04-28 15:02:00,SGML.V,,28.229999542236328,28.239999771118164,28.229999542236328,28.239999771118164,335.0
2026-04-28 15:02:00,SM.V,,1.659999966621399,1.6699999570846558,1.659999966621399,1.6699999570846558,1900.0
2026-04-28 15:03:00,MMY.V,,0.8349999785423279,0.8349999785423279,0.8349999785423279,0.8349999785423279,500.0
2026-04-28 15:03:00,NBLC.V,,0.03999999910593033,0.03999999910593033,0.03999999910593033,0.03999999910593033,84000.0
2026-04-28 15:03:00,OMG.V,,2.2300000190734863,2.2300000190734863,2.2249999046325684,2.2249999046325684,4100.0
2026-04-28 15:03:00,PGE.V,,0.3199999928474426,0.3199999928474426,0.3199999928474426,0.3199999928474426,6500.0
2026-04-28 15:03:00,PML.V,,1.0,1.0,1.0,1.0,400.0
2026-04-28 15:03:00,QTWO.V,,2.7750000953674316,2.7750000953674316,2.7750000953674316,2.7750000953674316,400.0
2026-04-28 15:03:00,RDS.V,,1.0499999523162842,1.0499999523162842,1.0499999523162842,1.0499999523162842,200.0
2026-04-28 15:03:00,RECO.V,,1.2100000381469727,1.2100000381469727,1.2100000381469727,1.2100000381469727,100.0
2026-04-28 15:03:00,RZL.V,,0.44999998807907104,0.4699999988079071,0.44999998807907104,0.4699999988079071,16000.0
2026-04-28 15:03:00,SLI.V,,5.130000114440918,5.150000095367432,5.130000114440918,5.150000095367432,17800.0
2026-04-28 15:04:00,FISH.V,,3.75,3.75,3.75,3.75,900.0
2026-04-28 15:04:00,NCX.V,,3.0899999141693115,3.0999999046325684,3.0799999237060547,3.0799999237060547,4000.0
2026-04-28 15:04:00,NFG.V,,2.6700000762939453,2.6700000762939453,2.6700000762939453,2.6700000762939453,100.0
2026-04-28 15:04:00,ODV.V,,4.199999809265137,4.199999809265137,4.199999809265137,4.199999809265137,700.0
2026-04-28 15:04:00,OMG.V,,2.2300000190734863,2.2300000190734863,2.2249999046325684,2.2300000190734863,10400.0
2026-04-28 15:04:00,PML.V,,1.0,1.0,1.0,1.0,300.0
2026-04-28 15:04:00,QTWO.V,,2.7750000953674316,2.7750000953674316,2.7750000953674316,2.7750000953674316,200.0
2026-04-28 15:04:00,QZM.V,,0.699999988079071,0.699999988079071,0.699999988079071,0.699999988079071,1500.0
2026-04-28 15:04:00,RDS.V,,1.059999942779541,1.059999942779541,1.0499999523162842,1.0499999523162842,4400.0
2026-04-28 15:04:00,RECO.V,,1.2100000381469727,1.2100000381469727,1.2100000381469727,1.2100000381469727,10300.0
2026-04-28 15:04:00,SCOT.V,,2.2100000381469727,2.2100000381469727,2.2100000381469727,2.2100000381469727,100.0
2026-04-28 15:04:00,SGN.V,,0.3400000035762787,0.3400000035762787,0.3400000035762787,0.3400000035762787,500.0
2026-04-28 15:04:00,SLI.V,,5.130000114440918,5.130000114440918,5.130000114440918,5.130000114440918,100.0
2026-04-28 15:05:00,OMG.V,,2.2300000190734863,2.2300000190734863,2.2249999046325684,2.2300000190734863,5600.0
2026-04-28 15:05:00,PGE.V,,0.3199999928474426,0.3199999928474426,0.3199999928474426,0.3199999928474426,500.0
2026-04-28 15:05:00,PLSR.V,,1.690000057220459,1.690000057220459,1.690000057220459,1.690000057220459,100.0
2026-04-28 15:05:00,PML.V,,1.0099999904632568,1.0099999904632568,1.0,1.0,1800.0
2026-04-28 15:05:00,RECO.V,,1.2100000381469727,1.2100000381469727,1.2100000381469727,1.2100000381469727,800.0
2026-04-28 15:05:00,RYO.V,,0.38499999046325684,0.38499999046325684,0.38499999046325684,0.38499999046325684,4500.0
2026-04-28 15:05:00,SCZ.V,,10.779999732971191,10.779999732971191,10.760000228881836,10.779999732971191,2100.0
2026-04-28 15:05:00,SLI.V,,5.130000114440918,5.130000114440918,5.130000114440918,5.130000114440918,100.0
2026-04-28 15:05:00,SOMA.V,,1.3200000524520874,1.3200000524520874,1.3200000524520874,1.3200000524520874,100.0
2026-04-28 15:06:00,MGG.V,,0.3449999988079071,0.3449999988079071,0.3449999988079071,0.3449999988079071,500.0
2026-04-28 15:06:00,NCX.V,,3.0999999046325684,3.0999999046325684,3.0999999046325684,3.0999999046325684,1000.0
2026-04-28 15:06:00,NFG.V,,2.680000066757202,2.680000066757202,2.680000066757202,2.680000066757202,3300.0
2026-04-28 15:06:00,NKL.V,,1.149999976158142,1.190000057220459,1.149999976158142,1.190000057220459,26100.0
2026-04-28 15:06:00,NOB.V,,0.09000000357627869,0.09000000357627869,0.09000000357627869,0.09000000357627869,51000.0
2026-04-28 15:06:00,ODV.V,,4.210000038146973,4.210000038146973,4.210000038146973,4.210000038146973,200.0
2026-04-28 15:06:00,OMG.V,,2.2300000190734863,2.2300000190734863,2.2300000190734863,2.2300000190734863,100.0
2026-04-28 15:06:00,QTWO.V,,2.7799999713897705,2.7799999713897705,2.7799999713897705,2.7799999713897705,800.0
2026-04-28 15:06:00,RECO.V,,1.2100000381469727,1.2100000381469727,1.2100000381469727,1.2100000381469727,200.0
2026-04-28 15:06:00,SCZ.V,,10.819999694824219,10.819999694824219,10.800000190734863,10.800000190734863,200.0
2026-04-28 15:06:00,SLI.V,,5.119999885559082,5.130000114440918,5.119999885559082,5.130000114440918,500.0
2026-04-28 15:06:00,VIPR.V,,0.8600000143051147,0.8600000143051147,0.8600000143051147,0.8600000143051147,500.0
2026-04-28 15:07:00,MMY.V,,0.8349999785423279,0.8349999785423279,0.8349999785423279,0.8349999785423279,500.0
2026-04-28 15:07:00,NCX.V,,3.0999999046325684,3.1050000190734863,3.0999999046325684,3.1050000190734863,2500.0
2026-04-28 15:07:00,NIM.V,,0.800000011920929,0.800000011920929,0.7799999713897705,0.7799999713897705,4000.0
2026-04-28 15:07:00,NKL.V,,1.1100000143051147,1.159999966621399,1.1100000143051147,1.159999966621399,18800.0
2026-04-28 15:07:00,OMG.V,,2.240000009536743,2.240000009536743,2.240000009536743,2.240000009536743,8100.0
2026-04-28 15:07:00,PLSR.V,,1.6799999475479126,1.690000057220459,1.6799999475479126,1.6799999475479126,10800.0
2026-04-28 15:07:00,RDS.V,,1.0549999475479126,1.0549999475479126,1.0549999475479126,1.0549999475479126,100.0
2026-04-28 15:07:00,RECO.V,,1.2100000381469727,1.2100000381469727,1.2100000381469727,1.2100000381469727,200.0
2026-04-28 15:07:00,SGML.V,,28.25,28.25,28.25,28.25,300.0
2026-04-28 15:07:00,SHL.V,,0.49000000953674316,0.49000000953674316,0.49000000953674316,0.49000000953674316,500.0
2026-04-28 15:07:00,SSV.V,,0.4950000047683716,0.5,0.4950000047683716,0.4950000047683716,70000.0
2026-04-28 15:07:00,SYH.V,,0.4950000047683716,0.4950000047683716,0.4950000047683716,0.4950000047683716,15500.0
2026-04-28 15:08:00,MKA.V,,0.8500000238418579,0.8500000238418579,0.8500000238418579,0.8500000238418579,2000.0
2026-04-28 15:08:00,NFG.V,,2.680000066757202,2.680000066757202,2.680000066757202,2.680000066757202,1700.0
2026-04-28 15:08:00,NXLV.V,,2.0399999618530273,2.0399999618530273,2.0399999618530273,2.0399999618530273,500.0
2026-04-28 15:08:00,OMG.V,,2.240000009536743,2.240000009536743,2.240000009536743,2.240000009536743,2800.0
2026-04-28 15:08:00,PGE.V,,0.32499998807907104,0.32499998807907104,0.32499998807907104,0.32499998807907104,1000.0
2026-04-28 15:08:00,PRG.V,,0.75,0.75,0.75,0.75,22580.0
2026-04-28 15:08:00,RDS.V,,1.0549999475479126,1.0549999475479126,1.0549999475479126,1.0549999475479126,200.0
2026-04-28 15:08:00,SCOT.V,,2.2100000381469727,2.2100000381469727,2.2100000381469727,2.2100000381469727,2100.0
2026-04-28 15:08:00,SCZ.V,,10.819999694824219,10.819999694824219,10.800000190734863,10.800000190734863,4088.0
2026-04-28 15:08:00,SPX.V,,0.0949999988079071,0.0949999988079071,0.0949999988079071,0.0949999988079071,5000.0
2026-04-28 15:08:00,SSV.V,,0.5,0.5,0.5,0.5,500.0
2026-04-28 15:08:00,SVE.V,,0.47999998927116394,0.47999998927116394,0.47999998927116394,0.47999998927116394,500.0
2026-04-28 15:08:00,SVRS.V,,0.45500001311302185,0.45750001072883606,0.45500001311302185,0.45500001311302185,30500.0
2026-04-28 15:09:00,MAPS.V,,0.14000000059604645,0.14000000059604645,0.14000000059604645,0.14000000059604645,45000.0
2026-04-28 15:09:00,MNRG.V,,0.0949999988079071,0.0949999988079071,0.0949999988079071,0.0949999988079071,13000.0
2026-04-28 15:09:00,NCX.V,,3.0999999046325684,3.0999999046325684,3.0999999046325684,3.0999999046325684,300.0
2026-04-28 15:09:00,OGN.V,,3.700000047683716,3.700000047683716,3.700000047683716,3.700000047683716,1300.0
2026-04-28 15:09:00,OMG.V,,2.240000009536743,2.240000009536743,2.234999895095825,2.240000009536743,9974.0
2026-04-28 15:09:00,ONYX.V,,1.25,1.25,1.25,1.25,500.0
2026-04-28 15:09:00,PML.V,,1.0,1.0,1.0,1.0,100.0
2026-04-28 15:09:00,RDS.V,,1.0549999475479126,1.0549999475479126,1.0499999523162842,1.0499999523162842,300.0
2026-04-28 15:09:00,SAGE.V,,0.17000000178813934,0.17000000178813934,0.17000000178813934,0.17000000178813934,11000.0
2026-04-28 15:09:00,SCZ.V,,10.819999694824219,10.819999694824219,10.819999694824219,10.819999694824219,400.0
2026-04-28 15:09:00,SGML.V,,28.190000534057617,28.190000534057617,28.190000534057617,28.190000534057617,300.0
2026-04-28 15:09:00,SGN.V,,0.3375000059604645,0.3400000035762787,0.3375000059604645,0.3400000035762787,48000.0
2026-04-28 15:10:00,MAPS.V,,0.14000000059604645,0.14000000059604645,0.14000000059604645,0.14000000059604645,7500.0
2026-04-28 15:10:00,NCX.V,,3.0999999046325684,3.0999999046325684,3.0999999046325684,3.0999999046325684,100.0
2026-04-28 15:10:00,PGE.V,,0.32499998807907104,0.32499998807907104,0.32499998807907104,0.32499998807907104,500.0
2026-04-28 15:10:00,PML.V,,1.0,1.0,1.0,1.0,300.0
2026-04-28 15:10:00,QTWO.V,,2.7750000953674316,2.7750000953674316,2.7750000953674316,2.7750000953674316,100.0
2026-04-28 15:10:00,RDS.V,,1.0549999475479126,1.0549999475479126,1.0549999475479126,1.0549999475479126,200.0
2026-04-28 15:10:00,RET-A.V,,2.0,2.0,2.0,2.0,200.0
2026-04-28 15:10:00,SCOT.V,,2.2100000381469727,2.2100000381469727,2.2100000381469727,2.2100000381469727,100.0
2026-04-28 15:10:00,SOMA.V,,1.3200000524520874,1.3200000524520874,1.3200000524520874,1.3200000524520874,100.0
2026-04-28 15:11:00,NCX.V,,3.0999999046325684,3.0999999046325684,3.0999999046325684,3.0999999046325684,400.0
2026-04-28 15:11:00,NFG.V,,2.6700000762939453,2.6700000762939453,2.6700000762939453,2.6700000762939453,300.0
2026-04-28 15:11:00,OMG.V,,2.240000009536743,2.240000009536743,2.234999895095825,2.234999895095825,2000.0
2026-04-28 15:11:00,PGDC.V,,0.800000011920929,0.800000011920929,0.800000011920929,0.800000011920929,1500.0
2026-04-28 15:11:00,PGLD.V,,0.7099999785423279,0.7099999785423279,0.7099999785423279,0.7099999785423279,1500.0
2026-04-28 15:11:00,PLY.V,,0.06499999761581421,0.06499999761581421,0.06499999761581421,0.06499999761581421,1000.0
2026-04-28 15:11:00,PML.V,,1.0,1.0,1.0,1.0,300.0
2026-04-28 15:11:00,QTWO.V,,2.7750000953674316,2.7750000953674316,2.7750000953674316,2.7750000953674316,100.0
2026-04-28 15:11:00,RDS.V,,1.0549999475479126,1.059999942779541,1.0549999475479126,1.059999942779541,800.0
2026-04-28 15:11:00,RECO.V,,1.2100000381469727,1.2100000381469727,1.2100000381469727,1.2100000381469727,200.0
2026-04-28 15:11:00,RVG.V,,0.7900000214576721,0.7900000214576721,0.7900000214576721,0.7900000214576721,3000.0
2026-04-28 15:11:00,SGML.V,,28.149999618530273,28.149999618530273,28.149999618530273,28.149999618530273,700.0
2026-04-28 15:11:00,SLI.V,,5.130000114440918,5.130000114440918,5.130000114440918,5.130000114440918,100.0
2026-04-28 15:11:00,SVE.V,,0.47999998927116394,0.47999998927116394,0.47999998927116394,0.47999998927116394,500.0
2026-04-28 15:11:00,SVRS.V,,0.45500001311302185,0.45750001072883606,0.45500001311302185,0.45750001072883606,7000.0
2026-04-28 15:12:00,NCX.V,,3.109999895095825,3.109999895095825,3.0999999046325684,3.0999999046325684,2100.0
2026-04-28 15:12:00,OPW.V,,0.14499999582767487,0.14499999582767487,0.14499999582767487,0.14499999582767487,10000.0
2026-04-28 15:12:00,PML.V,,1.0,1.0,1.0,1.0,200.0
2026-04-28 15:12:00,RDS.V,,1.059999942779541,1.059999942779541,1.0499999523162842,1.0499999523162842,3200.0
2026-04-28 15:12:00,RECO.V,,1.2100000381469727,1.2100000381469727,1.2100000381469727,1.2100000381469727,2400.0
2026-04-28 15:12:00,ROK.V,,0.27000001072883606,0.27000001072883606,0.27000001072883606,0.27000001072883606,5000.0
2026-04-28 15:12:00,SCZ.V,,10.770000457763672,10.770000457763672,10.770000457763672,10.770000457763672,200.0
2026-04-28 15:12:00,SRR.V,,0.9800000190734863,0.9800000190734863,0.9800000190734863,0.9800000190734863,16500.0
2026-04-28 15:13:00,NCI.V,,0.9900000095367432,0.9900000095367432,0.9900000095367432,0.9900000095367432,100.0
2026-04-28 15:13:00,ONYX.V,,1.25,1.25,1.25,1.25,1000.0
2026-04-28 15:13:00,PML.V,,1.0,1.0,1.0,1.0,400.0
2026-04-28 15:13:00,QTWO.V,,2.7750000953674316,2.7750000953674316,2.7750000953674316,2.7750000953674316,100.0
2026-04-28 15:13:00,RDS.V,,1.0700000524520874,1.0800000429153442,1.059999942779541,1.059999942779541,34725.0
2026-04-28 15:13:00,RECO.V,,1.2100000381469727,1.2100000381469727,1.2100000381469727,1.2100000381469727,300.0
2026-04-28 15:13:00,ROK.V,,0.27000001072883606,0.27000001072883606,0.27000001072883606,0.27000001072883606,5000.0
2026-04-28 15:13:00,SCZ.V,,10.789999961853027,10.789999961853027,10.789999961853027,10.789999961853027,100.0
2026-04-28 15:14:00,MUN.V,,0.41999998688697815,0.4300000071525574,0.41999998688697815,0.4300000071525574,11000.0
2026-04-28 15:14:00,NFG.V,,2.674999952316284,2.674999952316284,2.674999952316284,2.674999952316284,100.0
2026-04-28 15:14:00,OMG.V,,2.2300000190734863,2.2300000190734863,2.2300000190734863,2.2300000190734863,1600.0
2026-04-28 15:14:00,PGE.V,,0.32499998807907104,0.32499998807907104,0.32499998807907104,0.32499998807907104,4500.0
2026-04-28 15:14:00,PML.V,,1.0,1.0,1.0,1.0,200.0
2026-04-28 15:14:00,QTWO.V,,2.7750000953674316,2.7750000953674316,2.7750000953674316,2.7750000953674316,200.0
2026-04-28 15:14:00,RDS.V,,1.0700000524520874,1.0700000524520874,1.0700000524520874,1.0700000524520874,1600.0
2026-04-28 15:14:00,RECO.V,,1.2100000381469727,1.2100000381469727,1.2100000381469727,1.2100000381469727,500.0
2026-04-28 15:14:00,ROCK.V,,3.1600000858306885,3.1700000762939453,3.1600000858306885,3.1700000762939453,1400.0
2026-04-28 15:14:00,ROK.V,,0.27000001072883606,0.27000001072883606,0.27000001072883606,0.27000001072883606,9000.0
2026-04-28 15:14:00,SCOT.V,,2.2100000381469727,2.2100000381469727,2.2100000381469727,2.2100000381469727,100.0
2026-04-28 15:14:00,SCZ.V,,10.770000457763672,10.800000190734863,10.770000457763672,10.779999732971191,1000.0
2026-04-28 15:14:00,SGML.V,,28.110000610351562,28.110000610351562,28.110000610351562,28.110000610351562,100.0
2026-04-28 15:14:00,SOMA.V,,1.3200000524520874,1.3200000524520874,1.3200000524520874,1.3200000524520874,100.0
2026-04-28 15:14:00,SVE.V,,0.47999998927116394,0.47999998927116394,0.47999998927116394,0.47999998927116394,500.0
2026-04-28 15:15:00,NCX.V,,3.0999999046325684,3.0999999046325684,3.0999999046325684,3.0999999046325684,100.0
2026-04-28 15:15:00,NFG.V,,2.6649999618530273,2.6700000762939453,2.6649999618530273,2.6700000762939453,1000.0
2026-04-28 15:15:00,ODV.V,,4.199999809265137,4.199999809265137,4.199999809265137,4.199999809265137,100.0
2026-04-28 15:15:00,OMG.V,,2.2300000190734863,2.2300000190734863,2.2249999046325684,2.2300000190734863,8000.0
2026-04-28 15:15:00,ONYX.V,,1.25,1.25,1.25,1.25,1000.0
2026-04-28 15:15:00,PGE.V,,0.3199999928474426,0.3199999928474426,0.3199999928474426,0.3199999928474426,2488.0
2026-04-28 15:15:00,PGLD.V,,0.7049999833106995,0.7049999833106995,0.7049999833106995,0.7049999833106995,1500.0
2026-04-28 15:15:00,PML.V,,1.0,1.0,1.0,1.0,200.0
2026-04-28 15:15:00,PRG.V,,0.75,0.75,0.75,0.75,500.0
2026-04-28 15:15:00,RDS.V,,1.0700000524520874,1.0700000524520874,1.0700000524520874,1.0700000524520874,100.0
2026-04-28 15:15:00,RECO.V,,1.2100000381469727,1.2100000381469727,1.2100000381469727,1.2100000381469727,500.0
2026-04-28 15:15:00,SCZ.V,,10.770000457763672,10.770000457763672,10.770000457763672,10.770000457763672,100.0
2026-04-28 15:15:00,SHL.V,,0.49000000953674316,0.49000000953674316,0.49000000953674316,0.49000000953674316,500.0
2026-04-28 15:15:00,SLI.V,,5.119999885559082,5.119999885559082,5.119999885559082,5.119999885559082,200.0
2026-04-28 15:15:00,SSV.V,,0.5,0.5,0.5,0.5,3500.0
2026-04-28 15:16:00,MGG.V,,0.3425000011920929,0.3425000011920929,0.3425000011920929,0.3425000011920929,500.0
2026-04-28 15:16:00,NFG.V,,2.6700000762939453,2.6700000762939453,2.6700000762939453,2.6700000762939453,100.0
2026-04-28 15:16:00,NIM.V,,0.800000011920929,0.800000011920929,0.800000011920929,0.800000011920929,18000.0
2026-04-28 15:16:00,ODV.V,,4.199999809265137,4.199999809265137,4.199999809265137,4.199999809265137,500.0
2026-04-28 15:16:00,OMG.V,,2.2300000190734863,2.2300000190734863,2.2249999046325684,2.2249999046325684,8000.0
2026-04-28 15:16:00,OMI.V,,0.35499998927116394,0.35499998927116394,0.35499998927116394,0.35499998927116394,620.0
2026-04-28 15:16:00,PGLD.V,,0.7099999785423279,0.7099999785423279,0.7049999833106995,0.7049999833106995,15000.0
2026-04-28 15:16:00,PML.V,,1.0,1.0,1.0,1.0,300.0
2026-04-28 15:16:00,QGR.V,,0.2849999964237213,0.2849999964237213,0.2849999964237213,0.2849999964237213,15000.0
2026-04-28 15:16:00,QTWO.V,,2.7699999809265137,2.7750000953674316,2.7699999809265137,2.7750000953674316,200.0
2026-04-28 15:16:00,RDS.V,,1.0700000524520874,1.0700000524520874,1.0700000524520874,1.0700000524520874,400.0
2026-04-28 15:16:00,RECO.V,,1.2100000381469727,1.2100000381469727,1.2100000381469727,1.2100000381469727,400.0
2026-04-28 15:16:00,SCZ.V,,10.789999961853027,10.789999961853027,10.789999961853027,10.789999961853027,300.0
2026-04-28 15:16:00,SGML.V,,28.1299991607666,28.1299991607666,28.1299991607666,28.1299991607666,100.0
2026-04-28 15:16:00,SGN.V,,0.33500000834465027,0.33500000834465027,0.33500000834465027,0.33500000834465027,500.0
2026-04-28 15:16:00,SLG.V,,3.200000047683716,3.200000047683716,3.200000047683716,3.200000047683716,100.0
2026-04-28 15:16:00,SR.V,,0.2800000011920929,0.2800000011920929,0.2800000011920929,0.2800000011920929,5000.0
2026-04-28 15:17:00,MGG.V,,0.3425000011920929,0.3425000011920929,0.3425000011920929,0.3425000011920929,500.0
2026-04-28 15:17:00,NCX.V,,3.0950000286102295,3.0950000286102295,3.0950000286102295,3.0950000286102295,100.0
2026-04-28 15:17:00,NFG.V,,2.6700000762939453,2.6700000762939453,2.6700000762939453,2.6700000762939453,100.0
2026-04-28 15:17:00,NIM.V,,0.800000011920929,0.800000011920929,0.800000011920929,0.800000011920929,8000.0
2026-04-28 15:17:00,OMG.V,,2.2300000190734863,2.2300000190734863,2.2249999046325684,2.2300000190734863,2700.0
2026-04-28 15:17:00,ONYX.V,,1.25,1.25,1.25,1.25,500.0
2026-04-28 15:17:00,PALI.V,,2.6700000762939453,2.6700000762939453,2.6700000762939453,2.6700000762939453,100.0
2026-04-28 15:17:00,PML.V,,1.0,1.0,1.0,1.0,200.0
2026-04-28 15:17:00,QGR.V,,0.2849999964237213,0.2849999964237213,0.2849999964237213,0.2849999964237213,24500.0
2026-04-28 15:17:00,RDS.V,,1.0700000524520874,1.0700000524520874,1.0700000524520874,1.0700000524520874,400.0
2026-04-28 15:17:00,RECO.V,,1.2100000381469727,1.2100000381469727,1.2100000381469727,1.2100000381469727,400.0
2026-04-28 15:17:00,RPX.V,,0.17000000178813934,0.17000000178813934,0.16750000417232513,0.16750000417232513,49000.0
2026-04-28 15:17:00,SAGE.V,,0.17000000178813934,0.17000000178813934,0.17000000178813934,0.17000000178813934,51000.0
2026-04-28 15:17:00,SSV.V,,0.5,0.5,0.5,0.5,40500.0
2026-04-28 15:18:00,NCX.V,,3.0899999141693115,3.0950000286102295,3.0899999141693115,3.0950000286102295,3200.0
2026-04-28 15:18:00,NEV.V,,0.019999999552965164,0.019999999552965164,0.019999999552965164,0.019999999552965164,15000.0
2026-04-28 15:18:00,NFG.V,,2.6700000762939453,2.6700000762939453,2.6700000762939453,2.6700000762939453,100.0
2026-04-28 15:18:00,OMG.V,,2.2300000190734863,2.2300000190734863,2.2300000190734863,2.2300000190734863,2000.0
2026-04-28 15:18:00,PML.V,,1.0,1.0,1.0,1.0,200.0
2026-04-28 15:18:00,PRG.V,,0.75,0.75,0.75,0.75,500.0
2026-04-28 15:18:00,QGR.V,,0.2849999964237213,0.2849999964237213,0.2849999964237213,0.2849999964237213,3500.0
2026-04-28 15:18:00,QTWO.V,,2.7750000953674316,2.7750000953674316,2.7699999809265137,2.7699999809265137,300.0
2026-04-28 15:18:00,QZM.V,,0.699999988079071,0.699999988079071,0.699999988079071,0.699999988079071,500.0
2026-04-28 15:18:00,RDS.V,,1.0700000524520874,1.0700000524520874,1.0700000524520874,1.0700000524520874,800.0
2026-04-28 15:18:00,RECO.V,,1.2100000381469727,1.2100000381469727,1.2100000381469727,1.2100000381469727,400.0
2026-04-28 15:18:00,RMB.V,,0.7599999904632568,0.7599999904632568,0.7599999904632568,0.7599999904632568,0.0
2026-04-28 15:18:00,SVE.V,,0.47999998927116394,0.47999998927116394,0.47999998927116394,0.47999998927116394,500.0
2026-04-28 15:18:00,SVRS.V,,0.44999998807907104,0.44999998807907104,0.44999998807907104,0.44999998807907104,1400.0
2026-04-28 15:19:00,NCX.V,,3.0799999237060547,3.0799999237060547,3.0799999237060547,3.0799999237060547,100.0
2026-04-28 15:19:00,NFG.V,,2.6700000762939453,2.6700000762939453,2.6700000762939453,2.6700000762939453,200.0
2026-04-28 15:19:00,OMI.V,,0.35499998927116394,0.35499998927116394,0.35499998927116394,0.35499998927116394,500.0
2026-04-28 15:19:00,PML.V,,1.0,1.0,1.0,1.0,100.0
2026-04-28 15:19:00,POR.V,,0.009999999776482582,0.009999999776482582,0.009999999776482582,0.009999999776482582,2000.0
2026-04-28 15:19:00,RAK.V,,0.15000000596046448,0.15000000596046448,0.15000000596046448,0.15000000596046448,7000.0
2026-04-28 15:19:00,RDS.V,,1.0700000524520874,1.0700000524520874,1.0700000524520874,1.0700000524520874,200.0
2026-04-28 15:19:00,SCZ.V,,10.760000228881836,10.770000457763672,10.760000228881836,10.760000228881836,700.0
2026-04-28 15:19:00,SM.V,,1.6699999570846558,1.6699999570846558,1.6699999570846558,1.6699999570846558,4520.0
2026-04-28 15:20:00,MKA.V,,0.8500000238418579,0.8500000238418579,0.8500000238418579,0.8500000238418579,1000.0
2026-04-28 15:20:00,NCX.V,,3.0799999237060547,3.0799999237060547,3.0799999237060547,3.0799999237060547,200.0
2026-04-28 15:20:00,ODV.V,,4.190000057220459,4.190000057220459,4.190000057220459,4.190000057220459,100.0
2026-04-28 15:20:00,OMG.V,,2.2249999046325684,2.2300000190734863,2.2249999046325684,2.2300000190734863,2100.0
2026-04-28 15:20:00,PGLD.V,,0.7049999833106995,0.7049999833106995,0.7049999833106995,0.7049999833106995,1000.0
2026-04-28 15:20:00,PML.V,,1.0,1.0,1.0,1.0,200.0
2026-04-28 15:20:00,QTWO.V,,2.7750000953674316,2.7750000953674316,2.7750000953674316,2.7750000953674316,300.0
2026-04-28 15:20:00,RDS.V,,1.059999942779541,1.0700000524520874,1.059999942779541,1.0700000524520874,22700.0
2026-04-28 15:20:00,RECO.V,,1.2100000381469727,1.2100000381469727,1.2100000381469727,1.2100000381469727,400.0
2026-04-28 15:20:00,SCZ.V,,10.800000190734863,10.800000190734863,10.774999618530273,10.774999618530273,2500.0
2026-04-28 15:20:00,SGML.V,,28.139999389648438,28.139999389648438,28.1299991607666,28.1299991607666,300.0
2026-04-28 15:20:00,SLG.V,,3.2200000286102295,3.2200000286102295,3.2200000286102295,3.2200000286102295,200.0
2026-04-28 15:20:00,SLI.V,,5.110000133514404,5.110000133514404,5.110000133514404,5.110000133514404,100.0
2026-04-28 15:20:00,SOMA.V,,1.3200000524520874,1.3200000524520874,1.3200000524520874,1.3200000524520874,100.0
2026-04-28 15:20:00,SYH.V,,0.49000000953674316,0.4925000071525574,0.49000000953674316,0.49000000953674316,16000.0
2026-04-28 15:21:00,NCX.V,,3.0899999141693115,3.0899999141693115,3.0799999237060547,3.0799999237060547,4900.0
2026-04-28 15:21:00,NFG.V,,2.6700000762939453,2.6700000762939453,2.6700000762939453,2.6700000762939453,1500.0
2026-04-28 15:21:00,OMG.V,,2.2300000190734863,2.2300000190734863,2.2300000190734863,2.2300000190734863,2400.0
2026-04-28 15:21:00,OMI.V,,0.35499998927116394,0.35499998927116394,0.35499998927116394,0.35499998927116394,500.0
2026-04-28 15:21:00,PGLD.V,,0.7099999785423279,0.7099999785423279,0.7099999785423279,0.7099999785423279,15500.0
2026-04-28 15:21:00,PML.V,,1.0,1.0,1.0,1.0,100.0
2026-04-28 15:21:00,QTWO.V,,2.7699999809265137,2.7699999809265137,2.7699999809265137,2.7699999809265137,100.0
2026-04-28 15:21:00,RECO.V,,1.2100000381469727,1.2100000381469727,1.2100000381469727,1.2100000381469727,600.0
2026-04-28 15:21:00,ROI.V,,0.0949999988079071,0.0949999988079071,0.0949999988079071,0.0949999988079071,3500.0
2026-04-28 15:21:00,RPX.V,,0.17000000178813934,0.17000000178813934,0.17000000178813934,0.17000000178813934,39000.0
2026-04-28 15:21:00,SGN.V,,0.33500000834465027,0.33500000834465027,0.33500000834465027,0.33500000834465027,42500.0
2026-04-28 15:21:00,SYH.V,,0.49000000953674316,0.49000000953674316,0.49000000953674316,0.49000000953674316,5500.0
2026-04-28 15:22:00,NFG.V,,2.6700000762939453,2.6700000762939453,2.6700000762939453,2.6700000762939453,1600.0
2026-04-28 15:22:00,OMG.V,,2.2300000190734863,2.2300000190734863,2.2249999046325684,2.2300000190734863,3500.0
2026-04-28 15:22:00,ONYX.V,,1.25,1.25,1.25,1.25,3500.0
2026-04-28 15:22:00,PML.V,,1.0,1.0,1.0,1.0,200.0
2026-04-28 15:22:00,QTWO.V,,2.765000104904175,2.765000104904175,2.765000104904175,2.765000104904175,100.0
2026-04-28 15:22:00,RECO.V,,1.2100000381469727,1.2100000381469727,1.2100000381469727,1.2100000381469727,400.0
2026-04-28 15:22:00,RVG.V,,0.7850000262260437,0.7900000214576721,0.7850000262260437,0.7900000214576721,3500.0
2026-04-28 15:22:00,SCZ.V,,10.789999961853027,10.800000190734863,10.789999961853027,10.800000190734863,500.0
2026-04-28 15:22:00,SHL.V,,0.49000000953674316,0.49000000953674316,0.49000000953674316,0.49000000953674316,500.0
2026-04-28 15:22:00,SVE.V,,0.47999998927116394,0.47999998927116394,0.47999998927116394,0.47999998927116394,1000.0
2026-04-28 15:23:00,NCX.V,,3.0899999141693115,3.0899999141693115,3.0899999141693115,3.0899999141693115,500.0
2026-04-28 15:23:00,NFG.V,,2.6700000762939453,2.6700000762939453,2.6700000762939453,2.6700000762939453,400.0
2026-04-28 15:23:00,ODV.V,,4.199999809265137,4.199999809265137,4.199999809265137,4.199999809265137,800.0
2026-04-28 15:23:00,PCLO.V,,0.054999999701976776,0.054999999701976776,0.054999999701976776,0.054999999701976776,20000.0
2026-04-28 15:23:00,PLSR.V,,1.6699999570846558,1.6699999570846558,1.6699999570846558,1.6699999570846558,5300.0
2026-04-28 15:23:00,PML.V,,1.0099999904632568,1.0099999904632568,1.0,1.0,5600.0
2026-04-28 15:23:00,QTWO.V,,2.765000104904175,2.765000104904175,2.765000104904175,2.765000104904175,100.0
2026-04-28 15:23:00,RDS.V,,1.059999942779541,1.059999942779541,1.059999942779541,1.059999942779541,100.0
2026-04-28 15:23:00,SM.V,,1.6799999475479126,1.6799999475479126,1.6799999475479126,1.6799999475479126,100.0
2026-04-28 15:23:00,SPA.V,,0.3050000071525574,0.3050000071525574,0.3050000071525574,0.3050000071525574,7500.0
2026-04-28 15:24:00,OMG.V,,2.2300000190734863,2.2300000190734863,2.2300000190734863,2.2300000190734863,200.0
2026-04-28 15:24:00,OMI.V,,0.35499998927116394,0.35499998927116394,0.35499998927116394,0.35499998927116394,500.0
2026-04-28 15:24:00,PGLD.V,,0.7099999785423279,0.7099999785423279,0.7099999785423279,0.7099999785423279,500.0
2026-04-28 15:24:00,PRG.V,,0.7400000095367432,0.7400000095367432,0.7400000095367432,0.7400000095367432,78000.0
2026-04-28 15:24:00,PTU.V,,0.46000000834465027,0.46000000834465027,0.46000000834465027,0.46000000834465027,3000.0
2026-04-28 15:24:00,RDS.V,,1.059999942779541,1.059999942779541,1.059999942779541,1.059999942779541,300.0
2026-04-28 15:24:00,RECO.V,,1.2100000381469727,1.2100000381469727,1.2100000381469727,1.2100000381469727,400.0
2026-04-28 15:24:00,SGN.V,,0.33500000834465027,0.33500000834465027,0.33500000834465027,0.33500000834465027,15500.0
2026-04-28 15:24:00,SLG.V,,3.2300000190734863,3.2300000190734863,3.2300000190734863,3.2300000190734863,100.0
2026-04-28 15:24:00,SMN.V,,0.14499999582767487,0.14499999582767487,0.14499999582767487,0.14499999582767487,13000.0
2026-04-28 15:25:00,ONYX.V,,1.25,1.25,1.25,1.25,900.0
2026-04-28 15:25:00,PGLD.V,,0.7099999785423279,0.7099999785423279,0.7099999785423279,0.7099999785423279,500.0
2026-04-28 15:25:00,PUL.V,,0.014999999664723873,0.014999999664723873,0.014999999664723873,0.014999999664723873,6000.0
2026-04-28 15:25:00,QTWO.V,,2.765000104904175,2.765000104904175,2.765000104904175,2.765000104904175,200.0
2026-04-28 15:25:00,RDS.V,,1.059999942779541,1.059999942779541,1.059999942779541,1.059999942779541,600.0
2026-04-28 15:25:00,ROMJ.V,,0.5400000214576721,0.5400000214576721,0.5400000214576721,0.5400000214576721,1500.0
2026-04-28 15:25:00,SCZ.V,,10.84000015258789,10.84000015258789,10.789999961853027,10.789999961853027,1700.0
2026-04-28 15:25:00,SLI.V,,5.119999885559082,5.119999885559082,5.119999885559082,5.119999885559082,100.0
2026-04-28 15:25:00,SOMA.V,,1.3200000524520874,1.3200000524520874,1.3200000524520874,1.3200000524520874,100.0
2026-04-28 15:25:00,VIPR.V,,0.8500000238418579,0.8500000238418579,0.8500000238418579,0.8500000238418579,560.0
2026-04-28 15:26:00,MNRG.V,,0.0949999988079071,0.0949999988079071,0.0949999988079071,0.0949999988079071,18000.0
2026-04-28 15:26:00,NCX.V,,3.0950000286102295,3.0950000286102295,3.0950000286102295,3.0950000286102295,200.0
2026-04-28 15:26:00,NKL.V,,1.1699999570846558,1.1699999570846558,1.1699999570846558,1.1699999570846558,200.0
2026-04-28 15:26:00,NKW-H.V,,0.05000000074505806,0.05000000074505806,0.05000000074505806,0.05000000074505806,0.0
2026-04-28 15:26:00,OMG.V,,2.2300000190734863,2.2300000190734863,2.2300000190734863,2.2300000190734863,300.0
2026-04-28 15:26:00,PTF.V,,15.25,15.25,15.25,15.25,100.0
2026-04-28 15:26:00,PUL.V,,0.014999999664723873,0.014999999664723873,0.014999999664723873,0.014999999664723873,10000.0
2026-04-28 15:26:00,RDS.V,,1.059999942779541,1.059999942779541,1.059999942779541,1.059999942779541,300.0
2026-04-28 15:26:00,RECO.V,,1.2100000381469727,1.2100000381469727,1.2100000381469727,1.2100000381469727,500.0
2026-04-28 15:26:00,ROCK.V,,3.1500000953674316,3.1600000858306885,3.1500000953674316,3.1600000858306885,2300.0
2026-04-28 15:26:00,SRL.V,,0.2150000035762787,0.2150000035762787,0.2150000035762787,0.2150000035762787,4000.0
2026-04-28 15:26:00,SVE.V,,0.47999998927116394,0.47999998927116394,0.47999998927116394,0.47999998927116394,1000.0
2026-04-28 15:27:00,INIK.V,,0.054999999701976776,0.054999999701976776,0.054999999701976776,0.054999999701976776,891000.0
2026-04-28 15:27:00,NCAU.V,,0.5799999833106995,0.5799999833106995,0.5799999833106995,0.5799999833106995,2000.0
2026-04-28 15:27:00,NFG.V,,2.674999952316284,2.674999952316284,2.674999952316284,2.674999952316284,100.0
2026-04-28 15:27:00,ODV.V,,4.210000038146973,4.210000038146973,4.210000038146973,4.210000038146973,200.0
2026-04-28 15:27:00,OMG.V,,2.2300000190734863,2.2300000190734863,2.2300000190734863,2.2300000190734863,900.0
2026-04-28 15:27:00,PGE.V,,0.3199999928474426,0.3199999928474426,0.3199999928474426,0.3199999928474426,4500.0
2026-04-28 15:27:00,PRG.V,,0.7200000286102295,0.7200000286102295,0.7200000286102295,0.7200000286102295,500.0
2026-04-28 15:27:00,QTWO.V,,2.765000104904175,2.765000104904175,2.765000104904175,2.765000104904175,200.0
2026-04-28 15:27:00,RDS.V,,1.059999942779541,1.059999942779541,1.059999942779541,1.059999942779541,1200.0
2026-04-28 15:27:00,ROCK.V,,3.1500000953674316,3.1500000953674316,3.119999885559082,3.119999885559082,1400.0
2026-04-28 15:27:00,SBMI.V,,0.2150000035762787,0.2150000035762787,0.2150000035762787,0.2150000035762787,3000.0
2026-04-28 15:27:00,SGN.V,,0.33500000834465027,0.33500000834465027,0.33500000834465027,0.33500000834465027,500.0
2026-04-28 15:27:00,SLG.V,,3.25,3.25,3.25,3.25,100.0
2026-04-28 15:28:00,NFG.V,,2.6700000762939453,2.6700000762939453,2.6700000762939453,2.6700000762939453,500.0
2026-04-28 15:28:00,OMG.V,,2.2300000190734863,2.2300000190734863,2.2300000190734863,2.2300000190734863,5900.0
2026-04-28 15:28:00,OMI.V,,0.35499998927116394,0.35499998927116394,0.35499998927116394,0.35499998927116394,500.0
2026-04-28 15:28:00,PML.V,,1.0,1.0,1.0,1.0,100.0
2026-04-28 15:28:00,PRG.V,,0.7200000286102295,0.7200000286102295,0.7200000286102295,0.7200000286102295,500.0
2026-04-28 15:28:00,QGR.V,,0.2849999964237213,0.2849999964237213,0.2849999964237213,0.2849999964237213,31000.0
2026-04-28 15:28:00,QPT.V,,0.029999999329447746,0.029999999329447746,0.029999999329447746,0.029999999329447746,10000.0
2026-04-28 15:28:00,QTWO.V,,2.765000104904175,2.765000104904175,2.765000104904175,2.765000104904175,100.0
2026-04-28 15:28:00,RDS.V,,1.059999942779541,1.059999942779541,1.059999942779541,1.059999942779541,500.0
2026-04-28 15:28:00,SCZ.V,,10.800000190734863,10.819999694824219,10.800000190734863,10.819999694824219,1800.0
2026-04-28 15:28:00,SGN.V,,0.33500000834465027,0.33500000834465027,0.33500000834465027,0.33500000834465027,4500.0
2026-04-28 15:28:00,SHL.V,,0.49000000953674316,0.49000000953674316,0.49000000953674316,0.49000000953674316,500.0
2026-04-28 15:28:00,SYH.V,,0.49000000953674316,0.49000000953674316,0.49000000953674316,0.49000000953674316,15500.0
2026-04-28 15:29:00,NCX.V,,3.0899999141693115,3.0899999141693115,3.0899999141693115,3.0899999141693115,500.0
2026-04-28 15:29:00,NICN.V,,0.14499999582767487,0.14499999582767487,0.14499999582767487,0.14499999582767487,10000.0
2026-04-28 15:29:00,OMG.V,,2.2300000190734863,2.2300000190734863,2.2300000190734863,2.2300000190734863,3000.0
2026-04-28 15:29:00,OMI.V,,0.35499998927116394,0.35499998927116394,0.35499998927116394,0.35499998927116394,500.0
2026-04-28 15:29:00,ONYX.V,,1.25,1.25,1.25,1.25,2500.0
2026-04-28 15:29:00,PML.V,,1.0,1.0099999904632568,1.0,1.0099999904632568,600.0
2026-04-28 15:29:00,RDS.V,,1.059999942779541,1.059999942779541,1.059999942779541,1.059999942779541,200.0
2026-04-28 15:29:00,SCZ.V,,10.859999656677246,10.859999656677246,10.859999656677246,10.859999656677246,300.0
2026-04-28 15:29:00,SGN.V,,0.33500000834465027,0.33500000834465027,0.33500000834465027,0.33500000834465027,500.0
2026-04-28 15:29:00,SVE.V,,0.47999998927116394,0.47999998927116394,0.47999998927116394,0.47999998927116394,500.0
2026-04-28 15:30:00,NFG.V,,2.6700000762939453,2.6700000762939453,2.6700000762939453,2.6700000762939453,200.0
2026-04-28 15:30:00,NOB.V,,0.09000000357627869,0.09000000357627869,0.09000000357627869,0.09000000357627869,31000.0
2026-04-28 15:30:00,OMG.V,,2.2300000190734863,2.2300000190734863,2.2300000190734863,2.2300000190734863,1900.0
2026-04-28 15:30:00,OMI.V,,0.36000001430511475,0.36000001430511475,0.36000001430511475,0.36000001430511475,500.0
2026-04-28 15:30:00,PEI.V,,0.03999999910593033,0.03999999910593033,0.03999999910593033,0.03999999910593033,25000.0
2026-04-28 15:30:00,PML.V,,1.0099999904632568,1.0099999904632568,1.0,1.0,900.0
2026-04-28 15:30:00,QTWO.V,,2.765000104904175,2.765000104904175,2.765000104904175,2.765000104904175,200.0
2026-04-28 15:30:00,RECO.V,,1.2100000381469727,1.2100000381469727,1.2100000381469727,1.2100000381469727,5900.0
2026-04-28 15:30:00,SCD.V,,0.1550000011920929,0.1550000011920929,0.1550000011920929,0.1550000011920929,33000.0
2026-04-28 15:30:00,SLG.V,,3.2300000190734863,3.2300000190734863,3.2300000190734863,3.2300000190734863,200.0
2026-04-28 15:30:00,SOMA.V,,1.3200000524520874,1.3200000524520874,1.3200000524520874,1.3200000524520874,100.0
2026-04-28 15:30:00,SSV.V,,0.5,0.5,0.5,0.5,13000.0
2026-04-28 15:30:00,SVE.V,,0.47999998927116394,0.47999998927116394,0.47999998927116394,0.47999998927116394,500.0
2026-04-28 15:31:00,NCX.V,,3.0899999141693115,3.0899999141693115,3.0899999141693115,3.0899999141693115,600.0
2026-04-28 15:31:00,NFG.V,,2.6649999618530273,2.6700000762939453,2.6649999618530273,2.6700000762939453,935.0
2026-04-28 15:31:00,OMG.V,,2.2300000190734863,2.234999895095825,2.2249999046325684,2.2300000190734863,4847.0
2026-04-28 15:31:00,PRG.V,,0.7300000190734863,0.7300000190734863,0.7300000190734863,0.7300000190734863,11000.0
2026-04-28 15:31:00,PTU.V,,0.45750001072883606,0.45750001072883606,0.45750001072883606,0.45750001072883606,1000.0
2026-04-28 15:31:00,RDS.V,,1.059999942779541,1.059999942779541,1.059999942779541,1.059999942779541,600.0
2026-04-28 15:31:00,SCOT.V,,2.180000066757202,2.180000066757202,2.180000066757202,2.180000066757202,3120.0
2026-04-28 15:31:00,SCZ.V,,10.8100004196167,10.819999694824219,10.8100004196167,10.819999694824219,800.0
2026-04-28 15:31:00,SGN.V,,0.33500000834465027,0.33500000834465027,0.33500000834465027,0.33500000834465027,500.0
2026-04-28 15:31:00,SVRS.V,,0.45500001311302185,0.45500001311302185,0.45500001311302185,0.45500001311302185,2000.0
2026-04-28 15:32:00,NCX.V,,3.0899999141693115,3.0899999141693115,3.0899999141693115,3.0899999141693115,500.0
2026-04-28 15:32:00,NIM.V,,0.8100000023841858,0.8100000023841858,0.8100000023841858,0.8100000023841858,500.0
2026-04-28 15:32:00,ODV.V,,4.210000038146973,4.210000038146973,4.210000038146973,4.210000038146973,1100.0
2026-04-28 15:32:00,OMG.V,,2.2300000190734863,2.234999895095825,2.2300000190734863,2.234999895095825,9500.0
2026-04-28 15:32:00,OMI.V,,0.35499998927116394,0.35499998927116394,0.35499998927116394,0.35499998927116394,500.0
2026-04-28 15:32:00,PRG.V,,0.7400000095367432,0.7400000095367432,0.7400000095367432,0.7400000095367432,4000.0
2026-04-28 15:32:00,QTWO.V,,2.765000104904175,2.765000104904175,2.765000104904175,2.765000104904175,100.0
2026-04-28 15:32:00,RECO.V,,1.2200000286102295,1.2200000286102295,1.2200000286102295,1.2200000286102295,100.0
2026-04-28 15:32:00,SCOT.V,,2.190000057220459,2.190000057220459,2.190000057220459,2.190000057220459,1000.0
2026-04-28 15:32:00,SCZ.V,,10.800000190734863,10.800000190734863,10.800000190734863,10.800000190734863,200.0
2026-04-28 15:32:00,SGN.V,,0.33500000834465027,0.33500000834465027,0.33500000834465027,0.33500000834465027,500.0
2026-04-28 15:32:00,SHL.V,,0.49000000953674316,0.49000000953674316,0.49000000953674316,0.49000000953674316,500.0
2026-04-28 15:32:00,SLI.V,,5.110000133514404,5.110000133514404,5.110000133514404,5.110000133514404,200.0
2026-04-28 15:32:00,SOMA.V,,1.2999999523162842,1.2999999523162842,1.2999999523162842,1.2999999523162842,5050.0
2026-04-28 15:33:00,MKA.V,,0.8500000238418579,0.8500000238418579,0.8500000238418579,0.8500000238418579,3000.0
2026-04-28 15:33:00,NCX.V,,3.0899999141693115,3.0899999141693115,3.0899999141693115,3.0899999141693115,100.0
2026-04-28 15:33:00,NFG.V,,2.6700000762939453,2.6700000762939453,2.6700000762939453,2.6700000762939453,100.0
2026-04-28 15:33:00,OMG.V,,2.2300000190734863,2.234999895095825,2.2300000190734863,2.2300000190734863,4000.0
2026-04-28 15:33:00,OMI.V,,0.35499998927116394,0.35499998927116394,0.35499998927116394,0.35499998927116394,500.0
2026-04-28 15:33:00,ONYX.V,,1.25,1.25,1.25,1.25,670.0
2026-04-28 15:33:00,PGC.V,,0.03500000014901161,0.03500000014901161,0.03500000014901161,0.03500000014901161,0.0
2026-04-28 15:33:00,QTWO.V,,2.765000104904175,2.765000104904175,2.765000104904175,2.765000104904175,100.0
2026-04-28 15:33:00,RDS.V,,1.059999942779541,1.059999942779541,1.059999942779541,1.059999942779541,200.0
2026-04-28 15:33:00,RECO.V,,1.2200000286102295,1.2200000286102295,1.2200000286102295,1.2200000286102295,200.0
2026-04-28 15:33:00,ROCK.V,,3.119999885559082,3.130000114440918,3.119999885559082,3.130000114440918,600.0
2026-04-28 15:33:00,RVG.V,,0.7900000214576721,0.7900000214576721,0.7900000214576721,0.7900000214576721,1000.0
2026-04-28 15:33:00,SCOT.V,,2.190000057220459,2.190000057220459,2.190000057220459,2.190000057220459,900.0
2026-04-28 15:33:00,SCZ.V,,10.8100004196167,10.8100004196167,10.800000190734863,10.800000190734863,400.0
2026-04-28 15:33:00,SM.V,,1.6699999570846558,1.6799999475479126,1.6699999570846558,1.6799999475479126,10400.0
2026-04-28 15:33:00,SOMA.V,,1.2999999523162842,1.2999999523162842,1.2999999523162842,1.2999999523162842,2500.0
2026-04-28 15:34:00,MGG.V,,0.3449999988079071,0.3449999988079071,0.3449999988079071,0.3449999988079071,500.0
2026-04-28 15:34:00,NCX.V,,3.0999999046325684,3.0999999046325684,3.0899999141693115,3.0899999141693115,1100.0
2026-04-28 15:34:00,NFG.V,,2.6649999618530273,2.6700000762939453,2.6649999618530273,2.6700000762939453,473.0
2026-04-28 15:34:00,ODV.V,,4.190000057220459,4.199999809265137,4.190000057220459,4.199999809265137,200.0
2026-04-28 15:34:00,OMG.V,,2.2300000190734863,2.2300000190734863,2.2300000190734863,2.2300000190734863,3500.0
2026-04-28 15:34:00,OMI.V,,0.35499998927116394,0.35499998927116394,0.35499998927116394,0.35499998927116394,500.0
2026-04-28 15:34:00,PEAK.V,,0.36500000953674316,0.36500000953674316,0.36500000953674316,0.36500000953674316,500.0
2026-04-28 15:34:00,PLSR.V,,1.6799999475479126,1.6799999475479126,1.6799999475479126,1.6799999475479126,400.0
2026-04-28 15:34:00,RDS.V,,1.059999942779541,1.059999942779541,1.059999942779541,1.059999942779541,100.0
2026-04-28 15:34:00,RECO.V,,1.2200000286102295,1.2200000286102295,1.2200000286102295,1.2200000286102295,300.0
2026-04-28 15:34:00,ROK.V,,0.27000001072883606,0.27000001072883606,0.27000001072883606,0.27000001072883606,1000.0
2026-04-28 15:34:00,SCOT.V,,2.200000047683716,2.200000047683716,2.200000047683716,2.200000047683716,1600.0
2026-04-28 15:34:00,SCZ.V,,10.819999694824219,10.819999694824219,10.800000190734863,10.800000190734863,1700.0
2026-04-28 15:34:00,SGN.V,,0.33500000834465027,0.33500000834465027,0.33500000834465027,0.33500000834465027,500.0
2026-04-28 15:34:00,SM.V,,1.6799999475479126,1.6799999475479126,1.6799999475479126,1.6799999475479126,500.0
2026-04-28 15:34:00,SRL.V,,0.2150000035762787,0.2199999988079071,0.2150000035762787,0.2199999988079071,1500.0
2026-04-28 15:34:00,SSV.V,,0.5,0.5,0.5,0.5,500.0
2026-04-28 15:35:00,CTZ.V,,1.2699999809265137,1.2699999809265137,1.2699999809265137,1.2699999809265137,1400.0
2026-04-28 15:35:00,OCI.V,,0.125,0.125,0.125,0.125,25000.0
2026-04-28 15:35:00,ODV.V,,4.190000057220459,4.190000057220459,4.179999828338623,4.179999828338623,700.0
2026-04-28 15:35:00,OMG.V,,2.2300000190734863,2.2300000190734863,2.2300000190734863,2.2300000190734863,6400.0
2026-04-28 15:35:00,OMI.V,,0.35499998927116394,0.35499998927116394,0.35499998927116394,0.35499998927116394,500.0
2026-04-28 15:35:00,PML.V,,1.0199999809265137,1.0199999809265137,1.0199999809265137,1.0199999809265137,300.0
2026-04-28 15:35:00,PRG.V,,0.7300000190734863,0.75,0.7300000190734863,0.7400000095367432,116000.0
2026-04-28 15:35:00,QTWO.V,,2.765000104904175,2.765000104904175,2.765000104904175,2.765000104904175,100.0
2026-04-28 15:35:00,RDS.V,,1.059999942779541,1.059999942779541,1.059999942779541,1.059999942779541,200.0
2026-04-28 15:35:00,RECO.V,,1.2200000286102295,1.2200000286102295,1.2200000286102295,1.2200000286102295,300.0
2026-04-28 15:35:00,SGN.V,,0.33500000834465027,0.33500000834465027,0.33500000834465027,0.33500000834465027,500.0
2026-04-28 15:35:00,SHL.V,,0.49000000953674316,0.49000000953674316,0.49000000953674316,0.49000000953674316,500.0
2026-04-28 15:35:00,SLG.V,,3.200000047683716,3.200000047683716,3.200000047683716,3.200000047683716,200.0
2026-04-28 15:35:00,SOMA.V,,1.2999999523162842,1.2999999523162842,1.2999999523162842,1.2999999523162842,5100.0
2026-04-28 15:35:00,SSV.V,,0.5,0.5,0.5,0.5,1500.0
2026-04-28 15:35:00,SVE.V,,0.47999998927116394,0.47999998927116394,0.47999998927116394,0.47999998927116394,500.0
2026-04-28 15:36:00,NEV.V,,0.02500000037252903,0.02500000037252903,0.02500000037252903,0.02500000037252903,3000.0
2026-04-28 15:36:00,NIR-H.V,,0.019999999552965164,0.019999999552965164,0.019999999552965164,0.019999999552965164,10000.0
2026-04-28 15:36:00,OCI.V,,0.125,0.125,0.125,0.125,18500.0
2026-04-28 15:36:00,OMG.V,,2.234999895095825,2.234999895095825,2.234999895095825,2.234999895095825,100.0
2026-04-28 15:36:00,PALI.V,,2.6600000858306885,2.6600000858306885,2.6600000858306885,2.6600000858306885,201.0
2026-04-28 15:36:00,PLSR.V,,1.690000057220459,1.690000057220459,1.6799999475479126,1.690000057220459,5400.0
2026-04-28 15:36:00,PRG.V,,0.7300000190734863,0.7300000190734863,0.7300000190734863,0.7300000190734863,3000.0
2026-04-28 15:36:00,QTWO.V,,2.765000104904175,2.765000104904175,2.765000104904175,2.765000104904175,200.0
2026-04-28 15:36:00,RDS.V,,1.059999942779541,1.059999942779541,1.059999942779541,1.059999942779541,200.0
2026-04-28 15:36:00,RECO.V,,1.215000033378601,1.2200000286102295,1.215000033378601,1.2200000286102295,300.0
2026-04-28 15:36:00,SCOT.V,,2.190000057220459,2.190000057220459,2.190000057220459,2.190000057220459,200.0
2026-04-28 15:36:00,SCZ.V,,10.779999732971191,10.8100004196167,10.779999732971191,10.8100004196167,2935.0
2026-04-28 15:36:00,SM.V,,1.6699999570846558,1.6699999570846558,1.6699999570846558,1.6699999570846558,100.0
2026-04-28 15:36:00,SSV.V,,0.5,0.5,0.4950000047683716,0.4950000047683716,7500.0
2026-04-28 15:36:00,SVRS.V,,0.44999998807907104,0.44999998807907104,0.44999998807907104,0.44999998807907104,13500.0
2026-04-28 15:37:00,MNRG.V,,0.0949999988079071,0.0949999988079071,0.0949999988079071,0.0949999988079071,10000.0
2026-04-28 15:37:00,NCX.V,,3.0999999046325684,3.0999999046325684,3.0999999046325684,3.0999999046325684,2000.0
2026-04-28 15:37:00,ODV.V,,4.159999847412109,4.159999847412109,4.159999847412109,4.159999847412109,600.0
2026-04-28 15:37:00,OMG.V,,2.234999895095825,2.234999895095825,2.234999895095825,2.234999895095825,100.0
2026-04-28 15:37:00,OMI.V,,0.35499998927116394,0.35499998927116394,0.35499998927116394,0.35499998927116394,500.0
2026-04-28 15:37:00,RDS.V,,1.059999942779541,1.059999942779541,1.059999942779541,1.059999942779541,1500.0
2026-04-28 15:37:00,RECO.V,,1.2000000476837158,1.2200000286102295,1.2000000476837158,1.2200000286102295,15400.0
2026-04-28 15:37:00,RSS.V,,0.5199999809265137,0.5199999809265137,0.5199999809265137,0.5199999809265137,5000.0
2026-04-28 15:37:00,SCOT.V,,2.190000057220459,2.190000057220459,2.190000057220459,2.190000057220459,700.0
2026-04-28 15:37:00,SCZ.V,,10.819999694824219,10.819999694824219,10.819999694824219,10.819999694824219,400.0
2026-04-28 15:37:00,SGN.V,,0.33500000834465027,0.33500000834465027,0.33500000834465027,0.33500000834465027,500.0
2026-04-28 15:37:00,SLI.V,,5.110000133514404,5.110000133514404,5.110000133514404,5.110000133514404,350.0
2026-04-28 15:37:00,SM.V,,1.6699999570846558,1.6699999570846558,1.6699999570846558,1.6699999570846558,100.0
2026-04-28 15:38:00,NCX.V,,3.0999999046325684,3.0999999046325684,3.0999999046325684,3.0999999046325684,100.0
2026-04-28 15:38:00,NFG.V,,2.6649999618530273,2.6700000762939453,2.6649999618530273,2.6700000762939453,1811.0
2026-04-28 15:38:00,OMI.V,,0.35499998927116394,0.35499998927116394,0.35499998927116394,0.35499998927116394,500.0
2026-04-28 15:38:00,PRG.V,,0.7200000286102295,0.7200000286102295,0.7200000286102295,0.7200000286102295,1000.0
2026-04-28 15:38:00,QTWO.V,,2.765000104904175,2.765000104904175,2.765000104904175,2.765000104904175,200.0
2026-04-28 15:38:00,RDS.V,,1.065000057220459,1.065000057220459,1.059999942779541,1.059999942779541,1700.0
2026-04-28 15:38:00,RSMX.V,,0.10999999940395355,0.10999999940395355,0.10999999940395355,0.10999999940395355,30000.0
2026-04-28 15:38:00,RVG.V,,0.7900000214576721,0.7900000214576721,0.7900000214576721,0.7900000214576721,500.0
2026-04-28 15:38:00,SCZ.V,,10.819999694824219,10.819999694824219,10.819999694824219,10.819999694824219,400.0
2026-04-28 15:38:00,SGN.V,,0.33500000834465027,0.33500000834465027,0.33500000834465027,0.33500000834465027,500.0
2026-04-28 15:38:00,SGU.V,,0.04500000178813934,0.04500000178813934,0.04500000178813934,0.04500000178813934,0.0
2026-04-28 15:38:00,SHL.V,,0.49000000953674316,0.49000000953674316,0.49000000953674316,0.49000000953674316,500.0
2026-04-28 15:38:00,SLG.V,,3.1700000762939453,3.1700000762939453,3.1700000762939453,3.1700000762939453,2100.0
2026-04-28 15:38:00,SVE.V,,0.47999998927116394,0.47999998927116394,0.47999998927116394,0.47999998927116394,500.0
2026-04-28 15:38:00,SVRS.V,,0.44999998807907104,0.44999998807907104,0.44999998807907104,0.44999998807907104,500.0
2026-04-28 15:38:00,VIPR.V,,0.8500000238418579,0.8500000238418579,0.8500000238418579,0.8500000238418579,500.0
2026-04-28 15:39:00,MGG.V,,0.3400000035762787,0.3449999988079071,0.3400000035762787,0.3449999988079071,16000.0
2026-04-28 15:39:00,NFG.V,,2.6700000762939453,2.6700000762939453,2.6700000762939453,2.6700000762939453,5600.0
2026-04-28 15:39:00,ODV.V,,4.15500020980835,4.15500020980835,4.150000095367432,4.150000095367432,478.0
2026-04-28 15:39:00,OMG.V,,2.234999895095825,2.234999895095825,2.234999895095825,2.234999895095825,100.0
2026-04-28 15:39:00,PLSR.V,,1.6799999475479126,1.690000057220459,1.6799999475479126,1.690000057220459,4100.0
2026-04-28 15:39:00,RDS.V,,1.059999942779541,1.059999942779541,1.059999942779541,1.059999942779541,200.0
2026-04-28 15:39:00,SCOT.V,,2.190000057220459,2.190000057220459,2.190000057220459,2.190000057220459,900.0
2026-04-28 15:39:00,SCZ.V,,10.8100004196167,10.8100004196167,10.800000190734863,10.8100004196167,1400.0
2026-04-28 15:39:00,SGML.V,,27.889999389648438,27.889999389648438,27.8799991607666,27.8799991607666,200.0
2026-04-28 15:39:00,SGU.V,,0.04500000178813934,0.04500000178813934,0.04500000178813934,0.04500000178813934,5000.0
2026-04-28 15:39:00,SLG.V,,3.1500000953674316,3.1600000858306885,3.1500000953674316,3.1600000858306885,700.0
2026-04-28 15:39:00,SLI.V,,5.119999885559082,5.119999885559082,5.119999885559082,5.119999885559082,100.0
2026-04-28 15:39:00,SM.V,,1.6699999570846558,1.6699999570846558,1.6699999570846558,1.6699999570846558,100.0
2026-04-28 15:39:00,SOMA.V,,1.2899999618530273,1.2999999523162842,1.2899999618530273,1.2999999523162842,16700.0
2026-04-28 15:39:00,SVE.V,,0.4699999988079071,0.4699999988079071,0.4699999988079071,0.4699999988079071,4500.0
2026-04-28 15:40:00,ODV.V,,4.150000095367432,4.150000095367432,4.150000095367432,4.150000095367432,300.0
2026-04-28 15:40:00,OMG.V,,2.234999895095825,2.234999895095825,2.234999895095825,2.234999895095825,100.0
2026-04-28 15:40:00,PML.V,,1.0099999904632568,1.0099999904632568,1.0099999904632568,1.0099999904632568,100.0
2026-04-28 15:40:00,PRG.V,,0.7200000286102295,0.7200000286102295,0.7200000286102295,0.7200000286102295,10000.0
2026-04-28 15:40:00,QTWO.V,,2.765000104904175,2.765000104904175,2.765000104904175,2.765000104904175,100.0
2026-04-28 15:40:00,RDU.V,,0.125,0.125,0.125,0.125,5500.0
2026-04-28 15:40:00,RSS.V,,0.5199999809265137,0.5199999809265137,0.5199999809265137,0.5199999809265137,500.0
2026-04-28 15:40:00,RVG.V,,0.7900000214576721,0.7900000214576721,0.7900000214576721,0.7900000214576721,3500.0
2026-04-28 15:40:00,SCZ.V,,10.819999694824219,10.819999694824219,10.800000190734863,10.800000190734863,1100.0
2026-04-28 15:40:00,SGML.V,,27.90999984741211,27.90999984741211,27.90999984741211,27.90999984741211,200.0
2026-04-28 15:40:00,SGN.V,,0.33500000834465027,0.33500000834465027,0.33500000834465027,0.33500000834465027,500.0
2026-04-28 15:40:00,SHL.V,,0.49000000953674316,0.49000000953674316,0.49000000953674316,0.49000000953674316,500.0
2026-04-28 15:40:00,SLI.V,,5.119999885559082,5.119999885559082,5.119999885559082,5.119999885559082,1500.0
2026-04-28 15:40:00,SOMA.V,,1.2999999523162842,1.2999999523162842,1.2999999523162842,1.2999999523162842,1092.0
2026-04-28 15:40:00,STUD.V,,0.3449999988079071,0.3499999940395355,0.3449999988079071,0.3499999940395355,3000.0
2026-04-28 15:40:00,SVE.V,,0.4699999988079071,0.4699999988079071,0.4699999988079071,0.4699999988079071,3000.0
2026-04-28 15:41:00,INIK.V,,0.054999999701976776,0.054999999701976776,0.054999999701976776,0.054999999701976776,433000.0
2026-04-28 15:41:00,NFG.V,,2.6700000762939453,2.6700000762939453,2.6700000762939453,2.6700000762939453,600.0
2026-04-28 15:41:00,NIM.V,,0.8100000023841858,0.8100000023841858,0.8100000023841858,0.8100000023841858,500.0
2026-04-28 15:41:00,NOW.V,,0.18000000715255737,0.18000000715255737,0.18000000715255737,0.18000000715255737,1000.0
2026-04-28 15:41:00,ODV.V,,4.144999980926514,4.150000095367432,4.144999980926514,4.150000095367432,300.0
2026-04-28 15:41:00,OMG.V,,2.2300000190734863,2.234999895095825,2.2300000190734863,2.2300000190734863,2500.0
2026-04-28 15:41:00,PML.V,,1.0099999904632568,1.0099999904632568,1.0099999904632568,1.0099999904632568,100.0
2026-04-28 15:41:00,PRG.V,,0.7099999785423279,0.7099999785423279,0.7099999785423279,0.7099999785423279,500.0
2026-04-28 15:41:00,QTWO.V,,2.765000104904175,2.765000104904175,2.765000104904175,2.765000104904175,120.0
2026-04-28 15:41:00,RDS.V,,1.059999942779541,1.059999942779541,1.059999942779541,1.059999942779541,1200.0
2026-04-28 15:41:00,RECO.V,,1.2100000381469727,1.2100000381469727,1.2100000381469727,1.2100000381469727,1200.0
2026-04-28 15:41:00,RYO.V,,0.38499999046325684,0.38499999046325684,0.38499999046325684,0.38499999046325684,5500.0
2026-04-28 15:41:00,SCOT.V,,2.190000057220459,2.190000057220459,2.190000057220459,2.190000057220459,100.0
2026-04-28 15:41:00,SCZ.V,,10.819999694824219,10.819999694824219,10.8100004196167,10.8100004196167,800.0
2026-04-28 15:41:00,SGN.V,,0.33500000834465027,0.33500000834465027,0.33500000834465027,0.33500000834465027,500.0
2026-04-28 15:41:00,SLG.V,,3.1600000858306885,3.1600000858306885,3.1600000858306885,3.1600000858306885,100.0
2026-04-28 15:41:00,SLI.V,,5.139999866485596,5.139999866485596,5.139999866485596,5.139999866485596,400.0
2026-04-28 15:41:00,SM.V,,1.6699999570846558,1.6699999570846558,1.6699999570846558,1.6699999570846558,400.0
2026-04-28 15:41:00,SVE.V,,0.4699999988079071,0.4699999988079071,0.4699999988079071,0.4699999988079071,500.0
2026-04-28 15:41:00,SVRS.V,,0.44999998807907104,0.44999998807907104,0.44999998807907104,0.44999998807907104,1000.0
2026-04-28 15:42:00,INIK.V,,0.054999999701976776,0.054999999701976776,0.054999999701976776,0.054999999701976776,50000.0
2026-04-28 15:42:00,NCX.V,,3.0899999141693115,3.0899999141693115,3.0899999141693115,3.0899999141693115,300.0
2026-04-28 15:42:00,NFG.V,,2.6700000762939453,2.6700000762939453,2.6700000762939453,2.6700000762939453,500.0
2026-04-28 15:42:00,ODV.V,,4.150000095367432,4.150000095367432,4.150000095367432,4.150000095367432,1400.0
2026-04-28 15:42:00,OMG.V,,2.2300000190734863,2.2300000190734863,2.2300000190734863,2.2300000190734863,6200.0
2026-04-28 15:42:00,PLSR.V,,1.6799999475479126,1.690000057220459,1.6799999475479126,1.690000057220459,5200.0
2026-04-28 15:42:00,PML.V,,1.0099999904632568,1.0099999904632568,1.0099999904632568,1.0099999904632568,100.0
2026-04-28 15:42:00,PRG.V,,0.7099999785423279,0.7099999785423279,0.7099999785423279,0.7099999785423279,500.0
2026-04-28 15:42:00,PVIS.V,,0.23000000417232513,0.23000000417232513,0.23000000417232513,0.23000000417232513,2500.0
2026-04-28 15:42:00,RDS.V,,1.059999942779541,1.059999942779541,1.059999942779541,1.059999942779541,100.0
2026-04-28 15:42:00,RECO.V,,1.2100000381469727,1.2100000381469727,1.2100000381469727,1.2100000381469727,1100.0
2026-04-28 15:42:00,SCZ.V,,10.8100004196167,10.8100004196167,10.8100004196167,10.8100004196167,100.0
2026-04-28 15:42:00,SGN.V,,0.33500000834465027,0.33500000834465027,0.33500000834465027,0.33500000834465027,500.0
2026-04-28 15:42:00,SLI.V,,5.130000114440918,5.130000114440918,5.130000114440918,5.130000114440918,700.0
2026-04-28 15:42:00,SVRS.V,,0.44999998807907104,0.44999998807907104,0.44999998807907104,0.44999998807907104,536.0
2026-04-28 15:42:00,VIPR.V,,0.8600000143051147,0.8600000143051147,0.8600000143051147,0.8600000143051147,3500.0
2026-04-28 15:43:00,MNRG.V,,0.0949999988079071,0.0949999988079071,0.0949999988079071,0.0949999988079071,8000.0
2026-04-28 15:43:00,NCX.V,,3.0899999141693115,3.0899999141693115,3.0799999237060547,3.0899999141693115,6200.0
2026-04-28 15:43:00,ODV.V,,4.150000095367432,4.150000095367432,4.150000095367432,4.150000095367432,2010.0
2026-04-28 15:43:00,OMG.V,,2.2300000190734863,2.2300000190734863,2.2300000190734863,2.2300000190734863,500.0
2026-04-28 15:43:00,ONYX.V,,1.25,1.25,1.25,1.25,600.0
2026-04-28 15:43:00,PML.V,,1.0099999904632568,1.0099999904632568,1.0099999904632568,1.0099999904632568,300.0
2026-04-28 15:43:00,PRG.V,,0.7099999785423279,0.7099999785423279,0.7099999785423279,0.7099999785423279,500.0
2026-04-28 15:43:00,QTWO.V,,2.765000104904175,2.765000104904175,2.765000104904175,2.765000104904175,400.0
2026-04-28 15:43:00,RDS.V,,1.059999942779541,1.059999942779541,1.059999942779541,1.059999942779541,200.0
2026-04-28 15:43:00,RECO.V,,1.2100000381469727,1.2100000381469727,1.2100000381469727,1.2100000381469727,1200.0
2026-04-28 15:43:00,ROCK.V,,3.119999885559082,3.119999885559082,3.119999885559082,3.119999885559082,100.0
2026-04-28 15:43:00,RZL.V,,0.49000000953674316,0.49000000953674316,0.49000000953674316,0.49000000953674316,500.0
2026-04-28 15:43:00,SCZ.V,,10.819999694824219,10.819999694824219,10.819999694824219,10.819999694824219,200.0
2026-04-28 15:43:00,SGML.V,,27.93000030517578,27.93000030517578,27.93000030517578,27.93000030517578,100.0
2026-04-28 15:43:00,SHL.V,,0.49000000953674316,0.49000000953674316,0.49000000953674316,0.49000000953674316,500.0
2026-04-28 15:43:00,SM.V,,1.6799999475479126,1.6799999475479126,1.6799999475479126,1.6799999475479126,256.0
2026-04-28 15:43:00,SOMA.V,,1.2999999523162842,1.2999999523162842,1.2799999713897705,1.2799999713897705,32991.0
2026-04-28 15:44:00,NCX.V,,3.0899999141693115,3.0899999141693115,3.0899999141693115,3.0899999141693115,300.0
2026-04-28 15:44:00,NFG.V,,2.6700000762939453,2.674999952316284,2.6700000762939453,2.674999952316284,1000.0
2026-04-28 15:44:00,OMG.V,,2.2300000190734863,2.2300000190734863,2.2300000190734863,2.2300000190734863,3500.0
2026-04-28 15:44:00,PGLD.V,,0.7099999785423279,0.7149999737739563,0.7099999785423279,0.7149999737739563,2000.0
2026-04-28 15:44:00,PRG.V,,0.7099999785423279,0.7099999785423279,0.7099999785423279,0.7099999785423279,500.0
2026-04-28 15:44:00,QTWO.V,,2.7699999809265137,2.7799999713897705,2.7699999809265137,2.7699999809265137,4700.0
2026-04-28 15:44:00,RDS.V,,1.059999942779541,1.059999942779541,1.059999942779541,1.059999942779541,100.0
2026-04-28 15:44:00,RECO.V,,1.2100000381469727,1.2100000381469727,1.2100000381469727,1.2100000381469727,900.0
2026-04-28 15:44:00,SCZ.V,,10.819999694824219,10.819999694824219,10.819999694824219,10.819999694824219,100.0
2026-04-28 15:44:00,SGML.V,,27.979999542236328,27.979999542236328,27.979999542236328,27.979999542236328,400.0
2026-04-28 15:44:00,SGN.V,,0.33500000834465027,0.33500000834465027,0.33500000834465027,0.33500000834465027,500.0
2026-04-28 15:44:00,SLG.V,,3.1700000762939453,3.1700000762939453,3.1700000762939453,3.1700000762939453,100.0
2026-04-28 15:45:00,MGG.V,,0.3425000011920929,0.3425000011920929,0.3425000011920929,0.3425000011920929,1000.0
2026-04-28 15:45:00,NCX.V,,3.0899999141693115,3.0899999141693115,3.0899999141693115,3.0899999141693115,700.0
2026-04-28 15:45:00,NFG.V,,2.6649999618530273,2.6700000762939453,2.6649999618530273,2.6700000762939453,5070.0
2026-04-28 15:45:00,OMG.V,,2.2300000190734863,2.2300000190734863,2.2200000286102295,2.2300000190734863,3300.0
2026-04-28 15:45:00,PLSR.V,,1.690000057220459,1.690000057220459,1.690000057220459,1.690000057220459,220.0
2026-04-28 15:45:00,PML.V,,1.0099999904632568,1.0099999904632568,1.0099999904632568,1.0099999904632568,100.0
2026-04-28 15:45:00,PRG.V,,0.7099999785423279,0.7099999785423279,0.7099999785423279,0.7099999785423279,500.0
2026-04-28 15:45:00,PWM.V,,0.42500001192092896,0.42500001192092896,0.42500001192092896,0.42500001192092896,7700.0
2026-04-28 15:45:00,RDS.V,,1.059999942779541,1.059999942779541,1.059999942779541,1.059999942779541,300.0
2026-04-28 15:45:00,RECO.V,,1.2100000381469727,1.2100000381469727,1.2050000429153442,1.2100000381469727,4500.0
2026-04-28 15:45:00,ROCK.V,,3.130000114440918,3.130000114440918,3.130000114440918,3.130000114440918,100.0
2026-04-28 15:45:00,SCOT.V,,2.190000057220459,2.190000057220459,2.190000057220459,2.190000057220459,200.0
2026-04-28 15:45:00,SCZ.V,,10.800000190734863,10.800000190734863,10.800000190734863,10.800000190734863,200.0
2026-04-28 15:45:00,SECU.V,,2.0999999046325684,2.0999999046325684,2.0999999046325684,2.0999999046325684,2700.0
2026-04-28 15:45:00,SGML.V,,28.0,28.0,28.0,28.0,400.0
2026-04-28 15:45:00,SGN.V,,0.33500000834465027,0.33500000834465027,0.33500000834465027,0.33500000834465027,500.0
2026-04-28 15:45:00,SLG.V,,3.190000057220459,3.190000057220459,3.190000057220459,3.190000057220459,400.0
2026-04-28 15:45:00,SLI.V,,5.119999885559082,5.119999885559082,5.119999885559082,5.119999885559082,400.0
2026-04-28 15:45:00,SVRS.V,,0.44999998807907104,0.44999998807907104,0.44999998807907104,0.44999998807907104,500.0
2026-04-28 15:46:00,NCAU.V,,0.5799999833106995,0.5799999833106995,0.5799999833106995,0.5799999833106995,4000.0
2026-04-28 15:46:00,NCX.V,,3.0999999046325684,3.0999999046325684,3.0999999046325684,3.0999999046325684,3300.0
2026-04-28 15:46:00,NFG.V,,2.680000066757202,2.680000066757202,2.6700000762939453,2.6700000762939453,3800.0
2026-04-28 15:46:00,NSE.V,,0.6899999976158142,0.6899999976158142,0.6899999976158142,0.6899999976158142,4200.0
2026-04-28 15:46:00,OEC-H.V,,0.1550000011920929,0.1550000011920929,0.1550000011920929,0.1550000011920929,20000.0
2026-04-28 15:46:00,OMG.V,,2.240000009536743,2.240000009536743,2.2300000190734863,2.2300000190734863,10400.0
2026-04-28 15:46:00,ONYX.V,,1.25,1.25,1.25,1.25,600.0
2026-04-28 15:46:00,PHNM.V,,0.4350000023841858,0.4350000023841858,0.4350000023841858,0.4350000023841858,5500.0
2026-04-28 15:46:00,QTWO.V,,2.7699999809265137,2.7699999809265137,2.759999990463257,2.759999990463257,2000.0
2026-04-28 15:46:00,RDS.V,,1.059999942779541,1.059999942779541,1.059999942779541,1.059999942779541,200.0
2026-04-28 15:46:00,RECO.V,,1.2100000381469727,1.2100000381469727,1.2100000381469727,1.2100000381469727,800.0
2026-04-28 15:46:00,SCOT.V,,2.190000057220459,2.190000057220459,2.190000057220459,2.190000057220459,1800.0
2026-04-28 15:46:00,SCZ.V,,10.779999732971191,10.789999961853027,10.779999732971191,10.789999961853027,400.0
2026-04-28 15:46:00,SGML.V,,27.989999771118164,27.989999771118164,27.989999771118164,27.989999771118164,100.0
2026-04-28 15:46:00,SSV.V,,0.5,0.5,0.5,0.5,5000.0
2026-04-28 15:46:00,SVRS.V,,0.45500001311302185,0.45500001311302185,0.45500001311302185,0.45500001311302185,1197.0
2026-04-28 15:47:00,NCX.V,,3.0899999141693115,3.0999999046325684,3.0899999141693115,3.0999999046325684,2500.0
2026-04-28 15:47:00,NIM.V,,0.8100000023841858,0.8100000023841858,0.8100000023841858,0.8100000023841858,500.0
2026-04-28 15:47:00,ONYX.V,,1.25,1.25,1.25,1.25,700.0
2026-04-28 15:47:00,PHNM.V,,0.44999998807907104,0.44999998807907104,0.4350000023841858,0.4350000023841858,31000.0
2026-04-28 15:47:00,PML.V,,1.0099999904632568,1.0099999904632568,1.0099999904632568,1.0099999904632568,100.0
2026-04-28 15:47:00,RDS.V,,1.059999942779541,1.059999942779541,1.059999942779541,1.059999942779541,400.0
2026-04-28 15:47:00,RECO.V,,1.2100000381469727,1.2100000381469727,1.2100000381469727,1.2100000381469727,900.0
2026-04-28 15:47:00,ROCK.V,,3.119999885559082,3.119999885559082,3.119999885559082,3.119999885559082,100.0
2026-04-28 15:47:00,ROI.V,,0.0949999988079071,0.0949999988079071,0.0949999988079071,0.0949999988079071,20000.0
2026-04-28 15:47:00,ROOF.V,,0.19499999284744263,0.19499999284744263,0.19499999284744263,0.19499999284744263,500.0
2026-04-28 15:47:00,RVG.V,,0.7900000214576721,0.7900000214576721,0.7900000214576721,0.7900000214576721,800.0
2026-04-28 15:47:00,SCZ.V,,10.8100004196167,10.8100004196167,10.779999732971191,10.779999732971191,650.0
2026-04-28 15:47:00,SECU.V,,2.0999999046325684,2.0999999046325684,2.0999999046325684,2.0999999046325684,3100.0
2026-04-28 15:47:00,SGML.V,,28.0,28.0,28.0,28.0,100.0
2026-04-28 15:47:00,SGN.V,,0.33500000834465027,0.33500000834465027,0.33500000834465027,0.33500000834465027,500.0
2026-04-28 15:47:00,SVE.V,,0.4699999988079071,0.4699999988079071,0.4699999988079071,0.4699999988079071,500.0
2026-04-28 15:47:00,VRY.V,,0.8399999737739563,0.8399999737739563,0.8399999737739563,0.8399999737739563,1000.0
2026-04-28 15:48:00,MGG.V,,0.3425000011920929,0.3425000011920929,0.3425000011920929,0.3425000011920929,3000.0
2026-04-28 15:48:00,NCX.V,,3.0950000286102295,3.0950000286102295,3.0950000286102295,3.0950000286102295,200.0
2026-04-28 15:48:00,ONYX.V,,1.25,1.25,1.25,1.25,600.0
2026-04-28 15:48:00,PGE.V,,0.3199999928474426,0.3199999928474426,0.3199999928474426,0.3199999928474426,14500.0
2026-04-28 15:48:00,PLSR.V,,1.690000057220459,1.690000057220459,1.690000057220459,1.690000057220459,900.0
2026-04-28 15:48:00,PML.V,,1.0149999856948853,1.0149999856948853,1.0149999856948853,1.0149999856948853,100.0
2026-04-28 15:48:00,QTWO.V,,2.765000104904175,2.765000104904175,2.765000104904175,2.765000104904175,100.0
2026-04-28 15:48:00,RECO.V,,1.2000000476837158,1.2100000381469727,1.2000000476837158,1.2100000381469727,19300.0
2026-04-28 15:48:00,ROCK.V,,3.119999885559082,3.119999885559082,3.119999885559082,3.119999885559082,900.0
2026-04-28 15:48:00,RYO.V,,0.38499999046325684,0.38499999046325684,0.38499999046325684,0.38499999046325684,500.0
2026-04-28 15:48:00,SAGE.V,,0.17000000178813934,0.17000000178813934,0.17000000178813934,0.17000000178813934,94000.0
2026-04-28 15:48:00,SCZ.V,,10.779999732971191,10.779999732971191,10.779999732971191,10.779999732971191,100.0
2026-04-28 15:48:00,SGN.V,,0.33500000834465027,0.33500000834465027,0.33500000834465027,0.33500000834465027,500.0
2026-04-28 15:48:00,SVE.V,,0.4699999988079071,0.4699999988079071,0.4699999988079071,0.4699999988079071,2000.0
2026-04-28 15:48:00,SVRS.V,,0.45500001311302185,0.45500001311302185,0.45500001311302185,0.45500001311302185,500.0
2026-04-28 15:49:00,MMY.V,,0.8299999833106995,0.8299999833106995,0.8299999833106995,0.8299999833106995,1500.0
2026-04-28 15:49:00,NFG.V,,2.6700000762939453,2.6700000762939453,2.6700000762939453,2.6700000762939453,800.0
2026-04-28 15:49:00,NGC.V,,0.17000000178813934,0.17000000178813934,0.17000000178813934,0.17000000178813934,5000.0
2026-04-28 15:49:00,NVI.V,,0.1599999964237213,0.1599999964237213,0.14000000059604645,0.14000000059604645,75000.0
2026-04-28 15:49:00,OMG.V,,2.240000009536743,2.240000009536743,2.240000009536743,2.240000009536743,7300.0
2026-04-28 15:49:00,ONYX.V,,1.25,1.25,1.25,1.25,700.0
2026-04-28 15:49:00,PGLD.V,,0.7099999785423279,0.7099999785423279,0.7099999785423279,0.7099999785423279,2000.0
2026-04-28 15:49:00,PLSR.V,,1.690000057220459,1.690000057220459,1.690000057220459,1.690000057220459,800.0
2026-04-28 15:49:00,PML.V,,1.0149999856948853,1.0149999856948853,1.0149999856948853,1.0149999856948853,100.0
2026-04-28 15:49:00,QTWO.V,,2.765000104904175,2.7699999809265137,2.765000104904175,2.7699999809265137,300.0
2026-04-28 15:49:00,RDS.V,,1.059999942779541,1.059999942779541,1.059999942779541,1.059999942779541,6600.0
2026-04-28 15:49:00,RECO.V,,1.2100000381469727,1.2100000381469727,1.2100000381469727,1.2100000381469727,600.0
2026-04-28 15:49:00,RK.V,,0.1599999964237213,0.1599999964237213,0.1599999964237213,0.1599999964237213,3500.0
2026-04-28 15:49:00,SCD.V,,0.1550000011920929,0.1550000011920929,0.1550000011920929,0.1550000011920929,5250.0
2026-04-28 15:49:00,SCOT.V,,2.190000057220459,2.190000057220459,2.190000057220459,2.190000057220459,100.0
2026-04-28 15:49:00,SCZ.V,,10.819999694824219,10.819999694824219,10.789999961853027,10.789999961853027,550.0
2026-04-28 15:49:00,SGML.V,,28.0,28.010000228881836,28.0,28.010000228881836,200.0
2026-04-28 15:49:00,SGN.V,,0.33500000834465027,0.33500000834465027,0.33500000834465027,0.33500000834465027,500.0
2026-04-28 15:49:00,SHL.V,,0.49000000953674316,0.49000000953674316,0.49000000953674316,0.49000000953674316,500.0
2026-04-28 15:49:00,SLI.V,,5.119999885559082,5.119999885559082,5.119999885559082,5.119999885559082,400.0
2026-04-28 15:49:00,SSV.V,,0.5,0.5,0.5,0.5,6500.0
2026-04-28 15:49:00,STND.V,,0.10000000149011612,0.10000000149011612,0.10000000149011612,0.10000000149011612,6000.0
2026-04-28 15:50:00,NCAU.V,,0.5799999833106995,0.5799999833106995,0.5799999833106995,0.5799999833106995,1000.0
2026-04-28 15:50:00,NFG.V,,2.6700000762939453,2.6700000762939453,2.6700000762939453,2.6700000762939453,1260.0
2026-04-28 15:50:00,NMI.V,,0.24500000476837158,0.25,0.24500000476837158,0.25,47005.0
2026-04-28 15:50:00,NXLV.V,,1.9700000286102295,2.009999990463257,1.9700000286102295,2.009999990463257,3400.0
2026-04-28 15:50:00,ODV.V,,4.159999847412109,4.159999847412109,4.150000095367432,4.150000095367432,900.0
2026-04-28 15:50:00,OGN.V,,3.700000047683716,3.700000047683716,3.700000047683716,3.700000047683716,5250.0
2026-04-28 15:50:00,OMG.V,,2.25,2.255000114440918,2.244999885559082,2.244999885559082,7600.0
2026-04-28 15:50:00,PEI.V,,0.03999999910593033,0.03999999910593033,0.03999999910593033,0.03999999910593033,144000.0
2026-04-28 15:50:00,PGLD.V,,0.7099999785423279,0.7099999785423279,0.7099999785423279,0.7099999785423279,1000.0
2026-04-28 15:50:00,PLSR.V,,1.6799999475479126,1.6799999475479126,1.6799999475479126,1.6799999475479126,100.0
2026-04-28 15:50:00,PML.V,,1.0149999856948853,1.0149999856948853,1.0149999856948853,1.0149999856948853,100.0
2026-04-28 15:50:00,PRG.V,,0.7200000286102295,0.7200000286102295,0.7200000286102295,0.7200000286102295,9500.0
2026-04-28 15:50:00,QGR.V,,0.2800000011920929,0.2849999964237213,0.2800000011920929,0.2849999964237213,49200.0
2026-04-28 15:50:00,QTWO.V,,2.765000104904175,2.765000104904175,2.765000104904175,2.765000104904175,200.0
2026-04-28 15:50:00,RECO.V,,1.2100000381469727,1.2100000381469727,1.2100000381469727,1.2100000381469727,1000.0
2026-04-28 15:50:00,SCOT.V,,2.190000057220459,2.190000057220459,2.190000057220459,2.190000057220459,200.0
2026-04-28 15:50:00,SCZ.V,,10.770000457763672,10.789999961853027,10.770000457763672,10.789999961853027,700.0
2026-04-28 15:50:00,SGML.V,,28.059999465942383,28.059999465942383,28.059999465942383,28.059999465942383,100.0
2026-04-28 15:50:00,SGN.V,,0.3400000035762787,0.3400000035762787,0.3400000035762787,0.3400000035762787,2500.0
2026-04-28 15:50:00,SLI.V,,5.150000095367432,5.159999847412109,5.119999885559082,5.130000114440918,15000.0
2026-04-28 15:50:00,VIPR.V,,0.8600000143051147,0.8600000143051147,0.8600000143051147,0.8600000143051147,500.0
2026-04-28 15:51:00,MMY.V,,0.8299999833106995,0.8399999737739563,0.8299999833106995,0.8399999737739563,1000.0
2026-04-28 15:51:00,ODV.V,,4.150000095367432,4.150000095367432,4.150000095367432,4.150000095367432,700.0
2026-04-28 15:51:00,PLSR.V,,1.6799999475479126,1.690000057220459,1.6799999475479126,1.684999942779541,2100.0
2026-04-28 15:51:00,PML.V,,1.0099999904632568,1.0099999904632568,1.0099999904632568,1.0099999904632568,100.0
2026-04-28 15:51:00,QTWO.V,,2.765000104904175,2.765000104904175,2.765000104904175,2.765000104904175,100.0
2026-04-28 15:51:00,RDS.V,,1.0549999475479126,1.0549999475479126,1.0549999475479126,1.0549999475479126,1800.0
2026-04-28 15:51:00,RECO.V,,1.2100000381469727,1.2100000381469727,1.2100000381469727,1.2100000381469727,1200.0
2026-04-28 15:51:00,RVG.V,,0.7900000214576721,0.7900000214576721,0.7900000214576721,0.7900000214576721,500.0
2026-04-28 15:51:00,SCOT.V,,2.1700000762939453,2.190000057220459,2.1700000762939453,2.190000057220459,500.0
2026-04-28 15:51:00,SCZ.V,,10.770000457763672,10.789999961853027,10.760000228881836,10.760000228881836,2900.0
2026-04-28 15:51:00,SGML.V,,28.010000228881836,28.06999969482422,28.010000228881836,28.06999969482422,300.0
2026-04-28 15:51:00,SLI.V,,5.150000095367432,5.170000076293945,5.150000095367432,5.150000095367432,4900.0
2026-04-28 15:51:00,SM.V,,1.6799999475479126,1.6799999475479126,1.6799999475479126,1.6799999475479126,1700.0
2026-04-28 15:51:00,SMN.V,,0.14499999582767487,0.14499999582767487,0.14499999582767487,0.14499999582767487,50000.0
2026-04-28 15:51:00,STS.V,,0.14000000059604645,0.14000000059604645,0.14000000059604645,0.14000000059604645,687.0
2026-04-28 15:52:00,MGG.V,,0.3425000011920929,0.3425000011920929,0.3425000011920929,0.3425000011920929,500.0
2026-04-28 15:52:00,MKA.V,,0.8500000238418579,0.8500000238418579,0.8500000238418579,0.8500000238418579,2000.0
2026-04-28 15:52:00,MMY.V,,0.8399999737739563,0.8399999737739563,0.8399999737739563,0.8399999737739563,500.0
2026-04-28 15:52:00,NBM.V,,0.5,0.5,0.5,0.5,1500.0
2026-04-28 15:52:00,NCX.V,,3.0950000286102295,3.0999999046325684,3.0950000286102295,3.0950000286102295,300.0
2026-04-28 15:52:00,NIM.V,,0.8100000023841858,0.8100000023841858,0.8100000023841858,0.8100000023841858,500.0
2026-04-28 15:52:00,OCO.V,,0.38999998569488525,0.38999998569488525,0.38999998569488525,0.38999998569488525,500.0
2026-04-28 15:52:00,ODV.V,,4.159999847412109,4.179999828338623,4.159999847412109,4.159999847412109,2400.0
2026-04-28 15:52:00,OMG.V,,2.240000009536743,2.240000009536743,2.240000009536743,2.240000009536743,2300.0
2026-04-28 15:52:00,ONYX.V,,1.2599999904632568,1.2599999904632568,1.25,1.25,11000.0
2026-04-28 15:52:00,PGLD.V,,0.7099999785423279,0.7099999785423279,0.7099999785423279,0.7099999785423279,500.0
2026-04-28 15:52:00,PML.V,,1.0099999904632568,1.0099999904632568,1.0099999904632568,1.0099999904632568,100.0
2026-04-28 15:52:00,PRG.V,,0.7400000095367432,0.7400000095367432,0.7300000190734863,0.7300000190734863,5500.0
2026-04-28 15:52:00,QTWO.V,,2.7750000953674316,2.7799999713897705,2.7699999809265137,2.7699999809265137,2700.0
2026-04-28 15:52:00,QURI.V,,0.054999999701976776,0.054999999701976776,0.054999999701976776,0.054999999701976776,18000.0
2026-04-28 15:52:00,RECO.V,,1.2100000381469727,1.2100000381469727,1.2100000381469727,1.2100000381469727,1500.0
2026-04-28 15:52:00,SCZ.V,,10.779999732971191,10.779999732971191,10.779999732971191,10.779999732971191,100.0
2026-04-28 15:52:00,SGML.V,,28.059999465942383,28.09000015258789,28.059999465942383,28.09000015258789,500.0
2026-04-28 15:52:00,SHL.V,,0.49000000953674316,0.49000000953674316,0.49000000953674316,0.49000000953674316,500.0
2026-04-28 15:52:00,SLI.V,,5.150000095367432,5.150000095367432,5.150000095367432,5.150000095367432,2400.0
2026-04-28 15:52:00,STND.V,,0.10000000149011612,0.10000000149011612,0.10000000149011612,0.10000000149011612,10000.0
2026-04-28 15:52:00,STUD.V,,0.3499999940395355,0.3499999940395355,0.3499999940395355,0.3499999940395355,3000.0
2026-04-28 15:52:00,SVE.V,,0.4699999988079071,0.4699999988079071,0.4699999988079071,0.4699999988079071,1000.0
2026-04-28 15:52:00,SVRS.V,,0.44999998807907104,0.44999998807907104,0.44999998807907104,0.44999998807907104,500.0
2026-04-28 15:53:00,MHUB.V,,0.75,0.75,0.75,0.75,2500.0
2026-04-28 15:53:00,NCX.V,,3.0950000286102295,3.0950000286102295,3.0950000286102295,3.0950000286102295,100.0
2026-04-28 15:53:00,NFG.V,,2.6600000858306885,2.6649999618530273,2.6600000858306885,2.6649999618530273,800.0
2026-04-28 15:53:00,OCI.V,,0.125,0.125,0.125,0.125,1500.0
2026-04-28 15:53:00,ODV.V,,4.150000095367432,4.159999847412109,4.150000095367432,4.159999847412109,1700.0
2026-04-28 15:53:00,OMG.V,,2.240000009536743,2.240000009536743,2.240000009536743,2.240000009536743,2900.0
2026-04-28 15:53:00,PGLD.V,,0.7099999785423279,0.7099999785423279,0.7099999785423279,0.7099999785423279,500.0
2026-04-28 15:53:00,PML.V,,1.0099999904632568,1.0099999904632568,1.0099999904632568,1.0099999904632568,200.0
2026-04-28 15:53:00,QTWO.V,,2.7699999809265137,2.7750000953674316,2.7699999809265137,2.7750000953674316,1300.0
2026-04-28 15:53:00,RDU.V,,0.125,0.125,0.125,0.125,18000.0
2026-04-28 15:53:00,RECO.V,,1.2100000381469727,1.2100000381469727,1.2100000381469727,1.2100000381469727,1500.0
2026-04-28 15:53:00,RVG.V,,0.7950000166893005,0.7950000166893005,0.7950000166893005,0.7950000166893005,500.0
2026-04-28 15:53:00,SCZ.V,,10.760000228881836,10.770000457763672,10.760000228881836,10.770000457763672,600.0
2026-04-28 15:53:00,SGML.V,,28.079999923706055,28.079999923706055,28.079999923706055,28.079999923706055,100.0
2026-04-28 15:53:00,SGN.V,,0.3400000035762787,0.3400000035762787,0.3400000035762787,0.3400000035762787,500.0
2026-04-28 15:53:00,SLI.V,,5.150000095367432,5.150000095367432,5.150000095367432,5.150000095367432,1800.0
2026-04-28 15:53:00,SOMA.V,,1.3200000524520874,1.3200000524520874,1.3200000524520874,1.3200000524520874,100.0
2026-04-28 15:53:00,STS.V,,0.14000000059604645,0.14000000059604645,0.14000000059604645,0.14000000059604645,4000.0
2026-04-28 15:53:00,SUGR.V,,12.270000457763672,12.5,12.270000457763672,12.5,200.0
2026-04-28 15:53:00,SVRS.V,,0.44999998807907104,0.44999998807907104,0.44999998807907104,0.44999998807907104,500.0
2026-04-28 15:54:00,MGG.V,,0.3425000011920929,0.3425000011920929,0.3425000011920929,0.3425000011920929,500.0
2026-04-28 15:54:00,MMY.V,,0.8399999737739563,0.8399999737739563,0.8399999737739563,0.8399999737739563,500.0
2026-04-28 15:54:00,NCX.V,,3.0950000286102295,3.0950000286102295,3.0899999141693115,3.0950000286102295,300.0
2026-04-28 15:54:00,NFG.V,,2.6700000762939453,2.6700000762939453,2.6700000762939453,2.6700000762939453,1600.0
2026-04-28 15:54:00,OCI.V,,0.125,0.125,0.125,0.125,4000.0
2026-04-28 15:54:00,ODV.V,,4.150000095367432,4.150000095367432,4.144999980926514,4.144999980926514,7859.0
2026-04-28 15:54:00,OMG.V,,2.240000009536743,2.240000009536743,2.234999895095825,2.234999895095825,12200.0
2026-04-28 15:54:00,PGE.V,,0.3199999928474426,0.3199999928474426,0.3199999928474426,0.3199999928474426,500.0
2026-04-28 15:54:00,PGLD.V,,0.7099999785423279,0.7099999785423279,0.7099999785423279,0.7099999785423279,1000.0
2026-04-28 15:54:00,PLSR.V,,1.6699999570846558,1.6699999570846558,1.6699999570846558,1.6699999570846558,300.0
2026-04-28 15:54:00,PLY.V,,0.05999999865889549,0.05999999865889549,0.05999999865889549,0.05999999865889549,100000.0
2026-04-28 15:54:00,PML.V,,1.0099999904632568,1.0099999904632568,1.0099999904632568,1.0099999904632568,200.0
2026-04-28 15:54:00,PRG.V,,0.7300000190734863,0.7300000190734863,0.7300000190734863,0.7300000190734863,2000.0
2026-04-28 15:54:00,QTWO.V,,2.765000104904175,2.765000104904175,2.765000104904175,2.765000104904175,1100.0
2026-04-28 15:54:00,RAK.V,,0.15000000596046448,0.15000000596046448,0.15000000596046448,0.15000000596046448,1000.0
2026-04-28 15:54:00,RECO.V,,1.2100000381469727,1.2100000381469727,1.2100000381469727,1.2100000381469727,900.0
2026-04-28 15:54:00,ROCK.V,,3.119999885559082,3.119999885559082,3.119999885559082,3.119999885559082,100.0
2026-04-28 15:54:00,ROI.V,,0.0949999988079071,0.0949999988079071,0.0949999988079071,0.0949999988079071,1000.0
2026-04-28 15:54:00,SCOT.V,,2.1700000762939453,2.1700000762939453,2.1700000762939453,2.1700000762939453,400.0
2026-04-28 15:54:00,SCZ.V,,10.789999961853027,10.789999961853027,10.760000228881836,10.760000228881836,3800.0
2026-04-28 15:54:00,SGN.V,,0.3400000035762787,0.3449999988079071,0.3400000035762787,0.3449999988079071,90000.0
2026-04-28 15:54:00,SHL.V,,0.49000000953674316,0.49000000953674316,0.49000000953674316,0.49000000953674316,500.0
2026-04-28 15:54:00,SVE.V,,0.4699999988079071,0.4699999988079071,0.4699999988079071,0.4699999988079071,500.0
2026-04-28 15:54:00,SVRS.V,,0.44999998807907104,0.44999998807907104,0.44999998807907104,0.44999998807907104,7700.0
2026-04-28 15:55:00,MGG.V,,0.3425000011920929,0.3425000011920929,0.3425000011920929,0.3425000011920929,500.0
2026-04-28 15:55:00,MMY.V,,0.8399999737739563,0.8399999737739563,0.8399999737739563,0.8399999737739563,500.0
2026-04-28 15:55:00,NCX.V,,3.0999999046325684,3.0999999046325684,3.0950000286102295,3.0950000286102295,1900.0
2026-04-28 15:55:00,NFG.V,,2.6700000762939453,2.6700000762939453,2.6700000762939453,2.6700000762939453,1100.0
2026-04-28 15:55:00,NIM.V,,0.8100000023841858,0.8100000023841858,0.8100000023841858,0.8100000023841858,18500.0
2026-04-28 15:55:00,NMI.V,,0.24500000476837158,0.24500000476837158,0.24500000476837158,0.24500000476837158,4500.0
2026-04-28 15:55:00,ODV.V,,4.150000095367432,4.150000095367432,4.150000095367432,4.150000095367432,1100.0
2026-04-28 15:55:00,OMG.V,,2.240000009536743,2.240000009536743,2.240000009536743,2.240000009536743,6000.0
2026-04-28 15:55:00,PGDC.V,,0.800000011920929,0.800000011920929,0.800000011920929,0.800000011920929,5200.0
2026-04-28 15:55:00,PGLD.V,,0.7099999785423279,0.7099999785423279,0.7099999785423279,0.7099999785423279,3500.0
2026-04-28 15:55:00,PLSR.V,,1.6799999475479126,1.6799999475479126,1.6799999475479126,1.6799999475479126,900.0
2026-04-28 15:55:00,PML.V,,1.0099999904632568,1.0099999904632568,1.0099999904632568,1.0099999904632568,300.0
2026-04-28 15:55:00,PPP.V,,1.4700000286102295,1.4700000286102295,1.4700000286102295,1.4700000286102295,300.0
2026-04-28 15:55:00,QTWO.V,,2.7699999809265137,2.7699999809265137,2.759999990463257,2.759999990463257,4800.0
2026-04-28 15:55:00,RECO.V,,1.2050000429153442,1.2100000381469727,1.2050000429153442,1.2100000381469727,1000.0
2026-04-28 15:55:00,SCZ.V,,10.770000457763672,10.8100004196167,10.770000457763672,10.800000190734863,2600.0
2026-04-28 15:55:00,SGML.V,,28.010000228881836,28.030000686645508,28.010000228881836,28.030000686645508,800.0
2026-04-28 15:55:00,SGN.V,,0.3425000011920929,0.3425000011920929,0.3425000011920929,0.3425000011920929,500.0
2026-04-28 15:55:00,SLI.V,,5.130000114440918,5.139999866485596,5.130000114440918,5.135000228881836,400.0
2026-04-28 15:55:00,SOMA.V,,1.309999942779541,1.3200000524520874,1.309999942779541,1.3200000524520874,1000.0
2026-04-28 15:55:00,SVRS.V,,0.44999998807907104,0.44999998807907104,0.44999998807907104,0.44999998807907104,1500.0
2026-04-28 15:56:00,MGG.V,,0.3425000011920929,0.3425000011920929,0.3425000011920929,0.3425000011920929,500.0
2026-04-28 15:56:00,NCX.V,,3.0999999046325684,3.0999999046325684,3.0999999046325684,3.0999999046325684,1200.0
2026-04-28 15:56:00,NFG.V,,2.6700000762939453,2.6700000762939453,2.6700000762939453,2.6700000762939453,700.0
2026-04-28 15:56:00,NIM.V,,0.8100000023841858,0.8100000023841858,0.8100000023841858,0.8100000023841858,1500.0
2026-04-28 15:56:00,ODV.V,,4.144999980926514,4.150000095367432,4.144999980926514,4.150000095367432,6600.0
2026-04-28 15:56:00,OMG.V,,2.240000009536743,2.240000009536743,2.240000009536743,2.240000009536743,2800.0
2026-04-28 15:56:00,PGLD.V,,0.7099999785423279,0.7099999785423279,0.7099999785423279,0.7099999785423279,500.0
2026-04-28 15:56:00,PLSR.V,,1.6799999475479126,1.6799999475479126,1.6699999570846558,1.6799999475479126,2000.0
2026-04-28 15:56:00,PML.V,,1.0099999904632568,1.0099999904632568,1.0099999904632568,1.0099999904632568,200.0
2026-04-28 15:56:00,QTWO.V,,2.7699999809265137,2.7699999809265137,2.7699999809265137,2.7699999809265137,800.0
2026-04-28 15:56:00,RECO.V,,1.2050000429153442,1.2050000429153442,1.2050000429153442,1.2050000429153442,600.0
2026-04-28 15:56:00,RYO.V,,0.38499999046325684,0.38499999046325684,0.38499999046325684,0.38499999046325684,5000.0
2026-04-28 15:56:00,SCOT.V,,2.180000066757202,2.190000057220459,2.180000066757202,2.190000057220459,1800.0
2026-04-28 15:56:00,SCZ.V,,10.800000190734863,10.800000190734863,10.800000190734863,10.800000190734863,100.0
2026-04-28 15:56:00,SGML.V,,28.1200008392334,28.1200008392334,28.059999465942383,28.059999465942383,596.0
2026-04-28 15:56:00,SGN.V,,0.3449999988079071,0.3449999988079071,0.3400000035762787,0.3400000035762787,19500.0
2026-04-28 15:56:00,SLI.V,,5.119999885559082,5.130000114440918,5.119999885559082,5.130000114440918,900.0
2026-04-28 15:56:00,STRR.V,,0.5099999904632568,0.5099999904632568,0.5099999904632568,0.5099999904632568,2000.0
2026-04-28 15:56:00,SVRS.V,,0.44999998807907104,0.44999998807907104,0.44999998807907104,0.44999998807907104,1500.0
2026-04-28 15:57:00,MCI.V,,0.25999999046325684,0.25999999046325684,0.25999999046325684,0.25999999046325684,11000.0
2026-04-28 15:57:00,MMY.V,,0.8399999737739563,0.8399999737739563,0.8399999737739563,0.8399999737739563,500.0
2026-04-28 15:57:00,NCAU.V,,0.5799999833106995,0.5799999833106995,0.5799999833106995,0.5799999833106995,5000.0
2026-04-28 15:57:00,NCI.V,,1.0,1.0,1.0,1.0,800.0
2026-04-28 15:57:00,NCX.V,,3.0999999046325684,3.0999999046325684,3.0999999046325684,3.0999999046325684,1200.0
2026-04-28 15:57:00,NFG.V,,2.6700000762939453,2.6700000762939453,2.6700000762939453,2.6700000762939453,1900.0
2026-04-28 15:57:00,ODV.V,,4.150000095367432,4.159999847412109,4.150000095367432,4.150000095367432,2100.0
2026-04-28 15:57:00,OMG.V,,2.240000009536743,2.240000009536743,2.240000009536743,2.240000009536743,9000.0
2026-04-28 15:57:00,ONYX.V,,1.2599999904632568,1.2599999904632568,1.2599999904632568,1.2599999904632568,400.0
2026-04-28 15:57:00,PGLD.V,,0.7099999785423279,0.7099999785423279,0.7099999785423279,0.7099999785423279,500.0
2026-04-28 15:57:00,PLSR.V,,1.6699999570846558,1.6799999475479126,1.6699999570846558,1.6799999475479126,900.0
2026-04-28 15:57:00,PML.V,,1.0099999904632568,1.0099999904632568,1.0099999904632568,1.0099999904632568,200.0
2026-04-28 15:57:00,QTWO.V,,2.7699999809265137,2.7699999809265137,2.7699999809265137,2.7699999809265137,1800.0
2026-04-28 15:57:00,RDS.V,,1.059999942779541,1.059999942779541,1.059999942779541,1.059999942779541,2500.0
2026-04-28 15:57:00,RECO.V,,1.2000000476837158,1.2000000476837158,1.2000000476837158,1.2000000476837158,1000.0
2026-04-28 15:57:00,ROCK.V,,3.109999895095825,3.109999895095825,3.109999895095825,3.109999895095825,900.0
2026-04-28 15:57:00,RPX.V,,0.17000000178813934,0.17000000178813934,0.16750000417232513,0.16750000417232513,1500.0
2026-04-28 15:57:00,RYO.V,,0.38499999046325684,0.38499999046325684,0.38499999046325684,0.38499999046325684,8000.0
2026-04-28 15:57:00,SCOT.V,,2.1700000762939453,2.180000066757202,2.1700000762939453,2.180000066757202,1400.0
2026-04-28 15:57:00,SCZ.V,,10.779999732971191,10.789999961853027,10.770000457763672,10.770000457763672,1600.0
2026-04-28 15:57:00,SGML.V,,28.190000534057617,28.190000534057617,28.190000534057617,28.190000534057617,500.0
2026-04-28 15:57:00,SLG.V,,3.2200000286102295,3.2200000286102295,3.2200000286102295,3.2200000286102295,200.0
2026-04-28 15:57:00,SLI.V,,5.110000133514404,5.119999885559082,5.110000133514404,5.119999885559082,1299.0
2026-04-28 15:57:00,SOMA.V,,1.309999942779541,1.3200000524520874,1.309999942779541,1.3200000524520874,1000.0
2026-04-28 15:57:00,SVE.V,,0.4699999988079071,0.4699999988079071,0.4699999988079071,0.4699999988079071,500.0
2026-04-28 15:57:00,SVRS.V,,0.44999998807907104,0.44999998807907104,0.44999998807907104,0.44999998807907104,1500.0
2026-04-28 15:57:00,VIPR.V,,0.8600000143051147,0.8600000143051147,0.8600000143051147,0.8600000143051147,500.0
2026-04-28 15:58:00,MGG.V,,0.3425000011920929,0.3425000011920929,0.3425000011920929,0.3425000011920929,500.0
2026-04-28 15:58:00,MMY.V,,0.8399999737739563,0.8399999737739563,0.8399999737739563,0.8399999737739563,500.0
2026-04-28 15:58:00,NCAU.V,,0.5799999833106995,0.5799999833106995,0.5799999833106995,0.5799999833106995,2000.0
2026-04-28 15:58:00,NCX.V,,3.0999999046325684,3.0999999046325684,3.0999999046325684,3.0999999046325684,1000.0
2026-04-28 15:58:00,NFG.V,,2.6700000762939453,2.6700000762939453,2.6700000762939453,2.6700000762939453,2600.0
2026-04-28 15:58:00,NIM.V,,0.8199999928474426,0.8199999928474426,0.8199999928474426,0.8199999928474426,7000.0
2026-04-28 15:58:00,NWST.V,,0.3474999964237213,0.3474999964237213,0.3474999964237213,0.3474999964237213,1000.0
2026-04-28 15:58:00,ODV.V,,4.170000076293945,4.170000076293945,4.150000095367432,4.150000095367432,8200.0
2026-04-28 15:58:00,OMG.V,,2.244999885559082,2.244999885559082,2.244999885559082,2.244999885559082,300.0
2026-04-28 15:58:00,ONYX.V,,1.2599999904632568,1.2599999904632568,1.2599999904632568,1.2599999904632568,3000.0
2026-04-28 15:58:00,PGLD.V,,0.7099999785423279,0.7099999785423279,0.7099999785423279,0.7099999785423279,2000.0
2026-04-28 15:58:00,PLSR.V,,1.6799999475479126,1.690000057220459,1.6799999475479126,1.6799999475479126,2800.0
2026-04-28 15:58:00,PML.V,,1.0099999904632568,1.0099999904632568,1.0099999904632568,1.0099999904632568,100.0
2026-04-28 15:58:00,QGR.V,,0.2800000011920929,0.2800000011920929,0.2800000011920929,0.2800000011920929,500.0
2026-04-28 15:58:00,QTWO.V,,2.765000104904175,2.7699999809265137,2.765000104904175,2.7699999809265137,700.0
2026-04-28 15:58:00,ROCK.V,,3.0999999046325684,3.140000104904175,3.0999999046325684,3.130000114440918,8800.0
2026-04-28 15:58:00,ROOF.V,,0.19499999284744263,0.19499999284744263,0.19499999284744263,0.19499999284744263,1000.0
2026-04-28 15:58:00,RYO.V,,0.38499999046325684,0.38499999046325684,0.38499999046325684,0.38499999046325684,7000.0
2026-04-28 15:58:00,SCOT.V,,2.200000047683716,2.200000047683716,2.200000047683716,2.200000047683716,400.0
2026-04-28 15:58:00,SCZ.V,,10.774999618530273,10.789999961853027,10.774999618530273,10.789999961853027,800.0
2026-04-28 15:58:00,SEI.V,,0.550000011920929,0.550000011920929,0.550000011920929,0.550000011920929,25000.0
2026-04-28 15:58:00,SGML.V,,28.219999313354492,28.229999542236328,28.170000076293945,28.190000534057617,2700.0
2026-04-28 15:58:00,SGN.V,,0.3449999988079071,0.3449999988079071,0.3449999988079071,0.3449999988079071,1500.0
2026-04-28 15:58:00,SLG.V,,3.200000047683716,3.2200000286102295,3.200000047683716,3.2200000286102295,400.0
2026-04-28 15:58:00,SLI.V,,5.110000133514404,5.110000133514404,5.110000133514404,5.110000133514404,100.0
2026-04-28 15:58:00,SNM.V,,0.20000000298023224,0.20000000298023224,0.20000000298023224,0.20000000298023224,20000.0
2026-04-28 15:58:00,SOMA.V,,1.3200000524520874,1.3200000524520874,1.3200000524520874,1.3200000524520874,100.0
2026-04-28 15:58:00,SRR.V,,0.9800000190734863,0.9800000190734863,0.9800000190734863,0.9800000190734863,500.0
2026-04-28 15:58:00,SSV.V,,0.5,0.5,0.5,0.5,1500.0
2026-04-28 15:58:00,SVRS.V,,0.44999998807907104,0.45500001311302185,0.44999998807907104,0.44999998807907104,17500.0
2026-04-28 15:58:00,SYH.V,,0.48500001430511475,0.49000000953674316,0.47999998927116394,0.49000000953674316,75550.0
2026-04-28 15:59:00,FEO.V,,0.8399999737739563,0.8399999737739563,0.8399999737739563,0.8399999737739563,5000.0
2026-04-28 15:59:00,MKA.V,,0.8500000238418579,0.8500000238418579,0.8500000238418579,0.8500000238418579,500.0
2026-04-28 15:59:00,MMY.V,,0.8299999833106995,0.8399999737739563,0.8199999928474426,0.8399999737739563,25500.0
2026-04-28 15:59:00,MOO.V,,0.7300000190734863,0.7300000190734863,0.7300000190734863,0.7300000190734863,5000.0
2026-04-28 15:59:00,MOX.V,,0.20000000298023224,0.20000000298023224,0.20000000298023224,0.20000000298023224,500.0
2026-04-28 15:59:00,NCI.V,,1.0,1.0,1.0,1.0,100.0
2026-04-28 15:59:00,NCX.V,,3.0999999046325684,3.109999895095825,3.0999999046325684,3.109999895095825,2330.0
2026-04-28 15:59:00,NFG.V,,2.6600000858306885,2.6700000762939453,2.6600000858306885,2.6700000762939453,8264.0
2026-04-28 15:59:00,NIM.V,,0.8100000023841858,0.8199999928474426,0.8100000023841858,0.8199999928474426,2500.0
2026-04-28 15:59:00,OCO.V,,0.38749998807907104,0.38749998807907104,0.38749998807907104,0.38749998807907104,500.0
2026-04-28 15:59:00,ODV.V,,4.110000133514404,4.179999828338623,4.110000133514404,4.164999961853027,2938.0
2026-04-28 15:59:00,OGN.V,,3.7699999809265137,3.7699999809265137,3.7300000190734863,3.7300000190734863,300.0
2026-04-28 15:59:00,OMG.V,,2.2699999809265137,2.2699999809265137,2.240000009536743,2.244999885559082,8768.0
2026-04-28 15:59:00,ONYX.V,,1.25,1.2599999904632568,1.25,1.2599999904632568,5200.0
2026-04-28 15:59:00,PALI.V,,2.640000104904175,2.640000104904175,2.640000104904175,2.640000104904175,200.0
2026-04-28 15:59:00,PCLO.V,,0.054999999701976776,0.054999999701976776,0.054999999701976776,0.054999999701976776,37000.0
2026-04-28 15:59:00,PGLD.V,,0.7200000286102295,0.7200000286102295,0.7099999785423279,0.7099999785423279,4000.0
2026-04-28 15:59:00,PLSR.V,,1.6799999475479126,1.6799999475479126,1.6799999475479126,1.6799999475479126,300.0
2026-04-28 15:59:00,PML.V,,1.0199999809265137,1.0199999809265137,1.0099999904632568,1.0099999904632568,3600.0
2026-04-28 15:59:00,PWM.V,,0.42500001192092896,0.42500001192092896,0.42500001192092896,0.42500001192092896,6000.0
2026-04-28 15:59:00,QGR.V,,0.2800000011920929,0.2800000011920929,0.2800000011920929,0.2800000011920929,17000.0
2026-04-28 15:59:00,QTWO.V,,2.75,2.7899999618530273,2.75,2.7699999809265137,8300.0
2026-04-28 15:59:00,RDS.V,,1.059999942779541,1.059999942779541,1.059999942779541,1.059999942779541,1100.0
2026-04-28 15:59:00,RE.V,,0.3700000047683716,0.3700000047683716,0.3700000047683716,0.3700000047683716,500.0
2026-04-28 15:59:00,RECO.V,,1.2100000381469727,1.2100000381469727,1.2000000476837158,1.2000000476837158,4000.0
2026-04-28 15:59:00,ROCK.V,,3.0999999046325684,3.0999999046325684,3.0999999046325684,3.0999999046325684,100.0
2026-04-28 15:59:00,RVG.V,,0.8100000023841858,0.8199999928474426,0.7900000214576721,0.7900000214576721,22921.0
2026-04-28 15:59:00,RYO.V,,0.38999998569488525,0.38999998569488525,0.38999998569488525,0.38999998569488525,4000.0
2026-04-28 15:59:00,SAG.V,,1.2699999809265137,1.2699999809265137,1.2699999809265137,1.2699999809265137,600.0
2026-04-28 15:59:00,SCD.V,,0.15000000596046448,0.15000000596046448,0.15000000596046448,0.15000000596046448,2500.0
2026-04-28 15:59:00,SCOT.V,,2.1600000858306885,2.2100000381469727,2.1600000858306885,2.200000047683716,900.0
2026-04-28 15:59:00,SCZ.V,,10.720000267028809,10.789999961853027,10.720000267028809,10.789999961853027,1884.0
2026-04-28 15:59:00,SEI.V,,0.5600000023841858,0.5600000023841858,0.550000011920929,0.550000011920929,111500.0
2026-04-28 15:59:00,SGML.V,,28.360000610351562,28.360000610351562,28.170000076293945,28.209999084472656,1300.0
2026-04-28 15:59:00,SGN.V,,0.3449999988079071,0.3449999988079071,0.3449999988079071,0.3449999988079071,2000.0
2026-04-28 15:59:00,SLG.V,,3.2200000286102295,3.2200000286102295,3.190000057220459,3.2200000286102295,1400.0
2026-04-28 15:59:00,SLI.V,,5.119999885559082,5.119999885559082,5.119999885559082,5.119999885559082,2504.0
2026-04-28 15:59:00,SM.V,,1.6699999570846558,1.690000057220459,1.6699999570846558,1.6749999523162842,7600.0
2026-04-28 15:59:00,SME.V,,0.07000000029802322,0.07000000029802322,0.07000000029802322,0.07000000029802322,15000.0
2026-04-28 15:59:00,SMN.V,,0.14499999582767487,0.14499999582767487,0.14499999582767487,0.14499999582767487,10000.0
2026-04-28 15:59:00,SNM.V,,0.20000000298023224,0.20000000298023224,0.20000000298023224,0.20000000298023224,55500.0
2026-04-28 15:59:00,SOMA.V,,1.2899999618530273,1.2899999618530273,1.2899999618530273,1.2899999618530273,2200.0
2026-04-28 15:59:00,SPA.V,,0.30000001192092896,0.30000001192092896,0.30000001192092896,0.30000001192092896,14500.0
2026-04-28 15:59:00,SRQ.V,,0.07500000298023224,0.07500000298023224,0.07500000298023224,0.07500000298023224,9000.0
2026-04-28 15:59:00,SVE.V,,0.4699999988079071,0.4699999988079071,0.4699999988079071,0.4699999988079071,1500.0
2026-04-28 15:59:00,SVRS.V,,0.44999998807907104,0.46000000834465027,0.44999998807907104,0.44999998807907104,22875.0
2026-04-28 15:59:00,SYH.V,,0.49000000953674316,0.49000000953674316,0.49000000953674316,0.49000000953674316,0.0
