Datetime,Ticker,Adj Close,Close,High,Low,Open,Volume
2026-06-02 09:30:00,AGX.V,,0.800000011920929,0.800000011920929,0.800000011920929,0.800000011920929,0.0
2026-06-02 09:30:00,AMY.V,,0.07500000298023224,0.07500000298023224,0.07500000298023224,0.07500000298023224,0.0
2026-06-02 09:30:00,BKM.V,,2.5899999141693115,2.5899999141693115,2.5899999141693115,2.5899999141693115,0.0
2026-06-02 09:30:00,DEAL.V,,0.009999999776482582,0.009999999776482582,0.009999999776482582,0.009999999776482582,0.0
2026-06-02 09:30:00,FISH.V,,4.25,4.25,4.25,4.25,0.0
2026-06-02 09:30:00,HASH.V,,0.03999999910593033,0.03999999910593033,0.03999999910593033,0.03999999910593033,0.0
2026-06-02 09:30:00,LITT.V,,0.19499999284744263,0.19499999284744263,0.19499999284744263,0.19499999284744263,0.0
2026-06-02 09:30:00,MAI.V,,6.559999942779541,6.610000133514404,6.539999961853027,6.550000190734863,0.0
2026-06-02 09:30:00,MIZA-P.V,,0.18000000715255737,0.18000000715255737,0.18000000715255737,0.18000000715255737,0.0
2026-06-02 09:30:00,MLY.V,,0.03999999910593033,0.03999999910593033,0.03999999910593033,0.03999999910593033,0.0
2026-06-02 09:30:00,MMY.V,,0.9700000286102295,0.9700000286102295,0.9300000071525574,0.9300000071525574,0.0
2026-06-02 09:30:00,MNRG.V,,0.10000000149011612,0.10000000149011612,0.10000000149011612,0.10000000149011612,0.0
2026-06-02 09:30:00,MXL.V,,0.019999999552965164,0.019999999552965164,0.019999999552965164,0.019999999552965164,0.0
2026-06-02 09:30:00,NAM.V,,0.32499998807907104,0.32499998807907104,0.32499998807907104,0.32499998807907104,0.0
2026-06-02 09:30:00,NBM.V,,0.38999998569488525,0.38999998569488525,0.3799999952316284,0.3799999952316284,0.0
2026-06-02 09:30:00,NBVA.V,,0.11999999731779099,0.11999999731779099,0.11999999731779099,0.11999999731779099,0.0
2026-06-02 09:30:00,NCAU.V,,0.5600000023841858,0.5600000023841858,0.5600000023841858,0.5600000023841858,0.0
2026-06-02 09:30:00,NCI.V,,0.7799999713897705,0.7799999713897705,0.7799999713897705,0.7799999713897705,0.0
2026-06-02 09:30:00,NCX.V,,3.0899999141693115,3.0899999141693115,3.0799999237060547,3.0899999141693115,0.0
2026-06-02 09:30:00,NDA.V,,1.0700000524520874,1.0700000524520874,1.0700000524520874,1.0700000524520874,0.0
2026-06-02 09:30:00,NEXE.V,,0.15000000596046448,0.15000000596046448,0.15000000596046448,0.15000000596046448,0.0
2026-06-02 09:30:00,NFG.V,,2.799999952316284,2.799999952316284,2.75,2.75,0.0
2026-06-02 09:30:00,NICN.V,,0.0949999988079071,0.10000000149011612,0.0949999988079071,0.10000000149011612,0.0
2026-06-02 09:30:00,NKL.V,,1.25,1.25,1.25,1.25,0.0
2026-06-02 09:30:00,NRM.V,,0.19499999284744263,0.19499999284744263,0.19499999284744263,0.19499999284744263,0.0
2026-06-02 09:30:00,NRX.V,,0.6399999856948853,0.6399999856948853,0.6200000047683716,0.6200000047683716,0.0
2026-06-02 09:30:00,NSCI.V,,0.12999999523162842,0.12999999523162842,0.12999999523162842,0.12999999523162842,0.0
2026-06-02 09:30:00,NSU.V,,0.28999999165534973,0.30000001192092896,0.28999999165534973,0.29499998688697815,0.0
2026-06-02 09:30:00,NWX.V,,0.12999999523162842,0.12999999523162842,0.12999999523162842,0.12999999523162842,0.0
2026-06-02 09:30:00,NXG.V,,0.4300000071525574,0.4300000071525574,0.4300000071525574,0.4300000071525574,0.0
2026-06-02 09:30:00,NZN.V,,0.004999999888241291,0.004999999888241291,0.004999999888241291,0.004999999888241291,0.0
2026-06-02 09:30:00,OCO.V,,0.4300000071525574,0.4300000071525574,0.41499999165534973,0.41499999165534973,0.0
2026-06-02 09:30:00,ODV.V,,3.799999952316284,3.799999952316284,3.7799999713897705,3.7799999713897705,0.0
2026-06-02 09:30:00,ODX-H.V,,0.0949999988079071,0.0949999988079071,0.0949999988079071,0.0949999988079071,0.0
2026-06-02 09:30:00,OMG.V,,2.630000114440918,2.630000114440918,2.630000114440918,2.630000114440918,0.0
2026-06-02 09:30:00,OMM.V,,0.07500000298023224,0.07500000298023224,0.07500000298023224,0.07500000298023224,0.0
2026-06-02 09:30:00,ONYX.V,,1.3200000524520874,1.3200000524520874,1.3200000524520874,1.3200000524520874,0.0
2026-06-02 09:30:00,OPW.V,,0.125,0.125,0.125,0.125,0.0
2026-06-02 09:30:00,ORC-B.V,,3.450000047683716,3.450000047683716,3.450000047683716,3.450000047683716,0.0
2026-06-02 09:30:00,OZ.V,,0.41999998688697815,0.41999998688697815,0.41999998688697815,0.41999998688697815,0.0
2026-06-02 09:30:00,PEAK.V,,0.44999998807907104,0.44999998807907104,0.44999998807907104,0.44999998807907104,0.0
2026-06-02 09:30:00,PER.V,,0.23499999940395355,0.23999999463558197,0.23499999940395355,0.23999999463558197,0.0
2026-06-02 09:30:00,PGE.V,,0.33000001311302185,0.33000001311302185,0.33000001311302185,0.33000001311302185,0.0
2026-06-02 09:30:00,PGLD.V,,0.7799999713897705,0.7799999713897705,0.7799999713897705,0.7799999713897705,0.0
2026-06-02 09:30:00,PGO-H.V,,0.014999999664723873,0.014999999664723873,0.014999999664723873,0.014999999664723873,0.0
2026-06-02 09:30:00,PINK.V,,0.32499998807907104,0.32499998807907104,0.32499998807907104,0.32499998807907104,0.0
2026-06-02 09:30:00,PJX.V,,0.12999999523162842,0.12999999523162842,0.12999999523162842,0.12999999523162842,0.0
2026-06-02 09:30:00,PLAN.V,,0.3499999940395355,0.3499999940395355,0.3499999940395355,0.3499999940395355,0.0
2026-06-02 09:30:00,PLSR.V,,1.7599999904632568,1.7599999904632568,1.600000023841858,1.600000023841858,0.0
2026-06-02 09:30:00,PLUR.V,,0.10499999672174454,0.10499999672174454,0.10499999672174454,0.10499999672174454,0.0
2026-06-02 09:30:00,PML.V,,1.409999966621399,1.409999966621399,1.409999966621399,1.409999966621399,0.0
2026-06-02 09:30:00,PNPN.V,,1.2799999713897705,1.2999999523162842,1.2799999713897705,1.2999999523162842,0.0
2026-06-02 09:30:00,POG-H.V,,0.03999999910593033,0.03999999910593033,0.03999999910593033,0.03999999910593033,0.0
2026-06-02 09:30:00,PPP.V,,1.5299999713897705,1.5299999713897705,1.5299999713897705,1.5299999713897705,0.0
2026-06-02 09:30:00,PRG.V,,0.3149999976158142,0.3149999976158142,0.3149999976158142,0.3149999976158142,0.0
2026-06-02 09:30:00,PROS.V,,0.1550000011920929,0.18000000715255737,0.1550000011920929,0.18000000715255737,44300.0
2026-06-02 09:30:00,PTC.V,,0.14000000059604645,0.14000000059604645,0.14000000059604645,0.14000000059604645,0.0
2026-06-02 09:30:00,PTU.V,,0.4099999964237213,0.4099999964237213,0.4099999964237213,0.4099999964237213,0.0
2026-06-02 09:30:00,PUR.V,,0.6299999952316284,0.6299999952316284,0.6299999952316284,0.6299999952316284,0.0
2026-06-02 09:30:00,PVF-PR-U.V,,23.5,23.5,23.5,23.5,0.0
2026-06-02 09:30:00,PWM.V,,0.6200000047683716,0.6299999952316284,0.6200000047683716,0.6299999952316284,0.0
2026-06-02 09:30:00,QGR.V,,0.26499998569488525,0.27000001072883606,0.26499998569488525,0.27000001072883606,0.0
2026-06-02 09:30:00,QNC.V,,4.329999923706055,4.329999923706055,4.320000171661377,4.320000171661377,0.0
2026-06-02 09:30:00,QTWO.V,,3.059999942779541,3.0799999237060547,3.0399999618530273,3.0799999237060547,0.0
2026-06-02 09:30:00,QURI.V,,0.05000000074505806,0.05000000074505806,0.05000000074505806,0.05000000074505806,0.0
2026-06-02 09:30:00,QYOU.V,,0.33000001311302185,0.33000001311302185,0.33000001311302185,0.33000001311302185,0.0
2026-06-02 09:30:00,RAGE.V,,0.4300000071525574,0.4300000071525574,0.4300000071525574,0.4300000071525574,0.0
2026-06-02 09:30:00,RAK.V,,0.1550000011920929,0.1550000011920929,0.1550000011920929,0.1550000011920929,0.0
2026-06-02 09:30:00,RCK.V,,0.9100000262260437,0.9100000262260437,0.9100000262260437,0.9100000262260437,0.0
2026-06-02 09:30:00,RDS.V,,1.0800000429153442,1.0800000429153442,1.0800000429153442,1.0800000429153442,0.0
2026-06-02 09:30:00,RDU.V,,0.12999999523162842,0.12999999523162842,0.12999999523162842,0.12999999523162842,0.0
2026-06-02 09:30:00,RE.V,,0.4000000059604645,0.4000000059604645,0.4000000059604645,0.4000000059604645,0.0
2026-06-02 09:30:00,RECO.V,,1.2000000476837158,1.2100000381469727,1.2000000476837158,1.2000000476837158,0.0
2026-06-02 09:30:00,REG.V,,4.400000095367432,4.400000095367432,4.400000095367432,4.400000095367432,0.0
2026-06-02 09:30:00,RHT.V,,0.2150000035762787,0.2150000035762787,0.2150000035762787,0.2150000035762787,0.0
2026-06-02 09:30:00,RIWI.V,,0.25,0.25,0.25,0.25,0.0
2026-06-02 09:30:00,RKV.V,,0.12999999523162842,0.12999999523162842,0.12999999523162842,0.12999999523162842,0.0
2026-06-02 09:30:00,RLP.V,,0.019999999552965164,0.019999999552965164,0.019999999552965164,0.019999999552965164,0.0
2026-06-02 09:30:00,RLYG.V,,0.8899999856948853,0.8899999856948853,0.8899999856948853,0.8899999856948853,0.0
2026-06-02 09:30:00,ROK.V,,0.3050000071525574,0.3050000071525574,0.3050000071525574,0.3050000071525574,0.0
2026-06-02 09:30:00,ROOF.V,,0.22499999403953552,0.22499999403953552,0.22499999403953552,0.22499999403953552,0.0
2026-06-02 09:30:00,RPX.V,,0.18000000715255737,0.18000000715255737,0.18000000715255737,0.18000000715255737,0.0
2026-06-02 09:30:00,RSM.V,,0.3050000071525574,0.3050000071525574,0.3050000071525574,0.3050000071525574,0.0
2026-06-02 09:30:00,RTB-P.V,,0.22499999403953552,0.22499999403953552,0.2199999988079071,0.2199999988079071,7961.0
2026-06-02 09:30:00,RVG.V,,0.8399999737739563,0.8500000238418579,0.8399999737739563,0.8500000238418579,0.0
2026-06-02 09:30:00,RYO.V,,0.35499998927116394,0.35499998927116394,0.35499998927116394,0.35499998927116394,0.0
2026-06-02 09:30:00,RYR.V,,0.2199999988079071,0.2199999988079071,0.2199999988079071,0.2199999988079071,0.0
2026-06-02 09:30:00,SAE.V,,0.05000000074505806,0.05000000074505806,0.05000000074505806,0.05000000074505806,0.0
2026-06-02 09:30:00,SAGE.V,,0.13500000536441803,0.13500000536441803,0.13500000536441803,0.13500000536441803,0.0
2026-06-02 09:30:00,SBIO.V,,0.16500000655651093,0.16500000655651093,0.16500000655651093,0.16500000655651093,0.0
2026-06-02 09:30:00,SBMI.V,,0.1599999964237213,0.1599999964237213,0.1550000011920929,0.1599999964237213,0.0
2026-06-02 09:30:00,SCLT.V,,0.1599999964237213,0.1599999964237213,0.14000000059604645,0.14000000059604645,0.0
2026-06-02 09:30:00,SCOT.V,,2.2699999809265137,2.2699999809265137,2.2699999809265137,2.2699999809265137,0.0
2026-06-02 09:30:00,SCZ.V,,11.399999618530273,11.399999618530273,11.399999618530273,11.399999618530273,0.0
2026-06-02 09:30:00,SECU.V,,4.309999942779541,4.309999942779541,4.309999942779541,4.309999942779541,0.0
2026-06-02 09:30:00,SGC.V,,0.06499999761581421,0.06499999761581421,0.06499999761581421,0.06499999761581421,0.0
2026-06-02 09:30:00,SGN.V,,0.35499998927116394,0.35499998927116394,0.3400000035762787,0.3400000035762787,0.0
2026-06-02 09:30:00,SGO.V,,0.25,0.25,0.25,0.25,0.0
2026-06-02 09:30:00,SGZ.V,,0.04500000178813934,0.04500000178813934,0.04500000178813934,0.04500000178813934,0.0
2026-06-02 09:30:00,SHL.V,,0.3700000047683716,0.3700000047683716,0.3700000047683716,0.3700000047683716,0.0
2026-06-02 09:30:00,SKP.V,,0.1599999964237213,0.1599999964237213,0.1599999964237213,0.1599999964237213,0.0
2026-06-02 09:30:00,SLG.V,,5.460000038146973,5.5,5.460000038146973,5.489999771118164,0.0
2026-06-02 09:30:00,SLI.V,,5.699999809265137,5.699999809265137,5.659999847412109,5.659999847412109,0.0
2026-06-02 09:30:00,SLX-P.V,,0.14000000059604645,0.14000000059604645,0.14000000059604645,0.14000000059604645,0.0
2026-06-02 09:30:00,SM.V,,1.9700000286102295,1.9700000286102295,1.9700000286102295,1.9700000286102295,0.0
2026-06-02 09:30:00,SML.V,,0.009999999776482582,0.009999999776482582,0.009999999776482582,0.009999999776482582,0.0
2026-06-02 09:30:00,SMN.V,,0.16500000655651093,0.16500000655651093,0.16500000655651093,0.16500000655651093,0.0
2026-06-02 09:30:00,SNI-PR-A.V,,5.300000190734863,5.300000190734863,5.300000190734863,5.300000190734863,0.0
2026-06-02 09:30:00,SOI.V,,0.19499999284744263,0.19499999284744263,0.19499999284744263,0.19499999284744263,0.0
2026-06-02 09:30:00,SOMA.V,,0.9200000166893005,0.9200000166893005,0.9100000262260437,0.9100000262260437,0.0
2026-06-02 09:30:00,SOU.V,,0.07500000298023224,0.07500000298023224,0.07500000298023224,0.07500000298023224,0.0
2026-06-02 09:30:00,SPA.V,,0.3400000035762787,0.3400000035762787,0.3400000035762787,0.3400000035762787,0.0
2026-06-02 09:30:00,SPC.V,,0.05999999865889549,0.05999999865889549,0.05999999865889549,0.05999999865889549,0.0
2026-06-02 09:30:00,SPRQ.V,,1.440000057220459,1.440000057220459,1.440000057220459,1.440000057220459,0.0
2026-06-02 09:30:00,SPX.V,,0.07999999821186066,0.07999999821186066,0.07999999821186066,0.07999999821186066,0.0
2026-06-02 09:30:00,SQG.V,,0.10000000149011612,0.10000000149011612,0.10000000149011612,0.10000000149011612,0.0
2026-06-02 09:30:00,SRC.V,,1.6399999856948853,1.6399999856948853,1.6399999856948853,1.6399999856948853,0.0
2026-06-02 09:30:00,SRL.V,,0.25,0.25,0.25,0.25,0.0
2026-06-02 09:30:00,SRR.V,,0.9900000095367432,0.9900000095367432,0.9900000095367432,0.9900000095367432,0.0
2026-06-02 09:30:00,SSV.V,,0.5899999737739563,0.5899999737739563,0.5899999737739563,0.5899999737739563,0.0
2026-06-02 09:30:00,STND.V,,0.10499999672174454,0.10499999672174454,0.10499999672174454,0.10499999672174454,0.0
2026-06-02 09:30:00,STUD.V,,0.3199999928474426,0.3199999928474426,0.3199999928474426,0.3199999928474426,0.0
2026-06-02 09:30:00,STUV.V,,0.5899999737739563,0.5899999737739563,0.5899999737739563,0.5899999737739563,0.0
2026-06-02 09:30:00,SVE.V,,0.5199999809265137,0.5199999809265137,0.5199999809265137,0.5199999809265137,0.0
2026-06-02 09:30:00,SVRS.V,,0.5699999928474426,0.5699999928474426,0.5699999928474426,0.5699999928474426,0.0
2026-06-02 09:31:00,AGX.V,,0.800000011920929,0.800000011920929,0.800000011920929,0.800000011920929,1500.0
2026-06-02 09:31:00,MMY.V,,0.9700000286102295,0.9700000286102295,0.9599999785423279,0.9599999785423279,33500.0
2026-06-02 09:31:00,NCX.V,,3.0899999141693115,3.0899999141693115,3.0899999141693115,3.0899999141693115,4300.0
2026-06-02 09:31:00,NFG.V,,2.7899999618530273,2.7899999618530273,2.7899999618530273,2.7899999618530273,500.0
2026-06-02 09:31:00,OMG.V,,2.5999999046325684,2.5999999046325684,2.5999999046325684,2.5999999046325684,100.0
2026-06-02 09:31:00,PLSR.V,,1.7999999523162842,1.7999999523162842,1.7200000286102295,1.7300000190734863,28673.0
2026-06-02 09:31:00,PML.V,,1.3899999856948853,1.399999976158142,1.3899999856948853,1.399999976158142,44800.0
2026-06-02 09:31:00,PRG.V,,0.30000001192092896,0.30000001192092896,0.30000001192092896,0.30000001192092896,5000.0
2026-06-02 09:31:00,PVIS.V,,0.30000001192092896,0.30000001192092896,0.30000001192092896,0.30000001192092896,0.0
2026-06-02 09:31:00,QNC.V,,4.360000133514404,4.360000133514404,4.320000171661377,4.329999923706055,2216.0
2026-06-02 09:31:00,QTWO.V,,3.0899999141693115,3.119999885559082,3.0899999141693115,3.119999885559082,1000.0
2026-06-02 09:31:00,RDS.V,,1.0800000429153442,1.0800000429153442,1.0800000429153442,1.0800000429153442,5600.0
2026-06-02 09:31:00,REC.V,,0.07000000029802322,0.07000000029802322,0.07000000029802322,0.07000000029802322,0.0
2026-06-02 09:31:00,ROK.V,,0.3100000023841858,0.3100000023841858,0.3100000023841858,0.3100000023841858,60000.0
2026-06-02 09:31:00,RPX.V,,0.18000000715255737,0.18000000715255737,0.18000000715255737,0.18000000715255737,7500.0
2026-06-02 09:31:00,RVG.V,,0.8399999737739563,0.8399999737739563,0.8399999737739563,0.8399999737739563,1472.0
2026-06-02 09:31:00,SHL.V,,0.36500000953674316,0.3700000047683716,0.36500000953674316,0.3700000047683716,13000.0
2026-06-02 09:31:00,SLI.V,,5.75,5.75,5.659999847412109,5.670000076293945,3000.0
2026-06-02 09:31:00,SOMA.V,,0.9399999976158142,0.9399999976158142,0.9399999976158142,0.9399999976158142,4270.0
2026-06-02 09:31:00,SSV.V,,0.5600000023841858,0.5799999833106995,0.5600000023841858,0.5799999833106995,87500.0
2026-06-02 09:32:00,MAI.V,,6.559999942779541,6.599999904632568,6.559999942779541,6.599999904632568,1700.0
2026-06-02 09:32:00,MMY.V,,0.9800000190734863,0.9800000190734863,0.9800000190734863,0.9800000190734863,30704.0
2026-06-02 09:32:00,NCX.V,,3.109999895095825,3.130000114440918,3.0899999141693115,3.0899999141693115,7690.0
2026-06-02 09:32:00,NFG.V,,2.7799999713897705,2.7799999713897705,2.7799999713897705,2.7799999713897705,500.0
2026-06-02 09:32:00,OCO.V,,0.4300000071525574,0.4300000071525574,0.4300000071525574,0.4300000071525574,1365.0
2026-06-02 09:32:00,OMG.V,,2.619999885559082,2.625,2.609999895095825,2.609999895095825,13788.0
2026-06-02 09:32:00,PLSR.V,,1.7300000190734863,1.7999999523162842,1.7300000190734863,1.7899999618530273,12300.0
2026-06-02 09:32:00,PML.V,,1.3899999856948853,1.3899999856948853,1.3899999856948853,1.3899999856948853,51300.0
2026-06-02 09:32:00,PNPN.V,,1.2699999809265137,1.2699999809265137,1.2699999809265137,1.2699999809265137,30775.0
2026-06-02 09:32:00,PRG.V,,0.3149999976158142,0.3149999976158142,0.3149999976158142,0.3149999976158142,11500.0
2026-06-02 09:32:00,QNC.V,,4.369999885559082,4.369999885559082,4.369999885559082,4.369999885559082,100.0
2026-06-02 09:32:00,SHL.V,,0.36500000953674316,0.36500000953674316,0.36500000953674316,0.36500000953674316,2500.0
2026-06-02 09:32:00,SLI.V,,5.78000020980835,5.78000020980835,5.760000228881836,5.760000228881836,14101.0
2026-06-02 09:32:00,SOMA.V,,0.9399999976158142,0.9399999976158142,0.9399999976158142,0.9399999976158142,6476.0
2026-06-02 09:32:00,SSV.V,,0.5600000023841858,0.5600000023841858,0.5600000023841858,0.5600000023841858,43000.0
2026-06-02 09:32:00,SVRS.V,,0.5649999976158142,0.5699999928474426,0.5649999976158142,0.5699999928474426,14500.0
2026-06-02 09:33:00,MAI.V,,6.570000171661377,6.614999771118164,6.559999942779541,6.614999771118164,13200.0
2026-06-02 09:33:00,MNRG.V,,0.10000000149011612,0.10000000149011612,0.10000000149011612,0.10000000149011612,10000.0
2026-06-02 09:33:00,NCX.V,,3.0799999237060547,3.0799999237060547,3.0799999237060547,3.0799999237060547,1800.0
2026-06-02 09:33:00,NFG.V,,2.7799999713897705,2.7799999713897705,2.7799999713897705,2.7799999713897705,148.0
2026-06-02 09:33:00,NWX.V,,0.12999999523162842,0.12999999523162842,0.12999999523162842,0.12999999523162842,75000.0
2026-06-02 09:33:00,PLSR.V,,1.7799999713897705,1.7799999713897705,1.7599999904632568,1.7599999904632568,2800.0
2026-06-02 09:33:00,PML.V,,1.3899999856948853,1.3899999856948853,1.3899999856948853,1.3899999856948853,18800.0
2026-06-02 09:33:00,PNPN.V,,1.274999976158142,1.274999976158142,1.2699999809265137,1.2699999809265137,1900.0
2026-06-02 09:33:00,PRG.V,,0.3400000035762787,0.3400000035762787,0.3199999928474426,0.3199999928474426,61500.0
2026-06-02 09:33:00,QNC.V,,4.420000076293945,4.420000076293945,4.389999866485596,4.389999866485596,3500.0
2026-06-02 09:33:00,ROK.V,,0.3050000071525574,0.3050000071525574,0.3050000071525574,0.3050000071525574,36000.0
2026-06-02 09:33:00,SLI.V,,5.809999942779541,5.809999942779541,5.809999942779541,5.809999942779541,100.0
2026-06-02 09:33:00,SQG.V,,0.10499999672174454,0.10499999672174454,0.10499999672174454,0.10499999672174454,2000.0
2026-06-02 09:33:00,SSV.V,,0.5600000023841858,0.5600000023841858,0.5600000023841858,0.5600000023841858,5000.0
2026-06-02 09:33:00,SVRS.V,,0.5699999928474426,0.5699999928474426,0.5699999928474426,0.5699999928474426,1354.0
2026-06-02 09:34:00,MAI.V,,6.570000171661377,6.570000171661377,6.550000190734863,6.570000171661377,7000.0
2026-06-02 09:34:00,MNRG.V,,0.10000000149011612,0.10000000149011612,0.10000000149011612,0.10000000149011612,10000.0
2026-06-02 09:34:00,NCX.V,,3.0799999237060547,3.0799999237060547,3.0799999237060547,3.0799999237060547,100.0
2026-06-02 09:34:00,NFG.V,,2.765000104904175,2.765000104904175,2.765000104904175,2.765000104904175,200.0
2026-06-02 09:34:00,NKL.V,,1.2400000095367432,1.2400000095367432,1.2400000095367432,1.2400000095367432,2600.0
2026-06-02 09:34:00,PGLD.V,,0.7900000214576721,0.7900000214576721,0.7900000214576721,0.7900000214576721,500.0
2026-06-02 09:34:00,PML.V,,1.399999976158142,1.399999976158142,1.399999976158142,1.399999976158142,12500.0
2026-06-02 09:34:00,PNPN.V,,1.2699999809265137,1.2699999809265137,1.2699999809265137,1.2699999809265137,900.0
2026-06-02 09:34:00,QNC.V,,4.510000228881836,4.510000228881836,4.420000076293945,4.420000076293945,27006.0
2026-06-02 09:34:00,SBIO.V,,0.15000000596046448,0.15000000596046448,0.15000000596046448,0.15000000596046448,1000.0
2026-06-02 09:34:00,SCZ.V,,11.40999984741211,11.449999809265137,11.40999984741211,11.420000076293945,1000.0
2026-06-02 09:34:00,SECU.V,,4.309999942779541,4.309999942779541,4.309999942779541,4.309999942779541,300.0
2026-06-02 09:34:00,SLG.V,,5.489999771118164,5.5,5.489999771118164,5.5,6300.0
2026-06-02 09:34:00,SLI.V,,5.789999961853027,5.789999961853027,5.789999961853027,5.789999961853027,190.0
2026-06-02 09:34:00,SQG.V,,0.10499999672174454,0.10499999672174454,0.10499999672174454,0.10499999672174454,1000.0
2026-06-02 09:34:00,SSV.V,,0.5600000023841858,0.5600000023841858,0.5600000023841858,0.5600000023841858,5000.0
2026-06-02 09:35:00,MMY.V,,0.9700000286102295,0.9700000286102295,0.9700000286102295,0.9700000286102295,1500.0
2026-06-02 09:35:00,MNRG.V,,0.10000000149011612,0.10000000149011612,0.10000000149011612,0.10000000149011612,10000.0
2026-06-02 09:35:00,NFG.V,,2.7699999809265137,2.7699999809265137,2.759999990463257,2.759999990463257,2300.0
2026-06-02 09:35:00,NOAL.V,,0.26499998569488525,0.26499998569488525,0.26499998569488525,0.26499998569488525,0.0
2026-06-02 09:35:00,OMG.V,,2.619999885559082,2.630000114440918,2.5999999046325684,2.630000114440918,10100.0
2026-06-02 09:35:00,OZ.V,,0.4099999964237213,0.41499999165534973,0.4099999964237213,0.41499999165534973,3000.0
2026-06-02 09:35:00,PNPN.V,,1.2599999904632568,1.2699999809265137,1.2599999904632568,1.2699999809265137,33200.0
2026-06-02 09:35:00,PWM.V,,0.6200000047683716,0.6200000047683716,0.6200000047683716,0.6200000047683716,2000.0
2026-06-02 09:35:00,QGR.V,,0.26499998569488525,0.26499998569488525,0.26499998569488525,0.26499998569488525,2000.0
2026-06-02 09:35:00,QNC.V,,4.519999980926514,4.539999961853027,4.510000228881836,4.510000228881836,16396.0
2026-06-02 09:35:00,SLG.V,,5.420000076293945,5.5,5.420000076293945,5.5,15210.0
2026-06-02 09:35:00,SLI.V,,5.800000190734863,5.809999942779541,5.789999961853027,5.800000190734863,800.0
2026-06-02 09:35:00,SM.V,,1.9900000095367432,1.9900000095367432,1.9900000095367432,1.9900000095367432,3400.0
2026-06-02 09:35:00,SOMA.V,,0.9399999976158142,0.9399999976158142,0.9399999976158142,0.9399999976158142,3600.0
2026-06-02 09:35:00,SPA.V,,0.33500000834465027,0.33500000834465027,0.33500000834465027,0.33500000834465027,2500.0
2026-06-02 09:35:00,SPX.V,,0.07500000298023224,0.07500000298023224,0.07500000298023224,0.07500000298023224,174000.0
2026-06-02 09:35:00,SSV.V,,0.550000011920929,0.550000011920929,0.550000011920929,0.550000011920929,68504.0
2026-06-02 09:36:00,MAI.V,,6.585000038146973,6.590000152587891,6.579999923706055,6.590000152587891,1700.0
2026-06-02 09:36:00,MNRG.V,,0.10000000149011612,0.10000000149011612,0.10000000149011612,0.10000000149011612,10000.0
2026-06-02 09:36:00,NCAU.V,,0.5699999928474426,0.6000000238418579,0.5699999928474426,0.5899999737739563,37000.0
2026-06-02 09:36:00,PLSR.V,,1.7699999809265137,1.7699999809265137,1.7599999904632568,1.7599999904632568,6200.0
2026-06-02 09:36:00,PML.V,,1.4199999570846558,1.440000057220459,1.399999976158142,1.399999976158142,835700.0
2026-06-02 09:36:00,PNPN.V,,1.2599999904632568,1.2599999904632568,1.2599999904632568,1.2599999904632568,100.0
2026-06-02 09:36:00,PPP.V,,1.5399999618530273,1.5399999618530273,1.5399999618530273,1.5399999618530273,8200.0
2026-06-02 09:36:00,PTU.V,,0.4099999964237213,0.4099999964237213,0.4099999964237213,0.4099999964237213,1500.0
2026-06-02 09:36:00,QNC.V,,4.53000020980835,4.539999961853027,4.53000020980835,4.53000020980835,2000.0
2026-06-02 09:36:00,QTWO.V,,3.1500000953674316,3.1500000953674316,3.1500000953674316,3.1500000953674316,500.0
2026-06-02 09:36:00,ROK.V,,0.30000001192092896,0.30000001192092896,0.30000001192092896,0.30000001192092896,5000.0
2026-06-02 09:36:00,SCZ.V,,11.5,11.5,11.449999809265137,11.449999809265137,700.0
2026-06-02 09:36:00,SLG.V,,5.360000133514404,5.420000076293945,5.360000133514404,5.420000076293945,1738.0
2026-06-02 09:36:00,SLI.V,,5.820000171661377,5.829999923706055,5.820000171661377,5.820000171661377,500.0
2026-06-02 09:36:00,SVRS.V,,0.5600000023841858,0.5600000023841858,0.5600000023841858,0.5600000023841858,1000.0
2026-06-02 09:37:00,MMY.V,,0.9700000286102295,0.9700000286102295,0.9700000286102295,0.9700000286102295,4565.0
2026-06-02 09:37:00,MNRG.V,,0.10000000149011612,0.10000000149011612,0.10000000149011612,0.10000000149011612,4000.0
2026-06-02 09:37:00,MUN.V,,0.42500001192092896,0.42500001192092896,0.42500001192092896,0.42500001192092896,0.0
2026-06-02 09:37:00,NCAU.V,,0.5600000023841858,0.5799999833106995,0.5600000023841858,0.5799999833106995,19500.0
2026-06-02 09:37:00,PLSR.V,,1.7599999904632568,1.7699999809265137,1.7599999904632568,1.7699999809265137,2600.0
2026-06-02 09:37:00,PML.V,,1.409999966621399,1.409999966621399,1.409999966621399,1.409999966621399,41000.0
2026-06-02 09:37:00,PNPN.V,,1.2599999904632568,1.2599999904632568,1.2599999904632568,1.2599999904632568,500.0
2026-06-02 09:37:00,PRG.V,,0.3700000047683716,0.3700000047683716,0.3400000035762787,0.3400000035762787,26500.0
2026-06-02 09:37:00,QNC.V,,4.510000228881836,4.53000020980835,4.510000228881836,4.53000020980835,1800.0
2026-06-02 09:37:00,RDS.V,,1.0700000524520874,1.0700000524520874,1.0700000524520874,1.0700000524520874,17200.0
2026-06-02 09:37:00,SCZ.V,,11.539999961853027,11.550000190734863,11.489999771118164,11.5,4425.0
2026-06-02 09:37:00,SLG.V,,5.400000095367432,5.400000095367432,5.400000095367432,5.400000095367432,3000.0
2026-06-02 09:37:00,SLI.V,,5.880000114440918,5.880000114440918,5.860000133514404,5.860000133514404,1500.0
2026-06-02 09:37:00,SSV.V,,0.550000011920929,0.550000011920929,0.550000011920929,0.550000011920929,9000.0
2026-06-02 09:38:00,AGX.V,,0.800000011920929,0.800000011920929,0.800000011920929,0.800000011920929,7000.0
2026-06-02 09:38:00,MMY.V,,0.9800000190734863,0.9800000190734863,0.9800000190734863,0.9800000190734863,8629.0
2026-06-02 09:38:00,NFG.V,,2.7799999713897705,2.7799999713897705,2.7799999713897705,2.7799999713897705,100.0
2026-06-02 09:38:00,NSU.V,,0.26499998569488525,0.2800000011920929,0.26499998569488525,0.2800000011920929,34000.0
2026-06-02 09:38:00,OMI.V,,0.36000001430511475,0.36000001430511475,0.36000001430511475,0.36000001430511475,0.0
2026-06-02 09:38:00,OTC.V,,0.550000011920929,0.550000011920929,0.550000011920929,0.550000011920929,0.0
2026-06-02 09:38:00,PNPN.V,,1.2599999904632568,1.2649999856948853,1.2599999904632568,1.2599999904632568,1500.0
2026-06-02 09:38:00,PPP.V,,1.5399999618530273,1.5399999618530273,1.5399999618530273,1.5399999618530273,3100.0
2026-06-02 09:38:00,PRG.V,,0.3700000047683716,0.3700000047683716,0.3700000047683716,0.3700000047683716,2000.0
2026-06-02 09:38:00,QGR.V,,0.26499998569488525,0.26499998569488525,0.26499998569488525,0.26499998569488525,1000.0
2026-06-02 09:38:00,QNC.V,,4.519999980926514,4.53000020980835,4.510000228881836,4.510000228881836,3600.0
2026-06-02 09:38:00,RECO.V,,1.2100000381469727,1.2100000381469727,1.2100000381469727,1.2100000381469727,4855.0
2026-06-02 09:38:00,RVG.V,,0.8399999737739563,0.8399999737739563,0.8399999737739563,0.8399999737739563,2000.0
2026-06-02 09:38:00,SCZ.V,,11.550000190734863,11.630000114440918,11.539999961853027,11.550000190734863,2588.0
2026-06-02 09:38:00,SHL.V,,0.3700000047683716,0.3700000047683716,0.3700000047683716,0.3700000047683716,21000.0
2026-06-02 09:38:00,SLI.V,,5.920000076293945,5.929999828338623,5.889999866485596,5.889999866485596,2190.0
2026-06-02 09:38:00,SRR.V,,0.9700000286102295,0.9800000190734863,0.9700000286102295,0.9800000190734863,18143.0
2026-06-02 09:38:00,SSV.V,,0.550000011920929,0.550000011920929,0.550000011920929,0.550000011920929,5000.0
2026-06-02 09:38:00,STND.V,,0.10499999672174454,0.10499999672174454,0.10499999672174454,0.10499999672174454,5300.0
2026-06-02 09:38:00,SVRS.V,,0.5649999976158142,0.5649999976158142,0.5649999976158142,0.5649999976158142,1000.0
2026-06-02 09:39:00,AGX.V,,0.800000011920929,0.800000011920929,0.800000011920929,0.800000011920929,8966.0
2026-06-02 09:39:00,MMY.V,,0.9900000095367432,0.9900000095367432,0.9750000238418579,0.9750000238418579,17000.0
2026-06-02 09:39:00,NDA.V,,1.059999942779541,1.059999942779541,1.059999942779541,1.059999942779541,2000.0
2026-06-02 09:39:00,NFG.V,,2.7799999713897705,2.7799999713897705,2.7799999713897705,2.7799999713897705,1450.0
2026-06-02 09:39:00,OMG.V,,2.6700000762939453,2.6700000762939453,2.640000104904175,2.640000104904175,13935.0
2026-06-02 09:39:00,PGLD.V,,0.7900000214576721,0.7900000214576721,0.7850000262260437,0.7850000262260437,2500.0
2026-06-02 09:39:00,PLSR.V,,1.7599999904632568,1.7799999713897705,1.7400000095367432,1.7799999713897705,7100.0
2026-06-02 09:39:00,PML.V,,1.4199999570846558,1.4199999570846558,1.4199999570846558,1.4199999570846558,100.0
2026-06-02 09:39:00,PNPN.V,,1.2699999809265137,1.2699999809265137,1.2599999904632568,1.2599999904632568,10100.0
2026-06-02 09:39:00,PPP.V,,1.5399999618530273,1.5399999618530273,1.5399999618530273,1.5399999618530273,9800.0
2026-06-02 09:39:00,PUR.V,,0.625,0.625,0.625,0.625,500.0
2026-06-02 09:39:00,QNC.V,,4.559999942779541,4.570000171661377,4.510000228881836,4.519999980926514,30001.0
2026-06-02 09:39:00,RVG.V,,0.8299999833106995,0.8299999833106995,0.8299999833106995,0.8299999833106995,2000.0
2026-06-02 09:39:00,SHL.V,,0.3700000047683716,0.3700000047683716,0.3700000047683716,0.3700000047683716,2000.0
2026-06-02 09:39:00,SLI.V,,5.929999828338623,5.929999828338623,5.929999828338623,5.929999828338623,300.0
2026-06-02 09:39:00,SM.V,,1.9700000286102295,1.9700000286102295,1.9700000286102295,1.9700000286102295,561.0
2026-06-02 09:39:00,SVRS.V,,0.5649999976158142,0.5649999976158142,0.5649999976158142,0.5649999976158142,1000.0
2026-06-02 09:40:00,MAI.V,,6.599999904632568,6.599999904632568,6.590000152587891,6.590000152587891,600.0
2026-06-02 09:40:00,NCAU.V,,0.5699999928474426,0.5699999928474426,0.5699999928474426,0.5699999928474426,2500.0
2026-06-02 09:40:00,NFD-A.V,,5.190000057220459,5.190000057220459,5.190000057220459,5.190000057220459,0.0
2026-06-02 09:40:00,NFG.V,,2.7899999618530273,2.7899999618530273,2.7899999618530273,2.7899999618530273,4400.0
2026-06-02 09:40:00,NRX.V,,0.6200000047683716,0.6200000047683716,0.6200000047683716,0.6200000047683716,1500.0
2026-06-02 09:40:00,NSCI.V,,0.13500000536441803,0.13500000536441803,0.13500000536441803,0.13500000536441803,7500.0
2026-06-02 09:40:00,PLSR.V,,1.7599999904632568,1.7599999904632568,1.7599999904632568,1.7599999904632568,800.0
2026-06-02 09:40:00,PML.V,,1.4199999570846558,1.4199999570846558,1.4199999570846558,1.4199999570846558,100.0
2026-06-02 09:40:00,PNPN.V,,1.2799999713897705,1.2799999713897705,1.274999976158142,1.274999976158142,60000.0
2026-06-02 09:40:00,QNC.V,,4.539999961853027,4.559999942779541,4.539999961853027,4.550000190734863,2400.0
2026-06-02 09:40:00,QTWO.V,,3.140000104904175,3.1500000953674316,3.140000104904175,3.1500000953674316,1200.0
2026-06-02 09:40:00,SCZ.V,,11.59000015258789,11.59000015258789,11.59000015258789,11.59000015258789,100.0
2026-06-02 09:40:00,SLG.V,,5.400000095367432,5.409999847412109,5.400000095367432,5.409999847412109,3000.0
2026-06-02 09:40:00,SOMA.V,,0.9399999976158142,0.9399999976158142,0.9399999976158142,0.9399999976158142,800.0
2026-06-02 09:40:00,SPA.V,,0.33500000834465027,0.33500000834465027,0.33500000834465027,0.33500000834465027,9500.0
2026-06-02 09:40:00,SRR.V,,0.9700000286102295,0.9700000286102295,0.9700000286102295,0.9700000286102295,900.0
2026-06-02 09:40:00,SVRS.V,,0.5649999976158142,0.5649999976158142,0.5649999976158142,0.5649999976158142,1000.0
2026-06-02 09:41:00,MAI.V,,6.659999847412109,6.659999847412109,6.639999866485596,6.639999866485596,900.0
2026-06-02 09:41:00,MMY.V,,0.9800000190734863,0.9800000190734863,0.9800000190734863,0.9800000190734863,25500.0
2026-06-02 09:41:00,MNRG.V,,0.0949999988079071,0.0949999988079071,0.0949999988079071,0.0949999988079071,1000.0
2026-06-02 09:41:00,NKL.V,,1.2400000095367432,1.2400000095367432,1.2400000095367432,1.2400000095367432,1200.0
2026-06-02 09:41:00,NRX.V,,0.6200000047683716,0.6200000047683716,0.6200000047683716,0.6200000047683716,3500.0
2026-06-02 09:41:00,OMG.V,,2.680000066757202,2.680000066757202,2.680000066757202,2.680000066757202,100.0
2026-06-02 09:41:00,PLSR.V,,1.7699999809265137,1.7899999618530273,1.7699999809265137,1.7799999713897705,5600.0
2026-06-02 09:41:00,PML.V,,1.4299999475479126,1.4299999475479126,1.4299999475479126,1.4299999475479126,1300.0
2026-06-02 09:41:00,PNPN.V,,1.2799999713897705,1.2799999713897705,1.2799999713897705,1.2799999713897705,600.0
2026-06-02 09:41:00,PWM.V,,0.6200000047683716,0.6200000047683716,0.6200000047683716,0.6200000047683716,1350.0
2026-06-02 09:41:00,QNC.V,,4.53000020980835,4.539999961853027,4.53000020980835,4.539999961853027,1600.0
2026-06-02 09:41:00,RDS.V,,1.0700000524520874,1.0700000524520874,1.0700000524520874,1.0700000524520874,9600.0
2026-06-02 09:41:00,SCZ.V,,11.5600004196167,11.579999923706055,11.5600004196167,11.579999923706055,600.0
2026-06-02 09:41:00,SLI.V,,5.940000057220459,5.940000057220459,5.940000057220459,5.940000057220459,100.0
2026-06-02 09:41:00,SPA.V,,0.33500000834465027,0.33500000834465027,0.33500000834465027,0.33500000834465027,10000.0
2026-06-02 09:41:00,SSV.V,,0.550000011920929,0.550000011920929,0.550000011920929,0.550000011920929,20000.0
2026-06-02 09:41:00,SVRS.V,,0.5699999928474426,0.5699999928474426,0.5649999976158142,0.5649999976158142,1000.0
2026-06-02 09:42:00,MAI.V,,6.679999828338623,6.679999828338623,6.679999828338623,6.679999828338623,1150.0
2026-06-02 09:42:00,MNRG.V,,0.0949999988079071,0.0949999988079071,0.0949999988079071,0.0949999988079071,1000.0
2026-06-02 09:42:00,NCX.V,,3.069999933242798,3.0799999237060547,3.069999933242798,3.0799999237060547,2600.0
2026-06-02 09:42:00,NWX.V,,0.12999999523162842,0.12999999523162842,0.12999999523162842,0.12999999523162842,7000.0
2026-06-02 09:42:00,ODV.V,,3.7799999713897705,3.7799999713897705,3.7799999713897705,3.7799999713897705,100.0
2026-06-02 09:42:00,OMG.V,,2.6700000762939453,2.680000066757202,2.6700000762939453,2.680000066757202,200.0
2026-06-02 09:42:00,PLSR.V,,1.7699999809265137,1.7699999809265137,1.7699999809265137,1.7699999809265137,24585.0
2026-06-02 09:42:00,PML.V,,1.440000057220459,1.440000057220459,1.440000057220459,1.440000057220459,4500.0
2026-06-02 09:42:00,PRG.V,,0.3700000047683716,0.3700000047683716,0.3700000047683716,0.3700000047683716,14000.0
2026-06-02 09:42:00,RYO.V,,0.3449999988079071,0.3499999940395355,0.3449999988079071,0.3499999940395355,9000.0
2026-06-02 09:42:00,SOMA.V,,0.9399999976158142,0.9399999976158142,0.9399999976158142,0.9399999976158142,900.0
2026-06-02 09:42:00,SPA.V,,0.33500000834465027,0.33500000834465027,0.33500000834465027,0.33500000834465027,8500.0
2026-06-02 09:42:00,SSV.V,,0.550000011920929,0.550000011920929,0.550000011920929,0.550000011920929,52250.0
2026-06-02 09:42:00,SVRS.V,,0.5699999928474426,0.5699999928474426,0.5699999928474426,0.5699999928474426,500.0
2026-06-02 09:43:00,NBM.V,,0.38999998569488525,0.38999998569488525,0.38999998569488525,0.38999998569488525,1000.0
2026-06-02 09:43:00,NFG.V,,2.7899999618530273,2.7899999618530273,2.7899999618530273,2.7899999618530273,200.0
2026-06-02 09:43:00,OCO.V,,0.4300000071525574,0.4300000071525574,0.4300000071525574,0.4300000071525574,500.0
2026-06-02 09:43:00,OMG.V,,2.6700000762939453,2.6700000762939453,2.6600000858306885,2.6700000762939453,3800.0
2026-06-02 09:43:00,PLSR.V,,1.7899999618530273,1.7899999618530273,1.7899999618530273,1.7899999618530273,499.0
2026-06-02 09:43:00,PRG.V,,0.3700000047683716,0.3700000047683716,0.3700000047683716,0.3700000047683716,500.0
2026-06-02 09:43:00,PUR.V,,0.6200000047683716,0.6200000047683716,0.6200000047683716,0.6200000047683716,1500.0
2026-06-02 09:43:00,QNC.V,,4.53000020980835,4.539999961853027,4.53000020980835,4.539999961853027,1425.0
2026-06-02 09:43:00,RDS.V,,1.0800000429153442,1.0800000429153442,1.0700000524520874,1.0700000524520874,11700.0
2026-06-02 09:43:00,SCZ.V,,11.520000457763672,11.550000190734863,11.520000457763672,11.550000190734863,2144.0
2026-06-02 09:43:00,SPA.V,,0.33500000834465027,0.33500000834465027,0.33500000834465027,0.33500000834465027,500.0
2026-06-02 09:43:00,SVRS.V,,0.5699999928474426,0.5699999928474426,0.5699999928474426,0.5699999928474426,9500.0
2026-06-02 09:44:00,MMY.V,,0.9700000286102295,0.9700000286102295,0.9700000286102295,0.9700000286102295,10000.0
2026-06-02 09:44:00,NAM.V,,0.32499998807907104,0.32499998807907104,0.32499998807907104,0.32499998807907104,8500.0
2026-06-02 09:44:00,NDA.V,,1.0700000524520874,1.0700000524520874,1.0700000524520874,1.0700000524520874,605.0
2026-06-02 09:44:00,NFG.V,,2.7899999618530273,2.7899999618530273,2.7899999618530273,2.7899999618530273,1800.0
2026-06-02 09:44:00,OC.V,,0.11500000208616257,0.11500000208616257,0.11500000208616257,0.11500000208616257,0.0
2026-06-02 09:44:00,OMG.V,,2.6700000762939453,2.6700000762939453,2.6700000762939453,2.6700000762939453,200.0
2026-06-02 09:44:00,PNPN.V,,1.2799999713897705,1.2799999713897705,1.2799999713897705,1.2799999713897705,17600.0
2026-06-02 09:44:00,QNC.V,,4.550000190734863,4.550000190734863,4.539999961853027,4.539999961853027,12640.0
2026-06-02 09:44:00,RDS.V,,1.0800000429153442,1.0800000429153442,1.0800000429153442,1.0800000429153442,1300.0
2026-06-02 09:44:00,RECO.V,,1.2200000286102295,1.2200000286102295,1.2200000286102295,1.2200000286102295,15600.0
2026-06-02 09:44:00,SHL.V,,0.3700000047683716,0.3700000047683716,0.3700000047683716,0.3700000047683716,5000.0
2026-06-02 09:44:00,SOI.V,,0.19499999284744263,0.19499999284744263,0.19499999284744263,0.19499999284744263,12000.0
2026-06-02 09:44:00,SSV.V,,0.5550000071525574,0.5550000071525574,0.5550000071525574,0.5550000071525574,500.0
2026-06-02 09:44:00,SVE.V,,0.5199999809265137,0.5199999809265137,0.5199999809265137,0.5199999809265137,5200.0
2026-06-02 09:44:00,SVRS.V,,0.5649999976158142,0.5649999976158142,0.5649999976158142,0.5649999976158142,1000.0
2026-06-02 09:45:00,MAI.V,,6.679999828338623,6.690000057220459,6.679999828338623,6.690000057220459,299.0
2026-06-02 09:45:00,MMY.V,,0.9800000190734863,0.9800000190734863,0.9700000286102295,0.9700000286102295,14000.0
2026-06-02 09:45:00,NDA.V,,1.0700000524520874,1.0700000524520874,1.0700000524520874,1.0700000524520874,8800.0
2026-06-02 09:45:00,OMG.V,,2.6700000762939453,2.6700000762939453,2.6700000762939453,2.6700000762939453,100.0
2026-06-02 09:45:00,PNPN.V,,1.2899999618530273,1.2899999618530273,1.2799999713897705,1.2799999713897705,16700.0
2026-06-02 09:45:00,PRG.V,,0.3725000023841858,0.3725000023841858,0.3700000047683716,0.3700000047683716,32000.0
2026-06-02 09:45:00,QNC.V,,4.590000152587891,4.590000152587891,4.559999942779541,4.559999942779541,7310.0
2026-06-02 09:45:00,SCOT.V,,2.309999942779541,2.309999942779541,2.309999942779541,2.309999942779541,600.0
2026-06-02 09:45:00,SCZ.V,,11.460000038146973,11.505000114440918,11.460000038146973,11.505000114440918,700.0
2026-06-02 09:45:00,SLG.V,,5.440000057220459,5.440000057220459,5.440000057220459,5.440000057220459,100.0
2026-06-02 09:45:00,SPA.V,,0.33500000834465027,0.33500000834465027,0.33500000834465027,0.33500000834465027,2000.0
2026-06-02 09:45:00,SQG.V,,0.09000000357627869,0.10000000149011612,0.09000000357627869,0.10000000149011612,2000.0
2026-06-02 09:45:00,SVRS.V,,0.5699999928474426,0.5699999928474426,0.5699999928474426,0.5699999928474426,8000.0
2026-06-02 09:46:00,MAI.V,,6.699999809265137,6.699999809265137,6.679999828338623,6.679999828338623,500.0
2026-06-02 09:46:00,NFG.V,,2.7950000762939453,2.7950000762939453,2.7950000762939453,2.7950000762939453,100.0
2026-06-02 09:46:00,OMG.V,,2.680000066757202,2.680000066757202,2.6700000762939453,2.6700000762939453,200.0
2026-06-02 09:46:00,PNPN.V,,1.2899999618530273,1.2899999618530273,1.2899999618530273,1.2899999618530273,62600.0
2026-06-02 09:46:00,PTU.V,,0.4000000059604645,0.4000000059604645,0.4000000059604645,0.4000000059604645,8520.0
2026-06-02 09:46:00,QNC.V,,4.590000152587891,4.599999904632568,4.590000152587891,4.599999904632568,2461.0
2026-06-02 09:46:00,RVG.V,,0.8399999737739563,0.8399999737739563,0.8399999737739563,0.8399999737739563,3000.0
2026-06-02 09:46:00,SCZ.V,,11.4399995803833,11.5,11.4399995803833,11.479999542236328,47703.0
2026-06-02 09:46:00,SHL.V,,0.3700000047683716,0.3700000047683716,0.3700000047683716,0.3700000047683716,48000.0
2026-06-02 09:46:00,SLI.V,,5.940000057220459,5.940000057220459,5.940000057220459,5.940000057220459,400.0
2026-06-02 09:46:00,SPA.V,,0.33500000834465027,0.33500000834465027,0.33500000834465027,0.33500000834465027,9500.0
2026-06-02 09:46:00,SQG.V,,0.09000000357627869,0.09000000357627869,0.09000000357627869,0.09000000357627869,2000.0
2026-06-02 09:46:00,SVRS.V,,0.5699999928474426,0.5699999928474426,0.5699999928474426,0.5699999928474426,15500.0
2026-06-02 09:47:00,MAI.V,,6.659999847412109,6.699999809265137,6.659999847412109,6.699999809265137,500.0
2026-06-02 09:47:00,MMY.V,,0.9800000190734863,0.9800000190734863,0.9800000190734863,0.9800000190734863,6000.0
2026-06-02 09:47:00,NFG.V,,2.7799999713897705,2.7799999713897705,2.7799999713897705,2.7799999713897705,11625.0
2026-06-02 09:47:00,OMG.V,,2.6500000953674316,2.6700000762939453,2.6500000953674316,2.6700000762939453,3726.0
2026-06-02 09:47:00,PLSR.V,,1.7599999904632568,1.7699999809265137,1.75,1.7699999809265137,17600.0
2026-06-02 09:47:00,PUR.V,,0.6100000143051147,0.6100000143051147,0.6100000143051147,0.6100000143051147,1500.0
2026-06-02 09:47:00,QNC.V,,4.599999904632568,4.599999904632568,4.590000152587891,4.599999904632568,7800.0
2026-06-02 09:47:00,RDS.V,,1.0800000429153442,1.0800000429153442,1.0800000429153442,1.0800000429153442,500.0
2026-06-02 09:47:00,RVG.V,,0.8399999737739563,0.8399999737739563,0.8399999737739563,0.8399999737739563,3500.0
2026-06-02 09:47:00,SLI.V,,5.949999809265137,5.949999809265137,5.940000057220459,5.940000057220459,2300.0
2026-06-02 09:47:00,SOMA.V,,0.9399999976158142,0.9399999976158142,0.9350000023841858,0.9350000023841858,6129.0
2026-06-02 09:47:00,SPA.V,,0.3400000035762787,0.3400000035762787,0.33500000834465027,0.33500000834465027,22500.0
2026-06-02 09:48:00,AGX.V,,0.800000011920929,0.800000011920929,0.800000011920929,0.800000011920929,11000.0
2026-06-02 09:48:00,MAI.V,,6.659999847412109,6.659999847412109,6.659999847412109,6.659999847412109,200.0
2026-06-02 09:48:00,MMY.V,,0.9900000095367432,0.9900000095367432,0.9900000095367432,0.9900000095367432,2000.0
2026-06-02 09:48:00,NXG.V,,0.4399999976158142,0.4399999976158142,0.4399999976158142,0.4399999976158142,6500.0
2026-06-02 09:48:00,OMG.V,,2.640000104904175,2.640000104904175,2.640000104904175,2.640000104904175,1400.0
2026-06-02 09:48:00,QNC.V,,4.599999904632568,4.599999904632568,4.599999904632568,4.599999904632568,4900.0
2026-06-02 09:48:00,SGO.V,,0.25,0.25,0.25,0.25,20000.0
2026-06-02 09:48:00,SLI.V,,5.929999828338623,5.929999828338623,5.929999828338623,5.929999828338623,300.0
2026-06-02 09:48:00,SOMA.V,,0.9599999785423279,0.9599999785423279,0.949999988079071,0.949999988079071,1872.0
2026-06-02 09:48:00,SSV.V,,0.5400000214576721,0.550000011920929,0.5400000214576721,0.550000011920929,96500.0
2026-06-02 09:49:00,MMM.V,,0.11500000208616257,0.11500000208616257,0.11500000208616257,0.11500000208616257,0.0
2026-06-02 09:49:00,NBM.V,,0.38999998569488525,0.38999998569488525,0.38999998569488525,0.38999998569488525,500.0
2026-06-02 09:49:00,NCX.V,,3.0799999237060547,3.0799999237060547,3.0799999237060547,3.0799999237060547,100.0
2026-06-02 09:49:00,NDA.V,,1.0499999523162842,1.0499999523162842,1.0499999523162842,1.0499999523162842,7600.0
2026-06-02 09:49:00,NFG.V,,2.7799999713897705,2.7799999713897705,2.7799999713897705,2.7799999713897705,1100.0
2026-06-02 09:49:00,OMG.V,,2.630000114440918,2.630000114440918,2.630000114440918,2.630000114440918,100.0
2026-06-02 09:49:00,PGLD.V,,0.7749999761581421,0.7850000262260437,0.7749999761581421,0.7850000262260437,7000.0
2026-06-02 09:49:00,PLSR.V,,1.75,1.75,1.7400000095367432,1.7400000095367432,8500.0
2026-06-02 09:49:00,QNC.V,,4.590000152587891,4.619999885559082,4.590000152587891,4.610000133514404,15500.0
2026-06-02 09:49:00,SCZ.V,,11.390000343322754,11.4350004196167,11.390000343322754,11.420000076293945,1000.0
2026-06-02 09:49:00,SSV.V,,0.5400000214576721,0.5400000214576721,0.5400000214576721,0.5400000214576721,18500.0
2026-06-02 09:50:00,AGX.V,,0.800000011920929,0.800000011920929,0.800000011920929,0.800000011920929,20000.0
2026-06-02 09:50:00,MAI.V,,6.659999847412109,6.695000171661377,6.659999847412109,6.695000171661377,400.0
2026-06-02 09:50:00,MOO.V,,0.8299999833106995,0.8299999833106995,0.8299999833106995,0.8299999833106995,0.0
2026-06-02 09:50:00,NDA.V,,1.0499999523162842,1.0499999523162842,1.0499999523162842,1.0499999523162842,42400.0
2026-06-02 09:50:00,NFG.V,,2.7799999713897705,2.7799999713897705,2.7699999809265137,2.7699999809265137,6545.0
2026-06-02 09:50:00,NRX.V,,0.6299999952316284,0.6299999952316284,0.6200000047683716,0.6200000047683716,5979.0
2026-06-02 09:50:00,NXG.V,,0.4300000071525574,0.4350000023841858,0.4300000071525574,0.4350000023841858,63600.0
2026-06-02 09:50:00,OCO.V,,0.4350000023841858,0.4350000023841858,0.4300000071525574,0.4300000071525574,3000.0
2026-06-02 09:50:00,OMG.V,,2.640000104904175,2.640000104904175,2.640000104904175,2.640000104904175,400.0
2026-06-02 09:50:00,PGLD.V,,0.7799999713897705,0.7850000262260437,0.7749999761581421,0.7799999713897705,21000.0
2026-06-02 09:50:00,PML.V,,1.4700000286102295,1.4700000286102295,1.4500000476837158,1.4500000476837158,22800.0
2026-06-02 09:50:00,PNPN.V,,1.2899999618530273,1.2999999523162842,1.2899999618530273,1.2999999523162842,24300.0
2026-06-02 09:50:00,PRG.V,,0.375,0.375,0.375,0.375,18000.0
2026-06-02 09:50:00,QNC.V,,4.590000152587891,4.599999904632568,4.590000152587891,4.590000152587891,3900.0
2026-06-02 09:50:00,ROI.V,,0.11500000208616257,0.11500000208616257,0.11500000208616257,0.11500000208616257,0.0
2026-06-02 09:50:00,SCZ.V,,11.369999885559082,11.380000114440918,11.359999656677246,11.380000114440918,700.0
2026-06-02 09:50:00,SGN.V,,0.35499998927116394,0.35499998927116394,0.35499998927116394,0.35499998927116394,2500.0
2026-06-02 09:50:00,SSV.V,,0.5400000214576721,0.5400000214576721,0.5400000214576721,0.5400000214576721,8920.0
2026-06-02 09:51:00,MAI.V,,6.599999904632568,6.659999847412109,6.599999904632568,6.659999847412109,6000.0
2026-06-02 09:51:00,MMY.V,,0.9800000190734863,0.9800000190734863,0.9800000190734863,0.9800000190734863,6320.0
2026-06-02 09:51:00,NFG.V,,2.7799999713897705,2.7799999713897705,2.7799999713897705,2.7799999713897705,300.0
2026-06-02 09:51:00,NKL.V,,1.2300000190734863,1.2300000190734863,1.2300000190734863,1.2300000190734863,8300.0
2026-06-02 09:51:00,ODV.V,,3.7699999809265137,3.7799999713897705,3.7699999809265137,3.7799999713897705,2610.0
2026-06-02 09:51:00,PLSR.V,,1.75,1.7599999904632568,1.75,1.7599999904632568,2600.0
2026-06-02 09:51:00,PML.V,,1.4850000143051147,1.4850000143051147,1.4850000143051147,1.4850000143051147,2100.0
2026-06-02 09:51:00,PNPN.V,,1.2899999618530273,1.2899999618530273,1.2899999618530273,1.2899999618530273,1400.0
2026-06-02 09:51:00,PRG.V,,0.36500000953674316,0.375,0.36500000953674316,0.375,13164.0
2026-06-02 09:51:00,QNC.V,,4.599999904632568,4.610000133514404,4.599999904632568,4.610000133514404,6900.0
2026-06-02 09:51:00,SCZ.V,,11.319999694824219,11.350000381469727,11.319999694824219,11.350000381469727,2685.0
2026-06-02 09:51:00,SLG.V,,5.400000095367432,5.400000095367432,5.400000095367432,5.400000095367432,1107.0
2026-06-02 09:52:00,MAI.V,,6.610000133514404,6.610000133514404,6.610000133514404,6.610000133514404,500.0
2026-06-02 09:52:00,NCAU.V,,0.5600000023841858,0.5600000023841858,0.5600000023841858,0.5600000023841858,22250.0
2026-06-02 09:52:00,NDA.V,,1.0399999618530273,1.0399999618530273,1.0399999618530273,1.0399999618530273,2000.0
2026-06-02 09:52:00,NFG.V,,2.7699999809265137,2.7699999809265137,2.7699999809265137,2.7699999809265137,1200.0
2026-06-02 09:52:00,OMG.V,,2.630000114440918,2.640000104904175,2.619999885559082,2.640000104904175,5105.0
2026-06-02 09:52:00,PINK.V,,0.3100000023841858,0.3100000023841858,0.3100000023841858,0.3100000023841858,5500.0
2026-06-02 09:52:00,PJX.V,,0.125,0.125,0.125,0.125,81500.0
2026-06-02 09:52:00,PML.V,,1.4700000286102295,1.4700000286102295,1.4700000286102295,1.4700000286102295,1700.0
2026-06-02 09:52:00,PNPN.V,,1.284999966621399,1.2899999618530273,1.284999966621399,1.2899999618530273,18100.0
2026-06-02 09:52:00,PPP.V,,1.5399999618530273,1.5399999618530273,1.5399999618530273,1.5399999618530273,3200.0
2026-06-02 09:52:00,PRG.V,,0.3700000047683716,0.3700000047683716,0.3700000047683716,0.3700000047683716,60000.0
2026-06-02 09:52:00,QNC.V,,4.619999885559082,4.619999885559082,4.619999885559082,4.619999885559082,17500.0
2026-06-02 09:52:00,QTWO.V,,3.1500000953674316,3.1500000953674316,3.1500000953674316,3.1500000953674316,200.0
2026-06-02 09:52:00,RDS.V,,1.0800000429153442,1.0800000429153442,1.0800000429153442,1.0800000429153442,3000.0
2026-06-02 09:52:00,SCZ.V,,11.3100004196167,11.3100004196167,11.3100004196167,11.3100004196167,100.0
2026-06-02 09:52:00,SLI.V,,5.900000095367432,5.900000095367432,5.900000095367432,5.900000095367432,100.0
2026-06-02 09:52:00,SM.V,,1.9700000286102295,1.9700000286102295,1.9700000286102295,1.9700000286102295,1800.0
2026-06-02 09:52:00,SRL.V,,0.26499998569488525,0.26499998569488525,0.26499998569488525,0.26499998569488525,3000.0
2026-06-02 09:52:00,SVRS.V,,0.5600000023841858,0.5600000023841858,0.5600000023841858,0.5600000023841858,40000.0
2026-06-02 09:53:00,MAI.V,,6.579999923706055,6.579999923706055,6.579999923706055,6.579999923706055,440.0
2026-06-02 09:53:00,NCX.V,,3.0799999237060547,3.0799999237060547,3.0799999237060547,3.0799999237060547,400.0
2026-06-02 09:53:00,NDA.V,,1.0399999618530273,1.0399999618530273,1.0399999618530273,1.0399999618530273,3300.0
2026-06-02 09:53:00,NFG.V,,2.759999990463257,2.759999990463257,2.759999990463257,2.759999990463257,550.0
2026-06-02 09:53:00,NXG.V,,0.4300000071525574,0.4300000071525574,0.4300000071525574,0.4300000071525574,16500.0
2026-06-02 09:53:00,ODV.V,,3.7799999713897705,3.7799999713897705,3.7699999809265137,3.7699999809265137,300.0
2026-06-02 09:53:00,OZ.V,,0.42500001192092896,0.42500001192092896,0.42500001192092896,0.42500001192092896,1000.0
2026-06-02 09:53:00,PINK.V,,0.3199999928474426,0.3199999928474426,0.3199999928474426,0.3199999928474426,1500.0
2026-06-02 09:53:00,PML.V,,1.5,1.5,1.4800000190734863,1.4800000190734863,5202.0
2026-06-02 09:53:00,QNC.V,,4.619999885559082,4.619999885559082,4.619999885559082,4.619999885559082,1900.0
2026-06-02 09:53:00,QTWO.V,,3.1700000762939453,3.1700000762939453,3.140000104904175,3.1500000953674316,6030.0
2026-06-02 09:53:00,RDS.V,,1.0800000429153442,1.0800000429153442,1.0800000429153442,1.0800000429153442,3000.0
2026-06-02 09:53:00,RET-A.V,,1.909999966621399,1.9199999570846558,1.909999966621399,1.9199999570846558,0.0
2026-06-02 09:53:00,SCZ.V,,11.300000190734863,11.300000190734863,11.300000190734863,11.300000190734863,1227.0
2026-06-02 09:53:00,SLG.V,,5.400000095367432,5.400000095367432,5.400000095367432,5.400000095367432,900.0
2026-06-02 09:53:00,SM.V,,1.9600000381469727,1.9600000381469727,1.9600000381469727,1.9600000381469727,273.0
2026-06-02 09:53:00,SPX.V,,0.07750000059604645,0.07750000059604645,0.07750000059604645,0.07750000059604645,2000.0
2026-06-02 09:53:00,SVRS.V,,0.5600000023841858,0.5600000023841858,0.5600000023841858,0.5600000023841858,4500.0
2026-06-02 09:54:00,AGX.V,,0.800000011920929,0.800000011920929,0.800000011920929,0.800000011920929,600.0
2026-06-02 09:54:00,MMY.V,,0.9800000190734863,0.9800000190734863,0.9800000190734863,0.9800000190734863,1500.0
2026-06-02 09:54:00,NCX.V,,3.069999933242798,3.069999933242798,3.069999933242798,3.069999933242798,15200.0
2026-06-02 09:54:00,NSU.V,,0.2849999964237213,0.2849999964237213,0.2849999964237213,0.2849999964237213,500.0
2026-06-02 09:54:00,ODV.V,,3.7899999618530273,3.7899999618530273,3.7899999618530273,3.7899999618530273,900.0
2026-06-02 09:54:00,OMG.V,,2.609999895095825,2.609999895095825,2.609999895095825,2.609999895095825,100.0
2026-06-02 09:54:00,PGLD.V,,0.7850000262260437,0.7850000262260437,0.7799999713897705,0.7799999713897705,1000.0
2026-06-02 09:54:00,PNPN.V,,1.284999966621399,1.284999966621399,1.284999966621399,1.284999966621399,3100.0
2026-06-02 09:54:00,QNC.V,,4.610000133514404,4.619999885559082,4.610000133514404,4.610000133514404,9000.0
2026-06-02 09:54:00,QTWO.V,,3.1700000762939453,3.1700000762939453,3.1700000762939453,3.1700000762939453,100.0
2026-06-02 09:54:00,ROOF.V,,0.2199999988079071,0.2199999988079071,0.2199999988079071,0.2199999988079071,11000.0
2026-06-02 09:54:00,RVG.V,,0.8299999833106995,0.8299999833106995,0.8299999833106995,0.8299999833106995,0.0
2026-06-02 09:54:00,SCZ.V,,11.279999732971191,11.289999961853027,11.279999732971191,11.289999961853027,2730.0
2026-06-02 09:54:00,SHL.V,,0.3700000047683716,0.3700000047683716,0.3700000047683716,0.3700000047683716,17000.0
2026-06-02 09:54:00,SLG.V,,5.429999828338623,5.429999828338623,5.429999828338623,5.429999828338623,400.0
2026-06-02 09:54:00,SOMA.V,,0.9599999785423279,0.9599999785423279,0.949999988079071,0.9599999785423279,8254.0
2026-06-02 09:54:00,SVRS.V,,0.5600000023841858,0.5600000023841858,0.5600000023841858,0.5600000023841858,500.0
2026-06-02 09:55:00,MAI.V,,6.559999942779541,6.570000171661377,6.559999942779541,6.570000171661377,900.0
2026-06-02 09:55:00,NCX.V,,3.069999933242798,3.069999933242798,3.069999933242798,3.069999933242798,100.0
2026-06-02 09:55:00,NFG.V,,2.759999990463257,2.759999990463257,2.759999990463257,2.759999990463257,100.0
2026-06-02 09:55:00,ODV.V,,3.7699999809265137,3.7699999809265137,3.7699999809265137,3.7699999809265137,2200.0
2026-06-02 09:55:00,OMG.V,,2.615000009536743,2.615000009536743,2.609999895095825,2.609999895095825,1200.0
2026-06-02 09:55:00,PGE.V,,0.3149999976158142,0.3199999928474426,0.3149999976158142,0.3199999928474426,7000.0
2026-06-02 09:55:00,PML.V,,1.4700000286102295,1.4800000190734863,1.4700000286102295,1.4800000190734863,28900.0
2026-06-02 09:55:00,QNC.V,,4.619999885559082,4.619999885559082,4.619999885559082,4.619999885559082,1740.0
2026-06-02 09:55:00,QTWO.V,,3.190000057220459,3.2100000381469727,3.180000066757202,3.200000047683716,65245.0
2026-06-02 09:55:00,RECO.V,,1.2100000381469727,1.2100000381469727,1.2100000381469727,1.2100000381469727,4500.0
2026-06-02 09:55:00,RVG.V,,0.8299999833106995,0.8299999833106995,0.8299999833106995,0.8299999833106995,28837.0
2026-06-02 09:55:00,SBMI.V,,0.1599999964237213,0.1599999964237213,0.1599999964237213,0.1599999964237213,11120.0
2026-06-02 09:55:00,SCZ.V,,11.270000457763672,11.279999732971191,11.25,11.279999732971191,15700.0
2026-06-02 09:55:00,SHL.V,,0.3700000047683716,0.3700000047683716,0.3700000047683716,0.3700000047683716,19000.0
2026-06-02 09:55:00,SOMA.V,,0.9599999785423279,0.9599999785423279,0.9599999785423279,0.9599999785423279,4074.0
2026-06-02 09:55:00,SRR.V,,0.9800000190734863,0.9800000190734863,0.9800000190734863,0.9800000190734863,523.0
2026-06-02 09:55:00,SSV.V,,0.550000011920929,0.550000011920929,0.5450000166893005,0.5450000166893005,18500.0
2026-06-02 09:55:00,SVRS.V,,0.5699999928474426,0.5699999928474426,0.5649999976158142,0.5649999976158142,30000.0
2026-06-02 09:56:00,NBM.V,,0.38999998569488525,0.38999998569488525,0.38999998569488525,0.38999998569488525,500.0
2026-06-02 09:56:00,PGLD.V,,0.7900000214576721,0.800000011920929,0.7850000262260437,0.7850000262260437,52500.0
2026-06-02 09:56:00,PLSR.V,,1.7300000190734863,1.7300000190734863,1.7300000190734863,1.7300000190734863,600.0
2026-06-02 09:56:00,PNPN.V,,1.284999966621399,1.284999966621399,1.284999966621399,1.284999966621399,10600.0
2026-06-02 09:56:00,PPP.V,,1.5299999713897705,1.5299999713897705,1.5299999713897705,1.5299999713897705,12000.0
2026-06-02 09:56:00,PRG.V,,0.3799999952316284,0.3799999952316284,0.3799999952316284,0.3799999952316284,500.0
2026-06-02 09:56:00,QTWO.V,,3.190000057220459,3.190000057220459,3.190000057220459,3.190000057220459,100.0
2026-06-02 09:56:00,RCK.V,,0.9200000166893005,0.9200000166893005,0.9200000166893005,0.9200000166893005,2000.0
2026-06-02 09:56:00,ROK.V,,0.30000001192092896,0.3050000071525574,0.30000001192092896,0.3050000071525574,38500.0
2026-06-02 09:56:00,RSM.V,,0.30000001192092896,0.30000001192092896,0.30000001192092896,0.30000001192092896,90000.0
2026-06-02 09:56:00,SCZ.V,,11.289999961853027,11.289999961853027,11.289999961853027,11.289999961853027,100.0
2026-06-02 09:56:00,SEND.V,,1.4500000476837158,1.4500000476837158,1.4500000476837158,1.4500000476837158,0.0
2026-06-02 09:56:00,SSV.V,,0.5450000166893005,0.5450000166893005,0.5450000166893005,0.5450000166893005,4245.0
2026-06-02 09:56:00,SVRS.V,,0.5600000023841858,0.5600000023841858,0.5600000023841858,0.5600000023841858,1000.0
2026-06-02 09:57:00,AGX.V,,0.800000011920929,0.800000011920929,0.800000011920929,0.800000011920929,4000.0
2026-06-02 09:57:00,MMY.V,,0.9800000190734863,0.9800000190734863,0.9800000190734863,0.9800000190734863,5000.0
2026-06-02 09:57:00,ODV.V,,3.75,3.759999990463257,3.75,3.759999990463257,1200.0
2026-06-02 09:57:00,OTC.V,,0.550000011920929,0.550000011920929,0.550000011920929,0.550000011920929,22000.0
2026-06-02 09:57:00,PGLD.V,,0.7900000214576721,0.7900000214576721,0.7900000214576721,0.7900000214576721,500.0
2026-06-02 09:57:00,PLSR.V,,1.7100000381469727,1.7200000286102295,1.7000000476837158,1.7200000286102295,6545.0
2026-06-02 09:57:00,PNPN.V,,1.2899999618530273,1.2899999618530273,1.2899999618530273,1.2899999618530273,400.0
2026-06-02 09:57:00,PRG.V,,0.3799999952316284,0.3799999952316284,0.375,0.375,26500.0
2026-06-02 09:57:00,QNC.V,,4.630000114440918,4.639999866485596,4.630000114440918,4.630000114440918,4427.0
2026-06-02 09:57:00,QTWO.V,,3.200000047683716,3.2200000286102295,3.200000047683716,3.2200000286102295,600.0
2026-06-02 09:57:00,RCK.V,,0.9100000262260437,0.9100000262260437,0.9100000262260437,0.9100000262260437,609.0
2026-06-02 09:57:00,ROK.V,,0.3050000071525574,0.3050000071525574,0.3050000071525574,0.3050000071525574,9000.0
2026-06-02 09:57:00,SCZ.V,,11.260000228881836,11.260000228881836,11.260000228881836,11.260000228881836,200.0
2026-06-02 09:57:00,SVRS.V,,0.5600000023841858,0.5600000023841858,0.5600000023841858,0.5600000023841858,1000.0
2026-06-02 09:58:00,MMY.V,,0.9900000095367432,0.9900000095367432,0.9900000095367432,0.9900000095367432,7500.0
2026-06-02 09:58:00,NCX.V,,3.059999942779541,3.075000047683716,3.059999942779541,3.075000047683716,700.0
2026-06-02 09:58:00,NFG.V,,2.759999990463257,2.759999990463257,2.759999990463257,2.759999990463257,900.0
2026-06-02 09:58:00,PNPN.V,,1.2899999618530273,1.2899999618530273,1.284999966621399,1.2899999618530273,2100.0
2026-06-02 09:58:00,PUR.V,,0.6100000143051147,0.6100000143051147,0.6100000143051147,0.6100000143051147,500.0
2026-06-02 09:58:00,QNC.V,,4.610000133514404,4.619999885559082,4.610000133514404,4.619999885559082,3799.0
2026-06-02 09:58:00,QTWO.V,,3.200000047683716,3.2200000286102295,3.200000047683716,3.2100000381469727,9335.0
2026-06-02 09:58:00,SM.V,,1.9900000095367432,1.9900000095367432,1.9800000190734863,1.9800000190734863,309.0
2026-06-02 09:58:00,SSV.V,,0.5450000166893005,0.5450000166893005,0.5450000166893005,0.5450000166893005,5000.0
2026-06-02 09:58:00,SVRS.V,,0.5600000023841858,0.5600000023841858,0.5600000023841858,0.5600000023841858,1000.0
2026-06-02 09:59:00,MAI.V,,6.550000190734863,6.559999942779541,6.53000020980835,6.550000190734863,3800.0
2026-06-02 09:59:00,MMY.V,,0.9900000095367432,0.9900000095367432,0.9900000095367432,0.9900000095367432,47998.0
2026-06-02 09:59:00,NFG.V,,2.759999990463257,2.759999990463257,2.759999990463257,2.759999990463257,1500.0
2026-06-02 09:59:00,NSCI.V,,0.13500000536441803,0.13500000536441803,0.13500000536441803,0.13500000536441803,3000.0
2026-06-02 09:59:00,PLSR.V,,1.7000000476837158,1.7000000476837158,1.6799999475479126,1.690000057220459,6100.0
2026-06-02 09:59:00,PNPN.V,,1.2899999618530273,1.2899999618530273,1.2899999618530273,1.2899999618530273,200.0
2026-06-02 09:59:00,QGR.V,,0.2750000059604645,0.2750000059604645,0.2750000059604645,0.2750000059604645,23500.0
2026-06-02 09:59:00,QNC.V,,4.650000095367432,4.659999847412109,4.650000095367432,4.650000095367432,25560.0
2026-06-02 09:59:00,RECO.V,,1.2200000286102295,1.2200000286102295,1.2200000286102295,1.2200000286102295,4300.0
2026-06-02 09:59:00,SCZ.V,,11.260000228881836,11.260000228881836,11.260000228881836,11.260000228881836,100.0
2026-06-02 09:59:00,SLG.V,,5.400000095367432,5.400000095367432,5.400000095367432,5.400000095367432,266.0
2026-06-02 09:59:00,SM.V,,1.9700000286102295,1.9700000286102295,1.9700000286102295,1.9700000286102295,1200.0
2026-06-02 09:59:00,SNAG.V,,0.2549999952316284,0.2549999952316284,0.2549999952316284,0.2549999952316284,0.0
2026-06-02 09:59:00,SPA.V,,0.33500000834465027,0.33500000834465027,0.33500000834465027,0.33500000834465027,1000.0
2026-06-02 09:59:00,SVRS.V,,0.5600000023841858,0.5600000023841858,0.5600000023841858,0.5600000023841858,500.0
2026-06-02 10:00:00,AGX.V,,0.800000011920929,0.800000011920929,0.800000011920929,0.800000011920929,500.0
2026-06-02 10:00:00,MAI.V,,6.599999904632568,6.605000019073486,6.539999961853027,6.550000190734863,4600.0
2026-06-02 10:00:00,MMY.V,,1.0,1.0,1.0,1.0,2000.0
2026-06-02 10:00:00,NCX.V,,3.059999942779541,3.059999942779541,3.059999942779541,3.059999942779541,1300.0
2026-06-02 10:00:00,NFG.V,,2.759999990463257,2.759999990463257,2.759999990463257,2.759999990463257,4980.0
2026-06-02 10:00:00,OMG.V,,2.5999999046325684,2.5999999046325684,2.5999999046325684,2.5999999046325684,100.0
2026-06-02 10:00:00,PNPN.V,,1.2899999618530273,1.2899999618530273,1.2899999618530273,1.2899999618530273,100.0
2026-06-02 10:00:00,PPP.V,,1.5399999618530273,1.5399999618530273,1.5399999618530273,1.5399999618530273,200.0
2026-06-02 10:00:00,QNC.V,,4.650000095367432,4.650000095367432,4.630000114440918,4.639999866485596,1900.0
2026-06-02 10:00:00,RECO.V,,1.2100000381469727,1.2100000381469727,1.2100000381469727,1.2100000381469727,5600.0
2026-06-02 10:00:00,RYO.V,,0.3449999988079071,0.3449999988079071,0.3449999988079071,0.3449999988079071,9500.0
2026-06-02 10:00:00,SAGE.V,,0.12999999523162842,0.12999999523162842,0.12999999523162842,0.12999999523162842,6000.0
2026-06-02 10:00:00,SPX.V,,0.07750000059604645,0.07750000059604645,0.07750000059604645,0.07750000059604645,3500.0
2026-06-02 10:00:00,SVRS.V,,0.5600000023841858,0.5600000023841858,0.5600000023841858,0.5600000023841858,1000.0
2026-06-02 10:01:00,MAI.V,,6.599999904632568,6.599999904632568,6.590000152587891,6.590000152587891,700.0
2026-06-02 10:01:00,MNRG.V,,0.10000000149011612,0.10000000149011612,0.10000000149011612,0.10000000149011612,1000.0
2026-06-02 10:01:00,MSR.V,,0.49000000953674316,0.49000000953674316,0.49000000953674316,0.49000000953674316,0.0
2026-06-02 10:01:00,NDA.V,,1.0299999713897705,1.0299999713897705,1.0299999713897705,1.0299999713897705,5000.0
2026-06-02 10:01:00,ODV.V,,3.7899999618530273,3.7899999618530273,3.7899999618530273,3.7899999618530273,500.0
2026-06-02 10:01:00,OMG.V,,2.609999895095825,2.609999895095825,2.609999895095825,2.609999895095825,500.0
2026-06-02 10:01:00,PGLD.V,,0.7900000214576721,0.7900000214576721,0.7900000214576721,0.7900000214576721,500.0
2026-06-02 10:01:00,PLSR.V,,1.690000057220459,1.690000057220459,1.690000057220459,1.690000057220459,540.0
2026-06-02 10:01:00,PNPN.V,,1.2899999618530273,1.2899999618530273,1.2899999618530273,1.2899999618530273,100.0
2026-06-02 10:01:00,PPP.V,,1.5399999618530273,1.5399999618530273,1.5399999618530273,1.5399999618530273,100.0
2026-06-02 10:01:00,PRG.V,,0.4000000059604645,0.4050000011920929,0.4000000059604645,0.4000000059604645,62000.0
2026-06-02 10:01:00,QNC.V,,4.650000095367432,4.659999847412109,4.650000095367432,4.659999847412109,668.0
2026-06-02 10:01:00,SCZ.V,,11.300000190734863,11.300000190734863,11.239999771118164,11.239999771118164,900.0
2026-06-02 10:01:00,SLI.V,,5.840000152587891,5.840000152587891,5.840000152587891,5.840000152587891,300.0
2026-06-02 10:01:00,SOMA.V,,0.949999988079071,0.949999988079071,0.949999988079071,0.949999988079071,500.0
2026-06-02 10:01:00,SPX.V,,0.07750000059604645,0.07750000059604645,0.07750000059604645,0.07750000059604645,1500.0
2026-06-02 10:01:00,SSV.V,,0.5450000166893005,0.5450000166893005,0.5450000166893005,0.5450000166893005,12000.0
2026-06-02 10:01:00,SVRS.V,,0.5600000023841858,0.5600000023841858,0.5600000023841858,0.5600000023841858,1000.0
2026-06-02 10:02:00,MAI.V,,6.639999866485596,6.639999866485596,6.639999866485596,6.639999866485596,800.0
2026-06-02 10:02:00,MMY.V,,1.0,1.0,1.0,1.0,2000.0
2026-06-02 10:02:00,NFG.V,,2.7799999713897705,2.7799999713897705,2.7699999809265137,2.7699999809265137,2000.0
2026-06-02 10:02:00,PLSR.V,,1.690000057220459,1.690000057220459,1.690000057220459,1.690000057220459,800.0
2026-06-02 10:02:00,PNPN.V,,1.2799999713897705,1.2799999713897705,1.2799999713897705,1.2799999713897705,700.0
2026-06-02 10:02:00,PPP.V,,1.5399999618530273,1.5399999618530273,1.5399999618530273,1.5399999618530273,100.0
2026-06-02 10:02:00,QNC.V,,4.670000076293945,4.670000076293945,4.670000076293945,4.670000076293945,100.0
2026-06-02 10:02:00,RDS.V,,1.0800000429153442,1.0800000429153442,1.0800000429153442,1.0800000429153442,1000.0
2026-06-02 10:02:00,SAE.V,,0.05000000074505806,0.05000000074505806,0.05000000074505806,0.05000000074505806,46000.0
2026-06-02 10:02:00,SECU.V,,4.309999942779541,4.309999942779541,4.309999942779541,4.309999942779541,2300.0
2026-06-02 10:02:00,SLI.V,,5.849999904632568,5.849999904632568,5.840000152587891,5.840000152587891,2100.0
2026-06-02 10:02:00,SPA.V,,0.3400000035762787,0.3400000035762787,0.3400000035762787,0.3400000035762787,5500.0
2026-06-02 10:02:00,SPRQ.V,,1.409999966621399,1.409999966621399,1.409999966621399,1.409999966621399,3500.0
2026-06-02 10:03:00,NDA.V,,1.0399999618530273,1.0399999618530273,1.0399999618530273,1.0399999618530273,1100.0
2026-06-02 10:03:00,NFD-A.V,,5.190000057220459,5.190000057220459,5.190000057220459,5.190000057220459,5000.0
2026-06-02 10:03:00,NFG.V,,2.7799999713897705,2.7799999713897705,2.7799999713897705,2.7799999713897705,800.0
2026-06-02 10:03:00,PNPN.V,,1.2799999713897705,1.2799999713897705,1.2799999713897705,1.2799999713897705,800.0
2026-06-02 10:03:00,PTU.V,,0.4000000059604645,0.4000000059604645,0.4000000059604645,0.4000000059604645,5300.0
2026-06-02 10:03:00,QNC.V,,4.679999828338623,4.679999828338623,4.670000076293945,4.670000076293945,2300.0
2026-06-02 10:03:00,QTWO.V,,3.200000047683716,3.2200000286102295,3.200000047683716,3.2200000286102295,800.0
2026-06-02 10:03:00,RE.V,,0.38999998569488525,0.38999998569488525,0.38999998569488525,0.38999998569488525,1005.0
2026-06-02 10:03:00,ROMJ.V,,0.4399999976158142,0.4399999976158142,0.4300000071525574,0.4300000071525574,0.0
2026-06-02 10:03:00,SCZ.V,,11.350000381469727,11.350000381469727,11.350000381469727,11.350000381469727,200.0
2026-06-02 10:03:00,SHL.V,,0.3700000047683716,0.3700000047683716,0.3700000047683716,0.3700000047683716,500.0
2026-06-02 10:03:00,SLI.V,,5.829999923706055,5.829999923706055,5.829999923706055,5.829999923706055,600.0
2026-06-02 10:04:00,AMY.V,,0.07500000298023224,0.07500000298023224,0.07500000298023224,0.07500000298023224,52000.0
2026-06-02 10:04:00,NCX.V,,3.069999933242798,3.069999933242798,3.069999933242798,3.069999933242798,133.0
2026-06-02 10:04:00,NFG.V,,2.7799999713897705,2.7799999713897705,2.7799999713897705,2.7799999713897705,100.0
2026-06-02 10:04:00,NICN.V,,0.0949999988079071,0.0949999988079071,0.0949999988079071,0.0949999988079071,1000.0
2026-06-02 10:04:00,OCO.V,,0.4350000023841858,0.4350000023841858,0.4350000023841858,0.4350000023841858,500.0
2026-06-02 10:04:00,PGLD.V,,0.7900000214576721,0.7900000214576721,0.7900000214576721,0.7900000214576721,500.0
2026-06-02 10:04:00,PNPN.V,,1.2799999713897705,1.2799999713897705,1.2799999713897705,1.2799999713897705,800.0
2026-06-02 10:04:00,PPP.V,,1.5399999618530273,1.5399999618530273,1.5399999618530273,1.5399999618530273,200.0
2026-06-02 10:04:00,PTU.V,,0.4000000059604645,0.4000000059604645,0.4000000059604645,0.4000000059604645,6500.0
2026-06-02 10:04:00,QNC.V,,4.659999847412109,4.659999847412109,4.659999847412109,4.659999847412109,700.0
2026-06-02 10:04:00,RECO.V,,1.2050000429153442,1.2100000381469727,1.2050000429153442,1.2100000381469727,12200.0
2026-06-02 10:04:00,REG.V,,4.409999847412109,4.409999847412109,4.409999847412109,4.409999847412109,2700.0
2026-06-02 10:04:00,ROK.V,,0.3050000071525574,0.3050000071525574,0.3050000071525574,0.3050000071525574,7000.0
2026-06-02 10:04:00,RVG.V,,0.8349999785423279,0.8349999785423279,0.8349999785423279,0.8349999785423279,2000.0
2026-06-02 10:04:00,SCZ.V,,11.350000381469727,11.350000381469727,11.350000381469727,11.350000381469727,100.0
2026-06-02 10:04:00,SECU.V,,4.309999942779541,4.309999942779541,4.309999942779541,4.309999942779541,13341.0
2026-06-02 10:04:00,SOI.V,,0.1899999976158142,0.19499999284744263,0.1899999976158142,0.19499999284744263,3000.0
2026-06-02 10:04:00,SPA.V,,0.3400000035762787,0.3400000035762787,0.3400000035762787,0.3400000035762787,64000.0
2026-06-02 10:04:00,SVRS.V,,0.550000011920929,0.5600000023841858,0.550000011920929,0.5600000023841858,31165.0
2026-06-02 10:05:00,AGX.V,,0.8100000023841858,0.8100000023841858,0.800000011920929,0.800000011920929,13025.0
2026-06-02 10:05:00,MAI.V,,6.599999904632568,6.619999885559082,6.599999904632568,6.619999885559082,1400.0
2026-06-02 10:05:00,MYID.V,,0.05999999865889549,0.05999999865889549,0.05999999865889549,0.05999999865889549,0.0
2026-06-02 10:05:00,NFG.V,,2.7699999809265137,2.7699999809265137,2.7699999809265137,2.7699999809265137,1200.0
2026-06-02 10:05:00,OMG.V,,2.615000009536743,2.619999885559082,2.615000009536743,2.619999885559082,300.0
2026-06-02 10:05:00,PML.V,,1.4500000476837158,1.4700000286102295,1.4500000476837158,1.4700000286102295,3200.0
2026-06-02 10:05:00,PNPN.V,,1.284999966621399,1.284999966621399,1.2799999713897705,1.2799999713897705,1900.0
2026-06-02 10:05:00,QNC.V,,4.659999847412109,4.659999847412109,4.659999847412109,4.659999847412109,2900.0
2026-06-02 10:05:00,RECO.V,,1.2000000476837158,1.2000000476837158,1.2000000476837158,1.2000000476837158,1200.0
2026-06-02 10:05:00,SLI.V,,5.800000190734863,5.809999942779541,5.800000190734863,5.800000190734863,1200.0
2026-06-02 10:05:00,SVRS.V,,0.5600000023841858,0.5600000023841858,0.5600000023841858,0.5600000023841858,38000.0
2026-06-02 10:06:00,AGX.V,,0.800000011920929,0.800000011920929,0.800000011920929,0.800000011920929,1000.0
2026-06-02 10:06:00,MAI.V,,6.650000095367432,6.650000095367432,6.570000171661377,6.599999904632568,7711.0
2026-06-02 10:06:00,MMY.V,,0.9900000095367432,1.0,0.9900000095367432,1.0,11000.0
2026-06-02 10:06:00,OMG.V,,2.609999895095825,2.615000009536743,2.609999895095825,2.615000009536743,1900.0
2026-06-02 10:06:00,PLSR.V,,1.690000057220459,1.690000057220459,1.690000057220459,1.690000057220459,130.0
2026-06-02 10:06:00,PNPN.V,,1.2799999713897705,1.2799999713897705,1.2799999713897705,1.2799999713897705,600.0
2026-06-02 10:06:00,QNC.V,,4.650000095367432,4.670000076293945,4.650000095367432,4.670000076293945,600.0
2026-06-02 10:06:00,RSM.V,,0.30000001192092896,0.30000001192092896,0.30000001192092896,0.30000001192092896,2500.0
2026-06-02 10:06:00,SLI.V,,5.800000190734863,5.800000190734863,5.800000190734863,5.800000190734863,200.0
2026-06-02 10:06:00,SVRS.V,,0.5600000023841858,0.5600000023841858,0.5600000023841858,0.5600000023841858,5500.0
2026-06-02 10:07:00,AGX.V,,0.800000011920929,0.800000011920929,0.800000011920929,0.800000011920929,4500.0
2026-06-02 10:07:00,MAI.V,,6.590000152587891,6.590000152587891,6.590000152587891,6.590000152587891,600.0
2026-06-02 10:07:00,MGG.V,,0.3799999952316284,0.3799999952316284,0.3799999952316284,0.3799999952316284,0.0
2026-06-02 10:07:00,NCX.V,,3.069999933242798,3.069999933242798,3.069999933242798,3.069999933242798,400.0
2026-06-02 10:07:00,NFG.V,,2.7699999809265137,2.7699999809265137,2.7699999809265137,2.7699999809265137,100.0
2026-06-02 10:07:00,OMG.V,,2.609999895095825,2.609999895095825,2.609999895095825,2.609999895095825,200.0
2026-06-02 10:07:00,PER.V,,0.23999999463558197,0.23999999463558197,0.23999999463558197,0.23999999463558197,500.0
2026-06-02 10:07:00,PNPN.V,,1.284999966621399,1.284999966621399,1.2799999713897705,1.2799999713897705,6100.0
2026-06-02 10:07:00,QNC.V,,4.639999866485596,4.639999866485596,4.639999866485596,4.639999866485596,1800.0
2026-06-02 10:07:00,QTWO.V,,3.2249999046325684,3.2249999046325684,3.2249999046325684,3.2249999046325684,100.0
2026-06-02 10:07:00,RVG.V,,0.8349999785423279,0.8349999785423279,0.8349999785423279,0.8349999785423279,500.0
2026-06-02 10:07:00,SCZ.V,,11.300000190734863,11.319999694824219,11.300000190734863,11.319999694824219,600.0
2026-06-02 10:07:00,SLG.V,,5.429999828338623,5.429999828338623,5.429999828338623,5.429999828338623,200.0
2026-06-02 10:07:00,SLI.V,,5.820000171661377,5.820000171661377,5.820000171661377,5.820000171661377,500.0
2026-06-02 10:07:00,SRC.V,,1.6299999952316284,1.6299999952316284,1.6299999952316284,1.6299999952316284,200.0
2026-06-02 10:07:00,STRR.V,,0.5199999809265137,0.5199999809265137,0.5199999809265137,0.5199999809265137,0.0
2026-06-02 10:08:00,MAI.V,,6.579999923706055,6.579999923706055,6.579999923706055,6.579999923706055,100.0
2026-06-02 10:08:00,MMY.V,,0.9800000190734863,0.9900000095367432,0.9800000190734863,0.9900000095367432,15000.0
2026-06-02 10:08:00,ODV.V,,3.799999952316284,3.799999952316284,3.799999952316284,3.799999952316284,500.0
2026-06-02 10:08:00,PML.V,,1.4600000381469727,1.4700000286102295,1.4600000381469727,1.4700000286102295,6700.0
2026-06-02 10:08:00,PNPN.V,,1.2799999713897705,1.284999966621399,1.2799999713897705,1.284999966621399,3600.0
2026-06-02 10:08:00,PUR.V,,0.6200000047683716,0.6200000047683716,0.6200000047683716,0.6200000047683716,3500.0
2026-06-02 10:08:00,QNC.V,,4.650000095367432,4.650000095367432,4.650000095367432,4.650000095367432,100.0
2026-06-02 10:08:00,RYO.V,,0.3449999988079071,0.3449999988079071,0.3449999988079071,0.3449999988079071,500.0
2026-06-02 10:08:00,SCZ.V,,11.300000190734863,11.300000190734863,11.300000190734863,11.300000190734863,400.0
2026-06-02 10:08:00,SVRS.V,,0.5600000023841858,0.5600000023841858,0.5600000023841858,0.5600000023841858,1000.0
2026-06-02 10:09:00,MMY.V,,0.9800000190734863,0.9800000190734863,0.9800000190734863,0.9800000190734863,3500.0
2026-06-02 10:09:00,NFG.V,,2.759999990463257,2.759999990463257,2.759999990463257,2.759999990463257,330.0
2026-06-02 10:09:00,PLSR.V,,1.7000000476837158,1.7000000476837158,1.7000000476837158,1.7000000476837158,100.0
2026-06-02 10:09:00,PNPN.V,,1.2699999809265137,1.2799999713897705,1.2699999809265137,1.2799999713897705,4200.0
2026-06-02 10:09:00,PPP.V,,1.5299999713897705,1.5299999713897705,1.5299999713897705,1.5299999713897705,12600.0
2026-06-02 10:09:00,PRG.V,,0.4050000011920929,0.4050000011920929,0.4050000011920929,0.4050000011920929,1000.0
2026-06-02 10:09:00,QNC.V,,4.639999866485596,4.650000095367432,4.639999866485596,4.650000095367432,2400.0
2026-06-02 10:09:00,SCLT.V,,0.14000000059604645,0.14000000059604645,0.14000000059604645,0.14000000059604645,23000.0
2026-06-02 10:09:00,SCZ.V,,11.270000457763672,11.289999961853027,11.270000457763672,11.289999961853027,410.0
2026-06-02 10:09:00,SLG.V,,5.400000095367432,5.400000095367432,5.400000095367432,5.400000095367432,1495.0
2026-06-02 10:09:00,SLI.V,,5.820000171661377,5.820000171661377,5.820000171661377,5.820000171661377,212.0
2026-06-02 10:09:00,SSV.V,,0.550000011920929,0.550000011920929,0.5450000166893005,0.5450000166893005,15000.0
2026-06-02 10:09:00,SVRS.V,,0.5600000023841858,0.5600000023841858,0.5600000023841858,0.5600000023841858,5000.0
2026-06-02 10:10:00,MAI.V,,6.550000190734863,6.570000171661377,6.550000190734863,6.570000171661377,306.0
2026-06-02 10:10:00,MMY.V,,0.9800000190734863,0.9800000190734863,0.9800000190734863,0.9800000190734863,3000.0
2026-06-02 10:10:00,NCAU.V,,0.550000011920929,0.5600000023841858,0.550000011920929,0.5600000023841858,36500.0
2026-06-02 10:10:00,OCO.V,,0.42500001192092896,0.4300000071525574,0.42500001192092896,0.4300000071525574,24500.0
2026-06-02 10:10:00,ODV.V,,3.799999952316284,3.799999952316284,3.799999952316284,3.799999952316284,100.0
2026-06-02 10:10:00,PLUR.V,,0.10499999672174454,0.10499999672174454,0.10499999672174454,0.10499999672174454,20020.0
2026-06-02 10:10:00,PNPN.V,,1.2699999809265137,1.274999976158142,1.2699999809265137,1.2699999809265137,800.0
2026-06-02 10:10:00,PRG.V,,0.38999998569488525,0.38999998569488525,0.38999998569488525,0.38999998569488525,5000.0
2026-06-02 10:10:00,PUR.V,,0.6200000047683716,0.6200000047683716,0.6150000095367432,0.6150000095367432,17500.0
2026-06-02 10:10:00,QTWO.V,,3.2100000381469727,3.2200000286102295,3.2100000381469727,3.2200000286102295,500.0
2026-06-02 10:10:00,ROK.V,,0.3050000071525574,0.3050000071525574,0.3050000071525574,0.3050000071525574,500.0
2026-06-02 10:10:00,SBIO.V,,0.14499999582767487,0.14499999582767487,0.14499999582767487,0.14499999582767487,8000.0
2026-06-02 10:10:00,SCZ.V,,11.229999542236328,11.239999771118164,11.229999542236328,11.239999771118164,300.0
2026-06-02 10:10:00,SLI.V,,5.800000190734863,5.800000190734863,5.789999961853027,5.789999961853027,600.0
2026-06-02 10:10:00,SPX.V,,0.07750000059604645,0.07750000059604645,0.07750000059604645,0.07750000059604645,3000.0
2026-06-02 10:10:00,SVG.V,,0.15000000596046448,0.1550000011920929,0.15000000596046448,0.1550000011920929,0.0
2026-06-02 10:10:00,SVRS.V,,0.5600000023841858,0.5600000023841858,0.5600000023841858,0.5600000023841858,500.0
2026-06-02 10:11:00,MAI.V,,6.570000171661377,6.570000171661377,6.559999942779541,6.559999942779541,500.0
2026-06-02 10:11:00,NCX.V,,3.075000047683716,3.075000047683716,3.075000047683716,3.075000047683716,300.0
2026-06-02 10:11:00,NFG.V,,2.7699999809265137,2.7699999809265137,2.7699999809265137,2.7699999809265137,400.0
2026-06-02 10:11:00,NXS.V,,0.18000000715255737,0.18000000715255737,0.18000000715255737,0.18000000715255737,0.0
2026-06-02 10:11:00,PML.V,,1.4800000190734863,1.4900000095367432,1.4700000286102295,1.4700000286102295,13900.0
2026-06-02 10:11:00,PNPN.V,,1.2699999809265137,1.2699999809265137,1.2699999809265137,1.2699999809265137,650.0
2026-06-02 10:11:00,QNC.V,,4.650000095367432,4.650000095367432,4.650000095367432,4.650000095367432,2220.0
2026-06-02 10:11:00,QTWO.V,,3.2300000190734863,3.240000009536743,3.2100000381469727,3.2100000381469727,1200.0
2026-06-02 10:11:00,SCZ.V,,11.279999732971191,11.279999732971191,11.279999732971191,11.279999732971191,100.0
2026-06-02 10:11:00,SSV.V,,0.550000011920929,0.550000011920929,0.550000011920929,0.550000011920929,5000.0
2026-06-02 10:11:00,STRR.V,,0.5099999904632568,0.5099999904632568,0.5099999904632568,0.5099999904632568,149000.0
2026-06-02 10:12:00,MAI.V,,6.550000190734863,6.550000190734863,6.550000190734863,6.550000190734863,200.0
2026-06-02 10:12:00,MMY.V,,0.9800000190734863,0.9800000190734863,0.9800000190734863,0.9800000190734863,46000.0
2026-06-02 10:12:00,PGLD.V,,0.7799999713897705,0.7850000262260437,0.7799999713897705,0.7850000262260437,4500.0
2026-06-02 10:12:00,PNPN.V,,1.2699999809265137,1.2699999809265137,1.2699999809265137,1.2699999809265137,600.0
2026-06-02 10:12:00,PRG.V,,0.3799999952316284,0.3799999952316284,0.3799999952316284,0.3799999952316284,173500.0
2026-06-02 10:12:00,QNC.V,,4.659999847412109,4.659999847412109,4.650000095367432,4.650000095367432,2300.0
2026-06-02 10:12:00,QTWO.V,,3.234999895095825,3.240000009536743,3.234999895095825,3.240000009536743,330.0
2026-06-02 10:12:00,REX.V,,0.23000000417232513,0.23000000417232513,0.23000000417232513,0.23000000417232513,0.0
2026-06-02 10:12:00,SCZ.V,,11.260000228881836,11.260000228881836,11.260000228881836,11.260000228881836,100.0
2026-06-02 10:12:00,SHL.V,,0.3700000047683716,0.3700000047683716,0.3700000047683716,0.3700000047683716,5000.0
2026-06-02 10:12:00,SOMA.V,,0.9549999833106995,0.9549999833106995,0.9549999833106995,0.9549999833106995,1342.0
2026-06-02 10:12:00,SVRS.V,,0.5600000023841858,0.5600000023841858,0.5600000023841858,0.5600000023841858,4000.0
2026-06-02 10:13:00,MMY.V,,0.9800000190734863,0.9800000190734863,0.9800000190734863,0.9800000190734863,10000.0
2026-06-02 10:13:00,OMG.V,,2.609999895095825,2.609999895095825,2.609999895095825,2.609999895095825,1400.0
2026-06-02 10:13:00,PML.V,,1.4700000286102295,1.4800000190734863,1.4700000286102295,1.4800000190734863,6300.0
2026-06-02 10:13:00,PNPN.V,,1.2699999809265137,1.2699999809265137,1.2699999809265137,1.2699999809265137,800.0
2026-06-02 10:13:00,PRG.V,,0.38499999046325684,0.38499999046325684,0.38499999046325684,0.38499999046325684,2000.0
2026-06-02 10:13:00,PTF.V,,15.0,15.0,15.0,15.0,0.0
2026-06-02 10:13:00,QNC.V,,4.710000038146973,4.710000038146973,4.659999847412109,4.659999847412109,43910.0
2026-06-02 10:13:00,QTWO.V,,3.2200000286102295,3.2300000190734863,3.2200000286102295,3.2300000190734863,1400.0
2026-06-02 10:13:00,REX.V,,0.22499999403953552,0.22499999403953552,0.22499999403953552,0.22499999403953552,11000.0
2026-06-02 10:13:00,RVG.V,,0.8349999785423279,0.8349999785423279,0.8349999785423279,0.8349999785423279,500.0
2026-06-02 10:13:00,SCZ.V,,11.270000457763672,11.270000457763672,11.270000457763672,11.270000457763672,1000.0
2026-06-02 10:13:00,SPX.V,,0.07500000298023224,0.07500000298023224,0.07500000298023224,0.07500000298023224,6000.0
2026-06-02 10:13:00,SVE.V,,0.5099999904632568,0.5099999904632568,0.5099999904632568,0.5099999904632568,19500.0
2026-06-02 10:13:00,SVRS.V,,0.5600000023841858,0.5600000023841858,0.5600000023841858,0.5600000023841858,500.0
2026-06-02 10:14:00,NFG.V,,2.7699999809265137,2.7699999809265137,2.7699999809265137,2.7699999809265137,100.0
2026-06-02 10:14:00,ODV.V,,3.799999952316284,3.799999952316284,3.799999952316284,3.799999952316284,1000.0
2026-06-02 10:14:00,PNPN.V,,1.2799999713897705,1.2799999713897705,1.2699999809265137,1.2699999809265137,900.0
2026-06-02 10:14:00,PPP.V,,1.5199999809265137,1.5199999809265137,1.5199999809265137,1.5199999809265137,10200.0
2026-06-02 10:14:00,PRG.V,,0.38499999046325684,0.38499999046325684,0.38499999046325684,0.38499999046325684,2000.0
2026-06-02 10:14:00,QNC.V,,4.699999809265137,4.730000019073486,4.699999809265137,4.71999979019165,4000.0
2026-06-02 10:14:00,QTWO.V,,3.2200000286102295,3.2300000190734863,3.2200000286102295,3.2300000190734863,300.0
2026-06-02 10:14:00,RECO.V,,1.2100000381469727,1.2100000381469727,1.2100000381469727,1.2100000381469727,3100.0
2026-06-02 10:14:00,ROI.V,,0.11500000208616257,0.11500000208616257,0.11500000208616257,0.11500000208616257,1000.0
2026-06-02 10:14:00,ROK.V,,0.3050000071525574,0.3050000071525574,0.3050000071525574,0.3050000071525574,12000.0
2026-06-02 10:14:00,ROOF.V,,0.2199999988079071,0.2199999988079071,0.2199999988079071,0.2199999988079071,500.0
2026-06-02 10:14:00,RVG.V,,0.8299999833106995,0.8299999833106995,0.8299999833106995,0.8299999833106995,1000.0
2026-06-02 10:14:00,SCZ.V,,11.279999732971191,11.279999732971191,11.279999732971191,11.279999732971191,200.0
2026-06-02 10:14:00,SHL.V,,0.3700000047683716,0.3700000047683716,0.3700000047683716,0.3700000047683716,5000.0
2026-06-02 10:14:00,SVRS.V,,0.5600000023841858,0.5600000023841858,0.5600000023841858,0.5600000023841858,1000.0
2026-06-02 10:15:00,MGG.V,,0.375,0.3799999952316284,0.375,0.3799999952316284,2000.0
2026-06-02 10:15:00,NCAU.V,,0.550000011920929,0.550000011920929,0.550000011920929,0.550000011920929,52040.0
2026-06-02 10:15:00,NLH.V,,0.3499999940395355,0.3499999940395355,0.3499999940395355,0.3499999940395355,0.0
2026-06-02 10:15:00,PLSR.V,,1.690000057220459,1.690000057220459,1.690000057220459,1.690000057220459,8600.0
2026-06-02 10:15:00,PNPN.V,,1.2699999809265137,1.2699999809265137,1.2699999809265137,1.2699999809265137,600.0
2026-06-02 10:15:00,PPP.V,,1.5199999809265137,1.5199999809265137,1.5199999809265137,1.5199999809265137,1500.0
2026-06-02 10:15:00,QNC.V,,4.71999979019165,4.71999979019165,4.71999979019165,4.71999979019165,1500.0
2026-06-02 10:15:00,QTWO.V,,3.2200000286102295,3.2200000286102295,3.2100000381469727,3.2200000286102295,2000.0
2026-06-02 10:15:00,RECO.V,,1.2100000381469727,1.2100000381469727,1.2100000381469727,1.2100000381469727,400.0
2026-06-02 10:15:00,ROK.V,,0.3050000071525574,0.3050000071525574,0.3050000071525574,0.3050000071525574,22500.0
2026-06-02 10:15:00,RVG.V,,0.8299999833106995,0.8299999833106995,0.8299999833106995,0.8299999833106995,1500.0
2026-06-02 10:15:00,SCZ.V,,11.260000228881836,11.279999732971191,11.260000228881836,11.279999732971191,200.0
2026-06-02 10:15:00,SLI.V,,5.809999942779541,5.809999942779541,5.809999942779541,5.809999942779541,100.0
2026-06-02 10:15:00,SOMA.V,,0.9599999785423279,0.9599999785423279,0.9599999785423279,0.9599999785423279,500.0
2026-06-02 10:15:00,SVRS.V,,0.5600000023841858,0.5600000023841858,0.5600000023841858,0.5600000023841858,1000.0
2026-06-02 10:16:00,MAI.V,,6.53000020980835,6.53000020980835,6.53000020980835,6.53000020980835,100.0
2026-06-02 10:16:00,MMY.V,,0.9800000190734863,0.9800000190734863,0.9800000190734863,0.9800000190734863,60500.0
2026-06-02 10:16:00,NFG.V,,2.7699999809265137,2.7699999809265137,2.7699999809265137,2.7699999809265137,100.0
2026-06-02 10:16:00,ODV.V,,3.819999933242798,3.819999933242798,3.819999933242798,3.819999933242798,204.0
2026-06-02 10:16:00,OMG.V,,2.609999895095825,2.609999895095825,2.5999999046325684,2.609999895095825,5971.0
2026-06-02 10:16:00,PLSR.V,,1.6799999475479126,1.6799999475479126,1.6799999475479126,1.6799999475479126,3300.0
2026-06-02 10:16:00,PML.V,,1.4900000095367432,1.4900000095367432,1.4900000095367432,1.4900000095367432,7300.0
2026-06-02 10:16:00,PNPN.V,,1.2699999809265137,1.2699999809265137,1.2699999809265137,1.2699999809265137,800.0
2026-06-02 10:16:00,QNC.V,,4.769999980926514,4.769999980926514,4.71999979019165,4.71999979019165,21800.0
2026-06-02 10:16:00,QTWO.V,,3.2200000286102295,3.2249999046325684,3.2200000286102295,3.2249999046325684,200.0
2026-06-02 10:16:00,RDS.V,,1.0700000524520874,1.0800000429153442,1.0700000524520874,1.0800000429153442,23000.0
2026-06-02 10:16:00,ROI.V,,0.11500000208616257,0.11500000208616257,0.11500000208616257,0.11500000208616257,1000.0
2026-06-02 10:16:00,RVG.V,,0.8299999833106995,0.8299999833106995,0.8299999833106995,0.8299999833106995,2000.0
2026-06-02 10:16:00,SAGE.V,,0.12999999523162842,0.12999999523162842,0.12999999523162842,0.12999999523162842,5500.0
2026-06-02 10:16:00,SCZ.V,,11.239999771118164,11.25,11.239999771118164,11.25,300.0
2026-06-02 10:16:00,SVRS.V,,0.5600000023841858,0.5600000023841858,0.5600000023841858,0.5600000023841858,3000.0
2026-06-02 10:17:00,OCO.V,,0.4300000071525574,0.4300000071525574,0.4300000071525574,0.4300000071525574,25000.0
2026-06-02 10:17:00,OMG.V,,2.609999895095825,2.609999895095825,2.609999895095825,2.609999895095825,200.0
2026-06-02 10:17:00,PER.V,,0.24500000476837158,0.24500000476837158,0.23999999463558197,0.23999999463558197,61000.0
2026-06-02 10:17:00,PLUR.V,,0.10499999672174454,0.10499999672174454,0.10499999672174454,0.10499999672174454,1000.0
2026-06-02 10:17:00,PML.V,,1.4900000095367432,1.4900000095367432,1.4900000095367432,1.4900000095367432,100.0
2026-06-02 10:17:00,PNPN.V,,1.2699999809265137,1.2699999809265137,1.2699999809265137,1.2699999809265137,600.0
2026-06-02 10:17:00,PRG.V,,0.4000000059604645,0.4000000059604645,0.39500001072883606,0.39500001072883606,93500.0
2026-06-02 10:17:00,QNC.V,,4.739999771118164,4.75,4.730000019073486,4.75,5387.0
2026-06-02 10:17:00,RDS.V,,1.0800000429153442,1.0800000429153442,1.0800000429153442,1.0800000429153442,100.0
2026-06-02 10:17:00,SHL.V,,0.3700000047683716,0.3700000047683716,0.3700000047683716,0.3700000047683716,6500.0
2026-06-02 10:17:00,SLI.V,,5.800000190734863,5.809999942779541,5.800000190734863,5.809999942779541,400.0
2026-06-02 10:17:00,SSV.V,,0.550000011920929,0.550000011920929,0.550000011920929,0.550000011920929,23000.0
2026-06-02 10:17:00,STRR.V,,0.5099999904632568,0.5099999904632568,0.5099999904632568,0.5099999904632568,3500.0
2026-06-02 10:17:00,SVRS.V,,0.5600000023841858,0.5600000023841858,0.5600000023841858,0.5600000023841858,5552.0
2026-06-02 10:18:00,MMY.V,,0.9850000143051147,0.9850000143051147,0.9850000143051147,0.9850000143051147,5500.0
2026-06-02 10:18:00,ODV.V,,3.809999942779541,3.809999942779541,3.809999942779541,3.809999942779541,3800.0
2026-06-02 10:18:00,PML.V,,1.4900000095367432,1.4900000095367432,1.4900000095367432,1.4900000095367432,600.0
2026-06-02 10:18:00,PNPN.V,,1.284999966621399,1.2899999618530273,1.2699999809265137,1.2699999809265137,46100.0
2026-06-02 10:18:00,PRG.V,,0.4000000059604645,0.4000000059604645,0.4000000059604645,0.4000000059604645,500.0
2026-06-02 10:18:00,QNC.V,,4.710000038146973,4.730000019073486,4.710000038146973,4.730000019073486,2306.0
2026-06-02 10:18:00,QTWO.V,,3.2200000286102295,3.2200000286102295,3.2100000381469727,3.2200000286102295,1310.0
2026-06-02 10:18:00,SCZ.V,,11.270000457763672,11.270000457763672,11.239999771118164,11.239999771118164,200.0
2026-06-02 10:18:00,SLI.V,,5.78000020980835,5.78000020980835,5.78000020980835,5.78000020980835,300.0
2026-06-02 10:18:00,SSV.V,,0.550000011920929,0.550000011920929,0.550000011920929,0.550000011920929,500.0
2026-06-02 10:19:00,MAI.V,,6.510000228881836,6.550000190734863,6.510000228881836,6.550000190734863,900.0
2026-06-02 10:19:00,NCX.V,,3.059999942779541,3.065000057220459,3.059999942779541,3.065000057220459,3300.0
2026-06-02 10:19:00,NFG.V,,2.759999990463257,2.7699999809265137,2.759999990463257,2.7699999809265137,1000.0
2026-06-02 10:19:00,PML.V,,1.4900000095367432,1.4900000095367432,1.4900000095367432,1.4900000095367432,600.0
2026-06-02 10:19:00,PPP.V,,1.5299999713897705,1.5299999713897705,1.5299999713897705,1.5299999713897705,100.0
2026-06-02 10:19:00,QNC.V,,4.75,4.75,4.730000019073486,4.730000019073486,6045.0
2026-06-02 10:19:00,QTWO.V,,3.2200000286102295,3.2200000286102295,3.2149999141693115,3.2149999141693115,700.0
2026-06-02 10:19:00,SM.V,,1.9800000190734863,1.9800000190734863,1.9700000286102295,1.9700000286102295,2500.0
2026-06-02 10:19:00,SPA.V,,0.3400000035762787,0.3400000035762787,0.3400000035762787,0.3400000035762787,500.0
2026-06-02 10:19:00,SPRQ.V,,1.3799999952316284,1.3799999952316284,1.3799999952316284,1.3799999952316284,1400.0
2026-06-02 10:19:00,SQG.V,,0.09000000357627869,0.09000000357627869,0.09000000357627869,0.09000000357627869,5000.0
2026-06-02 10:20:00,AGX.V,,0.7900000214576721,0.7900000214576721,0.7900000214576721,0.7900000214576721,12623.0
2026-06-02 10:20:00,MAI.V,,6.510000228881836,6.510000228881836,6.510000228881836,6.510000228881836,100.0
2026-06-02 10:20:00,NFG.V,,2.7699999809265137,2.7699999809265137,2.7699999809265137,2.7699999809265137,100.0
2026-06-02 10:20:00,ODV.V,,3.799999952316284,3.809999942779541,3.799999952316284,3.809999942779541,200.0
2026-06-02 10:20:00,OMG.V,,2.609999895095825,2.609999895095825,2.609999895095825,2.609999895095825,600.0
2026-06-02 10:20:00,PGLD.V,,0.7799999713897705,0.7850000262260437,0.7749999761581421,0.7850000262260437,30823.0
2026-06-02 10:20:00,PLSR.V,,1.6799999475479126,1.6799999475479126,1.6799999475479126,1.6799999475479126,2000.0
2026-06-02 10:20:00,PML.V,,1.4900000095367432,1.4900000095367432,1.4900000095367432,1.4900000095367432,600.0
2026-06-02 10:20:00,RCK.V,,0.9100000262260437,0.9100000262260437,0.9100000262260437,0.9100000262260437,500.0
2026-06-02 10:20:00,RDS.V,,1.0800000429153442,1.0800000429153442,1.0800000429153442,1.0800000429153442,600.0
2026-06-02 10:20:00,RECO.V,,1.2100000381469727,1.2100000381469727,1.2100000381469727,1.2100000381469727,2000.0
2026-06-02 10:20:00,SAGE.V,,0.12999999523162842,0.12999999523162842,0.12999999523162842,0.12999999523162842,6000.0
2026-06-02 10:20:00,SOU.V,,0.07500000298023224,0.07500000298023224,0.07500000298023224,0.07500000298023224,4000.0
2026-06-02 10:20:00,SSV.V,,0.550000011920929,0.550000011920929,0.550000011920929,0.550000011920929,7545.0
2026-06-02 10:20:00,STUV.V,,0.41999998688697815,0.41999998688697815,0.41999998688697815,0.41999998688697815,10000.0
2026-06-02 10:20:00,SVRS.V,,0.5600000023841858,0.5600000023841858,0.5600000023841858,0.5600000023841858,2000.0
2026-06-02 10:21:00,MAI.V,,6.480000019073486,6.510000228881836,6.46999979019165,6.510000228881836,6325.0
2026-06-02 10:21:00,MMY.V,,0.9800000190734863,0.9900000095367432,0.9800000190734863,0.9900000095367432,9000.0
2026-06-02 10:21:00,NCX.V,,3.049999952316284,3.049999952316284,3.049999952316284,3.049999952316284,200.0
2026-06-02 10:21:00,ODV.V,,3.809999942779541,3.809999942779541,3.809999942779541,3.809999942779541,200.0
2026-06-02 10:21:00,OMG.V,,2.5999999046325684,2.5999999046325684,2.5999999046325684,2.5999999046325684,1300.0
2026-06-02 10:21:00,PEAK.V,,0.4399999976158142,0.4399999976158142,0.4399999976158142,0.4399999976158142,5000.0
2026-06-02 10:21:00,PML.V,,1.5,1.5,1.4900000095367432,1.4900000095367432,12400.0
2026-06-02 10:21:00,PNPN.V,,1.284999966621399,1.284999966621399,1.284999966621399,1.284999966621399,5000.0
2026-06-02 10:21:00,QNC.V,,4.75,4.75,4.739999771118164,4.739999771118164,800.0
2026-06-02 10:21:00,QTWO.V,,3.200000047683716,3.2200000286102295,3.200000047683716,3.2200000286102295,2810.0
2026-06-02 10:21:00,SCZ.V,,11.270000457763672,11.270000457763672,11.239999771118164,11.239999771118164,200.0
2026-06-02 10:21:00,SLI.V,,5.760000228881836,5.760000228881836,5.75,5.75,400.0
2026-06-02 10:21:00,STRR.V,,0.5099999904632568,0.5099999904632568,0.5099999904632568,0.5099999904632568,24500.0
2026-06-02 10:21:00,SVRS.V,,0.5600000023841858,0.5600000023841858,0.5600000023841858,0.5600000023841858,7000.0
2026-06-02 10:22:00,MAI.V,,6.460000038146973,6.460000038146973,6.460000038146973,6.460000038146973,150.0
2026-06-02 10:22:00,MMY.V,,0.9800000190734863,0.9800000190734863,0.9800000190734863,0.9800000190734863,8500.0
2026-06-02 10:22:00,MYID.V,,0.05999999865889549,0.05999999865889549,0.05999999865889549,0.05999999865889549,18000.0
2026-06-02 10:22:00,NCX.V,,3.049999952316284,3.049999952316284,3.049999952316284,3.049999952316284,35881.0
2026-06-02 10:22:00,PER.V,,0.25,0.25,0.25,0.25,19000.0
2026-06-02 10:22:00,PLSR.V,,1.6699999570846558,1.6699999570846558,1.6699999570846558,1.6699999570846558,11000.0
2026-06-02 10:22:00,PLUR.V,,0.10999999940395355,0.10999999940395355,0.10999999940395355,0.10999999940395355,1500.0
2026-06-02 10:22:00,PML.V,,1.4700000286102295,1.4900000095367432,1.4700000286102295,1.4900000095367432,20560.0
2026-06-02 10:22:00,PNPN.V,,1.2799999713897705,1.2799999713897705,1.2799999713897705,1.2799999713897705,100.0
2026-06-02 10:22:00,PPP.V,,1.5199999809265137,1.5199999809265137,1.5199999809265137,1.5199999809265137,2400.0
2026-06-02 10:22:00,QNC.V,,4.71999979019165,4.769999980926514,4.71999979019165,4.75,4900.0
2026-06-02 10:22:00,QTWO.V,,3.2100000381469727,3.2100000381469727,3.190000057220459,3.200000047683716,12700.0
2026-06-02 10:22:00,SCZ.V,,11.239999771118164,11.260000228881836,11.239999771118164,11.260000228881836,500.0
2026-06-02 10:22:00,SPA.V,,0.33500000834465027,0.3375000059604645,0.33500000834465027,0.3375000059604645,6000.0
2026-06-02 10:23:00,AGX.V,,0.7900000214576721,0.7900000214576721,0.7900000214576721,0.7900000214576721,19000.0
2026-06-02 10:23:00,MAI.V,,6.440000057220459,6.460000038146973,6.440000057220459,6.460000038146973,1155.0
2026-06-02 10:23:00,MMY.V,,0.9599999785423279,0.9700000286102295,0.9599999785423279,0.9700000286102295,5000.0
2026-06-02 10:23:00,NFG.V,,2.759999990463257,2.759999990463257,2.759999990463257,2.759999990463257,630.0
2026-06-02 10:23:00,OMG.V,,2.5799999237060547,2.5899999141693115,2.5799999237060547,2.5899999141693115,3200.0
2026-06-02 10:23:00,PGE.V,,0.3149999976158142,0.3149999976158142,0.3149999976158142,0.3149999976158142,3500.0
2026-06-02 10:23:00,PML.V,,1.4600000381469727,1.4700000286102295,1.4600000381469727,1.4700000286102295,15200.0
2026-06-02 10:23:00,QGR.V,,0.27000001072883606,0.2750000059604645,0.27000001072883606,0.27000001072883606,33000.0
2026-06-02 10:23:00,QNC.V,,4.71999979019165,4.730000019073486,4.71999979019165,4.730000019073486,1700.0
2026-06-02 10:23:00,QTWO.V,,3.2200000286102295,3.2200000286102295,3.200000047683716,3.200000047683716,28900.0
2026-06-02 10:23:00,ROK.V,,0.3050000071525574,0.3050000071525574,0.3050000071525574,0.3050000071525574,500.0
2026-06-02 10:23:00,SCZ.V,,11.149999618530273,11.229999542236328,11.149999618530273,11.229999542236328,3900.0
2026-06-02 10:24:00,NCX.V,,3.0399999618530273,3.0399999618530273,3.0399999618530273,3.0399999618530273,200.0
2026-06-02 10:24:00,NRX.V,,0.6299999952316284,0.6299999952316284,0.6299999952316284,0.6299999952316284,1000.0
2026-06-02 10:24:00,ODV.V,,3.7699999809265137,3.7799999713897705,3.7699999809265137,3.7799999713897705,3700.0
2026-06-02 10:24:00,PGLD.V,,0.7799999713897705,0.7799999713897705,0.7799999713897705,0.7799999713897705,7000.0
2026-06-02 10:24:00,PNPN.V,,1.284999966621399,1.284999966621399,1.284999966621399,1.284999966621399,3300.0
2026-06-02 10:24:00,QNC.V,,4.710000038146973,4.71999979019165,4.710000038146973,4.71999979019165,8442.0
2026-06-02 10:24:00,QTWO.V,,3.2200000286102295,3.2300000190734863,3.2100000381469727,3.2200000286102295,3000.0
2026-06-02 10:24:00,REG.V,,4.5,4.5,4.480000019073486,4.480000019073486,1400.0
2026-06-02 10:24:00,SOMA.V,,0.9700000286102295,0.9750000238418579,0.9599999785423279,0.9599999785423279,12873.0
2026-06-02 10:25:00,MAI.V,,6.409999847412109,6.420000076293945,6.409999847412109,6.420000076293945,900.0
2026-06-02 10:25:00,NCX.V,,3.0399999618530273,3.0399999618530273,3.0399999618530273,3.0399999618530273,900.0
2026-06-02 10:25:00,NFG.V,,2.759999990463257,2.759999990463257,2.759999990463257,2.759999990463257,2300.0
2026-06-02 10:25:00,OMG.V,,2.5899999141693115,2.5899999141693115,2.5799999237060547,2.5799999237060547,3100.0
2026-06-02 10:25:00,PGLD.V,,0.7799999713897705,0.7850000262260437,0.7799999713897705,0.7850000262260437,5500.0
2026-06-02 10:25:00,PNPN.V,,1.284999966621399,1.2899999618530273,1.284999966621399,1.2899999618530273,3300.0
2026-06-02 10:25:00,PTE.V,,0.014999999664723873,0.014999999664723873,0.014999999664723873,0.014999999664723873,0.0
2026-06-02 10:25:00,QNC.V,,4.699999809265137,4.699999809265137,4.699999809265137,4.699999809265137,1700.0
2026-06-02 10:25:00,RDS.V,,1.0800000429153442,1.0800000429153442,1.0800000429153442,1.0800000429153442,100.0
2026-06-02 10:25:00,SVE.V,,0.5,0.5,0.5,0.5,44100.0
2026-06-02 10:26:00,MAI.V,,6.409999847412109,6.409999847412109,6.409999847412109,6.409999847412109,200.0
2026-06-02 10:26:00,NFG.V,,2.759999990463257,2.759999990463257,2.759999990463257,2.759999990463257,100.0
2026-06-02 10:26:00,PNPN.V,,1.2899999618530273,1.2899999618530273,1.2899999618530273,1.2899999618530273,200.0
2026-06-02 10:26:00,PPP.V,,1.5199999809265137,1.5199999809265137,1.5199999809265137,1.5199999809265137,100.0
2026-06-02 10:26:00,PRG.V,,0.3799999952316284,0.3799999952316284,0.3799999952316284,0.3799999952316284,22000.0
2026-06-02 10:26:00,QNC.V,,4.71999979019165,4.71999979019165,4.710000038146973,4.710000038146973,600.0
2026-06-02 10:26:00,SOMA.V,,0.9599999785423279,0.9599999785423279,0.9599999785423279,0.9599999785423279,500.0
2026-06-02 10:26:00,SPA.V,,0.33000001311302185,0.33000001311302185,0.33000001311302185,0.33000001311302185,35500.0
2026-06-02 10:27:00,NBVA.V,,0.15000000596046448,0.15000000596046448,0.15000000596046448,0.15000000596046448,2500.0
2026-06-02 10:27:00,NDA.V,,1.0299999713897705,1.0299999713897705,1.0299999713897705,1.0299999713897705,100.0
2026-06-02 10:27:00,PLUR.V,,0.10999999940395355,0.10999999940395355,0.10499999672174454,0.10499999672174454,64000.0
2026-06-02 10:27:00,PML.V,,1.4500000476837158,1.4500000476837158,1.4500000476837158,1.4500000476837158,10200.0
2026-06-02 10:27:00,PNPN.V,,1.2899999618530273,1.2899999618530273,1.2899999618530273,1.2899999618530273,100.0
2026-06-02 10:27:00,QNC.V,,4.699999809265137,4.699999809265137,4.699999809265137,4.699999809265137,100.0
2026-06-02 10:27:00,RDS.V,,1.0800000429153442,1.0800000429153442,1.0800000429153442,1.0800000429153442,100.0
2026-06-02 10:28:00,MAI.V,,6.420000076293945,6.420000076293945,6.420000076293945,6.420000076293945,200.0
2026-06-02 10:28:00,NCI.V,,0.7400000095367432,0.7599999904632568,0.7400000095367432,0.7599999904632568,12325.0
2026-06-02 10:28:00,NFG.V,,2.759999990463257,2.759999990463257,2.759999990463257,2.759999990463257,100.0
2026-06-02 10:28:00,ODV.V,,3.759999990463257,3.759999990463257,3.759999990463257,3.759999990463257,100.0
2026-06-02 10:28:00,OMG.V,,2.5899999141693115,2.5899999141693115,2.5899999141693115,2.5899999141693115,2800.0
2026-06-02 10:28:00,PLUR.V,,0.10499999672174454,0.10499999672174454,0.10499999672174454,0.10499999672174454,1500.0
2026-06-02 10:28:00,PNPN.V,,1.2899999618530273,1.2899999618530273,1.284999966621399,1.2899999618530273,38100.0
2026-06-02 10:28:00,PWM.V,,0.6299999952316284,0.6299999952316284,0.6299999952316284,0.6299999952316284,55000.0
2026-06-02 10:28:00,QNC.V,,4.710000038146973,4.71999979019165,4.710000038146973,4.71999979019165,600.0
2026-06-02 10:28:00,RECO.V,,1.2100000381469727,1.2100000381469727,1.2100000381469727,1.2100000381469727,7700.0
2026-06-02 10:28:00,ROK.V,,0.3050000071525574,0.3050000071525574,0.3050000071525574,0.3050000071525574,4500.0
2026-06-02 10:28:00,SQG.V,,0.0949999988079071,0.0949999988079071,0.0949999988079071,0.0949999988079071,500.0
2026-06-02 10:29:00,FISH.V,,4.25,4.25,4.25,4.25,18100.0
2026-06-02 10:29:00,MAI.V,,6.429999828338623,6.429999828338623,6.429999828338623,6.429999828338623,800.0
2026-06-02 10:29:00,MYID.V,,0.05999999865889549,0.05999999865889549,0.05999999865889549,0.05999999865889549,82000.0
2026-06-02 10:29:00,NCAU.V,,0.5400000214576721,0.5400000214576721,0.5400000214576721,0.5400000214576721,69500.0
2026-06-02 10:29:00,NFG.V,,2.759999990463257,2.759999990463257,2.759999990463257,2.759999990463257,300.0
2026-06-02 10:29:00,NGC.V,,0.1599999964237213,0.1599999964237213,0.1599999964237213,0.1599999964237213,0.0
2026-06-02 10:29:00,ODV.V,,3.759999990463257,3.759999990463257,3.759999990463257,3.759999990463257,100.0
2026-06-02 10:29:00,PML.V,,1.440000057220459,1.440000057220459,1.440000057220459,1.440000057220459,4600.0
2026-06-02 10:29:00,PNPN.V,,1.2949999570846558,1.2949999570846558,1.284999966621399,1.284999966621399,41800.0
2026-06-02 10:29:00,PPP.V,,1.5199999809265137,1.5199999809265137,1.5199999809265137,1.5199999809265137,100.0
2026-06-02 10:29:00,PRG.V,,0.3799999952316284,0.3799999952316284,0.3799999952316284,0.3799999952316284,20000.0
2026-06-02 10:29:00,PWM.V,,0.6399999856948853,0.6399999856948853,0.6299999952316284,0.6299999952316284,51590.0
2026-06-02 10:29:00,QNC.V,,4.715000152587891,4.71999979019165,4.710000038146973,4.71999979019165,4555.0
2026-06-02 10:29:00,QTWO.V,,3.2200000286102295,3.2200000286102295,3.2200000286102295,3.2200000286102295,767.0
2026-06-02 10:29:00,SCZ.V,,11.140000343322754,11.149999618530273,11.140000343322754,11.149999618530273,200.0
2026-06-02 10:30:00,PGLD.V,,0.7799999713897705,0.7799999713897705,0.7799999713897705,0.7799999713897705,2500.0
2026-06-02 10:30:00,PNPN.V,,1.2999999523162842,1.2999999523162842,1.2999999523162842,1.2999999523162842,100.0
2026-06-02 10:30:00,PRG.V,,0.38999998569488525,0.38999998569488525,0.38999998569488525,0.38999998569488525,1000.0
2026-06-02 10:30:00,PWM.V,,0.6399999856948853,0.6399999856948853,0.6399999856948853,0.6399999856948853,500.0
2026-06-02 10:30:00,QNC.V,,4.71999979019165,4.71999979019165,4.710000038146973,4.710000038146973,1400.0
2026-06-02 10:30:00,RDS.V,,1.0800000429153442,1.0800000429153442,1.0800000429153442,1.0800000429153442,100.0
2026-06-02 10:30:00,REX.V,,0.2150000035762787,0.22499999403953552,0.2150000035762787,0.22499999403953552,14000.0
2026-06-02 10:30:00,ROK.V,,0.3050000071525574,0.3050000071525574,0.3050000071525574,0.3050000071525574,2000.0
2026-06-02 10:30:00,SAGE.V,,0.12999999523162842,0.12999999523162842,0.12999999523162842,0.12999999523162842,6000.0
2026-06-02 10:30:00,SCZ.V,,11.180000305175781,11.1899995803833,11.180000305175781,11.1899995803833,600.0
2026-06-02 10:30:00,SLI.V,,5.760000228881836,5.760000228881836,5.760000228881836,5.760000228881836,600.0
2026-06-02 10:30:00,SOI.V,,0.19499999284744263,0.19499999284744263,0.19499999284744263,0.19499999284744263,9000.0
2026-06-02 10:30:00,SPRQ.V,,1.409999966621399,1.409999966621399,1.409999966621399,1.409999966621399,3000.0
2026-06-02 10:30:00,SQG.V,,0.09000000357627869,0.09000000357627869,0.09000000357627869,0.09000000357627869,30000.0
2026-06-02 10:31:00,MAI.V,,6.449999809265137,6.460000038146973,6.449999809265137,6.460000038146973,400.0
2026-06-02 10:31:00,MMY.V,,0.9599999785423279,0.9599999785423279,0.9599999785423279,0.9599999785423279,3500.0
2026-06-02 10:31:00,OCO.V,,0.4300000071525574,0.4300000071525574,0.4300000071525574,0.4300000071525574,5000.0
2026-06-02 10:31:00,ODV.V,,3.7699999809265137,3.7699999809265137,3.7699999809265137,3.7699999809265137,600.0
2026-06-02 10:31:00,PNPN.V,,1.2999999523162842,1.2999999523162842,1.2999999523162842,1.2999999523162842,500.0
2026-06-02 10:31:00,QNC.V,,4.739999771118164,4.739999771118164,4.71999979019165,4.71999979019165,900.0
2026-06-02 10:31:00,REG.V,,4.5,4.5,4.5,4.5,500.0
2026-06-02 10:31:00,ROK.V,,0.3100000023841858,0.3100000023841858,0.3100000023841858,0.3100000023841858,25500.0
2026-06-02 10:31:00,SECU.V,,4.309999942779541,4.309999942779541,4.309999942779541,4.309999942779541,100.0
2026-06-02 10:31:00,SRQ.V,,0.07000000029802322,0.07500000298023224,0.07000000029802322,0.07500000298023224,0.0
2026-06-02 10:32:00,MAI.V,,6.46999979019165,6.46999979019165,6.46999979019165,6.46999979019165,100.0
2026-06-02 10:32:00,PNPN.V,,1.2999999523162842,1.2999999523162842,1.2999999523162842,1.2999999523162842,1200.0
2026-06-02 10:32:00,QGR.V,,0.27000001072883606,0.27000001072883606,0.27000001072883606,0.27000001072883606,500.0
2026-06-02 10:32:00,QNC.V,,4.739999771118164,4.760000228881836,4.730000019073486,4.730000019073486,6600.0
2026-06-02 10:32:00,QTWO.V,,3.2300000190734863,3.2300000190734863,3.2300000190734863,3.2300000190734863,100.0
2026-06-02 10:32:00,SLI.V,,5.800000190734863,5.804999828338623,5.800000190734863,5.804999828338623,9400.0
2026-06-02 10:32:00,STRR.V,,0.5,0.5,0.5,0.5,14000.0
2026-06-02 10:32:00,STUD.V,,0.3199999928474426,0.3199999928474426,0.3199999928474426,0.3199999928474426,1000.0
2026-06-02 10:33:00,MAI.V,,6.5,6.5,6.46999979019165,6.46999979019165,13700.0
2026-06-02 10:33:00,NCAU.V,,0.5400000214576721,0.5400000214576721,0.5400000214576721,0.5400000214576721,47000.0
2026-06-02 10:33:00,NICN.V,,0.0949999988079071,0.0949999988079071,0.0949999988079071,0.0949999988079071,24642.0
2026-06-02 10:33:00,PNPN.V,,1.2999999523162842,1.2999999523162842,1.2999999523162842,1.2999999523162842,3600.0
2026-06-02 10:33:00,PPP.V,,1.5299999713897705,1.5299999713897705,1.5299999713897705,1.5299999713897705,100.0
2026-06-02 10:33:00,PWM.V,,0.6299999952316284,0.6299999952316284,0.6299999952316284,0.6299999952316284,2000.0
2026-06-02 10:33:00,QGR.V,,0.26499998569488525,0.27000001072883606,0.26499998569488525,0.27000001072883606,9500.0
2026-06-02 10:33:00,QNC.V,,4.730000019073486,4.730000019073486,4.71999979019165,4.730000019073486,19500.0
2026-06-02 10:33:00,QTWO.V,,3.2300000190734863,3.2300000190734863,3.2300000190734863,3.2300000190734863,100.0
2026-06-02 10:33:00,RDS.V,,1.0800000429153442,1.0800000429153442,1.0800000429153442,1.0800000429153442,100.0
2026-06-02 10:33:00,REG.V,,4.46999979019165,4.46999979019165,4.46999979019165,4.46999979019165,582.0
2026-06-02 10:33:00,ROK.V,,0.3050000071525574,0.3050000071525574,0.3050000071525574,0.3050000071525574,14500.0
2026-06-02 10:33:00,SCZ.V,,11.239999771118164,11.239999771118164,11.239999771118164,11.239999771118164,100.0
2026-06-02 10:34:00,MAI.V,,6.494999885559082,6.494999885559082,6.494999885559082,6.494999885559082,100.0
2026-06-02 10:34:00,MGG.V,,0.3799999952316284,0.3799999952316284,0.3799999952316284,0.3799999952316284,500.0
2026-06-02 10:34:00,MMY.V,,0.9599999785423279,0.9599999785423279,0.9599999785423279,0.9599999785423279,4000.0
2026-06-02 10:34:00,NCX.V,,3.059999942779541,3.059999942779541,3.059999942779541,3.059999942779541,200.0
2026-06-02 10:34:00,NDA.V,,1.0399999618530273,1.0399999618530273,1.0399999618530273,1.0399999618530273,3580.0
2026-06-02 10:34:00,NICN.V,,0.0949999988079071,0.0949999988079071,0.0949999988079071,0.0949999988079071,1500.0
2026-06-02 10:34:00,OMG.V,,2.5899999141693115,2.5899999141693115,2.5899999141693115,2.5899999141693115,600.0
2026-06-02 10:34:00,PLSR.V,,1.649999976158142,1.659999966621399,1.649999976158142,1.659999966621399,21700.0
2026-06-02 10:34:00,PNPN.V,,1.2999999523162842,1.2999999523162842,1.2999999523162842,1.2999999523162842,39900.0
2026-06-02 10:34:00,PRG.V,,0.38749998807907104,0.38749998807907104,0.38749998807907104,0.38749998807907104,500.0
2026-06-02 10:34:00,QNC.V,,4.71999979019165,4.730000019073486,4.71999979019165,4.730000019073486,800.0
2026-06-02 10:34:00,QTWO.V,,3.240000009536743,3.240000009536743,3.240000009536743,3.240000009536743,1300.0
2026-06-02 10:34:00,RE.V,,0.38999998569488525,0.38999998569488525,0.38999998569488525,0.38999998569488525,4500.0
2026-06-02 10:34:00,RECO.V,,1.2100000381469727,1.2100000381469727,1.2100000381469727,1.2100000381469727,2144.0
2026-06-02 10:34:00,SCZ.V,,11.239999771118164,11.239999771118164,11.239999771118164,11.239999771118164,400.0
2026-06-02 10:34:00,SHL.V,,0.3700000047683716,0.3700000047683716,0.3700000047683716,0.3700000047683716,15000.0
2026-06-02 10:34:00,SLI.V,,5.800000190734863,5.800000190734863,5.800000190734863,5.800000190734863,7466.0
2026-06-02 10:34:00,SM.V,,1.9700000286102295,1.9700000286102295,1.9700000286102295,1.9700000286102295,700.0
2026-06-02 10:34:00,SSV.V,,0.550000011920929,0.550000011920929,0.550000011920929,0.550000011920929,1500.0
2026-06-02 10:35:00,AGX.V,,0.7900000214576721,0.800000011920929,0.7900000214576721,0.7900000214576721,14000.0
2026-06-02 10:35:00,MAI.V,,6.480000019073486,6.480000019073486,6.480000019073486,6.480000019073486,500.0
2026-06-02 10:35:00,NFG.V,,2.7699999809265137,2.7699999809265137,2.7699999809265137,2.7699999809265137,100.0
2026-06-02 10:35:00,OMM.V,,0.07500000298023224,0.07500000298023224,0.07500000298023224,0.07500000298023224,14000.0
2026-06-02 10:35:00,PGE.V,,0.3199999928474426,0.3199999928474426,0.3199999928474426,0.3199999928474426,500.0
2026-06-02 10:35:00,PNPN.V,,1.2999999523162842,1.2999999523162842,1.2999999523162842,1.2999999523162842,700.0
2026-06-02 10:35:00,PPP.V,,1.5299999713897705,1.5299999713897705,1.5299999713897705,1.5299999713897705,100.0
2026-06-02 10:35:00,QGR.V,,0.25999999046325684,0.25999999046325684,0.25999999046325684,0.25999999046325684,5000.0
2026-06-02 10:35:00,QNC.V,,4.679999828338623,4.71999979019165,4.679999828338623,4.71999979019165,4300.0
2026-06-02 10:35:00,REG.V,,4.46999979019165,4.480000019073486,4.46999979019165,4.480000019073486,552.0
2026-06-02 10:35:00,SDI.V,,0.23999999463558197,0.23999999463558197,0.23999999463558197,0.23999999463558197,0.0
2026-06-02 10:35:00,SLI.V,,5.800000190734863,5.800000190734863,5.800000190734863,5.800000190734863,13600.0
2026-06-02 10:35:00,SVRS.V,,0.5600000023841858,0.5600000023841858,0.5600000023841858,0.5600000023841858,500.0
2026-06-02 10:36:00,MMY.V,,0.9599999785423279,0.9599999785423279,0.9599999785423279,0.9599999785423279,500.0
2026-06-02 10:36:00,NCX.V,,3.049999952316284,3.059999942779541,3.049999952316284,3.059999942779541,724.0
2026-06-02 10:36:00,PNPN.V,,1.2999999523162842,1.2999999523162842,1.2999999523162842,1.2999999523162842,88600.0
2026-06-02 10:36:00,PRG.V,,0.3799999952316284,0.3799999952316284,0.3799999952316284,0.3799999952316284,1000.0
2026-06-02 10:36:00,QTWO.V,,3.234999895095825,3.240000009536743,3.234999895095825,3.240000009536743,400.0
2026-06-02 10:36:00,RDS.V,,1.0800000429153442,1.0800000429153442,1.0800000429153442,1.0800000429153442,100.0
2026-06-02 10:36:00,SCZ.V,,11.289999961853027,11.289999961853027,11.270000457763672,11.270000457763672,626.0
2026-06-02 10:36:00,SHL.V,,0.3700000047683716,0.3700000047683716,0.3700000047683716,0.3700000047683716,5000.0
2026-06-02 10:36:00,SLI.V,,5.800000190734863,5.800000190734863,5.800000190734863,5.800000190734863,23900.0
2026-06-02 10:37:00,MAI.V,,6.510000228881836,6.514999866485596,6.485000133514404,6.485000133514404,12875.0
2026-06-02 10:37:00,NCX.V,,3.059999942779541,3.059999942779541,3.049999952316284,3.059999942779541,1100.0
2026-06-02 10:37:00,NFG.V,,2.7699999809265137,2.7699999809265137,2.765000104904175,2.7699999809265137,2800.0
2026-06-02 10:37:00,PGLD.V,,0.7900000214576721,0.7900000214576721,0.7850000262260437,0.7850000262260437,3500.0
2026-06-02 10:37:00,PLSR.V,,1.649999976158142,1.649999976158142,1.649999976158142,1.649999976158142,900.0
2026-06-02 10:37:00,PNPN.V,,1.2999999523162842,1.2999999523162842,1.2949999570846558,1.2949999570846558,67300.0
2026-06-02 10:37:00,PUR.V,,0.6299999952316284,0.6299999952316284,0.6200000047683716,0.6200000047683716,2000.0
2026-06-02 10:37:00,QTWO.V,,3.2300000190734863,3.25,3.2300000190734863,3.25,200.0
2026-06-02 10:37:00,RRI.V,,0.2800000011920929,0.2800000011920929,0.2800000011920929,0.2800000011920929,0.0
2026-06-02 10:37:00,SLI.V,,5.800000190734863,5.800000190734863,5.800000190734863,5.800000190734863,2100.0
2026-06-02 10:37:00,SVRS.V,,0.5600000023841858,0.5600000023841858,0.5600000023841858,0.5600000023841858,637.0
2026-06-02 10:38:00,MAI.V,,6.480000019073486,6.489999771118164,6.480000019073486,6.489999771118164,300.0
2026-06-02 10:38:00,NFG.V,,2.7699999809265137,2.7699999809265137,2.7699999809265137,2.7699999809265137,100.0
2026-06-02 10:38:00,OMG.V,,2.5999999046325684,2.5999999046325684,2.5999999046325684,2.5999999046325684,400.0
2026-06-02 10:38:00,OMM.V,,0.07999999821186066,0.07999999821186066,0.07500000298023224,0.07500000298023224,38500.0
2026-06-02 10:38:00,OTC.V,,0.5450000166893005,0.550000011920929,0.5450000166893005,0.550000011920929,3000.0
2026-06-02 10:38:00,PGLD.V,,0.7900000214576721,0.7900000214576721,0.7900000214576721,0.7900000214576721,8500.0
2026-06-02 10:38:00,PNPN.V,,1.309999942779541,1.309999942779541,1.2999999523162842,1.2999999523162842,53000.0
2026-06-02 10:38:00,PRG.V,,0.3799999952316284,0.3799999952316284,0.3799999952316284,0.3799999952316284,500.0
2026-06-02 10:38:00,QNC.V,,4.670000076293945,4.670000076293945,4.670000076293945,4.670000076293945,300.0
2026-06-02 10:38:00,SLI.V,,5.820000171661377,5.820000171661377,5.800000190734863,5.800000190734863,1600.0
2026-06-02 10:38:00,SOMA.V,,0.9599999785423279,0.9599999785423279,0.9599999785423279,0.9599999785423279,500.0
2026-06-02 10:39:00,AGX.V,,0.7900000214576721,0.7900000214576721,0.7900000214576721,0.7900000214576721,4500.0
2026-06-02 10:39:00,MAI.V,,6.489999771118164,6.489999771118164,6.489999771118164,6.489999771118164,200.0
2026-06-02 10:39:00,MGRO.V,,0.49000000953674316,0.49000000953674316,0.49000000953674316,0.49000000953674316,0.0
2026-06-02 10:39:00,NFG.V,,2.7899999618530273,2.7899999618530273,2.7799999713897705,2.7799999713897705,11200.0
2026-06-02 10:39:00,PGLD.V,,0.7900000214576721,0.7900000214576721,0.7900000214576721,0.7900000214576721,500.0
2026-06-02 10:39:00,PNPN.V,,1.309999942779541,1.309999942779541,1.309999942779541,1.309999942779541,16150.0
2026-06-02 10:39:00,QNC.V,,4.659999847412109,4.670000076293945,4.659999847412109,4.670000076293945,400.0
2026-06-02 10:39:00,QTWO.V,,3.240000009536743,3.240000009536743,3.240000009536743,3.240000009536743,300.0
2026-06-02 10:39:00,SCZ.V,,11.329999923706055,11.329999923706055,11.329999923706055,11.329999923706055,792.0
2026-06-02 10:39:00,SLI.V,,5.840000152587891,5.840000152587891,5.820000171661377,5.820000171661377,200.0
2026-06-02 10:39:00,SMN.V,,0.16500000655651093,0.17000000178813934,0.16500000655651093,0.17000000178813934,5500.0
2026-06-02 10:39:00,SOMA.V,,0.9599999785423279,0.9599999785423279,0.9599999785423279,0.9599999785423279,500.0
2026-06-02 10:39:00,STUV.V,,0.41999998688697815,0.41999998688697815,0.41999998688697815,0.41999998688697815,7000.0
2026-06-02 10:40:00,AGX.V,,0.800000011920929,0.800000011920929,0.7950000166893005,0.7950000166893005,11000.0
2026-06-02 10:40:00,MAI.V,,6.480000019073486,6.480000019073486,6.480000019073486,6.480000019073486,400.0
2026-06-02 10:40:00,NFG.V,,2.7899999618530273,2.7899999618530273,2.7899999618530273,2.7899999618530273,1100.0
2026-06-02 10:40:00,PGE.V,,0.3199999928474426,0.3199999928474426,0.3199999928474426,0.3199999928474426,7500.0
2026-06-02 10:40:00,PNPN.V,,1.309999942779541,1.309999942779541,1.309999942779541,1.309999942779541,49600.0
2026-06-02 10:40:00,QNC.V,,4.690000057220459,4.690000057220459,4.659999847412109,4.659999847412109,2800.0
2026-06-02 10:40:00,REG.V,,4.5,4.5,4.480000019073486,4.480000019073486,6100.0
2026-06-02 10:40:00,RVG.V,,0.8199999928474426,0.8199999928474426,0.8199999928474426,0.8199999928474426,11000.0
2026-06-02 10:40:00,RYO.V,,0.3449999988079071,0.3449999988079071,0.3449999988079071,0.3449999988079071,4000.0
2026-06-02 10:40:00,SHL.V,,0.3799999952316284,0.3799999952316284,0.3799999952316284,0.3799999952316284,25000.0
2026-06-02 10:40:00,SOMA.V,,0.9800000190734863,0.9800000190734863,0.9700000286102295,0.9700000286102295,19499.0
2026-06-02 10:40:00,SPRQ.V,,1.4199999570846558,1.4199999570846558,1.4199999570846558,1.4199999570846558,575.0
2026-06-02 10:40:00,STND.V,,0.10000000149011612,0.10000000149011612,0.10000000149011612,0.10000000149011612,46272.0
2026-06-02 10:41:00,MMY.V,,0.9599999785423279,0.9599999785423279,0.9599999785423279,0.9599999785423279,500.0
2026-06-02 10:41:00,PER.V,,0.25,0.25,0.25,0.25,1000.0
2026-06-02 10:41:00,PGLD.V,,0.7950000166893005,0.7950000166893005,0.7950000166893005,0.7950000166893005,570.0
2026-06-02 10:41:00,PLSR.V,,1.649999976158142,1.649999976158142,1.649999976158142,1.649999976158142,4280.0
2026-06-02 10:41:00,PNPN.V,,1.309999942779541,1.309999942779541,1.309999942779541,1.309999942779541,47600.0
2026-06-02 10:41:00,QNC.V,,4.699999809265137,4.699999809265137,4.699999809265137,4.699999809265137,8820.0
2026-06-02 10:41:00,RDS.V,,1.0800000429153442,1.0800000429153442,1.0800000429153442,1.0800000429153442,100.0
2026-06-02 10:41:00,SLG.V,,5.400000095367432,5.400000095367432,5.400000095367432,5.400000095367432,284.0
2026-06-02 10:41:00,SPA.V,,0.33500000834465027,0.33500000834465027,0.33500000834465027,0.33500000834465027,27500.0
2026-06-02 10:41:00,SSV.V,,0.550000011920929,0.550000011920929,0.550000011920929,0.550000011920929,15000.0
2026-06-02 10:41:00,STND.V,,0.10000000149011612,0.10000000149011612,0.10000000149011612,0.10000000149011612,19000.0
2026-06-02 10:42:00,MAI.V,,6.46999979019165,6.46999979019165,6.46999979019165,6.46999979019165,100.0
2026-06-02 10:42:00,NEXE.V,,0.1599999964237213,0.1599999964237213,0.1599999964237213,0.1599999964237213,9500.0
2026-06-02 10:42:00,ODV.V,,3.799999952316284,3.809999942779541,3.799999952316284,3.809999942779541,200.0
2026-06-02 10:42:00,OMG.V,,2.609999895095825,2.609999895095825,2.609999895095825,2.609999895095825,185.0
2026-06-02 10:42:00,PNPN.V,,1.315000057220459,1.315000057220459,1.315000057220459,1.315000057220459,200.0
2026-06-02 10:42:00,QNC.V,,4.710000038146973,4.710000038146973,4.710000038146973,4.710000038146973,7777.0
2026-06-02 10:42:00,QTWO.V,,3.240000009536743,3.25,3.240000009536743,3.25,2400.0
2026-06-02 10:42:00,RECO.V,,1.215000033378601,1.215000033378601,1.2000000476837158,1.2000000476837158,24400.0
2026-06-02 10:42:00,SCZ.V,,11.354999542236328,11.354999542236328,11.354999542236328,11.354999542236328,200.0
2026-06-02 10:42:00,SLI.V,,5.820000171661377,5.829999923706055,5.820000171661377,5.829999923706055,500.0
2026-06-02 10:42:00,SSV.V,,0.550000011920929,0.550000011920929,0.550000011920929,0.550000011920929,112500.0
2026-06-02 10:42:00,STUV.V,,0.4099999964237213,0.4099999964237213,0.4099999964237213,0.4099999964237213,1000.0
2026-06-02 10:43:00,MAI.V,,6.480000019073486,6.480000019073486,6.480000019073486,6.480000019073486,100.0
2026-06-02 10:43:00,NCX.V,,3.065000057220459,3.065000057220459,3.065000057220459,3.065000057220459,400.0
2026-06-02 10:43:00,OMG.V,,2.609999895095825,2.609999895095825,2.609999895095825,2.609999895095825,200.0
2026-06-02 10:43:00,PWM.V,,0.6399999856948853,0.6399999856948853,0.6399999856948853,0.6399999856948853,3000.0
2026-06-02 10:43:00,QNC.V,,4.690000057220459,4.690000057220459,4.690000057220459,4.690000057220459,1300.0
2026-06-02 10:43:00,RECO.V,,1.2100000381469727,1.215000033378601,1.2100000381469727,1.215000033378601,4600.0
2026-06-02 10:43:00,RVG.V,,0.8199999928474426,0.8199999928474426,0.8199999928474426,0.8199999928474426,500.0
2026-06-02 10:43:00,SQG.V,,0.0949999988079071,0.0949999988079071,0.0949999988079071,0.0949999988079071,1000.0
2026-06-02 10:43:00,SSV.V,,0.550000011920929,0.550000011920929,0.550000011920929,0.550000011920929,45500.0
2026-06-02 10:44:00,NFG.V,,2.799999952316284,2.799999952316284,2.7899999618530273,2.7899999618530273,31400.0
2026-06-02 10:44:00,OMG.V,,2.609999895095825,2.609999895095825,2.609999895095825,2.609999895095825,300.0
2026-06-02 10:44:00,PGLD.V,,0.7950000166893005,0.7950000166893005,0.7950000166893005,0.7950000166893005,500.0
2026-06-02 10:44:00,PNPN.V,,1.3200000524520874,1.3200000524520874,1.3200000524520874,1.3200000524520874,35500.0
2026-06-02 10:44:00,RDS.V,,1.0800000429153442,1.0800000429153442,1.0800000429153442,1.0800000429153442,100.0
2026-06-02 10:44:00,RECO.V,,1.2100000381469727,1.2100000381469727,1.2100000381469727,1.2100000381469727,4300.0
2026-06-02 10:44:00,RYO.V,,0.3400000035762787,0.3400000035762787,0.3400000035762787,0.3400000035762787,1000.0
2026-06-02 10:44:00,SLI.V,,5.840000152587891,5.840000152587891,5.840000152587891,5.840000152587891,300.0
2026-06-02 10:44:00,SSV.V,,0.550000011920929,0.550000011920929,0.550000011920929,0.550000011920929,2000.0
2026-06-02 10:45:00,MAI.V,,6.480000019073486,6.480000019073486,6.480000019073486,6.480000019073486,100.0
2026-06-02 10:45:00,NFG.V,,2.799999952316284,2.799999952316284,2.799999952316284,2.799999952316284,2900.0
2026-06-02 10:45:00,OPW.V,,0.125,0.125,0.125,0.125,5000.0
2026-06-02 10:45:00,PER.V,,0.25,0.25,0.25,0.25,65000.0
2026-06-02 10:45:00,PGLD.V,,0.800000011920929,0.800000011920929,0.800000011920929,0.800000011920929,3000.0
2026-06-02 10:45:00,PNPN.V,,1.3200000524520874,1.3200000524520874,1.3200000524520874,1.3200000524520874,17700.0
2026-06-02 10:45:00,QNC.V,,4.679999828338623,4.679999828338623,4.679999828338623,4.679999828338623,600.0
2026-06-02 10:45:00,QTWO.V,,3.25,3.25,3.244999885559082,3.25,1700.0
2026-06-02 10:45:00,ROK.V,,0.3050000071525574,0.3050000071525574,0.3050000071525574,0.3050000071525574,500.0
2026-06-02 10:45:00,RYO.V,,0.3400000035762787,0.3400000035762787,0.3400000035762787,0.3400000035762787,1000.0
2026-06-02 10:45:00,SCZ.V,,11.390000343322754,11.390000343322754,11.369999885559082,11.369999885559082,1800.0
2026-06-02 10:45:00,SSV.V,,0.550000011920929,0.550000011920929,0.550000011920929,0.550000011920929,20000.0
2026-06-02 10:46:00,NFG.V,,2.815000057220459,2.815000057220459,2.815000057220459,2.815000057220459,900.0
2026-06-02 10:46:00,QNC.V,,4.670000076293945,4.670000076293945,4.659999847412109,4.659999847412109,600.0
2026-06-02 10:46:00,RYO.V,,0.3400000035762787,0.3400000035762787,0.3400000035762787,0.3400000035762787,500.0
2026-06-02 10:46:00,SLI.V,,5.829999923706055,5.829999923706055,5.829999923706055,5.829999923706055,100.0
2026-06-02 10:46:00,SSV.V,,0.550000011920929,0.550000011920929,0.550000011920929,0.550000011920929,34500.0
2026-06-02 10:47:00,MAI.V,,6.460000038146973,6.460000038146973,6.460000038146973,6.460000038146973,100.0
2026-06-02 10:47:00,NCAU.V,,0.550000011920929,0.550000011920929,0.550000011920929,0.550000011920929,1000.0
2026-06-02 10:47:00,NCX.V,,3.069999933242798,3.069999933242798,3.069999933242798,3.069999933242798,721.0
2026-06-02 10:47:00,NFG.V,,2.809999942779541,2.809999942779541,2.809999942779541,2.809999942779541,7900.0
2026-06-02 10:47:00,NSU.V,,0.2800000011920929,0.2800000011920929,0.2800000011920929,0.2800000011920929,3887.0
2026-06-02 10:47:00,ONYX.V,,1.3200000524520874,1.340000033378601,1.3200000524520874,1.340000033378601,31900.0
2026-06-02 10:47:00,PER.V,,0.25,0.25,0.25,0.25,5000.0
2026-06-02 10:47:00,PNPN.V,,1.3300000429153442,1.3300000429153442,1.3300000429153442,1.3300000429153442,100.0
2026-06-02 10:47:00,QTWO.V,,3.25,3.25,3.25,3.25,100.0
2026-06-02 10:47:00,RDS.V,,1.0800000429153442,1.0800000429153442,1.0800000429153442,1.0800000429153442,100.0
2026-06-02 10:47:00,RECO.V,,1.2100000381469727,1.2100000381469727,1.2100000381469727,1.2100000381469727,2200.0
2026-06-02 10:47:00,RVG.V,,0.8299999833106995,0.8299999833106995,0.8299999833106995,0.8299999833106995,500.0
2026-06-02 10:47:00,SCZ.V,,11.420000076293945,11.420000076293945,11.40999984741211,11.40999984741211,300.0
2026-06-02 10:47:00,SPA.V,,0.33500000834465027,0.33500000834465027,0.33500000834465027,0.33500000834465027,9000.0
2026-06-02 10:47:00,SSV.V,,0.550000011920929,0.550000011920929,0.550000011920929,0.550000011920929,19500.0
2026-06-02 10:48:00,MGG.V,,0.38499999046325684,0.38499999046325684,0.38499999046325684,0.38499999046325684,500.0
2026-06-02 10:48:00,NFG.V,,2.809999942779541,2.809999942779541,2.799999952316284,2.799999952316284,9500.0
2026-06-02 10:48:00,PGE.V,,0.32499998807907104,0.32499998807907104,0.32499998807907104,0.32499998807907104,800.0
2026-06-02 10:48:00,PGLD.V,,0.7950000166893005,0.7950000166893005,0.7950000166893005,0.7950000166893005,500.0
2026-06-02 10:48:00,PRG.V,,0.3700000047683716,0.3700000047683716,0.3700000047683716,0.3700000047683716,2500.0
2026-06-02 10:48:00,RECO.V,,1.2100000381469727,1.2100000381469727,1.2100000381469727,1.2100000381469727,3200.0
2026-06-02 10:48:00,SLI.V,,5.829999923706055,5.829999923706055,5.829999923706055,5.829999923706055,200.0
2026-06-02 10:48:00,SSV.V,,0.550000011920929,0.550000011920929,0.550000011920929,0.550000011920929,12000.0
2026-06-02 10:49:00,NCX.V,,3.059999942779541,3.059999942779541,3.059999942779541,3.059999942779541,621.0
2026-06-02 10:49:00,PLSR.V,,1.649999976158142,1.649999976158142,1.649999976158142,1.649999976158142,4097.0
2026-06-02 10:49:00,PLUR.V,,0.10499999672174454,0.10499999672174454,0.10499999672174454,0.10499999672174454,5000.0
2026-06-02 10:49:00,QNC.V,,4.690000057220459,4.690000057220459,4.690000057220459,4.690000057220459,100.0
2026-06-02 10:49:00,RDS.V,,1.0700000524520874,1.0700000524520874,1.0700000524520874,1.0700000524520874,1300.0
2026-06-02 10:49:00,REG.V,,4.5,4.5,4.5,4.5,423.0
2026-06-02 10:49:00,RVG.V,,0.8299999833106995,0.8299999833106995,0.8299999833106995,0.8299999833106995,1000.0
2026-06-02 10:49:00,SLI.V,,5.829999923706055,5.829999923706055,5.829999923706055,5.829999923706055,300.0
2026-06-02 10:49:00,SSV.V,,0.550000011920929,0.550000011920929,0.550000011920929,0.550000011920929,8000.0
2026-06-02 10:50:00,MAI.V,,6.460000038146973,6.460000038146973,6.460000038146973,6.460000038146973,100.0
2026-06-02 10:50:00,MMY.V,,0.9599999785423279,0.9599999785423279,0.9599999785423279,0.9599999785423279,1000.0
2026-06-02 10:50:00,MYID.V,,0.05999999865889549,0.05999999865889549,0.05999999865889549,0.05999999865889549,146000.0
2026-06-02 10:50:00,NCX.V,,3.0399999618530273,3.0399999618530273,3.0399999618530273,3.0399999618530273,2800.0
2026-06-02 10:50:00,NSU.V,,0.2750000059604645,0.2750000059604645,0.2750000059604645,0.2750000059604645,10000.0
2026-06-02 10:50:00,NWX.V,,0.125,0.125,0.125,0.125,1500.0
2026-06-02 10:50:00,ODV.V,,3.8399999141693115,3.8399999141693115,3.8399999141693115,3.8399999141693115,1000.0
2026-06-02 10:50:00,PML.V,,1.4500000476837158,1.4500000476837158,1.440000057220459,1.440000057220459,12200.0
2026-06-02 10:50:00,PNPN.V,,1.3200000524520874,1.3200000524520874,1.3200000524520874,1.3200000524520874,48000.0
2026-06-02 10:50:00,PRG.V,,0.36000001430511475,0.36000001430511475,0.36000001430511475,0.36000001430511475,3500.0
2026-06-02 10:50:00,REG.V,,4.5,4.5,4.5,4.5,2200.0
2026-06-02 10:50:00,SAGE.V,,0.12999999523162842,0.12999999523162842,0.12999999523162842,0.12999999523162842,12000.0
2026-06-02 10:50:00,SCZ.V,,11.390000343322754,11.390000343322754,11.390000343322754,11.390000343322754,150.0
2026-06-02 10:51:00,MAI.V,,6.460000038146973,6.474999904632568,6.460000038146973,6.474999904632568,200.0
2026-06-02 10:51:00,MGG.V,,0.38499999046325684,0.38499999046325684,0.38499999046325684,0.38499999046325684,855.0
2026-06-02 10:51:00,NCX.V,,3.0299999713897705,3.0299999713897705,3.0299999713897705,3.0299999713897705,1400.0
2026-06-02 10:51:00,NDA.V,,1.0399999618530273,1.0399999618530273,1.0399999618530273,1.0399999618530273,1000.0
2026-06-02 10:51:00,PML.V,,1.4500000476837158,1.4500000476837158,1.4500000476837158,1.4500000476837158,500.0
2026-06-02 10:51:00,QTWO.V,,3.25,3.25,3.25,3.25,100.0
2026-06-02 10:51:00,RVG.V,,0.8299999833106995,0.8299999833106995,0.8299999833106995,0.8299999833106995,4500.0
2026-06-02 10:51:00,SGN.V,,0.3499999940395355,0.3499999940395355,0.3499999940395355,0.3499999940395355,500.0
2026-06-02 10:51:00,SSV.V,,0.550000011920929,0.550000011920929,0.550000011920929,0.550000011920929,6000.0
2026-06-02 10:52:00,MAI.V,,6.460000038146973,6.460000038146973,6.460000038146973,6.460000038146973,200.0
2026-06-02 10:52:00,MMY.V,,0.9700000286102295,0.9700000286102295,0.9700000286102295,0.9700000286102295,1500.0
2026-06-02 10:52:00,PGLD.V,,0.7950000166893005,0.7950000166893005,0.7950000166893005,0.7950000166893005,500.0
2026-06-02 10:52:00,PNPN.V,,1.3300000429153442,1.3300000429153442,1.3300000429153442,1.3300000429153442,2100.0
2026-06-02 10:52:00,PRG.V,,0.3799999952316284,0.3799999952316284,0.3799999952316284,0.3799999952316284,1000.0
2026-06-02 10:52:00,QNC.V,,4.679999828338623,4.679999828338623,4.679999828338623,4.679999828338623,300.0
2026-06-02 10:52:00,ROK.V,,0.30000001192092896,0.30250000953674316,0.30000001192092896,0.30250000953674316,15000.0
2026-06-02 10:53:00,MAI.V,,6.480000019073486,6.480000019073486,6.46999979019165,6.46999979019165,400.0
2026-06-02 10:53:00,NCX.V,,3.0299999713897705,3.0299999713897705,3.0299999713897705,3.0299999713897705,400.0
2026-06-02 10:53:00,NGC.V,,0.1550000011920929,0.1550000011920929,0.1550000011920929,0.1550000011920929,19500.0
2026-06-02 10:53:00,ODV.V,,3.8399999141693115,3.8399999141693115,3.8399999141693115,3.8399999141693115,400.0
2026-06-02 10:53:00,PNPN.V,,1.3300000429153442,1.3300000429153442,1.3300000429153442,1.3300000429153442,15500.0
2026-06-02 10:53:00,RYO.V,,0.3400000035762787,0.3400000035762787,0.3400000035762787,0.3400000035762787,47798.0
2026-06-02 10:53:00,SCZ.V,,11.4399995803833,11.4399995803833,11.4399995803833,11.4399995803833,100.0
2026-06-02 10:53:00,SLI.V,,5.820000171661377,5.820000171661377,5.820000171661377,5.820000171661377,900.0
2026-06-02 10:53:00,SSV.V,,0.550000011920929,0.550000011920929,0.550000011920929,0.550000011920929,18500.0
2026-06-02 10:53:00,SVRS.V,,0.5600000023841858,0.5600000023841858,0.5600000023841858,0.5600000023841858,500.0
2026-06-02 10:54:00,NFG.V,,2.809999942779541,2.809999942779541,2.809999942779541,2.809999942779541,100.0
2026-06-02 10:54:00,PGE.V,,0.32499998807907104,0.32499998807907104,0.32499998807907104,0.32499998807907104,500.0
2026-06-02 10:54:00,PNPN.V,,1.340000033378601,1.340000033378601,1.340000033378601,1.340000033378601,7200.0
2026-06-02 10:54:00,PWM.V,,0.6399999856948853,0.6399999856948853,0.6399999856948853,0.6399999856948853,9000.0
2026-06-02 10:54:00,QNC.V,,4.679999828338623,4.690000057220459,4.679999828338623,4.690000057220459,2500.0
2026-06-02 10:54:00,RDS.V,,1.0800000429153442,1.0800000429153442,1.0800000429153442,1.0800000429153442,100.0
2026-06-02 10:54:00,SM.V,,1.9600000381469727,1.9600000381469727,1.9600000381469727,1.9600000381469727,151.0
2026-06-02 10:55:00,MMY.V,,0.9700000286102295,0.9700000286102295,0.9700000286102295,0.9700000286102295,1500.0
2026-06-02 10:55:00,NFG.V,,2.815000057220459,2.815000057220459,2.815000057220459,2.815000057220459,200.0
2026-06-02 10:55:00,OMM.V,,0.07500000298023224,0.07500000298023224,0.07500000298023224,0.07500000298023224,4000.0
2026-06-02 10:55:00,PGLD.V,,0.7950000166893005,0.7950000166893005,0.7950000166893005,0.7950000166893005,500.0
2026-06-02 10:55:00,PNPN.V,,1.3450000286102295,1.3450000286102295,1.340000033378601,1.340000033378601,28700.0
2026-06-02 10:55:00,QNC.V,,4.690000057220459,4.690000057220459,4.690000057220459,4.690000057220459,4740.0
2026-06-02 10:55:00,QTWO.V,,3.25,3.25,3.25,3.25,100.0
2026-06-02 10:55:00,QYOU.V,,0.33000001311302185,0.33000001311302185,0.33000001311302185,0.33000001311302185,3000.0
2026-06-02 10:55:00,REG.V,,4.480000019073486,4.480000019073486,4.480000019073486,4.480000019073486,700.0
2026-06-02 10:55:00,RYO.V,,0.3400000035762787,0.3400000035762787,0.3400000035762787,0.3400000035762787,1500.0
2026-06-02 10:55:00,SRL.V,,0.26499998569488525,0.26499998569488525,0.26499998569488525,0.26499998569488525,11000.0
2026-06-02 10:56:00,NFG.V,,2.815000057220459,2.815000057220459,2.815000057220459,2.815000057220459,100.0
2026-06-02 10:56:00,NSU.V,,0.2750000059604645,0.2750000059604645,0.2750000059604645,0.2750000059604645,600.0
2026-06-02 10:56:00,ONYX.V,,1.2999999523162842,1.3200000524520874,1.2999999523162842,1.3200000524520874,300.0
2026-06-02 10:56:00,PLSR.V,,1.6399999856948853,1.6399999856948853,1.6399999856948853,1.6399999856948853,5205.0
2026-06-02 10:56:00,PNPN.V,,1.350000023841858,1.350000023841858,1.3450000286102295,1.350000023841858,6100.0
2026-06-02 10:56:00,RDS.V,,1.0800000429153442,1.0800000429153442,1.0800000429153442,1.0800000429153442,100.0
2026-06-02 10:56:00,SOMA.V,,0.9900000095367432,1.0,0.9900000095367432,1.0,3000.0
2026-06-02 10:56:00,SRC.V,,1.6399999856948853,1.6399999856948853,1.6399999856948853,1.6399999856948853,2000.0
2026-06-02 10:56:00,STRM.V,,0.4000000059604645,0.4000000059604645,0.39500001072883606,0.39500001072883606,0.0
2026-06-02 10:57:00,AGX.V,,0.7900000214576721,0.7900000214576721,0.7900000214576721,0.7900000214576721,500.0
2026-06-02 10:57:00,MAI.V,,6.489999771118164,6.5,6.474999904632568,6.474999904632568,1700.0
2026-06-02 10:57:00,MMY.V,,0.9599999785423279,0.9599999785423279,0.9599999785423279,0.9599999785423279,1500.0
2026-06-02 10:57:00,NCX.V,,3.0299999713897705,3.0299999713897705,3.0199999809265137,3.0199999809265137,1321.0
2026-06-02 10:57:00,NFG.V,,2.809999942779541,2.809999942779541,2.809999942779541,2.809999942779541,1500.0
2026-06-02 10:57:00,ODV.V,,3.799999952316284,3.809999942779541,3.799999952316284,3.809999942779541,700.0
2026-06-02 10:57:00,PNPN.V,,1.350000023841858,1.350000023841858,1.350000023841858,1.350000023841858,300.0
2026-06-02 10:57:00,RVG.V,,0.8299999833106995,0.8299999833106995,0.8299999833106995,0.8299999833106995,500.0
2026-06-02 10:57:00,SCZ.V,,11.420000076293945,11.430000305175781,11.420000076293945,11.430000305175781,300.0
2026-06-02 10:57:00,SLI.V,,5.829999923706055,5.829999923706055,5.829999923706055,5.829999923706055,900.0
2026-06-02 10:57:00,SSV.V,,0.550000011920929,0.550000011920929,0.550000011920929,0.550000011920929,59590.0
2026-06-02 10:58:00,AGX.V,,0.7799999713897705,0.7900000214576721,0.7799999713897705,0.7900000214576721,17700.0
2026-06-02 10:58:00,MMY.V,,0.9599999785423279,0.9599999785423279,0.9599999785423279,0.9599999785423279,3500.0
2026-06-02 10:58:00,NCX.V,,3.049999952316284,3.049999952316284,3.0299999713897705,3.0299999713897705,15300.0
2026-06-02 10:58:00,PNPN.V,,1.350000023841858,1.350000023841858,1.350000023841858,1.350000023841858,10500.0
2026-06-02 10:58:00,QNC.V,,4.699999809265137,4.699999809265137,4.699999809265137,4.699999809265137,100.0
2026-06-02 10:58:00,QTWO.V,,3.240000009536743,3.240000009536743,3.240000009536743,3.240000009536743,300.0
2026-06-02 10:58:00,RVG.V,,0.8299999833106995,0.8299999833106995,0.8299999833106995,0.8299999833106995,500.0
2026-06-02 10:58:00,SLG.V,,5.400000095367432,5.400000095367432,5.400000095367432,5.400000095367432,100.0
2026-06-02 10:58:00,SVE.V,,0.5,0.5,0.5,0.5,500.0
2026-06-02 10:59:00,MAI.V,,6.510000228881836,6.510000228881836,6.485000133514404,6.485000133514404,4100.0
2026-06-02 10:59:00,NCX.V,,3.049999952316284,3.049999952316284,3.049999952316284,3.049999952316284,2600.0
2026-06-02 10:59:00,PEAK.V,,0.4399999976158142,0.4399999976158142,0.4399999976158142,0.4399999976158142,500.0
2026-06-02 10:59:00,PGLD.V,,0.7900000214576721,0.7950000166893005,0.7900000214576721,0.7950000166893005,13500.0
2026-06-02 10:59:00,PLSR.V,,1.6100000143051147,1.6299999952316284,1.6100000143051147,1.6299999952316284,10736.0
2026-06-02 10:59:00,PNPN.V,,1.350000023841858,1.350000023841858,1.350000023841858,1.350000023841858,300.0
2026-06-02 10:59:00,PWM.V,,0.6499999761581421,0.6499999761581421,0.6499999761581421,0.6499999761581421,1100.0
2026-06-02 10:59:00,QNC.V,,4.71999979019165,4.71999979019165,4.699999809265137,4.699999809265137,4496.0
2026-06-02 10:59:00,RLYG.V,,0.800000011920929,0.800000011920929,0.800000011920929,0.800000011920929,500.0
2026-06-02 10:59:00,RVG.V,,0.8299999833106995,0.8299999833106995,0.8299999833106995,0.8299999833106995,500.0
2026-06-02 10:59:00,SCZ.V,,11.40999984741211,11.40999984741211,11.40999984741211,11.40999984741211,100.0
2026-06-02 10:59:00,SLI.V,,5.840000152587891,5.840000152587891,5.840000152587891,5.840000152587891,600.0
2026-06-02 10:59:00,SOMA.V,,1.0,1.0,1.0,1.0,500.0
2026-06-02 11:00:00,MAI.V,,6.550000190734863,6.550000190734863,6.514999866485596,6.514999866485596,2500.0
2026-06-02 11:00:00,MGG.V,,0.3799999952316284,0.38499999046325684,0.3799999952316284,0.38499999046325684,14000.0
2026-06-02 11:00:00,NFG.V,,2.809999942779541,2.809999942779541,2.809999942779541,2.809999942779541,100.0
2026-06-02 11:00:00,ONYX.V,,1.309999942779541,1.309999942779541,1.309999942779541,1.309999942779541,100.0
2026-06-02 11:00:00,PNPN.V,,1.3600000143051147,1.3600000143051147,1.350000023841858,1.350000023841858,70325.0
2026-06-02 11:00:00,PRG.V,,0.3799999952316284,0.3799999952316284,0.3799999952316284,0.3799999952316284,38000.0
2026-06-02 11:00:00,PUR.V,,0.6299999952316284,0.6299999952316284,0.6200000047683716,0.6200000047683716,11000.0
2026-06-02 11:00:00,QNC.V,,4.75,4.760000228881836,4.730000019073486,4.730000019073486,40300.0
2026-06-02 11:00:00,RECO.V,,1.2000000476837158,1.2000000476837158,1.2000000476837158,1.2000000476837158,4200.0
2026-06-02 11:00:00,SAGE.V,,0.12999999523162842,0.12999999523162842,0.12999999523162842,0.12999999523162842,2500.0
2026-06-02 11:00:00,SBIO.V,,0.15000000596046448,0.15000000596046448,0.15000000596046448,0.15000000596046448,500.0
2026-06-02 11:00:00,SCZ.V,,11.430000305175781,11.430000305175781,11.430000305175781,11.430000305175781,300.0
2026-06-02 11:00:00,SGN.V,,0.3499999940395355,0.3499999940395355,0.3499999940395355,0.3499999940395355,1000.0
2026-06-02 11:00:00,SM.V,,1.9700000286102295,1.9700000286102295,1.9700000286102295,1.9700000286102295,100.0
2026-06-02 11:01:00,MAI.V,,6.550000190734863,6.559999942779541,6.550000190734863,6.559999942779541,306.0
2026-06-02 11:01:00,PGLD.V,,0.7900000214576721,0.7900000214576721,0.7900000214576721,0.7900000214576721,500.0
2026-06-02 11:01:00,PNPN.V,,1.3600000143051147,1.3600000143051147,1.3600000143051147,1.3600000143051147,100.0
2026-06-02 11:01:00,QTWO.V,,3.25,3.25,3.234999895095825,3.234999895095825,6300.0
2026-06-02 11:01:00,SCZ.V,,11.449999809265137,11.449999809265137,11.449999809265137,11.449999809265137,100.0
2026-06-02 11:01:00,SDI.V,,0.23499999940395355,0.23499999940395355,0.23499999940395355,0.23499999940395355,1000.0
2026-06-02 11:01:00,SLI.V,,5.849999904632568,5.849999904632568,5.840000152587891,5.849999904632568,10200.0
2026-06-02 11:01:00,SSV.V,,0.550000011920929,0.550000011920929,0.550000011920929,0.550000011920929,5040.0
2026-06-02 11:02:00,MGG.V,,0.3799999952316284,0.3799999952316284,0.3799999952316284,0.3799999952316284,10500.0
2026-06-02 11:02:00,MMY.V,,0.9599999785423279,0.9599999785423279,0.9599999785423279,0.9599999785423279,500.0
2026-06-02 11:02:00,NFG.V,,2.819999933242798,2.819999933242798,2.815000057220459,2.815000057220459,3400.0
2026-06-02 11:02:00,PNPN.V,,1.3600000143051147,1.3600000143051147,1.3600000143051147,1.3600000143051147,5600.0
2026-06-02 11:02:00,QNC.V,,4.739999771118164,4.739999771118164,4.739999771118164,4.739999771118164,200.0
2026-06-02 11:02:00,QTWO.V,,3.25,3.25,3.25,3.25,100.0
2026-06-02 11:02:00,QZM.V,,0.6499999761581421,0.6499999761581421,0.6499999761581421,0.6499999761581421,0.0
2026-06-02 11:02:00,RECO.V,,1.1950000524520874,1.1950000524520874,1.1950000524520874,1.1950000524520874,100.0
2026-06-02 11:02:00,RVG.V,,0.8299999833106995,0.8299999833106995,0.8299999833106995,0.8299999833106995,500.0
2026-06-02 11:02:00,SCZ.V,,11.489999771118164,11.489999771118164,11.489999771118164,11.489999771118164,700.0
2026-06-02 11:02:00,SLI.V,,5.849999904632568,5.849999904632568,5.849999904632568,5.849999904632568,4500.0
2026-06-02 11:02:00,SOMA.V,,0.9900000095367432,1.0,0.9800000190734863,1.0,6307.0
2026-06-02 11:03:00,NFG.V,,2.819999933242798,2.819999933242798,2.819999933242798,2.819999933242798,514.0
2026-06-02 11:03:00,PNPN.V,,1.3600000143051147,1.3600000143051147,1.350000023841858,1.350000023841858,37600.0
2026-06-02 11:03:00,QNC.V,,4.730000019073486,4.739999771118164,4.730000019073486,4.739999771118164,2006.0
2026-06-02 11:03:00,RDS.V,,1.0800000429153442,1.0800000429153442,1.0800000429153442,1.0800000429153442,100.0
2026-06-02 11:03:00,RET-A.V,,1.9600000381469727,1.9600000381469727,1.9600000381469727,1.9600000381469727,300.0
2026-06-02 11:03:00,RVG.V,,0.8299999833106995,0.8299999833106995,0.8299999833106995,0.8299999833106995,1500.0
2026-06-02 11:03:00,SBIO.V,,0.14000000059604645,0.14000000059604645,0.14000000059604645,0.14000000059604645,2000.0
2026-06-02 11:03:00,SVE.V,,0.5,0.5,0.5,0.5,500.0
2026-06-02 11:04:00,AGX.V,,0.7900000214576721,0.7900000214576721,0.7850000262260437,0.7850000262260437,10100.0
2026-06-02 11:04:00,MMY.V,,0.9599999785423279,0.9599999785423279,0.9599999785423279,0.9599999785423279,5500.0
2026-06-02 11:04:00,OC.V,,0.11500000208616257,0.11500000208616257,0.11500000208616257,0.11500000208616257,9500.0
2026-06-02 11:04:00,QTWO.V,,3.25,3.25,3.25,3.25,300.0
2026-06-02 11:04:00,RECO.V,,1.1950000524520874,1.1950000524520874,1.1950000524520874,1.1950000524520874,100.0
2026-06-02 11:04:00,SCZ.V,,11.460000038146973,11.470000267028809,11.449999809265137,11.470000267028809,700.0
2026-06-02 11:04:00,SLI.V,,5.849999904632568,5.849999904632568,5.849999904632568,5.849999904632568,800.0
2026-06-02 11:05:00,ONYX.V,,1.309999942779541,1.309999942779541,1.309999942779541,1.309999942779541,100.0
2026-06-02 11:05:00,PNPN.V,,1.350000023841858,1.350000023841858,1.350000023841858,1.350000023841858,1000.0
2026-06-02 11:05:00,PUR.V,,0.6299999952316284,0.6299999952316284,0.6299999952316284,0.6299999952316284,500.0
2026-06-02 11:05:00,QNC.V,,4.75,4.75,4.730000019073486,4.730000019073486,5591.0
2026-06-02 11:05:00,RDS.V,,1.0800000429153442,1.0800000429153442,1.0800000429153442,1.0800000429153442,100.0
2026-06-02 11:05:00,RVG.V,,0.8299999833106995,0.8299999833106995,0.8299999833106995,0.8299999833106995,500.0
2026-06-02 11:05:00,SCLT.V,,0.12999999523162842,0.12999999523162842,0.12999999523162842,0.12999999523162842,8500.0
2026-06-02 11:05:00,SLI.V,,5.869999885559082,5.880000114440918,5.849999904632568,5.849999904632568,37500.0
2026-06-02 11:06:00,MAI.V,,6.570000171661377,6.570000171661377,6.559999942779541,6.559999942779541,700.0
2026-06-02 11:06:00,MMY.V,,0.9599999785423279,0.9599999785423279,0.9599999785423279,0.9599999785423279,3500.0
2026-06-02 11:06:00,NFG.V,,2.825000047683716,2.8299999237060547,2.819999933242798,2.825000047683716,11900.0
2026-06-02 11:06:00,OCO.V,,0.4300000071525574,0.4300000071525574,0.4300000071525574,0.4300000071525574,500.0
2026-06-02 11:06:00,OMG.V,,2.619999885559082,2.619999885559082,2.619999885559082,2.619999885559082,0.0
2026-06-02 11:06:00,PGLD.V,,0.7950000166893005,0.7950000166893005,0.7950000166893005,0.7950000166893005,500.0
2026-06-02 11:06:00,PLSR.V,,1.649999976158142,1.649999976158142,1.6299999952316284,1.6299999952316284,16300.0
2026-06-02 11:06:00,PNPN.V,,1.3600000143051147,1.3600000143051147,1.3600000143051147,1.3600000143051147,600.0
2026-06-02 11:06:00,QTWO.V,,3.25,3.25,3.244999885559082,3.25,500.0
2026-06-02 11:06:00,RECO.V,,1.1950000524520874,1.1950000524520874,1.1950000524520874,1.1950000524520874,100.0
2026-06-02 11:06:00,SCZ.V,,11.489999771118164,11.489999771118164,11.489999771118164,11.489999771118164,100.0
2026-06-02 11:06:00,SGQ.V,,0.30000001192092896,0.30000001192092896,0.30000001192092896,0.30000001192092896,0.0
2026-06-02 11:06:00,SHL.V,,0.38499999046325684,0.38499999046325684,0.3799999952316284,0.3799999952316284,17964.0
2026-06-02 11:06:00,SSV.V,,0.550000011920929,0.550000011920929,0.550000011920929,0.550000011920929,500.0
2026-06-02 11:06:00,SVE.V,,0.5,0.5,0.5,0.5,500.0
2026-06-02 11:07:00,AGX.V,,0.7900000214576721,0.7900000214576721,0.7900000214576721,0.7900000214576721,500.0
2026-06-02 11:07:00,MAI.V,,6.590000152587891,6.599999904632568,6.579999923706055,6.579999923706055,1100.0
2026-06-02 11:07:00,MGG.V,,0.3799999952316284,0.3799999952316284,0.3799999952316284,0.3799999952316284,500.0
2026-06-02 11:07:00,MGRO.V,,0.48500001430511475,0.48500001430511475,0.48500001430511475,0.48500001430511475,3200.0
2026-06-02 11:07:00,NDA.V,,1.0299999713897705,1.0299999713897705,1.0299999713897705,1.0299999713897705,3000.0
2026-06-02 11:07:00,NFG.V,,2.825000047683716,2.825000047683716,2.825000047683716,2.825000047683716,300.0
2026-06-02 11:07:00,OMG.V,,2.619999885559082,2.619999885559082,2.619999885559082,2.619999885559082,81185.0
2026-06-02 11:07:00,PLSR.V,,1.649999976158142,1.649999976158142,1.649999976158142,1.649999976158142,1400.0
2026-06-02 11:07:00,PNPN.V,,1.3600000143051147,1.3600000143051147,1.3600000143051147,1.3600000143051147,200.0
2026-06-02 11:07:00,PPP.V,,1.5299999713897705,1.5299999713897705,1.5299999713897705,1.5299999713897705,2300.0
2026-06-02 11:07:00,QTWO.V,,3.25,3.25,3.25,3.25,100.0
2026-06-02 11:07:00,REG.V,,4.429999828338623,4.429999828338623,4.429999828338623,4.429999828338623,100.0
2026-06-02 11:07:00,SCZ.V,,11.479999542236328,11.489999771118164,11.470000267028809,11.489999771118164,300.0
2026-06-02 11:07:00,SVRS.V,,0.5699999928474426,0.5699999928474426,0.5699999928474426,0.5699999928474426,7500.0
2026-06-02 11:08:00,NCX.V,,3.0399999618530273,3.0399999618530273,3.0399999618530273,3.0399999618530273,1221.0
2026-06-02 11:08:00,NKL.V,,1.2300000190734863,1.2300000190734863,1.2300000190734863,1.2300000190734863,250.0
2026-06-02 11:08:00,PNPN.V,,1.3600000143051147,1.3600000143051147,1.3600000143051147,1.3600000143051147,200.0
2026-06-02 11:08:00,QTWO.V,,3.25,3.25,3.25,3.25,100.0
2026-06-02 11:08:00,RVG.V,,0.8299999833106995,0.8299999833106995,0.8299999833106995,0.8299999833106995,850.0
2026-06-02 11:08:00,SSV.V,,0.550000011920929,0.550000011920929,0.550000011920929,0.550000011920929,124500.0
2026-06-02 11:08:00,STRR.V,,0.5299999713897705,0.5299999713897705,0.5299999713897705,0.5299999713897705,2000.0
2026-06-02 11:09:00,MAI.V,,6.585000038146973,6.585000038146973,6.585000038146973,6.585000038146973,100.0
2026-06-02 11:09:00,NDA.V,,1.0299999713897705,1.0299999713897705,1.0299999713897705,1.0299999713897705,1800.0
2026-06-02 11:09:00,PNPN.V,,1.3600000143051147,1.3600000143051147,1.3600000143051147,1.3600000143051147,200.0
2026-06-02 11:09:00,QTWO.V,,3.25,3.25,3.25,3.25,200.0
2026-06-02 11:09:00,RPX.V,,0.17499999701976776,0.17499999701976776,0.17499999701976776,0.17499999701976776,82500.0
2026-06-02 11:09:00,SCZ.V,,11.479999542236328,11.479999542236328,11.479999542236328,11.479999542236328,100.0
2026-06-02 11:09:00,SPA.V,,0.33500000834465027,0.3375000059604645,0.33500000834465027,0.3375000059604645,11000.0
2026-06-02 11:09:00,SVE.V,,0.5,0.5,0.5,0.5,500.0
2026-06-02 11:10:00,MAI.V,,6.570000171661377,6.585000038146973,6.570000171661377,6.585000038146973,500.0
2026-06-02 11:10:00,PINK.V,,0.3100000023841858,0.3100000023841858,0.3100000023841858,0.3100000023841858,500.0
2026-06-02 11:10:00,PNPN.V,,1.340000033378601,1.3600000143051147,1.340000033378601,1.3600000143051147,23900.0
2026-06-02 11:10:00,QNC.V,,4.75,4.75,4.75,4.75,8400.0
2026-06-02 11:10:00,ROK.V,,0.30250000953674316,0.30250000953674316,0.30250000953674316,0.30250000953674316,2000.0
2026-06-02 11:10:00,SM.V,,1.9700000286102295,1.9800000190734863,1.9700000286102295,1.9700000286102295,400.0
2026-06-02 11:11:00,MAI.V,,6.570000171661377,6.570000171661377,6.570000171661377,6.570000171661377,300.0
2026-06-02 11:11:00,MGG.V,,0.38999998569488525,0.38999998569488525,0.3799999952316284,0.3799999952316284,3000.0
2026-06-02 11:11:00,MMY.V,,0.9599999785423279,0.9599999785423279,0.9599999785423279,0.9599999785423279,3000.0
2026-06-02 11:11:00,OCO.V,,0.42500001192092896,0.42500001192092896,0.42500001192092896,0.42500001192092896,2000.0
2026-06-02 11:11:00,OMG.V,,2.630000114440918,2.630000114440918,2.630000114440918,2.630000114440918,100.0
2026-06-02 11:11:00,PPP.V,,1.5299999713897705,1.5299999713897705,1.5299999713897705,1.5299999713897705,100.0
2026-06-02 11:11:00,QNC.V,,4.769999980926514,4.769999980926514,4.75,4.75,836.0
2026-06-02 11:11:00,QTWO.V,,3.244999885559082,3.25,3.244999885559082,3.25,300.0
2026-06-02 11:11:00,RECO.V,,1.190000057220459,1.190000057220459,1.190000057220459,1.190000057220459,16100.0
2026-06-02 11:11:00,SCZ.V,,11.489999771118164,11.489999771118164,11.479999542236328,11.479999542236328,500.0
2026-06-02 11:11:00,SOMA.V,,0.9900000095367432,0.9900000095367432,0.9800000190734863,0.9800000190734863,3036.0
2026-06-02 11:12:00,AGX.V,,0.7900000214576721,0.7900000214576721,0.7900000214576721,0.7900000214576721,12000.0
2026-06-02 11:12:00,MGG.V,,0.38999998569488525,0.38999998569488525,0.38999998569488525,0.38999998569488525,500.0
2026-06-02 11:12:00,MMY.V,,0.949999988079071,0.949999988079071,0.949999988079071,0.949999988079071,14000.0
2026-06-02 11:12:00,NFG.V,,2.825000047683716,2.825000047683716,2.825000047683716,2.825000047683716,100.0
2026-06-02 11:12:00,OCO.V,,0.42500001192092896,0.42500001192092896,0.42500001192092896,0.42500001192092896,5500.0
2026-06-02 11:12:00,OMG.V,,2.630000114440918,2.630000114440918,2.630000114440918,2.630000114440918,300.0
2026-06-02 11:12:00,OTC.V,,0.550000011920929,0.550000011920929,0.550000011920929,0.550000011920929,1000.0
2026-06-02 11:12:00,SLI.V,,5.880000114440918,5.880000114440918,5.880000114440918,5.880000114440918,500.0
2026-06-02 11:12:00,SVE.V,,0.5,0.5,0.5,0.5,500.0
2026-06-02 11:13:00,MMY.V,,0.9399999976158142,0.949999988079071,0.9300000071525574,0.949999988079071,33600.0
2026-06-02 11:13:00,NFG.V,,2.825000047683716,2.825000047683716,2.825000047683716,2.825000047683716,200.0
2026-06-02 11:13:00,NWST.V,,0.36000001430511475,0.36000001430511475,0.36000001430511475,0.36000001430511475,0.0
2026-06-02 11:13:00,ODV.V,,3.809999942779541,3.809999942779541,3.809999942779541,3.809999942779541,300.0
2026-06-02 11:13:00,PGLD.V,,0.7950000166893005,0.7950000166893005,0.7950000166893005,0.7950000166893005,500.0
2026-06-02 11:13:00,PLSR.V,,1.6399999856948853,1.6399999856948853,1.6399999856948853,1.6399999856948853,2100.0
2026-06-02 11:13:00,PPP.V,,1.5299999713897705,1.5299999713897705,1.5299999713897705,1.5299999713897705,1800.0
2026-06-02 11:13:00,PRG.V,,0.375,0.375,0.375,0.375,3000.0
2026-06-02 11:13:00,QGR.V,,0.25999999046325684,0.25999999046325684,0.25999999046325684,0.25999999046325684,10000.0
2026-06-02 11:13:00,QNC.V,,4.769999980926514,4.769999980926514,4.769999980926514,4.769999980926514,100.0
2026-06-02 11:13:00,RECO.V,,1.190000057220459,1.190000057220459,1.190000057220459,1.190000057220459,400.0
2026-06-02 11:13:00,SCZ.V,,11.4399995803833,11.4399995803833,11.4399995803833,11.4399995803833,100.0
2026-06-02 11:14:00,MMY.V,,0.9300000071525574,0.9300000071525574,0.9300000071525574,0.9300000071525574,21500.0
2026-06-02 11:14:00,NFG.V,,2.819999933242798,2.819999933242798,2.819999933242798,2.819999933242798,800.0
2026-06-02 11:14:00,OMG.V,,2.630000114440918,2.630000114440918,2.630000114440918,2.630000114440918,1200.0
2026-06-02 11:14:00,PNPN.V,,1.340000033378601,1.340000033378601,1.340000033378601,1.340000033378601,100.0
2026-06-02 11:14:00,QNC.V,,4.760000228881836,4.760000228881836,4.760000228881836,4.760000228881836,200.0
2026-06-02 11:14:00,RDS.V,,1.0800000429153442,1.0800000429153442,1.0800000429153442,1.0800000429153442,500.0
2026-06-02 11:14:00,RE.V,,0.39500001072883606,0.39500001072883606,0.39500001072883606,0.39500001072883606,500.0
2026-06-02 11:14:00,RECO.V,,1.190000057220459,1.190000057220459,1.190000057220459,1.190000057220459,3600.0
2026-06-02 11:14:00,SVE.V,,0.5,0.5,0.5,0.5,500.0
2026-06-02 11:15:00,OMG.V,,2.630000114440918,2.630000114440918,2.630000114440918,2.630000114440918,1800.0
2026-06-02 11:15:00,PML.V,,1.4700000286102295,1.4700000286102295,1.4700000286102295,1.4700000286102295,100.0
2026-06-02 11:15:00,QNC.V,,4.769999980926514,4.769999980926514,4.769999980926514,4.769999980926514,100.0
2026-06-02 11:15:00,QTWO.V,,3.25,3.25,3.25,3.25,100.0
2026-06-02 11:15:00,RPX.V,,0.17749999463558197,0.17749999463558197,0.17749999463558197,0.17749999463558197,1000.0
2026-06-02 11:15:00,SCZ.V,,11.479999542236328,11.489999771118164,11.470000267028809,11.470000267028809,1600.0
2026-06-02 11:15:00,SOI.V,,0.20000000298023224,0.20000000298023224,0.20000000298023224,0.20000000298023224,500.0
2026-06-02 11:15:00,SOU.V,,0.07500000298023224,0.07500000298023224,0.07500000298023224,0.07500000298023224,1000.0
2026-06-02 11:15:00,SVE.V,,0.5,0.5,0.5,0.5,500.0
2026-06-02 11:16:00,AGX.V,,0.7950000166893005,0.7950000166893005,0.7950000166893005,0.7950000166893005,500.0
2026-06-02 11:16:00,MAI.V,,6.550000190734863,6.550000190734863,6.550000190734863,6.550000190734863,500.0
2026-06-02 11:16:00,NCX.V,,3.0250000953674316,3.0250000953674316,3.0250000953674316,3.0250000953674316,200.0
2026-06-02 11:16:00,NFG.V,,2.819999933242798,2.819999933242798,2.819999933242798,2.819999933242798,100.0
2026-06-02 11:16:00,ODV.V,,3.809999942779541,3.809999942779541,3.809999942779541,3.809999942779541,100.0
2026-06-02 11:16:00,ORS.V,,0.10999999940395355,0.10999999940395355,0.10999999940395355,0.10999999940395355,0.0
2026-06-02 11:16:00,PNPN.V,,1.3300000429153442,1.3300000429153442,1.3300000429153442,1.3300000429153442,900.0
2026-06-02 11:16:00,RDS.V,,1.0800000429153442,1.0800000429153442,1.0800000429153442,1.0800000429153442,100.0
2026-06-02 11:16:00,SCZ.V,,11.479999542236328,11.5,11.470000267028809,11.470000267028809,1300.0
2026-06-02 11:16:00,SLI.V,,5.869999885559082,5.880000114440918,5.869999885559082,5.880000114440918,1800.0
2026-06-02 11:16:00,SVE.V,,0.5,0.5,0.5,0.5,21500.0
2026-06-02 11:17:00,AGX.V,,0.7950000166893005,0.7950000166893005,0.7950000166893005,0.7950000166893005,500.0
2026-06-02 11:17:00,AMY.V,,0.07500000298023224,0.07500000298023224,0.07500000298023224,0.07500000298023224,2065.0
2026-06-02 11:17:00,MAI.V,,6.539999961853027,6.539999961853027,6.539999961853027,6.539999961853027,100.0
2026-06-02 11:17:00,ODV.V,,3.809999942779541,3.809999942779541,3.799999952316284,3.809999942779541,4000.0
2026-06-02 11:17:00,ORS.V,,0.10499999672174454,0.10999999940395355,0.10499999672174454,0.10999999940395355,4000.0
2026-06-02 11:17:00,PGLD.V,,0.7950000166893005,0.7950000166893005,0.7950000166893005,0.7950000166893005,500.0
2026-06-02 11:17:00,PNPN.V,,1.3300000429153442,1.3300000429153442,1.3300000429153442,1.3300000429153442,300.0
2026-06-02 11:17:00,QNC.V,,4.769999980926514,4.769999980926514,4.769999980926514,4.769999980926514,300.0
2026-06-02 11:17:00,RYO.V,,0.3449999988079071,0.3449999988079071,0.3449999988079071,0.3449999988079071,12000.0
2026-06-02 11:17:00,SCZ.V,,11.510000228881836,11.520000457763672,11.510000228881836,11.515000343322754,400.0
2026-06-02 11:17:00,STUV.V,,0.4300000071525574,0.4300000071525574,0.4300000071525574,0.4300000071525574,2000.0
2026-06-02 11:17:00,SVE.V,,0.5,0.5,0.5,0.5,44500.0
2026-06-02 11:18:00,AGX.V,,0.7950000166893005,0.7950000166893005,0.7950000166893005,0.7950000166893005,500.0
2026-06-02 11:18:00,NFG.V,,2.8299999237060547,2.8299999237060547,2.8299999237060547,2.8299999237060547,400.0
2026-06-02 11:18:00,NSCI.V,,0.14000000059604645,0.14000000059604645,0.14000000059604645,0.14000000059604645,1500.0
2026-06-02 11:18:00,NSU.V,,0.27000001072883606,0.27000001072883606,0.27000001072883606,0.27000001072883606,1000.0
2026-06-02 11:18:00,ONYX.V,,1.309999942779541,1.309999942779541,1.309999942779541,1.309999942779541,100.0
2026-06-02 11:18:00,OTC.V,,0.550000011920929,0.550000011920929,0.550000011920929,0.550000011920929,1000.0
2026-06-02 11:18:00,PML.V,,1.4700000286102295,1.4700000286102295,1.4700000286102295,1.4700000286102295,200.0
2026-06-02 11:18:00,PNPN.V,,1.3300000429153442,1.3300000429153442,1.3300000429153442,1.3300000429153442,3300.0
2026-06-02 11:18:00,PRG.V,,0.36000001430511475,0.36000001430511475,0.36000001430511475,0.36000001430511475,5500.0
2026-06-02 11:18:00,QNC.V,,4.809999942779541,4.809999942779541,4.769999980926514,4.769999980926514,113150.0
2026-06-02 11:18:00,RECO.V,,1.190000057220459,1.190000057220459,1.190000057220459,1.190000057220459,2600.0
2026-06-02 11:18:00,ROMJ.V,,0.4300000071525574,0.4300000071525574,0.4300000071525574,0.4300000071525574,500.0
2026-06-02 11:18:00,SGN.V,,0.3499999940395355,0.3499999940395355,0.3499999940395355,0.3499999940395355,1600.0
2026-06-02 11:18:00,SNV.V,,0.03999999910593033,0.03999999910593033,0.03999999910593033,0.03999999910593033,0.0
2026-06-02 11:19:00,MAI.V,,6.519999980926514,6.53000020980835,6.519999980926514,6.53000020980835,950.0
2026-06-02 11:19:00,MMY.V,,0.9200000166893005,0.9300000071525574,0.9200000166893005,0.9300000071525574,6500.0
2026-06-02 11:19:00,MONA-P.V,,0.05000000074505806,0.05999999865889549,0.05000000074505806,0.05999999865889549,0.0
2026-06-02 11:19:00,ODV.V,,3.809999942779541,3.809999942779541,3.809999942779541,3.809999942779541,1800.0
2026-06-02 11:19:00,OMG.V,,2.630000114440918,2.630000114440918,2.630000114440918,2.630000114440918,100.0
2026-06-02 11:19:00,PML.V,,1.4700000286102295,1.4700000286102295,1.4700000286102295,1.4700000286102295,900.0
2026-06-02 11:19:00,QNC.V,,4.820000171661377,4.820000171661377,4.820000171661377,4.820000171661377,3500.0
2026-06-02 11:19:00,QTWO.V,,3.25,3.25,3.25,3.25,100.0
2026-06-02 11:19:00,RDS.V,,1.0800000429153442,1.0800000429153442,1.0800000429153442,1.0800000429153442,24000.0
2026-06-02 11:19:00,SLG.V,,5.400000095367432,5.400000095367432,5.400000095367432,5.400000095367432,400.0
2026-06-02 11:20:00,NDA.V,,1.0299999713897705,1.0299999713897705,1.0299999713897705,1.0299999713897705,10613.0
2026-06-02 11:20:00,PNPN.V,,1.3300000429153442,1.3300000429153442,1.3300000429153442,1.3300000429153442,100.0
2026-06-02 11:20:00,QNC.V,,4.820000171661377,4.820000171661377,4.820000171661377,4.820000171661377,400.0
2026-06-02 11:21:00,MAI.V,,6.519999980926514,6.519999980926514,6.519999980926514,6.519999980926514,254.0
2026-06-02 11:21:00,OCO.V,,0.4300000071525574,0.4300000071525574,0.4300000071525574,0.4300000071525574,6000.0
2026-06-02 11:21:00,OMG.V,,2.630000114440918,2.630000114440918,2.630000114440918,2.630000114440918,100.0
2026-06-02 11:21:00,OTC.V,,0.550000011920929,0.550000011920929,0.550000011920929,0.550000011920929,4000.0
2026-06-02 11:21:00,PML.V,,1.4700000286102295,1.4700000286102295,1.4700000286102295,1.4700000286102295,100.0
2026-06-02 11:21:00,PNPN.V,,1.3300000429153442,1.3300000429153442,1.3300000429153442,1.3300000429153442,200.0
2026-06-02 11:21:00,QNC.V,,4.820000171661377,4.820000171661377,4.820000171661377,4.820000171661377,1000.0
2026-06-02 11:21:00,QTWO.V,,3.244999885559082,3.244999885559082,3.244999885559082,3.244999885559082,100.0
2026-06-02 11:21:00,RDS.V,,1.090000033378601,1.090000033378601,1.090000033378601,1.090000033378601,400.0
2026-06-02 11:21:00,RECO.V,,1.190000057220459,1.190000057220459,1.190000057220459,1.190000057220459,100.0
2026-06-02 11:21:00,SLI.V,,5.860000133514404,5.860000133514404,5.860000133514404,5.860000133514404,200.0
2026-06-02 11:21:00,SRL.V,,0.25999999046325684,0.25999999046325684,0.25999999046325684,0.25999999046325684,14000.0
2026-06-02 11:21:00,STND.V,,0.10000000149011612,0.10000000149011612,0.10000000149011612,0.10000000149011612,3000.0
2026-06-02 11:22:00,MAI.V,,6.519999980926514,6.519999980926514,6.519999980926514,6.519999980926514,600.0
2026-06-02 11:22:00,MMY.V,,0.9200000166893005,0.9200000166893005,0.9200000166893005,0.9200000166893005,1000.0
2026-06-02 11:22:00,PNPN.V,,1.3350000381469727,1.3350000381469727,1.3300000429153442,1.3300000429153442,600.0
2026-06-02 11:22:00,QNC.V,,4.820000171661377,4.820000171661377,4.820000171661377,4.820000171661377,100.0
2026-06-02 11:23:00,MMY.V,,0.9300000071525574,0.9300000071525574,0.9200000166893005,0.925000011920929,12000.0
2026-06-02 11:23:00,NAM.V,,0.32499998807907104,0.32499998807907104,0.32499998807907104,0.32499998807907104,1500.0
2026-06-02 11:23:00,NFG.V,,2.8399999141693115,2.8450000286102295,2.8299999237060547,2.8299999237060547,16500.0
2026-06-02 11:23:00,ONYX.V,,1.2999999523162842,1.2999999523162842,1.2999999523162842,1.2999999523162842,100.0
2026-06-02 11:23:00,PGE.V,,0.32499998807907104,0.32499998807907104,0.32499998807907104,0.32499998807907104,746.0
2026-06-02 11:23:00,PNPN.V,,1.3350000381469727,1.340000033378601,1.3350000381469727,1.340000033378601,200.0
2026-06-02 11:23:00,PTU.V,,0.4050000011920929,0.4050000011920929,0.4050000011920929,0.4050000011920929,6500.0
2026-06-02 11:23:00,QNC.V,,4.820000171661377,4.820000171661377,4.820000171661377,4.820000171661377,1600.0
2026-06-02 11:23:00,QTWO.V,,3.25,3.25,3.244999885559082,3.25,5000.0
2026-06-02 11:23:00,RDS.V,,1.090000033378601,1.090000033378601,1.090000033378601,1.090000033378601,14600.0
2026-06-02 11:23:00,RECO.V,,1.190000057220459,1.190000057220459,1.190000057220459,1.190000057220459,1100.0
2026-06-02 11:23:00,RLYG.V,,0.8399999737739563,0.8399999737739563,0.8399999737739563,0.8399999737739563,500.0
2026-06-02 11:23:00,RVG.V,,0.8199999928474426,0.824999988079071,0.8199999928474426,0.824999988079071,2000.0
2026-06-02 11:23:00,SCZ.V,,11.550000190734863,11.550000190734863,11.529999732971191,11.529999732971191,500.0
2026-06-02 11:23:00,SHL.V,,0.38499999046325684,0.38499999046325684,0.38499999046325684,0.38499999046325684,5000.0
2026-06-02 11:23:00,SLG.V,,5.400000095367432,5.400000095367432,5.400000095367432,5.400000095367432,1350.0
2026-06-02 11:24:00,AGX.V,,0.800000011920929,0.800000011920929,0.800000011920929,0.800000011920929,500.0
2026-06-02 11:24:00,MAI.V,,6.5,6.5,6.5,6.5,100.0
2026-06-02 11:24:00,NFG.V,,2.8350000381469727,2.8350000381469727,2.8350000381469727,2.8350000381469727,4000.0
2026-06-02 11:24:00,NGC.V,,0.1599999964237213,0.1599999964237213,0.1599999964237213,0.1599999964237213,8000.0
2026-06-02 11:24:00,PML.V,,1.4600000381469727,1.4600000381469727,1.4600000381469727,1.4600000381469727,416.0
2026-06-02 11:24:00,PNPN.V,,1.3350000381469727,1.3350000381469727,1.3300000429153442,1.3350000381469727,400.0
2026-06-02 11:24:00,QNC.V,,4.829999923706055,4.840000152587891,4.829999923706055,4.829999923706055,11854.0
2026-06-02 11:24:00,RCK.V,,0.9200000166893005,0.9200000166893005,0.9200000166893005,0.9200000166893005,609.0
2026-06-02 11:24:00,RDS.V,,1.0950000286102295,1.0950000286102295,1.0950000286102295,1.0950000286102295,100.0
2026-06-02 11:24:00,REG.V,,4.449999809265137,4.449999809265137,4.449999809265137,4.449999809265137,1000.0
2026-06-02 11:24:00,SGN.V,,0.3400000035762787,0.3400000035762787,0.3400000035762787,0.3400000035762787,500.0
2026-06-02 11:24:00,SVRS.V,,0.5699999928474426,0.5699999928474426,0.5699999928474426,0.5699999928474426,2000.0
2026-06-02 11:25:00,AGX.V,,0.7900000214576721,0.7950000166893005,0.7900000214576721,0.7950000166893005,10500.0
2026-06-02 11:25:00,NCAU.V,,0.550000011920929,0.550000011920929,0.550000011920929,0.550000011920929,3000.0
2026-06-02 11:25:00,NCX.V,,3.0450000762939453,3.0450000762939453,3.0450000762939453,3.0450000762939453,200.0
2026-06-02 11:25:00,PNPN.V,,1.3350000381469727,1.3350000381469727,1.3300000429153442,1.3300000429153442,300.0
2026-06-02 11:25:00,QNC.V,,4.829999923706055,4.829999923706055,4.820000171661377,4.829999923706055,8450.0
2026-06-02 11:25:00,QTWO.V,,3.25,3.25,3.25,3.25,100.0
2026-06-02 11:25:00,SAGE.V,,0.12999999523162842,0.12999999523162842,0.12999999523162842,0.12999999523162842,500.0
2026-06-02 11:25:00,SCZ.V,,11.5600004196167,11.5600004196167,11.529999732971191,11.539999961853027,3300.0
2026-06-02 11:26:00,MAI.V,,6.519999980926514,6.519999980926514,6.510000228881836,6.510000228881836,600.0
2026-06-02 11:26:00,MMY.V,,0.9300000071525574,0.9300000071525574,0.9300000071525574,0.9300000071525574,2500.0
2026-06-02 11:26:00,NGC.V,,0.1599999964237213,0.1599999964237213,0.1599999964237213,0.1599999964237213,500.0
2026-06-02 11:26:00,OTC.V,,0.5699999928474426,0.5699999928474426,0.5600000023841858,0.5600000023841858,2700.0
2026-06-02 11:26:00,PNPN.V,,1.3300000429153442,1.3350000381469727,1.3300000429153442,1.3350000381469727,300.0
2026-06-02 11:26:00,QNC.V,,4.789999961853027,4.809999942779541,4.789999961853027,4.809999942779541,4008.0
2026-06-02 11:26:00,RDS.V,,1.0950000286102295,1.0950000286102295,1.0950000286102295,1.0950000286102295,100.0
2026-06-02 11:26:00,SRL.V,,0.26499998569488525,0.26499998569488525,0.25999999046325684,0.25999999046325684,23000.0
2026-06-02 11:26:00,SSV.V,,0.5600000023841858,0.5600000023841858,0.5600000023841858,0.5600000023841858,3000.0
2026-06-02 11:26:00,STUD.V,,0.3199999928474426,0.3199999928474426,0.3199999928474426,0.3199999928474426,3000.0
2026-06-02 11:27:00,NFG.V,,2.8399999141693115,2.8399999141693115,2.8399999141693115,2.8399999141693115,1000.0
2026-06-02 11:27:00,NGC.V,,0.1599999964237213,0.1599999964237213,0.1599999964237213,0.1599999964237213,12500.0
2026-06-02 11:27:00,NRX.V,,0.6200000047683716,0.625,0.6200000047683716,0.625,3500.0
2026-06-02 11:27:00,OTC.V,,0.5699999928474426,0.5699999928474426,0.5699999928474426,0.5699999928474426,3000.0
2026-06-02 11:27:00,PLSR.V,,1.6299999952316284,1.6399999856948853,1.6200000047683716,1.6399999856948853,25460.0
2026-06-02 11:27:00,PNPN.V,,1.3300000429153442,1.3350000381469727,1.3300000429153442,1.3350000381469727,400.0
2026-06-02 11:27:00,QNC.V,,4.78000020980835,4.78000020980835,4.78000020980835,4.78000020980835,100.0
2026-06-02 11:27:00,RDS.V,,1.0950000286102295,1.0950000286102295,1.0950000286102295,1.0950000286102295,100.0
2026-06-02 11:27:00,SPRQ.V,,1.4199999570846558,1.4199999570846558,1.4199999570846558,1.4199999570846558,300.0
2026-06-02 11:28:00,AGX.V,,0.800000011920929,0.800000011920929,0.800000011920929,0.800000011920929,500.0
2026-06-02 11:28:00,NCI.V,,0.7400000095367432,0.7400000095367432,0.7400000095367432,0.7400000095367432,5300.0
2026-06-02 11:28:00,NCX.V,,3.0399999618530273,3.0399999618530273,3.0399999618530273,3.0399999618530273,521.0
2026-06-02 11:28:00,NFG.V,,2.859999895095825,2.859999895095825,2.8399999141693115,2.8399999141693115,26467.0
2026-06-02 11:28:00,PGLD.V,,0.7950000166893005,0.7950000166893005,0.7950000166893005,0.7950000166893005,500.0
2026-06-02 11:28:00,PNPN.V,,1.3300000429153442,1.3300000429153442,1.3300000429153442,1.3300000429153442,700.0
2026-06-02 11:28:00,PPP.V,,1.5299999713897705,1.5299999713897705,1.5299999713897705,1.5299999713897705,100.0
2026-06-02 11:28:00,PRG.V,,0.36000001430511475,0.36000001430511475,0.36000001430511475,0.36000001430511475,2000.0
2026-06-02 11:28:00,PUR.V,,0.6299999952316284,0.6299999952316284,0.6299999952316284,0.6299999952316284,12500.0
2026-06-02 11:28:00,QTWO.V,,3.244999885559082,3.244999885559082,3.244999885559082,3.244999885559082,500.0
2026-06-02 11:28:00,RDS.V,,1.0950000286102295,1.0950000286102295,1.0950000286102295,1.0950000286102295,100.0
2026-06-02 11:28:00,SAGE.V,,0.13500000536441803,0.13500000536441803,0.13500000536441803,0.13500000536441803,160000.0
2026-06-02 11:28:00,SCZ.V,,11.59000015258789,11.59000015258789,11.579999923706055,11.579999923706055,400.0
2026-06-02 11:29:00,AGX.V,,0.800000011920929,0.800000011920929,0.800000011920929,0.800000011920929,1000.0
2026-06-02 11:29:00,MAI.V,,6.53000020980835,6.550000190734863,6.53000020980835,6.539999961853027,1900.0
2026-06-02 11:29:00,ONYX.V,,1.2999999523162842,1.2999999523162842,1.2999999523162842,1.2999999523162842,200.0
2026-06-02 11:29:00,PML.V,,1.4500000476837158,1.4500000476837158,1.4500000476837158,1.4500000476837158,100.0
2026-06-02 11:29:00,PNPN.V,,1.3250000476837158,1.3300000429153442,1.3250000476837158,1.3300000429153442,6500.0
2026-06-02 11:29:00,PUR.V,,0.6399999856948853,0.6399999856948853,0.6399999856948853,0.6399999856948853,19000.0
2026-06-02 11:29:00,QNC.V,,4.800000190734863,4.800000190734863,4.800000190734863,4.800000190734863,100.0
2026-06-02 11:29:00,QTWO.V,,3.25,3.25,3.25,3.25,400.0
2026-06-02 11:29:00,ROOF.V,,0.2199999988079071,0.2199999988079071,0.2199999988079071,0.2199999988079071,5000.0
2026-06-02 11:29:00,SCZ.V,,11.600000381469727,11.600000381469727,11.59000015258789,11.59000015258789,2000.0
2026-06-02 11:29:00,SOI.V,,0.19499999284744263,0.19499999284744263,0.19499999284744263,0.19499999284744263,13000.0
2026-06-02 11:30:00,MMY.V,,0.9300000071525574,0.9300000071525574,0.9200000166893005,0.9300000071525574,43500.0
2026-06-02 11:30:00,NFG.V,,2.859999895095825,2.859999895095825,2.859999895095825,2.859999895095825,2300.0
2026-06-02 11:30:00,ONYX.V,,1.2999999523162842,1.2999999523162842,1.2999999523162842,1.2999999523162842,100.0
2026-06-02 11:30:00,PNPN.V,,1.3200000524520874,1.3200000524520874,1.3200000524520874,1.3200000524520874,800.0
2026-06-02 11:30:00,QNC.V,,4.78000020980835,4.78000020980835,4.78000020980835,4.78000020980835,900.0
2026-06-02 11:30:00,QTWO.V,,3.25,3.25,3.25,3.25,100.0
2026-06-02 11:30:00,RDS.V,,1.0950000286102295,1.0950000286102295,1.0950000286102295,1.0950000286102295,100.0
2026-06-02 11:30:00,SAGE.V,,0.12999999523162842,0.12999999523162842,0.12999999523162842,0.12999999523162842,5000.0
2026-06-02 11:30:00,SCZ.V,,11.569999694824219,11.569999694824219,11.569999694824219,11.569999694824219,100.0
2026-06-02 11:30:00,SPA.V,,0.33500000834465027,0.33500000834465027,0.33500000834465027,0.33500000834465027,1000.0
2026-06-02 11:31:00,HASH.V,,0.03999999910593033,0.03999999910593033,0.03999999910593033,0.03999999910593033,29000.0
2026-06-02 11:31:00,MGG.V,,0.39500001072883606,0.39500001072883606,0.39500001072883606,0.39500001072883606,500.0
2026-06-02 11:31:00,MMY.V,,0.9200000166893005,0.9200000166893005,0.9200000166893005,0.9200000166893005,2000.0
2026-06-02 11:31:00,PGLD.V,,0.7950000166893005,0.7950000166893005,0.7950000166893005,0.7950000166893005,500.0
2026-06-02 11:31:00,PNPN.V,,1.3350000381469727,1.340000033378601,1.3200000524520874,1.3200000524520874,9500.0
2026-06-02 11:31:00,PRG.V,,0.36000001430511475,0.36000001430511475,0.36000001430511475,0.36000001430511475,500.0
2026-06-02 11:31:00,PTU.V,,0.4099999964237213,0.4099999964237213,0.4099999964237213,0.4099999964237213,3000.0
2026-06-02 11:31:00,QNC.V,,4.769999980926514,4.769999980926514,4.769999980926514,4.769999980926514,1300.0
2026-06-02 11:31:00,QTWO.V,,3.240000009536743,3.244999885559082,3.240000009536743,3.244999885559082,600.0
2026-06-02 11:31:00,RECO.V,,1.1799999475479126,1.1799999475479126,1.1799999475479126,1.1799999475479126,1100.0
2026-06-02 11:31:00,REG.V,,4.489999771118164,4.489999771118164,4.480000019073486,4.480000019073486,900.0
2026-06-02 11:31:00,SCZ.V,,11.600000381469727,11.600000381469727,11.59000015258789,11.59000015258789,700.0
2026-06-02 11:31:00,SLI.V,,5.880000114440918,5.880000114440918,5.880000114440918,5.880000114440918,2700.0
2026-06-02 11:31:00,SRC.V,,1.6399999856948853,1.6399999856948853,1.6399999856948853,1.6399999856948853,1300.0
2026-06-02 11:32:00,AGX.V,,0.800000011920929,0.800000011920929,0.800000011920929,0.800000011920929,5500.0
2026-06-02 11:32:00,ONYX.V,,1.2999999523162842,1.2999999523162842,1.2999999523162842,1.2999999523162842,100.0
2026-06-02 11:32:00,PLSR.V,,1.6299999952316284,1.6299999952316284,1.6299999952316284,1.6299999952316284,600.0
2026-06-02 11:32:00,PNPN.V,,1.3300000429153442,1.3300000429153442,1.3300000429153442,1.3300000429153442,3300.0
2026-06-02 11:32:00,QNC.V,,4.78000020980835,4.78000020980835,4.78000020980835,4.78000020980835,100.0
2026-06-02 11:32:00,QTWO.V,,3.25,3.25,3.25,3.25,100.0
2026-06-02 11:32:00,RCK.V,,0.9200000166893005,0.9200000166893005,0.9200000166893005,0.9200000166893005,500.0
2026-06-02 11:32:00,RDS.V,,1.0950000286102295,1.0950000286102295,1.0950000286102295,1.0950000286102295,100.0
2026-06-02 11:32:00,RECO.V,,1.1799999475479126,1.1799999475479126,1.1799999475479126,1.1799999475479126,10190.0
2026-06-02 11:32:00,SRC.V,,1.649999976158142,1.649999976158142,1.6399999856948853,1.6399999856948853,7093.0
2026-06-02 11:33:00,MAI.V,,6.539999961853027,6.539999961853027,6.539999961853027,6.539999961853027,100.0
2026-06-02 11:33:00,NFG.V,,2.859999895095825,2.859999895095825,2.859999895095825,2.859999895095825,300.0
2026-06-02 11:33:00,PML.V,,1.4600000381469727,1.4600000381469727,1.4600000381469727,1.4600000381469727,100.0
2026-06-02 11:33:00,PNPN.V,,1.3300000429153442,1.3300000429153442,1.3250000476837158,1.3250000476837158,1100.0
2026-06-02 11:33:00,RDS.V,,1.090000033378601,1.090000033378601,1.090000033378601,1.090000033378601,3850.0
2026-06-02 11:33:00,RECO.V,,1.1799999475479126,1.1799999475479126,1.1799999475479126,1.1799999475479126,100.0
2026-06-02 11:33:00,ROMJ.V,,0.4300000071525574,0.4300000071525574,0.4300000071525574,0.4300000071525574,500.0
2026-06-02 11:33:00,SAO.V,,0.12999999523162842,0.12999999523162842,0.12999999523162842,0.12999999523162842,0.0
2026-06-02 11:33:00,SBIO.V,,0.15000000596046448,0.15000000596046448,0.15000000596046448,0.15000000596046448,500.0
2026-06-02 11:33:00,SCZ.V,,11.579999923706055,11.579999923706055,11.579999923706055,11.579999923706055,100.0
2026-06-02 11:33:00,SM.V,,1.9600000381469727,1.9600000381469727,1.9600000381469727,1.9600000381469727,1210.0
2026-06-02 11:33:00,SPA.V,,0.33500000834465027,0.33500000834465027,0.33500000834465027,0.33500000834465027,500.0
2026-06-02 11:33:00,SVE.V,,0.49000000953674316,0.49000000953674316,0.49000000953674316,0.49000000953674316,700.0
2026-06-02 11:34:00,PCQ.V,,0.14000000059604645,0.14000000059604645,0.13500000536441803,0.13500000536441803,0.0
2026-06-02 11:34:00,PPP.V,,1.5199999809265137,1.5199999809265137,1.5199999809265137,1.5199999809265137,800.0
2026-06-02 11:34:00,QNC.V,,4.78000020980835,4.78000020980835,4.78000020980835,4.78000020980835,200.0
2026-06-02 11:34:00,QTWO.V,,3.25,3.25,3.25,3.25,300.0
2026-06-02 11:34:00,RVG.V,,0.8299999833106995,0.8299999833106995,0.8299999833106995,0.8299999833106995,6000.0
2026-06-02 11:34:00,SCZ.V,,11.649999618530273,11.649999618530273,11.5600004196167,11.569999694824219,6450.0
2026-06-02 11:34:00,SSV.V,,0.5600000023841858,0.5600000023841858,0.5600000023841858,0.5600000023841858,26000.0
2026-06-02 11:35:00,AGX.V,,0.800000011920929,0.800000011920929,0.800000011920929,0.800000011920929,13500.0
2026-06-02 11:35:00,MAI.V,,6.53000020980835,6.53000020980835,6.53000020980835,6.53000020980835,100.0
2026-06-02 11:35:00,MMY.V,,0.9200000166893005,0.9200000166893005,0.9200000166893005,0.9200000166893005,1500.0
2026-06-02 11:35:00,NBY.V,,0.10000000149011612,0.10000000149011612,0.10000000149011612,0.10000000149011612,0.0
2026-06-02 11:35:00,NDA.V,,1.0299999713897705,1.0299999713897705,1.0299999713897705,1.0299999713897705,2900.0
2026-06-02 11:35:00,ODV.V,,3.819999933242798,3.819999933242798,3.819999933242798,3.819999933242798,3000.0
2026-06-02 11:35:00,PML.V,,1.4500000476837158,1.4600000381469727,1.4500000476837158,1.4600000381469727,17175.0
2026-06-02 11:35:00,PUR.V,,0.6399999856948853,0.6399999856948853,0.6299999952316284,0.6299999952316284,28500.0
2026-06-02 11:35:00,QNC.V,,4.760000228881836,4.760000228881836,4.760000228881836,4.760000228881836,5700.0
2026-06-02 11:35:00,QTWO.V,,3.25,3.25,3.25,3.25,100.0
2026-06-02 11:35:00,RECO.V,,1.1799999475479126,1.1799999475479126,1.1799999475479126,1.1799999475479126,100.0
2026-06-02 11:35:00,SLI.V,,5.880000114440918,5.880000114440918,5.869999885559082,5.869999885559082,5700.0
2026-06-02 11:36:00,AGX.V,,0.800000011920929,0.800000011920929,0.800000011920929,0.800000011920929,500.0
2026-06-02 11:36:00,AMY.V,,0.07500000298023224,0.07500000298023224,0.07500000298023224,0.07500000298023224,48000.0
2026-06-02 11:36:00,MAI.V,,6.53000020980835,6.53000020980835,6.53000020980835,6.53000020980835,329.0
2026-06-02 11:36:00,NFG.V,,2.8550000190734863,2.859999895095825,2.8550000190734863,2.859999895095825,4000.0
2026-06-02 11:36:00,NGC.V,,0.1599999964237213,0.1599999964237213,0.1599999964237213,0.1599999964237213,6000.0
2026-06-02 11:36:00,PER.V,,0.25,0.25,0.25,0.25,3000.0
2026-06-02 11:36:00,PLAN.V,,0.3499999940395355,0.3499999940395355,0.3499999940395355,0.3499999940395355,10000.0
2026-06-02 11:36:00,QNC.V,,4.760000228881836,4.764999866485596,4.760000228881836,4.760000228881836,2700.0
2026-06-02 11:36:00,RVG.V,,0.8299999833106995,0.8299999833106995,0.8299999833106995,0.8299999833106995,500.0
2026-06-02 11:36:00,SPA.V,,0.3400000035762787,0.3400000035762787,0.33000001311302185,0.33500000834465027,88651.0
2026-06-02 11:36:00,SRC.V,,1.649999976158142,1.649999976158142,1.649999976158142,1.649999976158142,8700.0
2026-06-02 11:36:00,STND.V,,0.10000000149011612,0.10000000149011612,0.10000000149011612,0.10000000149011612,500.0
2026-06-02 11:37:00,MGG.V,,0.38999998569488525,0.38999998569488525,0.38999998569488525,0.38999998569488525,1500.0
2026-06-02 11:37:00,MMY.V,,0.9300000071525574,0.9300000071525574,0.9300000071525574,0.9300000071525574,3000.0
2026-06-02 11:37:00,NGC.V,,0.1599999964237213,0.1599999964237213,0.1599999964237213,0.1599999964237213,15000.0
2026-06-02 11:37:00,ONYX.V,,1.2999999523162842,1.2999999523162842,1.2999999523162842,1.2999999523162842,100.0
2026-06-02 11:37:00,PGLD.V,,0.8100000023841858,0.8100000023841858,0.7950000166893005,0.7950000166893005,45780.0
2026-06-02 11:37:00,PNPN.V,,1.3350000381469727,1.340000033378601,1.3350000381469727,1.340000033378601,200.0
2026-06-02 11:37:00,QNC.V,,4.760000228881836,4.760000228881836,4.760000228881836,4.760000228881836,200.0
2026-06-02 11:37:00,SCZ.V,,11.729999542236328,11.729999542236328,11.710000038146973,11.710000038146973,425.0
2026-06-02 11:37:00,STRM.V,,0.4000000059604645,0.4000000059604645,0.4000000059604645,0.4000000059604645,44500.0
2026-06-02 11:38:00,AGX.V,,0.800000011920929,0.800000011920929,0.800000011920929,0.800000011920929,2500.0
2026-06-02 11:38:00,MGG.V,,0.38999998569488525,0.38999998569488525,0.38999998569488525,0.38999998569488525,500.0
2026-06-02 11:38:00,MMY.V,,0.9300000071525574,0.9300000071525574,0.9300000071525574,0.9300000071525574,500.0
2026-06-02 11:38:00,NOAL.V,,0.25,0.25999999046325684,0.25,0.25999999046325684,16800.0
2026-06-02 11:38:00,PNPN.V,,1.3200000524520874,1.3350000381469727,1.3200000524520874,1.3350000381469727,13700.0
2026-06-02 11:38:00,QNC.V,,4.75,4.75,4.75,4.75,2100.0
2026-06-02 11:38:00,RECO.V,,1.1799999475479126,1.1799999475479126,1.1799999475479126,1.1799999475479126,100.0
2026-06-02 11:38:00,RVG.V,,0.824999988079071,0.824999988079071,0.824999988079071,0.824999988079071,500.0
2026-06-02 11:38:00,SCZ.V,,11.710000038146973,11.710000038146973,11.710000038146973,11.710000038146973,100.0
2026-06-02 11:39:00,AGX.V,,0.800000011920929,0.800000011920929,0.800000011920929,0.800000011920929,500.0
2026-06-02 11:39:00,NFG.V,,2.8499999046325684,2.8499999046325684,2.8499999046325684,2.8499999046325684,100.0
2026-06-02 11:39:00,SCZ.V,,11.710000038146973,11.710000038146973,11.710000038146973,11.710000038146973,320.0
2026-06-02 11:39:00,SLI.V,,5.869999885559082,5.869999885559082,5.869999885559082,5.869999885559082,100.0
2026-06-02 11:40:00,NFG.V,,2.8550000190734863,2.8550000190734863,2.8550000190734863,2.8550000190734863,200.0
2026-06-02 11:40:00,ODV.V,,3.809999942779541,3.809999942779541,3.809999942779541,3.809999942779541,100.0
2026-06-02 11:40:00,OMG.V,,2.6600000858306885,2.6600000858306885,2.630000114440918,2.630000114440918,19900.0
2026-06-02 11:40:00,PNPN.V,,1.3250000476837158,1.3250000476837158,1.3250000476837158,1.3250000476837158,1300.0
2026-06-02 11:40:00,RECO.V,,1.1799999475479126,1.1799999475479126,1.1799999475479126,1.1799999475479126,100.0
2026-06-02 11:40:00,RVG.V,,0.8299999833106995,0.8299999833106995,0.8299999833106995,0.8299999833106995,1000.0
2026-06-02 11:40:00,SAGE.V,,0.12999999523162842,0.12999999523162842,0.12999999523162842,0.12999999523162842,7000.0
2026-06-02 11:41:00,MAI.V,,6.489999771118164,6.5,6.489999771118164,6.5,500.0
2026-06-02 11:41:00,NCX.V,,3.0399999618530273,3.0399999618530273,3.0399999618530273,3.0399999618530273,421.0
2026-06-02 11:41:00,NFG.V,,2.8499999046325684,2.8550000190734863,2.8499999046325684,2.8550000190734863,6500.0
2026-06-02 11:41:00,OMG.V,,2.6600000858306885,2.6600000858306885,2.6600000858306885,2.6600000858306885,1000.0
2026-06-02 11:41:00,PML.V,,1.4600000381469727,1.4600000381469727,1.4600000381469727,1.4600000381469727,100.0
2026-06-02 11:41:00,PNPN.V,,1.3300000429153442,1.3300000429153442,1.3300000429153442,1.3300000429153442,400.0
2026-06-02 11:41:00,PPP.V,,1.5299999713897705,1.5299999713897705,1.5299999713897705,1.5299999713897705,100.0
2026-06-02 11:41:00,QTWO.V,,3.240000009536743,3.244999885559082,3.240000009536743,3.244999885559082,600.0
2026-06-02 11:41:00,REX.V,,0.2199999988079071,0.2199999988079071,0.2199999988079071,0.2199999988079071,9500.0
2026-06-02 11:41:00,RVG.V,,0.8299999833106995,0.8299999833106995,0.8299999833106995,0.8299999833106995,500.0
2026-06-02 11:41:00,SCZ.V,,11.6899995803833,11.6899995803833,11.6899995803833,11.6899995803833,500.0
2026-06-02 11:41:00,SVE.V,,0.4950000047683716,0.4950000047683716,0.4950000047683716,0.4950000047683716,4500.0
2026-06-02 11:42:00,AGX.V,,0.8050000071525574,0.8050000071525574,0.8050000071525574,0.8050000071525574,775.0
2026-06-02 11:42:00,MAI.V,,6.489999771118164,6.489999771118164,6.489999771118164,6.489999771118164,100.0
2026-06-02 11:42:00,MGG.V,,0.38999998569488525,0.38999998569488525,0.38999998569488525,0.38999998569488525,500.0
2026-06-02 11:42:00,OCO.V,,0.4300000071525574,0.4350000023841858,0.4300000071525574,0.4300000071525574,15500.0
2026-06-02 11:42:00,PNPN.V,,1.3300000429153442,1.3300000429153442,1.3300000429153442,1.3300000429153442,200.0
2026-06-02 11:42:00,SVE.V,,0.4950000047683716,0.4950000047683716,0.4950000047683716,0.4950000047683716,5500.0
2026-06-02 11:43:00,MAI.V,,6.489999771118164,6.489999771118164,6.489999771118164,6.489999771118164,500.0
2026-06-02 11:43:00,ODV.V,,3.819999933242798,3.819999933242798,3.819999933242798,3.819999933242798,200.0
2026-06-02 11:43:00,ONYX.V,,1.2999999523162842,1.2999999523162842,1.2999999523162842,1.2999999523162842,100.0
2026-06-02 11:43:00,PNPN.V,,1.3300000429153442,1.3300000429153442,1.3300000429153442,1.3300000429153442,100.0
2026-06-02 11:43:00,QTWO.V,,3.240000009536743,3.240000009536743,3.240000009536743,3.240000009536743,600.0
2026-06-02 11:43:00,RDS.V,,1.0950000286102295,1.0950000286102295,1.0950000286102295,1.0950000286102295,100.0
2026-06-02 11:43:00,RECO.V,,1.1799999475479126,1.1799999475479126,1.1799999475479126,1.1799999475479126,100.0
2026-06-02 11:43:00,SAO.V,,0.125,0.125,0.125,0.125,6000.0
2026-06-02 11:43:00,SCZ.V,,11.65999984741211,11.65999984741211,11.65999984741211,11.65999984741211,100.0
2026-06-02 11:43:00,STND.V,,0.10000000149011612,0.10000000149011612,0.10000000149011612,0.10000000149011612,1000.0
2026-06-02 11:44:00,MGG.V,,0.38749998807907104,0.38749998807907104,0.38499999046325684,0.38499999046325684,11500.0
2026-06-02 11:44:00,NCAU.V,,0.550000011920929,0.550000011920929,0.550000011920929,0.550000011920929,1000.0
2026-06-02 11:44:00,OMG.V,,2.6600000858306885,2.6600000858306885,2.6600000858306885,2.6600000858306885,10500.0
2026-06-02 11:44:00,PML.V,,1.4600000381469727,1.4600000381469727,1.4600000381469727,1.4600000381469727,100.0
2026-06-02 11:44:00,PNPN.V,,1.3300000429153442,1.3300000429153442,1.3250000476837158,1.3300000429153442,7800.0
2026-06-02 11:44:00,PWM.V,,0.6499999761581421,0.6499999761581421,0.6499999761581421,0.6499999761581421,1000.0
2026-06-02 11:45:00,MAI.V,,6.489999771118164,6.489999771118164,6.489999771118164,6.489999771118164,100.0
2026-06-02 11:45:00,NCI.V,,0.7300000190734863,0.7400000095367432,0.7300000190734863,0.7400000095367432,1500.0
2026-06-02 11:45:00,NSCI.V,,0.14000000059604645,0.14000000059604645,0.14000000059604645,0.14000000059604645,15000.0
2026-06-02 11:45:00,OMG.V,,2.6700000762939453,2.6700000762939453,2.6649999618530273,2.6649999618530273,1245.0
2026-06-02 11:45:00,PNPN.V,,1.3300000429153442,1.3300000429153442,1.3300000429153442,1.3300000429153442,200.0
2026-06-02 11:45:00,QNC.V,,4.760000228881836,4.760000228881836,4.760000228881836,4.760000228881836,800.0
2026-06-02 11:45:00,RYO.V,,0.3400000035762787,0.3400000035762787,0.3400000035762787,0.3400000035762787,14000.0
2026-06-02 11:45:00,SCZ.V,,11.649999618530273,11.649999618530273,11.649999618530273,11.649999618530273,100.0
2026-06-02 11:45:00,SHL.V,,0.38499999046325684,0.38499999046325684,0.38499999046325684,0.38499999046325684,12000.0
2026-06-02 11:45:00,STND.V,,0.10000000149011612,0.10000000149011612,0.10000000149011612,0.10000000149011612,7000.0
2026-06-02 11:45:00,SVRS.V,,0.5799999833106995,0.5799999833106995,0.5799999833106995,0.5799999833106995,500.0
2026-06-02 11:46:00,FISH.V,,4.25,4.25,4.25,4.25,5000.0
2026-06-02 11:46:00,MAI.V,,6.480000019073486,6.489999771118164,6.480000019073486,6.489999771118164,500.0
2026-06-02 11:46:00,NDA.V,,1.0299999713897705,1.0299999713897705,1.0299999713897705,1.0299999713897705,7100.0
2026-06-02 11:46:00,NFG.V,,2.865000009536743,2.865000009536743,2.8550000190734863,2.8550000190734863,46500.0
2026-06-02 11:46:00,PML.V,,1.4500000476837158,1.4600000381469727,1.4500000476837158,1.4600000381469727,3200.0
2026-06-02 11:46:00,PNPN.V,,1.3300000429153442,1.3300000429153442,1.3300000429153442,1.3300000429153442,100.0
2026-06-02 11:46:00,PPP.V,,1.5299999713897705,1.5299999713897705,1.5299999713897705,1.5299999713897705,100.0
2026-06-02 11:46:00,PWM.V,,0.6499999761581421,0.6499999761581421,0.6499999761581421,0.6499999761581421,500.0
2026-06-02 11:46:00,QNC.V,,4.760000228881836,4.760000228881836,4.760000228881836,4.760000228881836,100.0
2026-06-02 11:46:00,RECO.V,,1.1799999475479126,1.1799999475479126,1.1799999475479126,1.1799999475479126,100.0
2026-06-02 11:46:00,RVG.V,,0.8299999833106995,0.8299999833106995,0.8299999833106995,0.8299999833106995,500.0
2026-06-02 11:47:00,MAI.V,,6.480000019073486,6.480000019073486,6.480000019073486,6.480000019073486,200.0
2026-06-02 11:47:00,NCI.V,,0.7300000190734863,0.7300000190734863,0.7300000190734863,0.7300000190734863,21942.0
2026-06-02 11:47:00,NFG.V,,2.859999895095825,2.865000009536743,2.859999895095825,2.865000009536743,9500.0
2026-06-02 11:47:00,NSU.V,,0.2750000059604645,0.2750000059604645,0.2750000059604645,0.2750000059604645,53000.0
2026-06-02 11:47:00,PNPN.V,,1.3300000429153442,1.3300000429153442,1.3300000429153442,1.3300000429153442,300.0
2026-06-02 11:47:00,QNC.V,,4.760000228881836,4.760000228881836,4.760000228881836,4.760000228881836,365.0
2026-06-02 11:47:00,RDS.V,,1.0950000286102295,1.0950000286102295,1.0950000286102295,1.0950000286102295,100.0
2026-06-02 11:47:00,RDU.V,,0.12999999523162842,0.12999999523162842,0.12999999523162842,0.12999999523162842,44000.0
2026-06-02 11:47:00,REG.V,,4.460000038146973,4.460000038146973,4.460000038146973,4.460000038146973,1000.0
2026-06-02 11:47:00,SCZ.V,,11.699999809265137,11.699999809265137,11.6899995803833,11.6899995803833,200.0
2026-06-02 11:47:00,SSV.V,,0.5600000023841858,0.5600000023841858,0.5600000023841858,0.5600000023841858,15180.0
2026-06-02 11:48:00,HASH.V,,0.03500000014901161,0.03500000014901161,0.03500000014901161,0.03500000014901161,45000.0
2026-06-02 11:48:00,MGG.V,,0.38499999046325684,0.38499999046325684,0.38499999046325684,0.38499999046325684,500.0
2026-06-02 11:48:00,NCI.V,,0.7200000286102295,0.7200000286102295,0.7200000286102295,0.7200000286102295,500.0
2026-06-02 11:48:00,NDA.V,,1.0299999713897705,1.0299999713897705,1.0299999713897705,1.0299999713897705,100.0
2026-06-02 11:48:00,ODV.V,,3.8499999046325684,3.8499999046325684,3.8499999046325684,3.8499999046325684,100.0
2026-06-02 11:48:00,ONYX.V,,1.2999999523162842,1.2999999523162842,1.2999999523162842,1.2999999523162842,100.0
2026-06-02 11:48:00,PNPN.V,,1.3300000429153442,1.3300000429153442,1.3300000429153442,1.3300000429153442,300.0
2026-06-02 11:48:00,PPP.V,,1.5299999713897705,1.5299999713897705,1.5299999713897705,1.5299999713897705,2400.0
2026-06-02 11:48:00,RECO.V,,1.1799999475479126,1.1799999475479126,1.1799999475479126,1.1799999475479126,100.0
2026-06-02 11:48:00,SLG.V,,5.400000095367432,5.400000095367432,5.400000095367432,5.400000095367432,2900.0
2026-06-02 11:49:00,NCAU.V,,0.550000011920929,0.550000011920929,0.550000011920929,0.550000011920929,500.0
2026-06-02 11:49:00,NDA.V,,1.0299999713897705,1.0299999713897705,1.0299999713897705,1.0299999713897705,400.0
2026-06-02 11:49:00,NFG.V,,2.859999895095825,2.859999895095825,2.859999895095825,2.859999895095825,1165.0
2026-06-02 11:49:00,OMG.V,,2.674999952316284,2.674999952316284,2.674999952316284,2.674999952316284,100.0
2026-06-02 11:49:00,ONYX.V,,1.2999999523162842,1.2999999523162842,1.2999999523162842,1.2999999523162842,100.0
2026-06-02 11:49:00,PNPN.V,,1.3300000429153442,1.3300000429153442,1.3300000429153442,1.3300000429153442,300.0
2026-06-02 11:49:00,QNC.V,,4.760000228881836,4.760000228881836,4.75,4.75,6700.0
2026-06-02 11:49:00,RDS.V,,1.090000033378601,1.090000033378601,1.090000033378601,1.090000033378601,200.0
2026-06-02 11:49:00,RPX.V,,0.17749999463558197,0.17749999463558197,0.17749999463558197,0.17749999463558197,3000.0
2026-06-02 11:49:00,SCZ.V,,11.710000038146973,11.710000038146973,11.710000038146973,11.710000038146973,100.0
2026-06-02 11:49:00,SOI.V,,0.19499999284744263,0.19499999284744263,0.19499999284744263,0.19499999284744263,39000.0
2026-06-02 11:50:00,NCI.V,,0.7200000286102295,0.7200000286102295,0.7200000286102295,0.7200000286102295,5128.0
2026-06-02 11:50:00,PLSR.V,,1.6200000047683716,1.6200000047683716,1.6200000047683716,1.6200000047683716,1700.0
2026-06-02 11:50:00,PNPN.V,,1.3300000429153442,1.3300000429153442,1.3300000429153442,1.3300000429153442,100.0
2026-06-02 11:50:00,PPP.V,,1.5299999713897705,1.5299999713897705,1.5299999713897705,1.5299999713897705,100.0
2026-06-02 11:50:00,QNC.V,,4.75,4.75,4.75,4.75,5243.0
2026-06-02 11:50:00,QTWO.V,,3.2699999809265137,3.2899999618530273,3.244999885559082,3.244999885559082,15023.0
2026-06-02 11:50:00,SAGE.V,,0.12999999523162842,0.12999999523162842,0.12999999523162842,0.12999999523162842,6000.0
2026-06-02 11:51:00,NDA.V,,1.0299999713897705,1.0299999713897705,1.0299999713897705,1.0299999713897705,500.0
2026-06-02 11:51:00,NFG.V,,2.859999895095825,2.859999895095825,2.859999895095825,2.859999895095825,2600.0
2026-06-02 11:51:00,ODV.V,,3.869999885559082,3.869999885559082,3.869999885559082,3.869999885559082,100.0
2026-06-02 11:51:00,OMG.V,,2.680000066757202,2.680000066757202,2.680000066757202,2.680000066757202,126.0
2026-06-02 11:51:00,PML.V,,1.4600000381469727,1.4600000381469727,1.4600000381469727,1.4600000381469727,100.0
2026-06-02 11:51:00,PPP.V,,1.5299999713897705,1.5299999713897705,1.5299999713897705,1.5299999713897705,100.0
2026-06-02 11:51:00,QNC.V,,4.75,4.75,4.75,4.75,166.0
2026-06-02 11:51:00,RECO.V,,1.190000057220459,1.190000057220459,1.190000057220459,1.190000057220459,5400.0
2026-06-02 11:51:00,SOI.V,,0.19499999284744263,0.19499999284744263,0.19499999284744263,0.19499999284744263,3500.0
2026-06-02 11:52:00,MGG.V,,0.38999998569488525,0.38999998569488525,0.38999998569488525,0.38999998569488525,500.0
2026-06-02 11:52:00,NDA.V,,1.0299999713897705,1.0299999713897705,1.0299999713897705,1.0299999713897705,100.0
2026-06-02 11:52:00,PNPN.V,,1.3300000429153442,1.3300000429153442,1.3300000429153442,1.3300000429153442,200.0
2026-06-02 11:52:00,QNC.V,,4.739999771118164,4.739999771118164,4.739999771118164,4.739999771118164,4100.0
2026-06-02 11:52:00,QTWO.V,,3.2699999809265137,3.2699999809265137,3.2699999809265137,3.2699999809265137,1200.0
2026-06-02 11:52:00,RDS.V,,1.090000033378601,1.090000033378601,1.090000033378601,1.090000033378601,100.0
2026-06-02 11:52:00,RVG.V,,0.8299999833106995,0.8299999833106995,0.8299999833106995,0.8299999833106995,500.0
2026-06-02 11:52:00,RYO.V,,0.3400000035762787,0.3400000035762787,0.3400000035762787,0.3400000035762787,18500.0
2026-06-02 11:52:00,SOMA.V,,1.0099999904632568,1.0099999904632568,1.0099999904632568,1.0099999904632568,500.0
2026-06-02 11:53:00,NCI.V,,0.7099999785423279,0.7099999785423279,0.7099999785423279,0.7099999785423279,3500.0
2026-06-02 11:53:00,NFG.V,,2.859999895095825,2.859999895095825,2.8550000190734863,2.8550000190734863,2500.0
2026-06-02 11:53:00,NKL.V,,1.25,1.25,1.25,1.25,1018.0
2026-06-02 11:53:00,OMG.V,,2.680000066757202,2.680000066757202,2.680000066757202,2.680000066757202,100.0
2026-06-02 11:53:00,PNPN.V,,1.309999942779541,1.340000033378601,1.309999942779541,1.3300000429153442,50600.0
2026-06-02 11:53:00,QNC.V,,4.75,4.75,4.739999771118164,4.739999771118164,1581.0
2026-06-02 11:53:00,SCZ.V,,11.640000343322754,11.680000305175781,11.640000343322754,11.680000305175781,600.0
2026-06-02 11:53:00,SLI.V,,5.860000133514404,5.869999885559082,5.860000133514404,5.869999885559082,500.0
2026-06-02 11:54:00,MMY.V,,0.9300000071525574,0.9300000071525574,0.9300000071525574,0.9300000071525574,500.0
2026-06-02 11:54:00,NCI.V,,0.7099999785423279,0.7099999785423279,0.7099999785423279,0.7099999785423279,3885.0
2026-06-02 11:54:00,NDA.V,,1.0299999713897705,1.0299999713897705,1.0299999713897705,1.0299999713897705,3500.0
2026-06-02 11:54:00,NFG.V,,2.859999895095825,2.859999895095825,2.859999895095825,2.859999895095825,200.0
2026-06-02 11:54:00,NWST.V,,0.36000001430511475,0.36000001430511475,0.36000001430511475,0.36000001430511475,11000.0
2026-06-02 11:54:00,OMG.V,,2.674999952316284,2.674999952316284,2.674999952316284,2.674999952316284,100.0
2026-06-02 11:54:00,PLSR.V,,1.6100000143051147,1.6100000143051147,1.6100000143051147,1.6100000143051147,12788.0
2026-06-02 11:54:00,PNPN.V,,1.3200000524520874,1.3200000524520874,1.3200000524520874,1.3200000524520874,10100.0
2026-06-02 11:54:00,RDS.V,,1.090000033378601,1.090000033378601,1.090000033378601,1.090000033378601,100.0
2026-06-02 11:54:00,RPX.V,,0.17749999463558197,0.17749999463558197,0.17499999701976776,0.17749999463558197,11500.0
2026-06-02 11:54:00,SVRS.V,,0.5699999928474426,0.5699999928474426,0.5699999928474426,0.5699999928474426,500.0
2026-06-02 11:55:00,AGX.V,,0.800000011920929,0.800000011920929,0.800000011920929,0.800000011920929,37500.0
2026-06-02 11:55:00,MAI.V,,6.46999979019165,6.480000019073486,6.46999979019165,6.480000019073486,1700.0
2026-06-02 11:55:00,MMY.V,,0.9300000071525574,0.9300000071525574,0.9300000071525574,0.9300000071525574,1000.0
2026-06-02 11:55:00,NBM.V,,0.38999998569488525,0.38999998569488525,0.38999998569488525,0.38999998569488525,2200.0
2026-06-02 11:55:00,NCX.V,,3.0399999618530273,3.0399999618530273,3.0399999618530273,3.0399999618530273,400.0
2026-06-02 11:55:00,NFG.V,,2.859999895095825,2.859999895095825,2.859999895095825,2.859999895095825,6300.0
2026-06-02 11:55:00,NWST.V,,0.36000001430511475,0.36000001430511475,0.36000001430511475,0.36000001430511475,6000.0
2026-06-02 11:55:00,ONYX.V,,1.2999999523162842,1.2999999523162842,1.2999999523162842,1.2999999523162842,100.0
2026-06-02 11:55:00,PNPN.V,,1.3200000524520874,1.3200000524520874,1.3200000524520874,1.3200000524520874,300.0
2026-06-02 11:55:00,QZM.V,,0.6399999856948853,0.6399999856948853,0.6399999856948853,0.6399999856948853,500.0
2026-06-02 11:55:00,RECO.V,,1.1799999475479126,1.1799999475479126,1.1799999475479126,1.1799999475479126,2500.0
2026-06-02 11:55:00,SCZ.V,,11.630000114440918,11.640000343322754,11.630000114440918,11.640000343322754,200.0
2026-06-02 11:55:00,SHL.V,,0.38499999046325684,0.38499999046325684,0.38499999046325684,0.38499999046325684,18000.0
2026-06-02 11:55:00,SOMA.V,,1.0099999904632568,1.0099999904632568,1.0099999904632568,1.0099999904632568,500.0
2026-06-02 11:55:00,SVRS.V,,0.5699999928474426,0.5699999928474426,0.5699999928474426,0.5699999928474426,10000.0
2026-06-02 11:56:00,NCAU.V,,0.550000011920929,0.550000011920929,0.550000011920929,0.550000011920929,3000.0
2026-06-02 11:56:00,OMG.V,,2.6600000858306885,2.6700000762939453,2.6600000858306885,2.6700000762939453,6900.0
2026-06-02 11:56:00,PGLD.V,,0.8050000071525574,0.8050000071525574,0.8050000071525574,0.8050000071525574,0.0
2026-06-02 11:56:00,PLSR.V,,1.600000023841858,1.600000023841858,1.600000023841858,1.600000023841858,8500.0
2026-06-02 11:56:00,PNPN.V,,1.3200000524520874,1.3200000524520874,1.3200000524520874,1.3200000524520874,200.0
2026-06-02 11:56:00,PPP.V,,1.524999976158142,1.524999976158142,1.524999976158142,1.524999976158142,100.0
2026-06-02 11:56:00,QNC.V,,4.730000019073486,4.730000019073486,4.730000019073486,4.730000019073486,3600.0
2026-06-02 11:56:00,RECO.V,,1.1799999475479126,1.1799999475479126,1.1799999475479126,1.1799999475479126,1300.0
2026-06-02 11:56:00,SAGE.V,,0.13500000536441803,0.13500000536441803,0.13500000536441803,0.13500000536441803,31000.0
2026-06-02 11:56:00,SLI.V,,5.840000152587891,5.840000152587891,5.840000152587891,5.840000152587891,300.0
2026-06-02 11:56:00,SQG.V,,0.0949999988079071,0.0949999988079071,0.0949999988079071,0.0949999988079071,500.0
2026-06-02 11:56:00,SRL.V,,0.26499998569488525,0.26499998569488525,0.26499998569488525,0.26499998569488525,42000.0
2026-06-02 11:56:00,STRM.V,,0.41999998688697815,0.41999998688697815,0.41999998688697815,0.41999998688697815,2500.0
2026-06-02 11:56:00,SVRS.V,,0.5699999928474426,0.5699999928474426,0.5699999928474426,0.5699999928474426,500.0
2026-06-02 11:57:00,MGG.V,,0.38999998569488525,0.38999998569488525,0.38999998569488525,0.38999998569488525,500.0
2026-06-02 11:57:00,NCX.V,,3.0299999713897705,3.0299999713897705,3.0299999713897705,3.0299999713897705,121.0
2026-06-02 11:57:00,PGLD.V,,0.8050000071525574,0.8050000071525574,0.8050000071525574,0.8050000071525574,218692.0
2026-06-02 11:57:00,PLSR.V,,1.5800000429153442,1.5800000429153442,1.5800000429153442,1.5800000429153442,2100.0
2026-06-02 11:57:00,PNPN.V,,1.3200000524520874,1.3200000524520874,1.3200000524520874,1.3200000524520874,600.0
2026-06-02 11:57:00,PRG.V,,0.3499999940395355,0.3499999940395355,0.3499999940395355,0.3499999940395355,1000.0
2026-06-02 11:57:00,QNC.V,,4.730000019073486,4.730000019073486,4.730000019073486,4.730000019073486,2025.0
2026-06-02 11:57:00,QTWO.V,,3.25,3.259999990463257,3.25,3.259999990463257,1200.0
2026-06-02 11:57:00,RDS.V,,1.090000033378601,1.090000033378601,1.090000033378601,1.090000033378601,100.0
2026-06-02 11:57:00,REG.V,,4.440000057220459,4.440000057220459,4.440000057220459,4.440000057220459,300.0
2026-06-02 11:57:00,SCZ.V,,11.619999885559082,11.619999885559082,11.619999885559082,11.619999885559082,400.0
2026-06-02 11:57:00,SGO.V,,0.25,0.25,0.25,0.25,1000.0
2026-06-02 11:57:00,SLI.V,,5.829999923706055,5.829999923706055,5.829999923706055,5.829999923706055,700.0
2026-06-02 11:57:00,SRL.V,,0.26499998569488525,0.26499998569488525,0.26499998569488525,0.26499998569488525,24000.0
2026-06-02 11:57:00,SVRS.V,,0.5699999928474426,0.5699999928474426,0.5699999928474426,0.5699999928474426,500.0
2026-06-02 11:58:00,AGX.V,,0.800000011920929,0.800000011920929,0.7900000214576721,0.800000011920929,13000.0
2026-06-02 11:58:00,MAI.V,,6.449999809265137,6.46999979019165,6.449999809265137,6.46999979019165,300.0
2026-06-02 11:58:00,NCX.V,,3.0199999809265137,3.0199999809265137,3.0199999809265137,3.0199999809265137,821.0
2026-06-02 11:58:00,NDA.V,,1.0199999809265137,1.0199999809265137,1.0199999809265137,1.0199999809265137,1000.0
2026-06-02 11:58:00,NGC.V,,0.1599999964237213,0.1599999964237213,0.1599999964237213,0.1599999964237213,500.0
2026-06-02 11:58:00,OMG.V,,2.6600000858306885,2.6600000858306885,2.6600000858306885,2.6600000858306885,3300.0
2026-06-02 11:58:00,PML.V,,1.4600000381469727,1.4600000381469727,1.4600000381469727,1.4600000381469727,100.0
2026-06-02 11:58:00,PNPN.V,,1.3200000524520874,1.3200000524520874,1.3200000524520874,1.3200000524520874,100.0
2026-06-02 11:58:00,PRG.V,,0.3499999940395355,0.3499999940395355,0.3499999940395355,0.3499999940395355,7000.0
2026-06-02 11:58:00,QNC.V,,4.739999771118164,4.739999771118164,4.730000019073486,4.730000019073486,200.0
2026-06-02 11:58:00,RDS.V,,1.090000033378601,1.090000033378601,1.090000033378601,1.090000033378601,100.0
2026-06-02 11:58:00,RSS.V,,0.49000000953674316,0.49000000953674316,0.49000000953674316,0.49000000953674316,0.0
2026-06-02 11:58:00,RYR.V,,0.2199999988079071,0.2199999988079071,0.2199999988079071,0.2199999988079071,9000.0
2026-06-02 11:58:00,SLG.V,,5.429999828338623,5.429999828338623,5.429999828338623,5.429999828338623,300.0
2026-06-02 11:58:00,SOI.V,,0.19499999284744263,0.19499999284744263,0.19499999284744263,0.19499999284744263,6500.0
2026-06-02 11:58:00,SVRS.V,,0.5649999976158142,0.5699999928474426,0.5649999976158142,0.5699999928474426,13500.0
2026-06-02 11:59:00,AGX.V,,0.7900000214576721,0.800000011920929,0.7900000214576721,0.800000011920929,2500.0
2026-06-02 11:59:00,MAI.V,,6.440000057220459,6.440000057220459,6.440000057220459,6.440000057220459,200.0
2026-06-02 11:59:00,MNLX.V,,0.32499998807907104,0.32499998807907104,0.32499998807907104,0.32499998807907104,0.0
2026-06-02 11:59:00,NFG.V,,2.859999895095825,2.859999895095825,2.859999895095825,2.859999895095825,200.0
2026-06-02 11:59:00,PLSR.V,,1.5800000429153442,1.5800000429153442,1.5800000429153442,1.5800000429153442,15026.0
2026-06-02 11:59:00,PNPN.V,,1.3200000524520874,1.3200000524520874,1.3200000524520874,1.3200000524520874,500.0
2026-06-02 11:59:00,QNC.V,,4.75,4.75,4.75,4.75,500.0
2026-06-02 11:59:00,QTWO.V,,3.259999990463257,3.259999990463257,3.259999990463257,3.259999990463257,100.0
2026-06-02 11:59:00,RECO.V,,1.1699999570846558,1.1699999570846558,1.1699999570846558,1.1699999570846558,100.0
2026-06-02 11:59:00,SAGE.V,,0.13500000536441803,0.13500000536441803,0.13500000536441803,0.13500000536441803,5500.0
2026-06-02 11:59:00,SVRS.V,,0.5649999976158142,0.5649999976158142,0.5649999976158142,0.5649999976158142,500.0
2026-06-02 12:00:00,AGX.V,,0.7900000214576721,0.7900000214576721,0.7900000214576721,0.7900000214576721,500.0
2026-06-02 12:00:00,MUN.V,,0.41999998688697815,0.41999998688697815,0.41999998688697815,0.41999998688697815,8723.0
2026-06-02 12:00:00,NFG.V,,2.859999895095825,2.859999895095825,2.859999895095825,2.859999895095825,200.0
2026-06-02 12:00:00,OMG.V,,2.6600000858306885,2.6600000858306885,2.6600000858306885,2.6600000858306885,109800.0
2026-06-02 12:00:00,PNPN.V,,1.3200000524520874,1.3200000524520874,1.3200000524520874,1.3200000524520874,7000.0
2026-06-02 12:00:00,SCZ.V,,11.619999885559082,11.619999885559082,11.619999885559082,11.619999885559082,119.0
2026-06-02 12:00:00,SKP.V,,0.1599999964237213,0.1599999964237213,0.1599999964237213,0.1599999964237213,32000.0
2026-06-02 12:00:00,SLI.V,,5.849999904632568,5.849999904632568,5.840000152587891,5.840000152587891,300.0
2026-06-02 12:00:00,SRR.V,,0.9800000190734863,0.9800000190734863,0.9800000190734863,0.9800000190734863,300.0
2026-06-02 12:00:00,SVRS.V,,0.5699999928474426,0.5699999928474426,0.5649999976158142,0.5649999976158142,1000.0
2026-06-02 12:01:00,AGX.V,,0.7900000214576721,0.7900000214576721,0.7900000214576721,0.7900000214576721,500.0
2026-06-02 12:01:00,NFG.V,,2.859999895095825,2.859999895095825,2.859999895095825,2.859999895095825,2533.0
2026-06-02 12:01:00,ONYX.V,,1.2999999523162842,1.2999999523162842,1.2999999523162842,1.2999999523162842,100.0
2026-06-02 12:01:00,OPW.V,,0.125,0.125,0.125,0.125,2000.0
2026-06-02 12:01:00,PLSR.V,,1.5800000429153442,1.5800000429153442,1.5800000429153442,1.5800000429153442,300.0
2026-06-02 12:01:00,PML.V,,1.4600000381469727,1.4600000381469727,1.4600000381469727,1.4600000381469727,100.0
2026-06-02 12:01:00,PNPN.V,,1.3200000524520874,1.3200000524520874,1.3200000524520874,1.3200000524520874,100.0
2026-06-02 12:01:00,PPP.V,,1.524999976158142,1.524999976158142,1.524999976158142,1.524999976158142,100.0
2026-06-02 12:01:00,RDS.V,,1.090000033378601,1.090000033378601,1.090000033378601,1.090000033378601,100.0
2026-06-02 12:01:00,RECO.V,,1.1799999475479126,1.1799999475479126,1.1799999475479126,1.1799999475479126,1000.0
2026-06-02 12:01:00,SOI.V,,0.19499999284744263,0.19499999284744263,0.19499999284744263,0.19499999284744263,17500.0
2026-06-02 12:01:00,SPA.V,,0.3400000035762787,0.3400000035762787,0.3400000035762787,0.3400000035762787,15000.0
2026-06-02 12:02:00,AGX.V,,0.7950000166893005,0.7950000166893005,0.7950000166893005,0.7950000166893005,1500.0
2026-06-02 12:02:00,MAI.V,,6.449999809265137,6.460000038146973,6.449999809265137,6.460000038146973,3800.0
2026-06-02 12:02:00,MMY.V,,0.9300000071525574,0.9300000071525574,0.9300000071525574,0.9300000071525574,500.0
2026-06-02 12:02:00,OCO.V,,0.4300000071525574,0.4300000071525574,0.4300000071525574,0.4300000071525574,18500.0
2026-06-02 12:02:00,OMG.V,,2.6500000953674316,2.6600000858306885,2.6500000953674316,2.6600000858306885,4900.0
2026-06-02 12:02:00,PML.V,,1.4500000476837158,1.4550000429153442,1.4500000476837158,1.4500000476837158,34600.0
2026-06-02 12:02:00,PUR.V,,0.6349999904632568,0.6349999904632568,0.6349999904632568,0.6349999904632568,500.0
2026-06-02 12:02:00,QNC.V,,4.75,4.75,4.75,4.75,1800.0
2026-06-02 12:02:00,RDS.V,,1.0850000381469727,1.0850000381469727,1.0850000381469727,1.0850000381469727,1000.0
2026-06-02 12:02:00,SOMA.V,,1.0099999904632568,1.0099999904632568,1.0099999904632568,1.0099999904632568,500.0
2026-06-02 12:02:00,SVE.V,,0.4950000047683716,0.4950000047683716,0.4950000047683716,0.4950000047683716,500.0
2026-06-02 12:02:00,SVRS.V,,0.5699999928474426,0.5699999928474426,0.5699999928474426,0.5699999928474426,500.0
2026-06-02 12:03:00,MAI.V,,6.440000057220459,6.440000057220459,6.440000057220459,6.440000057220459,200.0
2026-06-02 12:03:00,MGG.V,,0.38999998569488525,0.38999998569488525,0.38999998569488525,0.38999998569488525,500.0
2026-06-02 12:03:00,NFG.V,,2.859999895095825,2.859999895095825,2.859999895095825,2.859999895095825,100.0
2026-06-02 12:03:00,PINK.V,,0.3149999976158142,0.3149999976158142,0.3149999976158142,0.3149999976158142,3500.0
2026-06-02 12:03:00,PPP.V,,1.5199999809265137,1.524999976158142,1.5199999809265137,1.524999976158142,500.0
2026-06-02 12:03:00,PUR.V,,0.6399999856948853,0.6399999856948853,0.6399999856948853,0.6399999856948853,2500.0
2026-06-02 12:03:00,RDS.V,,1.090000033378601,1.090000033378601,1.090000033378601,1.090000033378601,100.0
2026-06-02 12:03:00,SLI.V,,5.829999923706055,5.840000152587891,5.829999923706055,5.840000152587891,1200.0
2026-06-02 12:03:00,SPX.V,,0.07750000059604645,0.07750000059604645,0.07750000059604645,0.07750000059604645,1000.0
2026-06-02 12:03:00,SRL.V,,0.26499998569488525,0.26499998569488525,0.26499998569488525,0.26499998569488525,2000.0
2026-06-02 12:03:00,STND.V,,0.10000000149011612,0.10000000149011612,0.10000000149011612,0.10000000149011612,500.0
2026-06-02 12:03:00,SVRS.V,,0.5699999928474426,0.5699999928474426,0.5699999928474426,0.5699999928474426,500.0
2026-06-02 12:04:00,AGX.V,,0.800000011920929,0.800000011920929,0.7900000214576721,0.7900000214576721,1000.0
2026-06-02 12:04:00,MAI.V,,6.460000038146973,6.460000038146973,6.429999828338623,6.429999828338623,2000.0
2026-06-02 12:04:00,NFG.V,,2.859999895095825,2.859999895095825,2.859999895095825,2.859999895095825,701.0
2026-06-02 12:04:00,PNPN.V,,1.3200000524520874,1.3200000524520874,1.3200000524520874,1.3200000524520874,3100.0
2026-06-02 12:04:00,QNC.V,,4.75,4.75,4.75,4.75,600.0
2026-06-02 12:04:00,RDS.V,,1.090000033378601,1.090000033378601,1.090000033378601,1.090000033378601,4800.0
2026-06-02 12:04:00,REG.V,,4.440000057220459,4.440000057220459,4.440000057220459,4.440000057220459,100.0
2026-06-02 12:04:00,RVG.V,,0.8299999833106995,0.8299999833106995,0.8299999833106995,0.8299999833106995,500.0
2026-06-02 12:04:00,SCZ.V,,11.579999923706055,11.600000381469727,11.579999923706055,11.600000381469727,300.0
2026-06-02 12:04:00,SLG.V,,5.489999771118164,5.489999771118164,5.449999809265137,5.449999809265137,2500.0
2026-06-02 12:04:00,SLI.V,,5.829999923706055,5.829999923706055,5.829999923706055,5.829999923706055,100.0
2026-06-02 12:04:00,SVRS.V,,0.5699999928474426,0.5699999928474426,0.5699999928474426,0.5699999928474426,500.0
2026-06-02 12:05:00,AGX.V,,0.800000011920929,0.800000011920929,0.800000011920929,0.800000011920929,500.0
2026-06-02 12:05:00,MAI.V,,6.429999828338623,6.429999828338623,6.429999828338623,6.429999828338623,200.0
2026-06-02 12:05:00,NCI.V,,0.7099999785423279,0.7099999785423279,0.7099999785423279,0.7099999785423279,6900.0
2026-06-02 12:05:00,PNPN.V,,1.3200000524520874,1.3200000524520874,1.3200000524520874,1.3200000524520874,500.0
2026-06-02 12:05:00,SOMA.V,,1.0199999809265137,1.0199999809265137,1.0199999809265137,1.0199999809265137,500.0
2026-06-02 12:05:00,SVRS.V,,0.5699999928474426,0.5699999928474426,0.5699999928474426,0.5699999928474426,500.0
2026-06-02 12:06:00,AGX.V,,0.800000011920929,0.800000011920929,0.800000011920929,0.800000011920929,500.0
2026-06-02 12:06:00,MAI.V,,6.454999923706055,6.454999923706055,6.449999809265137,6.449999809265137,1000.0
2026-06-02 12:06:00,MMY.V,,0.9200000166893005,0.9300000071525574,0.9200000166893005,0.9300000071525574,7600.0
2026-06-02 12:06:00,NCX.V,,3.0199999809265137,3.0199999809265137,3.0199999809265137,3.0199999809265137,3607.0
2026-06-02 12:06:00,NFG.V,,2.859999895095825,2.859999895095825,2.859999895095825,2.859999895095825,400.0
2026-06-02 12:06:00,OMG.V,,2.630000114440918,2.640000104904175,2.630000114440918,2.640000104904175,5300.0
2026-06-02 12:06:00,OMM.V,,0.07999999821186066,0.07999999821186066,0.07999999821186066,0.07999999821186066,50000.0
2026-06-02 12:06:00,PGLD.V,,0.8100000023841858,0.8100000023841858,0.8100000023841858,0.8100000023841858,500.0
2026-06-02 12:06:00,PINK.V,,0.3149999976158142,0.3149999976158142,0.3149999976158142,0.3149999976158142,1500.0
2026-06-02 12:06:00,PLSR.V,,1.5800000429153442,1.5800000429153442,1.5800000429153442,1.5800000429153442,100.0
2026-06-02 12:06:00,PNPN.V,,1.3200000524520874,1.3200000524520874,1.3200000524520874,1.3200000524520874,1100.0
2026-06-02 12:06:00,PWM.V,,0.6399999856948853,0.6399999856948853,0.6399999856948853,0.6399999856948853,7000.0
2026-06-02 12:06:00,QNC.V,,4.739999771118164,4.739999771118164,4.739999771118164,4.739999771118164,800.0
2026-06-02 12:06:00,STRM.V,,0.4000000059604645,0.4000000059604645,0.4000000059604645,0.4000000059604645,500.0
2026-06-02 12:06:00,SVRS.V,,0.5699999928474426,0.5699999928474426,0.5699999928474426,0.5699999928474426,500.0
2026-06-02 12:07:00,NCAU.V,,0.550000011920929,0.550000011920929,0.550000011920929,0.550000011920929,500.0
2026-06-02 12:07:00,NCX.V,,3.0199999809265137,3.0199999809265137,3.0199999809265137,3.0199999809265137,1000.0
2026-06-02 12:07:00,NDA.V,,1.0399999618530273,1.0399999618530273,1.0299999713897705,1.0299999713897705,7200.0
2026-06-02 12:07:00,NFG.V,,2.8499999046325684,2.8499999046325684,2.8499999046325684,2.8499999046325684,5600.0
2026-06-02 12:07:00,ODV.V,,3.8299999237060547,3.8299999237060547,3.8299999237060547,3.8299999237060547,100.0
2026-06-02 12:07:00,ONYX.V,,1.2999999523162842,1.2999999523162842,1.2999999523162842,1.2999999523162842,100.0
2026-06-02 12:07:00,PNPN.V,,1.309999942779541,1.3200000524520874,1.309999942779541,1.3200000524520874,6200.0
2026-06-02 12:07:00,QTWO.V,,3.259999990463257,3.259999990463257,3.259999990463257,3.259999990463257,532.0
2026-06-02 12:07:00,QYOU.V,,0.3199999928474426,0.3199999928474426,0.3199999928474426,0.3199999928474426,500.0
2026-06-02 12:07:00,SCZ.V,,11.579999923706055,11.579999923706055,11.579999923706055,11.579999923706055,100.0
2026-06-02 12:07:00,SLG.V,,5.5,5.5,5.489999771118164,5.489999771118164,13014.0
2026-06-02 12:07:00,SOMA.V,,1.0199999809265137,1.024999976158142,1.0099999904632568,1.0199999809265137,3000.0
2026-06-02 12:07:00,SRL.V,,0.26499998569488525,0.26499998569488525,0.26499998569488525,0.26499998569488525,61000.0
2026-06-02 12:07:00,SVRS.V,,0.5699999928474426,0.5699999928474426,0.5699999928474426,0.5699999928474426,500.0
2026-06-02 12:08:00,FISH.V,,4.25,4.25,4.25,4.25,100.0
2026-06-02 12:08:00,NFG.V,,2.8499999046325684,2.8499999046325684,2.8499999046325684,2.8499999046325684,100.0
2026-06-02 12:08:00,NGC.V,,0.1599999964237213,0.1599999964237213,0.1599999964237213,0.1599999964237213,500.0
2026-06-02 12:08:00,PLAN.V,,0.3499999940395355,0.3499999940395355,0.3499999940395355,0.3499999940395355,12500.0
2026-06-02 12:08:00,PNPN.V,,1.3200000524520874,1.3200000524520874,1.3200000524520874,1.3200000524520874,100.0
2026-06-02 12:08:00,QNC.V,,4.739999771118164,4.739999771118164,4.739999771118164,4.739999771118164,1100.0
2026-06-02 12:08:00,SLI.V,,5.809999942779541,5.820000171661377,5.809999942779541,5.820000171661377,2500.0
2026-06-02 12:08:00,SVRS.V,,0.5699999928474426,0.5699999928474426,0.5699999928474426,0.5699999928474426,1500.0
2026-06-02 12:09:00,AGX.V,,0.7900000214576721,0.7900000214576721,0.7900000214576721,0.7900000214576721,500.0
2026-06-02 12:09:00,MGG.V,,0.38999998569488525,0.38999998569488525,0.38999998569488525,0.38999998569488525,500.0
2026-06-02 12:09:00,QNC.V,,4.739999771118164,4.739999771118164,4.739999771118164,4.739999771118164,151.0
2026-06-02 12:09:00,QTWO.V,,3.259999990463257,3.259999990463257,3.259999990463257,3.259999990463257,100.0
2026-06-02 12:09:00,SOMA.V,,1.0099999904632568,1.0099999904632568,1.0099999904632568,1.0099999904632568,2528.0
2026-06-02 12:10:00,MAI.V,,6.429999828338623,6.429999828338623,6.429999828338623,6.429999828338623,100.0
2026-06-02 12:10:00,NFG.V,,2.8499999046325684,2.8499999046325684,2.8499999046325684,2.8499999046325684,100.0
2026-06-02 12:10:00,PNPN.V,,1.3200000524520874,1.3200000524520874,1.3200000524520874,1.3200000524520874,5000.0
2026-06-02 12:10:00,REG.V,,4.460000038146973,4.460000038146973,4.440000057220459,4.440000057220459,600.0
2026-06-02 12:10:00,SAGE.V,,0.12999999523162842,0.12999999523162842,0.12999999523162842,0.12999999523162842,12000.0
2026-06-02 12:10:00,SOI.V,,0.19499999284744263,0.19499999284744263,0.19499999284744263,0.19499999284744263,7500.0
2026-06-02 12:11:00,NCX.V,,3.0399999618530273,3.0399999618530273,3.0299999713897705,3.0299999713897705,7200.0
2026-06-02 12:11:00,NRX.V,,0.6100000143051147,0.6100000143051147,0.6100000143051147,0.6100000143051147,16500.0
2026-06-02 12:11:00,PML.V,,1.4700000286102295,1.4700000286102295,1.4700000286102295,1.4700000286102295,100.0
2026-06-02 12:11:00,PNPN.V,,1.3200000524520874,1.3300000429153442,1.3200000524520874,1.3200000524520874,50100.0
2026-06-02 12:11:00,RCT.V,,0.20000000298023224,0.20000000298023224,0.20000000298023224,0.20000000298023224,0.0
2026-06-02 12:11:00,RVG.V,,0.8299999833106995,0.8299999833106995,0.8299999833106995,0.8299999833106995,500.0
2026-06-02 12:11:00,SCZ.V,,11.609999656677246,11.609999656677246,11.609999656677246,11.609999656677246,300.0
2026-06-02 12:11:00,SLI.V,,5.800000190734863,5.800000190734863,5.800000190734863,5.800000190734863,18100.0
2026-06-02 12:12:00,NCAU.V,,0.550000011920929,0.550000011920929,0.550000011920929,0.550000011920929,500.0
2026-06-02 12:12:00,NDA.V,,1.0199999809265137,1.0199999809265137,1.0199999809265137,1.0199999809265137,2544.0
2026-06-02 12:12:00,NFG.V,,2.8499999046325684,2.8499999046325684,2.8499999046325684,2.8499999046325684,500.0
2026-06-02 12:12:00,OMG.V,,2.615000009536743,2.619999885559082,2.615000009536743,2.619999885559082,3200.0
2026-06-02 12:12:00,PML.V,,1.4700000286102295,1.4700000286102295,1.4700000286102295,1.4700000286102295,200.0
2026-06-02 12:12:00,QNC.V,,4.739999771118164,4.739999771118164,4.739999771118164,4.739999771118164,200.0
2026-06-02 12:12:00,QTWO.V,,3.2699999809265137,3.2699999809265137,3.2699999809265137,3.2699999809265137,200.0
2026-06-02 12:12:00,SCZ.V,,11.609999656677246,11.609999656677246,11.609999656677246,11.609999656677246,410.0
2026-06-02 12:12:00,SLI.V,,5.800000190734863,5.800000190734863,5.800000190734863,5.800000190734863,300.0
2026-06-02 12:12:00,SQG.V,,0.09000000357627869,0.09000000357627869,0.09000000357627869,0.09000000357627869,500.0
2026-06-02 12:13:00,MMY.V,,0.9399999976158142,0.9399999976158142,0.9300000071525574,0.9300000071525574,6000.0
2026-06-02 12:13:00,NCI.V,,0.7099999785423279,0.7099999785423279,0.7099999785423279,0.7099999785423279,1000.0
2026-06-02 12:13:00,NCX.V,,3.049999952316284,3.049999952316284,3.049999952316284,3.049999952316284,100.0
2026-06-02 12:13:00,NFG.V,,2.8499999046325684,2.8499999046325684,2.8499999046325684,2.8499999046325684,100.0
2026-06-02 12:13:00,ODV.V,,3.8399999141693115,3.8399999141693115,3.8399999141693115,3.8399999141693115,100.0
2026-06-02 12:13:00,OMG.V,,2.609999895095825,2.609999895095825,2.609999895095825,2.609999895095825,100.0
2026-06-02 12:13:00,PML.V,,1.4700000286102295,1.4700000286102295,1.4700000286102295,1.4700000286102295,100.0
2026-06-02 12:13:00,PNPN.V,,1.3300000429153442,1.3300000429153442,1.3300000429153442,1.3300000429153442,100.0
2026-06-02 12:13:00,RDS.V,,1.0950000286102295,1.0950000286102295,1.0950000286102295,1.0950000286102295,100.0
2026-06-02 12:13:00,RECO.V,,1.1799999475479126,1.1799999475479126,1.1799999475479126,1.1799999475479126,1300.0
2026-06-02 12:13:00,SLI.V,,5.800000190734863,5.800000190734863,5.800000190734863,5.800000190734863,21200.0
2026-06-02 12:13:00,SOMA.V,,1.0199999809265137,1.0199999809265137,1.0199999809265137,1.0199999809265137,937.0
2026-06-02 12:14:00,MAI.V,,6.440000057220459,6.449999809265137,6.429999828338623,6.440000057220459,6100.0
2026-06-02 12:14:00,MMY.V,,0.9300000071525574,0.9300000071525574,0.9300000071525574,0.9300000071525574,500.0
2026-06-02 12:14:00,OMG.V,,2.609999895095825,2.609999895095825,2.609999895095825,2.609999895095825,76900.0
2026-06-02 12:14:00,PGLD.V,,0.8100000023841858,0.8100000023841858,0.8100000023841858,0.8100000023841858,21000.0
2026-06-02 12:14:00,PLSR.V,,1.5299999713897705,1.5800000429153442,1.5299999713897705,1.5800000429153442,28550.0
2026-06-02 12:14:00,PML.V,,1.4700000286102295,1.4700000286102295,1.4700000286102295,1.4700000286102295,100.0
2026-06-02 12:14:00,PNPN.V,,1.340000033378601,1.340000033378601,1.340000033378601,1.340000033378601,179.0
2026-06-02 12:14:00,QNC.V,,4.739999771118164,4.739999771118164,4.739999771118164,4.739999771118164,200.0
2026-06-02 12:14:00,SLI.V,,5.800000190734863,5.800000190734863,5.800000190734863,5.800000190734863,7400.0
2026-06-02 12:15:00,AGX.V,,0.800000011920929,0.800000011920929,0.800000011920929,0.800000011920929,1075.0
2026-06-02 12:15:00,NCI.V,,0.7099999785423279,0.7099999785423279,0.7099999785423279,0.7099999785423279,6000.0
2026-06-02 12:15:00,NFG.V,,2.8499999046325684,2.8499999046325684,2.8499999046325684,2.8499999046325684,20700.0
2026-06-02 12:15:00,OMG.V,,2.609999895095825,2.609999895095825,2.609999895095825,2.609999895095825,3000.0
2026-06-02 12:15:00,ORS.V,,0.10499999672174454,0.10499999672174454,0.10499999672174454,0.10499999672174454,39000.0
2026-06-02 12:15:00,PLSR.V,,1.559999942779541,1.559999942779541,1.5499999523162842,1.5499999523162842,8621.0
2026-06-02 12:15:00,PML.V,,1.4700000286102295,1.4700000286102295,1.4700000286102295,1.4700000286102295,200.0
2026-06-02 12:15:00,PNPN.V,,1.3300000429153442,1.3300000429153442,1.3200000524520874,1.3200000524520874,1700.0
2026-06-02 12:15:00,ROK.V,,0.3050000071525574,0.3050000071525574,0.3050000071525574,0.3050000071525574,1500.0
2026-06-02 12:15:00,SLI.V,,5.789999961853027,5.789999961853027,5.789999961853027,5.789999961853027,200.0
2026-06-02 12:15:00,SOI.V,,0.19499999284744263,0.19499999284744263,0.19499999284744263,0.19499999284744263,42500.0
2026-06-02 12:15:00,STND.V,,0.10000000149011612,0.10000000149011612,0.10000000149011612,0.10000000149011612,1069.0
2026-06-02 12:16:00,MAI.V,,6.429999828338623,6.429999828338623,6.429999828338623,6.429999828338623,2000.0
2026-06-02 12:16:00,MGG.V,,0.38999998569488525,0.38999998569488525,0.38999998569488525,0.38999998569488525,500.0
2026-06-02 12:16:00,NCX.V,,3.049999952316284,3.049999952316284,3.049999952316284,3.049999952316284,500.0
2026-06-02 12:16:00,NGC.V,,0.1599999964237213,0.1599999964237213,0.1599999964237213,0.1599999964237213,1000.0
2026-06-02 12:16:00,NSCI.V,,0.14000000059604645,0.14000000059604645,0.14000000059604645,0.14000000059604645,14000.0
2026-06-02 12:16:00,ODV.V,,3.819999933242798,3.819999933242798,3.819999933242798,3.819999933242798,216.0
2026-06-02 12:16:00,PGLD.V,,0.8100000023841858,0.8100000023841858,0.8100000023841858,0.8100000023841858,14000.0
2026-06-02 12:16:00,PML.V,,1.4700000286102295,1.4700000286102295,1.4700000286102295,1.4700000286102295,100.0
2026-06-02 12:16:00,PRG.V,,0.3499999940395355,0.3499999940395355,0.3499999940395355,0.3499999940395355,9831.0
2026-06-02 12:16:00,SOMA.V,,1.0199999809265137,1.0199999809265137,1.0199999809265137,1.0199999809265137,1580.0
2026-06-02 12:16:00,SSV.V,,0.5600000023841858,0.5600000023841858,0.5600000023841858,0.5600000023841858,500.0
2026-06-02 12:17:00,MAI.V,,6.429999828338623,6.429999828338623,6.429999828338623,6.429999828338623,700.0
2026-06-02 12:17:00,NFG.V,,2.8399999141693115,2.8399999141693115,2.8399999141693115,2.8399999141693115,2800.0
2026-06-02 12:17:00,ODV.V,,3.819999933242798,3.819999933242798,3.819999933242798,3.819999933242798,2900.0
2026-06-02 12:17:00,PINK.V,,0.3149999976158142,0.3149999976158142,0.3149999976158142,0.3149999976158142,500.0
2026-06-02 12:17:00,PML.V,,1.4700000286102295,1.4700000286102295,1.4700000286102295,1.4700000286102295,100.0
2026-06-02 12:17:00,QNC.V,,4.730000019073486,4.730000019073486,4.730000019073486,4.730000019073486,311.0
2026-06-02 12:17:00,RDS.V,,1.0950000286102295,1.0950000286102295,1.0950000286102295,1.0950000286102295,100.0
2026-06-02 12:17:00,REX.V,,0.2199999988079071,0.2199999988079071,0.2199999988079071,0.2199999988079071,18500.0
2026-06-02 12:17:00,SOMA.V,,1.0049999952316284,1.0049999952316284,1.0049999952316284,1.0049999952316284,900.0
2026-06-02 12:18:00,LITT.V,,0.20000000298023224,0.20000000298023224,0.20000000298023224,0.20000000298023224,500.0
2026-06-02 12:18:00,PLAN.V,,0.35499998927116394,0.35499998927116394,0.35499998927116394,0.35499998927116394,9500.0
2026-06-02 12:18:00,PML.V,,1.4700000286102295,1.4700000286102295,1.4700000286102295,1.4700000286102295,100.0
2026-06-02 12:18:00,PNPN.V,,1.3300000429153442,1.3300000429153442,1.3300000429153442,1.3300000429153442,100.0
2026-06-02 12:18:00,QNC.V,,4.730000019073486,4.730000019073486,4.730000019073486,4.730000019073486,1000.0
2026-06-02 12:18:00,SCZ.V,,11.550000190734863,11.550000190734863,11.539999961853027,11.539999961853027,400.0
2026-06-02 12:19:00,PML.V,,1.4700000286102295,1.4700000286102295,1.4700000286102295,1.4700000286102295,100.0
2026-06-02 12:19:00,PNPN.V,,1.3300000429153442,1.3300000429153442,1.3300000429153442,1.3300000429153442,200.0
2026-06-02 12:19:00,QTWO.V,,3.2699999809265137,3.2699999809265137,3.265000104904175,3.2699999809265137,1200.0
2026-06-02 12:19:00,SCZ.V,,11.539999961853027,11.539999961853027,11.539999961853027,11.539999961853027,410.0
2026-06-02 12:19:00,SHL.V,,0.38499999046325684,0.38499999046325684,0.38499999046325684,0.38499999046325684,17500.0
2026-06-02 12:19:00,SOMA.V,,1.0099999904632568,1.0099999904632568,1.0099999904632568,1.0099999904632568,1000.0
2026-06-02 12:20:00,PNPN.V,,1.3300000429153442,1.3300000429153442,1.3300000429153442,1.3300000429153442,100.0
2026-06-02 12:20:00,PPP.V,,1.5299999713897705,1.5299999713897705,1.5299999713897705,1.5299999713897705,1500.0
2026-06-02 12:20:00,QTWO.V,,3.299999952316284,3.299999952316284,3.2799999713897705,3.2799999713897705,4000.0
2026-06-02 12:20:00,SLI.V,,5.800000190734863,5.800000190734863,5.800000190734863,5.800000190734863,200.0
2026-06-02 12:20:00,SOI.V,,0.20000000298023224,0.20000000298023224,0.20000000298023224,0.20000000298023224,58500.0
2026-06-02 12:21:00,AGX.V,,0.7950000166893005,0.7950000166893005,0.7950000166893005,0.7950000166893005,500.0
2026-06-02 12:21:00,MMY.V,,0.9300000071525574,0.9300000071525574,0.9300000071525574,0.9300000071525574,500.0
2026-06-02 12:21:00,NFG.V,,2.8399999141693115,2.8399999141693115,2.8399999141693115,2.8399999141693115,100.0
2026-06-02 12:21:00,NWST.V,,0.36000001430511475,0.36000001430511475,0.36000001430511475,0.36000001430511475,500.0
2026-06-02 12:21:00,OCO.V,,0.4399999976158142,0.4399999976158142,0.4350000023841858,0.4350000023841858,4000.0
2026-06-02 12:21:00,ONYX.V,,1.2999999523162842,1.2999999523162842,1.2999999523162842,1.2999999523162842,16200.0
2026-06-02 12:21:00,PGLD.V,,0.8100000023841858,0.8100000023841858,0.8100000023841858,0.8100000023841858,4000.0
2026-06-02 12:21:00,PLAN.V,,0.35499998927116394,0.35499998927116394,0.35499998927116394,0.35499998927116394,1000.0
2026-06-02 12:21:00,PNPN.V,,1.3200000524520874,1.3300000429153442,1.3200000524520874,1.3300000429153442,200.0
2026-06-02 12:21:00,QTWO.V,,3.2899999618530273,3.299999952316284,3.2899999618530273,3.299999952316284,800.0
2026-06-02 12:21:00,SLI.V,,5.789999961853027,5.800000190734863,5.789999961853027,5.800000190734863,800.0
2026-06-02 12:21:00,SVRS.V,,0.5699999928474426,0.5699999928474426,0.5699999928474426,0.5699999928474426,1000.0
2026-06-02 12:22:00,MAI.V,,6.429999828338623,6.440000057220459,6.429999828338623,6.440000057220459,200.0
2026-06-02 12:22:00,NCX.V,,3.059999942779541,3.059999942779541,3.059999942779541,3.059999942779541,2600.0
2026-06-02 12:22:00,NFG.V,,2.8399999141693115,2.8399999141693115,2.8399999141693115,2.8399999141693115,200.0
2026-06-02 12:22:00,PLSR.V,,1.559999942779541,1.559999942779541,1.559999942779541,1.559999942779541,500.0
2026-06-02 12:22:00,PNPN.V,,1.3200000524520874,1.3300000429153442,1.3200000524520874,1.3200000524520874,6600.0
2026-06-02 12:22:00,RECO.V,,1.1799999475479126,1.1799999475479126,1.1799999475479126,1.1799999475479126,4600.0
2026-06-02 12:23:00,NCX.V,,3.059999942779541,3.059999942779541,3.059999942779541,3.059999942779541,100.0
2026-06-02 12:23:00,NWX.V,,0.125,0.125,0.125,0.125,14500.0
2026-06-02 12:23:00,ODV.V,,3.8399999141693115,3.8399999141693115,3.8399999141693115,3.8399999141693115,100.0
2026-06-02 12:23:00,ONYX.V,,1.2799999713897705,1.2799999713897705,1.2799999713897705,1.2799999713897705,441.0
2026-06-02 12:23:00,PNPN.V,,1.3200000524520874,1.3200000524520874,1.3200000524520874,1.3200000524520874,500.0
2026-06-02 12:23:00,QNC.V,,4.75,4.75,4.75,4.75,175.0
2026-06-02 12:23:00,RDS.V,,1.0950000286102295,1.0950000286102295,1.0950000286102295,1.0950000286102295,100.0
2026-06-02 12:23:00,RECO.V,,1.1799999475479126,1.1799999475479126,1.1799999475479126,1.1799999475479126,300.0
2026-06-02 12:23:00,RYO.V,,0.3449999988079071,0.3449999988079071,0.3449999988079071,0.3449999988079071,1500.0
2026-06-02 12:23:00,SLI.V,,5.789999961853027,5.789999961853027,5.789999961853027,5.789999961853027,400.0
2026-06-02 12:23:00,SVRS.V,,0.5699999928474426,0.5699999928474426,0.5699999928474426,0.5699999928474426,500.0
2026-06-02 12:24:00,MGG.V,,0.3824999928474426,0.3824999928474426,0.3824999928474426,0.3824999928474426,500.0
2026-06-02 12:24:00,NCI.V,,0.7099999785423279,0.7099999785423279,0.7099999785423279,0.7099999785423279,1756.0
2026-06-02 12:24:00,PGLD.V,,0.8100000023841858,0.8100000023841858,0.8100000023841858,0.8100000023841858,3000.0
2026-06-02 12:24:00,PNPN.V,,1.3200000524520874,1.3200000524520874,1.3200000524520874,1.3200000524520874,300.0
2026-06-02 12:24:00,RECO.V,,1.1799999475479126,1.1799999475479126,1.1799999475479126,1.1799999475479126,100.0
2026-06-02 12:24:00,SHL.V,,0.38999998569488525,0.38999998569488525,0.38999998569488525,0.38999998569488525,1500.0
2026-06-02 12:24:00,SVRS.V,,0.5699999928474426,0.5699999928474426,0.5699999928474426,0.5699999928474426,500.0
2026-06-02 12:25:00,MGG.V,,0.38499999046325684,0.38499999046325684,0.3824999928474426,0.3824999928474426,1500.0
2026-06-02 12:25:00,NCX.V,,3.049999952316284,3.049999952316284,3.049999952316284,3.049999952316284,722.0
2026-06-02 12:25:00,NFG.V,,2.8450000286102295,2.8450000286102295,2.8450000286102295,2.8450000286102295,100.0
2026-06-02 12:25:00,NSE.V,,0.7599999904632568,0.7599999904632568,0.7599999904632568,0.7599999904632568,0.0
2026-06-02 12:25:00,OCO.V,,0.4399999976158142,0.4399999976158142,0.4399999976158142,0.4399999976158142,1000.0
2026-06-02 12:25:00,OMG.V,,2.609999895095825,2.609999895095825,2.609999895095825,2.609999895095825,100.0
2026-06-02 12:25:00,OVT.V,,0.03999999910593033,0.03999999910593033,0.03999999910593033,0.03999999910593033,0.0
2026-06-02 12:25:00,PINK.V,,0.3149999976158142,0.3149999976158142,0.3149999976158142,0.3149999976158142,4500.0
2026-06-02 12:25:00,PML.V,,1.4700000286102295,1.4700000286102295,1.4700000286102295,1.4700000286102295,200.0
2026-06-02 12:25:00,PNPN.V,,1.3200000524520874,1.3200000524520874,1.3200000524520874,1.3200000524520874,400.0
2026-06-02 12:25:00,QNC.V,,4.730000019073486,4.739999771118164,4.730000019073486,4.739999771118164,600.0
2026-06-02 12:25:00,QTWO.V,,3.309999942779541,3.309999942779541,3.309999942779541,3.309999942779541,100.0
2026-06-02 12:25:00,RECO.V,,1.1799999475479126,1.1799999475479126,1.1799999475479126,1.1799999475479126,100.0
2026-06-02 12:25:00,SAGE.V,,0.12999999523162842,0.12999999523162842,0.12999999523162842,0.12999999523162842,6000.0
2026-06-02 12:25:00,SCZ.V,,11.539999961853027,11.539999961853027,11.539999961853027,11.539999961853027,100.0
2026-06-02 12:25:00,SLI.V,,5.789999961853027,5.789999961853027,5.789999961853027,5.789999961853027,300.0
2026-06-02 12:25:00,SPRQ.V,,1.440000057220459,1.440000057220459,1.440000057220459,1.440000057220459,500.0
2026-06-02 12:25:00,SRC.V,,1.6699999570846558,1.6699999570846558,1.6699999570846558,1.6699999570846558,100.0
2026-06-02 12:25:00,STRM.V,,0.4000000059604645,0.4000000059604645,0.4000000059604645,0.4000000059604645,9500.0
2026-06-02 12:25:00,SVRS.V,,0.5699999928474426,0.5699999928474426,0.5699999928474426,0.5699999928474426,500.0
2026-06-02 12:26:00,AGX.V,,0.7900000214576721,0.7900000214576721,0.7900000214576721,0.7900000214576721,12400.0
2026-06-02 12:26:00,NFG.V,,2.8399999141693115,2.8399999141693115,2.8399999141693115,2.8399999141693115,20600.0
2026-06-02 12:26:00,NRM.V,,0.1899999976158142,0.1899999976158142,0.1899999976158142,0.1899999976158142,3500.0
2026-06-02 12:26:00,OMI.V,,0.36000001430511475,0.36000001430511475,0.36000001430511475,0.36000001430511475,2000.0
2026-06-02 12:26:00,ONYX.V,,1.2999999523162842,1.2999999523162842,1.2999999523162842,1.2999999523162842,500.0
2026-06-02 12:26:00,PGLD.V,,0.8199999928474426,0.8199999928474426,0.8199999928474426,0.8199999928474426,172500.0
2026-06-02 12:26:00,PNPN.V,,1.3200000524520874,1.3300000429153442,1.3200000524520874,1.3200000524520874,10100.0
2026-06-02 12:26:00,PPP.V,,1.5299999713897705,1.5299999713897705,1.5299999713897705,1.5299999713897705,1600.0
2026-06-02 12:26:00,QNC.V,,4.739999771118164,4.739999771118164,4.739999771118164,4.739999771118164,100.0
2026-06-02 12:26:00,QTWO.V,,3.309999942779541,3.309999942779541,3.309999942779541,3.309999942779541,100.0
2026-06-02 12:26:00,RDS.V,,1.090000033378601,1.090000033378601,1.090000033378601,1.090000033378601,200.0
2026-06-02 12:26:00,ROMJ.V,,0.4300000071525574,0.4300000071525574,0.4300000071525574,0.4300000071525574,1500.0
2026-06-02 12:26:00,SCZ.V,,11.539999961853027,11.539999961853027,11.539999961853027,11.539999961853027,100.0
2026-06-02 12:26:00,SLI.V,,5.789999961853027,5.809999942779541,5.789999961853027,5.789999961853027,8800.0
2026-06-02 12:26:00,SSV.V,,0.5600000023841858,0.5600000023841858,0.5600000023841858,0.5600000023841858,500.0
2026-06-02 12:26:00,STRM.V,,0.41999998688697815,0.41999998688697815,0.41999998688697815,0.41999998688697815,12100.0
2026-06-02 12:27:00,AGX.V,,0.7900000214576721,0.7900000214576721,0.7900000214576721,0.7900000214576721,8000.0
2026-06-02 12:27:00,NCX.V,,3.0399999618530273,3.0399999618530273,3.0399999618530273,3.0399999618530273,122.0
2026-06-02 12:27:00,PLSR.V,,1.5800000429153442,1.5800000429153442,1.5800000429153442,1.5800000429153442,4100.0
2026-06-02 12:27:00,PML.V,,1.4800000190734863,1.4800000190734863,1.4800000190734863,1.4800000190734863,600.0
2026-06-02 12:27:00,PNPN.V,,1.3200000524520874,1.3200000524520874,1.3200000524520874,1.3200000524520874,400.0
2026-06-02 12:27:00,QNC.V,,4.730000019073486,4.730000019073486,4.730000019073486,4.730000019073486,500.0
2026-06-02 12:27:00,RECO.V,,1.1799999475479126,1.1799999475479126,1.1799999475479126,1.1799999475479126,100.0
2026-06-02 12:27:00,SLI.V,,5.789999961853027,5.789999961853027,5.789999961853027,5.789999961853027,1900.0
2026-06-02 12:27:00,STND.V,,0.10499999672174454,0.10499999672174454,0.10499999672174454,0.10499999672174454,14069.0
2026-06-02 12:28:00,OMG.V,,2.5999999046325684,2.5999999046325684,2.5999999046325684,2.5999999046325684,3800.0
2026-06-02 12:28:00,PGX.V,,0.03999999910593033,0.03999999910593033,0.03999999910593033,0.03999999910593033,0.0
2026-06-02 12:28:00,PNPN.V,,1.3200000524520874,1.3200000524520874,1.3200000524520874,1.3200000524520874,300.0
2026-06-02 12:28:00,PRG.V,,0.3499999940395355,0.3499999940395355,0.3499999940395355,0.3499999940395355,4500.0
2026-06-02 12:28:00,QTWO.V,,3.309999942779541,3.309999942779541,3.309999942779541,3.309999942779541,100.0
2026-06-02 12:28:00,RDS.V,,1.0850000381469727,1.0850000381469727,1.0800000429153442,1.0850000381469727,12900.0
2026-06-02 12:28:00,SLI.V,,5.789999961853027,5.789999961853027,5.789999961853027,5.789999961853027,8700.0
2026-06-02 12:29:00,AGX.V,,0.7900000214576721,0.7900000214576721,0.7900000214576721,0.7900000214576721,1000.0
2026-06-02 12:29:00,MAI.V,,6.429999828338623,6.429999828338623,6.429999828338623,6.429999828338623,2100.0
2026-06-02 12:29:00,NSU.V,,0.2750000059604645,0.2750000059604645,0.2750000059604645,0.2750000059604645,1158.0
2026-06-02 12:29:00,PNPN.V,,1.3200000524520874,1.3300000429153442,1.3200000524520874,1.3200000524520874,400.0
2026-06-02 12:29:00,PPP.V,,1.5299999713897705,1.5299999713897705,1.5299999713897705,1.5299999713897705,100.0
2026-06-02 12:29:00,QNC.V,,4.739999771118164,4.739999771118164,4.739999771118164,4.739999771118164,100.0
2026-06-02 12:29:00,SLI.V,,5.789999961853027,5.789999961853027,5.789999961853027,5.789999961853027,4600.0
2026-06-02 12:30:00,AGX.V,,0.7900000214576721,0.7900000214576721,0.7900000214576721,0.7900000214576721,500.0
2026-06-02 12:30:00,MAI.V,,6.420000076293945,6.420000076293945,6.420000076293945,6.420000076293945,400.0
2026-06-02 12:30:00,MMY.V,,0.9300000071525574,0.9300000071525574,0.9300000071525574,0.9300000071525574,1000.0
2026-06-02 12:30:00,OMG.V,,2.5899999141693115,2.5899999141693115,2.5899999141693115,2.5899999141693115,100.0
2026-06-02 12:30:00,PNPN.V,,1.3300000429153442,1.3300000429153442,1.3200000524520874,1.3200000524520874,500.0
2026-06-02 12:30:00,QNC.V,,4.699999809265137,4.730000019073486,4.699999809265137,4.730000019073486,24500.0
2026-06-02 12:30:00,QTWO.V,,3.309999942779541,3.309999942779541,3.309999942779541,3.309999942779541,200.0
2026-06-02 12:30:00,SCZ.V,,11.539999961853027,11.539999961853027,11.539999961853027,11.539999961853027,200.0
2026-06-02 12:30:00,SLI.V,,5.789999961853027,5.789999961853027,5.789999961853027,5.789999961853027,2400.0
2026-06-02 12:30:00,SOMA.V,,0.9900000095367432,1.0,0.9900000095367432,1.0,5500.0
2026-06-02 12:30:00,SPA.V,,0.3400000035762787,0.3400000035762787,0.3400000035762787,0.3400000035762787,17000.0
2026-06-02 12:30:00,STUD.V,,0.3149999976158142,0.3149999976158142,0.3149999976158142,0.3149999976158142,4000.0
2026-06-02 12:31:00,MAI.V,,6.420000076293945,6.420000076293945,6.420000076293945,6.420000076293945,300.0
2026-06-02 12:31:00,MGG.V,,0.38499999046325684,0.38499999046325684,0.38499999046325684,0.38499999046325684,500.0
2026-06-02 12:31:00,NICN.V,,0.0949999988079071,0.0949999988079071,0.0949999988079071,0.0949999988079071,3000.0
2026-06-02 12:31:00,OMG.V,,2.5899999141693115,2.5899999141693115,2.5899999141693115,2.5899999141693115,3800.0
2026-06-02 12:31:00,ONYX.V,,1.2899999618530273,1.2899999618530273,1.2899999618530273,1.2899999618530273,100.0
2026-06-02 12:31:00,PNPN.V,,1.3300000429153442,1.3300000429153442,1.3200000524520874,1.3200000524520874,300.0
2026-06-02 12:31:00,RECO.V,,1.1799999475479126,1.1799999475479126,1.1799999475479126,1.1799999475479126,100.0
2026-06-02 12:31:00,SCZ.V,,11.529999732971191,11.529999732971191,11.529999732971191,11.529999732971191,100.0
2026-06-02 12:31:00,SLI.V,,5.800000190734863,5.800000190734863,5.789999961853027,5.789999961853027,2800.0
2026-06-02 12:31:00,SPA.V,,0.3400000035762787,0.3400000035762787,0.3400000035762787,0.3400000035762787,500.0
2026-06-02 12:31:00,STRM.V,,0.4099999964237213,0.4099999964237213,0.4099999964237213,0.4099999964237213,1000.0
2026-06-02 12:32:00,NFG.V,,2.819999933242798,2.8299999237060547,2.819999933242798,2.8299999237060547,42900.0
2026-06-02 12:32:00,NSU.V,,0.2750000059604645,0.2750000059604645,0.2750000059604645,0.2750000059604645,2000.0
2026-06-02 12:32:00,OCO.V,,0.4350000023841858,0.4350000023841858,0.4350000023841858,0.4350000023841858,500.0
2026-06-02 12:32:00,PLAN.V,,0.35499998927116394,0.35499998927116394,0.35499998927116394,0.35499998927116394,27500.0
2026-06-02 12:32:00,PML.V,,1.4800000190734863,1.4800000190734863,1.4700000286102295,1.4700000286102295,1200.0
2026-06-02 12:32:00,PNPN.V,,1.3200000524520874,1.3300000429153442,1.3200000524520874,1.3200000524520874,300.0
2026-06-02 12:32:00,QNC.V,,4.690000057220459,4.690000057220459,4.690000057220459,4.690000057220459,100.0
2026-06-02 12:32:00,QTWO.V,,3.3399999141693115,3.3499999046325684,3.305000066757202,3.305000066757202,7905.0
2026-06-02 12:32:00,QZM.V,,0.6299999952316284,0.6299999952316284,0.6299999952316284,0.6299999952316284,500.0
2026-06-02 12:32:00,SAO.V,,0.12999999523162842,0.12999999523162842,0.12999999523162842,0.12999999523162842,500.0
2026-06-02 12:32:00,SCZ.V,,11.479999542236328,11.510000228881836,11.479999542236328,11.510000228881836,724.0
2026-06-02 12:32:00,SLI.V,,5.78000020980835,5.800000190734863,5.78000020980835,5.800000190734863,800.0
2026-06-02 12:33:00,MAI.V,,6.420000076293945,6.420000076293945,6.420000076293945,6.420000076293945,100.0
2026-06-02 12:33:00,MMY.V,,0.9300000071525574,0.9300000071525574,0.9300000071525574,0.9300000071525574,500.0
2026-06-02 12:33:00,PML.V,,1.4800000190734863,1.4800000190734863,1.4800000190734863,1.4800000190734863,1400.0
2026-06-02 12:33:00,PNPN.V,,1.3200000524520874,1.3300000429153442,1.3200000524520874,1.3200000524520874,400.0
2026-06-02 12:33:00,PPP.V,,1.5199999809265137,1.5199999809265137,1.5199999809265137,1.5199999809265137,1000.0
2026-06-02 12:33:00,PWM.V,,0.6399999856948853,0.6399999856948853,0.6399999856948853,0.6399999856948853,1000.0
2026-06-02 12:33:00,QNC.V,,4.699999809265137,4.699999809265137,4.699999809265137,4.699999809265137,200.0
2026-06-02 12:33:00,QTWO.V,,3.319999933242798,3.3299999237060547,3.319999933242798,3.3299999237060547,700.0
2026-06-02 12:33:00,RDS.V,,1.090000033378601,1.090000033378601,1.090000033378601,1.090000033378601,200.0
2026-06-02 12:33:00,RKV.V,,0.12999999523162842,0.12999999523162842,0.12999999523162842,0.12999999523162842,500.0
2026-06-02 12:33:00,SPA.V,,0.3400000035762787,0.3400000035762787,0.3400000035762787,0.3400000035762787,500.0
2026-06-02 12:33:00,SPX.V,,0.07750000059604645,0.07750000059604645,0.07750000059604645,0.07750000059604645,17000.0
2026-06-02 12:33:00,SVRS.V,,0.5699999928474426,0.5699999928474426,0.5699999928474426,0.5699999928474426,2000.0
2026-06-02 12:34:00,MGG.V,,0.38499999046325684,0.38499999046325684,0.38499999046325684,0.38499999046325684,1000.0
2026-06-02 12:34:00,MMY.V,,0.9200000166893005,0.9300000071525574,0.9200000166893005,0.9300000071525574,17000.0
2026-06-02 12:34:00,OCO.V,,0.4350000023841858,0.4350000023841858,0.4350000023841858,0.4350000023841858,11000.0
2026-06-02 12:34:00,ODV.V,,3.819999933242798,3.819999933242798,3.819999933242798,3.819999933242798,396.0
2026-06-02 12:34:00,OMG.V,,2.5899999141693115,2.5899999141693115,2.5899999141693115,2.5899999141693115,100.0
2026-06-02 12:34:00,PLSR.V,,1.5800000429153442,1.5800000429153442,1.5800000429153442,1.5800000429153442,600.0
2026-06-02 12:34:00,PNPN.V,,1.3200000524520874,1.3300000429153442,1.3200000524520874,1.3300000429153442,400.0
2026-06-02 12:34:00,QTWO.V,,3.319999933242798,3.319999933242798,3.319999933242798,3.319999933242798,300.0
2026-06-02 12:34:00,RECO.V,,1.1799999475479126,1.1799999475479126,1.1799999475479126,1.1799999475479126,2800.0
2026-06-02 12:34:00,SVRS.V,,0.5699999928474426,0.5699999928474426,0.5699999928474426,0.5699999928474426,500.0
2026-06-02 12:35:00,MAI.V,,6.389999866485596,6.420000076293945,6.389999866485596,6.420000076293945,4520.0
2026-06-02 12:35:00,NFG.V,,2.8299999237060547,2.8299999237060547,2.819999933242798,2.819999933242798,11500.0
2026-06-02 12:35:00,NSU.V,,0.2750000059604645,0.2750000059604645,0.2750000059604645,0.2750000059604645,9500.0
2026-06-02 12:35:00,PLSR.V,,1.5700000524520874,1.5700000524520874,1.5700000524520874,1.5700000524520874,300.0
2026-06-02 12:35:00,PML.V,,1.4800000190734863,1.4800000190734863,1.4800000190734863,1.4800000190734863,100.0
2026-06-02 12:35:00,PNPN.V,,1.3300000429153442,1.3300000429153442,1.3200000524520874,1.3300000429153442,400.0
2026-06-02 12:35:00,PPP.V,,1.5199999809265137,1.5199999809265137,1.5199999809265137,1.5199999809265137,600.0
2026-06-02 12:35:00,QTWO.V,,3.299999952316284,3.309999942779541,3.299999952316284,3.309999942779541,2110.0
2026-06-02 12:35:00,RECO.V,,1.184999942779541,1.184999942779541,1.184999942779541,1.184999942779541,100.0
2026-06-02 12:35:00,RYR.V,,0.22499999403953552,0.22499999403953552,0.2199999988079071,0.2199999988079071,10000.0
2026-06-02 12:35:00,SCZ.V,,11.5,11.5,11.5,11.5,100.0
2026-06-02 12:35:00,SLI.V,,5.769999980926514,5.769999980926514,5.769999980926514,5.769999980926514,1800.0
2026-06-02 12:35:00,SPA.V,,0.3400000035762787,0.3400000035762787,0.3400000035762787,0.3400000035762787,500.0
2026-06-02 12:35:00,SSV.V,,0.5400000214576721,0.550000011920929,0.5400000214576721,0.550000011920929,286645.0
2026-06-02 12:35:00,SVRS.V,,0.5699999928474426,0.5699999928474426,0.5699999928474426,0.5699999928474426,500.0
2026-06-02 12:36:00,AGX.V,,0.7900000214576721,0.800000011920929,0.7900000214576721,0.800000011920929,1500.0
2026-06-02 12:36:00,MMY.V,,0.949999988079071,0.9599999785423279,0.9399999976158142,0.9399999976158142,35000.0
2026-06-02 12:36:00,ONYX.V,,1.2899999618530273,1.2899999618530273,1.2899999618530273,1.2899999618530273,1400.0
2026-06-02 12:36:00,PNPN.V,,1.3300000429153442,1.3300000429153442,1.3200000524520874,1.3200000524520874,400.0
2026-06-02 12:36:00,PPP.V,,1.5199999809265137,1.5199999809265137,1.5199999809265137,1.5199999809265137,300.0
2026-06-02 12:36:00,QTWO.V,,3.309999942779541,3.319999933242798,3.309999942779541,3.309999942779541,6210.0
2026-06-02 12:36:00,RECO.V,,1.184999942779541,1.184999942779541,1.184999942779541,1.184999942779541,100.0
2026-06-02 12:36:00,SM.V,,1.9500000476837158,1.9600000381469727,1.9500000476837158,1.9600000381469727,12600.0
2026-06-02 12:37:00,AGX.V,,0.7900000214576721,0.7900000214576721,0.7900000214576721,0.7900000214576721,6500.0
2026-06-02 12:37:00,MGG.V,,0.3799999952316284,0.3824999928474426,0.3799999952316284,0.3824999928474426,3500.0
2026-06-02 12:37:00,ODV.V,,3.799999952316284,3.809999942779541,3.799999952316284,3.809999942779541,3700.0
2026-06-02 12:37:00,OMG.V,,2.5899999141693115,2.5899999141693115,2.5899999141693115,2.5899999141693115,100.0
2026-06-02 12:37:00,PNPN.V,,1.3300000429153442,1.3300000429153442,1.3200000524520874,1.3200000524520874,400.0
2026-06-02 12:37:00,PPP.V,,1.5199999809265137,1.5199999809265137,1.5199999809265137,1.5199999809265137,100.0
2026-06-02 12:37:00,RDS.V,,1.0800000429153442,1.0800000429153442,1.0800000429153442,1.0800000429153442,36200.0
2026-06-02 12:37:00,RPX.V,,0.17749999463558197,0.17749999463558197,0.17749999463558197,0.17749999463558197,500.0
2026-06-02 12:37:00,SCZ.V,,11.5,11.5,11.5,11.5,100.0
2026-06-02 12:37:00,SLI.V,,5.769999980926514,5.769999980926514,5.769999980926514,5.769999980926514,1100.0
2026-06-02 12:37:00,SOMA.V,,0.9900000095367432,0.9900000095367432,0.9900000095367432,0.9900000095367432,2000.0
2026-06-02 12:37:00,SPRQ.V,,1.4299999475479126,1.4299999475479126,1.4299999475479126,1.4299999475479126,100.0
2026-06-02 12:37:00,SSV.V,,0.5400000214576721,0.5400000214576721,0.5400000214576721,0.5400000214576721,51709.0
2026-06-02 12:38:00,AGX.V,,0.7850000262260437,0.7850000262260437,0.7850000262260437,0.7850000262260437,1000.0
2026-06-02 12:38:00,MAI.V,,6.380000114440918,6.380000114440918,6.380000114440918,6.380000114440918,200.0
2026-06-02 12:38:00,MMY.V,,0.9300000071525574,0.9399999976158142,0.9200000166893005,0.9399999976158142,21000.0
2026-06-02 12:38:00,NCX.V,,3.0399999618530273,3.0399999618530273,3.0399999618530273,3.0399999618530273,100.0
2026-06-02 12:38:00,NFG.V,,2.819999933242798,2.819999933242798,2.819999933242798,2.819999933242798,300.0
2026-06-02 12:38:00,OMG.V,,2.5899999141693115,2.5899999141693115,2.5899999141693115,2.5899999141693115,100.0
2026-06-02 12:38:00,ONYX.V,,1.2699999809265137,1.2799999713897705,1.2699999809265137,1.2799999713897705,24635.0
2026-06-02 12:38:00,PLSR.V,,1.5700000524520874,1.5700000524520874,1.5700000524520874,1.5700000524520874,200.0
2026-06-02 12:38:00,PNPN.V,,1.3200000524520874,1.3250000476837158,1.3200000524520874,1.3200000524520874,400.0
2026-06-02 12:38:00,QTWO.V,,3.309999942779541,3.319999933242798,3.309999942779541,3.309999942779541,1310.0
2026-06-02 12:38:00,RDS.V,,1.0800000429153442,1.0800000429153442,1.0800000429153442,1.0800000429153442,100.0
2026-06-02 12:38:00,RECO.V,,1.190000057220459,1.190000057220459,1.190000057220459,1.190000057220459,100.0
2026-06-02 12:38:00,SCZ.V,,11.510000228881836,11.510000228881836,11.510000228881836,11.510000228881836,100.0
2026-06-02 12:38:00,SPA.V,,0.3400000035762787,0.3400000035762787,0.3400000035762787,0.3400000035762787,500.0
2026-06-02 12:38:00,SSV.V,,0.5400000214576721,0.5400000214576721,0.5400000214576721,0.5400000214576721,16000.0
2026-06-02 12:38:00,SVRS.V,,0.5699999928474426,0.5699999928474426,0.5699999928474426,0.5699999928474426,500.0
2026-06-02 12:39:00,AGX.V,,0.7900000214576721,0.7900000214576721,0.7900000214576721,0.7900000214576721,500.0
2026-06-02 12:39:00,MMY.V,,0.9300000071525574,0.9300000071525574,0.9300000071525574,0.9300000071525574,8500.0
2026-06-02 12:39:00,NCX.V,,3.0450000762939453,3.0450000762939453,3.0450000762939453,3.0450000762939453,400.0
2026-06-02 12:39:00,OMG.V,,2.5850000381469727,2.5850000381469727,2.5850000381469727,2.5850000381469727,100.0
2026-06-02 12:39:00,ONYX.V,,1.2599999904632568,1.2599999904632568,1.2599999904632568,1.2599999904632568,100.0
2026-06-02 12:39:00,PGLD.V,,0.8100000023841858,0.8149999976158142,0.8100000023841858,0.8149999976158142,23650.0
2026-06-02 12:39:00,PLSR.V,,1.5700000524520874,1.5700000524520874,1.5700000524520874,1.5700000524520874,100.0
2026-06-02 12:39:00,PNPN.V,,1.3200000524520874,1.3200000524520874,1.3200000524520874,1.3200000524520874,300.0
2026-06-02 12:39:00,QNC.V,,4.699999809265137,4.699999809265137,4.699999809265137,4.699999809265137,2110.0
2026-06-02 12:39:00,RDS.V,,1.0800000429153442,1.0800000429153442,1.0800000429153442,1.0800000429153442,100.0
2026-06-02 12:39:00,RECO.V,,1.190000057220459,1.190000057220459,1.190000057220459,1.190000057220459,1600.0
2026-06-02 12:39:00,SCZ.V,,11.5,11.5,11.5,11.5,800.0
2026-06-02 12:39:00,SLI.V,,5.739999771118164,5.769999980926514,5.739999771118164,5.769999980926514,5300.0
2026-06-02 12:39:00,SSV.V,,0.5400000214576721,0.5400000214576721,0.5400000214576721,0.5400000214576721,500.0
2026-06-02 12:39:00,SVE.V,,0.49000000953674316,0.49000000953674316,0.49000000953674316,0.49000000953674316,500.0
2026-06-02 12:40:00,AGX.V,,0.7900000214576721,0.7900000214576721,0.7900000214576721,0.7900000214576721,500.0
2026-06-02 12:40:00,MAI.V,,6.369999885559082,6.380000114440918,6.369999885559082,6.380000114440918,1000.0
2026-06-02 12:40:00,MMY.V,,0.9300000071525574,0.9300000071525574,0.9300000071525574,0.9300000071525574,500.0
2026-06-02 12:40:00,OMM.V,,0.07999999821186066,0.07999999821186066,0.07999999821186066,0.07999999821186066,4000.0
2026-06-02 12:40:00,PLSR.V,,1.5700000524520874,1.5700000524520874,1.5700000524520874,1.5700000524520874,400.0
2026-06-02 12:40:00,PNPN.V,,1.3200000524520874,1.3250000476837158,1.3200000524520874,1.3200000524520874,500.0
2026-06-02 12:40:00,QNC.V,,4.710000038146973,4.710000038146973,4.710000038146973,4.710000038146973,200.0
2026-06-02 12:40:00,QTWO.V,,3.319999933242798,3.319999933242798,3.319999933242798,3.319999933242798,100.0
2026-06-02 12:40:00,RDS.V,,1.0800000429153442,1.0800000429153442,1.0800000429153442,1.0800000429153442,300.0
2026-06-02 12:40:00,RDU.V,,0.12999999523162842,0.12999999523162842,0.12999999523162842,0.12999999523162842,13500.0
2026-06-02 12:40:00,RECO.V,,1.1950000524520874,1.1950000524520874,1.1950000524520874,1.1950000524520874,2000.0
2026-06-02 12:40:00,SAGE.V,,0.12999999523162842,0.12999999523162842,0.12999999523162842,0.12999999523162842,11500.0
2026-06-02 12:40:00,SLI.V,,5.760000228881836,5.760000228881836,5.760000228881836,5.760000228881836,3500.0
2026-06-02 12:40:00,SOI.V,,0.20000000298023224,0.20000000298023224,0.20000000298023224,0.20000000298023224,76000.0
2026-06-02 12:40:00,SSV.V,,0.5400000214576721,0.5400000214576721,0.5400000214576721,0.5400000214576721,4000.0
2026-06-02 12:40:00,SVRS.V,,0.5699999928474426,0.5699999928474426,0.5699999928474426,0.5699999928474426,7900.0
2026-06-02 12:41:00,MGRO.V,,0.49000000953674316,0.49000000953674316,0.49000000953674316,0.49000000953674316,7434.0
2026-06-02 12:41:00,NCX.V,,3.049999952316284,3.049999952316284,3.049999952316284,3.049999952316284,100.0
2026-06-02 12:41:00,NFG.V,,2.819999933242798,2.819999933242798,2.819999933242798,2.819999933242798,100.0
2026-06-02 12:41:00,PNPN.V,,1.3200000524520874,1.3250000476837158,1.3200000524520874,1.3200000524520874,500.0
2026-06-02 12:41:00,QNC.V,,4.710000038146973,4.710000038146973,4.710000038146973,4.710000038146973,200.0
2026-06-02 12:41:00,RDS.V,,1.0800000429153442,1.0800000429153442,1.0800000429153442,1.0800000429153442,100.0
2026-06-02 12:41:00,RECO.V,,1.1950000524520874,1.1950000524520874,1.1950000524520874,1.1950000524520874,100.0
2026-06-02 12:41:00,SM.V,,1.940000057220459,1.9700000286102295,1.9299999475479126,1.9700000286102295,21392.0
2026-06-02 12:41:00,SRL.V,,0.26499998569488525,0.26499998569488525,0.26499998569488525,0.26499998569488525,500.0
2026-06-02 12:41:00,SSV.V,,0.5400000214576721,0.5400000214576721,0.5400000214576721,0.5400000214576721,3000.0
2026-06-02 12:41:00,SVRS.V,,0.5699999928474426,0.5699999928474426,0.5699999928474426,0.5699999928474426,500.0
2026-06-02 12:42:00,AGX.V,,0.7900000214576721,0.7900000214576721,0.7900000214576721,0.7900000214576721,4500.0
2026-06-02 12:42:00,NCI.V,,0.7200000286102295,0.7200000286102295,0.7200000286102295,0.7200000286102295,500.0
2026-06-02 12:42:00,NCX.V,,3.049999952316284,3.049999952316284,3.049999952316284,3.049999952316284,122.0
2026-06-02 12:42:00,OMG.V,,2.5899999141693115,2.5899999141693115,2.5899999141693115,2.5899999141693115,100.0
2026-06-02 12:42:00,PML.V,,1.4700000286102295,1.4700000286102295,1.4700000286102295,1.4700000286102295,3700.0
2026-06-02 12:42:00,PNPN.V,,1.3300000429153442,1.3300000429153442,1.3200000524520874,1.3200000524520874,400.0
2026-06-02 12:42:00,PPP.V,,1.5199999809265137,1.5199999809265137,1.5199999809265137,1.5199999809265137,200.0
2026-06-02 12:42:00,PWM.V,,0.6399999856948853,0.6399999856948853,0.6399999856948853,0.6399999856948853,1000.0
2026-06-02 12:42:00,QNC.V,,4.710000038146973,4.710000038146973,4.710000038146973,4.710000038146973,3300.0
2026-06-02 12:42:00,RDS.V,,1.0800000429153442,1.0800000429153442,1.0800000429153442,1.0800000429153442,100.0
2026-06-02 12:42:00,RE.V,,0.39500001072883606,0.39500001072883606,0.39500001072883606,0.39500001072883606,500.0
2026-06-02 12:42:00,RECO.V,,1.1950000524520874,1.1950000524520874,1.1950000524520874,1.1950000524520874,100.0
2026-06-02 12:42:00,SM.V,,1.940000057220459,1.940000057220459,1.940000057220459,1.940000057220459,100.0
2026-06-02 12:42:00,SSV.V,,0.5400000214576721,0.5400000214576721,0.5400000214576721,0.5400000214576721,3000.0
2026-06-02 12:43:00,PML.V,,1.4600000381469727,1.4600000381469727,1.4600000381469727,1.4600000381469727,4600.0
2026-06-02 12:43:00,PNPN.V,,1.3200000524520874,1.3200000524520874,1.3200000524520874,1.3200000524520874,400.0
2026-06-02 12:43:00,PPP.V,,1.5099999904632568,1.5099999904632568,1.5099999904632568,1.5099999904632568,15900.0
2026-06-02 12:43:00,RDS.V,,1.0800000429153442,1.0800000429153442,1.0800000429153442,1.0800000429153442,200.0
2026-06-02 12:43:00,RECO.V,,1.1950000524520874,1.1950000524520874,1.1950000524520874,1.1950000524520874,300.0
2026-06-02 12:43:00,SLI.V,,5.760000228881836,5.760000228881836,5.760000228881836,5.760000228881836,300.0
2026-06-02 12:43:00,SSV.V,,0.5400000214576721,0.5400000214576721,0.5400000214576721,0.5400000214576721,10000.0
2026-06-02 12:43:00,SVE.V,,0.49000000953674316,0.49000000953674316,0.49000000953674316,0.49000000953674316,24500.0
2026-06-02 12:44:00,MAI.V,,6.380000114440918,6.380000114440918,6.369999885559082,6.369999885559082,300.0
2026-06-02 12:44:00,NCAU.V,,0.5400000214576721,0.5400000214576721,0.5400000214576721,0.5400000214576721,500.0
2026-06-02 12:44:00,NFG.V,,2.819999933242798,2.819999933242798,2.819999933242798,2.819999933242798,1000.0
2026-06-02 12:44:00,OCO.V,,0.4350000023841858,0.4350000023841858,0.4350000023841858,0.4350000023841858,500.0
2026-06-02 12:44:00,PML.V,,1.4600000381469727,1.4600000381469727,1.4600000381469727,1.4600000381469727,800.0
2026-06-02 12:44:00,PNPN.V,,1.3200000524520874,1.3250000476837158,1.3200000524520874,1.3250000476837158,4900.0
2026-06-02 12:44:00,QTWO.V,,3.325000047683716,3.3299999237060547,3.325000047683716,3.3299999237060547,500.0
2026-06-02 12:44:00,RDS.V,,1.0800000429153442,1.0800000429153442,1.0800000429153442,1.0800000429153442,100.0
2026-06-02 12:44:00,RECO.V,,1.1950000524520874,1.1950000524520874,1.1950000524520874,1.1950000524520874,400.0
2026-06-02 12:44:00,SM.V,,1.940000057220459,1.9500000476837158,1.940000057220459,1.9500000476837158,4500.0
2026-06-02 12:44:00,SVE.V,,0.4950000047683716,0.4950000047683716,0.4950000047683716,0.4950000047683716,2500.0
2026-06-02 12:45:00,MMY.V,,0.9300000071525574,0.9300000071525574,0.9300000071525574,0.9300000071525574,500.0
2026-06-02 12:45:00,NICN.V,,0.0949999988079071,0.0949999988079071,0.0949999988079071,0.0949999988079071,10000.0
2026-06-02 12:45:00,NMI.V,,0.18000000715255737,0.18000000715255737,0.18000000715255737,0.18000000715255737,0.0
2026-06-02 12:45:00,OCO.V,,0.4350000023841858,0.4350000023841858,0.4350000023841858,0.4350000023841858,500.0
2026-06-02 12:45:00,PML.V,,1.4500000476837158,1.4500000476837158,1.4500000476837158,1.4500000476837158,34100.0
2026-06-02 12:45:00,PNPN.V,,1.3300000429153442,1.3300000429153442,1.3200000524520874,1.3200000524520874,400.0
2026-06-02 12:45:00,QNC.V,,4.71999979019165,4.71999979019165,4.71999979019165,4.71999979019165,1600.0
2026-06-02 12:45:00,QTWO.V,,3.3299999237060547,3.3299999237060547,3.3299999237060547,3.3299999237060547,100.0
2026-06-02 12:45:00,RDS.V,,1.0800000429153442,1.0800000429153442,1.0800000429153442,1.0800000429153442,100.0
2026-06-02 12:45:00,RECO.V,,1.1950000524520874,1.1950000524520874,1.1950000524520874,1.1950000524520874,500.0
2026-06-02 12:45:00,SLI.V,,5.75,5.75,5.75,5.75,600.0
2026-06-02 12:45:00,SOI.V,,0.20000000298023224,0.20000000298023224,0.20000000298023224,0.20000000298023224,26000.0
2026-06-02 12:46:00,NCAU.V,,0.5600000023841858,0.5600000023841858,0.5600000023841858,0.5600000023841858,1000.0
2026-06-02 12:46:00,NFG.V,,2.819999933242798,2.819999933242798,2.819999933242798,2.819999933242798,1359.0
2026-06-02 12:46:00,NICN.V,,0.0949999988079071,0.0949999988079071,0.0949999988079071,0.0949999988079071,10000.0
2026-06-02 12:46:00,PNPN.V,,1.3200000524520874,1.3200000524520874,1.3200000524520874,1.3200000524520874,400.0
2026-06-02 12:46:00,PPP.V,,1.5,1.5,1.5,1.5,6600.0
2026-06-02 12:46:00,PTC.V,,0.17499999701976776,0.17499999701976776,0.17499999701976776,0.17499999701976776,1000.0
2026-06-02 12:46:00,QNC.V,,4.710000038146973,4.730000019073486,4.710000038146973,4.730000019073486,1400.0
2026-06-02 12:46:00,QTWO.V,,3.3299999237060547,3.3299999237060547,3.3299999237060547,3.3299999237060547,100.0
2026-06-02 12:46:00,RECO.V,,1.1950000524520874,1.1950000524520874,1.1950000524520874,1.1950000524520874,100.0
2026-06-02 12:46:00,REG.V,,4.480000019073486,4.480000019073486,4.449999809265137,4.449999809265137,400.0
2026-06-02 12:46:00,SCZ.V,,11.5,11.5,11.5,11.5,800.0
2026-06-02 12:47:00,MAI.V,,6.389999866485596,6.389999866485596,6.389999866485596,6.389999866485596,152.0
2026-06-02 12:47:00,NBM.V,,0.38499999046325684,0.38499999046325684,0.38499999046325684,0.38499999046325684,5500.0
2026-06-02 12:47:00,NCI.V,,0.7200000286102295,0.7200000286102295,0.7200000286102295,0.7200000286102295,500.0
2026-06-02 12:47:00,NFG.V,,2.819999933242798,2.819999933242798,2.819999933242798,2.819999933242798,300.0
2026-06-02 12:47:00,PNPN.V,,1.3200000524520874,1.3300000429153442,1.3200000524520874,1.3200000524520874,400.0
2026-06-02 12:47:00,PPP.V,,1.5,1.5,1.5,1.5,6400.0
2026-06-02 12:47:00,QNC.V,,4.704999923706055,4.710000038146973,4.699999809265137,4.710000038146973,1600.0
2026-06-02 12:47:00,QTWO.V,,3.3299999237060547,3.3299999237060547,3.319999933242798,3.319999933242798,300.0
2026-06-02 12:47:00,RDS.V,,1.0800000429153442,1.0800000429153442,1.0800000429153442,1.0800000429153442,100.0
2026-06-02 12:47:00,RECO.V,,1.1950000524520874,1.1950000524520874,1.1950000524520874,1.1950000524520874,100.0
2026-06-02 12:47:00,ROK.V,,0.3050000071525574,0.3050000071525574,0.3050000071525574,0.3050000071525574,1000.0
2026-06-02 12:47:00,SOI.V,,0.20000000298023224,0.20000000298023224,0.20000000298023224,0.20000000298023224,24000.0
2026-06-02 12:48:00,MGRO.V,,0.5,0.5,0.5,0.5,1000.0
2026-06-02 12:48:00,NOB.V,,0.07000000029802322,0.07000000029802322,0.07000000029802322,0.07000000029802322,0.0
2026-06-02 12:48:00,OMG.V,,2.5899999141693115,2.5899999141693115,2.5850000381469727,2.5850000381469727,6900.0
2026-06-02 12:48:00,OTC.V,,0.5600000023841858,0.5600000023841858,0.5600000023841858,0.5600000023841858,1000.0
2026-06-02 12:48:00,PLSR.V,,1.5499999523162842,1.559999942779541,1.5499999523162842,1.559999942779541,10038.0
2026-06-02 12:48:00,PNPN.V,,1.3200000524520874,1.3200000524520874,1.3200000524520874,1.3200000524520874,300.0
2026-06-02 12:48:00,QGR.V,,0.2549999952316284,0.2549999952316284,0.2549999952316284,0.2549999952316284,16000.0
2026-06-02 12:48:00,QTWO.V,,3.3299999237060547,3.3299999237060547,3.3299999237060547,3.3299999237060547,200.0
2026-06-02 12:48:00,RDS.V,,1.0800000429153442,1.0800000429153442,1.0800000429153442,1.0800000429153442,100.0
2026-06-02 12:48:00,RECO.V,,1.1950000524520874,1.1950000524520874,1.1950000524520874,1.1950000524520874,200.0
2026-06-02 12:48:00,SCLT.V,,0.12999999523162842,0.12999999523162842,0.12999999523162842,0.12999999523162842,4500.0
2026-06-02 12:48:00,SVRS.V,,0.5699999928474426,0.5699999928474426,0.5649999976158142,0.5649999976158142,1000.0
2026-06-02 12:49:00,NOB.V,,0.07000000029802322,0.07000000029802322,0.07000000029802322,0.07000000029802322,35000.0
2026-06-02 12:49:00,OMG.V,,2.5999999046325684,2.5999999046325684,2.5999999046325684,2.5999999046325684,100.0
2026-06-02 12:49:00,ONYX.V,,1.25,1.2599999904632568,1.25,1.2599999904632568,4000.0
2026-06-02 12:49:00,PLSR.V,,1.5299999713897705,1.5399999618530273,1.5299999713897705,1.5399999618530273,7600.0
2026-06-02 12:49:00,PNPN.V,,1.3200000524520874,1.3300000429153442,1.3200000524520874,1.3300000429153442,300.0
2026-06-02 12:49:00,PTC.V,,0.17499999701976776,0.17499999701976776,0.17499999701976776,0.17499999701976776,1000.0
2026-06-02 12:49:00,RECO.V,,1.1950000524520874,1.1950000524520874,1.1950000524520874,1.1950000524520874,100.0
2026-06-02 12:49:00,RYO.V,,0.3449999988079071,0.3449999988079071,0.3449999988079071,0.3449999988079071,57500.0
2026-06-02 12:49:00,SDR.V,,0.125,0.125,0.125,0.125,0.0
2026-06-02 12:49:00,SLG.V,,5.510000228881836,5.510000228881836,5.5,5.5,2100.0
2026-06-02 12:49:00,SLI.V,,5.760000228881836,5.760000228881836,5.760000228881836,5.760000228881836,400.0
2026-06-02 12:50:00,AGX.V,,0.800000011920929,0.800000011920929,0.800000011920929,0.800000011920929,500.0
2026-06-02 12:50:00,NFG.V,,2.819999933242798,2.819999933242798,2.819999933242798,2.819999933242798,1200.0
2026-06-02 12:50:00,ONYX.V,,1.25,1.25,1.25,1.25,5600.0
2026-06-02 12:50:00,PLSR.V,,1.5099999904632568,1.5299999713897705,1.5099999904632568,1.5299999713897705,6200.0
2026-06-02 12:50:00,PNPN.V,,1.3300000429153442,1.3300000429153442,1.3200000524520874,1.3200000524520874,400.0
2026-06-02 12:50:00,PUR.V,,0.6299999952316284,0.6299999952316284,0.6299999952316284,0.6299999952316284,1000.0
2026-06-02 12:50:00,QTWO.V,,3.3299999237060547,3.3299999237060547,3.3299999237060547,3.3299999237060547,100.0
2026-06-02 12:50:00,RDS.V,,1.0800000429153442,1.0800000429153442,1.0800000429153442,1.0800000429153442,100.0
2026-06-02 12:50:00,RECO.V,,1.1950000524520874,1.1950000524520874,1.1950000524520874,1.1950000524520874,100.0
2026-06-02 12:50:00,SCZ.V,,11.5,11.5,11.5,11.5,100.0
2026-06-02 12:50:00,SVRS.V,,0.5699999928474426,0.5699999928474426,0.5699999928474426,0.5699999928474426,500.0
2026-06-02 12:51:00,FISH.V,,4.25,4.25,4.25,4.25,2859.0
2026-06-02 12:51:00,OCO.V,,0.4350000023841858,0.4350000023841858,0.4350000023841858,0.4350000023841858,1000.0
2026-06-02 12:51:00,ODV.V,,3.809999942779541,3.809999942779541,3.809999942779541,3.809999942779541,100.0
2026-06-02 12:51:00,OPHR.V,,0.029999999329447746,0.029999999329447746,0.029999999329447746,0.029999999329447746,0.0
2026-06-02 12:51:00,PLSR.V,,1.5,1.5099999904632568,1.5,1.5099999904632568,8400.0
2026-06-02 12:51:00,PNPN.V,,1.3200000524520874,1.3200000524520874,1.3200000524520874,1.3200000524520874,400.0
2026-06-02 12:51:00,RDS.V,,1.0800000429153442,1.0800000429153442,1.0800000429153442,1.0800000429153442,100.0
2026-06-02 12:51:00,RECO.V,,1.1950000524520874,1.1950000524520874,1.1950000524520874,1.1950000524520874,100.0
2026-06-02 12:51:00,RVG.V,,0.824999988079071,0.824999988079071,0.824999988079071,0.824999988079071,500.0
2026-06-02 12:51:00,SGN.V,,0.3400000035762787,0.3400000035762787,0.3400000035762787,0.3400000035762787,1000.0
2026-06-02 12:51:00,SLI.V,,5.75,5.75,5.75,5.75,601.0
2026-06-02 12:51:00,SMN.V,,0.17000000178813934,0.17000000178813934,0.17000000178813934,0.17000000178813934,32000.0
2026-06-02 12:51:00,SVRS.V,,0.5699999928474426,0.5699999928474426,0.5699999928474426,0.5699999928474426,500.0
2026-06-02 12:52:00,NCI.V,,0.7300000190734863,0.7300000190734863,0.7300000190734863,0.7300000190734863,11750.0
2026-06-02 12:52:00,NDA.V,,1.0299999713897705,1.0299999713897705,1.0299999713897705,1.0299999713897705,300.0
2026-06-02 12:52:00,NFG.V,,2.819999933242798,2.819999933242798,2.819999933242798,2.819999933242798,100.0
2026-06-02 12:52:00,OMG.V,,2.5999999046325684,2.5999999046325684,2.5999999046325684,2.5999999046325684,100.0
2026-06-02 12:52:00,PLSR.V,,1.4700000286102295,1.5,1.4700000286102295,1.5,8033.0
2026-06-02 12:52:00,PNPN.V,,1.3200000524520874,1.3300000429153442,1.3200000524520874,1.3200000524520874,400.0
2026-06-02 12:52:00,PPP.V,,1.5099999904632568,1.5099999904632568,1.5099999904632568,1.5099999904632568,100.0
2026-06-02 12:52:00,QTWO.V,,3.299999952316284,3.325000047683716,3.299999952316284,3.325000047683716,1410.0
2026-06-02 12:52:00,RECO.V,,1.1950000524520874,1.1950000524520874,1.1950000524520874,1.1950000524520874,100.0
2026-06-02 12:53:00,AGX.V,,0.800000011920929,0.800000011920929,0.800000011920929,0.800000011920929,500.0
2026-06-02 12:53:00,NDA.V,,1.0299999713897705,1.0299999713897705,1.0299999713897705,1.0299999713897705,2300.0
2026-06-02 12:53:00,ODV.V,,3.809999942779541,3.809999942779541,3.809999942779541,3.809999942779541,100.0
2026-06-02 12:53:00,ONYX.V,,1.2400000095367432,1.2400000095367432,1.2400000095367432,1.2400000095367432,1000.0
2026-06-02 12:53:00,PLSR.V,,1.4600000381469727,1.4700000286102295,1.4600000381469727,1.4700000286102295,2208.0
2026-06-02 12:53:00,PNPN.V,,1.3200000524520874,1.3200000524520874,1.3200000524520874,1.3200000524520874,300.0
2026-06-02 12:53:00,PPP.V,,1.5199999809265137,1.5199999809265137,1.5199999809265137,1.5199999809265137,100.0
2026-06-02 12:53:00,QNC.V,,4.699999809265137,4.699999809265137,4.699999809265137,4.699999809265137,2900.0
2026-06-02 12:53:00,RDS.V,,1.0800000429153442,1.0800000429153442,1.0800000429153442,1.0800000429153442,100.0
2026-06-02 12:53:00,RECO.V,,1.1950000524520874,1.1950000524520874,1.1950000524520874,1.1950000524520874,100.0
2026-06-02 12:53:00,SSV.V,,0.5400000214576721,0.5400000214576721,0.5400000214576721,0.5400000214576721,1475.0
2026-06-02 12:53:00,SVRS.V,,0.5699999928474426,0.5699999928474426,0.5699999928474426,0.5699999928474426,500.0
2026-06-02 12:54:00,MAI.V,,6.380000114440918,6.380000114440918,6.380000114440918,6.380000114440918,4800.0
2026-06-02 12:54:00,OMG.V,,2.5999999046325684,2.5999999046325684,2.5999999046325684,2.5999999046325684,100.0
2026-06-02 12:54:00,PLSR.V,,1.4800000190734863,1.4900000095367432,1.4500000476837158,1.4500000476837158,17400.0
2026-06-02 12:54:00,PNPN.V,,1.3200000524520874,1.3300000429153442,1.3200000524520874,1.3200000524520874,400.0
2026-06-02 12:54:00,PPP.V,,1.5199999809265137,1.5199999809265137,1.5199999809265137,1.5199999809265137,100.0
2026-06-02 12:54:00,RECO.V,,1.1950000524520874,1.1950000524520874,1.1950000524520874,1.1950000524520874,100.0
2026-06-02 12:54:00,RVG.V,,0.8199999928474426,0.8199999928474426,0.8149999976158142,0.8199999928474426,23502.0
2026-06-02 12:54:00,SCZ.V,,11.489999771118164,11.489999771118164,11.489999771118164,11.489999771118164,100.0
2026-06-02 12:55:00,NCAU.V,,0.550000011920929,0.550000011920929,0.550000011920929,0.550000011920929,5500.0
2026-06-02 12:55:00,NCX.V,,3.0399999618530273,3.0450000762939453,3.0399999618530273,3.0450000762939453,800.0
2026-06-02 12:55:00,NFG.V,,2.815000057220459,2.815000057220459,2.815000057220459,2.815000057220459,200.0
2026-06-02 12:55:00,ONYX.V,,1.25,1.25,1.25,1.25,1200.0
2026-06-02 12:55:00,PLSR.V,,1.5,1.5,1.4800000190734863,1.4800000190734863,2600.0
2026-06-02 12:55:00,PNPN.V,,1.3200000524520874,1.3300000429153442,1.3200000524520874,1.3200000524520874,2300.0
2026-06-02 12:55:00,PPP.V,,1.5199999809265137,1.5199999809265137,1.5199999809265137,1.5199999809265137,100.0
2026-06-02 12:55:00,PWM.V,,0.6399999856948853,0.6399999856948853,0.6399999856948853,0.6399999856948853,9500.0
2026-06-02 12:55:00,QNC.V,,4.699999809265137,4.699999809265137,4.699999809265137,4.699999809265137,200.0
2026-06-02 12:55:00,RDS.V,,1.0800000429153442,1.0800000429153442,1.0800000429153442,1.0800000429153442,100.0
2026-06-02 12:55:00,SAGE.V,,0.12999999523162842,0.12999999523162842,0.12999999523162842,0.12999999523162842,6000.0
2026-06-02 12:55:00,SVRS.V,,0.5699999928474426,0.5699999928474426,0.5699999928474426,0.5699999928474426,500.0
2026-06-02 12:56:00,MAI.V,,6.369999885559082,6.369999885559082,6.369999885559082,6.369999885559082,100.0
2026-06-02 12:56:00,MGG.V,,0.375,0.3799999952316284,0.375,0.3799999952316284,40500.0
2026-06-02 12:56:00,NFG.V,,2.815000057220459,2.815000057220459,2.815000057220459,2.815000057220459,200.0
2026-06-02 12:56:00,PLSR.V,,1.5099999904632568,1.5099999904632568,1.5099999904632568,1.5099999904632568,200.0
2026-06-02 12:56:00,PNPN.V,,1.3200000524520874,1.3300000429153442,1.3200000524520874,1.3200000524520874,400.0
2026-06-02 12:56:00,PPP.V,,1.5099999904632568,1.5199999809265137,1.5099999904632568,1.5199999809265137,7300.0
2026-06-02 12:56:00,RECO.V,,1.1950000524520874,1.1950000524520874,1.1950000524520874,1.1950000524520874,100.0
2026-06-02 12:56:00,SCZ.V,,11.470000267028809,11.470000267028809,11.470000267028809,11.470000267028809,200.0
2026-06-02 12:57:00,MAI.V,,6.369999885559082,6.380000114440918,6.369999885559082,6.380000114440918,300.0
2026-06-02 12:57:00,NFG.V,,2.815000057220459,2.815000057220459,2.815000057220459,2.815000057220459,200.0
2026-06-02 12:57:00,OMG.V,,2.5999999046325684,2.5999999046325684,2.5999999046325684,2.5999999046325684,100.0
2026-06-02 12:57:00,PNPN.V,,1.3300000429153442,1.3300000429153442,1.3200000524520874,1.3200000524520874,400.0
2026-06-02 12:57:00,PPP.V,,1.5199999809265137,1.5199999809265137,1.5199999809265137,1.5199999809265137,100.0
2026-06-02 12:57:00,PRG.V,,0.3499999940395355,0.3499999940395355,0.3499999940395355,0.3499999940395355,9000.0
2026-06-02 12:57:00,QTWO.V,,3.309999942779541,3.309999942779541,3.309999942779541,3.309999942779541,500.0
2026-06-02 12:57:00,RDS.V,,1.0800000429153442,1.0800000429153442,1.0800000429153442,1.0800000429153442,100.0
2026-06-02 12:57:00,SCZ.V,,11.470000267028809,11.470000267028809,11.470000267028809,11.470000267028809,100.0
2026-06-02 12:57:00,SEND.V,,1.4500000476837158,1.4500000476837158,1.3899999856948853,1.3899999856948853,6000.0
2026-06-02 12:58:00,AGX.V,,0.7900000214576721,0.7900000214576721,0.7900000214576721,0.7900000214576721,500.0
2026-06-02 12:58:00,NCX.V,,3.0399999618530273,3.0399999618530273,3.0399999618530273,3.0399999618530273,324.0
2026-06-02 12:58:00,NFG.V,,2.819999933242798,2.819999933242798,2.819999933242798,2.819999933242798,100.0
2026-06-02 12:58:00,ODV.V,,3.799999952316284,3.799999952316284,3.799999952316284,3.799999952316284,100.0
2026-06-02 12:58:00,OMM.V,,0.07500000298023224,0.07500000298023224,0.07500000298023224,0.07500000298023224,3000.0
2026-06-02 12:58:00,PML.V,,1.4700000286102295,1.4700000286102295,1.4700000286102295,1.4700000286102295,100.0
2026-06-02 12:58:00,PNPN.V,,1.3200000524520874,1.3200000524520874,1.3200000524520874,1.3200000524520874,200.0
2026-06-02 12:58:00,RVG.V,,0.8199999928474426,0.8199999928474426,0.8199999928474426,0.8199999928474426,500.0
2026-06-02 12:58:00,SCZ.V,,11.460000038146973,11.460000038146973,11.460000038146973,11.460000038146973,100.0
2026-06-02 12:58:00,SVRS.V,,0.5699999928474426,0.5699999928474426,0.5699999928474426,0.5699999928474426,500.0
2026-06-02 12:59:00,NBM.V,,0.38999998569488525,0.38999998569488525,0.38999998569488525,0.38999998569488525,20000.0
2026-06-02 12:59:00,NDA.V,,1.0299999713897705,1.0299999713897705,1.0299999713897705,1.0299999713897705,111.0
2026-06-02 12:59:00,NFG.V,,2.819999933242798,2.819999933242798,2.819999933242798,2.819999933242798,1400.0
2026-06-02 12:59:00,OMG.V,,2.5899999141693115,2.5899999141693115,2.5899999141693115,2.5899999141693115,5100.0
2026-06-02 12:59:00,PLAN.V,,0.35499998927116394,0.35499998927116394,0.35499998927116394,0.35499998927116394,1000.0
2026-06-02 12:59:00,PLSR.V,,1.5299999713897705,1.5299999713897705,1.5299999713897705,1.5299999713897705,2900.0
2026-06-02 12:59:00,PNPN.V,,1.3200000524520874,1.3200000524520874,1.3200000524520874,1.3200000524520874,400.0
2026-06-02 12:59:00,PPP.V,,1.5199999809265137,1.5199999809265137,1.5199999809265137,1.5199999809265137,200.0
2026-06-02 12:59:00,RDS.V,,1.0800000429153442,1.0800000429153442,1.0800000429153442,1.0800000429153442,100.0
2026-06-02 12:59:00,RSS.V,,0.48500001430511475,0.48500001430511475,0.48500001430511475,0.48500001430511475,1000.0
2026-06-02 12:59:00,RVG.V,,0.8199999928474426,0.8199999928474426,0.8199999928474426,0.8199999928474426,3500.0
2026-06-02 12:59:00,SLG.V,,5.460000038146973,5.460000038146973,5.449999809265137,5.460000038146973,300.0
2026-06-02 12:59:00,SLI.V,,5.75,5.75,5.75,5.75,100.0
2026-06-02 12:59:00,SM.V,,1.9500000476837158,1.9600000381469727,1.9500000476837158,1.9600000381469727,401.0
2026-06-02 12:59:00,SOMA.V,,0.9900000095367432,0.9900000095367432,0.9900000095367432,0.9900000095367432,500.0
2026-06-02 13:00:00,MGG.V,,0.375,0.375,0.375,0.375,500.0
2026-06-02 13:00:00,MMY.V,,0.9300000071525574,0.9300000071525574,0.9300000071525574,0.9300000071525574,2500.0
2026-06-02 13:00:00,NFG.V,,2.819999933242798,2.819999933242798,2.819999933242798,2.819999933242798,700.0
2026-06-02 13:00:00,ODV.V,,3.799999952316284,3.799999952316284,3.799999952316284,3.799999952316284,2943.0
2026-06-02 13:00:00,PML.V,,1.4500000476837158,1.4600000381469727,1.4500000476837158,1.4600000381469727,11300.0
2026-06-02 13:00:00,PNPN.V,,1.3200000524520874,1.3300000429153442,1.3200000524520874,1.3300000429153442,400.0
2026-06-02 13:00:00,PPP.V,,1.5199999809265137,1.5199999809265137,1.5199999809265137,1.5199999809265137,100.0
2026-06-02 13:00:00,QTWO.V,,3.309999942779541,3.315000057220459,3.299999952316284,3.299999952316284,13900.0
2026-06-02 13:00:00,RECO.V,,1.1950000524520874,1.1950000524520874,1.1950000524520874,1.1950000524520874,100.0
2026-06-02 13:00:00,RVG.V,,0.8299999833106995,0.8299999833106995,0.8299999833106995,0.8299999833106995,500.0
2026-06-02 13:00:00,RYR.V,,0.2150000035762787,0.2150000035762787,0.2150000035762787,0.2150000035762787,22500.0
2026-06-02 13:00:00,SAGE.V,,0.12999999523162842,0.12999999523162842,0.12999999523162842,0.12999999523162842,6000.0
2026-06-02 13:00:00,SLI.V,,5.739999771118164,5.739999771118164,5.739999771118164,5.739999771118164,300.0
2026-06-02 13:00:00,SM.V,,1.9299999475479126,1.940000057220459,1.9299999475479126,1.940000057220459,4100.0
2026-06-02 13:01:00,MAI.V,,6.349999904632568,6.349999904632568,6.349999904632568,6.349999904632568,100.0
2026-06-02 13:01:00,NFG.V,,2.8299999237060547,2.8299999237060547,2.819999933242798,2.819999933242798,1900.0
2026-06-02 13:01:00,PGLD.V,,0.8050000071525574,0.8050000071525574,0.8050000071525574,0.8050000071525574,500.0
2026-06-02 13:01:00,PLSR.V,,1.5299999713897705,1.5299999713897705,1.5299999713897705,1.5299999713897705,2000.0
2026-06-02 13:01:00,PML.V,,1.4700000286102295,1.4700000286102295,1.4700000286102295,1.4700000286102295,100.0
2026-06-02 13:01:00,PNPN.V,,1.309999942779541,1.3200000524520874,1.309999942779541,1.3200000524520874,36500.0
2026-06-02 13:01:00,RVG.V,,0.8299999833106995,0.8299999833106995,0.8299999833106995,0.8299999833106995,500.0
2026-06-02 13:01:00,SLI.V,,5.75,5.75,5.75,5.75,100.0
2026-06-02 13:01:00,SQG.V,,0.0949999988079071,0.0949999988079071,0.09000000357627869,0.09000000357627869,9500.0
2026-06-02 13:02:00,MAI.V,,6.349999904632568,6.349999904632568,6.349999904632568,6.349999904632568,100.0
2026-06-02 13:02:00,NFG.V,,2.819999933242798,2.819999933242798,2.819999933242798,2.819999933242798,1200.0
2026-06-02 13:02:00,PGE.V,,0.3149999976158142,0.3149999976158142,0.3149999976158142,0.3149999976158142,29000.0
2026-06-02 13:02:00,PNPN.V,,1.309999942779541,1.309999942779541,1.309999942779541,1.309999942779541,400.0
2026-06-02 13:02:00,PPP.V,,1.5199999809265137,1.5199999809265137,1.5199999809265137,1.5199999809265137,100.0
2026-06-02 13:02:00,RDS.V,,1.0800000429153442,1.0800000429153442,1.0800000429153442,1.0800000429153442,100.0
2026-06-02 13:02:00,ROK.V,,0.3100000023841858,0.3100000023841858,0.3100000023841858,0.3100000023841858,479000.0
2026-06-02 13:02:00,RVG.V,,0.8299999833106995,0.8299999833106995,0.8299999833106995,0.8299999833106995,500.0
2026-06-02 13:02:00,SLI.V,,5.760000228881836,5.760000228881836,5.760000228881836,5.760000228881836,100.0
2026-06-02 13:02:00,SPA.V,,0.3400000035762787,0.3400000035762787,0.3400000035762787,0.3400000035762787,500.0
2026-06-02 13:03:00,NCI.V,,0.7300000190734863,0.7300000190734863,0.7300000190734863,0.7300000190734863,3024.0
2026-06-02 13:03:00,NFG.V,,2.8299999237060547,2.8299999237060547,2.819999933242798,2.819999933242798,1700.0
2026-06-02 13:03:00,NXG.V,,0.4300000071525574,0.4399999976158142,0.4300000071525574,0.4399999976158142,82000.0
2026-06-02 13:03:00,PLSR.V,,1.5399999618530273,1.5399999618530273,1.5299999713897705,1.5299999713897705,1300.0
2026-06-02 13:03:00,PNPN.V,,1.309999942779541,1.309999942779541,1.309999942779541,1.309999942779541,300.0
2026-06-02 13:03:00,PPP.V,,1.5199999809265137,1.5199999809265137,1.5199999809265137,1.5199999809265137,7600.0
2026-06-02 13:03:00,QNC.V,,4.690000057220459,4.690000057220459,4.690000057220459,4.690000057220459,200.0
2026-06-02 13:03:00,QTWO.V,,3.319999933242798,3.319999933242798,3.315000057220459,3.319999933242798,500.0
2026-06-02 13:03:00,ROK.V,,0.3100000023841858,0.3100000023841858,0.3100000023841858,0.3100000023841858,32000.0
2026-06-02 13:03:00,RVG.V,,0.8299999833106995,0.8299999833106995,0.8299999833106995,0.8299999833106995,500.0
2026-06-02 13:03:00,SPA.V,,0.3400000035762787,0.3400000035762787,0.3400000035762787,0.3400000035762787,21500.0
2026-06-02 13:03:00,SQG.V,,0.0949999988079071,0.0949999988079071,0.0949999988079071,0.0949999988079071,1500.0
2026-06-02 13:03:00,SVRS.V,,0.5699999928474426,0.5699999928474426,0.5699999928474426,0.5699999928474426,500.0
2026-06-02 13:04:00,MGG.V,,0.3799999952316284,0.3799999952316284,0.3799999952316284,0.3799999952316284,500.0
2026-06-02 13:04:00,NFG.V,,2.8299999237060547,2.8299999237060547,2.825000047683716,2.825000047683716,1200.0
2026-06-02 13:04:00,ODV.V,,3.799999952316284,3.799999952316284,3.799999952316284,3.799999952316284,2600.0
2026-06-02 13:04:00,OMG.V,,2.5799999237060547,2.5799999237060547,2.575000047683716,2.5799999237060547,4800.0
2026-06-02 13:04:00,PML.V,,1.4700000286102295,1.4700000286102295,1.4700000286102295,1.4700000286102295,100.0
2026-06-02 13:04:00,PNPN.V,,1.309999942779541,1.309999942779541,1.309999942779541,1.309999942779541,400.0
2026-06-02 13:04:00,PPP.V,,1.5199999809265137,1.5199999809265137,1.5199999809265137,1.5199999809265137,100.0
2026-06-02 13:04:00,ROK.V,,0.3100000023841858,0.3100000023841858,0.3100000023841858,0.3100000023841858,26000.0
2026-06-02 13:04:00,RVG.V,,0.8299999833106995,0.8299999833106995,0.8299999833106995,0.8299999833106995,500.0
2026-06-02 13:04:00,SLI.V,,5.75,5.75,5.75,5.75,20200.0
2026-06-02 13:04:00,SM.V,,1.9199999570846558,1.9299999475479126,1.9199999570846558,1.9299999475479126,8100.0
2026-06-02 13:04:00,SQG.V,,0.0949999988079071,0.0949999988079071,0.0949999988079071,0.0949999988079071,500.0
2026-06-02 13:05:00,MAI.V,,6.349999904632568,6.349999904632568,6.349999904632568,6.349999904632568,200.0
2026-06-02 13:05:00,NFG.V,,2.819999933242798,2.8299999237060547,2.819999933242798,2.8299999237060547,4800.0
2026-06-02 13:05:00,OMG.V,,2.5899999141693115,2.5899999141693115,2.5799999237060547,2.5799999237060547,58200.0
2026-06-02 13:05:00,PGE.V,,0.3199999928474426,0.3199999928474426,0.3199999928474426,0.3199999928474426,500.0
2026-06-02 13:05:00,PGLD.V,,0.8100000023841858,0.8100000023841858,0.8100000023841858,0.8100000023841858,500.0
2026-06-02 13:05:00,PLAN.V,,0.3499999940395355,0.3499999940395355,0.3499999940395355,0.3499999940395355,7500.0
2026-06-02 13:05:00,PNPN.V,,1.309999942779541,1.309999942779541,1.309999942779541,1.309999942779541,300.0
2026-06-02 13:05:00,PPP.V,,1.5199999809265137,1.5199999809265137,1.5199999809265137,1.5199999809265137,800.0
2026-06-02 13:05:00,PTC.V,,0.17499999701976776,0.17499999701976776,0.17499999701976776,0.17499999701976776,1500.0
2026-06-02 13:05:00,QNC.V,,4.699999809265137,4.699999809265137,4.699999809265137,4.699999809265137,300.0
2026-06-02 13:05:00,QTWO.V,,3.319999933242798,3.3350000381469727,3.319999933242798,3.319999933242798,4900.0
2026-06-02 13:05:00,ROK.V,,0.3100000023841858,0.3100000023841858,0.3100000023841858,0.3100000023841858,47900.0
2026-06-02 13:05:00,RVG.V,,0.8299999833106995,0.8299999833106995,0.8299999833106995,0.8299999833106995,500.0
2026-06-02 13:05:00,SCZ.V,,11.489999771118164,11.489999771118164,11.479999542236328,11.479999542236328,200.0
2026-06-02 13:05:00,SM.V,,1.9299999475479126,1.9299999475479126,1.9299999475479126,1.9299999475479126,700.0
2026-06-02 13:06:00,MMY.V,,0.9300000071525574,0.9300000071525574,0.9300000071525574,0.9300000071525574,1500.0
2026-06-02 13:06:00,NICN.V,,0.0949999988079071,0.0949999988079071,0.0949999988079071,0.0949999988079071,8000.0
2026-06-02 13:06:00,PINK.V,,0.3199999928474426,0.3199999928474426,0.3174999952316284,0.3174999952316284,8500.0
2026-06-02 13:06:00,PML.V,,1.4700000286102295,1.4700000286102295,1.4700000286102295,1.4700000286102295,100.0
2026-06-02 13:06:00,PNPN.V,,1.309999942779541,1.309999942779541,1.309999942779541,1.309999942779541,300.0
2026-06-02 13:06:00,RDS.V,,1.0800000429153442,1.0800000429153442,1.0800000429153442,1.0800000429153442,100.0
2026-06-02 13:06:00,SLG.V,,5.480000019073486,5.480000019073486,5.480000019073486,5.480000019073486,400.0
2026-06-02 13:06:00,SVRS.V,,0.5649999976158142,0.5649999976158142,0.5649999976158142,0.5649999976158142,500.0
2026-06-02 13:07:00,MGG.V,,0.3799999952316284,0.3799999952316284,0.3799999952316284,0.3799999952316284,10000.0
2026-06-02 13:07:00,MMY.V,,0.9300000071525574,0.9300000071525574,0.9300000071525574,0.9300000071525574,1000.0
2026-06-02 13:07:00,OMG.V,,2.5799999237060547,2.5899999141693115,2.569999933242798,2.5899999141693115,19200.0
2026-06-02 13:07:00,PLSR.V,,1.5299999713897705,1.5299999713897705,1.5299999713897705,1.5299999713897705,2500.0
2026-06-02 13:07:00,PNPN.V,,1.309999942779541,1.309999942779541,1.309999942779541,1.309999942779541,400.0
2026-06-02 13:07:00,QTWO.V,,3.309999942779541,3.319999933242798,3.309999942779541,3.319999933242798,2600.0
2026-06-02 13:07:00,ROK.V,,0.3100000023841858,0.3100000023841858,0.3100000023841858,0.3100000023841858,11500.0
2026-06-02 13:07:00,RVG.V,,0.824999988079071,0.824999988079071,0.824999988079071,0.824999988079071,500.0
2026-06-02 13:07:00,SCZ.V,,11.479999542236328,11.479999542236328,11.479999542236328,11.479999542236328,100.0
2026-06-02 13:07:00,SPA.V,,0.3449999988079071,0.3449999988079071,0.3400000035762787,0.3400000035762787,4000.0
2026-06-02 13:08:00,MGG.V,,0.3799999952316284,0.3799999952316284,0.3799999952316284,0.3799999952316284,500.0
2026-06-02 13:08:00,MMY.V,,0.9399999976158142,0.9399999976158142,0.9399999976158142,0.9399999976158142,4000.0
2026-06-02 13:08:00,NFD-A.V,,5.190000057220459,5.190000057220459,5.190000057220459,5.190000057220459,1500.0
2026-06-02 13:08:00,NGC.V,,0.1599999964237213,0.1599999964237213,0.1599999964237213,0.1599999964237213,6000.0
2026-06-02 13:08:00,PLSR.V,,1.5199999809265137,1.5199999809265137,1.5199999809265137,1.5199999809265137,538.0
2026-06-02 13:08:00,PNPN.V,,1.309999942779541,1.309999942779541,1.309999942779541,1.309999942779541,300.0
2026-06-02 13:08:00,PPP.V,,1.5299999713897705,1.5299999713897705,1.5299999713897705,1.5299999713897705,1500.0
2026-06-02 13:08:00,PTC.V,,0.18000000715255737,0.18000000715255737,0.18000000715255737,0.18000000715255737,1000.0
2026-06-02 13:08:00,QTWO.V,,3.319999933242798,3.319999933242798,3.319999933242798,3.319999933242798,600.0
2026-06-02 13:08:00,RECO.V,,1.184999942779541,1.190000057220459,1.184999942779541,1.190000057220459,860.0
2026-06-02 13:08:00,RVG.V,,0.824999988079071,0.824999988079071,0.824999988079071,0.824999988079071,500.0
2026-06-02 13:08:00,SLI.V,,5.75,5.75,5.75,5.75,7000.0
2026-06-02 13:09:00,MMY.V,,0.9399999976158142,0.9399999976158142,0.9399999976158142,0.9399999976158142,3000.0
2026-06-02 13:09:00,PML.V,,1.4700000286102295,1.4700000286102295,1.4700000286102295,1.4700000286102295,100.0
2026-06-02 13:09:00,PNPN.V,,1.309999942779541,1.309999942779541,1.309999942779541,1.309999942779541,400.0
2026-06-02 13:09:00,PPP.V,,1.5099999904632568,1.5099999904632568,1.5099999904632568,1.5099999904632568,1500.0
2026-06-02 13:09:00,PWM.V,,0.6499999761581421,0.6499999761581421,0.6499999761581421,0.6499999761581421,1000.0
2026-06-02 13:09:00,RKV.V,,0.12999999523162842,0.12999999523162842,0.12999999523162842,0.12999999523162842,500.0
2026-06-02 13:09:00,SCZ.V,,11.470000267028809,11.470000267028809,11.470000267028809,11.470000267028809,100.0
2026-06-02 13:09:00,SLI.V,,5.739999771118164,5.75,5.739999771118164,5.75,1000.0
2026-06-02 13:09:00,SM.V,,1.9299999475479126,1.9299999475479126,1.9299999475479126,1.9299999475479126,100.0
2026-06-02 13:09:00,SOI.V,,0.20000000298023224,0.20000000298023224,0.20000000298023224,0.20000000298023224,59500.0
2026-06-02 13:09:00,SVRS.V,,0.5649999976158142,0.5649999976158142,0.5649999976158142,0.5649999976158142,500.0
2026-06-02 13:10:00,AGX.V,,0.7799999713897705,0.7799999713897705,0.7799999713897705,0.7799999713897705,5000.0
2026-06-02 13:10:00,NOAL.V,,0.25,0.25,0.25,0.25,9100.0
2026-06-02 13:10:00,ODV.V,,3.799999952316284,3.799999952316284,3.799999952316284,3.799999952316284,300.0
2026-06-02 13:10:00,OMG.V,,2.569999933242798,2.569999933242798,2.569999933242798,2.569999933242798,33100.0
2026-06-02 13:10:00,PLAN.V,,0.3400000035762787,0.3400000035762787,0.3400000035762787,0.3400000035762787,37000.0
2026-06-02 13:10:00,PML.V,,1.4500000476837158,1.4600000381469727,1.4500000476837158,1.4600000381469727,3200.0
2026-06-02 13:10:00,PNPN.V,,1.309999942779541,1.309999942779541,1.309999942779541,1.309999942779541,400.0
2026-06-02 13:10:00,QNC.V,,4.715000152587891,4.715000152587891,4.710000038146973,4.710000038146973,8300.0
2026-06-02 13:10:00,RECO.V,,1.190000057220459,1.190000057220459,1.190000057220459,1.190000057220459,2200.0
2026-06-02 13:10:00,RVG.V,,0.824999988079071,0.824999988079071,0.824999988079071,0.824999988079071,500.0
2026-06-02 13:10:00,SLI.V,,5.739999771118164,5.739999771118164,5.739999771118164,5.739999771118164,300.0
2026-06-02 13:10:00,SPA.V,,0.3499999940395355,0.3499999940395355,0.3449999988079071,0.3449999988079071,44000.0
2026-06-02 13:11:00,AGX.V,,0.7799999713897705,0.7799999713897705,0.7799999713897705,0.7799999713897705,7500.0
2026-06-02 13:11:00,MMY.V,,0.9399999976158142,0.9399999976158142,0.9399999976158142,0.9399999976158142,3000.0
2026-06-02 13:11:00,NFD-A.V,,5.190000057220459,5.190000057220459,5.190000057220459,5.190000057220459,200.0
2026-06-02 13:11:00,NFG.V,,2.809999942779541,2.809999942779541,2.809999942779541,2.809999942779541,100.0
2026-06-02 13:11:00,PNPN.V,,1.309999942779541,1.309999942779541,1.309999942779541,1.309999942779541,300.0
2026-06-02 13:11:00,PPP.V,,1.5099999904632568,1.5099999904632568,1.5099999904632568,1.5099999904632568,3900.0
2026-06-02 13:11:00,QNC.V,,4.730000019073486,4.730000019073486,4.730000019073486,4.730000019073486,100.0
2026-06-02 13:11:00,QTWO.V,,3.3299999237060547,3.3299999237060547,3.3299999237060547,3.3299999237060547,100.0
2026-06-02 13:11:00,RDS.V,,1.0800000429153442,1.0800000429153442,1.0800000429153442,1.0800000429153442,100.0
2026-06-02 13:11:00,REG.V,,4.480000019073486,4.480000019073486,4.480000019073486,4.480000019073486,800.0
2026-06-02 13:11:00,ROK.V,,0.3100000023841858,0.3100000023841858,0.3100000023841858,0.3100000023841858,13500.0
2026-06-02 13:11:00,SLI.V,,5.75,5.75,5.739999771118164,5.739999771118164,300.0
2026-06-02 13:11:00,SPA.V,,0.3499999940395355,0.3499999940395355,0.3499999940395355,0.3499999940395355,500.0
2026-06-02 13:12:00,DEAL.V,,0.004999999888241291,0.004999999888241291,0.004999999888241291,0.004999999888241291,38000.0
2026-06-02 13:12:00,MAI.V,,6.340000152587891,6.340000152587891,6.340000152587891,6.340000152587891,155.0
2026-06-02 13:12:00,MGG.V,,0.3799999952316284,0.3799999952316284,0.3799999952316284,0.3799999952316284,500.0
2026-06-02 13:12:00,NGC.V,,0.1599999964237213,0.1599999964237213,0.1599999964237213,0.1599999964237213,13000.0
2026-06-02 13:12:00,OMG.V,,2.575000047683716,2.575000047683716,2.569999933242798,2.569999933242798,75600.0
2026-06-02 13:12:00,ORC-B.V,,3.3499999046325684,3.380000114440918,3.3499999046325684,3.380000114440918,1930.0
2026-06-02 13:12:00,PML.V,,1.4700000286102295,1.4700000286102295,1.4700000286102295,1.4700000286102295,200.0
2026-06-02 13:12:00,PNPN.V,,1.315000057220459,1.315000057220459,1.309999942779541,1.315000057220459,500.0
2026-06-02 13:12:00,QNC.V,,4.730000019073486,4.730000019073486,4.730000019073486,4.730000019073486,100.0
2026-06-02 13:12:00,RVG.V,,0.824999988079071,0.824999988079071,0.824999988079071,0.824999988079071,500.0
2026-06-02 13:12:00,SOMA.V,,0.9900000095367432,0.9900000095367432,0.9900000095367432,0.9900000095367432,500.0
2026-06-02 13:12:00,STRM.V,,0.41999998688697815,0.41999998688697815,0.41999998688697815,0.41999998688697815,500.0
2026-06-02 13:13:00,AGX.V,,0.7799999713897705,0.7799999713897705,0.7799999713897705,0.7799999713897705,3500.0
2026-06-02 13:13:00,MMY.V,,0.949999988079071,0.949999988079071,0.949999988079071,0.949999988079071,5500.0
2026-06-02 13:13:00,NCX.V,,3.0299999713897705,3.0350000858306885,3.0299999713897705,3.0350000858306885,827.0
2026-06-02 13:13:00,NFG.V,,2.819999933242798,2.819999933242798,2.819999933242798,2.819999933242798,200.0
2026-06-02 13:13:00,PLSR.V,,1.5199999809265137,1.5199999809265137,1.5199999809265137,1.5199999809265137,300.0
2026-06-02 13:13:00,PML.V,,1.4700000286102295,1.4700000286102295,1.4500000476837158,1.4500000476837158,16000.0
2026-06-02 13:13:00,PNPN.V,,1.309999942779541,1.315000057220459,1.309999942779541,1.309999942779541,500.0
2026-06-02 13:13:00,PRG.V,,0.3499999940395355,0.3499999940395355,0.3499999940395355,0.3499999940395355,1760.0
2026-06-02 13:13:00,QNC.V,,4.710000038146973,4.71999979019165,4.710000038146973,4.71999979019165,2600.0
2026-06-02 13:13:00,SGN.V,,0.3400000035762787,0.3400000035762787,0.3400000035762787,0.3400000035762787,1000.0
2026-06-02 13:13:00,SLI.V,,5.75,5.75,5.75,5.75,100.0
2026-06-02 13:13:00,SPA.V,,0.3499999940395355,0.3499999940395355,0.3499999940395355,0.3499999940395355,500.0
2026-06-02 13:14:00,MAI.V,,6.340000152587891,6.340000152587891,6.340000152587891,6.340000152587891,200.0
2026-06-02 13:14:00,NFG.V,,2.819999933242798,2.819999933242798,2.819999933242798,2.819999933242798,130.0
2026-06-02 13:14:00,NXG.V,,0.4399999976158142,0.4399999976158142,0.4399999976158142,0.4399999976158142,500.0
2026-06-02 13:14:00,PGE.V,,0.3199999928474426,0.3199999928474426,0.3199999928474426,0.3199999928474426,500.0
2026-06-02 13:14:00,PLSR.V,,1.5299999713897705,1.5299999713897705,1.5299999713897705,1.5299999713897705,500.0
2026-06-02 13:14:00,PML.V,,1.4700000286102295,1.4700000286102295,1.4700000286102295,1.4700000286102295,100.0
2026-06-02 13:14:00,PNPN.V,,1.309999942779541,1.3200000524520874,1.309999942779541,1.309999942779541,500.0
2026-06-02 13:14:00,QTWO.V,,3.319999933242798,3.319999933242798,3.309999942779541,3.319999933242798,7100.0
2026-06-02 13:14:00,RECO.V,,1.190000057220459,1.190000057220459,1.190000057220459,1.190000057220459,200.0
2026-06-02 13:14:00,RVG.V,,0.824999988079071,0.824999988079071,0.824999988079071,0.824999988079071,500.0
2026-06-02 13:14:00,SCZ.V,,11.470000267028809,11.470000267028809,11.460000038146973,11.460000038146973,300.0
2026-06-02 13:14:00,SLI.V,,5.75,5.75,5.75,5.75,5900.0
2026-06-02 13:14:00,SOI.V,,0.20000000298023224,0.20000000298023224,0.20000000298023224,0.20000000298023224,4500.0
2026-06-02 13:14:00,SPA.V,,0.3499999940395355,0.3499999940395355,0.3499999940395355,0.3499999940395355,500.0
2026-06-02 13:14:00,STRM.V,,0.4099999964237213,0.4099999964237213,0.4099999964237213,0.4099999964237213,5100.0
2026-06-02 13:15:00,AGX.V,,0.7799999713897705,0.7799999713897705,0.7799999713897705,0.7799999713897705,500.0
2026-06-02 13:15:00,MMY.V,,0.949999988079071,0.949999988079071,0.949999988079071,0.949999988079071,4000.0
2026-06-02 13:15:00,NFG.V,,2.819999933242798,2.819999933242798,2.819999933242798,2.819999933242798,200.0
2026-06-02 13:15:00,NLH.V,,0.3499999940395355,0.3499999940395355,0.3499999940395355,0.3499999940395355,6000.0
2026-06-02 13:15:00,OCO.V,,0.4350000023841858,0.4350000023841858,0.4350000023841858,0.4350000023841858,2500.0
2026-06-02 13:15:00,ONYX.V,,1.25,1.25,1.25,1.25,100.0
2026-06-02 13:15:00,PGLD.V,,0.8100000023841858,0.8100000023841858,0.8100000023841858,0.8100000023841858,500.0
2026-06-02 13:15:00,PML.V,,1.4700000286102295,1.4700000286102295,1.4700000286102295,1.4700000286102295,100.0
2026-06-02 13:15:00,PNPN.V,,1.309999942779541,1.309999942779541,1.309999942779541,1.309999942779541,300.0
2026-06-02 13:15:00,PPP.V,,1.5299999713897705,1.5299999713897705,1.5299999713897705,1.5299999713897705,100.0
2026-06-02 13:15:00,QTWO.V,,3.319999933242798,3.319999933242798,3.319999933242798,3.319999933242798,2300.0
2026-06-02 13:15:00,RCK.V,,0.9200000166893005,0.9200000166893005,0.9200000166893005,0.9200000166893005,500.0
2026-06-02 13:15:00,RECO.V,,1.190000057220459,1.190000057220459,1.190000057220459,1.190000057220459,100.0
2026-06-02 13:15:00,SLI.V,,5.75,5.75,5.75,5.75,200.0
2026-06-02 13:15:00,SM.V,,1.9299999475479126,1.9299999475479126,1.9299999475479126,1.9299999475479126,100.0
2026-06-02 13:16:00,MAI.V,,6.335000038146973,6.335000038146973,6.320000171661377,6.320000171661377,311.0
2026-06-02 13:16:00,OMM.V,,0.07999999821186066,0.07999999821186066,0.07999999821186066,0.07999999821186066,415000.0
2026-06-02 13:16:00,PGX.V,,0.03999999910593033,0.03999999910593033,0.03999999910593033,0.03999999910593033,10000.0
2026-06-02 13:16:00,PML.V,,1.4600000381469727,1.4700000286102295,1.4600000381469727,1.4700000286102295,200.0
2026-06-02 13:16:00,PNPN.V,,1.309999942779541,1.309999942779541,1.309999942779541,1.309999942779541,300.0
2026-06-02 13:16:00,PPP.V,,1.5299999713897705,1.5299999713897705,1.5299999713897705,1.5299999713897705,100.0
2026-06-02 13:16:00,SLI.V,,5.75,5.75,5.75,5.75,100.0
2026-06-02 13:17:00,NBY.V,,0.10000000149011612,0.10000000149011612,0.10000000149011612,0.10000000149011612,1000.0
2026-06-02 13:17:00,NFG.V,,2.819999933242798,2.819999933242798,2.819999933242798,2.819999933242798,100.0
2026-06-02 13:17:00,OMM.V,,0.07999999821186066,0.07999999821186066,0.07999999821186066,0.07999999821186066,30000.0
2026-06-02 13:17:00,PML.V,,1.4700000286102295,1.4700000286102295,1.4700000286102295,1.4700000286102295,100.0
2026-06-02 13:17:00,PNPN.V,,1.309999942779541,1.3200000524520874,1.309999942779541,1.309999942779541,400.0
2026-06-02 13:17:00,QNC.V,,4.699999809265137,4.699999809265137,4.699999809265137,4.699999809265137,1020.0
2026-06-02 13:17:00,RDS.V,,1.0800000429153442,1.0800000429153442,1.0800000429153442,1.0800000429153442,100.0
2026-06-02 13:17:00,RVG.V,,0.824999988079071,0.824999988079071,0.824999988079071,0.824999988079071,500.0
2026-06-02 13:17:00,SLI.V,,5.78000020980835,5.78000020980835,5.75,5.75,4800.0
2026-06-02 13:17:00,SVRS.V,,0.5649999976158142,0.5649999976158142,0.5649999976158142,0.5649999976158142,500.0
2026-06-02 13:18:00,AGX.V,,0.7799999713897705,0.7799999713897705,0.7799999713897705,0.7799999713897705,500.0
2026-06-02 13:18:00,MGG.V,,0.3799999952316284,0.3799999952316284,0.3799999952316284,0.3799999952316284,500.0
2026-06-02 13:18:00,NFG.V,,2.819999933242798,2.819999933242798,2.819999933242798,2.819999933242798,350.0
2026-06-02 13:18:00,OTC.V,,0.5600000023841858,0.5600000023841858,0.5600000023841858,0.5600000023841858,1000.0
2026-06-02 13:18:00,PML.V,,1.4700000286102295,1.4700000286102295,1.4700000286102295,1.4700000286102295,100.0
2026-06-02 13:18:00,PNPN.V,,1.309999942779541,1.3200000524520874,1.309999942779541,1.309999942779541,500.0
2026-06-02 13:18:00,PPP.V,,1.5299999713897705,1.5299999713897705,1.5299999713897705,1.5299999713897705,200.0
2026-06-02 13:18:00,QTWO.V,,3.319999933242798,3.319999933242798,3.319999933242798,3.319999933242798,100.0
2026-06-02 13:18:00,REX.V,,0.22499999403953552,0.22499999403953552,0.22499999403953552,0.22499999403953552,7000.0
2026-06-02 13:18:00,SLI.V,,5.809999942779541,5.809999942779541,5.789999961853027,5.789999961853027,300.0
2026-06-02 13:18:00,SOI.V,,0.20000000298023224,0.20000000298023224,0.20000000298023224,0.20000000298023224,3500.0
2026-06-02 13:18:00,STUV.V,,0.41499999165534973,0.41499999165534973,0.41499999165534973,0.41499999165534973,5000.0
2026-06-02 13:19:00,NSE.V,,0.7699999809265137,0.7699999809265137,0.7699999809265137,0.7699999809265137,500.0
2026-06-02 13:19:00,OMG.V,,2.5799999237060547,2.5799999237060547,2.575000047683716,2.575000047683716,2100.0
2026-06-02 13:19:00,PGLD.V,,0.8050000071525574,0.8050000071525574,0.8050000071525574,0.8050000071525574,1000.0
2026-06-02 13:19:00,PML.V,,1.4700000286102295,1.4700000286102295,1.4700000286102295,1.4700000286102295,100.0
2026-06-02 13:19:00,PNPN.V,,1.309999942779541,1.3200000524520874,1.309999942779541,1.309999942779541,400.0
2026-06-02 13:19:00,PPP.V,,1.5299999713897705,1.5299999713897705,1.5299999713897705,1.5299999713897705,100.0
2026-06-02 13:19:00,QTWO.V,,3.325000047683716,3.325000047683716,3.325000047683716,3.325000047683716,100.0
2026-06-02 13:19:00,SLI.V,,5.809999942779541,5.809999942779541,5.800000190734863,5.800000190734863,418.0
2026-06-02 13:19:00,SOI.V,,0.20000000298023224,0.20000000298023224,0.20000000298023224,0.20000000298023224,52000.0
2026-06-02 13:20:00,OCO.V,,0.4300000071525574,0.4300000071525574,0.4300000071525574,0.4300000071525574,17000.0
2026-06-02 13:20:00,PML.V,,1.4700000286102295,1.4700000286102295,1.4700000286102295,1.4700000286102295,200.0
2026-06-02 13:20:00,PNPN.V,,1.309999942779541,1.3200000524520874,1.309999942779541,1.309999942779541,500.0
2026-06-02 13:20:00,PWM.V,,0.6499999761581421,0.6499999761581421,0.6499999761581421,0.6499999761581421,1010.0
2026-06-02 13:20:00,QTWO.V,,3.3299999237060547,3.3299999237060547,3.325000047683716,3.325000047683716,1200.0
2026-06-02 13:20:00,RPX.V,,0.17499999701976776,0.17499999701976776,0.17499999701976776,0.17499999701976776,43000.0
2026-06-02 13:20:00,RVG.V,,0.824999988079071,0.824999988079071,0.824999988079071,0.824999988079071,500.0
2026-06-02 13:20:00,SAGE.V,,0.12999999523162842,0.12999999523162842,0.12999999523162842,0.12999999523162842,12000.0
2026-06-02 13:20:00,SHL.V,,0.38499999046325684,0.38499999046325684,0.38499999046325684,0.38499999046325684,1500.0
2026-06-02 13:20:00,SM.V,,1.9299999475479126,1.9500000476837158,1.9299999475479126,1.9500000476837158,900.0
2026-06-02 13:21:00,AGX.V,,0.7799999713897705,0.7799999713897705,0.7799999713897705,0.7799999713897705,500.0
2026-06-02 13:21:00,NBVA.V,,0.14000000059604645,0.14000000059604645,0.14000000059604645,0.14000000059604645,500.0
2026-06-02 13:21:00,OMG.V,,2.5899999141693115,2.5899999141693115,2.575000047683716,2.575000047683716,2400.0
2026-06-02 13:21:00,PNPN.V,,1.3200000524520874,1.3200000524520874,1.309999942779541,1.309999942779541,400.0
2026-06-02 13:21:00,PPP.V,,1.5299999713897705,1.5299999713897705,1.5299999713897705,1.5299999713897705,1500.0
2026-06-02 13:21:00,QNC.V,,4.690000057220459,4.690000057220459,4.690000057220459,4.690000057220459,400.0
2026-06-02 13:21:00,QTWO.V,,3.3299999237060547,3.3299999237060547,3.3299999237060547,3.3299999237060547,200.0
2026-06-02 13:21:00,SM.V,,1.9299999475479126,1.9299999475479126,1.9299999475479126,1.9299999475479126,200.0
2026-06-02 13:22:00,FISH.V,,4.25,4.25,4.25,4.25,100.0
2026-06-02 13:22:00,NFG.V,,2.815000057220459,2.819999933242798,2.815000057220459,2.819999933242798,1100.0
2026-06-02 13:22:00,OMG.V,,2.5850000381469727,2.5899999141693115,2.5850000381469727,2.5899999141693115,900.0
2026-06-02 13:22:00,PGLD.V,,0.8100000023841858,0.8100000023841858,0.8100000023841858,0.8100000023841858,500.0
2026-06-02 13:22:00,PNPN.V,,1.3200000524520874,1.3200000524520874,1.309999942779541,1.309999942779541,500.0
2026-06-02 13:22:00,QNC.V,,4.699999809265137,4.710000038146973,4.699999809265137,4.710000038146973,2600.0
2026-06-02 13:22:00,QTWO.V,,3.3299999237060547,3.3299999237060547,3.3299999237060547,3.3299999237060547,100.0
2026-06-02 13:22:00,SVRS.V,,0.5600000023841858,0.5600000023841858,0.5600000023841858,0.5600000023841858,6500.0
2026-06-02 13:23:00,MGG.V,,0.3799999952316284,0.3799999952316284,0.3799999952316284,0.3799999952316284,500.0
2026-06-02 13:23:00,NFG.V,,2.815000057220459,2.815000057220459,2.815000057220459,2.815000057220459,100.0
2026-06-02 13:23:00,PGLD.V,,0.8050000071525574,0.8050000071525574,0.8050000071525574,0.8050000071525574,500.0
2026-06-02 13:23:00,PML.V,,1.4700000286102295,1.4700000286102295,1.4700000286102295,1.4700000286102295,100.0
2026-06-02 13:23:00,PNPN.V,,1.309999942779541,1.309999942779541,1.309999942779541,1.309999942779541,300.0
2026-06-02 13:23:00,PPP.V,,1.5299999713897705,1.5299999713897705,1.5299999713897705,1.5299999713897705,100.0
2026-06-02 13:23:00,QNC.V,,4.684999942779541,4.690000057220459,4.679999828338623,4.690000057220459,4257.0
2026-06-02 13:23:00,QTWO.V,,3.319999933242798,3.3299999237060547,3.319999933242798,3.3299999237060547,200.0
2026-06-02 13:23:00,SOI.V,,0.20000000298023224,0.20000000298023224,0.20000000298023224,0.20000000298023224,3000.0
2026-06-02 13:24:00,CTZ.V,,1.2300000190734863,1.2300000190734863,1.2300000190734863,1.2300000190734863,0.0
2026-06-02 13:24:00,MGG.V,,0.38499999046325684,0.38499999046325684,0.3799999952316284,0.3799999952316284,88500.0
2026-06-02 13:24:00,NFG.V,,2.819999933242798,2.819999933242798,2.815000057220459,2.815000057220459,3400.0
2026-06-02 13:24:00,ODV.V,,3.809999942779541,3.809999942779541,3.809999942779541,3.809999942779541,200.0
2026-06-02 13:24:00,OMG.V,,2.619999885559082,2.630000114440918,2.5899999141693115,2.5899999141693115,41700.0
2026-06-02 13:24:00,PGE.V,,0.3199999928474426,0.3199999928474426,0.3199999928474426,0.3199999928474426,500.0
2026-06-02 13:24:00,PNPN.V,,1.309999942779541,1.3200000524520874,1.309999942779541,1.309999942779541,400.0
2026-06-02 13:24:00,PPP.V,,1.5299999713897705,1.5299999713897705,1.5299999713897705,1.5299999713897705,1400.0
2026-06-02 13:24:00,QNC.V,,4.684999942779541,4.684999942779541,4.684999942779541,4.684999942779541,111.0
2026-06-02 13:24:00,QPT.V,,0.03500000014901161,0.03500000014901161,0.03500000014901161,0.03500000014901161,0.0
2026-06-02 13:24:00,QTWO.V,,3.3299999237060547,3.3299999237060547,3.3299999237060547,3.3299999237060547,200.0
2026-06-02 13:24:00,RCK.V,,0.9200000166893005,0.9200000166893005,0.9100000262260437,0.9100000262260437,1500.0
2026-06-02 13:24:00,RECO.V,,1.190000057220459,1.190000057220459,1.190000057220459,1.190000057220459,100.0
2026-06-02 13:24:00,RVG.V,,0.824999988079071,0.824999988079071,0.824999988079071,0.824999988079071,500.0
2026-06-02 13:24:00,SLI.V,,5.78000020980835,5.800000190734863,5.78000020980835,5.800000190734863,7200.0
2026-06-02 13:24:00,SM.V,,1.9299999475479126,1.940000057220459,1.9299999475479126,1.940000057220459,500.0
2026-06-02 13:24:00,SPA.V,,0.3499999940395355,0.3499999940395355,0.3499999940395355,0.3499999940395355,500.0
2026-06-02 13:24:00,SPRQ.V,,1.4299999475479126,1.4299999475479126,1.4299999475479126,1.4299999475479126,5800.0
2026-06-02 13:25:00,AGX.V,,0.7799999713897705,0.7799999713897705,0.7799999713897705,0.7799999713897705,500.0
2026-06-02 13:25:00,MMY.V,,0.9399999976158142,0.9399999976158142,0.9399999976158142,0.9399999976158142,2500.0
2026-06-02 13:25:00,NFG.V,,2.819999933242798,2.819999933242798,2.819999933242798,2.819999933242798,1600.0
2026-06-02 13:25:00,PGLD.V,,0.8100000023841858,0.8100000023841858,0.8100000023841858,0.8100000023841858,44000.0
2026-06-02 13:25:00,PLSR.V,,1.5,1.5199999809265137,1.5,1.5199999809265137,7810.0
2026-06-02 13:25:00,PML.V,,1.4700000286102295,1.4700000286102295,1.4700000286102295,1.4700000286102295,100.0
2026-06-02 13:25:00,PNPN.V,,1.3200000524520874,1.3200000524520874,1.309999942779541,1.309999942779541,400.0
2026-06-02 13:25:00,PPP.V,,1.5299999713897705,1.5299999713897705,1.5299999713897705,1.5299999713897705,100.0
2026-06-02 13:25:00,PTC.V,,0.18000000715255737,0.18000000715255737,0.18000000715255737,0.18000000715255737,500.0
2026-06-02 13:25:00,QTWO.V,,3.3299999237060547,3.3299999237060547,3.3299999237060547,3.3299999237060547,100.0
2026-06-02 13:25:00,SGN.V,,0.3400000035762787,0.3400000035762787,0.3400000035762787,0.3400000035762787,500.0
2026-06-02 13:25:00,SMRV.V,,0.27000001072883606,0.29499998688697815,0.27000001072883606,0.29499998688697815,0.0
2026-06-02 13:26:00,AGX.V,,0.7850000262260437,0.7850000262260437,0.7850000262260437,0.7850000262260437,739.0
2026-06-02 13:26:00,MAI.V,,6.320000171661377,6.320000171661377,6.320000171661377,6.320000171661377,300.0
2026-06-02 13:26:00,NFG.V,,2.819999933242798,2.819999933242798,2.819999933242798,2.819999933242798,1100.0
2026-06-02 13:26:00,OMG.V,,2.619999885559082,2.619999885559082,2.615000009536743,2.615000009536743,2000.0
2026-06-02 13:26:00,PNPN.V,,1.309999942779541,1.309999942779541,1.309999942779541,1.309999942779541,400.0
2026-06-02 13:26:00,QNC.V,,4.679999828338623,4.679999828338623,4.679999828338623,4.679999828338623,700.0
2026-06-02 13:26:00,QTWO.V,,3.3299999237060547,3.3299999237060547,3.3299999237060547,3.3299999237060547,100.0
2026-06-02 13:26:00,SOI.V,,0.20000000298023224,0.20000000298023224,0.20000000298023224,0.20000000298023224,5000.0
2026-06-02 13:27:00,MAI.V,,6.320000171661377,6.320000171661377,6.320000171661377,6.320000171661377,100.0
2026-06-02 13:27:00,NFG.V,,2.815000057220459,2.819999933242798,2.799999952316284,2.815000057220459,26200.0
2026-06-02 13:27:00,OMG.V,,2.619999885559082,2.625,2.619999885559082,2.625,2500.0
2026-06-02 13:27:00,PML.V,,1.4700000286102295,1.4700000286102295,1.4700000286102295,1.4700000286102295,100.0
2026-06-02 13:27:00,PNPN.V,,1.309999942779541,1.3200000524520874,1.309999942779541,1.309999942779541,500.0
2026-06-02 13:27:00,PPP.V,,1.5299999713897705,1.5299999713897705,1.5299999713897705,1.5299999713897705,1400.0
2026-06-02 13:27:00,PRG.V,,0.3449999988079071,0.3449999988079071,0.3449999988079071,0.3449999988079071,20500.0
2026-06-02 13:27:00,QNC.V,,4.699999809265137,4.699999809265137,4.679999828338623,4.679999828338623,1276.0
2026-06-02 13:27:00,QTWO.V,,3.3299999237060547,3.3299999237060547,3.319999933242798,3.3299999237060547,300.0
2026-06-02 13:27:00,SMN.V,,0.17000000178813934,0.17000000178813934,0.17000000178813934,0.17000000178813934,36000.0
2026-06-02 13:27:00,SOI.V,,0.20000000298023224,0.20000000298023224,0.20000000298023224,0.20000000298023224,4500.0
2026-06-02 13:27:00,SVRS.V,,0.5649999976158142,0.5649999976158142,0.5649999976158142,0.5649999976158142,500.0
2026-06-02 13:28:00,NFG.V,,2.819999933242798,2.819999933242798,2.819999933242798,2.819999933242798,300.0
2026-06-02 13:28:00,OMG.V,,2.630000114440918,2.630000114440918,2.619999885559082,2.619999885559082,3800.0
2026-06-02 13:28:00,ONYX.V,,1.25,1.25,1.25,1.25,100.0
2026-06-02 13:28:00,PGLD.V,,0.8100000023841858,0.8100000023841858,0.8100000023841858,0.8100000023841858,500.0
2026-06-02 13:28:00,PNPN.V,,1.309999942779541,1.309999942779541,1.309999942779541,1.309999942779541,300.0
2026-06-02 13:28:00,PPP.V,,1.5299999713897705,1.5299999713897705,1.5299999713897705,1.5299999713897705,100.0
2026-06-02 13:28:00,PUL.V,,0.014999999664723873,0.014999999664723873,0.014999999664723873,0.014999999664723873,0.0
2026-06-02 13:28:00,QTWO.V,,3.3299999237060547,3.3299999237060547,3.3299999237060547,3.3299999237060547,100.0
2026-06-02 13:28:00,RVG.V,,0.824999988079071,0.824999988079071,0.824999988079071,0.824999988079071,500.0
2026-06-02 13:28:00,SSV.V,,0.5400000214576721,0.5400000214576721,0.5400000214576721,0.5400000214576721,6500.0
2026-06-02 13:29:00,MAI.V,,6.320000171661377,6.320000171661377,6.320000171661377,6.320000171661377,100.0
2026-06-02 13:29:00,PLSR.V,,1.4800000190734863,1.4900000095367432,1.4800000190734863,1.4900000095367432,1900.0
2026-06-02 13:29:00,PNPN.V,,1.309999942779541,1.3200000524520874,1.309999942779541,1.3200000524520874,6400.0
2026-06-02 13:29:00,QTWO.V,,3.3299999237060547,3.3299999237060547,3.3299999237060547,3.3299999237060547,100.0
2026-06-02 13:29:00,ROK.V,,0.3100000023841858,0.3100000023841858,0.3100000023841858,0.3100000023841858,13000.0
2026-06-02 13:29:00,SOMA.V,,0.9900000095367432,0.9900000095367432,0.9900000095367432,0.9900000095367432,500.0
2026-06-02 13:30:00,MMY.V,,0.9399999976158142,0.9399999976158142,0.9399999976158142,0.9399999976158142,1000.0
2026-06-02 13:30:00,NCX.V,,3.0399999618530273,3.0399999618530273,3.0399999618530273,3.0399999618530273,100.0
2026-06-02 13:30:00,NFG.V,,2.809999942779541,2.819999933242798,2.809999942779541,2.819999933242798,10400.0
2026-06-02 13:30:00,PLSR.V,,1.4900000095367432,1.4900000095367432,1.4900000095367432,1.4900000095367432,1400.0
2026-06-02 13:30:00,PNPN.V,,1.309999942779541,1.3200000524520874,1.309999942779541,1.309999942779541,400.0
2026-06-02 13:30:00,PPP.V,,1.5299999713897705,1.5299999713897705,1.5299999713897705,1.5299999713897705,100.0
2026-06-02 13:30:00,SAGE.V,,0.12999999523162842,0.12999999523162842,0.12999999523162842,0.12999999523162842,6000.0
2026-06-02 13:30:00,SM.V,,1.9299999475479126,1.9299999475479126,1.9299999475479126,1.9299999475479126,100.0
2026-06-02 13:31:00,MAI.V,,6.340000152587891,6.340000152587891,6.329999923706055,6.340000152587891,600.0
2026-06-02 13:31:00,NCX.V,,3.0399999618530273,3.0399999618530273,3.0399999618530273,3.0399999618530273,300.0
2026-06-02 13:31:00,OMG.V,,2.630000114440918,2.630000114440918,2.625,2.625,1685.0
2026-06-02 13:31:00,PLSR.V,,1.4600000381469727,1.5,1.4600000381469727,1.4900000095367432,18640.0
2026-06-02 13:31:00,PNPN.V,,1.309999942779541,1.309999942779541,1.309999942779541,1.309999942779541,400.0
2026-06-02 13:31:00,QTWO.V,,3.325000047683716,3.325000047683716,3.319999933242798,3.325000047683716,300.0
2026-06-02 13:32:00,MAI.V,,6.329999923706055,6.329999923706055,6.329999923706055,6.329999923706055,200.0
2026-06-02 13:32:00,NCX.V,,3.0399999618530273,3.0399999618530273,3.0399999618530273,3.0399999618530273,230.0
2026-06-02 13:32:00,ONYX.V,,1.2599999904632568,1.2599999904632568,1.2599999904632568,1.2599999904632568,500.0
2026-06-02 13:32:00,PLSR.V,,1.4700000286102295,1.4700000286102295,1.4500000476837158,1.4700000286102295,13896.0
2026-06-02 13:32:00,PNPN.V,,1.309999942779541,1.3200000524520874,1.309999942779541,1.3200000524520874,400.0
2026-06-02 13:32:00,QGR.V,,0.2549999952316284,0.2549999952316284,0.2549999952316284,0.2549999952316284,5000.0
2026-06-02 13:32:00,QYOU.V,,0.33000001311302185,0.33000001311302185,0.33000001311302185,0.33000001311302185,4000.0
2026-06-02 13:32:00,SGO.V,,0.25,0.25,0.25,0.25,17096.0
2026-06-02 13:32:00,SNAG.V,,0.26499998569488525,0.26499998569488525,0.26499998569488525,0.26499998569488525,5500.0
2026-06-02 13:32:00,SOI.V,,0.20000000298023224,0.20000000298023224,0.20000000298023224,0.20000000298023224,4500.0
2026-06-02 13:32:00,SPA.V,,0.3499999940395355,0.3499999940395355,0.3499999940395355,0.3499999940395355,500.0
2026-06-02 13:33:00,MAI.V,,6.349999904632568,6.349999904632568,6.329999923706055,6.329999923706055,7426.0
2026-06-02 13:33:00,NFG.V,,2.819999933242798,2.819999933242798,2.819999933242798,2.819999933242798,1400.0
2026-06-02 13:33:00,PGLD.V,,0.8100000023841858,0.8100000023841858,0.8100000023841858,0.8100000023841858,2500.0
2026-06-02 13:33:00,PML.V,,1.4700000286102295,1.4700000286102295,1.4700000286102295,1.4700000286102295,100.0
2026-06-02 13:33:00,PNPN.V,,1.309999942779541,1.309999942779541,1.309999942779541,1.309999942779541,300.0
2026-06-02 13:33:00,PPP.V,,1.5299999713897705,1.5299999713897705,1.5299999713897705,1.5299999713897705,100.0
2026-06-02 13:33:00,PRG.V,,0.3400000035762787,0.3400000035762787,0.3400000035762787,0.3400000035762787,6500.0
2026-06-02 13:33:00,PVT.V,,1.590000033378601,1.590000033378601,1.590000033378601,1.590000033378601,0.0
2026-06-02 13:33:00,QNC.V,,4.690000057220459,4.699999809265137,4.690000057220459,4.699999809265137,2900.0
2026-06-02 13:33:00,QTWO.V,,3.319999933242798,3.325000047683716,3.319999933242798,3.325000047683716,200.0
2026-06-02 13:33:00,RDS.V,,1.0800000429153442,1.0800000429153442,1.0800000429153442,1.0800000429153442,900.0
2026-06-02 13:33:00,SCZ.V,,11.5,11.5,11.5,11.5,500.0
2026-06-02 13:33:00,SOMA.V,,0.9900000095367432,0.9900000095367432,0.9900000095367432,0.9900000095367432,500.0
2026-06-02 13:34:00,MAI.V,,6.364999771118164,6.389999866485596,6.364999771118164,6.389999866485596,400.0
2026-06-02 13:34:00,NCX.V,,3.0350000858306885,3.0399999618530273,3.0350000858306885,3.0399999618530273,600.0
2026-06-02 13:34:00,PEAK.V,,0.4399999976158142,0.4399999976158142,0.4399999976158142,0.4399999976158142,727.0
2026-06-02 13:34:00,PNPN.V,,1.309999942779541,1.3200000524520874,1.309999942779541,1.3200000524520874,500.0
2026-06-02 13:34:00,QTWO.V,,3.325000047683716,3.325000047683716,3.325000047683716,3.325000047683716,100.0
2026-06-02 13:34:00,RVG.V,,0.824999988079071,0.824999988079071,0.824999988079071,0.824999988079071,500.0
2026-06-02 13:34:00,SCOT.V,,2.359999895095825,2.359999895095825,2.359999895095825,2.359999895095825,1400.0
2026-06-02 13:34:00,SHL.V,,0.38499999046325684,0.38499999046325684,0.38499999046325684,0.38499999046325684,13500.0
2026-06-02 13:35:00,MAI.V,,6.360000133514404,6.380000114440918,6.360000133514404,6.380000114440918,1100.0
2026-06-02 13:35:00,MMY.V,,0.949999988079071,0.949999988079071,0.949999988079071,0.949999988079071,13000.0
2026-06-02 13:35:00,NCX.V,,3.015000104904175,3.0299999713897705,3.0,3.0299999713897705,37204.0
2026-06-02 13:35:00,NFG.V,,2.8299999237060547,2.8299999237060547,2.819999933242798,2.819999933242798,500.0
2026-06-02 13:35:00,ODV.V,,3.7899999618530273,3.7899999618530273,3.7899999618530273,3.7899999618530273,100.0
2026-06-02 13:35:00,OMG.V,,2.630000114440918,2.630000114440918,2.630000114440918,2.630000114440918,200.0
2026-06-02 13:35:00,ONYX.V,,1.25,1.25,1.25,1.25,350.0
2026-06-02 13:35:00,PGE.V,,0.3199999928474426,0.3199999928474426,0.3199999928474426,0.3199999928474426,500.0
2026-06-02 13:35:00,PLSR.V,,1.4800000190734863,1.4800000190734863,1.4700000286102295,1.4700000286102295,3400.0
2026-06-02 13:35:00,PML.V,,1.4700000286102295,1.4700000286102295,1.4700000286102295,1.4700000286102295,100.0
2026-06-02 13:35:00,PNPN.V,,1.309999942779541,1.3200000524520874,1.309999942779541,1.3200000524520874,400.0
2026-06-02 13:35:00,QTWO.V,,3.325000047683716,3.325000047683716,3.325000047683716,3.325000047683716,100.0
2026-06-02 13:35:00,SAGE.V,,0.13500000536441803,0.13500000536441803,0.13500000536441803,0.13500000536441803,3500.0
2026-06-02 13:35:00,SCZ.V,,11.5,11.5,11.5,11.5,500.0
2026-06-02 13:35:00,SOI.V,,0.20000000298023224,0.20000000298023224,0.20000000298023224,0.20000000298023224,5000.0
2026-06-02 13:36:00,MAI.V,,6.349999904632568,6.349999904632568,6.349999904632568,6.349999904632568,200.0
2026-06-02 13:36:00,NCX.V,,3.009999990463257,3.009999990463257,3.009999990463257,3.009999990463257,2300.0
2026-06-02 13:36:00,NFG.V,,2.825000047683716,2.825000047683716,2.825000047683716,2.825000047683716,300.0
2026-06-02 13:36:00,PLSR.V,,1.4900000095367432,1.4900000095367432,1.4900000095367432,1.4900000095367432,500.0
2026-06-02 13:36:00,PNPN.V,,1.309999942779541,1.309999942779541,1.309999942779541,1.309999942779541,300.0
2026-06-02 13:36:00,PPP.V,,1.5299999713897705,1.5299999713897705,1.5299999713897705,1.5299999713897705,100.0
2026-06-02 13:36:00,QTWO.V,,3.325000047683716,3.325000047683716,3.325000047683716,3.325000047683716,100.0
2026-06-02 13:36:00,SCLT.V,,0.12999999523162842,0.12999999523162842,0.12999999523162842,0.12999999523162842,10500.0
2026-06-02 13:36:00,SHL.V,,0.38999998569488525,0.38999998569488525,0.38999998569488525,0.38999998569488525,13000.0
2026-06-02 13:36:00,SM.V,,1.9299999475479126,1.9299999475479126,1.9299999475479126,1.9299999475479126,200.0
2026-06-02 13:37:00,AGX.V,,0.7799999713897705,0.7799999713897705,0.7799999713897705,0.7799999713897705,900.0
2026-06-02 13:37:00,NCX.V,,3.009999990463257,3.009999990463257,3.009999990463257,3.009999990463257,200.0
2026-06-02 13:37:00,NFG.V,,2.819999933242798,2.825000047683716,2.819999933242798,2.825000047683716,1900.0
2026-06-02 13:37:00,NXG.V,,0.4399999976158142,0.4399999976158142,0.4399999976158142,0.4399999976158142,1000.0
2026-06-02 13:37:00,PNPN.V,,1.309999942779541,1.315000057220459,1.309999942779541,1.309999942779541,400.0
2026-06-02 13:37:00,PPP.V,,1.5299999713897705,1.5299999713897705,1.5299999713897705,1.5299999713897705,1400.0
2026-06-02 13:37:00,RDS.V,,1.0800000429153442,1.0800000429153442,1.0800000429153442,1.0800000429153442,100.0
2026-06-02 13:37:00,SM.V,,1.9299999475479126,1.9299999475479126,1.9299999475479126,1.9299999475479126,100.0
2026-06-02 13:38:00,MMY.V,,0.9300000071525574,0.949999988079071,0.9300000071525574,0.949999988079071,58000.0
2026-06-02 13:38:00,NCX.V,,3.0,3.0,3.0,3.0,100.0
2026-06-02 13:38:00,PGLD.V,,0.8100000023841858,0.8100000023841858,0.8100000023841858,0.8100000023841858,500.0
2026-06-02 13:38:00,PLAN.V,,0.3400000035762787,0.3400000035762787,0.3400000035762787,0.3400000035762787,12500.0
2026-06-02 13:38:00,PNPN.V,,1.309999942779541,1.309999942779541,1.309999942779541,1.309999942779541,400.0
2026-06-02 13:38:00,QNC.V,,4.670000076293945,4.679999828338623,4.670000076293945,4.679999828338623,11300.0
2026-06-02 13:38:00,QTWO.V,,3.319999933242798,3.325000047683716,3.319999933242798,3.325000047683716,300.0
2026-06-02 13:38:00,SOI.V,,0.20000000298023224,0.20000000298023224,0.20000000298023224,0.20000000298023224,19000.0
2026-06-02 13:38:00,SOMA.V,,1.0,1.0,1.0,1.0,500.0
2026-06-02 13:38:00,SVRS.V,,0.5649999976158142,0.5649999976158142,0.5649999976158142,0.5649999976158142,800.0
2026-06-02 13:39:00,MGG.V,,0.3799999952316284,0.3799999952316284,0.3799999952316284,0.3799999952316284,28500.0
2026-06-02 13:39:00,NCX.V,,3.009999990463257,3.009999990463257,3.009999990463257,3.009999990463257,1100.0
2026-06-02 13:39:00,OMG.V,,2.630000114440918,2.630000114440918,2.625,2.630000114440918,1400.0
2026-06-02 13:39:00,PGLD.V,,0.8100000023841858,0.8100000023841858,0.8100000023841858,0.8100000023841858,6500.0
2026-06-02 13:39:00,PLSR.V,,1.5,1.5,1.5,1.5,5700.0
2026-06-02 13:39:00,PNPN.V,,1.309999942779541,1.315000057220459,1.309999942779541,1.315000057220459,400.0
2026-06-02 13:39:00,QNC.V,,4.659999847412109,4.659999847412109,4.659999847412109,4.659999847412109,1900.0
2026-06-02 13:39:00,QTWO.V,,3.325000047683716,3.325000047683716,3.325000047683716,3.325000047683716,100.0
2026-06-02 13:39:00,SCLT.V,,0.12999999523162842,0.12999999523162842,0.12999999523162842,0.12999999523162842,7500.0
2026-06-02 13:39:00,SOI.V,,0.20000000298023224,0.20000000298023224,0.20000000298023224,0.20000000298023224,71000.0
2026-06-02 13:39:00,SPA.V,,0.3499999940395355,0.3499999940395355,0.3499999940395355,0.3499999940395355,500.0
2026-06-02 13:40:00,MAPS.V,,0.15000000596046448,0.15000000596046448,0.15000000596046448,0.15000000596046448,0.0
2026-06-02 13:40:00,MGG.V,,0.38499999046325684,0.38499999046325684,0.38499999046325684,0.38499999046325684,500.0
2026-06-02 13:40:00,MMY.V,,0.949999988079071,0.949999988079071,0.949999988079071,0.949999988079071,9000.0
2026-06-02 13:40:00,NCX.V,,3.015000104904175,3.015000104904175,3.015000104904175,3.015000104904175,100.0
2026-06-02 13:40:00,PLSR.V,,1.5099999904632568,1.5099999904632568,1.5099999904632568,1.5099999904632568,500.0
2026-06-02 13:40:00,PNPN.V,,1.309999942779541,1.309999942779541,1.309999942779541,1.309999942779541,300.0
2026-06-02 13:40:00,PPP.V,,1.5299999713897705,1.5299999713897705,1.5299999713897705,1.5299999713897705,100.0
2026-06-02 13:40:00,PRG.V,,0.3400000035762787,0.3400000035762787,0.3400000035762787,0.3400000035762787,3500.0
2026-06-02 13:40:00,SAGE.V,,0.12999999523162842,0.12999999523162842,0.12999999523162842,0.12999999523162842,5500.0
2026-06-02 13:40:00,SMY.V,,0.30000001192092896,0.30000001192092896,0.30000001192092896,0.30000001192092896,0.0
2026-06-02 13:41:00,NCX.V,,3.0199999809265137,3.0199999809265137,3.015000104904175,3.015000104904175,300.0
2026-06-02 13:41:00,OMG.V,,2.630000114440918,2.630000114440918,2.630000114440918,2.630000114440918,400.0
2026-06-02 13:41:00,PNPN.V,,1.309999942779541,1.3200000524520874,1.309999942779541,1.309999942779541,500.0
2026-06-02 13:41:00,PPP.V,,1.5299999713897705,1.5299999713897705,1.5299999713897705,1.5299999713897705,100.0
2026-06-02 13:41:00,PTC.V,,0.18000000715255737,0.18000000715255737,0.18000000715255737,0.18000000715255737,500.0
2026-06-02 13:41:00,QNC.V,,4.659999847412109,4.659999847412109,4.659999847412109,4.659999847412109,400.0
2026-06-02 13:41:00,QTWO.V,,3.325000047683716,3.325000047683716,3.325000047683716,3.325000047683716,100.0
2026-06-02 13:41:00,SGN.V,,0.3400000035762787,0.3400000035762787,0.3400000035762787,0.3400000035762787,5500.0
2026-06-02 13:41:00,SLI.V,,5.75,5.75,5.75,5.75,4300.0
2026-06-02 13:42:00,MGG.V,,0.38499999046325684,0.38499999046325684,0.38499999046325684,0.38499999046325684,500.0
2026-06-02 13:42:00,NCX.V,,3.0199999809265137,3.0199999809265137,3.009999990463257,3.009999990463257,300.0
2026-06-02 13:42:00,OMG.V,,2.630000114440918,2.630000114440918,2.630000114440918,2.630000114440918,100.0
2026-06-02 13:42:00,PNPN.V,,1.309999942779541,1.309999942779541,1.309999942779541,1.309999942779541,300.0
2026-06-02 13:42:00,QNC.V,,4.650000095367432,4.659999847412109,4.650000095367432,4.659999847412109,500.0
2026-06-02 13:42:00,RVG.V,,0.824999988079071,0.824999988079071,0.824999988079071,0.824999988079071,500.0
2026-06-02 13:42:00,SCZ.V,,11.460000038146973,11.460000038146973,11.460000038146973,11.460000038146973,100.0
2026-06-02 13:42:00,SOMA.V,,0.9800000190734863,1.0,0.9800000190734863,1.0,1650.0
2026-06-02 13:43:00,MAI.V,,6.369999885559082,6.369999885559082,6.369999885559082,6.369999885559082,100.0
2026-06-02 13:43:00,MGG.V,,0.38499999046325684,0.38499999046325684,0.38499999046325684,0.38499999046325684,500.0
2026-06-02 13:43:00,NCX.V,,3.009999990463257,3.009999990463257,3.009999990463257,3.009999990463257,300.0
2026-06-02 13:43:00,NFG.V,,2.815000057220459,2.815000057220459,2.815000057220459,2.815000057220459,200.0
2026-06-02 13:43:00,NSU.V,,0.27000001072883606,0.27000001072883606,0.27000001072883606,0.27000001072883606,1000.0
2026-06-02 13:43:00,OMG.V,,2.630000114440918,2.630000114440918,2.630000114440918,2.630000114440918,400.0
2026-06-02 13:43:00,PNPN.V,,1.309999942779541,1.3200000524520874,1.309999942779541,1.309999942779541,400.0
2026-06-02 13:43:00,PWM.V,,0.6449999809265137,0.6449999809265137,0.6449999809265137,0.6449999809265137,500.0
2026-06-02 13:43:00,QGR.V,,0.2549999952316284,0.2549999952316284,0.2549999952316284,0.2549999952316284,8500.0
2026-06-02 13:43:00,QTWO.V,,3.325000047683716,3.3299999237060547,3.319999933242798,3.3299999237060547,1000.0
2026-06-02 13:43:00,RKV.V,,0.12999999523162842,0.12999999523162842,0.12999999523162842,0.12999999523162842,500.0
2026-06-02 13:43:00,RVG.V,,0.8199999928474426,0.8199999928474426,0.8199999928474426,0.8199999928474426,4000.0
2026-06-02 13:44:00,MAI.V,,6.369999885559082,6.369999885559082,6.369999885559082,6.369999885559082,200.0
2026-06-02 13:44:00,NCAU.V,,0.5400000214576721,0.5400000214576721,0.5400000214576721,0.5400000214576721,500.0
2026-06-02 13:44:00,NCX.V,,3.009999990463257,3.0199999809265137,3.009999990463257,3.009999990463257,400.0
2026-06-02 13:44:00,NFG.V,,2.815000057220459,2.815000057220459,2.815000057220459,2.815000057220459,300.0
2026-06-02 13:44:00,OMG.V,,2.630000114440918,2.630000114440918,2.630000114440918,2.630000114440918,800.0
2026-06-02 13:44:00,PGLD.V,,0.8100000023841858,0.8100000023841858,0.8100000023841858,0.8100000023841858,500.0
2026-06-02 13:44:00,PNPN.V,,1.309999942779541,1.309999942779541,1.309999942779541,1.309999942779541,400.0
2026-06-02 13:44:00,PPP.V,,1.5299999713897705,1.5299999713897705,1.5299999713897705,1.5299999713897705,100.0
2026-06-02 13:44:00,PUR.V,,0.6299999952316284,0.6299999952316284,0.6299999952316284,0.6299999952316284,2000.0
2026-06-02 13:44:00,QNC.V,,4.650000095367432,4.650000095367432,4.650000095367432,4.650000095367432,100.0
2026-06-02 13:44:00,QTWO.V,,3.3299999237060547,3.3299999237060547,3.3299999237060547,3.3299999237060547,100.0
2026-06-02 13:44:00,RPX.V,,0.17499999701976776,0.17499999701976776,0.17499999701976776,0.17499999701976776,17500.0
2026-06-02 13:44:00,SCZ.V,,11.4399995803833,11.4399995803833,11.4399995803833,11.4399995803833,463.0
2026-06-02 13:44:00,SLG.V,,5.46999979019165,5.46999979019165,5.46999979019165,5.46999979019165,200.0
2026-06-02 13:44:00,SRR.V,,0.9800000190734863,0.9800000190734863,0.9800000190734863,0.9800000190734863,9000.0
2026-06-02 13:44:00,SVE.V,,0.48500001430511475,0.48500001430511475,0.48500001430511475,0.48500001430511475,1000.0
2026-06-02 13:44:00,SVRS.V,,0.5600000023841858,0.5600000023841858,0.5600000023841858,0.5600000023841858,500.0
2026-06-02 13:45:00,MGG.V,,0.38499999046325684,0.38499999046325684,0.38499999046325684,0.38499999046325684,500.0
2026-06-02 13:45:00,MRZ.V,,0.3700000047683716,0.3700000047683716,0.3700000047683716,0.3700000047683716,0.0
2026-06-02 13:45:00,NCX.V,,3.009999990463257,3.009999990463257,3.009999990463257,3.009999990463257,300.0
2026-06-02 13:45:00,NFG.V,,2.815000057220459,2.815000057220459,2.815000057220459,2.815000057220459,100.0
2026-06-02 13:45:00,NXG.V,,0.4399999976158142,0.4399999976158142,0.4399999976158142,0.4399999976158142,2500.0
2026-06-02 13:45:00,ODV.V,,3.7899999618530273,3.7899999618530273,3.7899999618530273,3.7899999618530273,200.0
2026-06-02 13:45:00,OMG.V,,2.625,2.625,2.625,2.625,100.0
2026-06-02 13:45:00,PLSR.V,,1.5099999904632568,1.5199999809265137,1.5099999904632568,1.5199999809265137,300.0
2026-06-02 13:45:00,PNPN.V,,1.309999942779541,1.3200000524520874,1.309999942779541,1.309999942779541,400.0
2026-06-02 13:45:00,PPP.V,,1.5299999713897705,1.5299999713897705,1.5299999713897705,1.5299999713897705,1400.0
2026-06-02 13:45:00,QGR.V,,0.2549999952316284,0.2549999952316284,0.2549999952316284,0.2549999952316284,500.0
2026-06-02 13:45:00,QNC.V,,4.670000076293945,4.670000076293945,4.659999847412109,4.659999847412109,4100.0
2026-06-02 13:45:00,QTWO.V,,3.325000047683716,3.325000047683716,3.325000047683716,3.325000047683716,100.0
2026-06-02 13:45:00,RPX.V,,0.17499999701976776,0.17499999701976776,0.17499999701976776,0.17499999701976776,5500.0
2026-06-02 13:45:00,SVRS.V,,0.5600000023841858,0.5600000023841858,0.550000011920929,0.5600000023841858,133728.0
2026-06-02 13:46:00,MGG.V,,0.38499999046325684,0.38499999046325684,0.38499999046325684,0.38499999046325684,500.0
2026-06-02 13:46:00,MRZ.V,,0.3700000047683716,0.3700000047683716,0.3700000047683716,0.3700000047683716,1000.0
2026-06-02 13:46:00,NCX.V,,3.009999990463257,3.015000104904175,3.009999990463257,3.009999990463257,900.0
2026-06-02 13:46:00,NFG.V,,2.815000057220459,2.815000057220459,2.815000057220459,2.815000057220459,200.0
2026-06-02 13:46:00,OCO.V,,0.4350000023841858,0.4350000023841858,0.4350000023841858,0.4350000023841858,500.0
2026-06-02 13:46:00,PGE.V,,0.3199999928474426,0.3199999928474426,0.3199999928474426,0.3199999928474426,650.0
2026-06-02 13:46:00,PLSR.V,,1.5,1.5,1.4900000095367432,1.5,4311.0
2026-06-02 13:46:00,PNPN.V,,1.309999942779541,1.309999942779541,1.309999942779541,1.309999942779541,300.0
2026-06-02 13:46:00,RDS.V,,1.0800000429153442,1.0800000429153442,1.0800000429153442,1.0800000429153442,100.0
2026-06-02 13:46:00,RECO.V,,1.190000057220459,1.190000057220459,1.190000057220459,1.190000057220459,2100.0
2026-06-02 13:46:00,SLG.V,,5.46999979019165,5.46999979019165,5.46999979019165,5.46999979019165,200.0
2026-06-02 13:46:00,SOU.V,,0.07500000298023224,0.07500000298023224,0.07500000298023224,0.07500000298023224,1000.0
2026-06-02 13:46:00,SPA.V,,0.3499999940395355,0.3499999940395355,0.3499999940395355,0.3499999940395355,500.0
2026-06-02 13:46:00,SVRS.V,,0.5600000023841858,0.5600000023841858,0.5600000023841858,0.5600000023841858,27000.0
2026-06-02 13:47:00,MGG.V,,0.38499999046325684,0.38499999046325684,0.38499999046325684,0.38499999046325684,1000.0
2026-06-02 13:47:00,NCX.V,,3.009999990463257,3.009999990463257,3.009999990463257,3.009999990463257,200.0
2026-06-02 13:47:00,NFG.V,,2.815000057220459,2.819999933242798,2.815000057220459,2.819999933242798,200.0
2026-06-02 13:47:00,NSU.V,,0.2750000059604645,0.2750000059604645,0.2750000059604645,0.2750000059604645,8500.0
2026-06-02 13:47:00,PNPN.V,,1.3200000524520874,1.3200000524520874,1.309999942779541,1.309999942779541,5400.0
2026-06-02 13:47:00,QTWO.V,,3.325000047683716,3.325000047683716,3.319999933242798,3.319999933242798,300.0
2026-06-02 13:47:00,RECO.V,,1.190000057220459,1.190000057220459,1.190000057220459,1.190000057220459,1000.0
2026-06-02 13:47:00,RPX.V,,0.17499999701976776,0.17499999701976776,0.17499999701976776,0.17499999701976776,500.0
2026-06-02 13:47:00,SLI.V,,5.75,5.75,5.739999771118164,5.75,1900.0
2026-06-02 13:47:00,SRL.V,,0.27000001072883606,0.27000001072883606,0.26499998569488525,0.26499998569488525,7000.0
2026-06-02 13:47:00,SVE.V,,0.48500001430511475,0.48500001430511475,0.48500001430511475,0.48500001430511475,500.0
2026-06-02 13:47:00,SVRS.V,,0.5600000023841858,0.5600000023841858,0.5600000023841858,0.5600000023841858,50000.0
2026-06-02 13:48:00,AGX.V,,0.7799999713897705,0.7799999713897705,0.7799999713897705,0.7799999713897705,500.0
2026-06-02 13:48:00,MMY.V,,0.9399999976158142,0.9399999976158142,0.9399999976158142,0.9399999976158142,500.0
2026-06-02 13:48:00,NCX.V,,3.009999990463257,3.009999990463257,3.009999990463257,3.009999990463257,433.0
2026-06-02 13:48:00,NFG.V,,2.815000057220459,2.815000057220459,2.815000057220459,2.815000057220459,200.0
2026-06-02 13:48:00,NICN.V,,0.0949999988079071,0.0949999988079071,0.0949999988079071,0.0949999988079071,2000.0
2026-06-02 13:48:00,OMG.V,,2.625,2.625,2.625,2.625,100.0
2026-06-02 13:48:00,PLSR.V,,1.5099999904632568,1.5099999904632568,1.5099999904632568,1.5099999904632568,500.0
2026-06-02 13:48:00,PNPN.V,,1.309999942779541,1.309999942779541,1.309999942779541,1.309999942779541,300.0
2026-06-02 13:48:00,QGR.V,,0.2549999952316284,0.2549999952316284,0.2549999952316284,0.2549999952316284,1000.0
2026-06-02 13:48:00,QTWO.V,,3.325000047683716,3.325000047683716,3.325000047683716,3.325000047683716,100.0
2026-06-02 13:48:00,RDS.V,,1.0800000429153442,1.0800000429153442,1.0800000429153442,1.0800000429153442,100.0
2026-06-02 13:48:00,REG.V,,4.400000095367432,4.449999809265137,4.380000114440918,4.449999809265137,8335.0
2026-06-02 13:48:00,SLI.V,,5.75,5.75,5.75,5.75,300.0
2026-06-02 13:48:00,SPRQ.V,,1.4299999475479126,1.4299999475479126,1.4299999475479126,1.4299999475479126,4300.0
2026-06-02 13:48:00,SVRS.V,,0.5600000023841858,0.5600000023841858,0.5600000023841858,0.5600000023841858,500.0
2026-06-02 13:49:00,MGG.V,,0.3824999928474426,0.38499999046325684,0.3799999952316284,0.38499999046325684,1500.0
2026-06-02 13:49:00,MMY.V,,0.9399999976158142,0.9399999976158142,0.9399999976158142,0.9399999976158142,9000.0
2026-06-02 13:49:00,NCX.V,,3.009999990463257,3.009999990463257,3.009999990463257,3.009999990463257,400.0
2026-06-02 13:49:00,NFG.V,,2.815000057220459,2.815000057220459,2.815000057220459,2.815000057220459,100.0
2026-06-02 13:49:00,NKL.V,,1.2300000190734863,1.2300000190734863,1.2300000190734863,1.2300000190734863,100.0
2026-06-02 13:49:00,OCO.V,,0.4300000071525574,0.4300000071525574,0.4300000071525574,0.4300000071525574,500.0
2026-06-02 13:49:00,ONYX.V,,1.25,1.25,1.25,1.25,100.0
2026-06-02 13:49:00,PGLD.V,,0.8100000023841858,0.8100000023841858,0.8100000023841858,0.8100000023841858,8000.0
2026-06-02 13:49:00,PNPN.V,,1.309999942779541,1.3200000524520874,1.309999942779541,1.309999942779541,500.0
2026-06-02 13:49:00,PPP.V,,1.5299999713897705,1.5299999713897705,1.5299999713897705,1.5299999713897705,100.0
2026-06-02 13:49:00,RIWI.V,,0.2750000059604645,0.2750000059604645,0.2750000059604645,0.2750000059604645,1000.0
2026-06-02 13:49:00,SPA.V,,0.3449999988079071,0.3474999964237213,0.3449999988079071,0.3474999964237213,75500.0
2026-06-02 13:49:00,SVRS.V,,0.5600000023841858,0.5600000023841858,0.5600000023841858,0.5600000023841858,500.0
2026-06-02 13:50:00,NCX.V,,3.0199999809265137,3.0199999809265137,3.009999990463257,3.009999990463257,1800.0
2026-06-02 13:50:00,OCO.V,,0.4350000023841858,0.4350000023841858,0.4350000023841858,0.4350000023841858,1500.0
2026-06-02 13:50:00,PNPN.V,,1.309999942779541,1.309999942779541,1.309999942779541,1.309999942779541,300.0
2026-06-02 13:50:00,QNC.V,,4.659999847412109,4.659999847412109,4.659999847412109,4.659999847412109,1000.0
2026-06-02 13:50:00,QTWO.V,,3.325000047683716,3.325000047683716,3.325000047683716,3.325000047683716,200.0
2026-06-02 13:50:00,RDS.V,,1.0800000429153442,1.0800000429153442,1.0800000429153442,1.0800000429153442,100.0
2026-06-02 13:50:00,RECO.V,,1.190000057220459,1.190000057220459,1.190000057220459,1.190000057220459,100.0
2026-06-02 13:50:00,RSM.V,,0.32499998807907104,0.32499998807907104,0.3199999928474426,0.3199999928474426,10080.0
2026-06-02 13:50:00,SAGE.V,,0.12999999523162842,0.12999999523162842,0.12999999523162842,0.12999999523162842,6000.0
2026-06-02 13:50:00,SCZ.V,,11.430000305175781,11.430000305175781,11.430000305175781,11.430000305175781,100.0
2026-06-02 13:50:00,SOMA.V,,0.9800000190734863,0.9800000190734863,0.9800000190734863,0.9800000190734863,8000.0
2026-06-02 13:50:00,SPA.V,,0.3449999988079071,0.3449999988079071,0.3449999988079071,0.3449999988079071,500.0
2026-06-02 13:51:00,NCX.V,,3.0199999809265137,3.0199999809265137,3.015000104904175,3.015000104904175,200.0
2026-06-02 13:51:00,NFG.V,,2.809999942779541,2.809999942779541,2.809999942779541,2.809999942779541,1200.0
2026-06-02 13:51:00,OMG.V,,2.630000114440918,2.630000114440918,2.630000114440918,2.630000114440918,100.0
2026-06-02 13:51:00,PNPN.V,,1.309999942779541,1.3200000524520874,1.309999942779541,1.309999942779541,500.0
2026-06-02 13:51:00,QNC.V,,4.659999847412109,4.659999847412109,4.659999847412109,4.659999847412109,1200.0
2026-06-02 13:51:00,QTWO.V,,3.325000047683716,3.325000047683716,3.319999933242798,3.319999933242798,300.0
2026-06-02 13:51:00,SPA.V,,0.3449999988079071,0.3449999988079071,0.3449999988079071,0.3449999988079071,500.0
2026-06-02 13:51:00,SVE.V,,0.48500001430511475,0.48500001430511475,0.48500001430511475,0.48500001430511475,500.0
2026-06-02 13:51:00,SVRS.V,,0.5600000023841858,0.5600000023841858,0.5600000023841858,0.5600000023841858,500.0
2026-06-02 13:52:00,ONYX.V,,1.25,1.25,1.25,1.25,100.0
2026-06-02 13:52:00,PGLD.V,,0.8100000023841858,0.8100000023841858,0.8050000071525574,0.8100000023841858,1500.0
2026-06-02 13:52:00,PNPN.V,,1.309999942779541,1.309999942779541,1.309999942779541,1.309999942779541,300.0
2026-06-02 13:52:00,PWM.V,,0.6299999952316284,0.6399999856948853,0.6299999952316284,0.6399999856948853,23500.0
2026-06-02 13:52:00,QZM.V,,0.6399999856948853,0.6399999856948853,0.6399999856948853,0.6399999856948853,14000.0
2026-06-02 13:52:00,SLI.V,,5.75,5.75,5.75,5.75,800.0
2026-06-02 13:52:00,SPA.V,,0.3449999988079071,0.3449999988079071,0.3449999988079071,0.3449999988079071,1000.0
2026-06-02 13:53:00,MMY.V,,0.9399999976158142,0.9399999976158142,0.9399999976158142,0.9399999976158142,7500.0
2026-06-02 13:53:00,NCX.V,,3.009999990463257,3.0199999809265137,3.009999990463257,3.0199999809265137,14433.0
2026-06-02 13:53:00,ODV.V,,3.7899999618530273,3.7899999618530273,3.7899999618530273,3.7899999618530273,300.0
2026-06-02 13:53:00,OMG.V,,2.619999885559082,2.625,2.619999885559082,2.625,1300.0
2026-06-02 13:53:00,PML.V,,1.4600000381469727,1.4600000381469727,1.4600000381469727,1.4600000381469727,330.0
2026-06-02 13:53:00,PNPN.V,,1.309999942779541,1.3200000524520874,1.309999942779541,1.309999942779541,500.0
2026-06-02 13:53:00,QTWO.V,,3.3299999237060547,3.3299999237060547,3.3299999237060547,3.3299999237060547,100.0
2026-06-02 13:53:00,RECO.V,,1.190000057220459,1.190000057220459,1.190000057220459,1.190000057220459,100.0
2026-06-02 13:53:00,SCZ.V,,11.420000076293945,11.430000305175781,11.420000076293945,11.430000305175781,400.0
2026-06-02 13:53:00,SLI.V,,5.75,5.75,5.75,5.75,500.0
2026-06-02 13:53:00,SPA.V,,0.3449999988079071,0.3449999988079071,0.3449999988079071,0.3449999988079071,500.0
2026-06-02 13:53:00,SVE.V,,0.48500001430511475,0.48500001430511475,0.48500001430511475,0.48500001430511475,500.0
2026-06-02 13:53:00,SVRS.V,,0.5600000023841858,0.5600000023841858,0.5600000023841858,0.5600000023841858,500.0
2026-06-02 13:54:00,MAI.V,,6.349999904632568,6.349999904632568,6.349999904632568,6.349999904632568,300.0
2026-06-02 13:54:00,NCX.V,,3.009999990463257,3.009999990463257,3.009999990463257,3.009999990463257,500.0
2026-06-02 13:54:00,NFD-A.V,,5.190000057220459,5.190000057220459,5.190000057220459,5.190000057220459,400.0
2026-06-02 13:54:00,OMG.V,,2.630000114440918,2.630000114440918,2.630000114440918,2.630000114440918,100.0
2026-06-02 13:54:00,PNPN.V,,1.309999942779541,1.309999942779541,1.309999942779541,1.309999942779541,300.0
2026-06-02 13:54:00,QTWO.V,,3.3299999237060547,3.3299999237060547,3.3299999237060547,3.3299999237060547,1400.0
2026-06-02 13:54:00,QYOU.V,,0.33000001311302185,0.33000001311302185,0.33000001311302185,0.33000001311302185,4000.0
2026-06-02 13:54:00,SLI.V,,5.71999979019165,5.71999979019165,5.71999979019165,5.71999979019165,1800.0
2026-06-02 13:54:00,SVRS.V,,0.5600000023841858,0.5600000023841858,0.5600000023841858,0.5600000023841858,500.0
2026-06-02 13:55:00,AGX.V,,0.7799999713897705,0.7799999713897705,0.7799999713897705,0.7799999713897705,500.0
2026-06-02 13:55:00,MAI.V,,6.329999923706055,6.329999923706055,6.329999923706055,6.329999923706055,100.0
2026-06-02 13:55:00,NBVA.V,,0.14000000059604645,0.14000000059604645,0.14000000059604645,0.14000000059604645,940.0
2026-06-02 13:55:00,NCX.V,,3.009999990463257,3.009999990463257,3.009999990463257,3.009999990463257,300.0
2026-06-02 13:55:00,NFG.V,,2.799999952316284,2.799999952316284,2.799999952316284,2.799999952316284,100.0
2026-06-02 13:55:00,ODV.V,,3.7699999809265137,3.7799999713897705,3.7699999809265137,3.7799999713897705,655.0
2026-06-02 13:55:00,PGLD.V,,0.8100000023841858,0.8100000023841858,0.8100000023841858,0.8100000023841858,11000.0
2026-06-02 13:55:00,PNPN.V,,1.309999942779541,1.309999942779541,1.309999942779541,1.309999942779541,31709.0
2026-06-02 13:55:00,QNC.V,,4.650000095367432,4.659999847412109,4.650000095367432,4.659999847412109,2107.0
2026-06-02 13:55:00,QTWO.V,,3.319999933242798,3.3299999237060547,3.319999933242798,3.3299999237060547,2500.0
2026-06-02 13:55:00,SCZ.V,,11.399999618530273,11.399999618530273,11.399999618530273,11.399999618530273,100.0
2026-06-02 13:55:00,SVE.V,,0.48500001430511475,0.48500001430511475,0.48500001430511475,0.48500001430511475,500.0
2026-06-02 13:56:00,AGX.V,,0.7799999713897705,0.7799999713897705,0.7799999713897705,0.7799999713897705,500.0
2026-06-02 13:56:00,NCAU.V,,0.550000011920929,0.550000011920929,0.550000011920929,0.550000011920929,2000.0
2026-06-02 13:56:00,PINK.V,,0.3050000071525574,0.3149999976158142,0.3050000071525574,0.3149999976158142,64950.0
2026-06-02 13:56:00,PNPN.V,,1.309999942779541,1.309999942779541,1.309999942779541,1.309999942779541,4500.0
2026-06-02 13:56:00,PPP.V,,1.5299999713897705,1.5299999713897705,1.5299999713897705,1.5299999713897705,100.0
2026-06-02 13:56:00,RECO.V,,1.190000057220459,1.190000057220459,1.190000057220459,1.190000057220459,100.0
2026-06-02 13:56:00,SBIO.V,,0.14000000059604645,0.14499999582767487,0.14000000059604645,0.14499999582767487,60200.0
2026-06-02 13:56:00,SCZ.V,,11.350000381469727,11.390000343322754,11.350000381469727,11.390000343322754,1600.0
2026-06-02 13:56:00,SVRS.V,,0.5600000023841858,0.5600000023841858,0.5600000023841858,0.5600000023841858,500.0
2026-06-02 13:57:00,MGG.V,,0.3799999952316284,0.3799999952316284,0.3799999952316284,0.3799999952316284,500.0
2026-06-02 13:57:00,MGRO.V,,0.5,0.5,0.5,0.5,5500.0
2026-06-02 13:57:00,NCX.V,,3.009999990463257,3.009999990463257,3.009999990463257,3.009999990463257,100.0
2026-06-02 13:57:00,NFG.V,,2.805000066757202,2.805000066757202,2.805000066757202,2.805000066757202,200.0
2026-06-02 13:57:00,PINK.V,,0.3100000023841858,0.3100000023841858,0.3100000023841858,0.3100000023841858,3500.0
2026-06-02 13:57:00,PNPN.V,,1.309999942779541,1.309999942779541,1.309999942779541,1.309999942779541,300.0
2026-06-02 13:57:00,SCZ.V,,11.40999984741211,11.40999984741211,11.40999984741211,11.40999984741211,100.0
2026-06-02 13:57:00,SM.V,,1.9299999475479126,1.9299999475479126,1.9299999475479126,1.9299999475479126,100.0
2026-06-02 13:57:00,SRR.V,,0.9800000190734863,0.9800000190734863,0.9800000190734863,0.9800000190734863,8700.0
2026-06-02 13:57:00,SVRS.V,,0.5600000023841858,0.5600000023841858,0.5600000023841858,0.5600000023841858,500.0
2026-06-02 13:58:00,MAI.V,,6.340000152587891,6.360000133514404,6.340000152587891,6.349999904632568,1400.0
2026-06-02 13:58:00,NCX.V,,3.009999990463257,3.009999990463257,3.009999990463257,3.009999990463257,200.0
2026-06-02 13:58:00,NFG.V,,2.805000066757202,2.805000066757202,2.805000066757202,2.805000066757202,100.0
2026-06-02 13:58:00,OMG.V,,2.630000114440918,2.630000114440918,2.630000114440918,2.630000114440918,100.0
2026-06-02 13:58:00,ONYX.V,,1.25,1.25,1.25,1.25,100.0
2026-06-02 13:58:00,PNPN.V,,1.309999942779541,1.309999942779541,1.309999942779541,1.309999942779541,400.0
2026-06-02 13:58:00,RPX.V,,0.17499999701976776,0.17499999701976776,0.17499999701976776,0.17499999701976776,26500.0
2026-06-02 13:58:00,SPA.V,,0.3449999988079071,0.3449999988079071,0.3449999988079071,0.3449999988079071,500.0
2026-06-02 13:58:00,SSV.V,,0.5400000214576721,0.5400000214576721,0.5400000214576721,0.5400000214576721,44000.0
2026-06-02 13:58:00,SVRS.V,,0.5600000023841858,0.5600000023841858,0.5600000023841858,0.5600000023841858,500.0
2026-06-02 13:59:00,NCX.V,,3.0199999809265137,3.0199999809265137,3.009999990463257,3.009999990463257,300.0
2026-06-02 13:59:00,NFG.V,,2.805000066757202,2.805000066757202,2.805000066757202,2.805000066757202,100.0
2026-06-02 13:59:00,PLSR.V,,1.5199999809265137,1.5199999809265137,1.5199999809265137,1.5199999809265137,1370.0
2026-06-02 13:59:00,PNPN.V,,1.309999942779541,1.309999942779541,1.309999942779541,1.309999942779541,400.0
2026-06-02 13:59:00,QTWO.V,,3.319999933242798,3.319999933242798,3.319999933242798,3.319999933242798,100.0
2026-06-02 13:59:00,RDS.V,,1.0800000429153442,1.0800000429153442,1.0800000429153442,1.0800000429153442,100.0
2026-06-02 13:59:00,RPX.V,,0.17499999701976776,0.17499999701976776,0.17499999701976776,0.17499999701976776,15000.0
2026-06-02 13:59:00,SCZ.V,,11.420000076293945,11.420000076293945,11.420000076293945,11.420000076293945,425.0
2026-06-02 13:59:00,SM.V,,1.9299999475479126,1.9299999475479126,1.9299999475479126,1.9299999475479126,145.0
2026-06-02 13:59:00,SPA.V,,0.3449999988079071,0.3449999988079071,0.3449999988079071,0.3449999988079071,500.0
2026-06-02 13:59:00,SSV.V,,0.5400000214576721,0.5400000214576721,0.5400000214576721,0.5400000214576721,834.0
2026-06-02 13:59:00,STUD.V,,0.3100000023841858,0.3100000023841858,0.3100000023841858,0.3100000023841858,9500.0
2026-06-02 13:59:00,SVE.V,,0.48500001430511475,0.48500001430511475,0.48500001430511475,0.48500001430511475,500.0
2026-06-02 14:00:00,MOO.V,,0.8199999928474426,0.8199999928474426,0.8199999928474426,0.8199999928474426,1500.0
2026-06-02 14:00:00,NCI.V,,0.7200000286102295,0.7200000286102295,0.7200000286102295,0.7200000286102295,1054.0
2026-06-02 14:00:00,NCX.V,,3.0199999809265137,3.0199999809265137,3.015000104904175,3.015000104904175,438.0
2026-06-02 14:00:00,NFG.V,,2.809999942779541,2.809999942779541,2.809999942779541,2.809999942779541,300.0
2026-06-02 14:00:00,PNPN.V,,1.309999942779541,1.309999942779541,1.309999942779541,1.309999942779541,300.0
2026-06-02 14:00:00,QTWO.V,,3.319999933242798,3.3299999237060547,3.319999933242798,3.3299999237060547,5110.0
2026-06-02 14:00:00,SAGE.V,,0.12999999523162842,0.12999999523162842,0.12999999523162842,0.12999999523162842,6000.0
2026-06-02 14:00:00,SHL.V,,0.38999998569488525,0.38999998569488525,0.38999998569488525,0.38999998569488525,7500.0
2026-06-02 14:00:00,SPA.V,,0.3449999988079071,0.3449999988079071,0.3449999988079071,0.3449999988079071,500.0
2026-06-02 14:00:00,SPRQ.V,,1.4299999475479126,1.4299999475479126,1.4299999475479126,1.4299999475479126,2800.0
2026-06-02 14:01:00,NCX.V,,3.0199999809265137,3.0199999809265137,3.0199999809265137,3.0199999809265137,100.0
2026-06-02 14:01:00,NFG.V,,2.809999942779541,2.809999942779541,2.809999942779541,2.809999942779541,1200.0
2026-06-02 14:01:00,NSE.V,,0.7699999809265137,0.7699999809265137,0.7699999809265137,0.7699999809265137,11400.0
2026-06-02 14:01:00,OMG.V,,2.630000114440918,2.630000114440918,2.630000114440918,2.630000114440918,100.0
2026-06-02 14:01:00,PNPN.V,,1.309999942779541,1.309999942779541,1.309999942779541,1.309999942779541,300.0
2026-06-02 14:01:00,PWM.V,,0.6349999904632568,0.6349999904632568,0.6349999904632568,0.6349999904632568,1000.0
2026-06-02 14:01:00,QNC.V,,4.670000076293945,4.670000076293945,4.670000076293945,4.670000076293945,415.0
2026-06-02 14:01:00,SLI.V,,5.739999771118164,5.739999771118164,5.730000019073486,5.730000019073486,300.0
2026-06-02 14:01:00,SPA.V,,0.3449999988079071,0.3449999988079071,0.3449999988079071,0.3449999988079071,500.0
2026-06-02 14:01:00,SPRQ.V,,1.4299999475479126,1.4299999475479126,1.4299999475479126,1.4299999475479126,10100.0
2026-06-02 14:01:00,SVRS.V,,0.5600000023841858,0.5600000023841858,0.5600000023841858,0.5600000023841858,500.0
2026-06-02 14:02:00,MGG.V,,0.38499999046325684,0.38499999046325684,0.38499999046325684,0.38499999046325684,500.0
2026-06-02 14:02:00,NCX.V,,3.0299999713897705,3.0299999713897705,3.0199999809265137,3.0199999809265137,2800.0
2026-06-02 14:02:00,NFG.V,,2.809999942779541,2.809999942779541,2.809999942779541,2.809999942779541,100.0
2026-06-02 14:02:00,OMG.V,,2.630000114440918,2.630000114440918,2.630000114440918,2.630000114440918,2500.0
2026-06-02 14:02:00,PNPN.V,,1.309999942779541,1.309999942779541,1.309999942779541,1.309999942779541,400.0
2026-06-02 14:02:00,REG.V,,4.425000190734863,4.425000190734863,4.425000190734863,4.425000190734863,100.0
2026-06-02 14:02:00,SPA.V,,0.3449999988079071,0.3449999988079071,0.3449999988079071,0.3449999988079071,500.0
2026-06-02 14:02:00,SVRS.V,,0.5600000023841858,0.5600000023841858,0.5600000023841858,0.5600000023841858,500.0
2026-06-02 14:03:00,MMY.V,,0.9200000166893005,0.9399999976158142,0.9200000166893005,0.9399999976158142,72000.0
2026-06-02 14:03:00,NCX.V,,3.0299999713897705,3.0299999713897705,3.0299999713897705,3.0299999713897705,1000.0
2026-06-02 14:03:00,NFG.V,,2.819999933242798,2.819999933242798,2.809999942779541,2.809999942779541,1100.0
2026-06-02 14:03:00,NXG.V,,0.4399999976158142,0.4399999976158142,0.4399999976158142,0.4399999976158142,12500.0
2026-06-02 14:03:00,PNPN.V,,1.309999942779541,1.309999942779541,1.309999942779541,1.309999942779541,300.0
2026-06-02 14:03:00,QNC.V,,4.650000095367432,4.650000095367432,4.650000095367432,4.650000095367432,100.0
2026-06-02 14:03:00,SLI.V,,5.730000019073486,5.730000019073486,5.730000019073486,5.730000019073486,600.0
2026-06-02 14:03:00,SSV.V,,0.5450000166893005,0.5450000166893005,0.5450000166893005,0.5450000166893005,1461.0
2026-06-02 14:03:00,SVE.V,,0.48500001430511475,0.48500001430511475,0.48500001430511475,0.48500001430511475,1000.0
2026-06-02 14:03:00,SVRS.V,,0.5600000023841858,0.5600000023841858,0.5600000023841858,0.5600000023841858,500.0
2026-06-02 14:04:00,MMY.V,,0.9200000166893005,0.9200000166893005,0.9200000166893005,0.9200000166893005,11500.0
2026-06-02 14:04:00,NCX.V,,3.0199999809265137,3.0199999809265137,3.0199999809265137,3.0199999809265137,200.0
2026-06-02 14:04:00,PML.V,,1.4600000381469727,1.465000033378601,1.4600000381469727,1.465000033378601,5100.0
2026-06-02 14:04:00,PNPN.V,,1.309999942779541,1.309999942779541,1.309999942779541,1.309999942779541,400.0
2026-06-02 14:04:00,PPP.V,,1.5299999713897705,1.5299999713897705,1.5299999713897705,1.5299999713897705,100.0
2026-06-02 14:04:00,QNC.V,,4.650000095367432,4.670000076293945,4.650000095367432,4.670000076293945,2600.0
2026-06-02 14:04:00,RECO.V,,1.190000057220459,1.190000057220459,1.190000057220459,1.190000057220459,100.0
2026-06-02 14:04:00,SCZ.V,,11.420000076293945,11.420000076293945,11.420000076293945,11.420000076293945,200.0
2026-06-02 14:04:00,SPA.V,,0.3449999988079071,0.3449999988079071,0.3449999988079071,0.3449999988079071,500.0
2026-06-02 14:04:00,SSV.V,,0.550000011920929,0.550000011920929,0.5450000166893005,0.5450000166893005,67300.0
2026-06-02 14:04:00,SVRS.V,,0.5600000023841858,0.5600000023841858,0.5600000023841858,0.5600000023841858,500.0
2026-06-02 14:05:00,NCX.V,,3.0250000953674316,3.0299999713897705,3.0250000953674316,3.0299999713897705,200.0
2026-06-02 14:05:00,ODV.V,,3.7899999618530273,3.7899999618530273,3.7899999618530273,3.7899999618530273,200.0
2026-06-02 14:05:00,PLSR.V,,1.5299999713897705,1.5299999713897705,1.5199999809265137,1.5199999809265137,1907.0
2026-06-02 14:05:00,PNPN.V,,1.309999942779541,1.309999942779541,1.309999942779541,1.309999942779541,500.0
2026-06-02 14:05:00,QTWO.V,,3.325000047683716,3.325000047683716,3.325000047683716,3.325000047683716,500.0
2026-06-02 14:05:00,RECO.V,,1.190000057220459,1.190000057220459,1.190000057220459,1.190000057220459,400.0
2026-06-02 14:05:00,SVRS.V,,0.5600000023841858,0.5600000023841858,0.5600000023841858,0.5600000023841858,500.0
2026-06-02 14:06:00,MGG.V,,0.38499999046325684,0.38499999046325684,0.38499999046325684,0.38499999046325684,500.0
2026-06-02 14:06:00,MMY.V,,0.9200000166893005,0.9200000166893005,0.9200000166893005,0.9200000166893005,2500.0
2026-06-02 14:06:00,NCX.V,,3.0250000953674316,3.0299999713897705,3.0250000953674316,3.0250000953674316,300.0
2026-06-02 14:06:00,NDA.V,,1.0299999713897705,1.0299999713897705,1.0299999713897705,1.0299999713897705,200.0
2026-06-02 14:06:00,PGLD.V,,0.8149999976158142,0.8149999976158142,0.8149999976158142,0.8149999976158142,500.0
2026-06-02 14:06:00,PNPN.V,,1.309999942779541,1.309999942779541,1.309999942779541,1.309999942779541,300.0
2026-06-02 14:06:00,QTWO.V,,3.3299999237060547,3.3299999237060547,3.3299999237060547,3.3299999237060547,200.0
2026-06-02 14:06:00,RET-A.V,,1.899999976158142,1.9299999475479126,1.899999976158142,1.9299999475479126,1400.0
2026-06-02 14:06:00,SDI.V,,0.23499999940395355,0.23499999940395355,0.23499999940395355,0.23499999940395355,745.0
2026-06-02 14:06:00,SHL.V,,0.38999998569488525,0.38999998569488525,0.38999998569488525,0.38999998569488525,1000.0
2026-06-02 14:06:00,SVRS.V,,0.5600000023841858,0.5600000023841858,0.5600000023841858,0.5600000023841858,1000.0
2026-06-02 14:07:00,NCX.V,,3.0299999713897705,3.0299999713897705,3.0299999713897705,3.0299999713897705,100.0
2026-06-02 14:07:00,NKL.V,,1.2300000190734863,1.2300000190734863,1.2300000190734863,1.2300000190734863,4000.0
2026-06-02 14:07:00,PGLD.V,,0.8149999976158142,0.8149999976158142,0.8149999976158142,0.8149999976158142,500.0
2026-06-02 14:07:00,PNPN.V,,1.3200000524520874,1.3200000524520874,1.309999942779541,1.309999942779541,600.0
2026-06-02 14:07:00,QNC.V,,4.679999828338623,4.679999828338623,4.679999828338623,4.679999828338623,100.0
2026-06-02 14:07:00,QTWO.V,,3.3299999237060547,3.3299999237060547,3.3299999237060547,3.3299999237060547,100.0
2026-06-02 14:07:00,RDS.V,,1.0800000429153442,1.0800000429153442,1.0800000429153442,1.0800000429153442,100.0
2026-06-02 14:07:00,RET-A.V,,1.909999966621399,1.909999966621399,1.909999966621399,1.909999966621399,180.0
2026-06-02 14:07:00,ROK.V,,0.3100000023841858,0.3100000023841858,0.3100000023841858,0.3100000023841858,20500.0
2026-06-02 14:07:00,SCZ.V,,11.420000076293945,11.420000076293945,11.420000076293945,11.420000076293945,100.0
2026-06-02 14:07:00,SPA.V,,0.3449999988079071,0.3449999988079071,0.3449999988079071,0.3449999988079071,500.0
2026-06-02 14:07:00,SVE.V,,0.48500001430511475,0.48500001430511475,0.48500001430511475,0.48500001430511475,600.0
2026-06-02 14:07:00,SVRS.V,,0.5600000023841858,0.5600000023841858,0.5600000023841858,0.5600000023841858,500.0
2026-06-02 14:08:00,NCX.V,,3.0299999713897705,3.0299999713897705,3.0299999713897705,3.0299999713897705,100.0
2026-06-02 14:08:00,NFG.V,,2.815000057220459,2.815000057220459,2.815000057220459,2.815000057220459,300.0
2026-06-02 14:08:00,OMG.V,,2.625,2.625,2.625,2.625,100.0
2026-06-02 14:08:00,PINK.V,,0.3100000023841858,0.3100000023841858,0.3100000023841858,0.3100000023841858,2000.0
2026-06-02 14:08:00,PLSR.V,,1.5399999618530273,1.5399999618530273,1.5399999618530273,1.5399999618530273,500.0
2026-06-02 14:08:00,PNPN.V,,1.309999942779541,1.309999942779541,1.309999942779541,1.309999942779541,500.0
2026-06-02 14:08:00,QTWO.V,,3.3299999237060547,3.3299999237060547,3.3299999237060547,3.3299999237060547,100.0
2026-06-02 14:08:00,SCOT.V,,2.359999895095825,2.359999895095825,2.359999895095825,2.359999895095825,400.0
2026-06-02 14:08:00,SCZ.V,,11.4399995803833,11.449999809265137,11.4399995803833,11.449999809265137,600.0
2026-06-02 14:08:00,SOMA.V,,0.9900000095367432,0.9900000095367432,0.9900000095367432,0.9900000095367432,526.0
2026-06-02 14:08:00,SVRS.V,,0.5600000023841858,0.5600000023841858,0.5600000023841858,0.5600000023841858,500.0
2026-06-02 14:09:00,MAI.V,,6.369999885559082,6.369999885559082,6.369999885559082,6.369999885559082,100.0
2026-06-02 14:09:00,MGG.V,,0.3799999952316284,0.3799999952316284,0.3799999952316284,0.3799999952316284,1000.0
2026-06-02 14:09:00,MMY.V,,0.9300000071525574,0.9300000071525574,0.9100000262260437,0.9100000262260437,227602.0
2026-06-02 14:09:00,NCX.V,,3.0299999713897705,3.0299999713897705,3.0299999713897705,3.0299999713897705,400.0
2026-06-02 14:09:00,NFD-A.V,,5.190000057220459,5.190000057220459,5.190000057220459,5.190000057220459,3700.0
2026-06-02 14:09:00,NFG.V,,2.809999942779541,2.809999942779541,2.809999942779541,2.809999942779541,1300.0
2026-06-02 14:09:00,PGLD.V,,0.8199999928474426,0.8199999928474426,0.8199999928474426,0.8199999928474426,500.0
2026-06-02 14:09:00,PNPN.V,,1.309999942779541,1.3200000524520874,1.309999942779541,1.3200000524520874,500.0
2026-06-02 14:09:00,QGR.V,,0.25,0.2549999952316284,0.25,0.2549999952316284,76162.0
2026-06-02 14:09:00,QTWO.V,,3.3299999237060547,3.3299999237060547,3.3299999237060547,3.3299999237060547,100.0
2026-06-02 14:09:00,RYO.V,,0.3499999940395355,0.3499999940395355,0.3499999940395355,0.3499999940395355,4500.0
2026-06-02 14:09:00,SVRS.V,,0.5600000023841858,0.5600000023841858,0.5600000023841858,0.5600000023841858,500.0
2026-06-02 14:10:00,AGX.V,,0.7799999713897705,0.7799999713897705,0.7799999713897705,0.7799999713897705,1000.0
2026-06-02 14:10:00,MGG.V,,0.3774999976158142,0.3774999976158142,0.3774999976158142,0.3774999976158142,500.0
2026-06-02 14:10:00,MMY.V,,0.9300000071525574,0.9300000071525574,0.9300000071525574,0.9300000071525574,15500.0
2026-06-02 14:10:00,NCX.V,,3.0250000953674316,3.0299999713897705,3.0250000953674316,3.0299999713897705,600.0
2026-06-02 14:10:00,OMG.V,,2.630000114440918,2.630000114440918,2.630000114440918,2.630000114440918,500.0
2026-06-02 14:10:00,PNPN.V,,1.315000057220459,1.3200000524520874,1.309999942779541,1.309999942779541,500.0
2026-06-02 14:10:00,QTWO.V,,3.325000047683716,3.3299999237060547,3.325000047683716,3.3299999237060547,200.0
2026-06-02 14:10:00,RW.V,,0.23499999940395355,0.23499999940395355,0.23499999940395355,0.23499999940395355,0.0
2026-06-02 14:10:00,SLI.V,,5.690000057220459,5.699999809265137,5.690000057220459,5.699999809265137,1000.0
2026-06-02 14:10:00,SPA.V,,0.3449999988079071,0.3449999988079071,0.3449999988079071,0.3449999988079071,500.0
2026-06-02 14:10:00,SRQ.V,,0.06499999761581421,0.06499999761581421,0.06499999761581421,0.06499999761581421,5000.0
2026-06-02 14:10:00,SVRS.V,,0.5600000023841858,0.5600000023841858,0.5600000023841858,0.5600000023841858,500.0
2026-06-02 14:11:00,MMY.V,,0.9300000071525574,0.9300000071525574,0.9300000071525574,0.9300000071525574,500.0
2026-06-02 14:11:00,NCAU.V,,0.550000011920929,0.550000011920929,0.550000011920929,0.550000011920929,12000.0
2026-06-02 14:11:00,ORC-B.V,,3.4000000953674316,3.4000000953674316,3.4000000953674316,3.4000000953674316,678.0
2026-06-02 14:11:00,PNPN.V,,1.3200000524520874,1.3300000429153442,1.309999942779541,1.309999942779541,18000.0
2026-06-02 14:11:00,PPP.V,,1.5299999713897705,1.5299999713897705,1.5299999713897705,1.5299999713897705,43600.0
2026-06-02 14:11:00,QNC.V,,4.679999828338623,4.679999828338623,4.679999828338623,4.679999828338623,100.0
2026-06-02 14:11:00,QTWO.V,,3.3299999237060547,3.3299999237060547,3.3299999237060547,3.3299999237060547,100.0
2026-06-02 14:11:00,RECO.V,,1.190000057220459,1.190000057220459,1.190000057220459,1.190000057220459,100.0
2026-06-02 14:11:00,SVRS.V,,0.5600000023841858,0.5600000023841858,0.5600000023841858,0.5600000023841858,500.0
2026-06-02 14:12:00,MAI.V,,6.355000019073486,6.355000019073486,6.355000019073486,6.355000019073486,550.0
2026-06-02 14:12:00,NCAU.V,,0.550000011920929,0.550000011920929,0.550000011920929,0.550000011920929,1500.0
2026-06-02 14:12:00,NCX.V,,3.0199999809265137,3.0199999809265137,3.0199999809265137,3.0199999809265137,500.0
2026-06-02 14:12:00,NFD-A.V,,5.190000057220459,5.190000057220459,5.190000057220459,5.190000057220459,3600.0
2026-06-02 14:12:00,OMG.V,,2.640000104904175,2.640000104904175,2.640000104904175,2.640000104904175,400.0
2026-06-02 14:12:00,PGE.V,,0.3149999976158142,0.3149999976158142,0.3149999976158142,0.3149999976158142,1000.0
2026-06-02 14:12:00,PNPN.V,,1.3200000524520874,1.3300000429153442,1.3200000524520874,1.3300000429153442,7000.0
2026-06-02 14:12:00,PPP.V,,1.5299999713897705,1.5299999713897705,1.5299999713897705,1.5299999713897705,300.0
2026-06-02 14:12:00,QTWO.V,,3.3299999237060547,3.3299999237060547,3.3299999237060547,3.3299999237060547,100.0
2026-06-02 14:12:00,RECO.V,,1.190000057220459,1.190000057220459,1.190000057220459,1.190000057220459,4600.0
2026-06-02 14:12:00,SCZ.V,,11.420000076293945,11.4399995803833,11.420000076293945,11.4399995803833,200.0
2026-06-02 14:12:00,SOMA.V,,0.9900000095367432,0.9900000095367432,0.9900000095367432,0.9900000095367432,1000.0
2026-06-02 14:12:00,SVRS.V,,0.5600000023841858,0.5600000023841858,0.5600000023841858,0.5600000023841858,500.0
2026-06-02 14:13:00,NCX.V,,3.0199999809265137,3.0199999809265137,3.0199999809265137,3.0199999809265137,600.0
2026-06-02 14:13:00,NFG.V,,2.809999942779541,2.809999942779541,2.809999942779541,2.809999942779541,100.0
2026-06-02 14:13:00,ODV.V,,3.7899999618530273,3.7899999618530273,3.7899999618530273,3.7899999618530273,100.0
2026-06-02 14:13:00,ONYX.V,,1.2599999904632568,1.2599999904632568,1.2599999904632568,1.2599999904632568,500.0
2026-06-02 14:13:00,PGE.V,,0.3149999976158142,0.3149999976158142,0.3149999976158142,0.3149999976158142,3500.0
2026-06-02 14:13:00,PLSR.V,,1.5199999809265137,1.5199999809265137,1.5199999809265137,1.5199999809265137,600.0
2026-06-02 14:13:00,PPP.V,,1.5299999713897705,1.5299999713897705,1.5299999713897705,1.5299999713897705,300.0
2026-06-02 14:13:00,QTWO.V,,3.3299999237060547,3.3299999237060547,3.3299999237060547,3.3299999237060547,100.0
2026-06-02 14:13:00,SPA.V,,0.3449999988079071,0.3449999988079071,0.3449999988079071,0.3449999988079071,500.0
2026-06-02 14:13:00,SVRS.V,,0.5649999976158142,0.5649999976158142,0.5649999976158142,0.5649999976158142,500.0
2026-06-02 14:14:00,NCAU.V,,0.550000011920929,0.550000011920929,0.550000011920929,0.550000011920929,1000.0
2026-06-02 14:14:00,NCX.V,,3.0250000953674316,3.0299999713897705,3.0250000953674316,3.0299999713897705,400.0
2026-06-02 14:14:00,NFG.V,,2.809999942779541,2.809999942779541,2.809999942779541,2.809999942779541,2500.0
2026-06-02 14:14:00,OMG.V,,2.630000114440918,2.630000114440918,2.630000114440918,2.630000114440918,1300.0
2026-06-02 14:14:00,PLSR.V,,1.5199999809265137,1.5199999809265137,1.5199999809265137,1.5199999809265137,201.0
2026-06-02 14:14:00,PNPN.V,,1.3250000476837158,1.3250000476837158,1.3250000476837158,1.3250000476837158,100.0
2026-06-02 14:14:00,PPP.V,,1.5299999713897705,1.5299999713897705,1.5299999713897705,1.5299999713897705,800.0
2026-06-02 14:14:00,QTWO.V,,3.3299999237060547,3.3299999237060547,3.319999933242798,3.325000047683716,6400.0
2026-06-02 14:14:00,RDS.V,,1.0800000429153442,1.0800000429153442,1.0800000429153442,1.0800000429153442,3200.0
2026-06-02 14:14:00,SM.V,,1.940000057220459,1.940000057220459,1.940000057220459,1.940000057220459,2725.0
2026-06-02 14:14:00,STRM.V,,0.41999998688697815,0.41999998688697815,0.41999998688697815,0.41999998688697815,1000.0
2026-06-02 14:14:00,SVRS.V,,0.5600000023841858,0.5600000023841858,0.550000011920929,0.5600000023841858,42000.0
2026-06-02 14:15:00,AGX.V,,0.7799999713897705,0.7799999713897705,0.7799999713897705,0.7799999713897705,500.0
2026-06-02 14:15:00,LITT.V,,0.1899999976158142,0.19499999284744263,0.1899999976158142,0.19499999284744263,5500.0
2026-06-02 14:15:00,MMY.V,,0.9300000071525574,0.9300000071525574,0.9300000071525574,0.9300000071525574,500.0
2026-06-02 14:15:00,NCX.V,,3.0250000953674316,3.0299999713897705,3.0250000953674316,3.0299999713897705,1100.0
2026-06-02 14:15:00,PNPN.V,,1.3300000429153442,1.3300000429153442,1.3300000429153442,1.3300000429153442,100.0
2026-06-02 14:15:00,PPP.V,,1.5299999713897705,1.5299999713897705,1.5299999713897705,1.5299999713897705,200.0
2026-06-02 14:15:00,QNC.V,,4.679999828338623,4.679999828338623,4.679999828338623,4.679999828338623,100.0
2026-06-02 14:15:00,QTWO.V,,3.3299999237060547,3.3299999237060547,3.325000047683716,3.325000047683716,200.0
2026-06-02 14:15:00,RKV.V,,0.12999999523162842,0.12999999523162842,0.12999999523162842,0.12999999523162842,500.0
2026-06-02 14:15:00,SOMA.V,,0.9800000190734863,0.9800000190734863,0.9800000190734863,0.9800000190734863,500.0
2026-06-02 14:15:00,SPA.V,,0.3499999940395355,0.3499999940395355,0.3499999940395355,0.3499999940395355,500.0
2026-06-02 14:15:00,SVRS.V,,0.5600000023841858,0.5600000023841858,0.5600000023841858,0.5600000023841858,7000.0
2026-06-02 14:16:00,NCAU.V,,0.550000011920929,0.550000011920929,0.550000011920929,0.550000011920929,500.0
2026-06-02 14:16:00,NCX.V,,3.0299999713897705,3.0299999713897705,3.0299999713897705,3.0299999713897705,200.0
2026-06-02 14:16:00,NFG.V,,2.809999942779541,2.809999942779541,2.809999942779541,2.809999942779541,100.0
2026-06-02 14:16:00,OMG.V,,2.634999990463257,2.634999990463257,2.634999990463257,2.634999990463257,100.0
2026-06-02 14:16:00,OTC.V,,0.550000011920929,0.550000011920929,0.550000011920929,0.550000011920929,1660.0
2026-06-02 14:16:00,OVT.V,,0.03999999910593033,0.03999999910593033,0.03999999910593033,0.03999999910593033,6000.0
2026-06-02 14:16:00,PNPN.V,,1.3300000429153442,1.3300000429153442,1.3300000429153442,1.3300000429153442,200.0
2026-06-02 14:16:00,PPP.V,,1.5299999713897705,1.5299999713897705,1.5299999713897705,1.5299999713897705,100.0
2026-06-02 14:16:00,QTWO.V,,3.3399999141693115,3.3499999046325684,3.3299999237060547,3.3299999237060547,57700.0
2026-06-02 14:16:00,SGU.V,,0.03999999910593033,0.03999999910593033,0.03999999910593033,0.03999999910593033,0.0
2026-06-02 14:16:00,SVRS.V,,0.5600000023841858,0.5600000023841858,0.5600000023841858,0.5600000023841858,500.0
2026-06-02 14:17:00,HASH.V,,0.03999999910593033,0.03999999910593033,0.03999999910593033,0.03999999910593033,47000.0
2026-06-02 14:17:00,MGG.V,,0.3799999952316284,0.3799999952316284,0.3799999952316284,0.3799999952316284,500.0
2026-06-02 14:17:00,NCX.V,,3.0299999713897705,3.0299999713897705,3.0299999713897705,3.0299999713897705,200.0
2026-06-02 14:17:00,NFG.V,,2.809999942779541,2.809999942779541,2.809999942779541,2.809999942779541,1800.0
2026-06-02 14:17:00,PNPN.V,,1.3200000524520874,1.3200000524520874,1.3200000524520874,1.3200000524520874,18700.0
2026-06-02 14:17:00,PPP.V,,1.5299999713897705,1.5299999713897705,1.5299999713897705,1.5299999713897705,200.0
2026-06-02 14:17:00,RDS.V,,1.0800000429153442,1.0800000429153442,1.0800000429153442,1.0800000429153442,100.0
2026-06-02 14:17:00,RECO.V,,1.190000057220459,1.190000057220459,1.190000057220459,1.190000057220459,300.0
2026-06-02 14:17:00,SSV.V,,0.550000011920929,0.550000011920929,0.550000011920929,0.550000011920929,750.0
2026-06-02 14:17:00,SVE.V,,0.49000000953674316,0.49000000953674316,0.49000000953674316,0.49000000953674316,1040.0
2026-06-02 14:17:00,SVRS.V,,0.5600000023841858,0.5600000023841858,0.5600000023841858,0.5600000023841858,500.0
2026-06-02 14:18:00,MMY.V,,0.9200000166893005,0.9300000071525574,0.9200000166893005,0.9300000071525574,16000.0
2026-06-02 14:18:00,NCX.V,,3.0299999713897705,3.0299999713897705,3.0299999713897705,3.0299999713897705,452.0
2026-06-02 14:18:00,NOAL.V,,0.25,0.25,0.25,0.25,35000.0
2026-06-02 14:18:00,ONYX.V,,1.2599999904632568,1.2599999904632568,1.2599999904632568,1.2599999904632568,100.0
2026-06-02 14:18:00,PGE.V,,0.3149999976158142,0.3149999976158142,0.3149999976158142,0.3149999976158142,1000.0
2026-06-02 14:18:00,PGLD.V,,0.8149999976158142,0.8149999976158142,0.8149999976158142,0.8149999976158142,1000.0
2026-06-02 14:18:00,PPP.V,,1.5299999713897705,1.5299999713897705,1.5299999713897705,1.5299999713897705,100.0
2026-06-02 14:18:00,RAK.V,,0.14499999582767487,0.15000000596046448,0.14499999582767487,0.15000000596046448,30500.0
2026-06-02 14:18:00,SCZ.V,,11.4399995803833,11.4399995803833,11.4399995803833,11.4399995803833,100.0
2026-06-02 14:18:00,SLI.V,,5.699999809265137,5.699999809265137,5.699999809265137,5.699999809265137,100.0
2026-06-02 14:19:00,MMY.V,,0.9300000071525574,0.9300000071525574,0.9300000071525574,0.9300000071525574,5500.0
2026-06-02 14:19:00,NBM.V,,0.38999998569488525,0.38999998569488525,0.38999998569488525,0.38999998569488525,5000.0
2026-06-02 14:19:00,NCX.V,,3.0299999713897705,3.0299999713897705,3.0299999713897705,3.0299999713897705,400.0
2026-06-02 14:19:00,OMG.V,,2.634999990463257,2.634999990463257,2.634999990463257,2.634999990463257,100.0
2026-06-02 14:19:00,PGLD.V,,0.8100000023841858,0.8100000023841858,0.8100000023841858,0.8100000023841858,2000.0
2026-06-02 14:19:00,PPP.V,,1.5499999523162842,1.5499999523162842,1.5299999713897705,1.5299999713897705,35300.0
2026-06-02 14:19:00,PRG.V,,0.33500000834465027,0.33500000834465027,0.32749998569488525,0.32749998569488525,7500.0
2026-06-02 14:19:00,RECO.V,,1.190000057220459,1.190000057220459,1.190000057220459,1.190000057220459,100.0
2026-06-02 14:19:00,ROK.V,,0.3149999976158142,0.3149999976158142,0.3149999976158142,0.3149999976158142,500.0
2026-06-02 14:19:00,SLG.V,,5.53000020980835,5.53000020980835,5.5,5.5,3142.0
2026-06-02 14:19:00,SMN.V,,0.17000000178813934,0.17000000178813934,0.17000000178813934,0.17000000178813934,11780.0
2026-06-02 14:19:00,SPA.V,,0.3499999940395355,0.3499999940395355,0.3499999940395355,0.3499999940395355,500.0
2026-06-02 14:19:00,SRL.V,,0.26499998569488525,0.26499998569488525,0.26499998569488525,0.26499998569488525,3500.0
2026-06-02 14:20:00,MAI.V,,6.364999771118164,6.369999885559082,6.364999771118164,6.364999771118164,600.0
2026-06-02 14:20:00,MGG.V,,0.3799999952316284,0.3799999952316284,0.3799999952316284,0.3799999952316284,500.0
2026-06-02 14:20:00,MGRO.V,,0.5,0.5,0.5,0.5,8000.0
2026-06-02 14:20:00,MMY.V,,0.9300000071525574,0.9300000071525574,0.9300000071525574,0.9300000071525574,8000.0
2026-06-02 14:20:00,NCX.V,,3.0299999713897705,3.0299999713897705,3.0299999713897705,3.0299999713897705,300.0
2026-06-02 14:20:00,NDA.V,,1.0299999713897705,1.0299999713897705,1.0299999713897705,1.0299999713897705,100.0
2026-06-02 14:20:00,NFG.V,,2.809999942779541,2.809999942779541,2.809999942779541,2.809999942779541,1000.0
2026-06-02 14:20:00,OPHR.V,,0.029999999329447746,0.029999999329447746,0.029999999329447746,0.029999999329447746,15000.0
2026-06-02 14:20:00,PPP.V,,1.5499999523162842,1.5499999523162842,1.5499999523162842,1.5499999523162842,100.0
2026-06-02 14:20:00,QTWO.V,,3.3499999046325684,3.3499999046325684,3.3499999046325684,3.3499999046325684,600.0
2026-06-02 14:20:00,SCZ.V,,11.4399995803833,11.460000038146973,11.4399995803833,11.460000038146973,700.0
2026-06-02 14:21:00,AGX.V,,0.7799999713897705,0.7799999713897705,0.7799999713897705,0.7799999713897705,500.0
2026-06-02 14:21:00,NCAU.V,,0.550000011920929,0.550000011920929,0.550000011920929,0.550000011920929,500.0
2026-06-02 14:21:00,NFD-A.V,,5.190000057220459,5.190000057220459,5.190000057220459,5.190000057220459,2400.0
2026-06-02 14:21:00,PLSR.V,,1.5099999904632568,1.5099999904632568,1.5099999904632568,1.5099999904632568,100.0
2026-06-02 14:21:00,PPP.V,,1.5499999523162842,1.5499999523162842,1.5499999523162842,1.5499999523162842,100.0
2026-06-02 14:21:00,QTWO.V,,3.359999895095825,3.359999895095825,3.3499999046325684,3.3499999046325684,2673.0
2026-06-02 14:21:00,SOMA.V,,0.9850000143051147,0.9850000143051147,0.9850000143051147,0.9850000143051147,500.0
2026-06-02 14:22:00,MGRO.V,,0.5,0.5,0.5,0.5,1000.0
2026-06-02 14:22:00,MMY.V,,0.9300000071525574,0.9300000071525574,0.9300000071525574,0.9300000071525574,500.0
2026-06-02 14:22:00,NCX.V,,3.0299999713897705,3.0299999713897705,3.0299999713897705,3.0299999713897705,300.0
2026-06-02 14:22:00,OMG.V,,2.634999990463257,2.634999990463257,2.634999990463257,2.634999990463257,100.0
2026-06-02 14:22:00,PNPN.V,,1.3200000524520874,1.3200000524520874,1.3200000524520874,1.3200000524520874,400.0
2026-06-02 14:22:00,PPP.V,,1.5499999523162842,1.5499999523162842,1.5499999523162842,1.5499999523162842,200.0
2026-06-02 14:22:00,QNC.V,,4.690000057220459,4.690000057220459,4.690000057220459,4.690000057220459,407.0
2026-06-02 14:22:00,QTWO.V,,3.3499999046325684,3.365000009536743,3.3499999046325684,3.359999895095825,3300.0
2026-06-02 14:22:00,ROMJ.V,,0.41999998688697815,0.41999998688697815,0.41999998688697815,0.41999998688697815,15500.0
2026-06-02 14:22:00,SLG.V,,5.599999904632568,5.599999904632568,5.570000171661377,5.570000171661377,3085.0
2026-06-02 14:22:00,SPA.V,,0.3499999940395355,0.3499999940395355,0.3499999940395355,0.3499999940395355,500.0
2026-06-02 14:23:00,MAI.V,,6.380000114440918,6.380000114440918,6.369999885559082,6.369999885559082,700.0
2026-06-02 14:23:00,NCX.V,,3.0299999713897705,3.0299999713897705,3.0299999713897705,3.0299999713897705,300.0
2026-06-02 14:23:00,NDA.V,,1.0199999809265137,1.0299999713897705,1.0199999809265137,1.0299999713897705,30300.0
2026-06-02 14:23:00,NRM.V,,0.1899999976158142,0.1899999976158142,0.1899999976158142,0.1899999976158142,1500.0
2026-06-02 14:23:00,ODV.V,,3.7799999713897705,3.7799999713897705,3.7799999713897705,3.7799999713897705,100.0
2026-06-02 14:23:00,PNPN.V,,1.3200000524520874,1.3200000524520874,1.3200000524520874,1.3200000524520874,300.0
2026-06-02 14:23:00,PPP.V,,1.5499999523162842,1.5499999523162842,1.5499999523162842,1.5499999523162842,100.0
2026-06-02 14:23:00,QCX.V,,0.25,0.25,0.25,0.25,0.0
2026-06-02 14:23:00,RDS.V,,1.0800000429153442,1.0800000429153442,1.0800000429153442,1.0800000429153442,100.0
2026-06-02 14:23:00,SCZ.V,,11.460000038146973,11.470000267028809,11.460000038146973,11.470000267028809,500.0
2026-06-02 14:24:00,NCX.V,,3.0250000953674316,3.0299999713897705,3.009999990463257,3.0299999713897705,11254.0
2026-06-02 14:24:00,NFG.V,,2.805000066757202,2.805000066757202,2.799999952316284,2.805000066757202,7900.0
2026-06-02 14:24:00,OCO.V,,0.4399999976158142,0.4399999976158142,0.4399999976158142,0.4399999976158142,1000.0
2026-06-02 14:24:00,OMG.V,,2.640000104904175,2.640000104904175,2.640000104904175,2.640000104904175,100.0
2026-06-02 14:24:00,PNPN.V,,1.3300000429153442,1.3300000429153442,1.3200000524520874,1.3200000524520874,400.0
2026-06-02 14:24:00,PPP.V,,1.5499999523162842,1.5499999523162842,1.5499999523162842,1.5499999523162842,1000.0
2026-06-02 14:24:00,SMN.V,,0.17000000178813934,0.17000000178813934,0.17000000178813934,0.17000000178813934,14000.0
2026-06-02 14:24:00,SVRS.V,,0.5649999976158142,0.5649999976158142,0.5649999976158142,0.5649999976158142,500.0
2026-06-02 14:25:00,MGG.V,,0.3799999952316284,0.3799999952316284,0.3799999952316284,0.3799999952316284,500.0
2026-06-02 14:25:00,NCX.V,,3.0250000953674316,3.0299999713897705,3.0250000953674316,3.0250000953674316,500.0
2026-06-02 14:25:00,NSU.V,,0.27000001072883606,0.27000001072883606,0.27000001072883606,0.27000001072883606,500.0
2026-06-02 14:25:00,OCO.V,,0.4399999976158142,0.4399999976158142,0.4399999976158142,0.4399999976158142,1000.0
2026-06-02 14:25:00,PGX.V,,0.03999999910593033,0.03999999910593033,0.03999999910593033,0.03999999910593033,10000.0
2026-06-02 14:25:00,PNPN.V,,1.3300000429153442,1.3300000429153442,1.3200000524520874,1.3200000524520874,20800.0
2026-06-02 14:25:00,QGR.V,,0.25,0.25,0.25,0.25,9500.0
2026-06-02 14:25:00,QNC.V,,4.699999809265137,4.699999809265137,4.699999809265137,4.699999809265137,100.0
2026-06-02 14:25:00,QTWO.V,,3.380000114440918,3.384999990463257,3.369999885559082,3.369999885559082,6052.0
2026-06-02 14:25:00,RDS.V,,1.0800000429153442,1.0800000429153442,1.0700000524520874,1.0750000476837158,5500.0
2026-06-02 14:25:00,RECO.V,,1.190000057220459,1.190000057220459,1.190000057220459,1.190000057220459,2100.0
2026-06-02 14:25:00,SRL.V,,0.26499998569488525,0.26499998569488525,0.26499998569488525,0.26499998569488525,500.0
2026-06-02 14:26:00,AGX.V,,0.7900000214576721,0.7900000214576721,0.7900000214576721,0.7900000214576721,3000.0
2026-06-02 14:26:00,MMY.V,,0.9300000071525574,0.9300000071525574,0.9300000071525574,0.9300000071525574,500.0
2026-06-02 14:26:00,MOO.V,,0.8399999737739563,0.8399999737739563,0.8399999737739563,0.8399999737739563,2000.0
2026-06-02 14:26:00,NCX.V,,3.0299999713897705,3.0299999713897705,3.0250000953674316,3.0250000953674316,500.0
2026-06-02 14:26:00,NFG.V,,2.809999942779541,2.809999942779541,2.805000066757202,2.805000066757202,9300.0
2026-06-02 14:26:00,NSU.V,,0.27000001072883606,0.27000001072883606,0.27000001072883606,0.27000001072883606,4500.0
2026-06-02 14:26:00,PPP.V,,1.5499999523162842,1.5499999523162842,1.5499999523162842,1.5499999523162842,200.0
2026-06-02 14:26:00,QTWO.V,,3.390000104904175,3.4000000953674316,3.380000114440918,3.390000104904175,14800.0
2026-06-02 14:26:00,SCZ.V,,11.470000267028809,11.470000267028809,11.470000267028809,11.470000267028809,100.0
2026-06-02 14:26:00,SRL.V,,0.27000001072883606,0.27000001072883606,0.27000001072883606,0.27000001072883606,20500.0
2026-06-02 14:27:00,AGX.V,,0.7900000214576721,0.7900000214576721,0.7900000214576721,0.7900000214576721,870.0
2026-06-02 14:27:00,NCAU.V,,0.550000011920929,0.550000011920929,0.550000011920929,0.550000011920929,500.0
2026-06-02 14:27:00,NCX.V,,3.0299999713897705,3.0299999713897705,3.0299999713897705,3.0299999713897705,2063.0
2026-06-02 14:27:00,NKL.V,,1.2200000286102295,1.2300000190734863,1.2200000286102295,1.2300000190734863,12700.0
2026-06-02 14:27:00,ODV.V,,3.7799999713897705,3.7799999713897705,3.7799999713897705,3.7799999713897705,300.0
2026-06-02 14:27:00,OMG.V,,2.640000104904175,2.640000104904175,2.640000104904175,2.640000104904175,100.0
2026-06-02 14:27:00,PML.V,,1.4500000476837158,1.4500000476837158,1.4500000476837158,1.4500000476837158,3600.0
2026-06-02 14:27:00,PNPN.V,,1.3200000524520874,1.3250000476837158,1.3200000524520874,1.3250000476837158,7100.0
2026-06-02 14:27:00,PPP.V,,1.5499999523162842,1.5499999523162842,1.5499999523162842,1.5499999523162842,1600.0
2026-06-02 14:27:00,PRG.V,,0.33500000834465027,0.33500000834465027,0.33500000834465027,0.33500000834465027,8000.0
2026-06-02 14:27:00,SCZ.V,,11.489999771118164,11.489999771118164,11.489999771118164,11.489999771118164,1200.0
2026-06-02 14:28:00,NFG.V,,2.809999942779541,2.809999942779541,2.809999942779541,2.809999942779541,800.0
2026-06-02 14:28:00,ODV.V,,3.7699999809265137,3.7699999809265137,3.7699999809265137,3.7699999809265137,900.0
2026-06-02 14:28:00,OMG.V,,2.630000114440918,2.630000114440918,2.630000114440918,2.630000114440918,1961.0
2026-06-02 14:28:00,ONYX.V,,1.2599999904632568,1.2599999904632568,1.2599999904632568,1.2599999904632568,200.0
2026-06-02 14:28:00,PER.V,,0.24500000476837158,0.24500000476837158,0.24500000476837158,0.24500000476837158,5000.0
2026-06-02 14:28:00,PML.V,,1.4600000381469727,1.4700000286102295,1.4500000476837158,1.4700000286102295,6600.0
2026-06-02 14:28:00,PTU.V,,0.41999998688697815,0.41999998688697815,0.41999998688697815,0.41999998688697815,4500.0
2026-06-02 14:28:00,QNC.V,,4.699999809265137,4.699999809265137,4.699999809265137,4.699999809265137,100.0
2026-06-02 14:28:00,QTWO.V,,3.390000104904175,3.4000000953674316,3.390000104904175,3.4000000953674316,3700.0
2026-06-02 14:28:00,RECO.V,,1.1950000524520874,1.1950000524520874,1.1950000524520874,1.1950000524520874,100.0
2026-06-02 14:28:00,SLI.V,,5.699999809265137,5.699999809265137,5.699999809265137,5.699999809265137,100.0
2026-06-02 14:28:00,SPA.V,,0.3499999940395355,0.3499999940395355,0.3499999940395355,0.3499999940395355,500.0
2026-06-02 14:29:00,AGX.V,,0.7900000214576721,0.7900000214576721,0.7900000214576721,0.7900000214576721,4000.0
2026-06-02 14:29:00,MAI.V,,6.409999847412109,6.409999847412109,6.389999866485596,6.389999866485596,6500.0
2026-06-02 14:29:00,NFG.V,,2.809999942779541,2.809999942779541,2.809999942779541,2.809999942779541,1330.0
2026-06-02 14:29:00,ODV.V,,3.759999990463257,3.759999990463257,3.759999990463257,3.759999990463257,100.0
2026-06-02 14:29:00,PLAN.V,,0.3499999940395355,0.3499999940395355,0.3499999940395355,0.3499999940395355,13500.0
2026-06-02 14:29:00,PML.V,,1.4500000476837158,1.4600000381469727,1.4500000476837158,1.4600000381469727,29900.0
2026-06-02 14:29:00,PPP.V,,1.5499999523162842,1.5499999523162842,1.5499999523162842,1.5499999523162842,100.0
2026-06-02 14:29:00,QGR.V,,0.25,0.25,0.25,0.25,5500.0
2026-06-02 14:29:00,QTWO.V,,3.380000114440918,3.390000104904175,3.380000114440918,3.390000104904175,1700.0
2026-06-02 14:29:00,RECO.V,,1.190000057220459,1.190000057220459,1.190000057220459,1.190000057220459,100.0
2026-06-02 14:29:00,SVE.V,,0.49000000953674316,0.49000000953674316,0.49000000953674316,0.49000000953674316,500.0
2026-06-02 14:30:00,MGG.V,,0.3799999952316284,0.3799999952316284,0.3799999952316284,0.3799999952316284,500.0
2026-06-02 14:30:00,OMG.V,,2.630000114440918,2.630000114440918,2.630000114440918,2.630000114440918,100.0
2026-06-02 14:30:00,ONYX.V,,1.25,1.2599999904632568,1.25,1.2599999904632568,8000.0
2026-06-02 14:30:00,PNPN.V,,1.3300000429153442,1.3300000429153442,1.3300000429153442,1.3300000429153442,100.0
2026-06-02 14:30:00,PPP.V,,1.5499999523162842,1.5499999523162842,1.5499999523162842,1.5499999523162842,100.0
2026-06-02 14:30:00,PRG.V,,0.33500000834465027,0.33500000834465027,0.33500000834465027,0.33500000834465027,2000.0
2026-06-02 14:30:00,RDS.V,,1.0800000429153442,1.0800000429153442,1.0800000429153442,1.0800000429153442,100.0
2026-06-02 14:30:00,SM.V,,1.940000057220459,1.940000057220459,1.940000057220459,1.940000057220459,200.0
2026-06-02 14:30:00,SRR.V,,0.9800000190734863,0.9800000190734863,0.9800000190734863,0.9800000190734863,600.0
2026-06-02 14:30:00,SVRS.V,,0.5649999976158142,0.5649999976158142,0.5649999976158142,0.5649999976158142,500.0
2026-06-02 14:31:00,NCX.V,,3.0399999618530273,3.0399999618530273,3.0399999618530273,3.0399999618530273,200.0
2026-06-02 14:31:00,OMG.V,,2.615000009536743,2.619999885559082,2.615000009536743,2.619999885559082,800.0
2026-06-02 14:31:00,PNPN.V,,1.3300000429153442,1.3300000429153442,1.3300000429153442,1.3300000429153442,2200.0
2026-06-02 14:31:00,PPP.V,,1.5499999523162842,1.5499999523162842,1.5499999523162842,1.5499999523162842,200.0
2026-06-02 14:31:00,PRG.V,,0.33500000834465027,0.33500000834465027,0.33500000834465027,0.33500000834465027,3500.0
2026-06-02 14:31:00,PVF-UN.V,,17.5,17.5,17.5,17.5,0.0
2026-06-02 14:31:00,STUD.V,,0.3100000023841858,0.3100000023841858,0.3100000023841858,0.3100000023841858,5500.0
2026-06-02 14:32:00,NCX.V,,3.0399999618530273,3.0399999618530273,3.0350000858306885,3.0399999618530273,400.0
2026-06-02 14:32:00,NFG.V,,2.809999942779541,2.809999942779541,2.809999942779541,2.809999942779541,100.0
2026-06-02 14:32:00,OMG.V,,2.609999895095825,2.615000009536743,2.609999895095825,2.609999895095825,3400.0
2026-06-02 14:32:00,PINK.V,,0.3100000023841858,0.3100000023841858,0.3100000023841858,0.3100000023841858,1000.0
2026-06-02 14:32:00,PLSR.V,,1.5299999713897705,1.5299999713897705,1.5299999713897705,1.5299999713897705,1500.0
2026-06-02 14:32:00,PNPN.V,,1.3300000429153442,1.3300000429153442,1.3300000429153442,1.3300000429153442,200.0
2026-06-02 14:32:00,PPP.V,,1.5499999523162842,1.5499999523162842,1.5499999523162842,1.5499999523162842,1600.0
2026-06-02 14:32:00,PUR.V,,0.625,0.625,0.625,0.625,500.0
2026-06-02 14:32:00,PWM.V,,0.6299999952316284,0.6299999952316284,0.6299999952316284,0.6299999952316284,500.0
2026-06-02 14:32:00,QGR.V,,0.25,0.25,0.25,0.25,1000.0
2026-06-02 14:32:00,QNC.V,,4.670000076293945,4.690000057220459,4.670000076293945,4.690000057220459,2108.0
2026-06-02 14:32:00,RDS.V,,1.0800000429153442,1.0800000429153442,1.0800000429153442,1.0800000429153442,100.0
2026-06-02 14:32:00,RECO.V,,1.190000057220459,1.1950000524520874,1.190000057220459,1.1950000524520874,200.0
2026-06-02 14:32:00,SPA.V,,0.3499999940395355,0.3499999940395355,0.3499999940395355,0.3499999940395355,500.0
2026-06-02 14:33:00,MMY.V,,0.9399999976158142,0.9399999976158142,0.9399999976158142,0.9399999976158142,8500.0
2026-06-02 14:33:00,MOO.V,,0.8399999737739563,0.8399999737739563,0.8399999737739563,0.8399999737739563,500.0
2026-06-02 14:33:00,NCX.V,,3.0350000858306885,3.0399999618530273,3.0299999713897705,3.0299999713897705,300.0
2026-06-02 14:33:00,NFG.V,,2.809999942779541,2.809999942779541,2.809999942779541,2.809999942779541,300.0
2026-06-02 14:33:00,PGE.V,,0.3199999928474426,0.3199999928474426,0.3174999952316284,0.3174999952316284,35000.0
2026-06-02 14:33:00,PLSR.V,,1.5399999618530273,1.5399999618530273,1.5299999713897705,1.5299999713897705,8200.0
2026-06-02 14:33:00,PML.V,,1.4600000381469727,1.4600000381469727,1.4500000476837158,1.4500000476837158,10800.0
2026-06-02 14:33:00,PNPN.V,,1.3300000429153442,1.3300000429153442,1.3300000429153442,1.3300000429153442,100.0
2026-06-02 14:33:00,PPP.V,,1.5499999523162842,1.5499999523162842,1.5499999523162842,1.5499999523162842,100.0
2026-06-02 14:33:00,QTWO.V,,3.380000114440918,3.390000104904175,3.380000114440918,3.390000104904175,1000.0
2026-06-02 14:33:00,RAK.V,,0.15000000596046448,0.15000000596046448,0.15000000596046448,0.15000000596046448,23000.0
2026-06-02 14:34:00,MAI.V,,6.409999847412109,6.425000190734863,6.409999847412109,6.425000190734863,800.0
2026-06-02 14:34:00,MMY.V,,0.9399999976158142,0.9399999976158142,0.9399999976158142,0.9399999976158142,6000.0
2026-06-02 14:34:00,MOO.V,,0.8399999737739563,0.8399999737739563,0.8399999737739563,0.8399999737739563,8000.0
2026-06-02 14:34:00,NCAU.V,,0.550000011920929,0.550000011920929,0.550000011920929,0.550000011920929,500.0
2026-06-02 14:34:00,NCX.V,,3.0399999618530273,3.0399999618530273,3.0350000858306885,3.0350000858306885,200.0
2026-06-02 14:34:00,NFG.V,,2.809999942779541,2.809999942779541,2.809999942779541,2.809999942779541,100.0
2026-06-02 14:34:00,NXS.V,,0.18000000715255737,0.18000000715255737,0.18000000715255737,0.18000000715255737,2000.0
2026-06-02 14:34:00,PLSR.V,,1.5399999618530273,1.5399999618530273,1.5399999618530273,1.5399999618530273,3500.0
2026-06-02 14:34:00,PNPN.V,,1.3300000429153442,1.3300000429153442,1.3200000524520874,1.3300000429153442,2100.0
2026-06-02 14:34:00,PPP.V,,1.5499999523162842,1.5499999523162842,1.5499999523162842,1.5499999523162842,100.0
2026-06-02 14:34:00,QTWO.V,,3.390000104904175,3.390000104904175,3.390000104904175,3.390000104904175,400.0
2026-06-02 14:34:00,RDS.V,,1.0800000429153442,1.0800000429153442,1.0800000429153442,1.0800000429153442,100.0
2026-06-02 14:34:00,SECU.V,,4.309999942779541,4.309999942779541,4.309999942779541,4.309999942779541,23000.0
2026-06-02 14:35:00,NBY.V,,0.10499999672174454,0.10499999672174454,0.10499999672174454,0.10499999672174454,3500.0
2026-06-02 14:35:00,NCX.V,,3.0299999713897705,3.0350000858306885,3.0299999713897705,3.0299999713897705,1600.0
2026-06-02 14:35:00,NSCI.V,,0.13500000536441803,0.13500000536441803,0.13500000536441803,0.13500000536441803,29500.0
2026-06-02 14:35:00,PNPN.V,,1.3200000524520874,1.3300000429153442,1.3200000524520874,1.3300000429153442,300.0
2026-06-02 14:35:00,PPP.V,,1.5499999523162842,1.5499999523162842,1.5499999523162842,1.5499999523162842,100.0
2026-06-02 14:35:00,PRG.V,,0.33500000834465027,0.33500000834465027,0.33500000834465027,0.33500000834465027,11500.0
2026-06-02 14:35:00,PUR.V,,0.6200000047683716,0.6200000047683716,0.6200000047683716,0.6200000047683716,4000.0
2026-06-02 14:35:00,QGR.V,,0.25,0.25,0.25,0.25,500.0
2026-06-02 14:35:00,QTWO.V,,3.390000104904175,3.390000104904175,3.380000114440918,3.380000114440918,300.0
2026-06-02 14:35:00,RECO.V,,1.190000057220459,1.190000057220459,1.190000057220459,1.190000057220459,100.0
2026-06-02 14:36:00,MAI.V,,6.380000114440918,6.380000114440918,6.360000133514404,6.380000114440918,2900.0
2026-06-02 14:36:00,MGG.V,,0.3799999952316284,0.3799999952316284,0.3799999952316284,0.3799999952316284,500.0
2026-06-02 14:36:00,MMY.V,,0.9399999976158142,0.9399999976158142,0.9399999976158142,0.9399999976158142,1000.0
2026-06-02 14:36:00,NCX.V,,3.0299999713897705,3.0299999713897705,3.0299999713897705,3.0299999713897705,900.0
2026-06-02 14:36:00,NFG.V,,2.809999942779541,2.809999942779541,2.809999942779541,2.809999942779541,680.0
2026-06-02 14:36:00,PLSR.V,,1.5399999618530273,1.5399999618530273,1.5399999618530273,1.5399999618530273,200.0
2026-06-02 14:36:00,PNPN.V,,1.3300000429153442,1.3300000429153442,1.3200000524520874,1.3200000524520874,400.0
2026-06-02 14:36:00,PPP.V,,1.5499999523162842,1.5499999523162842,1.5499999523162842,1.5499999523162842,200.0
2026-06-02 14:36:00,QTWO.V,,3.390000104904175,3.390000104904175,3.380000114440918,3.390000104904175,500.0
2026-06-02 14:36:00,RDS.V,,1.0800000429153442,1.0800000429153442,1.0800000429153442,1.0800000429153442,100.0
2026-06-02 14:36:00,RECO.V,,1.1950000524520874,1.1950000524520874,1.1950000524520874,1.1950000524520874,100.0
2026-06-02 14:36:00,RW.V,,0.25999999046325684,0.25999999046325684,0.23999999463558197,0.23999999463558197,6617.0
2026-06-02 14:36:00,SCZ.V,,11.4399995803833,11.4399995803833,11.4399995803833,11.4399995803833,100.0
2026-06-02 14:36:00,SVRS.V,,0.5649999976158142,0.5649999976158142,0.5649999976158142,0.5649999976158142,500.0
2026-06-02 14:37:00,NBY.V,,0.10499999672174454,0.10499999672174454,0.10499999672174454,0.10499999672174454,3500.0
2026-06-02 14:37:00,NCX.V,,3.0299999713897705,3.0299999713897705,3.0299999713897705,3.0299999713897705,100.0
2026-06-02 14:37:00,ONYX.V,,1.2400000095367432,1.2400000095367432,1.2400000095367432,1.2400000095367432,5000.0
2026-06-02 14:37:00,PML.V,,1.4600000381469727,1.4600000381469727,1.4600000381469727,1.4600000381469727,100.0
2026-06-02 14:37:00,PNPN.V,,1.3300000429153442,1.3300000429153442,1.3200000524520874,1.3200000524520874,300.0
2026-06-02 14:37:00,QNC.V,,4.670000076293945,4.670000076293945,4.670000076293945,4.670000076293945,1000.0
2026-06-02 14:37:00,QTWO.V,,3.3949999809265137,3.4000000953674316,3.3949999809265137,3.4000000953674316,700.0
2026-06-02 14:37:00,RECO.V,,1.190000057220459,1.190000057220459,1.190000057220459,1.190000057220459,100.0
2026-06-02 14:37:00,RLYG.V,,0.8399999737739563,0.8399999737739563,0.8399999737739563,0.8399999737739563,1300.0
2026-06-02 14:37:00,SOMA.V,,0.9900000095367432,0.9900000095367432,0.9900000095367432,0.9900000095367432,1500.0
2026-06-02 14:37:00,SPA.V,,0.3499999940395355,0.3499999940395355,0.3499999940395355,0.3499999940395355,500.0
2026-06-02 14:38:00,MMY.V,,0.9399999976158142,0.9399999976158142,0.9399999976158142,0.9399999976158142,1500.0
2026-06-02 14:38:00,NFG.V,,2.809999942779541,2.809999942779541,2.809999942779541,2.809999942779541,700.0
2026-06-02 14:38:00,PNPN.V,,1.3300000429153442,1.3300000429153442,1.3200000524520874,1.3200000524520874,400.0
2026-06-02 14:38:00,PPP.V,,1.5499999523162842,1.5499999523162842,1.5499999523162842,1.5499999523162842,200.0
2026-06-02 14:38:00,PUR.V,,0.6299999952316284,0.6299999952316284,0.625,0.625,2500.0
2026-06-02 14:38:00,QNC.V,,4.670000076293945,4.670000076293945,4.670000076293945,4.670000076293945,1710.0
2026-06-02 14:38:00,QTWO.V,,3.4049999713897705,3.4100000858306885,3.4000000953674316,3.4000000953674316,1400.0
2026-06-02 14:38:00,RDS.V,,1.0750000476837158,1.0750000476837158,1.0750000476837158,1.0750000476837158,100.0
2026-06-02 14:38:00,SVE.V,,0.49000000953674316,0.49000000953674316,0.49000000953674316,0.49000000953674316,2500.0
2026-06-02 14:39:00,MAI.V,,6.360000133514404,6.380000114440918,6.349999904632568,6.380000114440918,1300.0
2026-06-02 14:39:00,NCX.V,,3.0199999809265137,3.0299999713897705,3.0199999809265137,3.0299999713897705,700.0
2026-06-02 14:39:00,PNPN.V,,1.3200000524520874,1.3300000429153442,1.3200000524520874,1.3200000524520874,400.0
2026-06-02 14:39:00,QNC.V,,4.659999847412109,4.670000076293945,4.659999847412109,4.670000076293945,900.0
2026-06-02 14:39:00,QTWO.V,,3.4000000953674316,3.4000000953674316,3.4000000953674316,3.4000000953674316,3300.0
2026-06-02 14:39:00,SOMA.V,,0.9700000286102295,0.9900000095367432,0.9700000286102295,0.9900000095367432,21000.0
2026-06-02 14:39:00,SPRQ.V,,1.4299999475479126,1.4299999475479126,1.4299999475479126,1.4299999475479126,4400.0
2026-06-02 14:40:00,MAI.V,,6.34499979019165,6.34499979019165,6.34499979019165,6.34499979019165,100.0
2026-06-02 14:40:00,NCX.V,,3.0299999713897705,3.0299999713897705,3.0199999809265137,3.0199999809265137,291.0
2026-06-02 14:40:00,NFG.V,,2.809999942779541,2.809999942779541,2.809999942779541,2.809999942779541,200.0
2026-06-02 14:40:00,NSCI.V,,0.13500000536441803,0.13500000536441803,0.13500000536441803,0.13500000536441803,500.0
2026-06-02 14:40:00,PML.V,,1.4600000381469727,1.4600000381469727,1.4600000381469727,1.4600000381469727,100.0
2026-06-02 14:40:00,PNPN.V,,1.3200000524520874,1.3250000476837158,1.3200000524520874,1.3200000524520874,2100.0
2026-06-02 14:40:00,PPP.V,,1.5499999523162842,1.5499999523162842,1.5499999523162842,1.5499999523162842,200.0
2026-06-02 14:40:00,SLI.V,,5.699999809265137,5.699999809265137,5.699999809265137,5.699999809265137,100.0
2026-06-02 14:40:00,SPRQ.V,,1.4299999475479126,1.4299999475479126,1.4299999475479126,1.4299999475479126,11600.0
2026-06-02 14:40:00,SVE.V,,0.49000000953674316,0.49000000953674316,0.49000000953674316,0.49000000953674316,500.0
2026-06-02 14:41:00,MGG.V,,0.3799999952316284,0.3799999952316284,0.3799999952316284,0.3799999952316284,500.0
2026-06-02 14:41:00,NCX.V,,3.0299999713897705,3.0299999713897705,3.0299999713897705,3.0299999713897705,100.0
2026-06-02 14:41:00,PNPN.V,,1.3200000524520874,1.3250000476837158,1.3200000524520874,1.3200000524520874,2200.0
2026-06-02 14:41:00,PPP.V,,1.5499999523162842,1.5499999523162842,1.5499999523162842,1.5499999523162842,100.0
2026-06-02 14:41:00,PTC.V,,0.18000000715255737,0.18000000715255737,0.18000000715255737,0.18000000715255737,500.0
2026-06-02 14:41:00,QTWO.V,,3.4200000762939453,3.4200000762939453,3.4100000858306885,3.4100000858306885,900.0
2026-06-02 14:41:00,RDS.V,,1.0750000476837158,1.0750000476837158,1.0750000476837158,1.0750000476837158,100.0
2026-06-02 14:41:00,RYO.V,,0.3499999940395355,0.3499999940395355,0.3499999940395355,0.3499999940395355,3000.0
2026-06-02 14:41:00,SPA.V,,0.3499999940395355,0.3499999940395355,0.3499999940395355,0.3499999940395355,500.0
2026-06-02 14:41:00,SPRQ.V,,1.4299999475479126,1.4299999475479126,1.4299999475479126,1.4299999475479126,9000.0
2026-06-02 14:42:00,MOO.V,,0.8399999737739563,0.8399999737739563,0.8399999737739563,0.8399999737739563,12500.0
2026-06-02 14:42:00,NCAU.V,,0.550000011920929,0.550000011920929,0.550000011920929,0.550000011920929,500.0
2026-06-02 14:42:00,NCI.V,,0.7200000286102295,0.7200000286102295,0.7200000286102295,0.7200000286102295,3500.0
2026-06-02 14:42:00,NCX.V,,3.0199999809265137,3.0299999713897705,3.0199999809265137,3.0250000953674316,500.0
2026-06-02 14:42:00,ODV.V,,3.75,3.75,3.75,3.75,200.0
2026-06-02 14:42:00,OZ.V,,0.4399999976158142,0.4399999976158142,0.4300000071525574,0.4300000071525574,9500.0
2026-06-02 14:42:00,PNPN.V,,1.3200000524520874,1.3250000476837158,1.3200000524520874,1.3250000476837158,600.0
2026-06-02 14:42:00,PPP.V,,1.5499999523162842,1.5499999523162842,1.5499999523162842,1.5499999523162842,100.0
2026-06-02 14:42:00,QGR.V,,0.25,0.25,0.25,0.25,3000.0
2026-06-02 14:42:00,RCK.V,,0.9200000166893005,0.9200000166893005,0.9100000262260437,0.9100000262260437,1500.0
2026-06-02 14:42:00,SCZ.V,,11.430000305175781,11.430000305175781,11.430000305175781,11.430000305175781,900.0
2026-06-02 14:42:00,SPA.V,,0.3499999940395355,0.3499999940395355,0.3499999940395355,0.3499999940395355,500.0
2026-06-02 14:43:00,NCX.V,,3.0250000953674316,3.0250000953674316,3.0199999809265137,3.0199999809265137,300.0
2026-06-02 14:43:00,OCO.V,,0.4300000071525574,0.4300000071525574,0.4300000071525574,0.4300000071525574,885.0
2026-06-02 14:43:00,PGLD.V,,0.8149999976158142,0.8149999976158142,0.8149999976158142,0.8149999976158142,500.0
2026-06-02 14:43:00,PINK.V,,0.3100000023841858,0.3100000023841858,0.3100000023841858,0.3100000023841858,1000.0
2026-06-02 14:43:00,PLSR.V,,1.5399999618530273,1.5399999618530273,1.5399999618530273,1.5399999618530273,700.0
2026-06-02 14:43:00,PML.V,,1.4600000381469727,1.4600000381469727,1.4600000381469727,1.4600000381469727,100.0
2026-06-02 14:43:00,PNPN.V,,1.3200000524520874,1.3250000476837158,1.3200000524520874,1.3200000524520874,400.0
2026-06-02 14:43:00,PPP.V,,1.5499999523162842,1.5499999523162842,1.5499999523162842,1.5499999523162842,875.0
2026-06-02 14:43:00,PWM.V,,0.6299999952316284,0.6299999952316284,0.6299999952316284,0.6299999952316284,1000.0
2026-06-02 14:43:00,QNC.V,,4.659999847412109,4.659999847412109,4.659999847412109,4.659999847412109,100.0
2026-06-02 14:43:00,RECO.V,,1.190000057220459,1.190000057220459,1.190000057220459,1.190000057220459,268.0
2026-06-02 14:43:00,SCZ.V,,11.430000305175781,11.430000305175781,11.430000305175781,11.430000305175781,100.0
2026-06-02 14:43:00,SLI.V,,5.699999809265137,5.699999809265137,5.699999809265137,5.699999809265137,200.0
2026-06-02 14:43:00,SVE.V,,0.49000000953674316,0.49000000953674316,0.49000000953674316,0.49000000953674316,500.0
2026-06-02 14:43:00,SVRS.V,,0.5600000023841858,0.5600000023841858,0.5600000023841858,0.5600000023841858,500.0
2026-06-02 14:44:00,AGX.V,,0.7799999713897705,0.7799999713897705,0.7799999713897705,0.7799999713897705,500.0
2026-06-02 14:44:00,MMY.V,,0.9399999976158142,0.9399999976158142,0.9399999976158142,0.9399999976158142,3000.0
2026-06-02 14:44:00,NCX.V,,3.0199999809265137,3.0199999809265137,3.0199999809265137,3.0199999809265137,400.0
2026-06-02 14:44:00,ONYX.V,,1.2300000190734863,1.2300000190734863,1.2300000190734863,1.2300000190734863,100.0
2026-06-02 14:44:00,PML.V,,1.4600000381469727,1.4600000381469727,1.4600000381469727,1.4600000381469727,100.0
2026-06-02 14:44:00,PNPN.V,,1.3200000524520874,1.3250000476837158,1.3200000524520874,1.3200000524520874,500.0
2026-06-02 14:44:00,PPP.V,,1.5499999523162842,1.5499999523162842,1.5499999523162842,1.5499999523162842,200.0
2026-06-02 14:44:00,PTC.V,,0.18000000715255737,0.18000000715255737,0.18000000715255737,0.18000000715255737,500.0
2026-06-02 14:44:00,RDS.V,,1.0750000476837158,1.0750000476837158,1.0750000476837158,1.0750000476837158,100.0
2026-06-02 14:44:00,SHL.V,,0.38999998569488525,0.38999998569488525,0.38999998569488525,0.38999998569488525,5000.0
2026-06-02 14:44:00,SRL.V,,0.26499998569488525,0.26499998569488525,0.26499998569488525,0.26499998569488525,500.0
2026-06-02 14:44:00,STND.V,,0.0949999988079071,0.0949999988079071,0.0949999988079071,0.0949999988079071,10000.0
2026-06-02 14:44:00,SVRS.V,,0.5600000023841858,0.5600000023841858,0.5600000023841858,0.5600000023841858,36800.0
2026-06-02 14:45:00,NCX.V,,3.0199999809265137,3.0199999809265137,3.0199999809265137,3.0199999809265137,500.0
2026-06-02 14:45:00,PML.V,,1.4600000381469727,1.4600000381469727,1.4600000381469727,1.4600000381469727,200.0
2026-06-02 14:45:00,PNPN.V,,1.309999942779541,1.3250000476837158,1.309999942779541,1.3250000476837158,35120.0
2026-06-02 14:45:00,PPP.V,,1.5499999523162842,1.5499999523162842,1.5499999523162842,1.5499999523162842,200.0
2026-06-02 14:45:00,QTWO.V,,3.4200000762939453,3.4200000762939453,3.4100000858306885,3.4200000762939453,9007.0
2026-06-02 14:45:00,RKV.V,,0.12999999523162842,0.12999999523162842,0.12999999523162842,0.12999999523162842,500.0
2026-06-02 14:45:00,ROK.V,,0.3149999976158142,0.3149999976158142,0.3149999976158142,0.3149999976158142,44500.0
2026-06-02 14:45:00,SGN.V,,0.33500000834465027,0.3400000035762787,0.33500000834465027,0.3400000035762787,3700.0
2026-06-02 14:45:00,SRL.V,,0.25999999046325684,0.25999999046325684,0.25999999046325684,0.25999999046325684,10500.0
2026-06-02 14:45:00,SVRS.V,,0.5600000023841858,0.5600000023841858,0.5600000023841858,0.5600000023841858,36500.0
2026-06-02 14:46:00,MGG.V,,0.3799999952316284,0.3799999952316284,0.3799999952316284,0.3799999952316284,500.0
2026-06-02 14:46:00,NCX.V,,3.0199999809265137,3.0199999809265137,3.0199999809265137,3.0199999809265137,400.0
2026-06-02 14:46:00,NDA.V,,1.0199999809265137,1.0199999809265137,1.0199999809265137,1.0199999809265137,2460.0
2026-06-02 14:46:00,NFG.V,,2.799999952316284,2.805000066757202,2.799999952316284,2.805000066757202,12981.0
2026-06-02 14:46:00,PLSR.V,,1.5499999523162842,1.5499999523162842,1.5499999523162842,1.5499999523162842,900.0
2026-06-02 14:46:00,PML.V,,1.4600000381469727,1.4600000381469727,1.4600000381469727,1.4600000381469727,100.0
2026-06-02 14:46:00,PNPN.V,,1.309999942779541,1.309999942779541,1.309999942779541,1.309999942779541,400.0
2026-06-02 14:46:00,QTWO.V,,3.380000114440918,3.4100000858306885,3.380000114440918,3.4100000858306885,11100.0
2026-06-02 14:46:00,ROMJ.V,,0.41999998688697815,0.41999998688697815,0.41999998688697815,0.41999998688697815,2000.0
2026-06-02 14:46:00,SAGE.V,,0.13500000536441803,0.13500000536441803,0.13500000536441803,0.13500000536441803,5000.0
2026-06-02 14:46:00,SCZ.V,,11.420000076293945,11.420000076293945,11.420000076293945,11.420000076293945,100.0
2026-06-02 14:46:00,SPA.V,,0.3499999940395355,0.3499999940395355,0.3499999940395355,0.3499999940395355,500.0
2026-06-02 14:46:00,SVRS.V,,0.5600000023841858,0.5600000023841858,0.5600000023841858,0.5600000023841858,500.0
2026-06-02 14:47:00,AGX.V,,0.7799999713897705,0.7799999713897705,0.7799999713897705,0.7799999713897705,500.0
2026-06-02 14:47:00,MAI.V,,6.34499979019165,6.34499979019165,6.34499979019165,6.34499979019165,100.0
2026-06-02 14:47:00,NCX.V,,3.0299999713897705,3.0299999713897705,3.0199999809265137,3.0199999809265137,1600.0
2026-06-02 14:47:00,ODV.V,,3.7699999809265137,3.7699999809265137,3.7699999809265137,3.7699999809265137,300.0
2026-06-02 14:47:00,OMG.V,,2.609999895095825,2.609999895095825,2.609999895095825,2.609999895095825,400.0
2026-06-02 14:47:00,PML.V,,1.4600000381469727,1.4600000381469727,1.4600000381469727,1.4600000381469727,100.0
2026-06-02 14:47:00,PNPN.V,,1.309999942779541,1.309999942779541,1.309999942779541,1.309999942779541,400.0
2026-06-02 14:47:00,PPP.V,,1.5499999523162842,1.5499999523162842,1.5499999523162842,1.5499999523162842,1500.0
2026-06-02 14:47:00,ROK.V,,0.3149999976158142,0.3149999976158142,0.3149999976158142,0.3149999976158142,8500.0
2026-06-02 14:47:00,SLI.V,,5.71999979019165,5.71999979019165,5.699999809265137,5.699999809265137,1700.0
2026-06-02 14:47:00,SVE.V,,0.49000000953674316,0.49000000953674316,0.49000000953674316,0.49000000953674316,500.0
2026-06-02 14:47:00,SVRS.V,,0.5600000023841858,0.5600000023841858,0.5600000023841858,0.5600000023841858,500.0
2026-06-02 14:48:00,AGX.V,,0.7799999713897705,0.7799999713897705,0.7799999713897705,0.7799999713897705,500.0
2026-06-02 14:48:00,MAI.V,,6.34499979019165,6.34499979019165,6.34499979019165,6.34499979019165,100.0
2026-06-02 14:48:00,NCX.V,,3.0399999618530273,3.0399999618530273,3.0250000953674316,3.0250000953674316,600.0
2026-06-02 14:48:00,NDA.V,,1.0099999904632568,1.0099999904632568,1.0099999904632568,1.0099999904632568,20668.0
2026-06-02 14:48:00,PML.V,,1.4600000381469727,1.4600000381469727,1.4600000381469727,1.4600000381469727,100.0
2026-06-02 14:48:00,PNPN.V,,1.309999942779541,1.309999942779541,1.309999942779541,1.309999942779541,400.0
2026-06-02 14:48:00,PPP.V,,1.5499999523162842,1.5499999523162842,1.5499999523162842,1.5499999523162842,100.0
2026-06-02 14:48:00,RDS.V,,1.0750000476837158,1.0750000476837158,1.0750000476837158,1.0750000476837158,100.0
2026-06-02 14:48:00,SCZ.V,,11.4399995803833,11.4399995803833,11.4399995803833,11.4399995803833,300.0
2026-06-02 14:48:00,SRR.V,,0.9800000190734863,0.9800000190734863,0.9800000190734863,0.9800000190734863,2250.0
2026-06-02 14:48:00,SVRS.V,,0.5600000023841858,0.5600000023841858,0.5600000023841858,0.5600000023841858,500.0
2026-06-02 14:49:00,AGX.V,,0.7799999713897705,0.7799999713897705,0.7799999713897705,0.7799999713897705,500.0
2026-06-02 14:49:00,MAI.V,,6.369999885559082,6.369999885559082,6.34499979019165,6.34499979019165,2200.0
2026-06-02 14:49:00,MMY.V,,0.9399999976158142,0.9399999976158142,0.9399999976158142,0.9399999976158142,1000.0
2026-06-02 14:49:00,NFD-A.V,,5.159999847412109,5.159999847412109,5.159999847412109,5.159999847412109,1325.0
2026-06-02 14:49:00,PML.V,,1.4600000381469727,1.4600000381469727,1.4600000381469727,1.4600000381469727,100.0
2026-06-02 14:49:00,PNPN.V,,1.309999942779541,1.309999942779541,1.309999942779541,1.309999942779541,300.0
2026-06-02 14:49:00,PPP.V,,1.5499999523162842,1.5499999523162842,1.5499999523162842,1.5499999523162842,100.0
2026-06-02 14:49:00,QNC.V,,4.679999828338623,4.679999828338623,4.670000076293945,4.670000076293945,900.0
2026-06-02 14:49:00,QTWO.V,,3.4000000953674316,3.4000000953674316,3.4000000953674316,3.4000000953674316,300.0
2026-06-02 14:49:00,SCZ.V,,11.479999542236328,11.479999542236328,11.479999542236328,11.479999542236328,1100.0
2026-06-02 14:49:00,SLG.V,,5.550000190734863,5.550000190734863,5.550000190734863,5.550000190734863,1000.0
2026-06-02 14:49:00,SVRS.V,,0.5600000023841858,0.5600000023841858,0.5600000023841858,0.5600000023841858,500.0
2026-06-02 14:50:00,MAI.V,,6.389999866485596,6.389999866485596,6.369999885559082,6.369999885559082,400.0
2026-06-02 14:50:00,NDA.V,,1.0099999904632568,1.0099999904632568,1.0099999904632568,1.0099999904632568,100.0
2026-06-02 14:50:00,NFG.V,,2.799999952316284,2.799999952316284,2.799999952316284,2.799999952316284,4300.0
2026-06-02 14:50:00,NSU.V,,0.29499998688697815,0.29499998688697815,0.27000001072883606,0.27000001072883606,25500.0
2026-06-02 14:50:00,NXG.V,,0.4399999976158142,0.4399999976158142,0.4399999976158142,0.4399999976158142,22500.0
2026-06-02 14:50:00,ODV.V,,3.7799999713897705,3.7799999713897705,3.7799999713897705,3.7799999713897705,100.0
2026-06-02 14:50:00,OMG.V,,2.619999885559082,2.619999885559082,2.619999885559082,2.619999885559082,200.0
2026-06-02 14:50:00,PNPN.V,,1.309999942779541,1.309999942779541,1.309999942779541,1.309999942779541,400.0
2026-06-02 14:50:00,PUR.V,,0.6299999952316284,0.6299999952316284,0.6299999952316284,0.6299999952316284,1000.0
2026-06-02 14:50:00,ROK.V,,0.3149999976158142,0.3149999976158142,0.3149999976158142,0.3149999976158142,4000.0
2026-06-02 14:50:00,SCZ.V,,11.449999809265137,11.449999809265137,11.449999809265137,11.449999809265137,3308.0
2026-06-02 14:50:00,SPA.V,,0.3499999940395355,0.3499999940395355,0.3499999940395355,0.3499999940395355,500.0
2026-06-02 14:50:00,SVE.V,,0.49000000953674316,0.49000000953674316,0.49000000953674316,0.49000000953674316,1000.0
2026-06-02 14:50:00,SVRS.V,,0.5600000023841858,0.5600000023841858,0.5600000023841858,0.5600000023841858,500.0
2026-06-02 14:51:00,MAI.V,,6.389999866485596,6.400000095367432,6.389999866485596,6.400000095367432,1257.0
2026-06-02 14:51:00,MGG.V,,0.3799999952316284,0.3799999952316284,0.3799999952316284,0.3799999952316284,500.0
2026-06-02 14:51:00,NCAU.V,,0.550000011920929,0.550000011920929,0.550000011920929,0.550000011920929,500.0
2026-06-02 14:51:00,NMI.V,,0.1850000023841858,0.1850000023841858,0.1850000023841858,0.1850000023841858,1000.0
2026-06-02 14:51:00,NSE.V,,0.7699999809265137,0.7699999809265137,0.7699999809265137,0.7699999809265137,10000.0
2026-06-02 14:51:00,NSU.V,,0.29499998688697815,0.29499998688697815,0.29499998688697815,0.29499998688697815,3500.0
2026-06-02 14:51:00,ODV.V,,3.7799999713897705,3.7799999713897705,3.7799999713897705,3.7799999713897705,100.0
2026-06-02 14:51:00,PNPN.V,,1.309999942779541,1.309999942779541,1.309999942779541,1.309999942779541,300.0
2026-06-02 14:51:00,PPP.V,,1.5499999523162842,1.5499999523162842,1.5499999523162842,1.5499999523162842,200.0
2026-06-02 14:51:00,QNC.V,,4.670000076293945,4.670000076293945,4.670000076293945,4.670000076293945,300.0
2026-06-02 14:51:00,STRM.V,,0.41499999165534973,0.41499999165534973,0.4099999964237213,0.4099999964237213,10000.0
2026-06-02 14:51:00,SVRS.V,,0.5600000023841858,0.5600000023841858,0.5600000023841858,0.5600000023841858,500.0
2026-06-02 14:52:00,MAI.V,,6.385000228881836,6.385000228881836,6.385000228881836,6.385000228881836,100.0
2026-06-02 14:52:00,MMY.V,,0.9399999976158142,0.9399999976158142,0.9399999976158142,0.9399999976158142,1000.0
2026-06-02 14:52:00,NSE.V,,0.7699999809265137,0.7699999809265137,0.7699999809265137,0.7699999809265137,1500.0
2026-06-02 14:52:00,OMG.V,,2.619999885559082,2.619999885559082,2.619999885559082,2.619999885559082,200.0
2026-06-02 14:52:00,ONYX.V,,1.2300000190734863,1.2300000190734863,1.2300000190734863,1.2300000190734863,100.0
2026-06-02 14:52:00,PGE.V,,0.3199999928474426,0.3199999928474426,0.3199999928474426,0.3199999928474426,500.0
2026-06-02 14:52:00,PGLD.V,,0.8199999928474426,0.8199999928474426,0.8199999928474426,0.8199999928474426,500.0
2026-06-02 14:52:00,PML.V,,1.4600000381469727,1.4600000381469727,1.4600000381469727,1.4600000381469727,100.0
2026-06-02 14:52:00,PNPN.V,,1.309999942779541,1.309999942779541,1.309999942779541,1.309999942779541,400.0
2026-06-02 14:52:00,PPP.V,,1.5499999523162842,1.5499999523162842,1.5499999523162842,1.5499999523162842,100.0
2026-06-02 14:52:00,ROK.V,,0.3149999976158142,0.3149999976158142,0.3149999976158142,0.3149999976158142,21500.0
2026-06-02 14:52:00,SCZ.V,,11.460000038146973,11.460000038146973,11.460000038146973,11.460000038146973,100.0
2026-06-02 14:52:00,SGN.V,,0.3400000035762787,0.3400000035762787,0.3400000035762787,0.3400000035762787,4500.0
2026-06-02 14:52:00,SKP.V,,0.16500000655651093,0.16500000655651093,0.16500000655651093,0.16500000655651093,5563.0
2026-06-02 14:52:00,SPRQ.V,,1.4299999475479126,1.4299999475479126,1.4299999475479126,1.4299999475479126,700.0
2026-06-02 14:52:00,SVE.V,,0.49000000953674316,0.49000000953674316,0.49000000953674316,0.49000000953674316,500.0
2026-06-02 14:52:00,SVRS.V,,0.5600000023841858,0.5600000023841858,0.5600000023841858,0.5600000023841858,1000.0
2026-06-02 14:53:00,MAI.V,,6.400000095367432,6.40500020980835,6.400000095367432,6.400000095367432,700.0
2026-06-02 14:53:00,NCX.V,,3.0399999618530273,3.0399999618530273,3.0350000858306885,3.0399999618530273,300.0
2026-06-02 14:53:00,PNPN.V,,1.309999942779541,1.309999942779541,1.309999942779541,1.309999942779541,300.0
2026-06-02 14:53:00,PRG.V,,0.33500000834465027,0.33500000834465027,0.33500000834465027,0.33500000834465027,10000.0
2026-06-02 14:53:00,PTC.V,,0.18000000715255737,0.18000000715255737,0.18000000715255737,0.18000000715255737,500.0
2026-06-02 14:53:00,QNC.V,,4.679999828338623,4.679999828338623,4.679999828338623,4.679999828338623,500.0
2026-06-02 14:53:00,SVE.V,,0.49000000953674316,0.49000000953674316,0.49000000953674316,0.49000000953674316,500.0
2026-06-02 14:53:00,SVRS.V,,0.5600000023841858,0.5600000023841858,0.5600000023841858,0.5600000023841858,500.0
2026-06-02 14:54:00,MAI.V,,6.409999847412109,6.409999847412109,6.409999847412109,6.409999847412109,100.0
2026-06-02 14:54:00,NCX.V,,3.0350000858306885,3.0350000858306885,3.0350000858306885,3.0350000858306885,100.0
2026-06-02 14:54:00,NFG.V,,2.805000066757202,2.805000066757202,2.805000066757202,2.805000066757202,100.0
2026-06-02 14:54:00,NMI.V,,0.1850000023841858,0.1850000023841858,0.1850000023841858,0.1850000023841858,500.0
2026-06-02 14:54:00,OMG.V,,2.619999885559082,2.619999885559082,2.619999885559082,2.619999885559082,100.0
2026-06-02 14:54:00,PNPN.V,,1.309999942779541,1.3200000524520874,1.309999942779541,1.309999942779541,2300.0
2026-06-02 14:54:00,PPP.V,,1.5499999523162842,1.5499999523162842,1.5499999523162842,1.5499999523162842,100.0
2026-06-02 14:54:00,PRG.V,,0.3400000035762787,0.3400000035762787,0.3400000035762787,0.3400000035762787,10500.0
2026-06-02 14:54:00,QTWO.V,,3.4000000953674316,3.4000000953674316,3.390000104904175,3.390000104904175,7800.0
2026-06-02 14:54:00,RDS.V,,1.0750000476837158,1.0750000476837158,1.0750000476837158,1.0750000476837158,100.0
2026-06-02 14:54:00,SCZ.V,,11.460000038146973,11.460000038146973,11.460000038146973,11.460000038146973,129.0
2026-06-02 14:54:00,SPA.V,,0.3499999940395355,0.3499999940395355,0.3499999940395355,0.3499999940395355,500.0
2026-06-02 14:54:00,SVRS.V,,0.5600000023841858,0.5600000023841858,0.5600000023841858,0.5600000023841858,4000.0
2026-06-02 14:55:00,NCX.V,,3.0350000858306885,3.0350000858306885,3.0299999713897705,3.0299999713897705,200.0
2026-06-02 14:55:00,NFG.V,,2.805000066757202,2.805000066757202,2.799999952316284,2.799999952316284,200.0
2026-06-02 14:55:00,OMG.V,,2.619999885559082,2.619999885559082,2.619999885559082,2.619999885559082,100.0
2026-06-02 14:55:00,PGE.V,,0.3199999928474426,0.3199999928474426,0.3199999928474426,0.3199999928474426,500.0
2026-06-02 14:55:00,PLSR.V,,1.5700000524520874,1.5700000524520874,1.559999942779541,1.559999942779541,800.0
2026-06-02 14:55:00,PNPN.V,,1.309999942779541,1.315000057220459,1.309999942779541,1.315000057220459,600.0
2026-06-02 14:55:00,PPP.V,,1.5499999523162842,1.5499999523162842,1.5499999523162842,1.5499999523162842,800.0
2026-06-02 14:55:00,PTC.V,,0.18000000715255737,0.18000000715255737,0.18000000715255737,0.18000000715255737,500.0
2026-06-02 14:55:00,SECU.V,,4.309999942779541,4.309999942779541,4.309999942779541,4.309999942779541,6300.0
2026-06-02 14:55:00,SVRS.V,,0.5600000023841858,0.5600000023841858,0.5600000023841858,0.5600000023841858,500.0
2026-06-02 14:56:00,MGG.V,,0.3799999952316284,0.3799999952316284,0.3799999952316284,0.3799999952316284,38500.0
2026-06-02 14:56:00,NCX.V,,3.0350000858306885,3.0350000858306885,3.0350000858306885,3.0350000858306885,100.0
2026-06-02 14:56:00,NFG.V,,2.805000066757202,2.805000066757202,2.805000066757202,2.805000066757202,200.0
2026-06-02 14:56:00,OMG.V,,2.619999885559082,2.619999885559082,2.619999885559082,2.619999885559082,100.0
2026-06-02 14:56:00,ONYX.V,,1.2300000190734863,1.2300000190734863,1.2300000190734863,1.2300000190734863,200.0
2026-06-02 14:56:00,PNPN.V,,1.309999942779541,1.309999942779541,1.309999942779541,1.309999942779541,400.0
2026-06-02 14:56:00,PPP.V,,1.5499999523162842,1.5499999523162842,1.5499999523162842,1.5499999523162842,1600.0
2026-06-02 14:56:00,QTWO.V,,3.4149999618530273,3.4149999618530273,3.4100000858306885,3.4100000858306885,1100.0
2026-06-02 14:56:00,RVG.V,,0.8149999976158142,0.8149999976158142,0.8100000023841858,0.8100000023841858,17000.0
2026-06-02 14:56:00,SCZ.V,,11.489999771118164,11.489999771118164,11.460000038146973,11.460000038146973,200.0
2026-06-02 14:56:00,SVRS.V,,0.5600000023841858,0.5600000023841858,0.5600000023841858,0.5600000023841858,500.0
2026-06-02 14:57:00,AGX.V,,0.7799999713897705,0.7799999713897705,0.7799999713897705,0.7799999713897705,500.0
2026-06-02 14:57:00,MGG.V,,0.38499999046325684,0.38499999046325684,0.38499999046325684,0.38499999046325684,500.0
2026-06-02 14:57:00,NCX.V,,3.0350000858306885,3.0350000858306885,3.0350000858306885,3.0350000858306885,100.0
2026-06-02 14:57:00,NFG.V,,2.805000066757202,2.805000066757202,2.805000066757202,2.805000066757202,200.0
2026-06-02 14:57:00,OMG.V,,2.619999885559082,2.619999885559082,2.619999885559082,2.619999885559082,200.0
2026-06-02 14:57:00,PLSR.V,,1.5800000429153442,1.5800000429153442,1.5700000524520874,1.5700000524520874,2200.0
2026-06-02 14:57:00,PNPN.V,,1.309999942779541,1.315000057220459,1.309999942779541,1.309999942779541,600.0
2026-06-02 14:57:00,QNC.V,,4.690000057220459,4.690000057220459,4.690000057220459,4.690000057220459,200.0
2026-06-02 14:57:00,ROK.V,,0.3149999976158142,0.3149999976158142,0.3149999976158142,0.3149999976158142,18000.0
2026-06-02 14:57:00,SLI.V,,5.690000057220459,5.690000057220459,5.690000057220459,5.690000057220459,100.0
2026-06-02 14:57:00,SVRS.V,,0.5600000023841858,0.5600000023841858,0.5600000023841858,0.5600000023841858,500.0
2026-06-02 14:58:00,NCX.V,,3.0350000858306885,3.0350000858306885,3.0299999713897705,3.0299999713897705,200.0
2026-06-02 14:58:00,NFD-A.V,,5.159999847412109,5.159999847412109,5.159999847412109,5.159999847412109,2000.0
2026-06-02 14:58:00,NFG.V,,2.805000066757202,2.805000066757202,2.805000066757202,2.805000066757202,100.0
2026-06-02 14:58:00,ODV.V,,3.759999990463257,3.759999990463257,3.759999990463257,3.759999990463257,300.0
2026-06-02 14:58:00,OMG.V,,2.625,2.625,2.625,2.625,100.0
2026-06-02 14:58:00,PINK.V,,0.3050000071525574,0.3050000071525574,0.3050000071525574,0.3050000071525574,2500.0
2026-06-02 14:58:00,PNPN.V,,1.309999942779541,1.315000057220459,1.309999942779541,1.315000057220459,400.0
2026-06-02 14:58:00,PPP.V,,1.5499999523162842,1.5499999523162842,1.5499999523162842,1.5499999523162842,100.0
2026-06-02 14:58:00,RECO.V,,1.190000057220459,1.190000057220459,1.190000057220459,1.190000057220459,300.0
2026-06-02 14:58:00,SCZ.V,,11.460000038146973,11.460000038146973,11.460000038146973,11.460000038146973,100.0
2026-06-02 14:58:00,SLI.V,,5.699999809265137,5.699999809265137,5.679999828338623,5.679999828338623,13710.0
2026-06-02 14:58:00,SPA.V,,0.3499999940395355,0.3499999940395355,0.3499999940395355,0.3499999940395355,500.0
2026-06-02 14:58:00,SVRS.V,,0.5600000023841858,0.5600000023841858,0.5600000023841858,0.5600000023841858,1000.0
2026-06-02 14:59:00,MAI.V,,6.409999847412109,6.409999847412109,6.394999980926514,6.394999980926514,1650.0
2026-06-02 14:59:00,NCX.V,,3.0350000858306885,3.0350000858306885,3.0350000858306885,3.0350000858306885,165.0
2026-06-02 14:59:00,NFG.V,,2.805000066757202,2.805000066757202,2.805000066757202,2.805000066757202,200.0
2026-06-02 14:59:00,PGLD.V,,0.8100000023841858,0.8100000023841858,0.8100000023841858,0.8100000023841858,4000.0
2026-06-02 14:59:00,PNPN.V,,1.309999942779541,1.3200000524520874,1.309999942779541,1.3200000524520874,700.0
2026-06-02 14:59:00,PPP.V,,1.5499999523162842,1.5499999523162842,1.5499999523162842,1.5499999523162842,200.0
2026-06-02 14:59:00,QTWO.V,,3.4200000762939453,3.4200000762939453,3.4200000762939453,3.4200000762939453,200.0
2026-06-02 14:59:00,RECO.V,,1.190000057220459,1.190000057220459,1.190000057220459,1.190000057220459,2200.0
2026-06-02 14:59:00,ROK.V,,0.3125,0.3125,0.3125,0.3125,2000.0
2026-06-02 14:59:00,SVRS.V,,0.5600000023841858,0.5600000023841858,0.5600000023841858,0.5600000023841858,500.0
2026-06-02 15:00:00,NCX.V,,3.0399999618530273,3.0399999618530273,3.0399999618530273,3.0399999618530273,100.0
2026-06-02 15:00:00,NDA.V,,1.0099999904632568,1.0099999904632568,1.0099999904632568,1.0099999904632568,100.0
2026-06-02 15:00:00,NFG.V,,2.805000066757202,2.805000066757202,2.805000066757202,2.805000066757202,100.0
2026-06-02 15:00:00,ODV.V,,3.7699999809265137,3.7699999809265137,3.7699999809265137,3.7699999809265137,300.0
2026-06-02 15:00:00,OMG.V,,2.630000114440918,2.630000114440918,2.630000114440918,2.630000114440918,200.0
2026-06-02 15:00:00,PNPN.V,,1.309999942779541,1.315000057220459,1.309999942779541,1.309999942779541,400.0
2026-06-02 15:00:00,PPP.V,,1.5499999523162842,1.5499999523162842,1.5499999523162842,1.5499999523162842,100.0
2026-06-02 15:00:00,QNC.V,,4.690000057220459,4.690000057220459,4.690000057220459,4.690000057220459,100.0
2026-06-02 15:00:00,QTWO.V,,3.4200000762939453,3.4200000762939453,3.4200000762939453,3.4200000762939453,300.0
2026-06-02 15:00:00,SVRS.V,,0.5600000023841858,0.5600000023841858,0.5600000023841858,0.5600000023841858,500.0
2026-06-02 15:01:00,AGX.V,,0.7850000262260437,0.7850000262260437,0.7850000262260437,0.7850000262260437,500.0
2026-06-02 15:01:00,MGG.V,,0.3799999952316284,0.3799999952316284,0.3799999952316284,0.3799999952316284,500.0
2026-06-02 15:01:00,NCAU.V,,0.550000011920929,0.550000011920929,0.550000011920929,0.550000011920929,500.0
2026-06-02 15:01:00,NCX.V,,3.0399999618530273,3.0399999618530273,3.0399999618530273,3.0399999618530273,100.0
2026-06-02 15:01:00,NDA.V,,1.0099999904632568,1.0099999904632568,1.0099999904632568,1.0099999904632568,2700.0
2026-06-02 15:01:00,NFG.V,,2.805000066757202,2.805000066757202,2.805000066757202,2.805000066757202,200.0
2026-06-02 15:01:00,ODV.V,,3.7899999618530273,3.7899999618530273,3.7799999713897705,3.7799999713897705,200.0
2026-06-02 15:01:00,PNPN.V,,1.309999942779541,1.315000057220459,1.309999942779541,1.309999942779541,500.0
2026-06-02 15:01:00,PPP.V,,1.5499999523162842,1.5499999523162842,1.5499999523162842,1.5499999523162842,100.0
2026-06-02 15:01:00,QNC.V,,4.690000057220459,4.690000057220459,4.690000057220459,4.690000057220459,1100.0
2026-06-02 15:01:00,QTWO.V,,3.424999952316284,3.424999952316284,3.4200000762939453,3.4200000762939453,400.0
2026-06-02 15:01:00,RDS.V,,1.0750000476837158,1.0750000476837158,1.0750000476837158,1.0750000476837158,100.0
2026-06-02 15:01:00,RECO.V,,1.190000057220459,1.190000057220459,1.190000057220459,1.190000057220459,100.0
2026-06-02 15:01:00,SCLT.V,,0.11999999731779099,0.125,0.11999999731779099,0.125,46500.0
2026-06-02 15:01:00,SPA.V,,0.3449999988079071,0.3474999964237213,0.3449999988079071,0.3474999964237213,47000.0
2026-06-02 15:01:00,SVRS.V,,0.5600000023841858,0.5600000023841858,0.5600000023841858,0.5600000023841858,500.0
2026-06-02 15:02:00,MAI.V,,6.40500020980835,6.40500020980835,6.40500020980835,6.40500020980835,305.0
2026-06-02 15:02:00,MGG.V,,0.3799999952316284,0.3799999952316284,0.3799999952316284,0.3799999952316284,500.0
2026-06-02 15:02:00,NCX.V,,3.0299999713897705,3.0299999713897705,3.0299999713897705,3.0299999713897705,100.0
2026-06-02 15:02:00,NFG.V,,2.805000066757202,2.805000066757202,2.805000066757202,2.805000066757202,100.0
2026-06-02 15:02:00,OMG.V,,2.630000114440918,2.630000114440918,2.630000114440918,2.630000114440918,200.0
2026-06-02 15:02:00,OZ.V,,0.4399999976158142,0.4399999976158142,0.4399999976158142,0.4399999976158142,5510.0
2026-06-02 15:02:00,PML.V,,1.4600000381469727,1.4600000381469727,1.4600000381469727,1.4600000381469727,7000.0
2026-06-02 15:02:00,PNPN.V,,1.309999942779541,1.3200000524520874,1.309999942779541,1.309999942779541,500.0
2026-06-02 15:02:00,QTWO.V,,3.4200000762939453,3.424999952316284,3.4200000762939453,3.424999952316284,600.0
2026-06-02 15:02:00,RAK.V,,0.15000000596046448,0.15000000596046448,0.15000000596046448,0.15000000596046448,27500.0
2026-06-02 15:02:00,RECO.V,,1.190000057220459,1.190000057220459,1.190000057220459,1.190000057220459,200.0
2026-06-02 15:02:00,REG.V,,4.369999885559082,4.420000076293945,4.369999885559082,4.420000076293945,5800.0
2026-06-02 15:02:00,SGN.V,,0.3400000035762787,0.3400000035762787,0.3400000035762787,0.3400000035762787,2000.0
2026-06-02 15:02:00,SPA.V,,0.3499999940395355,0.3499999940395355,0.3499999940395355,0.3499999940395355,500.0
2026-06-02 15:02:00,SVE.V,,0.48500001430511475,0.48500001430511475,0.48500001430511475,0.48500001430511475,500.0
2026-06-02 15:02:00,SVRS.V,,0.5600000023841858,0.5600000023841858,0.5600000023841858,0.5600000023841858,1000.0
2026-06-02 15:03:00,AMY.V,,0.07500000298023224,0.07500000298023224,0.07500000298023224,0.07500000298023224,63000.0
2026-06-02 15:03:00,MAI.V,,6.400000095367432,6.400000095367432,6.400000095367432,6.400000095367432,400.0
2026-06-02 15:03:00,NCX.V,,3.0299999713897705,3.0350000858306885,3.0299999713897705,3.0299999713897705,500.0
2026-06-02 15:03:00,NFG.V,,2.805000066757202,2.805000066757202,2.805000066757202,2.805000066757202,109.0
2026-06-02 15:03:00,ODV.V,,3.799999952316284,3.799999952316284,3.799999952316284,3.799999952316284,100.0
2026-06-02 15:03:00,ONYX.V,,1.2300000190734863,1.2300000190734863,1.2300000190734863,1.2300000190734863,100.0
2026-06-02 15:03:00,PLSR.V,,1.5499999523162842,1.559999942779541,1.5399999618530273,1.559999942779541,30300.0
2026-06-02 15:03:00,PML.V,,1.4600000381469727,1.4600000381469727,1.4600000381469727,1.4600000381469727,1555.0
2026-06-02 15:03:00,PNPN.V,,1.309999942779541,1.3200000524520874,1.309999942779541,1.3200000524520874,2600.0
2026-06-02 15:03:00,PPP.V,,1.559999942779541,1.559999942779541,1.559999942779541,1.559999942779541,100.0
2026-06-02 15:03:00,QTWO.V,,3.4100000858306885,3.424999952316284,3.390000104904175,3.424999952316284,13700.0
2026-06-02 15:03:00,SCZ.V,,11.489999771118164,11.489999771118164,11.489999771118164,11.489999771118164,100.0
2026-06-02 15:04:00,MAI.V,,6.389999866485596,6.400000095367432,6.389999866485596,6.400000095367432,200.0
2026-06-02 15:04:00,NCX.V,,3.0299999713897705,3.0350000858306885,3.0299999713897705,3.0299999713897705,500.0
2026-06-02 15:04:00,NFG.V,,2.819999933242798,2.819999933242798,2.805000066757202,2.805000066757202,16600.0
2026-06-02 15:04:00,NXG.V,,0.4399999976158142,0.4399999976158142,0.4399999976158142,0.4399999976158142,500.0
2026-06-02 15:04:00,OMG.V,,2.619999885559082,2.625,2.615000009536743,2.625,5100.0
2026-06-02 15:04:00,PML.V,,1.4700000286102295,1.4700000286102295,1.4700000286102295,1.4700000286102295,700.0
2026-06-02 15:04:00,PNPN.V,,1.309999942779541,1.309999942779541,1.309999942779541,1.309999942779541,400.0
2026-06-02 15:04:00,QNC.V,,4.679999828338623,4.679999828338623,4.679999828338623,4.679999828338623,1719.0
2026-06-02 15:04:00,SHL.V,,0.38999998569488525,0.38999998569488525,0.38999998569488525,0.38999998569488525,2500.0
2026-06-02 15:05:00,NCX.V,,3.0399999618530273,3.0450000762939453,3.0399999618530273,3.0399999618530273,3200.0
2026-06-02 15:05:00,PML.V,,1.4700000286102295,1.4700000286102295,1.4700000286102295,1.4700000286102295,1943.0
2026-06-02 15:05:00,PNPN.V,,1.309999942779541,1.315000057220459,1.309999942779541,1.315000057220459,500.0
2026-06-02 15:05:00,QNC.V,,4.699999809265137,4.699999809265137,4.699999809265137,4.699999809265137,5000.0
2026-06-02 15:05:00,SBIO.V,,0.15000000596046448,0.15000000596046448,0.15000000596046448,0.15000000596046448,1000.0
2026-06-02 15:05:00,SCZ.V,,11.470000267028809,11.489999771118164,11.470000267028809,11.489999771118164,700.0
2026-06-02 15:05:00,SGN.V,,0.3400000035762787,0.3400000035762787,0.3400000035762787,0.3400000035762787,500.0
2026-06-02 15:05:00,SPA.V,,0.3499999940395355,0.3499999940395355,0.3499999940395355,0.3499999940395355,500.0
2026-06-02 15:06:00,MAI.V,,6.389999866485596,6.389999866485596,6.389999866485596,6.389999866485596,100.0
2026-06-02 15:06:00,MMY.V,,0.9300000071525574,0.9300000071525574,0.9300000071525574,0.9300000071525574,500.0
2026-06-02 15:06:00,NCX.V,,3.0450000762939453,3.0450000762939453,3.0399999618530273,3.0399999618530273,504.0
2026-06-02 15:06:00,NDA.V,,1.0099999904632568,1.0099999904632568,1.0099999904632568,1.0099999904632568,1000.0
2026-06-02 15:06:00,NFG.V,,2.809999942779541,2.809999942779541,2.809999942779541,2.809999942779541,100.0
2026-06-02 15:06:00,OMG.V,,2.619999885559082,2.619999885559082,2.619999885559082,2.619999885559082,100.0
2026-06-02 15:06:00,ONYX.V,,1.2599999904632568,1.2599999904632568,1.25,1.25,4500.0
2026-06-02 15:06:00,PNPN.V,,1.309999942779541,1.315000057220459,1.309999942779541,1.315000057220459,500.0
2026-06-02 15:06:00,PRG.V,,0.3400000035762787,0.3400000035762787,0.3400000035762787,0.3400000035762787,3000.0
2026-06-02 15:06:00,QNC.V,,4.710000038146973,4.710000038146973,4.690000057220459,4.690000057220459,62162.0
2026-06-02 15:06:00,QTWO.V,,3.4049999713897705,3.4200000762939453,3.4049999713897705,3.4200000762939453,4000.0
2026-06-02 15:06:00,SLI.V,,5.71999979019165,5.71999979019165,5.71999979019165,5.71999979019165,100.0
2026-06-02 15:07:00,MGG.V,,0.38499999046325684,0.38499999046325684,0.38499999046325684,0.38499999046325684,500.0
2026-06-02 15:07:00,NCX.V,,3.0399999618530273,3.0399999618530273,3.0399999618530273,3.0399999618530273,500.0
2026-06-02 15:07:00,NDA.V,,1.0,1.0,1.0,1.0,16308.0
2026-06-02 15:07:00,NSE.V,,0.7699999809265137,0.7699999809265137,0.7699999809265137,0.7699999809265137,9500.0
2026-06-02 15:07:00,NWST.V,,0.36000001430511475,0.36000001430511475,0.36000001430511475,0.36000001430511475,27500.0
2026-06-02 15:07:00,ONYX.V,,1.2799999713897705,1.2799999713897705,1.2799999713897705,1.2799999713897705,26000.0
2026-06-02 15:07:00,PGLD.V,,0.8100000023841858,0.8100000023841858,0.8100000023841858,0.8100000023841858,500.0
2026-06-02 15:07:00,PNPN.V,,1.3200000524520874,1.3200000524520874,1.309999942779541,1.3200000524520874,4900.0
2026-06-02 15:07:00,PPP.V,,1.559999942779541,1.559999942779541,1.559999942779541,1.559999942779541,100.0
2026-06-02 15:07:00,PUR.V,,0.6399999856948853,0.6399999856948853,0.6399999856948853,0.6399999856948853,2000.0
2026-06-02 15:07:00,QNC.V,,4.71999979019165,4.71999979019165,4.71999979019165,4.71999979019165,5100.0
2026-06-02 15:07:00,QTWO.V,,3.4049999713897705,3.4100000858306885,3.4000000953674316,3.4100000858306885,3000.0
2026-06-02 15:07:00,ROK.V,,0.3199999928474426,0.3199999928474426,0.3149999976158142,0.3149999976158142,151500.0
2026-06-02 15:07:00,SPA.V,,0.3499999940395355,0.3499999940395355,0.3499999940395355,0.3499999940395355,500.0
2026-06-02 15:07:00,SVE.V,,0.48500001430511475,0.48500001430511475,0.48500001430511475,0.48500001430511475,500.0
2026-06-02 15:08:00,MAI.V,,6.409999847412109,6.409999847412109,6.389999866485596,6.389999866485596,2000.0
2026-06-02 15:08:00,NCX.V,,3.0399999618530273,3.0450000762939453,3.0399999618530273,3.0399999618530273,300.0
2026-06-02 15:08:00,NDA.V,,1.0,1.0,1.0,1.0,16100.0
2026-06-02 15:08:00,NFG.V,,2.809999942779541,2.809999942779541,2.809999942779541,2.809999942779541,1009.0
2026-06-02 15:08:00,PGLD.V,,0.8100000023841858,0.8100000023841858,0.8050000071525574,0.8100000023841858,126500.0
2026-06-02 15:08:00,PML.V,,1.4700000286102295,1.4700000286102295,1.4700000286102295,1.4700000286102295,100.0
2026-06-02 15:08:00,PNPN.V,,1.315000057220459,1.3200000524520874,1.309999942779541,1.309999942779541,25300.0
2026-06-02 15:08:00,QNC.V,,4.71999979019165,4.71999979019165,4.71999979019165,4.71999979019165,400.0
2026-06-02 15:08:00,ROK.V,,0.3149999976158142,0.3149999976158142,0.3149999976158142,0.3149999976158142,17000.0
2026-06-02 15:08:00,SCZ.V,,11.449999809265137,11.460000038146973,11.449999809265137,11.460000038146973,7300.0
2026-06-02 15:09:00,NCX.V,,3.0399999618530273,3.0399999618530273,3.0399999618530273,3.0399999618530273,400.0
2026-06-02 15:09:00,NFG.V,,2.809999942779541,2.809999942779541,2.809999942779541,2.809999942779541,100.0
2026-06-02 15:09:00,OMG.V,,2.619999885559082,2.619999885559082,2.619999885559082,2.619999885559082,200.0
2026-06-02 15:09:00,PLSR.V,,1.5499999523162842,1.5499999523162842,1.5499999523162842,1.5499999523162842,500.0
2026-06-02 15:09:00,PNPN.V,,1.3200000524520874,1.3200000524520874,1.3200000524520874,1.3200000524520874,8700.0
2026-06-02 15:09:00,PRG.V,,0.3425000011920929,0.3425000011920929,0.3425000011920929,0.3425000011920929,1000.0
2026-06-02 15:09:00,QNC.V,,4.71999979019165,4.71999979019165,4.71999979019165,4.71999979019165,100.0
2026-06-02 15:09:00,QTWO.V,,3.4100000858306885,3.4100000858306885,3.4100000858306885,3.4100000858306885,200.0
2026-06-02 15:09:00,RCK.V,,0.9100000262260437,0.9100000262260437,0.9100000262260437,0.9100000262260437,500.0
2026-06-02 15:10:00,NAM.V,,0.3199999928474426,0.3199999928474426,0.3199999928474426,0.3199999928474426,5000.0
2026-06-02 15:10:00,NCX.V,,3.0399999618530273,3.0450000762939453,3.0399999618530273,3.0399999618530273,600.0
2026-06-02 15:10:00,NFG.V,,2.809999942779541,2.809999942779541,2.809999942779541,2.809999942779541,100.0
2026-06-02 15:10:00,OMG.V,,2.619999885559082,2.619999885559082,2.619999885559082,2.619999885559082,400.0
2026-06-02 15:10:00,ONYX.V,,1.2999999523162842,1.2999999523162842,1.2899999618530273,1.2899999618530273,1400.0
2026-06-02 15:10:00,PGLD.V,,0.8100000023841858,0.8100000023841858,0.8100000023841858,0.8100000023841858,500.0
2026-06-02 15:10:00,PNPN.V,,1.315000057220459,1.3200000524520874,1.315000057220459,1.3200000524520874,200.0
2026-06-02 15:10:00,PUR.V,,0.6349999904632568,0.6349999904632568,0.6349999904632568,0.6349999904632568,500.0
2026-06-02 15:10:00,PWM.V,,0.6399999856948853,0.6399999856948853,0.6399999856948853,0.6399999856948853,4000.0
2026-06-02 15:10:00,QNC.V,,4.739999771118164,4.739999771118164,4.71999979019165,4.71999979019165,7000.0
2026-06-02 15:10:00,QTWO.V,,3.4100000858306885,3.4100000858306885,3.4100000858306885,3.4100000858306885,1600.0
2026-06-02 15:10:00,RDS.V,,1.0750000476837158,1.0750000476837158,1.0750000476837158,1.0750000476837158,100.0
2026-06-02 15:10:00,RKV.V,,0.12999999523162842,0.12999999523162842,0.12999999523162842,0.12999999523162842,500.0
2026-06-02 15:10:00,SCZ.V,,11.460000038146973,11.460000038146973,11.460000038146973,11.460000038146973,300.0
2026-06-02 15:10:00,SPA.V,,0.3499999940395355,0.3499999940395355,0.3499999940395355,0.3499999940395355,500.0
2026-06-02 15:10:00,SVRS.V,,0.5649999976158142,0.5649999976158142,0.5649999976158142,0.5649999976158142,500.0
2026-06-02 15:11:00,MAI.V,,6.40500020980835,6.40500020980835,6.40500020980835,6.40500020980835,105.0
2026-06-02 15:11:00,MYID.V,,0.05999999865889549,0.05999999865889549,0.05999999865889549,0.05999999865889549,1000.0
2026-06-02 15:11:00,NCX.V,,3.0399999618530273,3.0399999618530273,3.0399999618530273,3.0399999618530273,400.0
2026-06-02 15:11:00,OMG.V,,2.619999885559082,2.619999885559082,2.619999885559082,2.619999885559082,600.0
2026-06-02 15:11:00,PNPN.V,,1.3200000524520874,1.3200000524520874,1.3200000524520874,1.3200000524520874,200.0
2026-06-02 15:11:00,PPP.V,,1.559999942779541,1.559999942779541,1.559999942779541,1.559999942779541,500.0
2026-06-02 15:11:00,QNC.V,,4.75,4.75,4.739999771118164,4.739999771118164,1200.0
2026-06-02 15:11:00,QTWO.V,,3.4000000953674316,3.4000000953674316,3.4000000953674316,3.4000000953674316,500.0
2026-06-02 15:11:00,ROK.V,,0.32499998807907104,0.32499998807907104,0.3199999928474426,0.3199999928474426,1000.0
2026-06-02 15:11:00,SGO.V,,0.2549999952316284,0.2549999952316284,0.24500000476837158,0.25,88500.0
2026-06-02 15:12:00,MGG.V,,0.38499999046325684,0.38499999046325684,0.38499999046325684,0.38499999046325684,500.0
2026-06-02 15:12:00,NCX.V,,3.0450000762939453,3.0450000762939453,3.0399999618530273,3.0399999618530273,200.0
2026-06-02 15:12:00,NFG.V,,2.809999942779541,2.809999942779541,2.809999942779541,2.809999942779541,200.0
2026-06-02 15:12:00,OMG.V,,2.619999885559082,2.619999885559082,2.619999885559082,2.619999885559082,300.0
2026-06-02 15:12:00,PNPN.V,,1.3200000524520874,1.3200000524520874,1.315000057220459,1.315000057220459,200.0
2026-06-02 15:12:00,QNC.V,,4.730000019073486,4.75,4.730000019073486,4.75,7657.0
2026-06-02 15:12:00,SHL.V,,0.4000000059604645,0.4000000059604645,0.38999998569488525,0.38999998569488525,85000.0
2026-06-02 15:12:00,SVE.V,,0.48500001430511475,0.48500001430511475,0.48500001430511475,0.48500001430511475,500.0
2026-06-02 15:13:00,NCX.V,,3.0399999618530273,3.0399999618530273,3.0399999618530273,3.0399999618530273,100.0
2026-06-02 15:13:00,OMG.V,,2.619999885559082,2.619999885559082,2.619999885559082,2.619999885559082,100.0
2026-06-02 15:13:00,PINK.V,,0.3050000071525574,0.3050000071525574,0.3050000071525574,0.3050000071525574,4000.0
2026-06-02 15:13:00,PNPN.V,,1.315000057220459,1.315000057220459,1.315000057220459,1.315000057220459,200.0
2026-06-02 15:13:00,QNC.V,,4.730000019073486,4.730000019073486,4.730000019073486,4.730000019073486,100.0
2026-06-02 15:13:00,REG.V,,4.400000095367432,4.400000095367432,4.380000114440918,4.380000114440918,4000.0
2026-06-02 15:14:00,MMY.V,,0.9300000071525574,0.9300000071525574,0.9300000071525574,0.9300000071525574,500.0
2026-06-02 15:14:00,NCAU.V,,0.550000011920929,0.550000011920929,0.550000011920929,0.550000011920929,777.0
2026-06-02 15:14:00,NCX.V,,3.0399999618530273,3.0399999618530273,3.0399999618530273,3.0399999618530273,200.0
2026-06-02 15:14:00,NDA.V,,1.0,1.0,1.0,1.0,100.0
2026-06-02 15:14:00,NSCI.V,,0.12999999523162842,0.12999999523162842,0.12999999523162842,0.12999999523162842,2000.0
2026-06-02 15:14:00,OMG.V,,2.619999885559082,2.619999885559082,2.619999885559082,2.619999885559082,300.0
2026-06-02 15:14:00,PNPN.V,,1.3200000524520874,1.3200000524520874,1.3200000524520874,1.3200000524520874,300.0
2026-06-02 15:14:00,PPP.V,,1.5800000429153442,1.5800000429153442,1.5800000429153442,1.5800000429153442,400.0
2026-06-02 15:14:00,QNC.V,,4.71999979019165,4.71999979019165,4.710000038146973,4.71999979019165,3100.0
2026-06-02 15:14:00,REG.V,,4.400000095367432,4.400000095367432,4.400000095367432,4.400000095367432,14100.0
2026-06-02 15:14:00,SPA.V,,0.3499999940395355,0.3499999940395355,0.3499999940395355,0.3499999940395355,500.0
2026-06-02 15:15:00,LITT.V,,0.1899999976158142,0.1899999976158142,0.1899999976158142,0.1899999976158142,500.0
2026-06-02 15:15:00,MAI.V,,6.400000095367432,6.409999847412109,6.400000095367432,6.409999847412109,600.0
2026-06-02 15:15:00,NCX.V,,3.0399999618530273,3.0399999618530273,3.0399999618530273,3.0399999618530273,400.0
2026-06-02 15:15:00,NDA.V,,1.0,1.0,1.0,1.0,2400.0
2026-06-02 15:15:00,NFG.V,,2.815000057220459,2.815000057220459,2.815000057220459,2.815000057220459,111.0
2026-06-02 15:15:00,OCO.V,,0.4300000071525574,0.4300000071525574,0.4300000071525574,0.4300000071525574,500.0
2026-06-02 15:15:00,OMG.V,,2.619999885559082,2.619999885559082,2.619999885559082,2.619999885559082,100.0
2026-06-02 15:15:00,PGLD.V,,0.8149999976158142,0.8149999976158142,0.8149999976158142,0.8149999976158142,500.0
2026-06-02 15:15:00,PGX.V,,0.03999999910593033,0.03999999910593033,0.03999999910593033,0.03999999910593033,5000.0
2026-06-02 15:15:00,PNPN.V,,1.309999942779541,1.309999942779541,1.309999942779541,1.309999942779541,7600.0
2026-06-02 15:15:00,PPP.V,,1.5700000524520874,1.5700000524520874,1.5700000524520874,1.5700000524520874,1200.0
2026-06-02 15:15:00,QTWO.V,,3.380000114440918,3.3949999809265137,3.380000114440918,3.3949999809265137,1900.0
2026-06-02 15:15:00,ROK.V,,0.3199999928474426,0.3199999928474426,0.3199999928474426,0.3199999928474426,3000.0
2026-06-02 15:15:00,SCLT.V,,0.10000000149011612,0.10999999940395355,0.10000000149011612,0.10999999940395355,20000.0
2026-06-02 15:15:00,SLI.V,,5.71999979019165,5.71999979019165,5.71999979019165,5.71999979019165,200.0
2026-06-02 15:15:00,SVRS.V,,0.5649999976158142,0.5649999976158142,0.5649999976158142,0.5649999976158142,500.0
2026-06-02 15:16:00,MAI.V,,6.409999847412109,6.409999847412109,6.409999847412109,6.409999847412109,100.0
2026-06-02 15:16:00,NCX.V,,3.0399999618530273,3.0399999618530273,3.0399999618530273,3.0399999618530273,500.0
2026-06-02 15:16:00,NXG.V,,0.4399999976158142,0.4399999976158142,0.4399999976158142,0.4399999976158142,2000.0
2026-06-02 15:16:00,OMG.V,,2.619999885559082,2.619999885559082,2.619999885559082,2.619999885559082,400.0
2026-06-02 15:16:00,PINK.V,,0.3050000071525574,0.3050000071525574,0.3050000071525574,0.3050000071525574,1000.0
2026-06-02 15:16:00,PNPN.V,,1.315000057220459,1.315000057220459,1.315000057220459,1.315000057220459,200.0
2026-06-02 15:16:00,PPP.V,,1.5800000429153442,1.5800000429153442,1.5800000429153442,1.5800000429153442,100.0
2026-06-02 15:16:00,QNC.V,,4.730000019073486,4.730000019073486,4.730000019073486,4.730000019073486,3300.0
2026-06-02 15:16:00,QTWO.V,,3.369999885559082,3.369999885559082,3.369999885559082,3.369999885559082,200.0
2026-06-02 15:16:00,SCZ.V,,11.449999809265137,11.449999809265137,11.449999809265137,11.449999809265137,100.0
2026-06-02 15:16:00,STUD.V,,0.3100000023841858,0.3100000023841858,0.3100000023841858,0.3100000023841858,2500.0
2026-06-02 15:17:00,MGG.V,,0.38499999046325684,0.38499999046325684,0.38499999046325684,0.38499999046325684,500.0
2026-06-02 15:17:00,NCX.V,,3.0399999618530273,3.0399999618530273,3.0299999713897705,3.0399999618530273,3600.0
2026-06-02 15:17:00,OMG.V,,2.619999885559082,2.619999885559082,2.619999885559082,2.619999885559082,100.0
2026-06-02 15:17:00,ONYX.V,,1.2799999713897705,1.2799999713897705,1.2799999713897705,1.2799999713897705,400.0
2026-06-02 15:17:00,PNPN.V,,1.309999942779541,1.315000057220459,1.309999942779541,1.315000057220459,1400.0
2026-06-02 15:17:00,PPP.V,,1.5800000429153442,1.5800000429153442,1.5800000429153442,1.5800000429153442,100.0
2026-06-02 15:17:00,QTWO.V,,3.369999885559082,3.369999885559082,3.369999885559082,3.369999885559082,200.0
2026-06-02 15:17:00,SCZ.V,,11.449999809265137,11.449999809265137,11.449999809265137,11.449999809265137,100.0
2026-06-02 15:17:00,SM.V,,1.940000057220459,1.9500000476837158,1.940000057220459,1.9500000476837158,3500.0
2026-06-02 15:17:00,SPA.V,,0.3499999940395355,0.3499999940395355,0.3499999940395355,0.3499999940395355,500.0
2026-06-02 15:17:00,STUD.V,,0.3100000023841858,0.3100000023841858,0.3100000023841858,0.3100000023841858,1000.0
2026-06-02 15:18:00,MAI.V,,6.400000095367432,6.409999847412109,6.400000095367432,6.409999847412109,300.0
2026-06-02 15:18:00,NCX.V,,3.049999952316284,3.049999952316284,3.049999952316284,3.049999952316284,1400.0
2026-06-02 15:18:00,NFG.V,,2.815000057220459,2.815000057220459,2.815000057220459,2.815000057220459,100.0
2026-06-02 15:18:00,OMG.V,,2.619999885559082,2.619999885559082,2.619999885559082,2.619999885559082,300.0
2026-06-02 15:18:00,PNPN.V,,1.309999942779541,1.309999942779541,1.309999942779541,1.309999942779541,300.0
2026-06-02 15:18:00,PPP.V,,1.600000023841858,1.600000023841858,1.5800000429153442,1.5800000429153442,68900.0
2026-06-02 15:18:00,QTWO.V,,3.3499999046325684,3.380000114440918,3.3499999046325684,3.369999885559082,7140.0
2026-06-02 15:18:00,ROK.V,,0.32499998807907104,0.32499998807907104,0.32499998807907104,0.32499998807907104,2500.0
2026-06-02 15:18:00,SAGE.V,,0.13249999284744263,0.13249999284744263,0.13249999284744263,0.13249999284744263,500.0
2026-06-02 15:19:00,AGX.V,,0.7799999713897705,0.7799999713897705,0.7799999713897705,0.7799999713897705,1000.0
2026-06-02 15:19:00,MAI.V,,6.400000095367432,6.409999847412109,6.394999980926514,6.409999847412109,506.0
2026-06-02 15:19:00,MGG.V,,0.3799999952316284,0.3799999952316284,0.3799999952316284,0.3799999952316284,500.0
2026-06-02 15:19:00,NFG.V,,2.815000057220459,2.815000057220459,2.815000057220459,2.815000057220459,100.0
2026-06-02 15:19:00,OMG.V,,2.619999885559082,2.619999885559082,2.619999885559082,2.619999885559082,300.0
2026-06-02 15:19:00,ONYX.V,,1.284999966621399,1.284999966621399,1.284999966621399,1.284999966621399,900.0
2026-06-02 15:19:00,PML.V,,1.4500000476837158,1.4500000476837158,1.4500000476837158,1.4500000476837158,1007.0
2026-06-02 15:19:00,PNPN.V,,1.309999942779541,1.309999942779541,1.309999942779541,1.309999942779541,11800.0
2026-06-02 15:19:00,PPP.V,,1.600000023841858,1.600000023841858,1.600000023841858,1.600000023841858,300.0
2026-06-02 15:19:00,QTWO.V,,3.369999885559082,3.369999885559082,3.3499999046325684,3.359999895095825,2700.0
2026-06-02 15:19:00,RECO.V,,1.1950000524520874,1.2000000476837158,1.1950000524520874,1.2000000476837158,1000.0
2026-06-02 15:19:00,SCZ.V,,11.449999809265137,11.449999809265137,11.449999809265137,11.449999809265137,100.0
2026-06-02 15:19:00,SPRQ.V,,1.4299999475479126,1.4299999475479126,1.4299999475479126,1.4299999475479126,5600.0
2026-06-02 15:19:00,SRR.V,,0.9800000190734863,0.9800000190734863,0.9800000190734863,0.9800000190734863,11400.0
2026-06-02 15:20:00,MGG.V,,0.375,0.3799999952316284,0.375,0.3799999952316284,5000.0
2026-06-02 15:20:00,NCAU.V,,0.550000011920929,0.550000011920929,0.550000011920929,0.550000011920929,3000.0
2026-06-02 15:20:00,NFG.V,,2.815000057220459,2.815000057220459,2.815000057220459,2.815000057220459,200.0
2026-06-02 15:20:00,ODV.V,,3.7899999618530273,3.7899999618530273,3.7899999618530273,3.7899999618530273,100.0
2026-06-02 15:20:00,OMG.V,,2.619999885559082,2.619999885559082,2.619999885559082,2.619999885559082,100.0
2026-06-02 15:20:00,PGLD.V,,0.8149999976158142,0.8149999976158142,0.8149999976158142,0.8149999976158142,500.0
2026-06-02 15:20:00,PINK.V,,0.3050000071525574,0.3050000071525574,0.3050000071525574,0.3050000071525574,21000.0
2026-06-02 15:20:00,PNPN.V,,1.309999942779541,1.309999942779541,1.309999942779541,1.309999942779541,400.0
2026-06-02 15:20:00,PPP.V,,1.600000023841858,1.600000023841858,1.600000023841858,1.600000023841858,800.0
2026-06-02 15:20:00,QTWO.V,,3.359999895095825,3.369999885559082,3.3550000190734863,3.369999885559082,1700.0
2026-06-02 15:20:00,RDS.V,,1.0750000476837158,1.0750000476837158,1.0750000476837158,1.0750000476837158,100.0
2026-06-02 15:20:00,RYR.V,,0.2199999988079071,0.2199999988079071,0.2199999988079071,0.2199999988079071,24000.0
2026-06-02 15:20:00,SLI.V,,5.71999979019165,5.71999979019165,5.71999979019165,5.71999979019165,100.0
2026-06-02 15:20:00,SPA.V,,0.3499999940395355,0.3499999940395355,0.3499999940395355,0.3499999940395355,500.0
2026-06-02 15:20:00,SPRQ.V,,1.4299999475479126,1.4299999475479126,1.4299999475479126,1.4299999475479126,18000.0
2026-06-02 15:20:00,SVE.V,,0.47999998927116394,0.48500001430511475,0.47999998927116394,0.48500001430511475,2500.0
2026-06-02 15:21:00,AMY.V,,0.07500000298023224,0.07500000298023224,0.07500000298023224,0.07500000298023224,11000.0
2026-06-02 15:21:00,MAI.V,,6.409999847412109,6.409999847412109,6.409999847412109,6.409999847412109,100.0
2026-06-02 15:21:00,MGG.V,,0.375,0.375,0.375,0.375,500.0
2026-06-02 15:21:00,NCX.V,,3.059999942779541,3.059999942779541,3.059999942779541,3.059999942779541,205.0
2026-06-02 15:21:00,NFG.V,,2.815000057220459,2.815000057220459,2.809999942779541,2.809999942779541,200.0
2026-06-02 15:21:00,NKL.V,,1.2400000095367432,1.2400000095367432,1.2400000095367432,1.2400000095367432,3200.0
2026-06-02 15:21:00,OMG.V,,2.619999885559082,2.619999885559082,2.619999885559082,2.619999885559082,200.0
2026-06-02 15:21:00,ONYX.V,,1.2799999713897705,1.2799999713897705,1.2799999713897705,1.2799999713897705,1700.0
2026-06-02 15:21:00,PGLD.V,,0.8100000023841858,0.8149999976158142,0.8100000023841858,0.8149999976158142,17500.0
2026-06-02 15:21:00,PINK.V,,0.3100000023841858,0.3100000023841858,0.3100000023841858,0.3100000023841858,7500.0
2026-06-02 15:21:00,PNPN.V,,1.309999942779541,1.309999942779541,1.309999942779541,1.309999942779541,500.0
2026-06-02 15:21:00,PPP.V,,1.600000023841858,1.600000023841858,1.600000023841858,1.600000023841858,1400.0
2026-06-02 15:21:00,PTE.V,,0.014999999664723873,0.014999999664723873,0.014999999664723873,0.014999999664723873,3000.0
2026-06-02 15:21:00,PWM.V,,0.6299999952316284,0.6399999856948853,0.6299999952316284,0.6399999856948853,2000.0
2026-06-02 15:21:00,QNC.V,,4.739999771118164,4.739999771118164,4.739999771118164,4.739999771118164,1700.0
2026-06-02 15:21:00,RECO.V,,1.2000000476837158,1.2000000476837158,1.2000000476837158,1.2000000476837158,100.0
2026-06-02 15:21:00,SCZ.V,,11.449999809265137,11.449999809265137,11.449999809265137,11.449999809265137,100.0
2026-06-02 15:21:00,SLG.V,,5.510000228881836,5.510000228881836,5.510000228881836,5.510000228881836,166.0
2026-06-02 15:21:00,SLI.V,,5.71999979019165,5.71999979019165,5.71999979019165,5.71999979019165,200.0
2026-06-02 15:21:00,SVRS.V,,0.5600000023841858,0.5600000023841858,0.5600000023841858,0.5600000023841858,2000.0
2026-06-02 15:22:00,MAI.V,,6.409999847412109,6.409999847412109,6.409999847412109,6.409999847412109,100.0
2026-06-02 15:22:00,NCX.V,,3.055000066757202,3.055000066757202,3.055000066757202,3.055000066757202,200.0
2026-06-02 15:22:00,OMG.V,,2.619999885559082,2.619999885559082,2.619999885559082,2.619999885559082,100.0
2026-06-02 15:22:00,PNPN.V,,1.309999942779541,1.309999942779541,1.309999942779541,1.309999942779541,400.0
2026-06-02 15:22:00,QNC.V,,4.739999771118164,4.739999771118164,4.730000019073486,4.739999771118164,2801.0
2026-06-02 15:22:00,SLI.V,,5.739999771118164,5.739999771118164,5.739999771118164,5.739999771118164,100.0
2026-06-02 15:22:00,SSV.V,,0.5450000166893005,0.5450000166893005,0.5450000166893005,0.5450000166893005,500.0
2026-06-02 15:23:00,AGX.V,,0.7799999713897705,0.7799999713897705,0.7799999713897705,0.7799999713897705,500.0
2026-06-02 15:23:00,MAI.V,,6.409999847412109,6.409999847412109,6.409999847412109,6.409999847412109,100.0
2026-06-02 15:23:00,NCX.V,,3.059999942779541,3.059999942779541,3.055000066757202,3.055000066757202,200.0
2026-06-02 15:23:00,NFG.V,,2.815000057220459,2.815000057220459,2.815000057220459,2.815000057220459,100.0
2026-06-02 15:23:00,OMG.V,,2.619999885559082,2.619999885559082,2.619999885559082,2.619999885559082,400.0
2026-06-02 15:23:00,ONYX.V,,1.2799999713897705,1.2799999713897705,1.2799999713897705,1.2799999713897705,100.0
2026-06-02 15:23:00,PNPN.V,,1.309999942779541,1.309999942779541,1.309999942779541,1.309999942779541,5100.0
2026-06-02 15:23:00,PPP.V,,1.600000023841858,1.600000023841858,1.600000023841858,1.600000023841858,200.0
2026-06-02 15:23:00,PRG.V,,0.3449999988079071,0.3449999988079071,0.3449999988079071,0.3449999988079071,6000.0
2026-06-02 15:23:00,QTWO.V,,3.369999885559082,3.369999885559082,3.359999895095825,3.359999895095825,600.0
2026-06-02 15:23:00,SCZ.V,,11.470000267028809,11.470000267028809,11.470000267028809,11.470000267028809,500.0
2026-06-02 15:23:00,SLG.V,,5.539999961853027,5.539999961853027,5.539999961853027,5.539999961853027,266.0
2026-06-02 15:23:00,SPA.V,,0.3499999940395355,0.3499999940395355,0.3499999940395355,0.3499999940395355,500.0
2026-06-02 15:23:00,SSV.V,,0.5450000166893005,0.5450000166893005,0.5450000166893005,0.5450000166893005,12500.0
2026-06-02 15:24:00,MGG.V,,0.3799999952316284,0.3799999952316284,0.3799999952316284,0.3799999952316284,500.0
2026-06-02 15:24:00,MMY.V,,0.9300000071525574,0.9300000071525574,0.9300000071525574,0.9300000071525574,500.0
2026-06-02 15:24:00,NCX.V,,3.059999942779541,3.059999942779541,3.059999942779541,3.059999942779541,100.0
2026-06-02 15:24:00,NFG.V,,2.809999942779541,2.809999942779541,2.809999942779541,2.809999942779541,100.0
2026-06-02 15:24:00,NWX.V,,0.125,0.125,0.125,0.125,500.0
2026-06-02 15:24:00,OMG.V,,2.619999885559082,2.619999885559082,2.619999885559082,2.619999885559082,200.0
2026-06-02 15:24:00,PGE.V,,0.32499998807907104,0.32499998807907104,0.32499998807907104,0.32499998807907104,1000.0
2026-06-02 15:24:00,PNPN.V,,1.309999942779541,1.309999942779541,1.309999942779541,1.309999942779541,2200.0
2026-06-02 15:24:00,PPP.V,,1.600000023841858,1.600000023841858,1.600000023841858,1.600000023841858,100.0
2026-06-02 15:24:00,QNC.V,,4.739999771118164,4.739999771118164,4.739999771118164,4.739999771118164,2800.0
2026-06-02 15:24:00,QTWO.V,,3.369999885559082,3.369999885559082,3.369999885559082,3.369999885559082,200.0
2026-06-02 15:24:00,QURI.V,,0.05000000074505806,0.05000000074505806,0.05000000074505806,0.05000000074505806,20000.0
2026-06-02 15:24:00,RDS.V,,1.0700000524520874,1.0700000524520874,1.0700000524520874,1.0700000524520874,100.0
2026-06-02 15:24:00,SLI.V,,5.739999771118164,5.739999771118164,5.739999771118164,5.739999771118164,113.0
2026-06-02 15:25:00,MAI.V,,6.409999847412109,6.409999847412109,6.409999847412109,6.409999847412109,100.0
2026-06-02 15:25:00,NCX.V,,3.059999942779541,3.059999942779541,3.055000066757202,3.055000066757202,200.0
2026-06-02 15:25:00,NFG.V,,2.815000057220459,2.815000057220459,2.815000057220459,2.815000057220459,100.0
2026-06-02 15:25:00,OMG.V,,2.619999885559082,2.619999885559082,2.619999885559082,2.619999885559082,100.0
2026-06-02 15:25:00,PGE.V,,0.3199999928474426,0.3199999928474426,0.3199999928474426,0.3199999928474426,500.0
2026-06-02 15:25:00,PLSR.V,,1.5700000524520874,1.5700000524520874,1.5700000524520874,1.5700000524520874,600.0
2026-06-02 15:25:00,PNPN.V,,1.309999942779541,1.309999942779541,1.309999942779541,1.309999942779541,500.0
2026-06-02 15:25:00,PPP.V,,1.600000023841858,1.600000023841858,1.600000023841858,1.600000023841858,2200.0
2026-06-02 15:25:00,QTWO.V,,3.369999885559082,3.369999885559082,3.369999885559082,3.369999885559082,700.0
2026-06-02 15:25:00,SCZ.V,,11.470000267028809,11.470000267028809,11.470000267028809,11.470000267028809,200.0
2026-06-02 15:25:00,SEND.V,,1.399999976158142,1.399999976158142,1.399999976158142,1.399999976158142,600.0
2026-06-02 15:25:00,SPA.V,,0.3499999940395355,0.3499999940395355,0.3499999940395355,0.3499999940395355,755.0
2026-06-02 15:25:00,SVRS.V,,0.5649999976158142,0.5649999976158142,0.5649999976158142,0.5649999976158142,500.0
2026-06-02 15:26:00,MAI.V,,6.400000095367432,6.409999847412109,6.400000095367432,6.409999847412109,706.0
2026-06-02 15:26:00,MMY.V,,0.9300000071525574,0.9300000071525574,0.9300000071525574,0.9300000071525574,500.0
2026-06-02 15:26:00,NCX.V,,3.0399999618530273,3.059999942779541,3.0399999618530273,3.059999942779541,11400.0
2026-06-02 15:26:00,NFG.V,,2.815000057220459,2.815000057220459,2.815000057220459,2.815000057220459,312.0
2026-06-02 15:26:00,NSE.V,,0.7799999713897705,0.7799999713897705,0.7599999904632568,0.7599999904632568,9500.0
2026-06-02 15:26:00,OMG.V,,2.619999885559082,2.619999885559082,2.619999885559082,2.619999885559082,300.0
2026-06-02 15:26:00,ONYX.V,,1.2799999713897705,1.2799999713897705,1.2799999713897705,1.2799999713897705,600.0
2026-06-02 15:26:00,PGLD.V,,0.8149999976158142,0.8149999976158142,0.8149999976158142,0.8149999976158142,500.0
2026-06-02 15:26:00,PNPN.V,,1.309999942779541,1.309999942779541,1.309999942779541,1.309999942779541,400.0
2026-06-02 15:26:00,PPP.V,,1.600000023841858,1.600000023841858,1.600000023841858,1.600000023841858,100.0
2026-06-02 15:26:00,QNC.V,,4.739999771118164,4.739999771118164,4.739999771118164,4.739999771118164,900.0
2026-06-02 15:26:00,QTWO.V,,3.369999885559082,3.369999885559082,3.369999885559082,3.369999885559082,300.0
2026-06-02 15:26:00,RDS.V,,1.0750000476837158,1.0750000476837158,1.0750000476837158,1.0750000476837158,100.0
2026-06-02 15:26:00,SCZ.V,,11.449999809265137,11.449999809265137,11.449999809265137,11.449999809265137,100.0
2026-06-02 15:26:00,SPA.V,,0.3449999988079071,0.3449999988079071,0.3449999988079071,0.3449999988079071,500.0
2026-06-02 15:27:00,AGX.V,,0.7850000262260437,0.7850000262260437,0.7850000262260437,0.7850000262260437,500.0
2026-06-02 15:27:00,MGG.V,,0.3799999952316284,0.3799999952316284,0.3799999952316284,0.3799999952316284,500.0
2026-06-02 15:27:00,NCAU.V,,0.550000011920929,0.550000011920929,0.550000011920929,0.550000011920929,500.0
2026-06-02 15:27:00,ODV.V,,3.809999942779541,3.809999942779541,3.7899999618530273,3.7899999618530273,500.0
2026-06-02 15:27:00,OMG.V,,2.619999885559082,2.619999885559082,2.619999885559082,2.619999885559082,200.0
2026-06-02 15:27:00,PNPN.V,,1.309999942779541,1.309999942779541,1.309999942779541,1.309999942779541,500.0
2026-06-02 15:27:00,QNC.V,,4.739999771118164,4.739999771118164,4.739999771118164,4.739999771118164,100.0
2026-06-02 15:27:00,QTWO.V,,3.380000114440918,3.380000114440918,3.369999885559082,3.375,2200.0
2026-06-02 15:27:00,RET-A.V,,1.909999966621399,1.909999966621399,1.909999966621399,1.909999966621399,100.0
2026-06-02 15:27:00,STRR.V,,0.5199999809265137,0.5199999809265137,0.5199999809265137,0.5199999809265137,2000.0
2026-06-02 15:28:00,MAI.V,,6.409999847412109,6.409999847412109,6.409999847412109,6.409999847412109,200.0
2026-06-02 15:28:00,NFG.V,,2.809999942779541,2.809999942779541,2.809999942779541,2.809999942779541,100.0
2026-06-02 15:28:00,OMG.V,,2.619999885559082,2.619999885559082,2.619999885559082,2.619999885559082,300.0
2026-06-02 15:28:00,PNPN.V,,1.309999942779541,1.309999942779541,1.309999942779541,1.309999942779541,500.0
2026-06-02 15:28:00,PPP.V,,1.600000023841858,1.600000023841858,1.600000023841858,1.600000023841858,100.0
2026-06-02 15:28:00,QNC.V,,4.739999771118164,4.739999771118164,4.739999771118164,4.739999771118164,4100.0
2026-06-02 15:28:00,SCZ.V,,11.449999809265137,11.449999809265137,11.449999809265137,11.449999809265137,154.0
2026-06-02 15:28:00,SPA.V,,0.3499999940395355,0.3499999940395355,0.3499999940395355,0.3499999940395355,500.0
2026-06-02 15:28:00,SVRS.V,,0.5649999976158142,0.5649999976158142,0.5649999976158142,0.5649999976158142,500.0
2026-06-02 15:29:00,OMG.V,,2.619999885559082,2.619999885559082,2.619999885559082,2.619999885559082,600.0
2026-06-02 15:29:00,OOR.V,,0.054999999701976776,0.054999999701976776,0.054999999701976776,0.054999999701976776,0.0
2026-06-02 15:29:00,PGLD.V,,0.8149999976158142,0.8149999976158142,0.8149999976158142,0.8149999976158142,500.0
2026-06-02 15:29:00,PNPN.V,,1.309999942779541,1.309999942779541,1.309999942779541,1.309999942779541,2900.0
2026-06-02 15:29:00,PPP.V,,1.600000023841858,1.600000023841858,1.600000023841858,1.600000023841858,100.0
2026-06-02 15:29:00,QNC.V,,4.71999979019165,4.71999979019165,4.71999979019165,4.71999979019165,501.0
2026-06-02 15:29:00,QTWO.V,,3.380000114440918,3.380000114440918,3.375,3.375,500.0
2026-06-02 15:29:00,RDS.V,,1.0700000524520874,1.0700000524520874,1.0700000524520874,1.0700000524520874,1500.0
2026-06-02 15:29:00,ROK.V,,0.3199999928474426,0.3199999928474426,0.3199999928474426,0.3199999928474426,4000.0
2026-06-02 15:29:00,SM.V,,1.9500000476837158,1.9500000476837158,1.9500000476837158,1.9500000476837158,357.0
2026-06-02 15:30:00,MGG.V,,0.3799999952316284,0.3799999952316284,0.3799999952316284,0.3799999952316284,500.0
2026-06-02 15:30:00,NCX.V,,3.049999952316284,3.049999952316284,3.0450000762939453,3.0450000762939453,200.0
2026-06-02 15:30:00,NICN.V,,0.0949999988079071,0.0949999988079071,0.0949999988079071,0.0949999988079071,18000.0
2026-06-02 15:30:00,OMG.V,,2.619999885559082,2.619999885559082,2.619999885559082,2.619999885559082,100.0
2026-06-02 15:30:00,PLSR.V,,1.5700000524520874,1.5700000524520874,1.559999942779541,1.559999942779541,2500.0
2026-06-02 15:30:00,PNPN.V,,1.309999942779541,1.309999942779541,1.309999942779541,1.309999942779541,15700.0
2026-06-02 15:30:00,PPP.V,,1.600000023841858,1.600000023841858,1.600000023841858,1.600000023841858,1700.0
2026-06-02 15:30:00,PUR.V,,0.6399999856948853,0.6399999856948853,0.6399999856948853,0.6399999856948853,1300.0
2026-06-02 15:30:00,RVG.V,,0.8100000023841858,0.8100000023841858,0.8100000023841858,0.8100000023841858,10500.0
2026-06-02 15:30:00,SLI.V,,5.75,5.75,5.739999771118164,5.739999771118164,1200.0
2026-06-02 15:30:00,SSV.V,,0.550000011920929,0.550000011920929,0.550000011920929,0.550000011920929,2500.0
2026-06-02 15:30:00,SVE.V,,0.48500001430511475,0.48500001430511475,0.48500001430511475,0.48500001430511475,1500.0
2026-06-02 15:31:00,MAI.V,,6.409999847412109,6.409999847412109,6.40500020980835,6.409999847412109,500.0
2026-06-02 15:31:00,NCX.V,,3.049999952316284,3.049999952316284,3.049999952316284,3.049999952316284,200.0
2026-06-02 15:31:00,NFG.V,,2.815000057220459,2.815000057220459,2.809999942779541,2.809999942779541,300.0
2026-06-02 15:31:00,NICN.V,,0.0949999988079071,0.0949999988079071,0.0949999988079071,0.0949999988079071,12000.0
2026-06-02 15:31:00,OCO.V,,0.4300000071525574,0.4300000071525574,0.4300000071525574,0.4300000071525574,500.0
2026-06-02 15:31:00,OMG.V,,2.619999885559082,2.619999885559082,2.619999885559082,2.619999885559082,200.0
2026-06-02 15:31:00,ORS.V,,0.10499999672174454,0.10499999672174454,0.10499999672174454,0.10499999672174454,17500.0
2026-06-02 15:31:00,PER.V,,0.24500000476837158,0.24500000476837158,0.24500000476837158,0.24500000476837158,2999.0
2026-06-02 15:31:00,PGLD.V,,0.8149999976158142,0.8149999976158142,0.8149999976158142,0.8149999976158142,500.0
2026-06-02 15:31:00,PNPN.V,,1.309999942779541,1.309999942779541,1.309999942779541,1.309999942779541,500.0
2026-06-02 15:31:00,PPP.V,,1.600000023841858,1.600000023841858,1.600000023841858,1.600000023841858,100.0
2026-06-02 15:31:00,QNC.V,,4.760000228881836,4.760000228881836,4.739999771118164,4.739999771118164,5204.0
2026-06-02 15:31:00,RKV.V,,0.12999999523162842,0.12999999523162842,0.12999999523162842,0.12999999523162842,500.0
2026-06-02 15:31:00,RVG.V,,0.8100000023841858,0.8100000023841858,0.8100000023841858,0.8100000023841858,5000.0
2026-06-02 15:31:00,SAGE.V,,0.13500000536441803,0.13500000536441803,0.13500000536441803,0.13500000536441803,17407.0
2026-06-02 15:31:00,SLI.V,,5.739999771118164,5.739999771118164,5.739999771118164,5.739999771118164,200.0
2026-06-02 15:31:00,SPA.V,,0.3499999940395355,0.3499999940395355,0.3499999940395355,0.3499999940395355,500.0
2026-06-02 15:32:00,MMY.V,,0.9300000071525574,0.9300000071525574,0.9300000071525574,0.9300000071525574,500.0
2026-06-02 15:32:00,NCX.V,,3.049999952316284,3.049999952316284,3.049999952316284,3.049999952316284,207.0
2026-06-02 15:32:00,NFG.V,,2.815000057220459,2.815000057220459,2.815000057220459,2.815000057220459,200.0
2026-06-02 15:32:00,NWST.V,,0.35499998927116394,0.35499998927116394,0.35499998927116394,0.35499998927116394,5000.0
2026-06-02 15:32:00,ORS.V,,0.10499999672174454,0.10499999672174454,0.10499999672174454,0.10499999672174454,8000.0
2026-06-02 15:32:00,PNPN.V,,1.309999942779541,1.309999942779541,1.309999942779541,1.309999942779541,1000.0
2026-06-02 15:32:00,PRG.V,,0.3400000035762787,0.3400000035762787,0.3400000035762787,0.3400000035762787,2500.0
2026-06-02 15:32:00,PTC.V,,0.15000000596046448,0.15000000596046448,0.15000000596046448,0.15000000596046448,10014.0
2026-06-02 15:32:00,QTWO.V,,3.380000114440918,3.380000114440918,3.380000114440918,3.380000114440918,100.0
2026-06-02 15:32:00,RECO.V,,1.2000000476837158,1.2000000476837158,1.2000000476837158,1.2000000476837158,1000.0
2026-06-02 15:32:00,ROK.V,,0.3199999928474426,0.32249999046325684,0.3199999928474426,0.32249999046325684,3000.0
2026-06-02 15:32:00,SCZ.V,,11.449999809265137,11.449999809265137,11.449999809265137,11.449999809265137,100.0
2026-06-02 15:33:00,HASH.V,,0.03500000014901161,0.03500000014901161,0.03500000014901161,0.03500000014901161,66000.0
2026-06-02 15:33:00,MAI.V,,6.420000076293945,6.420000076293945,6.409999847412109,6.409999847412109,1008.0
2026-06-02 15:33:00,NBY.V,,0.10499999672174454,0.10499999672174454,0.10499999672174454,0.10499999672174454,1000.0
2026-06-02 15:33:00,NCX.V,,3.0399999618530273,3.0450000762939453,3.0199999809265137,3.0450000762939453,4800.0
2026-06-02 15:33:00,NFG.V,,2.809999942779541,2.809999942779541,2.809999942779541,2.809999942779541,200.0
2026-06-02 15:33:00,OMG.V,,2.619999885559082,2.619999885559082,2.619999885559082,2.619999885559082,100.0
2026-06-02 15:33:00,PGLD.V,,0.8199999928474426,0.8199999928474426,0.8199999928474426,0.8199999928474426,500.0
2026-06-02 15:33:00,PNPN.V,,1.309999942779541,1.309999942779541,1.309999942779541,1.309999942779541,2900.0
2026-06-02 15:33:00,PPP.V,,1.600000023841858,1.600000023841858,1.600000023841858,1.600000023841858,100.0
2026-06-02 15:33:00,PRG.V,,0.3400000035762787,0.3400000035762787,0.3400000035762787,0.3400000035762787,4000.0
2026-06-02 15:33:00,QNC.V,,4.769999980926514,4.769999980926514,4.769999980926514,4.769999980926514,200.0
2026-06-02 15:33:00,QTWO.V,,3.375,3.380000114440918,3.375,3.380000114440918,1500.0
2026-06-02 15:33:00,SCZ.V,,11.449999809265137,11.449999809265137,11.449999809265137,11.449999809265137,100.0
2026-06-02 15:34:00,MAI.V,,6.409999847412109,6.409999847412109,6.409999847412109,6.409999847412109,100.0
2026-06-02 15:34:00,MGG.V,,0.3799999952316284,0.3799999952316284,0.3799999952316284,0.3799999952316284,500.0
2026-06-02 15:34:00,NCX.V,,3.0399999618530273,3.0399999618530273,3.0399999618530273,3.0399999618530273,100.0
2026-06-02 15:34:00,NFG.V,,2.809999942779541,2.815000057220459,2.809999942779541,2.815000057220459,200.0
2026-06-02 15:34:00,OMG.V,,2.619999885559082,2.619999885559082,2.619999885559082,2.619999885559082,19500.0
2026-06-02 15:34:00,OMR-H.V,,0.30000001192092896,0.3050000071525574,0.30000001192092896,0.3050000071525574,0.0
2026-06-02 15:34:00,PNPN.V,,1.2999999523162842,1.2999999523162842,1.2999999523162842,1.2999999523162842,500.0
2026-06-02 15:34:00,PPP.V,,1.600000023841858,1.600000023841858,1.600000023841858,1.600000023841858,200.0
2026-06-02 15:34:00,QNC.V,,4.769999980926514,4.769999980926514,4.769999980926514,4.769999980926514,200.0
2026-06-02 15:34:00,RECO.V,,1.2000000476837158,1.2000000476837158,1.2000000476837158,1.2000000476837158,200.0
2026-06-02 15:34:00,SLI.V,,5.75,5.75,5.75,5.75,200.0
2026-06-02 15:34:00,SOU.V,,0.07500000298023224,0.07500000298023224,0.07500000298023224,0.07500000298023224,799000.0
2026-06-02 15:35:00,AGX.V,,0.7850000262260437,0.7850000262260437,0.7850000262260437,0.7850000262260437,572.0
2026-06-02 15:35:00,NCX.V,,3.0399999618530273,3.0399999618530273,3.0399999618530273,3.0399999618530273,100.0
2026-06-02 15:35:00,OMG.V,,2.619999885559082,2.619999885559082,2.619999885559082,2.619999885559082,300.0
2026-06-02 15:35:00,PNPN.V,,1.309999942779541,1.309999942779541,1.2999999523162842,1.2999999523162842,600.0
2026-06-02 15:35:00,PPP.V,,1.600000023841858,1.600000023841858,1.600000023841858,1.600000023841858,1400.0
2026-06-02 15:35:00,QNC.V,,4.760000228881836,4.769999980926514,4.760000228881836,4.769999980926514,500.0
2026-06-02 15:35:00,QPT.V,,0.03500000014901161,0.03500000014901161,0.03500000014901161,0.03500000014901161,1000.0
2026-06-02 15:35:00,QTWO.V,,3.375,3.375,3.375,3.375,200.0
2026-06-02 15:35:00,SCZ.V,,11.460000038146973,11.460000038146973,11.460000038146973,11.460000038146973,100.0
2026-06-02 15:35:00,SLI.V,,5.739999771118164,5.739999771118164,5.739999771118164,5.739999771118164,206.0
2026-06-02 15:35:00,SOMA.V,,0.9700000286102295,0.9700000286102295,0.9700000286102295,0.9700000286102295,3800.0
2026-06-02 15:35:00,SPA.V,,0.3499999940395355,0.3499999940395355,0.3499999940395355,0.3499999940395355,500.0
2026-06-02 15:35:00,SRR.V,,0.9800000190734863,0.9800000190734863,0.9800000190734863,0.9800000190734863,10630.0
2026-06-02 15:35:00,SVE.V,,0.48500001430511475,0.48500001430511475,0.48500001430511475,0.48500001430511475,500.0
2026-06-02 15:35:00,SVRS.V,,0.5649999976158142,0.5649999976158142,0.5649999976158142,0.5649999976158142,500.0
2026-06-02 15:36:00,MAI.V,,6.409999847412109,6.425000190734863,6.409999847412109,6.425000190734863,200.0
2026-06-02 15:36:00,NFD-A.V,,5.190000057220459,5.190000057220459,5.190000057220459,5.190000057220459,800.0
2026-06-02 15:36:00,NFG.V,,2.815000057220459,2.815000057220459,2.815000057220459,2.815000057220459,215.0
2026-06-02 15:36:00,OMG.V,,2.619999885559082,2.619999885559082,2.619999885559082,2.619999885559082,400.0
2026-06-02 15:36:00,PGLD.V,,0.8149999976158142,0.8149999976158142,0.8149999976158142,0.8149999976158142,500.0
2026-06-02 15:36:00,PINK.V,,0.3050000071525574,0.3050000071525574,0.3050000071525574,0.3050000071525574,3000.0
2026-06-02 15:36:00,PNPN.V,,1.309999942779541,1.3200000524520874,1.309999942779541,1.3200000524520874,700.0
2026-06-02 15:36:00,PPP.V,,1.600000023841858,1.600000023841858,1.600000023841858,1.600000023841858,200.0
2026-06-02 15:36:00,QNC.V,,4.760000228881836,4.760000228881836,4.760000228881836,4.760000228881836,296.0
2026-06-02 15:36:00,QTWO.V,,3.375,3.375,3.375,3.375,100.0
2026-06-02 15:36:00,SVE.V,,0.48500001430511475,0.48500001430511475,0.48500001430511475,0.48500001430511475,500.0
2026-06-02 15:37:00,MAI.V,,6.425000190734863,6.425000190734863,6.425000190734863,6.425000190734863,100.0
2026-06-02 15:37:00,MGG.V,,0.3799999952316284,0.3799999952316284,0.3799999952316284,0.3799999952316284,500.0
2026-06-02 15:37:00,NCX.V,,3.0399999618530273,3.0399999618530273,3.0399999618530273,3.0399999618530273,100.0
2026-06-02 15:37:00,NFG.V,,2.815000057220459,2.815000057220459,2.815000057220459,2.815000057220459,100.0
2026-06-02 15:37:00,OMG.V,,2.619999885559082,2.619999885559082,2.619999885559082,2.619999885559082,500.0
2026-06-02 15:37:00,OZ.V,,0.46000000834465027,0.46000000834465027,0.46000000834465027,0.46000000834465027,2500.0
2026-06-02 15:37:00,PLUR.V,,0.10000000149011612,0.10000000149011612,0.10000000149011612,0.10000000149011612,15000.0
2026-06-02 15:37:00,PNPN.V,,1.309999942779541,1.315000057220459,1.309999942779541,1.309999942779541,2400.0
2026-06-02 15:37:00,PPP.V,,1.600000023841858,1.600000023841858,1.600000023841858,1.600000023841858,100.0
2026-06-02 15:37:00,QNC.V,,4.760000228881836,4.760000228881836,4.760000228881836,4.760000228881836,100.0
2026-06-02 15:37:00,QTWO.V,,3.359999895095825,3.369999885559082,3.359999895095825,3.369999885559082,1610.0
2026-06-02 15:37:00,ROMJ.V,,0.42500001192092896,0.42500001192092896,0.42500001192092896,0.42500001192092896,500.0
2026-06-02 15:37:00,RVG.V,,0.8149999976158142,0.8149999976158142,0.8149999976158142,0.8149999976158142,500.0
2026-06-02 15:37:00,SM.V,,1.940000057220459,1.940000057220459,1.940000057220459,1.940000057220459,500.0
2026-06-02 15:37:00,SOMA.V,,0.9800000190734863,0.9800000190734863,0.9800000190734863,0.9800000190734863,1300.0
2026-06-02 15:38:00,NFG.V,,2.815000057220459,2.815000057220459,2.815000057220459,2.815000057220459,1605.0
2026-06-02 15:38:00,OMG.V,,2.619999885559082,2.619999885559082,2.619999885559082,2.619999885559082,500.0
2026-06-02 15:38:00,PEZM-H.V,,0.2199999988079071,0.2199999988079071,0.2199999988079071,0.2199999988079071,0.0
2026-06-02 15:38:00,PNPN.V,,1.309999942779541,1.309999942779541,1.309999942779541,1.309999942779541,500.0
2026-06-02 15:38:00,PPP.V,,1.600000023841858,1.600000023841858,1.600000023841858,1.600000023841858,700.0
2026-06-02 15:38:00,QNC.V,,4.760000228881836,4.760000228881836,4.760000228881836,4.760000228881836,100.0
2026-06-02 15:38:00,QTWO.V,,3.359999895095825,3.359999895095825,3.359999895095825,3.359999895095825,200.0
2026-06-02 15:38:00,RECO.V,,1.2000000476837158,1.2000000476837158,1.2000000476837158,1.2000000476837158,100.0
2026-06-02 15:38:00,SAGE.V,,0.13500000536441803,0.13500000536441803,0.13500000536441803,0.13500000536441803,10000.0
2026-06-02 15:38:00,SCZ.V,,11.460000038146973,11.460000038146973,11.460000038146973,11.460000038146973,100.0
2026-06-02 15:38:00,SVE.V,,0.48500001430511475,0.48500001430511475,0.48500001430511475,0.48500001430511475,1000.0
2026-06-02 15:38:00,SVRS.V,,0.5649999976158142,0.5649999976158142,0.5649999976158142,0.5649999976158142,500.0
2026-06-02 15:39:00,MAI.V,,6.40500020980835,6.425000190734863,6.400000095367432,6.425000190734863,1003.0
2026-06-02 15:39:00,NOAL.V,,0.2549999952316284,0.2549999952316284,0.2549999952316284,0.2549999952316284,2500.0
2026-06-02 15:39:00,OMG.V,,2.619999885559082,2.619999885559082,2.619999885559082,2.619999885559082,1000.0
2026-06-02 15:39:00,PML.V,,1.4600000381469727,1.4600000381469727,1.4600000381469727,1.4600000381469727,2900.0
2026-06-02 15:39:00,PNPN.V,,1.309999942779541,1.3200000524520874,1.309999942779541,1.309999942779541,900.0
2026-06-02 15:39:00,PPP.V,,1.590000033378601,1.600000023841858,1.590000033378601,1.600000023841858,32400.0
2026-06-02 15:39:00,QCX.V,,0.26499998569488525,0.26499998569488525,0.26499998569488525,0.26499998569488525,500.0
2026-06-02 15:39:00,QNC.V,,4.760000228881836,4.760000228881836,4.760000228881836,4.760000228881836,401.0
2026-06-02 15:39:00,QTWO.V,,3.365000009536743,3.365000009536743,3.365000009536743,3.365000009536743,900.0
2026-06-02 15:40:00,FISH.V,,4.25,4.25,4.25,4.25,4900.0
2026-06-02 15:40:00,MAI.V,,6.389999866485596,6.400000095367432,6.389999866485596,6.400000095367432,600.0
2026-06-02 15:40:00,MGG.V,,0.3799999952316284,0.3799999952316284,0.3799999952316284,0.3799999952316284,500.0
2026-06-02 15:40:00,NCAU.V,,0.550000011920929,0.550000011920929,0.550000011920929,0.550000011920929,500.0
2026-06-02 15:40:00,NCX.V,,3.0399999618530273,3.0399999618530273,3.0399999618530273,3.0399999618530273,400.0
2026-06-02 15:40:00,NDA.V,,1.0,1.0,1.0,1.0,1000.0
2026-06-02 15:40:00,NFG.V,,2.815000057220459,2.815000057220459,2.815000057220459,2.815000057220459,100.0
2026-06-02 15:40:00,NGC.V,,0.17000000178813934,0.17000000178813934,0.17000000178813934,0.17000000178813934,2000.0
2026-06-02 15:40:00,OCO.V,,0.4300000071525574,0.4300000071525574,0.4300000071525574,0.4300000071525574,3337.0
2026-06-02 15:40:00,ODV.V,,3.809999942779541,3.809999942779541,3.809999942779541,3.809999942779541,100.0
2026-06-02 15:40:00,OMG.V,,2.630000114440918,2.634999990463257,2.619999885559082,2.619999885559082,37500.0
2026-06-02 15:40:00,ONYX.V,,1.25,1.25,1.25,1.25,100.0
2026-06-02 15:40:00,PGLD.V,,0.8199999928474426,0.8199999928474426,0.8149999976158142,0.8149999976158142,28500.0
2026-06-02 15:40:00,PLSR.V,,1.5700000524520874,1.5700000524520874,1.5700000524520874,1.5700000524520874,500.0
2026-06-02 15:40:00,PNPN.V,,1.309999942779541,1.315000057220459,1.309999942779541,1.309999942779541,600.0
2026-06-02 15:40:00,PPP.V,,1.590000033378601,1.590000033378601,1.590000033378601,1.590000033378601,21100.0
2026-06-02 15:40:00,QNC.V,,4.760000228881836,4.760000228881836,4.760000228881836,4.760000228881836,100.0
2026-06-02 15:40:00,QTWO.V,,3.365000009536743,3.365000009536743,3.365000009536743,3.365000009536743,100.0
2026-06-02 15:40:00,RET-A.V,,1.9500000476837158,1.9500000476837158,1.9299999475479126,1.9299999475479126,9100.0
2026-06-02 15:40:00,SCZ.V,,11.479999542236328,11.479999542236328,11.479999542236328,11.479999542236328,200.0
2026-06-02 15:40:00,SM.V,,1.9299999475479126,1.9299999475479126,1.9299999475479126,1.9299999475479126,300.0
2026-06-02 15:40:00,SPA.V,,0.3499999940395355,0.3499999940395355,0.3499999940395355,0.3499999940395355,500.0
2026-06-02 15:40:00,STRM.V,,0.4099999964237213,0.4099999964237213,0.4099999964237213,0.4099999964237213,500.0
2026-06-02 15:40:00,SVE.V,,0.48500001430511475,0.48500001430511475,0.48500001430511475,0.48500001430511475,500.0
2026-06-02 15:41:00,NCAU.V,,0.550000011920929,0.550000011920929,0.550000011920929,0.550000011920929,5000.0
2026-06-02 15:41:00,NDA.V,,1.0199999809265137,1.0199999809265137,1.0199999809265137,1.0199999809265137,400.0
2026-06-02 15:41:00,NFG.V,,2.815000057220459,2.815000057220459,2.815000057220459,2.815000057220459,100.0
2026-06-02 15:41:00,ODV.V,,3.8399999141693115,3.8399999141693115,3.819999933242798,3.819999933242798,700.0
2026-06-02 15:41:00,OMG.V,,2.630000114440918,2.630000114440918,2.630000114440918,2.630000114440918,100.0
2026-06-02 15:41:00,PGLD.V,,0.8199999928474426,0.8199999928474426,0.8199999928474426,0.8199999928474426,51500.0
2026-06-02 15:41:00,PLSR.V,,1.5700000524520874,1.5700000524520874,1.5700000524520874,1.5700000524520874,3200.0
2026-06-02 15:41:00,PNPN.V,,1.309999942779541,1.315000057220459,1.309999942779541,1.309999942779541,800.0
2026-06-02 15:41:00,PTU.V,,0.4099999964237213,0.4099999964237213,0.4099999964237213,0.4099999964237213,3000.0
2026-06-02 15:41:00,PWM.V,,0.6299999952316284,0.6299999952316284,0.6299999952316284,0.6299999952316284,500.0
2026-06-02 15:41:00,QNC.V,,4.760000228881836,4.760000228881836,4.739999771118164,4.739999771118164,2100.0
2026-06-02 15:41:00,QTWO.V,,3.365000009536743,3.365000009536743,3.365000009536743,3.365000009536743,100.0
2026-06-02 15:41:00,RPX.V,,0.17499999701976776,0.17499999701976776,0.17499999701976776,0.17499999701976776,2000.0
2026-06-02 15:41:00,SGO.V,,0.24500000476837158,0.24500000476837158,0.24500000476837158,0.24500000476837158,25000.0
2026-06-02 15:41:00,SM.V,,1.9199999570846558,1.9299999475479126,1.9199999570846558,1.9299999475479126,2900.0
2026-06-02 15:41:00,SPRQ.V,,1.4299999475479126,1.4500000476837158,1.4299999475479126,1.4500000476837158,2100.0
2026-06-02 15:42:00,AGX.V,,0.7799999713897705,0.7799999713897705,0.7799999713897705,0.7799999713897705,500.0
2026-06-02 15:42:00,MAI.V,,6.380000114440918,6.380000114440918,6.380000114440918,6.380000114440918,500.0
2026-06-02 15:42:00,MGG.V,,0.3799999952316284,0.3799999952316284,0.3799999952316284,0.3799999952316284,500.0
2026-06-02 15:42:00,MGRO.V,,0.49000000953674316,0.49000000953674316,0.49000000953674316,0.49000000953674316,2500.0
2026-06-02 15:42:00,NDA.V,,1.0,1.0,1.0,1.0,500.0
2026-06-02 15:42:00,NFG.V,,2.809999942779541,2.809999942779541,2.809999942779541,2.809999942779541,100.0
2026-06-02 15:42:00,OC.V,,0.11500000208616257,0.11500000208616257,0.11500000208616257,0.11500000208616257,1000.0
2026-06-02 15:42:00,ODV.V,,3.8399999141693115,3.8399999141693115,3.8399999141693115,3.8399999141693115,1368.0
2026-06-02 15:42:00,PLSR.V,,1.5700000524520874,1.5700000524520874,1.559999942779541,1.5700000524520874,3500.0
2026-06-02 15:42:00,PNPN.V,,1.309999942779541,1.315000057220459,1.309999942779541,1.315000057220459,700.0
2026-06-02 15:42:00,PPP.V,,1.5800000429153442,1.5800000429153442,1.5800000429153442,1.5800000429153442,2100.0
2026-06-02 15:42:00,QNC.V,,4.760000228881836,4.760000228881836,4.75,4.75,4800.0
2026-06-02 15:42:00,QTWO.V,,3.365000009536743,3.365000009536743,3.359999895095825,3.359999895095825,500.0
2026-06-02 15:42:00,RDS.V,,1.0800000429153442,1.0800000429153442,1.0750000476837158,1.0750000476837158,1900.0
2026-06-02 15:42:00,REG.V,,4.300000190734863,4.349999904632568,4.300000190734863,4.349999904632568,7500.0
2026-06-02 15:42:00,RPX.V,,0.17499999701976776,0.17499999701976776,0.17499999701976776,0.17499999701976776,500.0
2026-06-02 15:42:00,RVG.V,,0.8149999976158142,0.8149999976158142,0.8149999976158142,0.8149999976158142,500.0
2026-06-02 15:42:00,SLI.V,,5.75,5.75,5.75,5.75,100.0
2026-06-02 15:42:00,SVRS.V,,0.5649999976158142,0.5649999976158142,0.5649999976158142,0.5649999976158142,500.0
2026-06-02 15:43:00,MAI.V,,6.380000114440918,6.394999980926514,6.380000114440918,6.394999980926514,200.0
2026-06-02 15:43:00,MGG.V,,0.3799999952316284,0.3799999952316284,0.3799999952316284,0.3799999952316284,1000.0
2026-06-02 15:43:00,MMY.V,,0.9300000071525574,0.9300000071525574,0.9300000071525574,0.9300000071525574,500.0
2026-06-02 15:43:00,NCX.V,,3.0350000858306885,3.0399999618530273,3.0350000858306885,3.0399999618530273,500.0
2026-06-02 15:43:00,NFG.V,,2.809999942779541,2.815000057220459,2.809999942779541,2.809999942779541,500.0
2026-06-02 15:43:00,PLSR.V,,1.5700000524520874,1.5700000524520874,1.5700000524520874,1.5700000524520874,200.0
2026-06-02 15:43:00,PNPN.V,,1.309999942779541,1.315000057220459,1.309999942779541,1.309999942779541,600.0
2026-06-02 15:43:00,QNC.V,,4.760000228881836,4.760000228881836,4.760000228881836,4.760000228881836,200.0
2026-06-02 15:43:00,QTWO.V,,3.359999895095825,3.365000009536743,3.359999895095825,3.359999895095825,1000.0
2026-06-02 15:43:00,RDS.V,,1.0850000381469727,1.0850000381469727,1.0800000429153442,1.0800000429153442,6000.0
2026-06-02 15:43:00,REG.V,,4.300000190734863,4.300000190734863,4.28000020980835,4.28000020980835,5900.0
2026-06-02 15:43:00,RYO.V,,0.3499999940395355,0.3499999940395355,0.3499999940395355,0.3499999940395355,21500.0
2026-06-02 15:43:00,SCLT.V,,0.11999999731779099,0.11999999731779099,0.11999999731779099,0.11999999731779099,6000.0
2026-06-02 15:43:00,SCZ.V,,11.489999771118164,11.489999771118164,11.489999771118164,11.489999771118164,500.0
2026-06-02 15:43:00,SM.V,,1.9199999570846558,1.9299999475479126,1.9199999570846558,1.9299999475479126,1700.0
2026-06-02 15:43:00,SPA.V,,0.3499999940395355,0.3499999940395355,0.3499999940395355,0.3499999940395355,500.0
2026-06-02 15:44:00,MAI.V,,6.369999885559082,6.380000114440918,6.369999885559082,6.380000114440918,390.0
2026-06-02 15:44:00,MGG.V,,0.3799999952316284,0.3799999952316284,0.3799999952316284,0.3799999952316284,1372.0
2026-06-02 15:44:00,NDA.V,,1.0099999904632568,1.0099999904632568,1.0099999904632568,1.0099999904632568,4000.0
2026-06-02 15:44:00,NFG.V,,2.809999942779541,2.809999942779541,2.809999942779541,2.809999942779541,100.0
2026-06-02 15:44:00,NSU.V,,0.29499998688697815,0.29499998688697815,0.29499998688697815,0.29499998688697815,500.0
2026-06-02 15:44:00,OMG.V,,2.630000114440918,2.630000114440918,2.630000114440918,2.630000114440918,100.0
2026-06-02 15:44:00,ONYX.V,,1.25,1.25,1.25,1.25,100.0
2026-06-02 15:44:00,PGLD.V,,0.8100000023841858,0.8100000023841858,0.8100000023841858,0.8100000023841858,3000.0
2026-06-02 15:44:00,PLSR.V,,1.5499999523162842,1.5499999523162842,1.5499999523162842,1.5499999523162842,9800.0
2026-06-02 15:44:00,PNPN.V,,1.309999942779541,1.315000057220459,1.309999942779541,1.309999942779541,4500.0
2026-06-02 15:44:00,QNC.V,,4.760000228881836,4.760000228881836,4.760000228881836,4.760000228881836,100.0
2026-06-02 15:44:00,QTWO.V,,3.359999895095825,3.359999895095825,3.359999895095825,3.359999895095825,500.0
2026-06-02 15:44:00,RECO.V,,1.2000000476837158,1.2000000476837158,1.2000000476837158,1.2000000476837158,100.0
2026-06-02 15:44:00,ROK.V,,0.32249999046325684,0.32249999046325684,0.32249999046325684,0.32249999046325684,2100.0
2026-06-02 15:44:00,RPX.V,,0.17499999701976776,0.17499999701976776,0.17499999701976776,0.17499999701976776,2500.0
2026-06-02 15:44:00,SCLT.V,,0.11999999731779099,0.11999999731779099,0.11999999731779099,0.11999999731779099,5000.0
2026-06-02 15:44:00,SCZ.V,,11.489999771118164,11.5,11.489999771118164,11.5,500.0
2026-06-02 15:44:00,SGO.V,,0.24500000476837158,0.24500000476837158,0.24500000476837158,0.24500000476837158,39000.0
2026-06-02 15:44:00,SLI.V,,5.739999771118164,5.739999771118164,5.739999771118164,5.739999771118164,400.0
2026-06-02 15:44:00,SPA.V,,0.3499999940395355,0.3499999940395355,0.3499999940395355,0.3499999940395355,500.0
2026-06-02 15:44:00,SRR.V,,0.9800000190734863,0.9800000190734863,0.9800000190734863,0.9800000190734863,600.0
2026-06-02 15:44:00,SVRS.V,,0.5649999976158142,0.5649999976158142,0.5649999976158142,0.5649999976158142,500.0
2026-06-02 15:45:00,MAI.V,,6.369999885559082,6.369999885559082,6.369999885559082,6.369999885559082,100.0
2026-06-02 15:45:00,ODV.V,,3.8299999237060547,3.8399999141693115,3.8299999237060547,3.8399999141693115,6500.0
2026-06-02 15:45:00,OMG.V,,2.630000114440918,2.630000114440918,2.630000114440918,2.630000114440918,2200.0
2026-06-02 15:45:00,PLSR.V,,1.5499999523162842,1.5499999523162842,1.5499999523162842,1.5499999523162842,1500.0
2026-06-02 15:45:00,PNPN.V,,1.309999942779541,1.309999942779541,1.309999942779541,1.309999942779541,700.0
2026-06-02 15:45:00,PUR.V,,0.6499999761581421,0.6499999761581421,0.6449999809265137,0.6449999809265137,16000.0
2026-06-02 15:45:00,QNC.V,,4.739999771118164,4.760000228881836,4.739999771118164,4.760000228881836,2100.0
2026-06-02 15:45:00,QTWO.V,,3.359999895095825,3.359999895095825,3.359999895095825,3.359999895095825,500.0
2026-06-02 15:45:00,RECO.V,,1.2000000476837158,1.2000000476837158,1.2000000476837158,1.2000000476837158,100.0
2026-06-02 15:45:00,RET-A.V,,1.9500000476837158,1.9500000476837158,1.9500000476837158,1.9500000476837158,100.0
2026-06-02 15:45:00,ROK.V,,0.3199999928474426,0.3199999928474426,0.3199999928474426,0.3199999928474426,3000.0
2026-06-02 15:45:00,RVG.V,,0.8149999976158142,0.8149999976158142,0.8149999976158142,0.8149999976158142,500.0
2026-06-02 15:45:00,SCZ.V,,11.5,11.5,11.5,11.5,700.0
2026-06-02 15:45:00,SLI.V,,5.760000228881836,5.760000228881836,5.760000228881836,5.760000228881836,200.0
2026-06-02 15:45:00,SPA.V,,0.3499999940395355,0.3499999940395355,0.3499999940395355,0.3499999940395355,1000.0
2026-06-02 15:45:00,SRR.V,,0.9900000095367432,0.9900000095367432,0.9900000095367432,0.9900000095367432,10100.0
2026-06-02 15:45:00,SVE.V,,0.48500001430511475,0.48500001430511475,0.48500001430511475,0.48500001430511475,500.0
2026-06-02 15:46:00,AGX.V,,0.7799999713897705,0.7799999713897705,0.7799999713897705,0.7799999713897705,500.0
2026-06-02 15:46:00,MAI.V,,6.369999885559082,6.369999885559082,6.369999885559082,6.369999885559082,100.0
2026-06-02 15:46:00,MMY.V,,0.9399999976158142,0.9399999976158142,0.9399999976158142,0.9399999976158142,4000.0
2026-06-02 15:46:00,NDA.V,,1.0099999904632568,1.0099999904632568,1.0099999904632568,1.0099999904632568,100.0
2026-06-02 15:46:00,NFG.V,,2.809999942779541,2.809999942779541,2.809999942779541,2.809999942779541,5100.0
2026-06-02 15:46:00,OMG.V,,2.619999885559082,2.630000114440918,2.619999885559082,2.630000114440918,21500.0
2026-06-02 15:46:00,PLSR.V,,1.5399999618530273,1.5399999618530273,1.5399999618530273,1.5399999618530273,2200.0
2026-06-02 15:46:00,PNPN.V,,1.309999942779541,1.309999942779541,1.309999942779541,1.309999942779541,600.0
2026-06-02 15:46:00,PUR.V,,0.6499999761581421,0.6499999761581421,0.6499999761581421,0.6499999761581421,1000.0
2026-06-02 15:46:00,QGR.V,,0.2549999952316284,0.2549999952316284,0.2549999952316284,0.2549999952316284,10000.0
2026-06-02 15:46:00,QNC.V,,4.75,4.75,4.739999771118164,4.739999771118164,11900.0
2026-06-02 15:46:00,QTWO.V,,3.359999895095825,3.359999895095825,3.359999895095825,3.359999895095825,2600.0
2026-06-02 15:46:00,RDS.V,,1.0850000381469727,1.0850000381469727,1.0850000381469727,1.0850000381469727,800.0
2026-06-02 15:46:00,RE.V,,0.38999998569488525,0.38999998569488525,0.38999998569488525,0.38999998569488525,2000.0
2026-06-02 15:46:00,REG.V,,4.300000190734863,4.300000190734863,4.300000190734863,4.300000190734863,1900.0
2026-06-02 15:46:00,RKV.V,,0.12999999523162842,0.12999999523162842,0.12999999523162842,0.12999999523162842,500.0
2026-06-02 15:46:00,SCZ.V,,11.489999771118164,11.5,11.489999771118164,11.5,800.0
2026-06-02 15:46:00,SLI.V,,5.760000228881836,5.760000228881836,5.760000228881836,5.760000228881836,100.0
2026-06-02 15:46:00,SPA.V,,0.3499999940395355,0.3499999940395355,0.3499999940395355,0.3499999940395355,500.0
2026-06-02 15:46:00,SVE.V,,0.48500001430511475,0.48500001430511475,0.48500001430511475,0.48500001430511475,500.0
2026-06-02 15:47:00,MAI.V,,6.329999923706055,6.360000133514404,6.329999923706055,6.360000133514404,6700.0
2026-06-02 15:47:00,MMY.V,,0.9399999976158142,0.9399999976158142,0.9399999976158142,0.9399999976158142,30000.0
2026-06-02 15:47:00,ODV.V,,3.8299999237060547,3.8299999237060547,3.809999942779541,3.809999942779541,800.0
2026-06-02 15:47:00,PGLD.V,,0.8100000023841858,0.8100000023841858,0.8100000023841858,0.8100000023841858,1500.0
2026-06-02 15:47:00,PLAN.V,,0.3449999988079071,0.3449999988079071,0.3449999988079071,0.3449999988079071,1500.0
2026-06-02 15:47:00,PNPN.V,,1.309999942779541,1.315000057220459,1.2999999523162842,1.309999942779541,7940.0
2026-06-02 15:47:00,PPP.V,,1.590000033378601,1.590000033378601,1.590000033378601,1.590000033378601,200.0
2026-06-02 15:47:00,QNC.V,,4.760000228881836,4.760000228881836,4.760000228881836,4.760000228881836,490.0
2026-06-02 15:47:00,QTWO.V,,3.3550000190734863,3.3550000190734863,3.3550000190734863,3.3550000190734863,1200.0
2026-06-02 15:47:00,RDS.V,,1.0850000381469727,1.0850000381469727,1.0850000381469727,1.0850000381469727,200.0
2026-06-02 15:47:00,ROK.V,,0.3199999928474426,0.3199999928474426,0.3199999928474426,0.3199999928474426,3000.0
2026-06-02 15:47:00,SCZ.V,,11.5,11.5,11.5,11.5,1000.0
2026-06-02 15:47:00,SM.V,,1.940000057220459,1.940000057220459,1.940000057220459,1.940000057220459,100.0
2026-06-02 15:47:00,SSV.V,,0.550000011920929,0.550000011920929,0.550000011920929,0.550000011920929,500.0
2026-06-02 15:47:00,SVRS.V,,0.5649999976158142,0.5649999976158142,0.5649999976158142,0.5649999976158142,500.0
2026-06-02 15:48:00,AGX.V,,0.7799999713897705,0.7799999713897705,0.7799999713897705,0.7799999713897705,500.0
2026-06-02 15:48:00,MAI.V,,6.329999923706055,6.329999923706055,6.329999923706055,6.329999923706055,1800.0
2026-06-02 15:48:00,NDA.V,,1.0099999904632568,1.0099999904632568,1.0099999904632568,1.0099999904632568,900.0
2026-06-02 15:48:00,ONYX.V,,1.25,1.25,1.25,1.25,100.0
2026-06-02 15:48:00,PGLD.V,,0.8149999976158142,0.8149999976158142,0.8149999976158142,0.8149999976158142,500.0
2026-06-02 15:48:00,PLAN.V,,0.35499998927116394,0.35499998927116394,0.3499999940395355,0.3499999940395355,23500.0
2026-06-02 15:48:00,PLSR.V,,1.5499999523162842,1.5499999523162842,1.5399999618530273,1.5399999618530273,1300.0
2026-06-02 15:48:00,PNPN.V,,1.309999942779541,1.309999942779541,1.309999942779541,1.309999942779541,900.0
2026-06-02 15:48:00,PPP.V,,1.590000033378601,1.590000033378601,1.590000033378601,1.590000033378601,200.0
2026-06-02 15:48:00,QNC.V,,4.75,4.760000228881836,4.75,4.75,3800.0
2026-06-02 15:48:00,QTWO.V,,3.359999895095825,3.359999895095825,3.3550000190734863,3.3550000190734863,700.0
2026-06-02 15:48:00,RECO.V,,1.2000000476837158,1.2000000476837158,1.2000000476837158,1.2000000476837158,2230.0
2026-06-02 15:48:00,SCZ.V,,11.5,11.5,11.5,11.5,500.0
2026-06-02 15:48:00,SM.V,,1.940000057220459,1.940000057220459,1.940000057220459,1.940000057220459,300.0
2026-06-02 15:48:00,SMRV.V,,0.30000001192092896,0.30000001192092896,0.29499998688697815,0.29499998688697815,2000.0
2026-06-02 15:48:00,SPA.V,,0.3499999940395355,0.3499999940395355,0.3499999940395355,0.3499999940395355,500.0
2026-06-02 15:48:00,SVE.V,,0.48500001430511475,0.48500001430511475,0.48500001430511475,0.48500001430511475,500.0
2026-06-02 15:49:00,MAI.V,,6.340000152587891,6.340000152587891,6.340000152587891,6.340000152587891,400.0
2026-06-02 15:49:00,MMY.V,,0.9300000071525574,0.9399999976158142,0.9300000071525574,0.9399999976158142,15550.0
2026-06-02 15:49:00,NCX.V,,3.0399999618530273,3.0399999618530273,3.0399999618530273,3.0399999618530273,900.0
2026-06-02 15:49:00,NFG.V,,2.819999933242798,2.819999933242798,2.815000057220459,2.815000057220459,11900.0
2026-06-02 15:49:00,OCO.V,,0.4300000071525574,0.4300000071525574,0.4300000071525574,0.4300000071525574,500.0
2026-06-02 15:49:00,OMG.V,,2.619999885559082,2.619999885559082,2.619999885559082,2.619999885559082,4100.0
2026-06-02 15:49:00,PINK.V,,0.3050000071525574,0.3050000071525574,0.3050000071525574,0.3050000071525574,1000.0
2026-06-02 15:49:00,PNPN.V,,1.309999942779541,1.309999942779541,1.309999942779541,1.309999942779541,2600.0
2026-06-02 15:49:00,PPP.V,,1.5700000524520874,1.5700000524520874,1.5700000524520874,1.5700000524520874,3000.0
2026-06-02 15:49:00,QNC.V,,4.730000019073486,4.75,4.730000019073486,4.75,4950.0
2026-06-02 15:49:00,RECO.V,,1.2000000476837158,1.2000000476837158,1.2000000476837158,1.2000000476837158,200.0
2026-06-02 15:49:00,REG.V,,4.300000190734863,4.300000190734863,4.300000190734863,4.300000190734863,2500.0
2026-06-02 15:49:00,RPX.V,,0.17499999701976776,0.17499999701976776,0.17499999701976776,0.17499999701976776,500.0
2026-06-02 15:49:00,SLI.V,,5.78000020980835,5.78000020980835,5.769999980926514,5.769999980926514,500.0
2026-06-02 15:49:00,SVE.V,,0.49000000953674316,0.49000000953674316,0.49000000953674316,0.49000000953674316,2500.0
2026-06-02 15:49:00,SVRS.V,,0.5649999976158142,0.5649999976158142,0.5649999976158142,0.5649999976158142,500.0
2026-06-02 15:50:00,AGX.V,,0.7799999713897705,0.7799999713897705,0.7799999713897705,0.7799999713897705,500.0
2026-06-02 15:50:00,MAI.V,,6.360000133514404,6.360000133514404,6.34499979019165,6.34499979019165,2600.0
2026-06-02 15:50:00,MMY.V,,0.9399999976158142,0.9399999976158142,0.9399999976158142,0.9399999976158142,17500.0
2026-06-02 15:50:00,NCX.V,,3.0450000762939453,3.0450000762939453,3.0450000762939453,3.0450000762939453,100.0
2026-06-02 15:50:00,NDA.V,,1.0099999904632568,1.0099999904632568,1.0099999904632568,1.0099999904632568,200.0
2026-06-02 15:50:00,NFG.V,,2.825000047683716,2.825000047683716,2.819999933242798,2.819999933242798,4900.0
2026-06-02 15:50:00,OMG.V,,2.619999885559082,2.619999885559082,2.619999885559082,2.619999885559082,1400.0
2026-06-02 15:50:00,ONYX.V,,1.25,1.25,1.25,1.25,100.0
2026-06-02 15:50:00,PGLD.V,,0.8149999976158142,0.8149999976158142,0.8149999976158142,0.8149999976158142,1000.0
2026-06-02 15:50:00,PINK.V,,0.3100000023841858,0.3100000023841858,0.3050000071525574,0.3050000071525574,3500.0
2026-06-02 15:50:00,PLSR.V,,1.5399999618530273,1.5399999618530273,1.5399999618530273,1.5399999618530273,1137.0
2026-06-02 15:50:00,PNPN.V,,1.309999942779541,1.309999942779541,1.309999942779541,1.309999942779541,2700.0
2026-06-02 15:50:00,PUR.V,,0.6399999856948853,0.6399999856948853,0.6399999856948853,0.6399999856948853,10000.0
2026-06-02 15:50:00,QNC.V,,4.730000019073486,4.730000019073486,4.730000019073486,4.730000019073486,3306.0
2026-06-02 15:50:00,QPT.V,,0.029999999329447746,0.029999999329447746,0.029999999329447746,0.029999999329447746,4000.0
2026-06-02 15:50:00,QTWO.V,,3.3499999046325684,3.359999895095825,3.3499999046325684,3.359999895095825,1100.0
2026-06-02 15:50:00,RDU.V,,0.12999999523162842,0.12999999523162842,0.12999999523162842,0.12999999523162842,61500.0
2026-06-02 15:50:00,REG.V,,4.295000076293945,4.295000076293945,4.289999961853027,4.289999961853027,3500.0
2026-06-02 15:50:00,ROMJ.V,,0.41999998688697815,0.41999998688697815,0.41999998688697815,0.41999998688697815,2000.0
2026-06-02 15:50:00,SCZ.V,,11.5,11.5,11.489999771118164,11.489999771118164,1600.0
2026-06-02 15:50:00,SLI.V,,5.78000020980835,5.789999961853027,5.78000020980835,5.78000020980835,7300.0
2026-06-02 15:50:00,SM.V,,1.940000057220459,1.940000057220459,1.940000057220459,1.940000057220459,100.0
2026-06-02 15:50:00,SOU.V,,0.07500000298023224,0.07500000298023224,0.07500000298023224,0.07500000298023224,1269.0
2026-06-02 15:51:00,AGX.V,,0.7799999713897705,0.7799999713897705,0.7799999713897705,0.7799999713897705,1000.0
2026-06-02 15:51:00,MAI.V,,6.355000019073486,6.355000019073486,6.355000019073486,6.355000019073486,100.0
2026-06-02 15:51:00,NCX.V,,3.049999952316284,3.049999952316284,3.0450000762939453,3.049999952316284,800.0
2026-06-02 15:51:00,NFG.V,,2.825000047683716,2.825000047683716,2.825000047683716,2.825000047683716,400.0
2026-06-02 15:51:00,NGC.V,,0.16500000655651093,0.16500000655651093,0.16500000655651093,0.16500000655651093,1500.0
2026-06-02 15:51:00,NSE.V,,0.7599999904632568,0.7599999904632568,0.7599999904632568,0.7599999904632568,500.0
2026-06-02 15:51:00,OMG.V,,2.619999885559082,2.619999885559082,2.619999885559082,2.619999885559082,300.0
2026-06-02 15:51:00,PLSR.V,,1.5399999618530273,1.5399999618530273,1.5399999618530273,1.5399999618530273,6047.0
2026-06-02 15:51:00,PML.V,,1.4500000476837158,1.4800000190734863,1.4500000476837158,1.4600000381469727,35300.0
2026-06-02 15:51:00,PNPN.V,,1.309999942779541,1.315000057220459,1.309999942779541,1.309999942779541,1800.0
2026-06-02 15:51:00,QNC.V,,4.739999771118164,4.739999771118164,4.739999771118164,4.739999771118164,100.0
2026-06-02 15:51:00,QTWO.V,,3.375,3.375,3.3499999046325684,3.3499999046325684,5500.0
2026-06-02 15:51:00,RECO.V,,1.2000000476837158,1.2000000476837158,1.2000000476837158,1.2000000476837158,200.0
2026-06-02 15:51:00,SLI.V,,5.760000228881836,5.760000228881836,5.760000228881836,5.760000228881836,900.0
2026-06-02 15:51:00,SM.V,,1.9500000476837158,1.9500000476837158,1.9500000476837158,1.9500000476837158,100.0
2026-06-02 15:52:00,AGX.V,,0.7799999713897705,0.7799999713897705,0.7799999713897705,0.7799999713897705,500.0
2026-06-02 15:52:00,MAI.V,,6.349999904632568,6.349999904632568,6.349999904632568,6.349999904632568,100.0
2026-06-02 15:52:00,NCX.V,,3.049999952316284,3.049999952316284,3.049999952316284,3.049999952316284,100.0
2026-06-02 15:52:00,NFG.V,,2.825000047683716,2.825000047683716,2.825000047683716,2.825000047683716,600.0
2026-06-02 15:52:00,NSU.V,,0.29499998688697815,0.29499998688697815,0.29499998688697815,0.29499998688697815,5000.0
2026-06-02 15:52:00,OMG.V,,2.619999885559082,2.619999885559082,2.619999885559082,2.619999885559082,700.0
2026-06-02 15:52:00,ONYX.V,,1.2599999904632568,1.2599999904632568,1.2599999904632568,1.2599999904632568,100.0
2026-06-02 15:52:00,PLAN.V,,0.35499998927116394,0.35499998927116394,0.3499999940395355,0.3499999940395355,15000.0
2026-06-02 15:52:00,PLSR.V,,1.5299999713897705,1.5299999713897705,1.5299999713897705,1.5299999713897705,300.0
2026-06-02 15:52:00,PML.V,,1.4500000476837158,1.4550000429153442,1.4500000476837158,1.4550000429153442,20300.0
2026-06-02 15:52:00,PNPN.V,,1.309999942779541,1.3200000524520874,1.309999942779541,1.3200000524520874,5100.0
2026-06-02 15:52:00,QTWO.V,,3.369999885559082,3.369999885559082,3.369999885559082,3.369999885559082,400.0
2026-06-02 15:52:00,RECO.V,,1.2000000476837158,1.2000000476837158,1.2000000476837158,1.2000000476837158,100.0
2026-06-02 15:52:00,RPX.V,,0.17499999701976776,0.17499999701976776,0.17499999701976776,0.17499999701976776,500.0
2026-06-02 15:52:00,SM.V,,1.940000057220459,1.9500000476837158,1.940000057220459,1.9500000476837158,1100.0
2026-06-02 15:52:00,SPA.V,,0.3499999940395355,0.3499999940395355,0.3499999940395355,0.3499999940395355,82500.0
2026-06-02 15:52:00,SSV.V,,0.550000011920929,0.550000011920929,0.550000011920929,0.550000011920929,2500.0
2026-06-02 15:53:00,AGX.V,,0.7799999713897705,0.7799999713897705,0.7799999713897705,0.7799999713897705,1000.0
2026-06-02 15:53:00,MAI.V,,6.360000133514404,6.360000133514404,6.349999904632568,6.349999904632568,1400.0
2026-06-02 15:53:00,NCX.V,,3.049999952316284,3.049999952316284,3.049999952316284,3.049999952316284,100.0
2026-06-02 15:53:00,NFG.V,,2.825000047683716,2.825000047683716,2.825000047683716,2.825000047683716,1200.0
2026-06-02 15:53:00,OMG.V,,2.619999885559082,2.619999885559082,2.619999885559082,2.619999885559082,900.0
2026-06-02 15:53:00,PGLD.V,,0.8149999976158142,0.8149999976158142,0.8149999976158142,0.8149999976158142,500.0
2026-06-02 15:53:00,PML.V,,1.4600000381469727,1.4600000381469727,1.4600000381469727,1.4600000381469727,200.0
2026-06-02 15:53:00,PNPN.V,,1.309999942779541,1.3200000524520874,1.309999942779541,1.3200000524520874,10500.0
2026-06-02 15:53:00,PPP.V,,1.5700000524520874,1.5700000524520874,1.5700000524520874,1.5700000524520874,300.0
2026-06-02 15:53:00,PTU.V,,0.4050000011920929,0.4050000011920929,0.4050000011920929,0.4050000011920929,3000.0
2026-06-02 15:53:00,QNC.V,,4.710000038146973,4.739999771118164,4.710000038146973,4.739999771118164,3900.0
2026-06-02 15:53:00,QTWO.V,,3.359999895095825,3.369999885559082,3.359999895095825,3.369999885559082,3600.0
2026-06-02 15:53:00,RDU.V,,0.12999999523162842,0.12999999523162842,0.12999999523162842,0.12999999523162842,17900.0
2026-06-02 15:53:00,RECO.V,,1.2000000476837158,1.2000000476837158,1.2000000476837158,1.2000000476837158,100.0
2026-06-02 15:53:00,RYO.V,,0.3499999940395355,0.3499999940395355,0.3499999940395355,0.3499999940395355,1000.0
2026-06-02 15:54:00,AGX.V,,0.7799999713897705,0.7799999713897705,0.7799999713897705,0.7799999713897705,1000.0
2026-06-02 15:54:00,MAI.V,,6.369999885559082,6.369999885559082,6.360000133514404,6.360000133514404,2100.0
2026-06-02 15:54:00,MGG.V,,0.3799999952316284,0.3799999952316284,0.3799999952316284,0.3799999952316284,1000.0
2026-06-02 15:54:00,NCX.V,,3.049999952316284,3.049999952316284,3.049999952316284,3.049999952316284,800.0
2026-06-02 15:54:00,NDA.V,,1.0099999904632568,1.0099999904632568,1.0099999904632568,1.0099999904632568,900.0
2026-06-02 15:54:00,NFG.V,,2.825000047683716,2.825000047683716,2.825000047683716,2.825000047683716,1000.0
2026-06-02 15:54:00,ODV.V,,3.799999952316284,3.799999952316284,3.799999952316284,3.799999952316284,100.0
2026-06-02 15:54:00,OMG.V,,2.619999885559082,2.619999885559082,2.619999885559082,2.619999885559082,2500.0
2026-06-02 15:54:00,ONYX.V,,1.2799999713897705,1.2799999713897705,1.2599999904632568,1.2599999904632568,4600.0
2026-06-02 15:54:00,PGLD.V,,0.8100000023841858,0.8149999976158142,0.8100000023841858,0.8149999976158142,3000.0
2026-06-02 15:54:00,PML.V,,1.4600000381469727,1.4600000381469727,1.4600000381469727,1.4600000381469727,300.0
2026-06-02 15:54:00,PNPN.V,,1.309999942779541,1.3200000524520874,1.309999942779541,1.3200000524520874,1500.0
2026-06-02 15:54:00,PPP.V,,1.5700000524520874,1.5700000524520874,1.5700000524520874,1.5700000524520874,300.0
2026-06-02 15:54:00,PWM.V,,0.6200000047683716,0.6299999952316284,0.6200000047683716,0.6299999952316284,23000.0
2026-06-02 15:54:00,QNC.V,,4.710000038146973,4.710000038146973,4.710000038146973,4.710000038146973,500.0
2026-06-02 15:54:00,QTWO.V,,3.359999895095825,3.359999895095825,3.3550000190734863,3.3550000190734863,400.0
2026-06-02 15:54:00,RECO.V,,1.2000000476837158,1.2000000476837158,1.2000000476837158,1.2000000476837158,100.0
2026-06-02 15:54:00,ROOF.V,,0.2150000035762787,0.2150000035762787,0.2150000035762787,0.2150000035762787,2000.0
2026-06-02 15:54:00,RVG.V,,0.8100000023841858,0.8100000023841858,0.8100000023841858,0.8100000023841858,5000.0
2026-06-02 15:54:00,SCZ.V,,11.520000457763672,11.520000457763672,11.5,11.5,900.0
2026-06-02 15:54:00,SVE.V,,0.48500001430511475,0.48500001430511475,0.48500001430511475,0.48500001430511475,500.0
2026-06-02 15:55:00,AGX.V,,0.7950000166893005,0.7950000166893005,0.7799999713897705,0.7900000214576721,20500.0
2026-06-02 15:55:00,BKM.V,,2.509999990463257,2.509999990463257,2.509999990463257,2.509999990463257,100.0
2026-06-02 15:55:00,NCAU.V,,0.550000011920929,0.550000011920929,0.550000011920929,0.550000011920929,500.0
2026-06-02 15:55:00,NCX.V,,3.049999952316284,3.049999952316284,3.049999952316284,3.049999952316284,1400.0
2026-06-02 15:55:00,NFG.V,,2.825000047683716,2.825000047683716,2.825000047683716,2.825000047683716,2500.0
2026-06-02 15:55:00,ODV.V,,3.819999933242798,3.819999933242798,3.799999952316284,3.799999952316284,600.0
2026-06-02 15:55:00,OMG.V,,2.640000104904175,2.6449999809265137,2.619999885559082,2.619999885559082,71900.0
2026-06-02 15:55:00,ONYX.V,,1.2999999523162842,1.2999999523162842,1.2899999618530273,1.2899999618530273,3200.0
2026-06-02 15:55:00,PGX.V,,0.03999999910593033,0.03999999910593033,0.03999999910593033,0.03999999910593033,43000.0
2026-06-02 15:55:00,PLSR.V,,1.5299999713897705,1.5299999713897705,1.5299999713897705,1.5299999713897705,300.0
2026-06-02 15:55:00,PLUR.V,,0.10000000149011612,0.10000000149011612,0.10000000149011612,0.10000000149011612,20000.0
2026-06-02 15:55:00,PML.V,,1.4600000381469727,1.4600000381469727,1.4600000381469727,1.4600000381469727,400.0
2026-06-02 15:55:00,PNPN.V,,1.309999942779541,1.315000057220459,1.309999942779541,1.309999942779541,4400.0
2026-06-02 15:55:00,PPP.V,,1.5700000524520874,1.5700000524520874,1.5700000524520874,1.5700000524520874,700.0
2026-06-02 15:55:00,QGR.V,,0.2549999952316284,0.2549999952316284,0.2549999952316284,0.2549999952316284,10500.0
2026-06-02 15:55:00,QNC.V,,4.71999979019165,4.71999979019165,4.71999979019165,4.71999979019165,23000.0
2026-06-02 15:55:00,QTWO.V,,3.3550000190734863,3.359999895095825,3.3550000190734863,3.359999895095825,2100.0
2026-06-02 15:55:00,RET-A.V,,1.9500000476837158,1.9500000476837158,1.9500000476837158,1.9500000476837158,100.0
2026-06-02 15:55:00,RKV.V,,0.12999999523162842,0.12999999523162842,0.12999999523162842,0.12999999523162842,500.0
2026-06-02 15:55:00,RVG.V,,0.8100000023841858,0.8100000023841858,0.8050000071525574,0.8100000023841858,15500.0
2026-06-02 15:55:00,RYO.V,,0.3400000035762787,0.3449999988079071,0.3400000035762787,0.3449999988079071,5000.0
2026-06-02 15:55:00,SCZ.V,,11.539999961853027,11.539999961853027,11.539999961853027,11.539999961853027,400.0
2026-06-02 15:55:00,SGO.V,,0.24500000476837158,0.24500000476837158,0.24500000476837158,0.24500000476837158,1000.0
2026-06-02 15:55:00,SLI.V,,5.769999980926514,5.78000020980835,5.769999980926514,5.769999980926514,7317.0
2026-06-02 15:55:00,SPRQ.V,,1.4299999475479126,1.4299999475479126,1.4299999475479126,1.4299999475479126,6700.0
2026-06-02 15:56:00,AGX.V,,0.7900000214576721,0.7900000214576721,0.7900000214576721,0.7900000214576721,500.0
2026-06-02 15:56:00,MAI.V,,6.369999885559082,6.369999885559082,6.360000133514404,6.360000133514404,2100.0
2026-06-02 15:56:00,NDA.V,,1.0199999809265137,1.0199999809265137,1.0199999809265137,1.0199999809265137,500.0
2026-06-02 15:56:00,NFG.V,,2.825000047683716,2.825000047683716,2.825000047683716,2.825000047683716,1700.0
2026-06-02 15:56:00,NRM.V,,0.1899999976158142,0.1899999976158142,0.1899999976158142,0.1899999976158142,1000.0
2026-06-02 15:56:00,OCO.V,,0.4300000071525574,0.4300000071525574,0.4300000071525574,0.4300000071525574,1000.0
2026-06-02 15:56:00,OMG.V,,2.640000104904175,2.640000104904175,2.640000104904175,2.640000104904175,800.0
2026-06-02 15:56:00,ONYX.V,,1.340000033378601,1.340000033378601,1.3300000429153442,1.3300000429153442,600.0
2026-06-02 15:56:00,PER.V,,0.24250000715255737,0.24250000715255737,0.24250000715255737,0.24250000715255737,1000.0
2026-06-02 15:56:00,PGLD.V,,0.8149999976158142,0.8149999976158142,0.8149999976158142,0.8149999976158142,5000.0
2026-06-02 15:56:00,PML.V,,1.4600000381469727,1.4600000381469727,1.4600000381469727,1.4600000381469727,500.0
2026-06-02 15:56:00,PNPN.V,,1.309999942779541,1.315000057220459,1.309999942779541,1.309999942779541,4200.0
2026-06-02 15:56:00,PPP.V,,1.5700000524520874,1.5700000524520874,1.5700000524520874,1.5700000524520874,2300.0
2026-06-02 15:56:00,QGR.V,,0.25999999046325684,0.25999999046325684,0.2549999952316284,0.2549999952316284,6000.0
2026-06-02 15:56:00,QNC.V,,4.735000133514404,4.735000133514404,4.730000019073486,4.730000019073486,6400.0
2026-06-02 15:56:00,QTWO.V,,3.359999895095825,3.359999895095825,3.3550000190734863,3.3550000190734863,600.0
2026-06-02 15:56:00,RKV.V,,0.13500000536441803,0.13500000536441803,0.13500000536441803,0.13500000536441803,2500.0
2026-06-02 15:56:00,SAO.V,,0.125,0.125,0.125,0.125,198500.0
2026-06-02 15:56:00,SCLT.V,,0.11999999731779099,0.11999999731779099,0.11999999731779099,0.11999999731779099,15000.0
2026-06-02 15:56:00,SCZ.V,,11.550000190734863,11.550000190734863,11.550000190734863,11.550000190734863,163.0
2026-06-02 15:56:00,SLG.V,,5.519999980926514,5.519999980926514,5.519999980926514,5.519999980926514,100.0
2026-06-02 15:57:00,AGX.V,,0.800000011920929,0.800000011920929,0.800000011920929,0.800000011920929,3000.0
2026-06-02 15:57:00,MAI.V,,6.364999771118164,6.369999885559082,6.360000133514404,6.360000133514404,1600.0
2026-06-02 15:57:00,MMY.V,,0.9399999976158142,0.9399999976158142,0.9399999976158142,0.9399999976158142,7000.0
2026-06-02 15:57:00,NCX.V,,3.049999952316284,3.049999952316284,3.0450000762939453,3.0450000762939453,300.0
2026-06-02 15:57:00,NFG.V,,2.825000047683716,2.825000047683716,2.819999933242798,2.825000047683716,2700.0
2026-06-02 15:57:00,OMG.V,,2.640000104904175,2.640000104904175,2.640000104904175,2.640000104904175,4700.0
2026-06-02 15:57:00,PLAN.V,,0.35499998927116394,0.35499998927116394,0.3449999988079071,0.3449999988079071,31500.0
2026-06-02 15:57:00,PML.V,,1.4600000381469727,1.4600000381469727,1.4600000381469727,1.4600000381469727,3800.0
2026-06-02 15:57:00,PNPN.V,,1.309999942779541,1.309999942779541,1.309999942779541,1.309999942779541,2100.0
2026-06-02 15:57:00,PPP.V,,1.5700000524520874,1.5700000524520874,1.5700000524520874,1.5700000524520874,900.0
2026-06-02 15:57:00,PRG.V,,0.3400000035762787,0.3499999940395355,0.3400000035762787,0.3499999940395355,32500.0
2026-06-02 15:57:00,PTF.V,,15.039999961853027,15.039999961853027,15.039999961853027,15.039999961853027,300.0
2026-06-02 15:57:00,PWM.V,,0.6200000047683716,0.6200000047683716,0.6200000047683716,0.6200000047683716,2500.0
2026-06-02 15:57:00,QGR.V,,0.25999999046325684,0.25999999046325684,0.2549999952316284,0.2549999952316284,8000.0
2026-06-02 15:57:00,QNC.V,,4.739999771118164,4.739999771118164,4.739999771118164,4.739999771118164,4127.0
2026-06-02 15:57:00,QTWO.V,,3.3550000190734863,3.359999895095825,3.3499999046325684,3.359999895095825,5000.0
2026-06-02 15:57:00,QYOU.V,,0.28999999165534973,0.33000001311302185,0.28999999165534973,0.33000001311302185,16500.0
2026-06-02 15:57:00,RECO.V,,1.1950000524520874,1.1950000524520874,1.1950000524520874,1.1950000524520874,100.0
2026-06-02 15:57:00,REG.V,,4.300000190734863,4.300000190734863,4.289999961853027,4.289999961853027,2200.0
2026-06-02 15:57:00,SCLT.V,,0.12999999523162842,0.12999999523162842,0.125,0.125,30000.0
2026-06-02 15:57:00,SCZ.V,,11.550000190734863,11.5600004196167,11.550000190734863,11.550000190734863,1000.0
2026-06-02 15:57:00,SLI.V,,5.789999961853027,5.789999961853027,5.78000020980835,5.78000020980835,1200.0
2026-06-02 15:57:00,SRR.V,,0.9900000095367432,0.9900000095367432,0.9900000095367432,0.9900000095367432,500.0
2026-06-02 15:57:00,SVE.V,,0.48500001430511475,0.48500001430511475,0.48500001430511475,0.48500001430511475,500.0
2026-06-02 15:58:00,AGX.V,,0.800000011920929,0.800000011920929,0.800000011920929,0.800000011920929,500.0
2026-06-02 15:58:00,MAI.V,,6.360000133514404,6.360000133514404,6.349999904632568,6.360000133514404,1600.0
2026-06-02 15:58:00,MMY.V,,0.9399999976158142,0.9399999976158142,0.9399999976158142,0.9399999976158142,7500.0
2026-06-02 15:58:00,NCX.V,,3.049999952316284,3.049999952316284,3.049999952316284,3.049999952316284,600.0
2026-06-02 15:58:00,NFG.V,,2.819999933242798,2.825000047683716,2.815000057220459,2.825000047683716,5700.0
2026-06-02 15:58:00,NOAL.V,,0.25999999046325684,0.25999999046325684,0.25999999046325684,0.25999999046325684,0.0
2026-06-02 15:58:00,OMG.V,,2.640000104904175,2.640000104904175,2.640000104904175,2.640000104904175,5000.0
2026-06-02 15:58:00,ONYX.V,,1.2899999618530273,1.2999999523162842,1.2899999618530273,1.2999999523162842,1400.0
2026-06-02 15:58:00,PML.V,,1.4600000381469727,1.4600000381469727,1.4600000381469727,1.4600000381469727,900.0
2026-06-02 15:58:00,PNPN.V,,1.309999942779541,1.309999942779541,1.309999942779541,1.309999942779541,2300.0
2026-06-02 15:58:00,PPP.V,,1.5700000524520874,1.5700000524520874,1.5700000524520874,1.5700000524520874,1000.0
2026-06-02 15:58:00,QGR.V,,0.25999999046325684,0.25999999046325684,0.25999999046325684,0.25999999046325684,2500.0
2026-06-02 15:58:00,QNC.V,,4.739999771118164,4.744999885559082,4.739999771118164,4.739999771118164,5653.0
2026-06-02 15:58:00,QTWO.V,,3.3499999046325684,3.3550000190734863,3.3499999046325684,3.3550000190734863,800.0
2026-06-02 15:58:00,RECO.V,,1.190000057220459,1.190000057220459,1.190000057220459,1.190000057220459,100.0
2026-06-02 15:58:00,REG.V,,4.289999961853027,4.289999961853027,4.289999961853027,4.289999961853027,600.0
2026-06-02 15:58:00,RVG.V,,0.8100000023841858,0.8100000023841858,0.8100000023841858,0.8100000023841858,1000.0
2026-06-02 15:58:00,RYO.V,,0.3499999940395355,0.3499999940395355,0.3499999940395355,0.3499999940395355,1000.0
2026-06-02 15:58:00,SCZ.V,,11.529999732971191,11.539999961853027,11.529999732971191,11.539999961853027,300.0
2026-06-02 15:58:00,SLI.V,,5.760000228881836,5.769999980926514,5.760000228881836,5.769999980926514,1200.0
2026-06-02 15:58:00,SM.V,,1.9299999475479126,1.9299999475479126,1.9299999475479126,1.9299999475479126,300.0
2026-06-02 15:58:00,SPA.V,,0.3499999940395355,0.3499999940395355,0.3499999940395355,0.3499999940395355,500.0
2026-06-02 15:58:00,SSV.V,,0.5400000214576721,0.5400000214576721,0.5400000214576721,0.5400000214576721,27567.0
2026-06-02 15:58:00,SVE.V,,0.4950000047683716,0.4950000047683716,0.49000000953674316,0.49000000953674316,4000.0
2026-06-02 15:58:00,SVRS.V,,0.5600000023841858,0.5600000023841858,0.5600000023841858,0.5600000023841858,14000.0
2026-06-02 15:59:00,AGX.V,,0.800000011920929,0.800000011920929,0.7900000214576721,0.7950000166893005,22000.0
2026-06-02 15:59:00,MAI.V,,6.329999923706055,6.360000133514404,6.329999923706055,6.360000133514404,4650.0
2026-06-02 15:59:00,MMY.V,,0.9399999976158142,0.9399999976158142,0.9399999976158142,0.9399999976158142,500.0
2026-06-02 15:59:00,MOO.V,,0.8299999833106995,0.8299999833106995,0.8299999833106995,0.8299999833106995,2500.0
2026-06-02 15:59:00,NCAU.V,,0.5450000166893005,0.5450000166893005,0.5450000166893005,0.5450000166893005,22500.0
2026-06-02 15:59:00,NCX.V,,3.0399999618530273,3.049999952316284,3.0299999713897705,3.049999952316284,30800.0
2026-06-02 15:59:00,NDA.V,,1.0099999904632568,1.0099999904632568,1.0099999904632568,1.0099999904632568,100.0
2026-06-02 15:59:00,NFG.V,,2.819999933242798,2.8299999237060547,2.815000057220459,2.815000057220459,7593.0
2026-06-02 15:59:00,NICN.V,,0.0949999988079071,0.0949999988079071,0.0949999988079071,0.0949999988079071,55000.0
2026-06-02 15:59:00,NKL.V,,1.2400000095367432,1.2400000095367432,1.2400000095367432,1.2400000095367432,100.0
2026-06-02 15:59:00,NOAL.V,,0.25999999046325684,0.25999999046325684,0.25999999046325684,0.25999999046325684,76075.0
2026-06-02 15:59:00,NSE.V,,0.75,0.75,0.75,0.75,500.0
2026-06-02 15:59:00,OCO.V,,0.4350000023841858,0.4350000023841858,0.4350000023841858,0.4350000023841858,1500.0
2026-06-02 15:59:00,ODV.V,,3.809999942779541,3.819999933242798,3.7799999713897705,3.7899999618530273,2140.0
2026-06-02 15:59:00,OMG.V,,2.609999895095825,2.6500000953674316,2.609999895095825,2.640000104904175,9803.0
2026-06-02 15:59:00,ONYX.V,,1.3200000524520874,1.3200000524520874,1.2999999523162842,1.2999999523162842,1900.0
2026-06-02 15:59:00,ORC-B.V,,3.369999885559082,3.369999885559082,3.369999885559082,3.369999885559082,1900.0
2026-06-02 15:59:00,PEAK.V,,0.4300000071525574,0.4300000071525574,0.4300000071525574,0.4300000071525574,1000.0
2026-06-02 15:59:00,PER.V,,0.24250000715255737,0.24250000715255737,0.24250000715255737,0.24250000715255737,1000.0
2026-06-02 15:59:00,PGLD.V,,0.800000011920929,0.8149999976158142,0.800000011920929,0.8149999976158142,6000.0
2026-06-02 15:59:00,PLSR.V,,1.5299999713897705,1.5299999713897705,1.5199999809265137,1.5299999713897705,13700.0
2026-06-02 15:59:00,PML.V,,1.4600000381469727,1.4600000381469727,1.4550000429153442,1.4600000381469727,4700.0
2026-06-02 15:59:00,PNPN.V,,1.3200000524520874,1.3200000524520874,1.2999999523162842,1.309999942779541,9864.0
2026-06-02 15:59:00,PPP.V,,1.590000033378601,1.590000033378601,1.559999942779541,1.5700000524520874,2300.0
2026-06-02 15:59:00,PRG.V,,0.3400000035762787,0.3400000035762787,0.3400000035762787,0.3400000035762787,500.0
2026-06-02 15:59:00,PUR.V,,0.6399999856948853,0.6499999761581421,0.6399999856948853,0.6499999761581421,6000.0
2026-06-02 15:59:00,PVIS.V,,0.30000001192092896,0.30000001192092896,0.30000001192092896,0.30000001192092896,1500.0
2026-06-02 15:59:00,QGR.V,,0.26499998569488525,0.26499998569488525,0.26499998569488525,0.26499998569488525,1000.0
2026-06-02 15:59:00,QNC.V,,4.75,4.75,4.730000019073486,4.739999771118164,14316.0
2026-06-02 15:59:00,QTWO.V,,3.3399999141693115,3.380000114440918,3.3399999141693115,3.3499999046325684,7700.0
2026-06-02 15:59:00,RDS.V,,1.090000033378601,1.090000033378601,1.090000033378601,1.090000033378601,1500.0
2026-06-02 15:59:00,RDU.V,,0.13500000536441803,0.13500000536441803,0.13500000536441803,0.13500000536441803,1000.0
2026-06-02 15:59:00,RECO.V,,1.2100000381469727,1.2100000381469727,1.1950000524520874,1.1950000524520874,5100.0
2026-06-02 15:59:00,REG.V,,4.300000190734863,4.300000190734863,4.300000190734863,4.300000190734863,2000.0
2026-06-02 15:59:00,RET-A.V,,1.9500000476837158,1.9500000476837158,1.9500000476837158,1.9500000476837158,800.0
2026-06-02 15:59:00,RKV.V,,0.12999999523162842,0.12999999523162842,0.12999999523162842,0.12999999523162842,500.0
2026-06-02 15:59:00,RPX.V,,0.17499999701976776,0.17499999701976776,0.17499999701976776,0.17499999701976776,1500.0
2026-06-02 15:59:00,RVG.V,,0.8100000023841858,0.8100000023841858,0.8100000023841858,0.8100000023841858,10500.0
2026-06-02 15:59:00,SCLT.V,,0.12999999523162842,0.12999999523162842,0.12999999523162842,0.12999999523162842,13000.0
2026-06-02 15:59:00,SCZ.V,,11.529999732971191,11.550000190734863,11.529999732971191,11.529999732971191,2000.0
2026-06-02 15:59:00,SECU.V,,4.320000171661377,4.320000171661377,4.320000171661377,4.320000171661377,100.0
2026-06-02 15:59:00,SGO.V,,0.24500000476837158,0.24500000476837158,0.24500000476837158,0.24500000476837158,11500.0
2026-06-02 15:59:00,SLG.V,,5.489999771118164,5.519999980926514,5.489999771118164,5.519999980926514,400.0
2026-06-02 15:59:00,SLI.V,,5.71999979019165,5.739999771118164,5.71999979019165,5.739999771118164,337.0
2026-06-02 15:59:00,SM.V,,1.9299999475479126,1.9299999475479126,1.9299999475479126,1.9299999475479126,1200.0
2026-06-02 15:59:00,SMY.V,,0.2849999964237213,0.2849999964237213,0.2849999964237213,0.2849999964237213,500.0
2026-06-02 15:59:00,SOI.V,,0.20000000298023224,0.20000000298023224,0.20000000298023224,0.20000000298023224,7500.0
2026-06-02 15:59:00,SOMA.V,,0.9900000095367432,0.9900000095367432,0.9900000095367432,0.9900000095367432,1500.0
2026-06-02 15:59:00,SOU.V,,0.07500000298023224,0.07500000298023224,0.07500000298023224,0.07500000298023224,1000.0
2026-06-02 15:59:00,SPA.V,,0.3499999940395355,0.3499999940395355,0.3499999940395355,0.3499999940395355,3500.0
2026-06-02 15:59:00,SRR.V,,0.9900000095367432,0.9900000095367432,0.9900000095367432,0.9900000095367432,100.0
2026-06-02 15:59:00,SSV.V,,0.550000011920929,0.550000011920929,0.5299999713897705,0.5350000262260437,15500.0
2026-06-02 15:59:00,STND.V,,0.10000000149011612,0.10000000149011612,0.10000000149011612,0.10000000149011612,32500.0
2026-06-02 15:59:00,SVRS.V,,0.550000011920929,0.5600000023841858,0.550000011920929,0.5600000023841858,44500.0
