Datetime,Ticker,Adj Close,Close,High,Low,Open,Volume
2026-05-14 09:30:00,EMM.V,,0.10499999672174454,0.10499999672174454,0.10499999672174454,0.10499999672174454,0.0
2026-05-14 09:30:00,EQTY.V,,0.36000001430511475,0.36000001430511475,0.36000001430511475,0.36000001430511475,0.0
2026-05-14 09:30:00,EXG.V,,0.10000000149011612,0.10000000149011612,0.10000000149011612,0.10000000149011612,0.0
2026-05-14 09:30:00,FBF.V,,0.9800000190734863,0.9800000190734863,0.9800000190734863,0.9800000190734863,0.0
2026-05-14 09:30:00,FCLI.V,,0.4449999928474426,0.44999998807907104,0.4449999928474426,0.44999998807907104,0.0
2026-05-14 09:30:00,FDR.V,,5.800000190734863,5.800000190734863,5.800000190734863,5.800000190734863,0.0
2026-05-14 09:30:00,FEX.V,,0.02500000037252903,0.02500000037252903,0.02500000037252903,0.02500000037252903,0.0
2026-05-14 09:30:00,FFOX.V,,0.6299999952316284,0.6299999952316284,0.6299999952316284,0.6299999952316284,0.0
2026-05-14 09:30:00,FG.V,,0.03500000014901161,0.03500000014901161,0.03500000014901161,0.03500000014901161,0.0
2026-05-14 09:30:00,FL.V,,0.5699999928474426,0.5699999928474426,0.5699999928474426,0.5699999928474426,0.0
2026-05-14 09:30:00,FNC.V,,0.13500000536441803,0.13500000536441803,0.13500000536441803,0.13500000536441803,0.0
2026-05-14 09:30:00,FO.V,,0.3149999976158142,0.3149999976158142,0.3100000023841858,0.3100000023841858,0.0
2026-05-14 09:30:00,FOR.V,,0.6499999761581421,0.6499999761581421,0.6499999761581421,0.6499999761581421,0.0
2026-05-14 09:30:00,FPX.V,,0.5600000023841858,0.5600000023841858,0.5600000023841858,0.5600000023841858,0.0
2026-05-14 09:30:00,FRED.V,,0.7300000190734863,0.7300000190734863,0.7300000190734863,0.7300000190734863,0.0
2026-05-14 09:30:00,FREQ.V,,0.2800000011920929,0.2800000011920929,0.2800000011920929,0.2800000011920929,0.0
2026-05-14 09:30:00,FRI.V,,0.07999999821186066,0.07999999821186066,0.07999999821186066,0.07999999821186066,0.0
2026-05-14 09:30:00,FRNT.V,,0.15000000596046448,0.15000000596046448,0.15000000596046448,0.15000000596046448,0.0
2026-05-14 09:30:00,FTEC.V,,0.03500000014901161,0.03500000014901161,0.03500000014901161,0.03500000014901161,0.0
2026-05-14 09:30:00,FUU.V,,0.17000000178813934,0.17000000178813934,0.16500000655651093,0.16500000655651093,0.0
2026-05-14 09:30:00,FWZ.V,,4.579999923706055,4.599999904632568,4.579999923706055,4.599999904632568,0.0
2026-05-14 09:30:00,FYL.V,,0.10499999672174454,0.10499999672174454,0.10499999672174454,0.10499999672174454,0.0
2026-05-14 09:30:00,GAL.V,,0.5299999713897705,0.5400000214576721,0.5299999713897705,0.5400000214576721,0.0
2026-05-14 09:30:00,GDP.V,,0.3149999976158142,0.3149999976158142,0.3149999976158142,0.3149999976158142,0.0
2026-05-14 09:30:00,GER.V,,0.009999999776482582,0.009999999776482582,0.009999999776482582,0.009999999776482582,0.0
2026-05-14 09:30:00,GFG.V,,0.1899999976158142,0.1899999976158142,0.1899999976158142,0.1899999976158142,0.0
2026-05-14 09:30:00,GG.V,,2.799999952316284,2.799999952316284,2.799999952316284,2.799999952316284,0.0
2026-05-14 09:30:00,GGM.V,,0.04500000178813934,0.04500000178813934,0.04500000178813934,0.04500000178813934,0.0
2026-05-14 09:30:00,GGO.V,,1.1299999952316284,1.1299999952316284,1.1299999952316284,1.1299999952316284,0.0
2026-05-14 09:30:00,GI.V,,0.5299999713897705,0.550000011920929,0.48500001430511475,0.550000011920929,530143.0
2026-05-14 09:30:00,GLD.V,,0.09000000357627869,0.09000000357627869,0.09000000357627869,0.09000000357627869,0.0
2026-05-14 09:30:00,GLIN-P.V,,0.05000000074505806,0.05000000074505806,0.05000000074505806,0.05000000074505806,0.0
2026-05-14 09:30:00,GMI.V,,0.05000000074505806,0.05000000074505806,0.05000000074505806,0.05000000074505806,0.0
2026-05-14 09:30:00,GNG.V,,0.1550000011920929,0.1550000011920929,0.1550000011920929,0.1550000011920929,0.0
2026-05-14 09:30:00,GOE-H.V,,0.019999999552965164,0.019999999552965164,0.019999999552965164,0.019999999552965164,0.0
2026-05-14 09:30:00,GOT.V,,1.7699999809265137,1.7799999713897705,1.7699999809265137,1.7699999809265137,0.0
2026-05-14 09:30:00,GPG.V,,0.36000001430511475,0.36000001430511475,0.36000001430511475,0.36000001430511475,0.0
2026-05-14 09:30:00,GPH.V,,1.1799999475479126,1.1799999475479126,1.1799999475479126,1.1799999475479126,0.0
2026-05-14 09:30:00,GQC.V,,0.5299999713897705,0.550000011920929,0.5299999713897705,0.5400000214576721,0.0
2026-05-14 09:30:00,GR.V,,0.0949999988079071,0.0949999988079071,0.0949999988079071,0.0949999988079071,0.0
2026-05-14 09:30:00,GRB.V,,0.6100000143051147,0.6100000143051147,0.6100000143051147,0.6100000143051147,0.0
2026-05-14 09:30:00,GRD.V,,0.08500000089406967,0.08500000089406967,0.08500000089406967,0.08500000089406967,0.0
2026-05-14 09:30:00,GRF.V,,0.20000000298023224,0.20000000298023224,0.20000000298023224,0.20000000298023224,0.0
2026-05-14 09:30:00,GRG.V,,0.09000000357627869,0.09000000357627869,0.07999999821186066,0.07999999821186066,0.0
2026-05-14 09:30:00,GSI.V,,1.2999999523162842,1.2999999523162842,1.2999999523162842,1.2999999523162842,0.0
2026-05-14 09:30:00,GSR.V,,0.6600000262260437,0.6600000262260437,0.6600000262260437,0.6600000262260437,0.0
2026-05-14 09:30:00,GSTM.V,,0.1899999976158142,0.1899999976158142,0.1899999976158142,0.1899999976158142,0.0
2026-05-14 09:30:00,GTC.V,,0.17499999701976776,0.17499999701976776,0.17499999701976776,0.17499999701976776,0.0
2026-05-14 09:30:00,GUG.V,,0.054999999701976776,0.06499999761581421,0.054999999701976776,0.06499999761581421,0.0
2026-05-14 09:30:00,GYA.V,,0.125,0.125,0.125,0.125,0.0
2026-05-14 09:30:00,HAM.V,,5.190000057220459,5.190000057220459,5.099999904632568,5.099999904632568,0.0
2026-05-14 09:30:00,HAN.V,,0.6299999952316284,0.6299999952316284,0.6299999952316284,0.6299999952316284,0.0
2026-05-14 09:30:00,HCH.V,,1.8899999856948853,1.8899999856948853,1.8899999856948853,1.8899999856948853,0.0
2026-05-14 09:30:00,HEC-P.V,,0.12999999523162842,0.12999999523162842,0.12999999523162842,0.12999999523162842,0.0
2026-05-14 09:30:00,HELI.V,,0.03999999910593033,0.03999999910593033,0.03999999910593033,0.03999999910593033,0.0
2026-05-14 09:30:00,HEM.V,,0.05999999865889549,0.05999999865889549,0.05999999865889549,0.05999999865889549,0.0
2026-05-14 09:30:00,HEVI.V,,0.23499999940395355,0.23499999940395355,0.23499999940395355,0.23499999940395355,0.0
2026-05-14 09:30:00,HHH.V,,6.5,6.5,6.489999771118164,6.5,0.0
2026-05-14 09:30:00,HI.V,,0.17000000178813934,0.17000000178813934,0.16500000655651093,0.16500000655651093,0.0
2026-05-14 09:30:00,HITI.V,,3.299999952316284,3.299999952316284,3.299999952316284,3.299999952316284,0.0
2026-05-14 09:30:00,HME.V,,2.7899999618530273,2.869999885559082,2.7899999618530273,2.869999885559082,0.0
2026-05-14 09:30:00,HPQ.V,,0.17499999701976776,0.18000000715255737,0.17499999701976776,0.18000000715255737,0.0
2026-05-14 09:30:00,HSTR.V,,2.2799999713897705,2.2799999713897705,2.2799999713897705,2.2799999713897705,0.0
2026-05-14 09:30:00,IB.V,,0.20000000298023224,0.20000000298023224,0.20000000298023224,0.20000000298023224,0.0
2026-05-14 09:30:00,IBC-H.V,,0.029999999329447746,0.029999999329447746,0.029999999329447746,0.029999999329447746,0.0
2026-05-14 09:30:00,IC.V,,0.11999999731779099,0.11999999731779099,0.10999999940395355,0.11999999731779099,159000.0
2026-05-14 09:30:00,ICI-P.V,,0.20999999344348907,0.20999999344348907,0.20999999344348907,0.20999999344348907,0.0
2026-05-14 09:30:00,ICM.V,,0.0949999988079071,0.0949999988079071,0.0949999988079071,0.0949999988079071,0.0
2026-05-14 09:30:00,IFOS.V,,2.5399999618530273,2.5799999237060547,2.5299999713897705,2.5299999713897705,0.0
2026-05-14 09:30:00,IGO.V,,0.11500000208616257,0.11500000208616257,0.11500000208616257,0.11500000208616257,0.0
2026-05-14 09:30:00,IMIN-H.V,,0.08500000089406967,0.08500000089406967,0.08500000089406967,0.08500000089406967,0.0
2026-05-14 09:30:00,IPT.V,,0.3149999976158142,0.3149999976158142,0.3149999976158142,0.3149999976158142,0.0
2026-05-14 09:30:00,ISO.V,,16.459999084472656,17.06999969482422,16.06999969482422,17.06999969482422,94186.0
2026-05-14 09:30:00,ITG-H.V,,0.019999999552965164,0.019999999552965164,0.019999999552965164,0.019999999552965164,0.0
2026-05-14 09:30:00,IVS.V,,0.23999999463558197,0.23999999463558197,0.23999999463558197,0.23999999463558197,0.0
2026-05-14 09:30:00,JEV.V,,0.10000000149011612,0.10000000149011612,0.10000000149011612,0.10000000149011612,0.0
2026-05-14 09:30:00,JJ.V,,0.054999999701976776,0.054999999701976776,0.054999999701976776,0.054999999701976776,0.0
2026-05-14 09:30:00,JML-H.V,,0.014999999664723873,0.014999999664723873,0.014999999664723873,0.014999999664723873,0.0
2026-05-14 09:30:00,JOJO-P.V,,0.0949999988079071,0.0949999988079071,0.0949999988079071,0.0949999988079071,0.0
2026-05-14 09:30:00,JUGR.V,,1.25,1.25,1.25,1.25,0.0
2026-05-14 09:30:00,KAC-P.V,,0.019999999552965164,0.019999999552965164,0.019999999552965164,0.019999999552965164,0.0
2026-05-14 09:30:00,KDK.V,,1.0499999523162842,1.0499999523162842,1.0499999523162842,1.0499999523162842,0.0
2026-05-14 09:30:00,KG.V,,0.17000000178813934,0.17000000178813934,0.17000000178813934,0.17000000178813934,0.0
2026-05-14 09:30:00,KING.V,,0.6499999761581421,0.6600000262260437,0.6399999856948853,0.6600000262260437,22500.0
2026-05-14 09:30:00,KIP.V,,0.2199999988079071,0.2199999988079071,0.2199999988079071,0.2199999988079071,0.0
2026-05-14 09:30:00,KNE.V,,0.03500000014901161,0.03500000014901161,0.03500000014901161,0.03500000014901161,0.0
2026-05-14 09:30:00,KNG.V,,1.2699999809265137,1.2699999809265137,1.2699999809265137,1.2699999809265137,0.0
2026-05-14 09:30:00,KRY.V,,3.3499999046325684,3.380000114440918,3.3499999046325684,3.380000114440918,0.0
2026-05-14 09:30:00,KTN.V,,1.690000057220459,1.690000057220459,1.6799999475479126,1.690000057220459,0.0
2026-05-14 09:30:00,KTO.V,,0.8500000238418579,0.8500000238418579,0.8500000238418579,0.8500000238418579,0.0
2026-05-14 09:30:00,LA.V,,14.399999618530273,14.6899995803833,14.399999618530273,14.6899995803833,0.0
2026-05-14 09:30:00,LAB.V,,0.07000000029802322,0.07000000029802322,0.07000000029802322,0.07000000029802322,0.0
2026-05-14 09:30:00,LBNK.V,,0.5799999833106995,0.5799999833106995,0.5799999833106995,0.5799999833106995,0.0
2026-05-14 09:30:00,LEN.V,,1.0499999523162842,1.0750000476837158,1.0449999570846558,1.059999942779541,337911.0
2026-05-14 09:30:00,LG.V,,0.3799999952316284,0.3799999952316284,0.3799999952316284,0.3799999952316284,0.0
2026-05-14 09:30:00,LIFT.V,,6.71999979019165,6.71999979019165,6.71999979019165,6.71999979019165,0.0
2026-05-14 09:30:00,LIO.V,,0.1599999964237213,0.1599999964237213,0.1599999964237213,0.1599999964237213,0.0
2026-05-14 09:30:00,LITH.V,,0.7200000286102295,0.7200000286102295,0.7200000286102295,0.7200000286102295,0.0
2026-05-14 09:30:00,LKY.V,,0.004999999888241291,0.004999999888241291,0.004999999888241291,0.004999999888241291,0.0
2026-05-14 09:30:00,LME.V,,0.20999999344348907,0.20999999344348907,0.20999999344348907,0.20999999344348907,0.0
2026-05-14 09:30:00,LMN.V,,19.93000030517578,20.0,19.93000030517578,20.0,0.0
2026-05-14 09:30:00,LPS.V,,0.10999999940395355,0.10999999940395355,0.10999999940395355,0.10999999940395355,0.0
2026-05-14 09:30:00,LRA.V,,3.9800000190734863,3.9800000190734863,3.9800000190734863,3.9800000190734863,0.0
2026-05-14 09:30:00,LRC-H.V,,0.07999999821186066,0.07999999821186066,0.07999999821186066,0.07999999821186066,0.0
2026-05-14 09:30:00,LSL.V,,0.35499998927116394,0.35499998927116394,0.35499998927116394,0.35499998927116394,0.0
2026-05-14 09:30:00,LTH.V,,1.1699999570846558,1.1699999570846558,1.159999966621399,1.1699999570846558,3862.0
2026-05-14 09:30:00,LTV.V,,0.03999999910593033,0.03999999910593033,0.03999999910593033,0.03999999910593033,0.0
2026-05-14 09:30:00,LVG.V,,0.3400000035762787,0.3400000035762787,0.3400000035762787,0.3400000035762787,0.0
2026-05-14 09:30:00,LVX.V,,0.8999999761581421,0.9100000262260437,0.8999999761581421,0.9100000262260437,0.0
2026-05-14 09:30:00,LX-H.V,,0.03999999910593033,0.03999999910593033,0.03999999910593033,0.03999999910593033,0.0
2026-05-14 09:30:00,LXE.V,,0.17499999701976776,0.17499999701976776,0.17499999701976776,0.17499999701976776,0.0
2026-05-14 09:30:00,MASS.V,,0.14499999582767487,0.14499999582767487,0.14499999582767487,0.14499999582767487,0.0
2026-05-14 09:30:00,MCX.V,,0.02500000037252903,0.02500000037252903,0.02500000037252903,0.02500000037252903,0.0
2026-05-14 09:30:00,MERG.V,,0.9900000095367432,0.9900000095367432,0.9900000095367432,0.9900000095367432,0.0
2026-05-14 09:30:00,MGM.V,,3.8499999046325684,3.8499999046325684,3.8499999046325684,3.8499999046325684,0.0
2026-05-14 09:30:00,MIM.V,,0.1850000023841858,0.1850000023841858,0.1850000023841858,0.1850000023841858,0.0
2026-05-14 09:30:00,MINE.V,,0.12999999523162842,0.12999999523162842,0.12999999523162842,0.12999999523162842,0.0
2026-05-14 09:30:00,MKO.V,,11.180000305175781,11.180000305175781,11.180000305175781,11.180000305175781,0.0
2026-05-14 09:30:00,MLP.V,,2.569999933242798,2.5999999046325684,2.569999933242798,2.5999999046325684,0.0
2026-05-14 09:30:00,MMA.V,,1.0399999618530273,1.059999942779541,1.0399999618530273,1.0499999523162842,0.0
2026-05-14 09:30:00,MMG.V,,0.33000001311302185,0.33000001311302185,0.33000001311302185,0.33000001311302185,0.0
2026-05-14 09:30:00,MQM.V,,0.3100000023841858,0.3100000023841858,0.3100000023841858,0.3100000023841858,0.0
2026-05-14 09:30:00,MRVL.V,,0.1599999964237213,0.1599999964237213,0.1599999964237213,0.1599999964237213,0.0
2026-05-14 09:30:00,MSC.V,,0.02500000037252903,0.02500000037252903,0.02500000037252903,0.02500000037252903,0.0
2026-05-14 09:30:00,NHHH.V,,0.03999999910593033,0.03999999910593033,0.03999999910593033,0.03999999910593033,0.0
2026-05-14 09:30:00,NICU.V,,2.640000104904175,2.640000104904175,2.5999999046325684,2.5999999046325684,0.0
2026-05-14 09:30:00,NURS.V,,4.019999980926514,4.019999980926514,4.019999980926514,4.019999980926514,0.0
2026-05-14 09:30:00,PNG.V,,7.199999809265137,7.199999809265137,7.150000095367432,7.190000057220459,0.0
2026-05-14 09:30:00,TUF.V,,0.8199999928474426,0.8199999928474426,0.8199999928474426,0.8199999928474426,0.0
2026-05-14 09:30:00,WLTR-H.V,,0.03500000014901161,0.03500000014901161,0.03500000014901161,0.03500000014901161,0.0
2026-05-14 09:30:00,YGT.V,,0.20499999821186066,0.20499999821186066,0.20499999821186066,0.20499999821186066,0.0
2026-05-14 09:30:00,ZNG.V,,1.2000000476837158,1.2000000476837158,1.2000000476837158,1.2000000476837158,0.0
2026-05-14 09:31:00,EQTY.V,,0.35499998927116394,0.35499998927116394,0.35499998927116394,0.35499998927116394,20500.0
2026-05-14 09:31:00,FCLI.V,,0.4449999928474426,0.4449999928474426,0.4449999928474426,0.4449999928474426,5000.0
2026-05-14 09:31:00,GGO.V,,1.1299999952316284,1.1299999952316284,1.1299999952316284,1.1299999952316284,2100.0
2026-05-14 09:31:00,GLD.V,,0.08500000089406967,0.08500000089406967,0.08500000089406967,0.08500000089406967,88000.0
2026-05-14 09:31:00,GOT.V,,1.7599999904632568,1.7599999904632568,1.7599999904632568,1.7599999904632568,800.0
2026-05-14 09:31:00,GQC.V,,0.5299999713897705,0.5299999713897705,0.5299999713897705,0.5299999713897705,3500.0
2026-05-14 09:31:00,GWM.V,,0.6299999952316284,0.6299999952316284,0.6299999952316284,0.6299999952316284,0.0
2026-05-14 09:31:00,HSTR.V,,2.2799999713897705,2.2799999713897705,2.2799999713897705,2.2799999713897705,10100.0
2026-05-14 09:31:00,JUGR.V,,1.25,1.25,1.25,1.25,4200.0
2026-05-14 09:31:00,KTN.V,,1.6399999856948853,1.6699999570846558,1.6399999856948853,1.6699999570846558,6615.0
2026-05-14 09:31:00,LITH.V,,0.7200000286102295,0.7200000286102295,0.7200000286102295,0.7200000286102295,3000.0
2026-05-14 09:31:00,LTH.V,,1.1799999475479126,1.1799999475479126,1.1799999475479126,1.1799999475479126,1000.0
2026-05-14 09:31:00,LXE.V,,0.17499999701976776,0.17499999701976776,0.17499999701976776,0.17499999701976776,4000.0
2026-05-14 09:31:00,MGM.V,,3.799999952316284,3.8499999046325684,3.799999952316284,3.8499999046325684,1500.0
2026-05-14 09:31:00,MINE.V,,0.12999999523162842,0.12999999523162842,0.12999999523162842,0.12999999523162842,1000.0
2026-05-14 09:31:00,MMA.V,,0.9900000095367432,1.0399999618530273,0.9900000095367432,1.0399999618530273,193071.0
2026-05-14 09:31:00,NURS.V,,4.0,4.039999961853027,4.0,4.039999961853027,3600.0
2026-05-14 09:31:00,PNG.V,,7.175000190734863,7.210000038146973,7.159999847412109,7.210000038146973,1341.0
2026-05-14 09:32:00,FWZ.V,,4.570000171661377,4.570000171661377,4.570000171661377,4.570000171661377,100.0
2026-05-14 09:32:00,GEMC.V,,0.029999999329447746,0.029999999329447746,0.029999999329447746,0.029999999329447746,0.0
2026-05-14 09:32:00,GGO.V,,1.1399999856948853,1.1399999856948853,1.1399999856948853,1.1399999856948853,500.0
2026-05-14 09:32:00,GOT.V,,1.7599999904632568,1.7599999904632568,1.7599999904632568,1.7599999904632568,3458.0
2026-05-14 09:32:00,GRG.V,,0.09000000357627869,0.09000000357627869,0.09000000357627869,0.09000000357627869,23000.0
2026-05-14 09:32:00,GWM.V,,0.6299999952316284,0.6299999952316284,0.6299999952316284,0.6299999952316284,4000.0
2026-05-14 09:32:00,HAN.V,,0.6299999952316284,0.6299999952316284,0.6299999952316284,0.6299999952316284,2000.0
2026-05-14 09:32:00,HHH.V,,6.5,6.5,6.460000038146973,6.460000038146973,900.0
2026-05-14 09:32:00,KDK.V,,1.0499999523162842,1.0499999523162842,1.0499999523162842,1.0499999523162842,1400.0
2026-05-14 09:32:00,KTN.V,,1.6100000143051147,1.6200000047683716,1.6100000143051147,1.6200000047683716,9800.0
2026-05-14 09:32:00,LG.V,,0.3799999952316284,0.3799999952316284,0.3799999952316284,0.3799999952316284,500.0
2026-05-14 09:32:00,MMA.V,,1.0199999809265137,1.0199999809265137,1.0,1.0,11552.0
2026-05-14 09:32:00,NICU.V,,2.6600000858306885,2.680000066757202,2.6600000858306885,2.6600000858306885,9400.0
2026-05-14 09:32:00,PNG.V,,7.199999809265137,7.199999809265137,7.175000190734863,7.179999828338623,6271.0
2026-05-14 09:32:00,ZNG.V,,1.159999966621399,1.1799999475479126,1.159999966621399,1.1799999475479126,2349.0
2026-05-14 09:33:00,FDR.V,,5.789999961853027,5.789999961853027,5.75,5.75,5700.0
2026-05-14 09:33:00,FL.V,,0.5799999833106995,0.5899999737739563,0.5799999833106995,0.5799999833106995,21500.0
2026-05-14 09:33:00,FWZ.V,,4.579999923706055,4.579999923706055,4.579999923706055,4.579999923706055,100.0
2026-05-14 09:33:00,GWM.V,,0.6299999952316284,0.6299999952316284,0.6299999952316284,0.6299999952316284,4790.0
2026-05-14 09:33:00,HHH.V,,6.5,6.5,6.489999771118164,6.489999771118164,800.0
2026-05-14 09:33:00,HSTR.V,,2.259999990463257,2.2799999713897705,2.259999990463257,2.2799999713897705,1900.0
2026-05-14 09:33:00,LXE.V,,0.1599999964237213,0.1599999964237213,0.1599999964237213,0.1599999964237213,500.0
2026-05-14 09:33:00,MKO.V,,11.119999885559082,11.119999885559082,11.119999885559082,11.119999885559082,700.0
2026-05-14 09:33:00,MMA.V,,1.0199999809265137,1.0199999809265137,1.0199999809265137,1.0199999809265137,2100.0
2026-05-14 09:33:00,MMG.V,,0.3199999928474426,0.3199999928474426,0.3199999928474426,0.3199999928474426,20000.0
2026-05-14 09:33:00,PNG.V,,7.199999809265137,7.199999809265137,7.199999809265137,7.199999809265137,590.0
2026-05-14 09:33:00,TUF.V,,0.8199999928474426,0.8199999928474426,0.8199999928474426,0.8199999928474426,8000.0
2026-05-14 09:34:00,BIG.V,,0.6600000262260437,0.6600000262260437,0.6600000262260437,0.6600000262260437,0.0
2026-05-14 09:34:00,FO.V,,0.32499998807907104,0.32499998807907104,0.3199999928474426,0.3199999928474426,56140.0
2026-05-14 09:34:00,FWZ.V,,4.579999923706055,4.579999923706055,4.579999923706055,4.579999923706055,100.0
2026-05-14 09:34:00,GLD.V,,0.09000000357627869,0.09000000357627869,0.09000000357627869,0.09000000357627869,5000.0
2026-05-14 09:34:00,GPH.V,,1.159999966621399,1.159999966621399,1.159999966621399,1.159999966621399,500.0
2026-05-14 09:34:00,GQC.V,,0.5099999904632568,0.5199999809265137,0.5099999904632568,0.5199999809265137,35900.0
2026-05-14 09:34:00,GRG.V,,0.08500000089406967,0.08500000089406967,0.08500000089406967,0.08500000089406967,2000.0
2026-05-14 09:34:00,GSI.V,,1.2799999713897705,1.2899999618530273,1.2799999713897705,1.2899999618530273,600.0
2026-05-14 09:34:00,HMR.V,,0.9200000166893005,0.9200000166893005,0.9200000166893005,0.9200000166893005,0.0
2026-05-14 09:34:00,LG.V,,0.375,0.375,0.375,0.375,5000.0
2026-05-14 09:34:00,LTH.V,,1.159999966621399,1.1699999570846558,1.159999966621399,1.1699999570846558,13500.0
2026-05-14 09:34:00,MMA.V,,1.0199999809265137,1.0199999809265137,1.0199999809265137,1.0199999809265137,1000.0
2026-05-14 09:34:00,PNG.V,,7.130000114440918,7.179999828338623,7.130000114440918,7.150000095367432,10608.0
2026-05-14 09:35:00,GG.V,,2.8299999237060547,2.8299999237060547,2.799999952316284,2.799999952316284,8400.0
2026-05-14 09:35:00,GSI.V,,1.2699999809265137,1.2699999809265137,1.2699999809265137,1.2699999809265137,700.0
2026-05-14 09:35:00,HITI.V,,3.299999952316284,3.299999952316284,3.299999952316284,3.299999952316284,1500.0
2026-05-14 09:35:00,HSTR.V,,2.240000009536743,2.25,2.240000009536743,2.25,300.0
2026-05-14 09:35:00,IFOS.V,,2.5399999618530273,2.5399999618530273,2.5399999618530273,2.5399999618530273,3500.0
2026-05-14 09:35:00,LVG.V,,0.33000001311302185,0.3400000035762787,0.33000001311302185,0.3400000035762787,26000.0
2026-05-14 09:35:00,MMA.V,,1.0099999904632568,1.0199999809265137,1.0099999904632568,1.0149999856948853,10300.0
2026-05-14 09:35:00,NICU.V,,2.6500000953674316,2.6500000953674316,2.6500000953674316,2.6500000953674316,255.0
2026-05-14 09:35:00,PNG.V,,7.21999979019165,7.230000019073486,7.159999847412109,7.159999847412109,5400.0
2026-05-14 09:36:00,FO.V,,0.3149999976158142,0.32499998807907104,0.3149999976158142,0.32499998807907104,46000.0
2026-05-14 09:36:00,FWZ.V,,4.570000171661377,4.570000171661377,4.570000171661377,4.570000171661377,100.0
2026-05-14 09:36:00,GOT.V,,1.75,1.75,1.75,1.75,350.0
2026-05-14 09:36:00,GPH.V,,1.149999976158142,1.149999976158142,1.149999976158142,1.149999976158142,1383.0
2026-05-14 09:36:00,GWM.V,,0.6200000047683716,0.6200000047683716,0.6200000047683716,0.6200000047683716,3000.0
2026-05-14 09:36:00,HITI.V,,3.2899999618530273,3.2899999618530273,3.2899999618530273,3.2899999618530273,100.0
2026-05-14 09:36:00,HSTR.V,,2.2300000190734863,2.240000009536743,2.2300000190734863,2.240000009536743,600.0
2026-05-14 09:36:00,HVG.V,,0.054999999701976776,0.054999999701976776,0.054999999701976776,0.054999999701976776,0.0
2026-05-14 09:36:00,LMN.V,,19.799999237060547,19.809999465942383,19.799999237060547,19.809999465942383,220.0
2026-05-14 09:36:00,LTH.V,,1.1649999618530273,1.1649999618530273,1.1649999618530273,1.1649999618530273,100.0
2026-05-14 09:36:00,MMA.V,,1.0099999904632568,1.0099999904632568,1.0099999904632568,1.0099999904632568,3000.0
2026-05-14 09:36:00,NURS.V,,4.010000228881836,4.010000228881836,4.010000228881836,4.010000228881836,100.0
2026-05-14 09:36:00,PNG.V,,7.230000019073486,7.230000019073486,7.215000152587891,7.215000152587891,1800.0
2026-05-14 09:36:00,TUF.V,,0.7900000214576721,0.800000011920929,0.7900000214576721,0.800000011920929,21694.0
2026-05-14 09:37:00,EQTY.V,,0.3449999988079071,0.3449999988079071,0.3449999988079071,0.3449999988079071,8500.0
2026-05-14 09:37:00,FCLI.V,,0.4449999928474426,0.4449999928474426,0.4449999928474426,0.4449999928474426,5106.0
2026-05-14 09:37:00,GHL.V,,0.05000000074505806,0.05000000074505806,0.05000000074505806,0.05000000074505806,0.0
2026-05-14 09:37:00,GPH.V,,1.149999976158142,1.149999976158142,1.149999976158142,1.149999976158142,5500.0
2026-05-14 09:37:00,GQC.V,,0.5199999809265137,0.5199999809265137,0.5199999809265137,0.5199999809265137,20500.0
2026-05-14 09:37:00,HSTR.V,,2.240000009536743,2.240000009536743,2.2300000190734863,2.2300000190734863,1300.0
2026-05-14 09:37:00,IPT.V,,0.3100000023841858,0.3100000023841858,0.3100000023841858,0.3100000023841858,48000.0
2026-05-14 09:37:00,LTH.V,,1.159999966621399,1.159999966621399,1.159999966621399,1.159999966621399,100.0
2026-05-14 09:37:00,MASS.V,,0.14000000059604645,0.14000000059604645,0.14000000059604645,0.14000000059604645,19000.0
2026-05-14 09:37:00,MMA.V,,1.0099999904632568,1.0099999904632568,1.0,1.0099999904632568,2500.0
2026-05-14 09:37:00,NICU.V,,2.619999885559082,2.619999885559082,2.619999885559082,2.619999885559082,300.0
2026-05-14 09:37:00,PNG.V,,7.199999809265137,7.239999771118164,7.199999809265137,7.230000019073486,3310.0
2026-05-14 09:37:00,TUF.V,,0.7799999713897705,0.7799999713897705,0.7799999713897705,0.7799999713897705,21300.0
2026-05-14 09:38:00,GOT.V,,1.75,1.75,1.75,1.75,3900.0
2026-05-14 09:38:00,GPH.V,,1.149999976158142,1.149999976158142,1.149999976158142,1.149999976158142,3400.0
2026-05-14 09:38:00,IGO.V,,0.11500000208616257,0.11500000208616257,0.11500000208616257,0.11500000208616257,7500.0
2026-05-14 09:38:00,JUGR.V,,1.2699999809265137,1.2799999713897705,1.2699999809265137,1.2699999809265137,15139.0
2026-05-14 09:38:00,KDK.V,,1.0399999618530273,1.0399999618530273,1.0399999618530273,1.0399999618530273,1220.0
2026-05-14 09:38:00,LMN.V,,19.735000610351562,19.75,19.700000762939453,19.75,1261.0
2026-05-14 09:38:00,LTH.V,,1.159999966621399,1.159999966621399,1.159999966621399,1.159999966621399,800.0
2026-05-14 09:38:00,MGM.V,,3.700000047683716,3.7200000286102295,3.700000047683716,3.7200000286102295,1800.0
2026-05-14 09:38:00,MIM.V,,0.1850000023841858,0.1850000023841858,0.1850000023841858,0.1850000023841858,2000.0
2026-05-14 09:38:00,MLP.V,,2.5299999713897705,2.559999942779541,2.5299999713897705,2.559999942779541,5100.0
2026-05-14 09:38:00,MMA.V,,0.9900000095367432,1.0099999904632568,0.9900000095367432,1.0099999904632568,33000.0
2026-05-14 09:38:00,MQM.V,,0.3199999928474426,0.3199999928474426,0.3100000023841858,0.3100000023841858,25500.0
2026-05-14 09:38:00,PNG.V,,7.199999809265137,7.199999809265137,7.179999828338623,7.195000171661377,11305.0
2026-05-14 09:38:00,YGT.V,,0.20499999821186066,0.20499999821186066,0.20499999821186066,0.20499999821186066,4500.0
2026-05-14 09:38:00,ZNG.V,,1.1699999570846558,1.1699999570846558,1.1699999570846558,1.1699999570846558,100.0
2026-05-14 09:39:00,GSI.V,,1.2599999904632568,1.2599999904632568,1.2599999904632568,1.2599999904632568,228.0
2026-05-14 09:39:00,GSTM.V,,0.1899999976158142,0.1899999976158142,0.1899999976158142,0.1899999976158142,16000.0
2026-05-14 09:39:00,HHH.V,,6.309999942779541,6.320000171661377,6.309999942779541,6.320000171661377,400.0
2026-05-14 09:39:00,HSTR.V,,2.25,2.25,2.240000009536743,2.240000009536743,2200.0
2026-05-14 09:39:00,IFOS.V,,2.559999942779541,2.559999942779541,2.559999942779541,2.559999942779541,400.0
2026-05-14 09:39:00,JUGR.V,,1.2799999713897705,1.2799999713897705,1.2799999713897705,1.2799999713897705,1000.0
2026-05-14 09:39:00,MGM.V,,3.6700000762939453,3.6700000762939453,3.6700000762939453,3.6700000762939453,100.0
2026-05-14 09:39:00,MMA.V,,0.9900000095367432,0.9900000095367432,0.9900000095367432,0.9900000095367432,1100.0
2026-05-14 09:39:00,PNG.V,,7.199999809265137,7.199999809265137,7.159999847412109,7.179999828338623,1014.0
2026-05-14 09:40:00,FDR.V,,5.679999828338623,5.71999979019165,5.679999828338623,5.71999979019165,1250.0
2026-05-14 09:40:00,GSI.V,,1.2599999904632568,1.2599999904632568,1.2599999904632568,1.2599999904632568,3000.0
2026-05-14 09:40:00,HHH.V,,6.300000190734863,6.309999942779541,6.300000190734863,6.309999942779541,5500.0
2026-05-14 09:40:00,KTN.V,,1.600000023841858,1.600000023841858,1.600000023841858,1.600000023841858,2600.0
2026-05-14 09:40:00,LG.V,,0.3700000047683716,0.3700000047683716,0.3700000047683716,0.3700000047683716,35618.0
2026-05-14 09:40:00,LIFT.V,,6.5,6.5,6.5,6.5,200.0
2026-05-14 09:40:00,LMN.V,,19.75,19.75,19.75,19.75,110.0
2026-05-14 09:40:00,MKO.V,,11.039999961853027,11.0600004196167,11.039999961853027,11.0600004196167,1600.0
2026-05-14 09:40:00,MMA.V,,0.9900000095367432,0.9900000095367432,0.9900000095367432,0.9900000095367432,700.0
2026-05-14 09:40:00,NICU.V,,2.619999885559082,2.619999885559082,2.619999885559082,2.619999885559082,100.0
2026-05-14 09:40:00,NURS.V,,4.010000228881836,4.010000228881836,4.010000228881836,4.010000228881836,400.0
2026-05-14 09:40:00,PNG.V,,7.25,7.25,7.190000057220459,7.190000057220459,6416.0
2026-05-14 09:40:00,TUF.V,,0.8100000023841858,0.8100000023841858,0.800000011920929,0.800000011920929,7000.0
2026-05-14 09:41:00,FDR.V,,5.699999809265137,5.699999809265137,5.699999809265137,5.699999809265137,501.0
2026-05-14 09:41:00,GOT.V,,1.7400000095367432,1.7400000095367432,1.7400000095367432,1.7400000095367432,700.0
2026-05-14 09:41:00,GPH.V,,1.149999976158142,1.149999976158142,1.149999976158142,1.149999976158142,300.0
2026-05-14 09:41:00,GWM.V,,0.6100000143051147,0.6200000047683716,0.6100000143051147,0.6200000047683716,79780.0
2026-05-14 09:41:00,HHH.V,,6.300000190734863,6.300000190734863,6.300000190734863,6.300000190734863,4900.0
2026-05-14 09:41:00,HSTR.V,,2.240000009536743,2.240000009536743,2.240000009536743,2.240000009536743,5000.0
2026-05-14 09:41:00,JUGR.V,,1.2599999904632568,1.2599999904632568,1.2599999904632568,1.2599999904632568,4700.0
2026-05-14 09:41:00,LG.V,,0.3700000047683716,0.3700000047683716,0.3700000047683716,0.3700000047683716,500.0
2026-05-14 09:41:00,LIFT.V,,6.699999809265137,6.699999809265137,6.690000057220459,6.690000057220459,5200.0
2026-05-14 09:41:00,LVX.V,,0.9049999713897705,0.9049999713897705,0.9049999713897705,0.9049999713897705,828.0
2026-05-14 09:41:00,MGM.V,,3.619999885559082,3.680000066757202,3.619999885559082,3.680000066757202,4200.0
2026-05-14 09:41:00,MMA.V,,0.9900000095367432,0.9900000095367432,0.9900000095367432,0.9900000095367432,12000.0
2026-05-14 09:41:00,NURS.V,,3.9800000190734863,3.990000009536743,3.950000047683716,3.990000009536743,25600.0
2026-05-14 09:41:00,PNG.V,,7.179999828338623,7.239999771118164,7.159999847412109,7.230000019073486,13810.0
2026-05-14 09:41:00,TUF.V,,0.8100000023841858,0.8100000023841858,0.8100000023841858,0.8100000023841858,4000.0
2026-05-14 09:41:00,ZNG.V,,1.1399999856948853,1.149999976158142,1.1399999856948853,1.149999976158142,38105.0
2026-05-14 09:42:00,BIG.V,,0.6600000262260437,0.6600000262260437,0.6600000262260437,0.6600000262260437,2000.0
2026-05-14 09:42:00,EQTY.V,,0.3400000035762787,0.3400000035762787,0.3400000035762787,0.3400000035762787,13000.0
2026-05-14 09:42:00,GBU.V,,0.16500000655651093,0.16500000655651093,0.16500000655651093,0.16500000655651093,0.0
2026-05-14 09:42:00,GTC.V,,0.17499999701976776,0.17499999701976776,0.17499999701976776,0.17499999701976776,100000.0
2026-05-14 09:42:00,HSTR.V,,2.234999895095825,2.234999895095825,2.234999895095825,2.234999895095825,400.0
2026-05-14 09:42:00,IFOS.V,,2.569999933242798,2.5999999046325684,2.569999933242798,2.5999999046325684,5100.0
2026-05-14 09:42:00,JUGR.V,,1.25,1.25,1.25,1.25,100.0
2026-05-14 09:42:00,KNG.V,,1.3200000524520874,1.3200000524520874,1.309999942779541,1.309999942779541,6800.0
2026-05-14 09:42:00,LME.V,,0.20999999344348907,0.20999999344348907,0.20999999344348907,0.20999999344348907,1500.0
2026-05-14 09:42:00,LTH.V,,1.159999966621399,1.159999966621399,1.159999966621399,1.159999966621399,200.0
2026-05-14 09:42:00,MMA.V,,0.9800000190734863,0.9900000095367432,0.9800000190734863,0.9900000095367432,61635.0
2026-05-14 09:42:00,PNG.V,,7.260000228881836,7.260000228881836,7.190000057220459,7.199999809265137,14750.0
2026-05-14 09:42:00,ZNG.V,,1.1299999952316284,1.1299999952316284,1.1299999952316284,1.1299999952316284,2500.0
2026-05-14 09:43:00,BIG.V,,0.6600000262260437,0.6600000262260437,0.6600000262260437,0.6600000262260437,3000.0
2026-05-14 09:43:00,GBU.V,,0.16500000655651093,0.16500000655651093,0.16500000655651093,0.16500000655651093,2367.0
2026-05-14 09:43:00,GOT.V,,1.7400000095367432,1.7400000095367432,1.7400000095367432,1.7400000095367432,2700.0
2026-05-14 09:43:00,GSTM.V,,0.1899999976158142,0.1899999976158142,0.1899999976158142,0.1899999976158142,2500.0
2026-05-14 09:43:00,HHH.V,,6.300000190734863,6.300000190734863,6.300000190734863,6.300000190734863,2100.0
2026-05-14 09:43:00,HITI.V,,3.309999942779541,3.319999933242798,3.299999952316284,3.299999952316284,1200.0
2026-05-14 09:43:00,HSTR.V,,2.240000009536743,2.240000009536743,2.240000009536743,2.240000009536743,1400.0
2026-05-14 09:43:00,IFOS.V,,2.5799999237060547,2.5799999237060547,2.5799999237060547,2.5799999237060547,200.0
2026-05-14 09:43:00,LMN.V,,19.68000030517578,19.68000030517578,19.68000030517578,19.68000030517578,105.0
2026-05-14 09:43:00,MMA.V,,0.9900000095367432,0.9900000095367432,0.9900000095367432,0.9900000095367432,7000.0
2026-05-14 09:43:00,PNG.V,,7.260000228881836,7.269999980926514,7.230000019073486,7.25,4612.0
2026-05-14 09:43:00,TUF.V,,0.8100000023841858,0.8100000023841858,0.8100000023841858,0.8100000023841858,3500.0
2026-05-14 09:43:00,ZNG.V,,1.1399999856948853,1.1399999856948853,1.1399999856948853,1.1399999856948853,1600.0
2026-05-14 09:44:00,HSTR.V,,2.255000114440918,2.259999990463257,2.25,2.25,1600.0
2026-05-14 09:44:00,JUGR.V,,1.25,1.25,1.25,1.25,9800.0
2026-05-14 09:44:00,KTN.V,,1.5700000524520874,1.5800000429153442,1.5700000524520874,1.5800000429153442,2700.0
2026-05-14 09:44:00,LMN.V,,19.940000534057617,19.940000534057617,19.700000762939453,19.700000762939453,1800.0
2026-05-14 09:44:00,MKO.V,,11.010000228881836,11.010000228881836,11.010000228881836,11.010000228881836,100.0
2026-05-14 09:44:00,MLP.V,,2.5199999809265137,2.5299999713897705,2.5199999809265137,2.5299999713897705,3200.0
2026-05-14 09:44:00,MMA.V,,1.0099999904632568,1.0099999904632568,0.9900000095367432,0.9900000095367432,29600.0
2026-05-14 09:44:00,MMG.V,,0.3199999928474426,0.3199999928474426,0.3199999928474426,0.3199999928474426,5000.0
2026-05-14 09:44:00,MQM.V,,0.3199999928474426,0.3199999928474426,0.3199999928474426,0.3199999928474426,12000.0
2026-05-14 09:44:00,PNG.V,,7.25,7.269999980926514,7.25,7.25,917.0
2026-05-14 09:45:00,FWZ.V,,4.519999980926514,4.519999980926514,4.510000228881836,4.510000228881836,1500.0
2026-05-14 09:45:00,GOT.V,,1.75,1.75,1.75,1.75,800.0
2026-05-14 09:45:00,GSI.V,,1.25,1.2549999952316284,1.25,1.2549999952316284,4000.0
2026-05-14 09:45:00,IFOS.V,,2.5799999237060547,2.5799999237060547,2.5799999237060547,2.5799999237060547,4300.0
2026-05-14 09:45:00,JUGR.V,,1.25,1.25,1.25,1.25,200.0
2026-05-14 09:45:00,LG.V,,0.36500000953674316,0.3700000047683716,0.36500000953674316,0.3700000047683716,43500.0
2026-05-14 09:45:00,LMN.V,,19.770000457763672,19.770000457763672,19.770000457763672,19.770000457763672,100.0
2026-05-14 09:45:00,MKO.V,,10.970000267028809,10.970000267028809,10.970000267028809,10.970000267028809,900.0
2026-05-14 09:45:00,MMA.V,,1.0199999809265137,1.0199999809265137,1.0199999809265137,1.0199999809265137,2700.0
2026-05-14 09:45:00,NICU.V,,2.6500000953674316,2.6500000953674316,2.640000104904175,2.640000104904175,2100.0
2026-05-14 09:45:00,PNG.V,,7.21999979019165,7.230000019073486,7.21999979019165,7.230000019073486,5001.0
2026-05-14 09:45:00,TUF.V,,0.8100000023841858,0.8100000023841858,0.8100000023841858,0.8100000023841858,500.0
2026-05-14 09:46:00,FWZ.V,,4.550000190734863,4.550000190734863,4.53000020980835,4.53000020980835,5100.0
2026-05-14 09:46:00,GGAU.V,,0.3100000023841858,0.3100000023841858,0.3100000023841858,0.3100000023841858,0.0
2026-05-14 09:46:00,GPH.V,,1.149999976158142,1.149999976158142,1.149999976158142,1.149999976158142,100.0
2026-05-14 09:46:00,GSI.V,,1.25,1.25,1.25,1.25,700.0
2026-05-14 09:46:00,HHH.V,,6.300000190734863,6.300000190734863,6.300000190734863,6.300000190734863,10100.0
2026-05-14 09:46:00,HPQ.V,,0.17499999701976776,0.17499999701976776,0.17499999701976776,0.17499999701976776,2000.0
2026-05-14 09:46:00,HSTR.V,,2.259999990463257,2.259999990463257,2.259999990463257,2.259999990463257,400.0
2026-05-14 09:46:00,JUGR.V,,1.25,1.25,1.25,1.25,300.0
2026-05-14 09:46:00,KNG.V,,1.3200000524520874,1.3200000524520874,1.3200000524520874,1.3200000524520874,2122.0
2026-05-14 09:46:00,KTN.V,,1.5800000429153442,1.5800000429153442,1.5800000429153442,1.5800000429153442,1400.0
2026-05-14 09:46:00,LTH.V,,1.149999976158142,1.159999966621399,1.149999976158142,1.159999966621399,7200.0
2026-05-14 09:46:00,LVG.V,,0.3400000035762787,0.3400000035762787,0.3400000035762787,0.3400000035762787,68600.0
2026-05-14 09:46:00,MLP.V,,2.509999990463257,2.509999990463257,2.509999990463257,2.509999990463257,3200.0
2026-05-14 09:46:00,MMA.V,,1.0199999809265137,1.0199999809265137,1.0199999809265137,1.0199999809265137,3300.0
2026-05-14 09:46:00,PNG.V,,7.130000114440918,7.230000019073486,7.110000133514404,7.224999904632568,28889.0
2026-05-14 09:46:00,TUF.V,,0.800000011920929,0.800000011920929,0.800000011920929,0.800000011920929,2000.0
2026-05-14 09:47:00,FL.V,,0.5799999833106995,0.5799999833106995,0.5799999833106995,0.5799999833106995,3500.0
2026-05-14 09:47:00,FWZ.V,,4.539999961853027,4.539999961853027,4.539999961853027,4.539999961853027,1700.0
2026-05-14 09:47:00,HHH.V,,6.269999980926514,6.269999980926514,6.269999980926514,6.269999980926514,5900.0
2026-05-14 09:47:00,HSTR.V,,2.259999990463257,2.259999990463257,2.259999990463257,2.259999990463257,400.0
2026-05-14 09:47:00,JUGR.V,,1.25,1.25,1.25,1.25,100.0
2026-05-14 09:47:00,LBNK.V,,0.5799999833106995,0.5799999833106995,0.5799999833106995,0.5799999833106995,2000.0
2026-05-14 09:47:00,LFST.V,,0.05000000074505806,0.05000000074505806,0.05000000074505806,0.05000000074505806,0.0
2026-05-14 09:47:00,MLP.V,,2.509999990463257,2.509999990463257,2.509999990463257,2.509999990463257,2150.0
2026-05-14 09:47:00,PNG.V,,7.099999904632568,7.139999866485596,7.079999923706055,7.099999904632568,19294.0
2026-05-14 09:48:00,FO.V,,0.32499998807907104,0.32499998807907104,0.32499998807907104,0.32499998807907104,5000.0
2026-05-14 09:48:00,FOR.V,,0.6499999761581421,0.6499999761581421,0.6499999761581421,0.6499999761581421,500.0
2026-05-14 09:48:00,FWZ.V,,4.539999961853027,4.539999961853027,4.539999961853027,4.539999961853027,2100.0
2026-05-14 09:48:00,GEN.V,,0.08500000089406967,0.08500000089406967,0.08500000089406967,0.08500000089406967,0.0
2026-05-14 09:48:00,GWM.V,,0.6100000143051147,0.6100000143051147,0.6100000143051147,0.6100000143051147,8406.0
2026-05-14 09:48:00,HME.V,,2.869999885559082,2.890000104904175,2.869999885559082,2.890000104904175,4100.0
2026-05-14 09:48:00,HSTR.V,,2.25,2.25,2.25,2.25,500.0
2026-05-14 09:48:00,JUGR.V,,1.25,1.25,1.25,1.25,300.0
2026-05-14 09:48:00,LMN.V,,19.799999237060547,19.799999237060547,19.799999237060547,19.799999237060547,100.0
2026-05-14 09:48:00,MMA.V,,1.0099999904632568,1.0099999904632568,1.0099999904632568,1.0099999904632568,10300.0
2026-05-14 09:48:00,PNG.V,,7.099999904632568,7.119999885559082,7.099999904632568,7.110000133514404,4700.0
2026-05-14 09:48:00,SCAN.V,,5.400000095367432,5.400000095367432,5.400000095367432,5.400000095367432,0.0
2026-05-14 09:49:00,GEN.V,,0.08500000089406967,0.08500000089406967,0.08500000089406967,0.08500000089406967,75000.0
2026-05-14 09:49:00,HCH.V,,1.909999966621399,1.909999966621399,1.899999976158142,1.909999966621399,1800.0
2026-05-14 09:49:00,JUGR.V,,1.25,1.25,1.25,1.25,100.0
2026-05-14 09:49:00,LG.V,,0.36500000953674316,0.36500000953674316,0.36500000953674316,0.36500000953674316,87000.0
2026-05-14 09:49:00,LSL.V,,0.35499998927116394,0.35499998927116394,0.35499998927116394,0.35499998927116394,4000.0
2026-05-14 09:49:00,MMA.V,,1.0099999904632568,1.0099999904632568,1.0099999904632568,1.0099999904632568,2000.0
2026-05-14 09:49:00,NURS.V,,3.950000047683716,3.9800000190734863,3.950000047683716,3.9800000190734863,1100.0
2026-05-14 09:49:00,PNG.V,,7.090000152587891,7.119999885559082,7.079999923706055,7.119999885559082,2200.0
2026-05-14 09:49:00,TUF.V,,0.7900000214576721,0.7900000214576721,0.7900000214576721,0.7900000214576721,5240.0
2026-05-14 09:50:00,FIN.V,,0.1850000023841858,0.1850000023841858,0.18000000715255737,0.18000000715255737,0.0
2026-05-14 09:50:00,GPH.V,,1.149999976158142,1.149999976158142,1.149999976158142,1.149999976158142,7000.0
2026-05-14 09:50:00,HAR.V,,0.05000000074505806,0.054999999701976776,0.05000000074505806,0.054999999701976776,0.0
2026-05-14 09:50:00,HI.V,,0.16500000655651093,0.16500000655651093,0.16500000655651093,0.16500000655651093,18000.0
2026-05-14 09:50:00,JUGR.V,,1.25,1.25,1.25,1.25,300.0
2026-05-14 09:50:00,LMN.V,,19.979999542236328,19.979999542236328,19.8799991607666,19.8799991607666,800.0
2026-05-14 09:50:00,MGM.V,,3.6600000858306885,3.690000057220459,3.6600000858306885,3.690000057220459,700.0
2026-05-14 09:50:00,MKO.V,,11.050000190734863,11.050000190734863,11.050000190734863,11.050000190734863,200.0
2026-05-14 09:50:00,MLP.V,,2.5,2.509999990463257,2.5,2.509999990463257,2094.0
2026-05-14 09:50:00,PNG.V,,7.099999904632568,7.110000133514404,7.099999904632568,7.099999904632568,700.0
2026-05-14 09:51:00,GAL.V,,0.5400000214576721,0.5400000214576721,0.5400000214576721,0.5400000214576721,1000.0
2026-05-14 09:51:00,GSI.V,,1.2400000095367432,1.2400000095367432,1.2400000095367432,1.2400000095367432,2000.0
2026-05-14 09:51:00,HEVI.V,,0.23499999940395355,0.23499999940395355,0.23499999940395355,0.23499999940395355,1000.0
2026-05-14 09:51:00,HME.V,,2.9100000858306885,2.9100000858306885,2.9100000858306885,2.9100000858306885,100.0
2026-05-14 09:51:00,HSTR.V,,2.25,2.25,2.25,2.25,500.0
2026-05-14 09:51:00,IPT.V,,0.3050000071525574,0.3100000023841858,0.3050000071525574,0.3100000023841858,9123.0
2026-05-14 09:51:00,JUGR.V,,1.25,1.25,1.25,1.25,100.0
2026-05-14 09:51:00,KTN.V,,1.5800000429153442,1.5800000429153442,1.5800000429153442,1.5800000429153442,451.0
2026-05-14 09:51:00,LG.V,,0.36000001430511475,0.36500000953674316,0.36000001430511475,0.36500000953674316,63000.0
2026-05-14 09:51:00,LTH.V,,1.1399999856948853,1.1399999856948853,1.1399999856948853,1.1399999856948853,6420.0
2026-05-14 09:51:00,MGM.V,,3.6700000762939453,3.6700000762939453,3.6500000953674316,3.6500000953674316,1600.0
2026-05-14 09:51:00,MMA.V,,1.0099999904632568,1.0099999904632568,1.0099999904632568,1.0099999904632568,8300.0
2026-05-14 09:51:00,PNG.V,,7.150000095367432,7.150000095367432,7.099999904632568,7.110000133514404,1484.0
2026-05-14 09:51:00,XCAP-P.V,,0.03999999910593033,0.03999999910593033,0.03500000014901161,0.03500000014901161,0.0
2026-05-14 09:52:00,FL.V,,0.5799999833106995,0.5799999833106995,0.5799999833106995,0.5799999833106995,3500.0
2026-05-14 09:52:00,GOT.V,,1.7400000095367432,1.7400000095367432,1.7400000095367432,1.7400000095367432,3450.0
2026-05-14 09:52:00,GRG.V,,0.0949999988079071,0.0949999988079071,0.0949999988079071,0.0949999988079071,45000.0
2026-05-14 09:52:00,GSTM.V,,0.19499999284744263,0.19499999284744263,0.19499999284744263,0.19499999284744263,2000.0
2026-05-14 09:52:00,HEVI.V,,0.23499999940395355,0.23499999940395355,0.23499999940395355,0.23499999940395355,4000.0
2026-05-14 09:52:00,HSTR.V,,2.25,2.25,2.25,2.25,1200.0
2026-05-14 09:52:00,IGO.V,,0.11500000208616257,0.11500000208616257,0.11500000208616257,0.11500000208616257,39000.0
2026-05-14 09:52:00,JUGR.V,,1.25,1.25,1.25,1.25,300.0
2026-05-14 09:52:00,LTH.V,,1.1399999856948853,1.1399999856948853,1.1399999856948853,1.1399999856948853,1600.0
2026-05-14 09:52:00,LVG.V,,0.33000001311302185,0.33000001311302185,0.33000001311302185,0.33000001311302185,500.0
2026-05-14 09:52:00,MLP.V,,2.5,2.5,2.5,2.5,26810.0
2026-05-14 09:52:00,PNG.V,,7.139999866485596,7.139999866485596,7.110000133514404,7.130000114440918,3100.0
2026-05-14 09:53:00,FOR.V,,0.6499999761581421,0.6499999761581421,0.6499999761581421,0.6499999761581421,500.0
2026-05-14 09:53:00,GOT.V,,1.7400000095367432,1.7400000095367432,1.7400000095367432,1.7400000095367432,700.0
2026-05-14 09:53:00,HSTR.V,,2.25,2.25,2.25,2.25,100.0
2026-05-14 09:53:00,JUGR.V,,1.25,1.25,1.25,1.25,16900.0
2026-05-14 09:53:00,KTN.V,,1.5700000524520874,1.5700000524520874,1.5700000524520874,1.5700000524520874,100.0
2026-05-14 09:53:00,LSL.V,,0.3499999940395355,0.3499999940395355,0.3499999940395355,0.3499999940395355,8000.0
2026-05-14 09:53:00,MGM.V,,3.6649999618530273,3.6649999618530273,3.6649999618530273,3.6649999618530273,200.0
2026-05-14 09:53:00,PNG.V,,7.039999961853027,7.119999885559082,7.039999961853027,7.119999885559082,29459.0
2026-05-14 09:54:00,EQTY.V,,0.3449999988079071,0.3449999988079071,0.3449999988079071,0.3449999988079071,2000.0
2026-05-14 09:54:00,GPH.V,,1.1399999856948853,1.1399999856948853,1.1399999856948853,1.1399999856948853,8205.0
2026-05-14 09:54:00,GWM.V,,0.6100000143051147,0.6100000143051147,0.6100000143051147,0.6100000143051147,8335.0
2026-05-14 09:54:00,HSTR.V,,2.255000114440918,2.255000114440918,2.255000114440918,2.255000114440918,100.0
2026-05-14 09:54:00,JUGR.V,,1.25,1.25,1.25,1.25,200.0
2026-05-14 09:54:00,KDK.V,,1.0199999809265137,1.0199999809265137,1.0199999809265137,1.0199999809265137,500.0
2026-05-14 09:54:00,LBNK.V,,0.5699999928474426,0.5799999833106995,0.5699999928474426,0.5799999833106995,6200.0
2026-05-14 09:54:00,LMN.V,,19.795000076293945,19.809999465942383,19.78499984741211,19.809999465942383,4484.0
2026-05-14 09:54:00,MMG.V,,0.3100000023841858,0.3100000023841858,0.3100000023841858,0.3100000023841858,14312.0
2026-05-14 09:54:00,NICU.V,,2.619999885559082,2.640000104904175,2.5999999046325684,2.640000104904175,5500.0
2026-05-14 09:54:00,PNG.V,,7.119999885559082,7.119999885559082,7.079999923706055,7.079999923706055,6900.0
2026-05-14 09:55:00,EQTY.V,,0.3449999988079071,0.3449999988079071,0.3449999988079071,0.3449999988079071,6000.0
2026-05-14 09:55:00,FO.V,,0.3199999928474426,0.3199999928474426,0.3199999928474426,0.3199999928474426,160000.0
2026-05-14 09:55:00,HITI.V,,3.2899999618530273,3.2899999618530273,3.2899999618530273,3.2899999618530273,125.0
2026-05-14 09:55:00,HSTR.V,,2.259999990463257,2.259999990463257,2.25,2.25,1500.0
2026-05-14 09:55:00,JUGR.V,,1.25,1.25,1.25,1.25,19700.0
2026-05-14 09:55:00,KTN.V,,1.5800000429153442,1.5800000429153442,1.5800000429153442,1.5800000429153442,7000.0
2026-05-14 09:55:00,LG.V,,0.36000001430511475,0.36000001430511475,0.36000001430511475,0.36000001430511475,5000.0
2026-05-14 09:55:00,LVG.V,,0.33000001311302185,0.33000001311302185,0.32749998569488525,0.32749998569488525,2500.0
2026-05-14 09:55:00,MLP.V,,2.4800000190734863,2.4800000190734863,2.4800000190734863,2.4800000190734863,4302.0
2026-05-14 09:55:00,PNG.V,,7.150000095367432,7.150000095367432,7.119999885559082,7.119999885559082,2700.0
2026-05-14 09:56:00,EQTY.V,,0.3499999940395355,0.3499999940395355,0.3499999940395355,0.3499999940395355,2250.0
2026-05-14 09:56:00,FL.V,,0.5799999833106995,0.5799999833106995,0.5799999833106995,0.5799999833106995,1000.0
2026-05-14 09:56:00,FO.V,,0.33500000834465027,0.33500000834465027,0.32499998807907104,0.32499998807907104,104261.0
2026-05-14 09:56:00,FWZ.V,,4.5,4.550000190734863,4.489999771118164,4.550000190734863,4100.0
2026-05-14 09:56:00,GGAU.V,,0.3100000023841858,0.3100000023841858,0.3100000023841858,0.3100000023841858,50000.0
2026-05-14 09:56:00,GOT.V,,1.7450000047683716,1.7450000047683716,1.7450000047683716,1.7450000047683716,100.0
2026-05-14 09:56:00,HHH.V,,6.260000228881836,6.260000228881836,6.260000228881836,6.260000228881836,200.0
2026-05-14 09:56:00,HME.V,,2.890000104904175,2.890000104904175,2.859999895095825,2.869999885559082,51133.0
2026-05-14 09:56:00,HSTR.V,,2.259999990463257,2.259999990463257,2.259999990463257,2.259999990463257,500.0
2026-05-14 09:56:00,JUGR.V,,1.25,1.25,1.25,1.25,400.0
2026-05-14 09:56:00,LG.V,,0.36000001430511475,0.36000001430511475,0.36000001430511475,0.36000001430511475,5000.0
2026-05-14 09:56:00,LMN.V,,19.799999237060547,19.809999465942383,19.719999313354492,19.719999313354492,800.0
2026-05-14 09:56:00,LTH.V,,1.1399999856948853,1.1399999856948853,1.1399999856948853,1.1399999856948853,9000.0
2026-05-14 09:56:00,MMA.V,,1.0099999904632568,1.0099999904632568,1.0099999904632568,1.0099999904632568,5900.0
2026-05-14 09:56:00,MQM.V,,0.32499998807907104,0.32499998807907104,0.32499998807907104,0.32499998807907104,9203.0
2026-05-14 09:56:00,PNG.V,,7.099999904632568,7.190000057220459,7.099999904632568,7.179999828338623,13300.0
2026-05-14 09:57:00,GOT.V,,1.7400000095367432,1.7400000095367432,1.7400000095367432,1.7400000095367432,300.0
2026-05-14 09:57:00,HITI.V,,3.2799999713897705,3.2799999713897705,3.2799999713897705,3.2799999713897705,100.0
2026-05-14 09:57:00,HPQ.V,,0.17499999701976776,0.17499999701976776,0.17499999701976776,0.17499999701976776,1500.0
2026-05-14 09:57:00,HSTR.V,,2.259999990463257,2.259999990463257,2.259999990463257,2.259999990463257,1500.0
2026-05-14 09:57:00,JUGR.V,,1.25,1.25,1.25,1.25,100.0
2026-05-14 09:57:00,KLD.V,,2.3399999141693115,2.3399999141693115,2.3399999141693115,2.3399999141693115,0.0
2026-05-14 09:57:00,KTN.V,,1.5700000524520874,1.5700000524520874,1.5700000524520874,1.5700000524520874,6118.0
2026-05-14 09:57:00,LMN.V,,19.780000686645508,19.780000686645508,19.780000686645508,19.780000686645508,100.0
2026-05-14 09:57:00,LSTR.V,,0.125,0.125,0.125,0.125,0.0
2026-05-14 09:57:00,MKO.V,,10.970000267028809,11.0,10.970000267028809,11.0,500.0
2026-05-14 09:57:00,MRVL.V,,0.13500000536441803,0.1550000011920929,0.13500000536441803,0.1550000011920929,36500.0
2026-05-14 09:57:00,NURS.V,,3.9800000190734863,3.9800000190734863,3.950000047683716,3.950000047683716,800.0
2026-05-14 09:57:00,PNG.V,,7.119999885559082,7.130000114440918,7.099999904632568,7.099999904632568,9865.0
2026-05-14 09:58:00,GPH.V,,1.1399999856948853,1.1399999856948853,1.1399999856948853,1.1399999856948853,4200.0
2026-05-14 09:58:00,GSI.V,,1.2300000190734863,1.2300000190734863,1.2300000190734863,1.2300000190734863,36800.0
2026-05-14 09:58:00,JUGR.V,,1.25,1.25,1.25,1.25,300.0
2026-05-14 09:58:00,LG.V,,0.36000001430511475,0.36000001430511475,0.36000001430511475,0.36000001430511475,7600.0
2026-05-14 09:58:00,LMN.V,,19.770000457763672,19.770000457763672,19.770000457763672,19.770000457763672,2600.0
2026-05-14 09:58:00,LTH.V,,1.1299999952316284,1.1299999952316284,1.1299999952316284,1.1299999952316284,11600.0
2026-05-14 09:58:00,MGM.V,,3.630000114440918,3.630000114440918,3.630000114440918,3.630000114440918,100.0
2026-05-14 09:58:00,MRVL.V,,0.1599999964237213,0.1599999964237213,0.1599999964237213,0.1599999964237213,5000.0
2026-05-14 09:58:00,NICU.V,,2.5899999141693115,2.619999885559082,2.5899999141693115,2.609999895095825,14300.0
2026-05-14 09:58:00,PNG.V,,7.110000133514404,7.110000133514404,7.099999904632568,7.110000133514404,10764.0
2026-05-14 09:58:00,TUF.V,,0.7699999809265137,0.7799999713897705,0.7699999809265137,0.7799999713897705,18740.0
2026-05-14 09:59:00,FPX.V,,0.5400000214576721,0.550000011920929,0.5400000214576721,0.550000011920929,2689.0
2026-05-14 09:59:00,FWZ.V,,4.480000019073486,4.5,4.480000019073486,4.489999771118164,900.0
2026-05-14 09:59:00,GOT.V,,1.7300000190734863,1.7300000190734863,1.7300000190734863,1.7300000190734863,2400.0
2026-05-14 09:59:00,GRG.V,,0.09000000357627869,0.09000000357627869,0.09000000357627869,0.09000000357627869,10000.0
2026-05-14 09:59:00,GUN.V,,0.8299999833106995,0.8299999833106995,0.8299999833106995,0.8299999833106995,0.0
2026-05-14 09:59:00,HITI.V,,3.2699999809265137,3.2699999809265137,3.2699999809265137,3.2699999809265137,100.0
2026-05-14 09:59:00,HSTR.V,,2.240000009536743,2.240000009536743,2.240000009536743,2.240000009536743,800.0
2026-05-14 09:59:00,IFOS.V,,2.559999942779541,2.5799999237060547,2.559999942779541,2.5799999237060547,14056.0
2026-05-14 09:59:00,JUGR.V,,1.25,1.25,1.25,1.25,100.0
2026-05-14 09:59:00,KLD.V,,2.3499999046325684,2.3499999046325684,2.3499999046325684,2.3499999046325684,1472.0
2026-05-14 09:59:00,KTN.V,,1.5700000524520874,1.5700000524520874,1.5700000524520874,1.5700000524520874,300.0
2026-05-14 09:59:00,LG.V,,0.36000001430511475,0.36000001430511475,0.36000001430511475,0.36000001430511475,10000.0
2026-05-14 09:59:00,LMN.V,,19.809999465942383,19.809999465942383,19.799999237060547,19.799999237060547,400.0
2026-05-14 09:59:00,LTH.V,,1.1299999952316284,1.1299999952316284,1.1299999952316284,1.1299999952316284,5700.0
2026-05-14 09:59:00,MKO.V,,10.960000038146973,10.960000038146973,10.920000076293945,10.930000305175781,1400.0
2026-05-14 09:59:00,NICU.V,,2.5899999141693115,2.5899999141693115,2.5899999141693115,2.5899999141693115,600.0
2026-05-14 09:59:00,PNG.V,,7.099999904632568,7.099999904632568,7.079999923706055,7.099999904632568,2700.0
2026-05-14 10:00:00,GGO.V,,1.1100000143051147,1.1200000047683716,1.1100000143051147,1.1200000047683716,2600.0
2026-05-14 10:00:00,GSI.V,,1.2300000190734863,1.2300000190734863,1.2300000190734863,1.2300000190734863,1000.0
2026-05-14 10:00:00,HMR.V,,0.9100000262260437,0.9100000262260437,0.9100000262260437,0.9100000262260437,2000.0
2026-05-14 10:00:00,HPQ.V,,0.17499999701976776,0.17499999701976776,0.17499999701976776,0.17499999701976776,3500.0
2026-05-14 10:00:00,ICM.V,,0.0949999988079071,0.0949999988079071,0.0949999988079071,0.0949999988079071,8000.0
2026-05-14 10:00:00,IFOS.V,,2.559999942779541,2.559999942779541,2.555000066757202,2.555000066757202,1000.0
2026-05-14 10:00:00,JUGR.V,,1.25,1.25,1.25,1.25,4200.0
2026-05-14 10:00:00,KTO.V,,0.8299999833106995,0.8299999833106995,0.8299999833106995,0.8299999833106995,15500.0
2026-05-14 10:00:00,LG.V,,0.36000001430511475,0.36000001430511475,0.36000001430511475,0.36000001430511475,5000.0
2026-05-14 10:00:00,LMN.V,,19.774999618530273,19.774999618530273,19.760000228881836,19.760000228881836,200.0
2026-05-14 10:00:00,LPK.V,,0.4099999964237213,0.4099999964237213,0.4099999964237213,0.4099999964237213,0.0
2026-05-14 10:00:00,MKO.V,,10.930000305175781,10.930000305175781,10.930000305175781,10.930000305175781,400.0
2026-05-14 10:00:00,MLP.V,,2.4800000190734863,2.4800000190734863,2.4800000190734863,2.4800000190734863,800.0
2026-05-14 10:00:00,MMA.V,,1.0099999904632568,1.0099999904632568,1.0099999904632568,1.0099999904632568,16100.0
2026-05-14 10:00:00,MQM.V,,0.32499998807907104,0.32499998807907104,0.32499998807907104,0.32499998807907104,3500.0
2026-05-14 10:00:00,PNG.V,,7.119999885559082,7.119999885559082,7.079999923706055,7.090000152587891,1100.0
2026-05-14 10:00:00,ZNG.V,,1.1299999952316284,1.1299999952316284,1.1299999952316284,1.1299999952316284,100.0
2026-05-14 10:01:00,GAL.V,,0.5299999713897705,0.5299999713897705,0.5299999713897705,0.5299999713897705,500.0
2026-05-14 10:01:00,GGO.V,,1.1200000047683716,1.1200000047683716,1.1200000047683716,1.1200000047683716,200.0
2026-05-14 10:01:00,GOT.V,,1.7300000190734863,1.7300000190734863,1.7300000190734863,1.7300000190734863,300.0
2026-05-14 10:01:00,GX.V,,0.3199999928474426,0.3199999928474426,0.3199999928474426,0.3199999928474426,0.0
2026-05-14 10:01:00,HI.V,,0.16500000655651093,0.16500000655651093,0.16500000655651093,0.16500000655651093,314500.0
2026-05-14 10:01:00,HME.V,,2.880000114440918,2.890000104904175,2.880000114440918,2.890000104904175,1546.0
2026-05-14 10:01:00,HSTR.V,,2.240000009536743,2.240000009536743,2.240000009536743,2.240000009536743,2600.0
2026-05-14 10:01:00,IFOS.V,,2.569999933242798,2.569999933242798,2.569999933242798,2.569999933242798,300.0
2026-05-14 10:01:00,JUGR.V,,1.25,1.25,1.25,1.25,200.0
2026-05-14 10:01:00,LMN.V,,19.81999969482422,19.81999969482422,19.81999969482422,19.81999969482422,200.0
2026-05-14 10:01:00,MKO.V,,10.979999542236328,10.979999542236328,10.979999542236328,10.979999542236328,100.0
2026-05-14 10:01:00,MLP.V,,2.4700000286102295,2.4800000190734863,2.450000047683716,2.4800000190734863,9800.0
2026-05-14 10:01:00,NICU.V,,2.5999999046325684,2.5999999046325684,2.5999999046325684,2.5999999046325684,100.0
2026-05-14 10:01:00,PNG.V,,7.130000114440918,7.130000114440918,7.130000114440918,7.130000114440918,1100.0
2026-05-14 10:02:00,FWZ.V,,4.46999979019165,4.480000019073486,4.420000076293945,4.46999979019165,5600.0
2026-05-14 10:02:00,GPG.V,,0.36000001430511475,0.36000001430511475,0.36000001430511475,0.36000001430511475,9500.0
2026-05-14 10:02:00,HAM.V,,5.175000190734863,5.175000190734863,5.175000190734863,5.175000190734863,100.0
2026-05-14 10:02:00,HI.V,,0.16500000655651093,0.17000000178813934,0.16500000655651093,0.16500000655651093,194000.0
2026-05-14 10:02:00,HITI.V,,3.2799999713897705,3.2799999713897705,3.2799999713897705,3.2799999713897705,200.0
2026-05-14 10:02:00,HSTR.V,,2.25,2.25,2.25,2.25,2300.0
2026-05-14 10:02:00,JUGR.V,,1.25,1.25,1.25,1.25,200.0
2026-05-14 10:02:00,KDK.V,,1.0299999713897705,1.0299999713897705,1.0299999713897705,1.0299999713897705,100.0
2026-05-14 10:02:00,LVX.V,,0.9200000166893005,0.9200000166893005,0.9200000166893005,0.9200000166893005,1083.0
2026-05-14 10:02:00,MMA.V,,1.0,1.0099999904632568,0.9950000047683716,1.0099999904632568,104100.0
2026-05-14 10:02:00,NICU.V,,2.630000114440918,2.630000114440918,2.5999999046325684,2.5999999046325684,2400.0
2026-05-14 10:02:00,PNG.V,,7.150000095367432,7.150000095367432,7.139999866485596,7.139999866485596,2200.0
2026-05-14 10:03:00,GFG.V,,0.1899999976158142,0.1899999976158142,0.1899999976158142,0.1899999976158142,3000.0
2026-05-14 10:03:00,GGO.V,,1.1299999952316284,1.1299999952316284,1.1299999952316284,1.1299999952316284,100.0
2026-05-14 10:03:00,GZD.V,,0.07000000029802322,0.07000000029802322,0.07000000029802322,0.07000000029802322,0.0
2026-05-14 10:03:00,HAM.V,,5.150000095367432,5.150000095367432,5.150000095367432,5.150000095367432,500.0
2026-05-14 10:03:00,HAN.V,,0.6299999952316284,0.6299999952316284,0.6299999952316284,0.6299999952316284,1000.0
2026-05-14 10:03:00,HSTR.V,,2.255000114440918,2.255000114440918,2.255000114440918,2.255000114440918,100.0
2026-05-14 10:03:00,IFOS.V,,2.5799999237060547,2.5799999237060547,2.5799999237060547,2.5799999237060547,200.0
2026-05-14 10:03:00,JUGR.V,,1.25,1.25,1.25,1.25,24500.0
2026-05-14 10:03:00,KTN.V,,1.590000033378601,1.590000033378601,1.590000033378601,1.590000033378601,1100.0
2026-05-14 10:03:00,LIFT.V,,6.449999809265137,6.5,6.449999809265137,6.5,600.0
2026-05-14 10:03:00,LMN.V,,19.8799991607666,19.8799991607666,19.78499984741211,19.78499984741211,900.0
2026-05-14 10:03:00,MQM.V,,0.32499998807907104,0.32499998807907104,0.32499998807907104,0.32499998807907104,500.0
2026-05-14 10:03:00,NICU.V,,2.5999999046325684,2.630000114440918,2.5999999046325684,2.630000114440918,1000.0
2026-05-14 10:03:00,PNG.V,,7.159999847412109,7.159999847412109,7.159999847412109,7.159999847412109,1301.0
2026-05-14 10:04:00,FDR.V,,5.670000076293945,5.75,5.670000076293945,5.739999771118164,4200.0
2026-05-14 10:04:00,FNC.V,,0.13500000536441803,0.13500000536441803,0.13500000536441803,0.13500000536441803,18500.0
2026-05-14 10:04:00,GOT.V,,1.7400000095367432,1.7400000095367432,1.7400000095367432,1.7400000095367432,1600.0
2026-05-14 10:04:00,HI.V,,0.17000000178813934,0.17000000178813934,0.17000000178813934,0.17000000178813934,191500.0
2026-05-14 10:04:00,HME.V,,2.890000104904175,2.890000104904175,2.890000104904175,2.890000104904175,300.0
2026-05-14 10:04:00,LG.V,,0.36000001430511475,0.36000001430511475,0.36000001430511475,0.36000001430511475,35000.0
2026-05-14 10:04:00,LIFT.V,,6.599999904632568,6.599999904632568,6.550000190734863,6.550000190734863,200.0
2026-05-14 10:04:00,LTH.V,,1.1200000047683716,1.1299999952316284,1.1200000047683716,1.1299999952316284,3800.0
2026-05-14 10:04:00,PNG.V,,7.179999828338623,7.179999828338623,7.170000076293945,7.170000076293945,3125.0
2026-05-14 10:04:00,ZNG.V,,1.1299999952316284,1.1299999952316284,1.1299999952316284,1.1299999952316284,100.0
2026-05-14 10:05:00,FDR.V,,5.570000171661377,5.670000076293945,5.559999942779541,5.670000076293945,8950.0
2026-05-14 10:05:00,FWZ.V,,4.550000190734863,4.550000190734863,4.550000190734863,4.550000190734863,100.0
2026-05-14 10:05:00,GGO.V,,1.1299999952316284,1.1299999952316284,1.1299999952316284,1.1299999952316284,100.0
2026-05-14 10:05:00,GSI.V,,1.2400000095367432,1.2400000095367432,1.2400000095367432,1.2400000095367432,100.0
2026-05-14 10:05:00,HSTR.V,,2.25,2.25,2.25,2.25,100.0
2026-05-14 10:05:00,JUGR.V,,1.2300000190734863,1.2300000190734863,1.2300000190734863,1.2300000190734863,2500.0
2026-05-14 10:05:00,KTN.V,,1.5850000381469727,1.5850000381469727,1.5800000429153442,1.5800000429153442,800.0
2026-05-14 10:05:00,LG.V,,0.36000001430511475,0.36000001430511475,0.36000001430511475,0.36000001430511475,5000.0
2026-05-14 10:05:00,LTH.V,,1.1200000047683716,1.1200000047683716,1.1200000047683716,1.1200000047683716,2300.0
2026-05-14 10:05:00,MKO.V,,10.970000267028809,10.970000267028809,10.970000267028809,10.970000267028809,1900.0
2026-05-14 10:05:00,MMA.V,,1.0,1.0,0.9950000047683716,1.0,9000.0
2026-05-14 10:05:00,MRVL.V,,0.15000000596046448,0.15000000596046448,0.15000000596046448,0.15000000596046448,5000.0
2026-05-14 10:05:00,NICU.V,,2.5999999046325684,2.5999999046325684,2.5999999046325684,2.5999999046325684,100.0
2026-05-14 10:05:00,PNG.V,,7.179999828338623,7.199999809265137,7.179999828338623,7.190000057220459,2300.0
2026-05-14 10:06:00,FDR.V,,5.619999885559082,5.619999885559082,5.619999885559082,5.619999885559082,602.0
2026-05-14 10:06:00,FWZ.V,,4.510000228881836,4.510000228881836,4.489999771118164,4.510000228881836,16700.0
2026-05-14 10:06:00,GRG.V,,0.09000000357627869,0.09000000357627869,0.09000000357627869,0.09000000357627869,40000.0
2026-05-14 10:06:00,HCH.V,,1.8700000047683716,1.8799999952316284,1.8700000047683716,1.8799999952316284,1782.0
2026-05-14 10:06:00,HME.V,,2.880000114440918,2.880000114440918,2.880000114440918,2.880000114440918,200.0
2026-05-14 10:06:00,HSTR.V,,2.25,2.25,2.25,2.25,700.0
2026-05-14 10:06:00,IPT.V,,0.3050000071525574,0.3050000071525574,0.3050000071525574,0.3050000071525574,1500.0
2026-05-14 10:06:00,LTH.V,,1.1200000047683716,1.1200000047683716,1.1200000047683716,1.1200000047683716,7600.0
2026-05-14 10:06:00,PNG.V,,7.199999809265137,7.199999809265137,7.190000057220459,7.190000057220459,292.0
2026-05-14 10:07:00,FHYD.V,,0.5,0.5,0.47999998927116394,0.48500001430511475,0.0
2026-05-14 10:07:00,FWZ.V,,4.519999980926514,4.519999980926514,4.519999980926514,4.519999980926514,800.0
2026-05-14 10:07:00,HME.V,,2.869999885559082,2.880000114440918,2.869999885559082,2.880000114440918,800.0
2026-05-14 10:07:00,HSTR.V,,2.244999885559082,2.244999885559082,2.244999885559082,2.244999885559082,100.0
2026-05-14 10:07:00,KS.V,,0.26499998569488525,0.26499998569488525,0.26499998569488525,0.26499998569488525,0.0
2026-05-14 10:07:00,LTH.V,,1.100000023841858,1.1100000143051147,1.100000023841858,1.1100000143051147,9100.0
2026-05-14 10:07:00,MLP.V,,2.4800000190734863,2.4800000190734863,2.4800000190734863,2.4800000190734863,1200.0
2026-05-14 10:07:00,MMA.V,,1.0,1.0,1.0,1.0,5300.0
2026-05-14 10:07:00,PNG.V,,7.199999809265137,7.199999809265137,7.170000076293945,7.170000076293945,3600.0
2026-05-14 10:08:00,EQTY.V,,0.3449999988079071,0.3449999988079071,0.3449999988079071,0.3449999988079071,1000.0
2026-05-14 10:08:00,IFOS.V,,2.569999933242798,2.569999933242798,2.569999933242798,2.569999933242798,300.0
2026-05-14 10:08:00,JUGR.V,,1.2200000286102295,1.2200000286102295,1.2200000286102295,1.2200000286102295,12500.0
2026-05-14 10:08:00,KRY.V,,3.2699999809265137,3.2799999713897705,3.2699999809265137,3.2799999713897705,2100.0
2026-05-14 10:08:00,LG.V,,0.36000001430511475,0.36000001430511475,0.36000001430511475,0.36000001430511475,19000.0
2026-05-14 10:08:00,LVG.V,,0.3400000035762787,0.3400000035762787,0.3400000035762787,0.3400000035762787,18500.0
2026-05-14 10:08:00,MGM.V,,3.640000104904175,3.6600000858306885,3.640000104904175,3.6600000858306885,294.0
2026-05-14 10:08:00,MLP.V,,2.490000009536743,2.490000009536743,2.490000009536743,2.490000009536743,3300.0
2026-05-14 10:08:00,MMA.V,,1.0,1.0,1.0,1.0,100.0
2026-05-14 10:08:00,NICU.V,,2.5899999141693115,2.5950000286102295,2.5899999141693115,2.5899999141693115,3500.0
2026-05-14 10:08:00,PNG.V,,7.199999809265137,7.210000038146973,7.199999809265137,7.210000038146973,1794.0
2026-05-14 10:09:00,GGO.V,,1.1299999952316284,1.1299999952316284,1.1299999952316284,1.1299999952316284,100.0
2026-05-14 10:09:00,GSTM.V,,0.20000000298023224,0.20000000298023224,0.19499999284744263,0.19499999284744263,208225.0
2026-05-14 10:09:00,HCH.V,,1.8799999952316284,1.8799999952316284,1.850000023841858,1.8600000143051147,3300.0
2026-05-14 10:09:00,HITI.V,,3.2899999618530273,3.2899999618530273,3.2899999618530273,3.2899999618530273,5100.0
2026-05-14 10:09:00,HSTR.V,,2.25,2.255000114440918,2.244999885559082,2.244999885559082,2500.0
2026-05-14 10:09:00,JUGR.V,,1.2100000381469727,1.2100000381469727,1.2100000381469727,1.2100000381469727,200.0
2026-05-14 10:09:00,KTN.V,,1.5800000429153442,1.5800000429153442,1.5800000429153442,1.5800000429153442,2000.0
2026-05-14 10:09:00,LG.V,,0.36000001430511475,0.36000001430511475,0.36000001430511475,0.36000001430511475,26500.0
2026-05-14 10:09:00,LMN.V,,19.969999313354492,20.0,19.844999313354492,19.940000534057617,1900.0
2026-05-14 10:09:00,MMA.V,,1.0049999952316284,1.0049999952316284,1.0049999952316284,1.0049999952316284,1800.0
2026-05-14 10:09:00,PNG.V,,7.210000038146973,7.210000038146973,7.199999809265137,7.199999809265137,2600.0
2026-05-14 10:10:00,FHYD.V,,0.49000000953674316,0.49000000953674316,0.49000000953674316,0.49000000953674316,500.0
2026-05-14 10:10:00,GAL.V,,0.5400000214576721,0.5400000214576721,0.5350000262260437,0.5400000214576721,77500.0
2026-05-14 10:10:00,GGO.V,,1.1299999952316284,1.1299999952316284,1.1299999952316284,1.1299999952316284,100.0
2026-05-14 10:10:00,GOT.V,,1.7400000095367432,1.7400000095367432,1.7400000095367432,1.7400000095367432,300.0
2026-05-14 10:10:00,GRG.V,,0.09000000357627869,0.09000000357627869,0.09000000357627869,0.09000000357627869,44000.0
2026-05-14 10:10:00,GSR.V,,0.6299999952316284,0.6299999952316284,0.6299999952316284,0.6299999952316284,3000.0
2026-05-14 10:10:00,GSTM.V,,0.19499999284744263,0.19499999284744263,0.19499999284744263,0.19499999284744263,10000.0
2026-05-14 10:10:00,HITI.V,,3.299999952316284,3.299999952316284,3.299999952316284,3.299999952316284,1000.0
2026-05-14 10:10:00,HMR.V,,0.9100000262260437,0.9100000262260437,0.9100000262260437,0.9100000262260437,500.0
2026-05-14 10:10:00,IFOS.V,,2.565000057220459,2.565000057220459,2.565000057220459,2.565000057220459,1600.0
2026-05-14 10:10:00,IPT.V,,0.3050000071525574,0.3050000071525574,0.3050000071525574,0.3050000071525574,5000.0
2026-05-14 10:10:00,JUGR.V,,1.2100000381469727,1.2100000381469727,1.2100000381469727,1.2100000381469727,200.0
2026-05-14 10:10:00,LG.V,,0.36000001430511475,0.36000001430511475,0.36000001430511475,0.36000001430511475,5000.0
2026-05-14 10:10:00,MLP.V,,2.490000009536743,2.490000009536743,2.490000009536743,2.490000009536743,500.0
2026-05-14 10:10:00,NICU.V,,2.5899999141693115,2.5899999141693115,2.5899999141693115,2.5899999141693115,650.0
2026-05-14 10:10:00,PNG.V,,7.190000057220459,7.190000057220459,7.190000057220459,7.190000057220459,1900.0
2026-05-14 10:11:00,FUU.V,,0.17000000178813934,0.17000000178813934,0.17000000178813934,0.17000000178813934,500.0
2026-05-14 10:11:00,FWZ.V,,4.5,4.5,4.5,4.5,100.0
2026-05-14 10:11:00,GAL.V,,0.5400000214576721,0.5400000214576721,0.5400000214576721,0.5400000214576721,2500.0
2026-05-14 10:11:00,GGO.V,,1.1399999856948853,1.1399999856948853,1.1299999952316284,1.1299999952316284,1000.0
2026-05-14 10:11:00,GRG.V,,0.09000000357627869,0.09000000357627869,0.09000000357627869,0.09000000357627869,38000.0
2026-05-14 10:11:00,HAM.V,,5.099999904632568,5.099999904632568,5.099999904632568,5.099999904632568,4300.0
2026-05-14 10:11:00,IPT.V,,0.3050000071525574,0.3050000071525574,0.3050000071525574,0.3050000071525574,1000.0
2026-05-14 10:11:00,JUGR.V,,1.2100000381469727,1.2100000381469727,1.2100000381469727,1.2100000381469727,100.0
2026-05-14 10:11:00,LBNK.V,,0.5699999928474426,0.5699999928474426,0.5699999928474426,0.5699999928474426,10000.0
2026-05-14 10:11:00,LG.V,,0.36000001430511475,0.36000001430511475,0.36000001430511475,0.36000001430511475,5000.0
2026-05-14 10:11:00,LMN.V,,19.950000762939453,19.950000762939453,19.950000762939453,19.950000762939453,150.0
2026-05-14 10:11:00,LTH.V,,1.1200000047683716,1.1200000047683716,1.1200000047683716,1.1200000047683716,1200.0
2026-05-14 10:11:00,MLP.V,,2.490000009536743,2.5,2.490000009536743,2.5,1600.0
2026-05-14 10:11:00,PNG.V,,7.210000038146973,7.210000038146973,7.190000057220459,7.190000057220459,4300.0
2026-05-14 10:11:00,TUF.V,,0.7799999713897705,0.7799999713897705,0.7799999713897705,0.7799999713897705,500.0
2026-05-14 10:12:00,FHYD.V,,0.4950000047683716,0.4950000047683716,0.4950000047683716,0.4950000047683716,2500.0
2026-05-14 10:12:00,GAL.V,,0.5400000214576721,0.5400000214576721,0.5400000214576721,0.5400000214576721,12500.0
2026-05-14 10:12:00,GQC.V,,0.5400000214576721,0.5400000214576721,0.5299999713897705,0.5299999713897705,18000.0
2026-05-14 10:12:00,HI.V,,0.17000000178813934,0.17000000178813934,0.17000000178813934,0.17000000178813934,500.0
2026-05-14 10:12:00,HSTR.V,,2.259999990463257,2.259999990463257,2.259999990463257,2.259999990463257,300.0
2026-05-14 10:12:00,JUGR.V,,1.2100000381469727,1.2100000381469727,1.2100000381469727,1.2100000381469727,200.0
2026-05-14 10:12:00,MQM.V,,0.32499998807907104,0.32499998807907104,0.32499998807907104,0.32499998807907104,5000.0
2026-05-14 10:12:00,NICU.V,,2.5999999046325684,2.5999999046325684,2.5999999046325684,2.5999999046325684,200.0
2026-05-14 10:12:00,PNG.V,,7.190000057220459,7.210000038146973,7.190000057220459,7.210000038146973,2540.0
2026-05-14 10:12:00,TUF.V,,0.7799999713897705,0.7799999713897705,0.7799999713897705,0.7799999713897705,1000.0
2026-05-14 10:13:00,FL.V,,0.5799999833106995,0.5799999833106995,0.5799999833106995,0.5799999833106995,1000.0
2026-05-14 10:13:00,FWZ.V,,4.5,4.510000228881836,4.5,4.510000228881836,2000.0
2026-05-14 10:13:00,GMV.V,,0.1850000023841858,0.1850000023841858,0.1850000023841858,0.1850000023841858,0.0
2026-05-14 10:13:00,GQC.V,,0.5400000214576721,0.5400000214576721,0.5400000214576721,0.5400000214576721,3000.0
2026-05-14 10:13:00,GRG.V,,0.09000000357627869,0.09000000357627869,0.09000000357627869,0.09000000357627869,120000.0
2026-05-14 10:13:00,HSTR.V,,2.25,2.25,2.25,2.25,200.0
2026-05-14 10:13:00,JUGR.V,,1.2200000286102295,1.2200000286102295,1.2200000286102295,1.2200000286102295,100.0
2026-05-14 10:13:00,LITH.V,,0.7200000286102295,0.7200000286102295,0.7200000286102295,0.7200000286102295,500.0
2026-05-14 10:13:00,MLP.V,,2.4700000286102295,2.4700000286102295,2.4700000286102295,2.4700000286102295,500.0
2026-05-14 10:13:00,MQM.V,,0.33000001311302185,0.33000001311302185,0.33000001311302185,0.33000001311302185,1500.0
2026-05-14 10:13:00,PNG.V,,7.179999828338623,7.199999809265137,7.179999828338623,7.190000057220459,550.0
2026-05-14 10:13:00,VAND.V,,0.8600000143051147,0.8600000143051147,0.8600000143051147,0.8600000143051147,0.0
2026-05-14 10:14:00,FWZ.V,,4.489999771118164,4.489999771118164,4.489999771118164,4.489999771118164,648.0
2026-05-14 10:14:00,GG.V,,2.609999895095825,2.609999895095825,2.609999895095825,2.609999895095825,4000.0
2026-05-14 10:14:00,GRG.V,,0.09000000357627869,0.09000000357627869,0.09000000357627869,0.09000000357627869,80000.0
2026-05-14 10:14:00,KNG.V,,1.3200000524520874,1.3200000524520874,1.3200000524520874,1.3200000524520874,1000.0
2026-05-14 10:14:00,LTH.V,,1.1200000047683716,1.1200000047683716,1.1200000047683716,1.1200000047683716,100.0
2026-05-14 10:14:00,MKO.V,,10.949999809265137,10.949999809265137,10.949999809265137,10.949999809265137,100.0
2026-05-14 10:14:00,MLP.V,,2.4600000381469727,2.4600000381469727,2.4600000381469727,2.4600000381469727,1000.0
2026-05-14 10:14:00,PNG.V,,7.159999847412109,7.179999828338623,7.159999847412109,7.179999828338623,2250.0
2026-05-14 10:14:00,TUF.V,,0.7799999713897705,0.7799999713897705,0.7799999713897705,0.7799999713897705,5000.0
2026-05-14 10:15:00,FWZ.V,,4.519999980926514,4.519999980926514,4.519999980926514,4.519999980926514,1300.0
2026-05-14 10:15:00,GG.V,,2.5899999141693115,2.5899999141693115,2.5899999141693115,2.5899999141693115,3800.0
2026-05-14 10:15:00,GLD.V,,0.08500000089406967,0.08500000089406967,0.08500000089406967,0.08500000089406967,5000.0
2026-05-14 10:15:00,GRG.V,,0.09000000357627869,0.09000000357627869,0.09000000357627869,0.09000000357627869,160000.0
2026-05-14 10:15:00,HEVI.V,,0.23999999463558197,0.23999999463558197,0.23999999463558197,0.23999999463558197,500.0
2026-05-14 10:15:00,HMR.V,,0.9200000166893005,0.9200000166893005,0.9200000166893005,0.9200000166893005,5000.0
2026-05-14 10:15:00,HSTR.V,,2.25,2.25,2.25,2.25,200.0
2026-05-14 10:15:00,LAB.V,,0.07000000029802322,0.07000000029802322,0.07000000029802322,0.07000000029802322,45000.0
2026-05-14 10:15:00,MLP.V,,2.4600000381469727,2.4600000381469727,2.4600000381469727,2.4600000381469727,1000.0
2026-05-14 10:15:00,MMA.V,,1.0,1.0,0.9950000047683716,1.0,14900.0
2026-05-14 10:15:00,PNG.V,,7.159999847412109,7.159999847412109,7.159999847412109,7.159999847412109,300.0
2026-05-14 10:16:00,FWZ.V,,4.539999961853027,4.539999961853027,4.539999961853027,4.539999961853027,100.0
2026-05-14 10:16:00,GRG.V,,0.09000000357627869,0.09000000357627869,0.09000000357627869,0.09000000357627869,23000.0
2026-05-14 10:16:00,HSTR.V,,2.25,2.25,2.25,2.25,400.0
2026-05-14 10:16:00,IGO.V,,0.10999999940395355,0.10999999940395355,0.10999999940395355,0.10999999940395355,80000.0
2026-05-14 10:16:00,IPT.V,,0.3050000071525574,0.3050000071525574,0.3050000071525574,0.3050000071525574,4500.0
2026-05-14 10:16:00,JUGR.V,,1.2100000381469727,1.2100000381469727,1.2100000381469727,1.2100000381469727,100.0
2026-05-14 10:16:00,LGC.V,,2.0999999046325684,2.0999999046325684,2.0999999046325684,2.0999999046325684,0.0
2026-05-14 10:16:00,LPS.V,,0.10999999940395355,0.10999999940395355,0.10999999940395355,0.10999999940395355,2400.0
2026-05-14 10:16:00,NICU.V,,2.609999895095825,2.609999895095825,2.609999895095825,2.609999895095825,200.0
2026-05-14 10:16:00,PNG.V,,7.159999847412109,7.159999847412109,7.159999847412109,7.159999847412109,108.0
2026-05-14 10:16:00,TUF.V,,0.7799999713897705,0.7799999713897705,0.7799999713897705,0.7799999713897705,500.0
2026-05-14 10:17:00,FWZ.V,,4.539999961853027,4.539999961853027,4.539999961853027,4.539999961853027,100.0
2026-05-14 10:17:00,HSTR.V,,2.255000114440918,2.255000114440918,2.25,2.25,1856.0
2026-05-14 10:17:00,HVG.V,,0.054999999701976776,0.054999999701976776,0.054999999701976776,0.054999999701976776,5000.0
2026-05-14 10:17:00,JUGR.V,,1.2100000381469727,1.2100000381469727,1.2100000381469727,1.2100000381469727,100.0
2026-05-14 10:17:00,LTH.V,,1.1299999952316284,1.1399999856948853,1.1200000047683716,1.1200000047683716,8200.0
2026-05-14 10:17:00,MMA.V,,1.0,1.0,1.0,1.0,2200.0
2026-05-14 10:17:00,MQM.V,,0.33000001311302185,0.33000001311302185,0.33000001311302185,0.33000001311302185,8500.0
2026-05-14 10:17:00,NURS.V,,3.950000047683716,3.950000047683716,3.950000047683716,3.950000047683716,2000.0
2026-05-14 10:17:00,PNG.V,,7.190000057220459,7.195000171661377,7.159999847412109,7.159999847412109,6000.0
2026-05-14 10:17:00,TUF.V,,0.7799999713897705,0.7799999713897705,0.7799999713897705,0.7799999713897705,10000.0
2026-05-14 10:18:00,FWZ.V,,4.539999961853027,4.539999961853027,4.539999961853027,4.539999961853027,500.0
2026-05-14 10:18:00,HELI.V,,0.03999999910593033,0.03999999910593033,0.03999999910593033,0.03999999910593033,39000.0
2026-05-14 10:18:00,HSTR.V,,2.25,2.25,2.25,2.25,400.0
2026-05-14 10:18:00,JUGR.V,,1.2200000286102295,1.2200000286102295,1.2100000381469727,1.2100000381469727,200.0
2026-05-14 10:18:00,LMN.V,,19.799999237060547,19.799999237060547,19.799999237060547,19.799999237060547,100.0
2026-05-14 10:18:00,LTH.V,,1.1399999856948853,1.1399999856948853,1.1399999856948853,1.1399999856948853,3900.0
2026-05-14 10:18:00,MKO.V,,10.979999542236328,10.979999542236328,10.979999542236328,10.979999542236328,200.0
2026-05-14 10:18:00,MLP.V,,2.4800000190734863,2.4800000190734863,2.4800000190734863,2.4800000190734863,100.0
2026-05-14 10:18:00,NICU.V,,2.5999999046325684,2.6050000190734863,2.5999999046325684,2.6050000190734863,300.0
2026-05-14 10:18:00,PNG.V,,7.199999809265137,7.199999809265137,7.190000057220459,7.195000171661377,868.0
2026-05-14 10:18:00,TUF.V,,0.7799999713897705,0.7799999713897705,0.7799999713897705,0.7799999713897705,14500.0
2026-05-14 10:18:00,ZNG.V,,1.149999976158142,1.149999976158142,1.1399999856948853,1.1399999856948853,257.0
2026-05-14 10:19:00,FDR.V,,5.610000133514404,5.619999885559082,5.599999904632568,5.619999885559082,3600.0
2026-05-14 10:19:00,FWZ.V,,4.5,4.525000095367432,4.5,4.510000228881836,5100.0
2026-05-14 10:19:00,GQC.V,,0.5299999713897705,0.5299999713897705,0.5299999713897705,0.5299999713897705,151500.0
2026-05-14 10:19:00,HAR.V,,0.05000000074505806,0.05000000074505806,0.05000000074505806,0.05000000074505806,40000.0
2026-05-14 10:19:00,HEVI.V,,0.23999999463558197,0.23999999463558197,0.23999999463558197,0.23999999463558197,5000.0
2026-05-14 10:19:00,HWY.V,,0.4000000059604645,0.4000000059604645,0.4000000059604645,0.4000000059604645,0.0
2026-05-14 10:19:00,ICM.V,,0.0949999988079071,0.0949999988079071,0.0949999988079071,0.0949999988079071,9000.0
2026-05-14 10:19:00,JUGR.V,,1.2200000286102295,1.2200000286102295,1.2200000286102295,1.2200000286102295,200.0
2026-05-14 10:19:00,LMN.V,,20.0,20.0,19.93000030517578,19.93000030517578,1920.0
2026-05-14 10:19:00,LTH.V,,1.1399999856948853,1.1399999856948853,1.1399999856948853,1.1399999856948853,200.0
2026-05-14 10:19:00,MLP.V,,2.4600000381469727,2.4600000381469727,2.4600000381469727,2.4600000381469727,1000.0
2026-05-14 10:19:00,MRVL.V,,0.15000000596046448,0.1550000011920929,0.15000000596046448,0.1550000011920929,10300.0
2026-05-14 10:19:00,NICU.V,,2.609999895095825,2.609999895095825,2.609999895095825,2.609999895095825,3300.0
2026-05-14 10:19:00,NURS.V,,3.9600000381469727,3.9600000381469727,3.9600000381469727,3.9600000381469727,100.0
2026-05-14 10:19:00,PNG.V,,7.179999828338623,7.190000057220459,7.179999828338623,7.190000057220459,7500.0
2026-05-14 10:20:00,GQC.V,,0.5299999713897705,0.5299999713897705,0.5299999713897705,0.5299999713897705,52000.0
2026-05-14 10:20:00,HHH.V,,6.260000228881836,6.260000228881836,6.260000228881836,6.260000228881836,100.0
2026-05-14 10:20:00,HMR.V,,0.9100000262260437,0.9100000262260437,0.9100000262260437,0.9100000262260437,1000.0
2026-05-14 10:20:00,HSTR.V,,2.25,2.25,2.25,2.25,1000.0
2026-05-14 10:20:00,JUGR.V,,1.2200000286102295,1.2200000286102295,1.2200000286102295,1.2200000286102295,900.0
2026-05-14 10:20:00,LG.V,,0.36500000953674316,0.36500000953674316,0.36500000953674316,0.36500000953674316,500.0
2026-05-14 10:20:00,LTH.V,,1.1399999856948853,1.1399999856948853,1.1399999856948853,1.1399999856948853,100.0
2026-05-14 10:20:00,MMA.V,,1.0,1.0,1.0,1.0,6700.0
2026-05-14 10:20:00,PNG.V,,7.159999847412109,7.179999828338623,7.150000095367432,7.179999828338623,12079.0
2026-05-14 10:21:00,GPH.V,,1.149999976158142,1.149999976158142,1.149999976158142,1.149999976158142,300.0
2026-05-14 10:21:00,GUF.V,,0.5199999809265137,0.5199999809265137,0.5199999809265137,0.5199999809265137,0.0
2026-05-14 10:21:00,HAM.V,,5.099999904632568,5.099999904632568,5.099999904632568,5.099999904632568,600.0
2026-05-14 10:21:00,IFOS.V,,2.569999933242798,2.569999933242798,2.569999933242798,2.569999933242798,100.0
2026-05-14 10:21:00,NICU.V,,2.619999885559082,2.619999885559082,2.619999885559082,2.619999885559082,3200.0
2026-05-14 10:21:00,PNG.V,,7.150000095367432,7.170000076293945,7.150000095367432,7.159999847412109,1100.0
2026-05-14 10:22:00,EQTY.V,,0.3499999940395355,0.3499999940395355,0.3499999940395355,0.3499999940395355,7000.0
2026-05-14 10:22:00,GRG.V,,0.09000000357627869,0.09000000357627869,0.09000000357627869,0.09000000357627869,27000.0
2026-05-14 10:22:00,GX.V,,0.36000001430511475,0.36000001430511475,0.3400000035762787,0.3400000035762787,10500.0
2026-05-14 10:22:00,IEI.V,,3.5999999046325684,3.5999999046325684,3.5999999046325684,3.5999999046325684,0.0
2026-05-14 10:22:00,IFOS.V,,2.569999933242798,2.569999933242798,2.559999942779541,2.559999942779541,900.0
2026-05-14 10:22:00,KTN.V,,1.6050000190734863,1.6050000190734863,1.600000023841858,1.600000023841858,2500.0
2026-05-14 10:22:00,LTH.V,,1.1399999856948853,1.1399999856948853,1.1399999856948853,1.1399999856948853,100.0
2026-05-14 10:22:00,MMA.V,,1.0,1.0,1.0,1.0,400.0
2026-05-14 10:22:00,MPH.V,,1.190000057220459,1.190000057220459,1.190000057220459,1.190000057220459,0.0
2026-05-14 10:22:00,PNG.V,,7.139999866485596,7.159999847412109,7.139999866485596,7.159999847412109,500.0
2026-05-14 10:23:00,FWZ.V,,4.510000228881836,4.510000228881836,4.510000228881836,4.510000228881836,2900.0
2026-05-14 10:23:00,GAL.V,,0.5400000214576721,0.5400000214576721,0.5400000214576721,0.5400000214576721,4000.0
2026-05-14 10:23:00,GOT.V,,1.7400000095367432,1.7400000095367432,1.7400000095367432,1.7400000095367432,1000.0
2026-05-14 10:23:00,GSI.V,,1.2400000095367432,1.2400000095367432,1.2400000095367432,1.2400000095367432,100.0
2026-05-14 10:23:00,HPQ.V,,0.17499999701976776,0.17499999701976776,0.17499999701976776,0.17499999701976776,3000.0
2026-05-14 10:23:00,KTN.V,,1.600000023841858,1.600000023841858,1.600000023841858,1.600000023841858,200.0
2026-05-14 10:23:00,PNG.V,,7.159999847412109,7.159999847412109,7.139999866485596,7.139999866485596,1300.0
2026-05-14 10:24:00,EQTY.V,,0.3449999988079071,0.3449999988079071,0.3449999988079071,0.3449999988079071,500.0
2026-05-14 10:24:00,FRED.V,,0.6800000071525574,0.699999988079071,0.6800000071525574,0.699999988079071,7000.0
2026-05-14 10:24:00,FTEC.V,,0.04500000178813934,0.04500000178813934,0.04500000178813934,0.04500000178813934,2000.0
2026-05-14 10:24:00,FWZ.V,,4.510000228881836,4.510000228881836,4.510000228881836,4.510000228881836,100.0
2026-05-14 10:24:00,GAL.V,,0.5400000214576721,0.5400000214576721,0.5400000214576721,0.5400000214576721,1500.0
2026-05-14 10:24:00,HAM.V,,5.050000190734863,5.050000190734863,5.050000190734863,5.050000190734863,200.0
2026-05-14 10:24:00,IFOS.V,,2.569999933242798,2.569999933242798,2.569999933242798,2.569999933242798,100.0
2026-05-14 10:24:00,JUGR.V,,1.2200000286102295,1.2200000286102295,1.2200000286102295,1.2200000286102295,200.0
2026-05-14 10:24:00,MERG.V,,0.949999988079071,0.949999988079071,0.949999988079071,0.949999988079071,27851.0
2026-05-14 10:24:00,MLP.V,,2.484999895095825,2.484999895095825,2.4800000190734863,2.4800000190734863,900.0
2026-05-14 10:24:00,MMG.V,,0.3149999976158142,0.3149999976158142,0.3149999976158142,0.3149999976158142,5000.0
2026-05-14 10:24:00,PNG.V,,7.170000076293945,7.170000076293945,7.170000076293945,7.170000076293945,1000.0
2026-05-14 10:24:00,TUF.V,,0.7799999713897705,0.7799999713897705,0.7799999713897705,0.7799999713897705,11000.0
2026-05-14 10:25:00,EQTY.V,,0.3449999988079071,0.3449999988079071,0.3449999988079071,0.3449999988079071,1000.0
2026-05-14 10:25:00,FTEC.V,,0.054999999701976776,0.054999999701976776,0.05000000074505806,0.05000000074505806,80499.0
2026-05-14 10:25:00,HSTR.V,,2.25,2.25,2.25,2.25,1000.0
2026-05-14 10:25:00,HWY.V,,0.4000000059604645,0.4000000059604645,0.4000000059604645,0.4000000059604645,13500.0
2026-05-14 10:25:00,JUGR.V,,1.2200000286102295,1.2200000286102295,1.2200000286102295,1.2200000286102295,100.0
2026-05-14 10:25:00,KNG.V,,1.3200000524520874,1.3200000524520874,1.309999942779541,1.309999942779541,5400.0
2026-05-14 10:25:00,KTN.V,,1.590000033378601,1.590000033378601,1.590000033378601,1.590000033378601,4000.0
2026-05-14 10:25:00,MGM.V,,3.680000066757202,3.680000066757202,3.6700000762939453,3.6700000762939453,200.0
2026-05-14 10:25:00,MKO.V,,10.9399995803833,10.960000038146973,10.9399995803833,10.960000038146973,600.0
2026-05-14 10:25:00,MLP.V,,2.4800000190734863,2.4800000190734863,2.4800000190734863,2.4800000190734863,100.0
2026-05-14 10:25:00,NICU.V,,2.619999885559082,2.619999885559082,2.619999885559082,2.619999885559082,100.0
2026-05-14 10:25:00,PNG.V,,7.159999847412109,7.159999847412109,7.139999866485596,7.159999847412109,3062.0
2026-05-14 10:26:00,EQTY.V,,0.3449999988079071,0.3449999988079071,0.3449999988079071,0.3449999988079071,1000.0
2026-05-14 10:26:00,FTEC.V,,0.05999999865889549,0.05999999865889549,0.05999999865889549,0.05999999865889549,99550.0
2026-05-14 10:26:00,GAL.V,,0.5400000214576721,0.5400000214576721,0.5400000214576721,0.5400000214576721,2000.0
2026-05-14 10:26:00,GSI.V,,1.2450000047683716,1.2450000047683716,1.2450000047683716,1.2450000047683716,700.0
2026-05-14 10:26:00,GSTM.V,,0.20000000298023224,0.20000000298023224,0.20000000298023224,0.20000000298023224,500.0
2026-05-14 10:26:00,HME.V,,2.880000114440918,2.880000114440918,2.880000114440918,2.880000114440918,500.0
2026-05-14 10:26:00,JUGR.V,,1.2100000381469727,1.2100000381469727,1.2100000381469727,1.2100000381469727,200.0
2026-05-14 10:26:00,KNG.V,,1.3200000524520874,1.3200000524520874,1.3200000524520874,1.3200000524520874,200.0
2026-05-14 10:26:00,LMN.V,,19.959999084472656,19.959999084472656,19.90999984741211,19.90999984741211,200.0
2026-05-14 10:26:00,NICU.V,,2.615000009536743,2.615000009536743,2.615000009536743,2.615000009536743,100.0
2026-05-14 10:26:00,PNG.V,,7.144999980926514,7.144999980926514,7.144999980926514,7.144999980926514,107.0
2026-05-14 10:27:00,EQTY.V,,0.3449999988079071,0.3449999988079071,0.3449999988079071,0.3449999988079071,500.0
2026-05-14 10:27:00,FUU.V,,0.16500000655651093,0.16500000655651093,0.16500000655651093,0.16500000655651093,238000.0
2026-05-14 10:27:00,GAL.V,,0.5400000214576721,0.5400000214576721,0.5400000214576721,0.5400000214576721,7769.0
2026-05-14 10:27:00,HPQ.V,,0.17499999701976776,0.17499999701976776,0.17499999701976776,0.17499999701976776,2500.0
2026-05-14 10:27:00,HSTR.V,,2.25,2.25,2.25,2.25,500.0
2026-05-14 10:27:00,IFOS.V,,2.559999942779541,2.559999942779541,2.559999942779541,2.559999942779541,1050.0
2026-05-14 10:27:00,JUGR.V,,1.2100000381469727,1.2100000381469727,1.2100000381469727,1.2100000381469727,100.0
2026-05-14 10:27:00,KNG.V,,1.3200000524520874,1.3200000524520874,1.3200000524520874,1.3200000524520874,200.0
2026-05-14 10:27:00,KTN.V,,1.590000033378601,1.590000033378601,1.590000033378601,1.590000033378601,1300.0
2026-05-14 10:27:00,LMN.V,,19.90999984741211,19.90999984741211,19.90999984741211,19.90999984741211,100.0
2026-05-14 10:27:00,PNG.V,,7.119999885559082,7.139999866485596,7.110000133514404,7.139999866485596,13025.0
2026-05-14 10:28:00,EQTY.V,,0.3449999988079071,0.3449999988079071,0.3449999988079071,0.3449999988079071,500.0
2026-05-14 10:28:00,FFOX.V,,0.6499999761581421,0.6499999761581421,0.6499999761581421,0.6499999761581421,6000.0
2026-05-14 10:28:00,FUU.V,,0.16500000655651093,0.16500000655651093,0.16500000655651093,0.16500000655651093,4280.0
2026-05-14 10:28:00,GOT.V,,1.7400000095367432,1.7400000095367432,1.7400000095367432,1.7400000095367432,2780.0
2026-05-14 10:28:00,HSTR.V,,2.240000009536743,2.25,2.240000009536743,2.25,1200.0
2026-05-14 10:28:00,JUGR.V,,1.2100000381469727,1.2100000381469727,1.2100000381469727,1.2100000381469727,200.0
2026-05-14 10:28:00,KTN.V,,1.590000033378601,1.590000033378601,1.590000033378601,1.590000033378601,500.0
2026-05-14 10:28:00,PNG.V,,7.130000114440918,7.130000114440918,7.130000114440918,7.130000114440918,100.0
2026-05-14 10:28:00,TUF.V,,0.7900000214576721,0.7900000214576721,0.7900000214576721,0.7900000214576721,500.0
2026-05-14 10:29:00,EQTY.V,,0.3449999988079071,0.3449999988079071,0.3449999988079071,0.3449999988079071,500.0
2026-05-14 10:29:00,FWZ.V,,4.5,4.5,4.5,4.5,1800.0
2026-05-14 10:29:00,GAL.V,,0.550000011920929,0.550000011920929,0.550000011920929,0.550000011920929,33000.0
2026-05-14 10:29:00,GGO.V,,1.1299999952316284,1.1299999952316284,1.1299999952316284,1.1299999952316284,100.0
2026-05-14 10:29:00,HME.V,,2.880000114440918,2.880000114440918,2.880000114440918,2.880000114440918,100.0
2026-05-14 10:29:00,HSTR.V,,2.25,2.25,2.244999885559082,2.244999885559082,2000.0
2026-05-14 10:29:00,IFOS.V,,2.559999942779541,2.559999942779541,2.559999942779541,2.559999942779541,1000.0
2026-05-14 10:29:00,JUGR.V,,1.2100000381469727,1.2100000381469727,1.2100000381469727,1.2100000381469727,100.0
2026-05-14 10:29:00,JZR.V,,0.28999999165534973,0.28999999165534973,0.28999999165534973,0.28999999165534973,0.0
2026-05-14 10:29:00,KTN.V,,1.590000033378601,1.590000033378601,1.590000033378601,1.590000033378601,3000.0
2026-05-14 10:29:00,LG.V,,0.36000001430511475,0.36000001430511475,0.36000001430511475,0.36000001430511475,500.0
2026-05-14 10:29:00,LVG.V,,0.33500000834465027,0.33500000834465027,0.33500000834465027,0.33500000834465027,2500.0
2026-05-14 10:29:00,MLP.V,,2.4600000381469727,2.4600000381469727,2.4600000381469727,2.4600000381469727,400.0
2026-05-14 10:29:00,NICU.V,,2.609999895095825,2.609999895095825,2.609999895095825,2.609999895095825,2900.0
2026-05-14 10:29:00,PNG.V,,7.130000114440918,7.130000114440918,7.099999904632568,7.110000133514404,10095.0
2026-05-14 10:30:00,EQTY.V,,0.3449999988079071,0.3449999988079071,0.3449999988079071,0.3449999988079071,25000.0
2026-05-14 10:30:00,FTEC.V,,0.05999999865889549,0.05999999865889549,0.05999999865889549,0.05999999865889549,15000.0
2026-05-14 10:30:00,HMR.V,,0.9100000262260437,0.9100000262260437,0.9100000262260437,0.9100000262260437,1000.0
2026-05-14 10:30:00,HSTR.V,,2.25,2.25,2.25,2.25,1200.0
2026-05-14 10:30:00,ICM.V,,0.0949999988079071,0.0949999988079071,0.0949999988079071,0.0949999988079071,18000.0
2026-05-14 10:30:00,IFOS.V,,2.549999952316284,2.549999952316284,2.549999952316284,2.549999952316284,3000.0
2026-05-14 10:30:00,JUGR.V,,1.2100000381469727,1.2100000381469727,1.2100000381469727,1.2100000381469727,300.0
2026-05-14 10:30:00,LG.V,,0.36000001430511475,0.36000001430511475,0.36000001430511475,0.36000001430511475,1500.0
2026-05-14 10:30:00,LMN.V,,19.8799991607666,19.8799991607666,19.8799991607666,19.8799991607666,200.0
2026-05-14 10:30:00,PNG.V,,7.119999885559082,7.119999885559082,7.099999904632568,7.119999885559082,500.0
2026-05-14 10:31:00,EQTY.V,,0.3449999988079071,0.3449999988079071,0.3449999988079071,0.3449999988079071,500.0
2026-05-14 10:31:00,JEV.V,,0.10000000149011612,0.10000000149011612,0.10000000149011612,0.10000000149011612,500.0
2026-05-14 10:31:00,JJ.V,,0.05000000074505806,0.05000000074505806,0.05000000074505806,0.05000000074505806,21521.0
2026-05-14 10:31:00,JUGR.V,,1.2100000381469727,1.2100000381469727,1.2100000381469727,1.2100000381469727,100.0
2026-05-14 10:31:00,LTH.V,,1.1399999856948853,1.1399999856948853,1.1399999856948853,1.1399999856948853,100.0
2026-05-14 10:31:00,MLP.V,,2.450000047683716,2.450000047683716,2.450000047683716,2.450000047683716,6500.0
2026-05-14 10:31:00,PNG.V,,7.139999866485596,7.139999866485596,7.110000133514404,7.110000133514404,2495.0
2026-05-14 10:32:00,EQTY.V,,0.3449999988079071,0.3449999988079071,0.3449999988079071,0.3449999988079071,500.0
2026-05-14 10:32:00,GQC.V,,0.5199999809265137,0.5199999809265137,0.5199999809265137,0.5199999809265137,25000.0
2026-05-14 10:32:00,HELI.V,,0.03999999910593033,0.03999999910593033,0.03999999910593033,0.03999999910593033,9000.0
2026-05-14 10:32:00,HME.V,,2.869999885559082,2.880000114440918,2.869999885559082,2.880000114440918,1200.0
2026-05-14 10:32:00,IFOS.V,,2.549999952316284,2.549999952316284,2.549999952316284,2.549999952316284,900.0
2026-05-14 10:32:00,JUGR.V,,1.2200000286102295,1.2200000286102295,1.2100000381469727,1.2100000381469727,200.0
2026-05-14 10:32:00,LG.V,,0.36500000953674316,0.36500000953674316,0.36500000953674316,0.36500000953674316,2000.0
2026-05-14 10:32:00,MGM.V,,3.680000066757202,3.680000066757202,3.6700000762939453,3.680000066757202,1058.0
2026-05-14 10:32:00,MLP.V,,2.450000047683716,2.450000047683716,2.450000047683716,2.450000047683716,100.0
2026-05-14 10:32:00,PNG.V,,7.130000114440918,7.135000228881836,7.099999904632568,7.099999904632568,1400.0
2026-05-14 10:32:00,TUF.V,,0.7900000214576721,0.7900000214576721,0.7900000214576721,0.7900000214576721,5100.0
2026-05-14 10:32:00,ZNG.V,,1.149999976158142,1.149999976158142,1.149999976158142,1.149999976158142,2000.0
2026-05-14 10:33:00,FO.V,,0.3199999928474426,0.32499998807907104,0.3199999928474426,0.32499998807907104,15000.0
2026-05-14 10:33:00,FWZ.V,,4.5,4.5,4.5,4.5,100.0
2026-05-14 10:33:00,GBU.V,,0.17000000178813934,0.17000000178813934,0.17000000178813934,0.17000000178813934,9000.0
2026-05-14 10:33:00,GSI.V,,1.2699999809265137,1.2699999809265137,1.2599999904632568,1.2599999904632568,3500.0
2026-05-14 10:33:00,JUGR.V,,1.2200000286102295,1.2200000286102295,1.2200000286102295,1.2200000286102295,100.0
2026-05-14 10:33:00,LMN.V,,19.8700008392334,19.90999984741211,19.8700008392334,19.889999389648438,600.0
2026-05-14 10:33:00,MCF.V,,0.029999999329447746,0.029999999329447746,0.029999999329447746,0.029999999329447746,0.0
2026-05-14 10:33:00,MQM.V,,0.3149999976158142,0.3149999976158142,0.3149999976158142,0.3149999976158142,1500.0
2026-05-14 10:33:00,PNG.V,,7.150000095367432,7.150000095367432,7.150000095367432,7.150000095367432,1800.0
2026-05-14 10:33:00,XCAP-P.V,,0.03500000014901161,0.03500000014901161,0.03500000014901161,0.03500000014901161,20000.0
2026-05-14 10:34:00,FO.V,,0.33000001311302185,0.33000001311302185,0.32499998807907104,0.32499998807907104,254500.0
2026-05-14 10:34:00,IPT.V,,0.3050000071525574,0.3050000071525574,0.3050000071525574,0.3050000071525574,5000.0
2026-05-14 10:34:00,JUGR.V,,1.2200000286102295,1.2200000286102295,1.2200000286102295,1.2200000286102295,200.0
2026-05-14 10:34:00,KTN.V,,1.600000023841858,1.600000023841858,1.600000023841858,1.600000023841858,3100.0
2026-05-14 10:34:00,LIFT.V,,6.5,6.5,6.5,6.5,100.0
2026-05-14 10:34:00,LMN.V,,19.81999969482422,19.81999969482422,19.81999969482422,19.81999969482422,100.0
2026-05-14 10:34:00,PNG.V,,7.159999847412109,7.164999961853027,7.150000095367432,7.150000095367432,57200.0
2026-05-14 10:35:00,EQTY.V,,0.3400000035762787,0.3400000035762787,0.3400000035762787,0.3400000035762787,700.0
2026-05-14 10:35:00,FWZ.V,,4.5,4.5,4.5,4.5,100.0
2026-05-14 10:35:00,HAM.V,,5.099999904632568,5.099999904632568,5.099999904632568,5.099999904632568,400.0
2026-05-14 10:35:00,HCH.V,,1.8899999856948853,1.8899999856948853,1.8899999856948853,1.8899999856948853,154.0
2026-05-14 10:35:00,HELI.V,,0.03999999910593033,0.03999999910593033,0.03999999910593033,0.03999999910593033,10000.0
2026-05-14 10:35:00,HSTR.V,,2.244999885559082,2.244999885559082,2.244999885559082,2.244999885559082,100.0
2026-05-14 10:35:00,IFOS.V,,2.549999952316284,2.549999952316284,2.549999952316284,2.549999952316284,100.0
2026-05-14 10:35:00,JUGR.V,,1.2100000381469727,1.2100000381469727,1.2100000381469727,1.2100000381469727,100.0
2026-05-14 10:35:00,MGM.V,,3.7100000381469727,3.7100000381469727,3.7100000381469727,3.7100000381469727,100.0
2026-05-14 10:35:00,MLP.V,,2.4600000381469727,2.4600000381469727,2.4600000381469727,2.4600000381469727,4439.0
2026-05-14 10:35:00,NICU.V,,2.609999895095825,2.615000009536743,2.609999895095825,2.609999895095825,2900.0
2026-05-14 10:35:00,PNG.V,,7.170000076293945,7.170000076293945,7.170000076293945,7.170000076293945,150.0
2026-05-14 10:36:00,GAL.V,,0.5400000214576721,0.5400000214576721,0.5400000214576721,0.5400000214576721,22000.0
2026-05-14 10:36:00,GOT.V,,1.7300000190734863,1.7300000190734863,1.7300000190734863,1.7300000190734863,100.0
2026-05-14 10:36:00,JUGR.V,,1.2100000381469727,1.2100000381469727,1.2100000381469727,1.2100000381469727,200.0
2026-05-14 10:36:00,LIO.V,,0.1599999964237213,0.1599999964237213,0.1599999964237213,0.1599999964237213,3500.0
2026-05-14 10:36:00,LMN.V,,19.940000534057617,19.959999084472656,19.940000534057617,19.950000762939453,800.0
2026-05-14 10:36:00,MMA.V,,1.0099999904632568,1.0099999904632568,1.0099999904632568,1.0099999904632568,13200.0
2026-05-14 10:36:00,MQM.V,,0.33000001311302185,0.33000001311302185,0.33000001311302185,0.33000001311302185,2000.0
2026-05-14 10:36:00,PNG.V,,7.170000076293945,7.170000076293945,7.170000076293945,7.170000076293945,1100.0
2026-05-14 10:37:00,FCLI.V,,0.4399999976158142,0.4399999976158142,0.4399999976158142,0.4399999976158142,500.0
2026-05-14 10:37:00,GSI.V,,1.2599999904632568,1.2599999904632568,1.2599999904632568,1.2599999904632568,700.0
2026-05-14 10:37:00,JUGR.V,,1.2100000381469727,1.2100000381469727,1.2100000381469727,1.2100000381469727,100.0
2026-05-14 10:37:00,KTN.V,,1.590000033378601,1.600000023841858,1.590000033378601,1.600000023841858,1200.0
2026-05-14 10:37:00,LMG.V,,0.4699999988079071,0.4699999988079071,0.4699999988079071,0.4699999988079071,0.0
2026-05-14 10:37:00,MKO.V,,10.9399995803833,10.9399995803833,10.9399995803833,10.9399995803833,835.0
2026-05-14 10:37:00,MMA.V,,1.0099999904632568,1.0099999904632568,1.0099999904632568,1.0099999904632568,100.0
2026-05-14 10:37:00,NICU.V,,2.609999895095825,2.609999895095825,2.609999895095825,2.609999895095825,400.0
2026-05-14 10:37:00,PNG.V,,7.170000076293945,7.199999809265137,7.170000076293945,7.179999828338623,8020.0
2026-05-14 10:38:00,FDR.V,,5.630000114440918,5.630000114440918,5.619999885559082,5.619999885559082,1000.0
2026-05-14 10:38:00,FWZ.V,,4.5,4.5,4.5,4.5,100.0
2026-05-14 10:38:00,HITI.V,,3.299999952316284,3.299999952316284,3.299999952316284,3.299999952316284,100.0
2026-05-14 10:38:00,HSTR.V,,2.240000009536743,2.244999885559082,2.240000009536743,2.244999885559082,400.0
2026-05-14 10:38:00,JUGR.V,,1.2100000381469727,1.2200000286102295,1.2100000381469727,1.2200000286102295,200.0
2026-05-14 10:38:00,LTH.V,,1.1399999856948853,1.1399999856948853,1.1299999952316284,1.1349999904632568,7400.0
2026-05-14 10:38:00,MLP.V,,2.4800000190734863,2.4800000190734863,2.4800000190734863,2.4800000190734863,416.0
2026-05-14 10:39:00,EQTY.V,,0.3425000011920929,0.3449999988079071,0.3425000011920929,0.3449999988079071,11500.0
2026-05-14 10:39:00,FCLI.V,,0.4449999928474426,0.4449999928474426,0.4449999928474426,0.4449999928474426,5000.0
2026-05-14 10:39:00,FL.V,,0.5849999785423279,0.5849999785423279,0.5849999785423279,0.5849999785423279,500.0
2026-05-14 10:39:00,FWZ.V,,4.5,4.5,4.5,4.5,9900.0
2026-05-14 10:39:00,GOT.V,,1.7300000190734863,1.7300000190734863,1.7300000190734863,1.7300000190734863,100.0
2026-05-14 10:39:00,GTC.V,,0.17499999701976776,0.17499999701976776,0.17499999701976776,0.17499999701976776,500.0
2026-05-14 10:39:00,HSTR.V,,2.244999885559082,2.244999885559082,2.244999885559082,2.244999885559082,300.0
2026-05-14 10:39:00,IFOS.V,,2.549999952316284,2.549999952316284,2.549999952316284,2.549999952316284,100.0
2026-05-14 10:39:00,IPT.V,,0.3050000071525574,0.3050000071525574,0.3050000071525574,0.3050000071525574,645.0
2026-05-14 10:39:00,JUGR.V,,1.2100000381469727,1.2100000381469727,1.2100000381469727,1.2100000381469727,100.0
2026-05-14 10:39:00,LIO.V,,0.1599999964237213,0.1599999964237213,0.1599999964237213,0.1599999964237213,500.0
2026-05-14 10:39:00,LMN.V,,19.84000015258789,19.84000015258789,19.84000015258789,19.84000015258789,100.0
2026-05-14 10:39:00,NICU.V,,2.609999895095825,2.609999895095825,2.609999895095825,2.609999895095825,400.0
2026-05-14 10:39:00,NURS.V,,3.9700000286102295,4.0,3.9700000286102295,4.0,900.0
2026-05-14 10:40:00,FNC.V,,0.13500000536441803,0.13500000536441803,0.13500000536441803,0.13500000536441803,2000.0
2026-05-14 10:40:00,FWZ.V,,4.53000020980835,4.53000020980835,4.53000020980835,4.53000020980835,100.0
2026-05-14 10:40:00,GGO.V,,1.1399999856948853,1.1399999856948853,1.1399999856948853,1.1399999856948853,150.0
2026-05-14 10:40:00,GOT.V,,1.7300000190734863,1.7300000190734863,1.7300000190734863,1.7300000190734863,100.0
2026-05-14 10:40:00,GQC.V,,0.5299999713897705,0.5299999713897705,0.5299999713897705,0.5299999713897705,500.0
2026-05-14 10:40:00,HSTR.V,,2.244999885559082,2.244999885559082,2.244999885559082,2.244999885559082,300.0
2026-05-14 10:40:00,ICM.V,,0.0949999988079071,0.0949999988079071,0.0949999988079071,0.0949999988079071,1000.0
2026-05-14 10:40:00,JUGR.V,,1.2100000381469727,1.2100000381469727,1.2100000381469727,1.2100000381469727,200.0
2026-05-14 10:40:00,LVG.V,,0.33000001311302185,0.33000001311302185,0.33000001311302185,0.33000001311302185,500.0
2026-05-14 10:40:00,NICU.V,,2.609999895095825,2.609999895095825,2.6050000190734863,2.609999895095825,4000.0
2026-05-14 10:40:00,NURS.V,,3.9600000381469727,3.9700000286102295,3.9600000381469727,3.9700000286102295,1500.0
2026-05-14 10:40:00,PNG.V,,7.179999828338623,7.190000057220459,7.179999828338623,7.190000057220459,1700.0
2026-05-14 10:40:00,TUF.V,,0.7900000214576721,0.7900000214576721,0.7900000214576721,0.7900000214576721,8139.0
2026-05-14 10:41:00,FO.V,,0.33000001311302185,0.33000001311302185,0.33000001311302185,0.33000001311302185,195500.0
2026-05-14 10:41:00,GBU.V,,0.16500000655651093,0.16500000655651093,0.16500000655651093,0.16500000655651093,69500.0
2026-05-14 10:41:00,HSTR.V,,2.240000009536743,2.244999885559082,2.240000009536743,2.244999885559082,300.0
2026-05-14 10:41:00,JUGR.V,,1.2100000381469727,1.2100000381469727,1.2100000381469727,1.2100000381469727,200.0
2026-05-14 10:41:00,KNE.V,,0.03500000014901161,0.03500000014901161,0.03500000014901161,0.03500000014901161,4000.0
2026-05-14 10:41:00,KNG.V,,1.3200000524520874,1.3200000524520874,1.3200000524520874,1.3200000524520874,5100.0
2026-05-14 10:41:00,KTN.V,,1.590000033378601,1.590000033378601,1.590000033378601,1.590000033378601,600.0
2026-05-14 10:41:00,KTO.V,,0.8299999833106995,0.8299999833106995,0.8299999833106995,0.8299999833106995,500.0
2026-05-14 10:41:00,LBNK.V,,0.5699999928474426,0.5699999928474426,0.5699999928474426,0.5699999928474426,2500.0
2026-05-14 10:41:00,LVG.V,,0.33000001311302185,0.33000001311302185,0.33000001311302185,0.33000001311302185,500.0
2026-05-14 10:41:00,PNG.V,,7.159999847412109,7.170000076293945,7.159999847412109,7.170000076293945,504.0
2026-05-14 10:42:00,FWZ.V,,4.519999980926514,4.519999980926514,4.519999980926514,4.519999980926514,1500.0
2026-05-14 10:42:00,GBU.V,,0.16500000655651093,0.16500000655651093,0.16500000655651093,0.16500000655651093,5500.0
2026-05-14 10:42:00,HSTR.V,,2.240000009536743,2.240000009536743,2.240000009536743,2.240000009536743,300.0
2026-05-14 10:42:00,IFOS.V,,2.559999942779541,2.559999942779541,2.559999942779541,2.559999942779541,2500.0
2026-05-14 10:42:00,LMN.V,,19.860000610351562,19.860000610351562,19.860000610351562,19.860000610351562,100.0
2026-05-14 10:42:00,LVG.V,,0.33000001311302185,0.33000001311302185,0.33000001311302185,0.33000001311302185,10000.0
2026-05-14 10:42:00,NICU.V,,2.615000009536743,2.615000009536743,2.615000009536743,2.615000009536743,100.0
2026-05-14 10:42:00,PNG.V,,7.190000057220459,7.190000057220459,7.179999828338623,7.190000057220459,800.0
2026-05-14 10:43:00,FDR.V,,5.659999847412109,5.659999847412109,5.650000095367432,5.650000095367432,302.0
2026-05-14 10:43:00,FIN.V,,0.1850000023841858,0.1850000023841858,0.1850000023841858,0.1850000023841858,2500.0
2026-05-14 10:43:00,FL.V,,0.5849999785423279,0.5849999785423279,0.5849999785423279,0.5849999785423279,500.0
2026-05-14 10:43:00,GGO.V,,1.1399999856948853,1.1399999856948853,1.1399999856948853,1.1399999856948853,700.0
2026-05-14 10:43:00,GOT.V,,1.7300000190734863,1.7300000190734863,1.7300000190734863,1.7300000190734863,100.0
2026-05-14 10:43:00,HEMP.V,,0.014999999664723873,0.014999999664723873,0.014999999664723873,0.014999999664723873,0.0
2026-05-14 10:43:00,HSTR.V,,2.240000009536743,2.244999885559082,2.240000009536743,2.244999885559082,300.0
2026-05-14 10:43:00,IEI.V,,3.5999999046325684,3.5999999046325684,3.5999999046325684,3.5999999046325684,300.0
2026-05-14 10:43:00,MEK.V,,0.03999999910593033,0.03999999910593033,0.03999999910593033,0.03999999910593033,0.0
2026-05-14 10:43:00,MGM.V,,3.7100000381469727,3.7100000381469727,3.7100000381469727,3.7100000381469727,2631.0
2026-05-14 10:43:00,MQM.V,,0.32499998807907104,0.32499998807907104,0.32499998807907104,0.32499998807907104,8000.0
2026-05-14 10:43:00,NICU.V,,2.615000009536743,2.615000009536743,2.615000009536743,2.615000009536743,454.0
2026-05-14 10:43:00,NURS.V,,3.950000047683716,3.950000047683716,3.950000047683716,3.950000047683716,3900.0
2026-05-14 10:44:00,FPX.V,,0.5400000214576721,0.5400000214576721,0.5400000214576721,0.5400000214576721,5000.0
2026-05-14 10:44:00,HSTR.V,,2.244999885559082,2.244999885559082,2.240000009536743,2.240000009536743,700.0
2026-05-14 10:44:00,IFOS.V,,2.5799999237060547,2.5799999237060547,2.5799999237060547,2.5799999237060547,800.0
2026-05-14 10:44:00,KDK.V,,1.0199999809265137,1.0199999809265137,1.0199999809265137,1.0199999809265137,100.0
2026-05-14 10:44:00,LIFT.V,,6.300000190734863,6.309999942779541,6.300000190734863,6.309999942779541,311.0
2026-05-14 10:44:00,MLP.V,,2.4800000190734863,2.4800000190734863,2.4800000190734863,2.4800000190734863,117.0
2026-05-14 10:44:00,NURS.V,,3.950000047683716,3.950000047683716,3.950000047683716,3.950000047683716,1400.0
2026-05-14 10:44:00,PNG.V,,7.170000076293945,7.190000057220459,7.170000076293945,7.190000057220459,5119.0
2026-05-14 10:45:00,FTEC.V,,0.06499999761581421,0.06499999761581421,0.06499999761581421,0.06499999761581421,15000.0
2026-05-14 10:45:00,GGO.V,,1.1399999856948853,1.1399999856948853,1.1399999856948853,1.1399999856948853,100.0
2026-05-14 10:45:00,HITI.V,,3.309999942779541,3.309999942779541,3.309999942779541,3.309999942779541,200.0
2026-05-14 10:45:00,HSTR.V,,2.240000009536743,2.244999885559082,2.240000009536743,2.244999885559082,400.0
2026-05-14 10:45:00,IPT.V,,0.3050000071525574,0.3050000071525574,0.3050000071525574,0.3050000071525574,500.0
2026-05-14 10:45:00,KLD.V,,2.3399999141693115,2.3399999141693115,2.3399999141693115,2.3399999141693115,100.0
2026-05-14 10:45:00,LIO.V,,0.1599999964237213,0.1599999964237213,0.1599999964237213,0.1599999964237213,500.0
2026-05-14 10:45:00,LMN.V,,20.030000686645508,20.040000915527344,19.90999984741211,19.90999984741211,1700.0
2026-05-14 10:45:00,PNG.V,,7.170000076293945,7.170000076293945,7.159999847412109,7.159999847412109,1340.0
2026-05-14 10:46:00,FO.V,,0.33000001311302185,0.33000001311302185,0.33000001311302185,0.33000001311302185,583300.0
2026-05-14 10:46:00,HSTR.V,,2.240000009536743,2.240000009536743,2.240000009536743,2.240000009536743,200.0
2026-05-14 10:46:00,KDK.V,,1.0499999523162842,1.0499999523162842,1.0499999523162842,1.0499999523162842,100.0
2026-05-14 10:46:00,MMA.V,,1.0099999904632568,1.0099999904632568,1.0099999904632568,1.0099999904632568,2500.0
2026-05-14 10:46:00,PNG.V,,7.170000076293945,7.170000076293945,7.170000076293945,7.170000076293945,100.0
2026-05-14 10:47:00,FUU.V,,0.16500000655651093,0.16500000655651093,0.1599999964237213,0.1599999964237213,9000.0
2026-05-14 10:47:00,FWZ.V,,4.5,4.519999980926514,4.5,4.519999980926514,1800.0
2026-05-14 10:47:00,GQC.V,,0.5299999713897705,0.5299999713897705,0.5299999713897705,0.5299999713897705,500.0
2026-05-14 10:47:00,HSTR.V,,2.240000009536743,2.244999885559082,2.240000009536743,2.244999885559082,700.0
2026-05-14 10:47:00,HVG.V,,0.054999999701976776,0.054999999701976776,0.054999999701976776,0.054999999701976776,1000.0
2026-05-14 10:47:00,LMN.V,,19.950000762939453,19.950000762939453,19.950000762939453,19.950000762939453,100.0
2026-05-14 10:47:00,MMG.V,,0.3199999928474426,0.3199999928474426,0.3199999928474426,0.3199999928474426,3500.0
2026-05-14 10:47:00,NURS.V,,3.940000057220459,3.9600000381469727,3.940000057220459,3.9600000381469727,400.0
2026-05-14 10:47:00,PNG.V,,7.159999847412109,7.170000076293945,7.159999847412109,7.159999847412109,916.0
2026-05-14 10:48:00,FO.V,,0.33500000834465027,0.33500000834465027,0.33000001311302185,0.33000001311302185,229500.0
2026-05-14 10:48:00,GG.V,,2.630000114440918,2.630000114440918,2.630000114440918,2.630000114440918,100.0
2026-05-14 10:48:00,HSTR.V,,2.240000009536743,2.240000009536743,2.240000009536743,2.240000009536743,200.0
2026-05-14 10:48:00,LMN.V,,19.959999084472656,19.959999084472656,19.959999084472656,19.959999084472656,100.0
2026-05-14 10:48:00,MERG.V,,0.9200000166893005,0.9200000166893005,0.9200000166893005,0.9200000166893005,3500.0
2026-05-14 10:48:00,MMA.V,,1.0099999904632568,1.0099999904632568,1.0099999904632568,1.0099999904632568,900.0
2026-05-14 10:48:00,PNG.V,,7.190000057220459,7.190000057220459,7.179999828338623,7.179999828338623,2300.0
2026-05-14 10:49:00,EQTY.V,,0.3400000035762787,0.3400000035762787,0.3400000035762787,0.3400000035762787,1000.0
2026-05-14 10:49:00,FO.V,,0.33500000834465027,0.33500000834465027,0.33500000834465027,0.33500000834465027,10000.0
2026-05-14 10:49:00,GPH.V,,1.159999966621399,1.159999966621399,1.159999966621399,1.159999966621399,1600.0
2026-05-14 10:49:00,HSTR.V,,2.2300000190734863,2.240000009536743,2.2300000190734863,2.240000009536743,3400.0
2026-05-14 10:49:00,KDK.V,,1.0199999809265137,1.0199999809265137,1.0199999809265137,1.0199999809265137,100.0
2026-05-14 10:49:00,LVG.V,,0.33000001311302185,0.33000001311302185,0.33000001311302185,0.33000001311302185,500.0
2026-05-14 10:49:00,MKO.V,,10.930000305175781,10.930000305175781,10.930000305175781,10.930000305175781,200.0
2026-05-14 10:49:00,MLP.V,,2.4600000381469727,2.4600000381469727,2.4600000381469727,2.4600000381469727,300.0
2026-05-14 10:49:00,NICU.V,,2.615000009536743,2.615000009536743,2.615000009536743,2.615000009536743,100.0
2026-05-14 10:49:00,PNG.V,,7.190000057220459,7.190000057220459,7.179999828338623,7.190000057220459,1100.0
2026-05-14 10:49:00,TUF.V,,0.7900000214576721,0.7900000214576721,0.7900000214576721,0.7900000214576721,6000.0
2026-05-14 10:50:00,EQTY.V,,0.3400000035762787,0.3400000035762787,0.3400000035762787,0.3400000035762787,1500.0
2026-05-14 10:50:00,FWZ.V,,4.510000228881836,4.510000228881836,4.510000228881836,4.510000228881836,500.0
2026-05-14 10:50:00,GG.V,,2.630000114440918,2.630000114440918,2.630000114440918,2.630000114440918,1900.0
2026-05-14 10:50:00,HMR.V,,0.9100000262260437,0.9100000262260437,0.9100000262260437,0.9100000262260437,1500.0
2026-05-14 10:50:00,HSTR.V,,2.2300000190734863,2.2300000190734863,2.2300000190734863,2.2300000190734863,300.0
2026-05-14 10:50:00,IPT.V,,0.3050000071525574,0.3050000071525574,0.3050000071525574,0.3050000071525574,5000.0
2026-05-14 10:50:00,LMN.V,,20.030000686645508,20.030000686645508,20.030000686645508,20.030000686645508,3100.0
2026-05-14 10:50:00,MLP.V,,2.4600000381469727,2.4600000381469727,2.4600000381469727,2.4600000381469727,100.0
2026-05-14 10:50:00,NURS.V,,3.940000057220459,3.940000057220459,3.940000057220459,3.940000057220459,100.0
2026-05-14 10:50:00,PNG.V,,7.199999809265137,7.199999809265137,7.190000057220459,7.190000057220459,300.0
2026-05-14 10:51:00,EQTY.V,,0.3400000035762787,0.3400000035762787,0.3400000035762787,0.3400000035762787,1000.0
2026-05-14 10:51:00,GGO.V,,1.125,1.1299999952316284,1.125,1.1299999952316284,900.0
2026-05-14 10:51:00,GOT.V,,1.7300000190734863,1.7300000190734863,1.7300000190734863,1.7300000190734863,100.0
2026-05-14 10:51:00,GSI.V,,1.25,1.25,1.25,1.25,700.0
2026-05-14 10:51:00,HPQ.V,,0.17499999701976776,0.17499999701976776,0.17499999701976776,0.17499999701976776,18597.0
2026-05-14 10:51:00,HSTR.V,,2.2300000190734863,2.2300000190734863,2.2300000190734863,2.2300000190734863,400.0
2026-05-14 10:51:00,LMN.V,,20.040000915527344,20.040000915527344,19.989999771118164,19.989999771118164,2200.0
2026-05-14 10:51:00,MLP.V,,2.4700000286102295,2.4700000286102295,2.4700000286102295,2.4700000286102295,200.0
2026-05-14 10:51:00,MMA.V,,1.0199999809265137,1.0199999809265137,1.0199999809265137,1.0199999809265137,85300.0
2026-05-14 10:52:00,EQTY.V,,0.3400000035762787,0.3400000035762787,0.3400000035762787,0.3400000035762787,1000.0
2026-05-14 10:52:00,HSTR.V,,2.2300000190734863,2.2300000190734863,2.2300000190734863,2.2300000190734863,300.0
2026-05-14 10:52:00,KTO.V,,0.800000011920929,0.8299999833106995,0.800000011920929,0.8299999833106995,14225.0
2026-05-14 10:52:00,LIFT.V,,6.5,6.5,6.449999809265137,6.449999809265137,1600.0
2026-05-14 10:52:00,LMN.V,,20.0,20.014999389648438,19.969999313354492,20.0049991607666,2700.0
2026-05-14 10:52:00,MMA.V,,1.0199999809265137,1.0199999809265137,1.0199999809265137,1.0199999809265137,15238.0
2026-05-14 10:52:00,PNG.V,,7.199999809265137,7.199999809265137,7.199999809265137,7.199999809265137,1000.0
2026-05-14 10:52:00,TUF.V,,0.7900000214576721,0.7900000214576721,0.7900000214576721,0.7900000214576721,800.0
2026-05-14 10:53:00,EQTY.V,,0.3400000035762787,0.3400000035762787,0.3400000035762787,0.3400000035762787,600.0
2026-05-14 10:53:00,GAL.V,,0.5299999713897705,0.5299999713897705,0.5299999713897705,0.5299999713897705,69500.0
2026-05-14 10:53:00,HSTR.V,,2.2300000190734863,2.2300000190734863,2.2300000190734863,2.2300000190734863,400.0
2026-05-14 10:53:00,LMN.V,,20.0,20.0,20.0,20.0,100.0
2026-05-14 10:53:00,LVG.V,,0.33000001311302185,0.33000001311302185,0.33000001311302185,0.33000001311302185,500.0
2026-05-14 10:54:00,GAL.V,,0.5299999713897705,0.5299999713897705,0.5299999713897705,0.5299999713897705,22600.0
2026-05-14 10:54:00,GG.V,,2.630000114440918,2.630000114440918,2.630000114440918,2.630000114440918,200.0
2026-05-14 10:54:00,GOT.V,,1.7300000190734863,1.7300000190734863,1.7300000190734863,1.7300000190734863,100.0
2026-05-14 10:54:00,GQC.V,,0.5299999713897705,0.5299999713897705,0.5299999713897705,0.5299999713897705,500.0
2026-05-14 10:54:00,HEVI.V,,0.23999999463558197,0.23999999463558197,0.23999999463558197,0.23999999463558197,48500.0
2026-05-14 10:54:00,HSTR.V,,2.2249999046325684,2.2300000190734863,2.2200000286102295,2.2300000190734863,6600.0
2026-05-14 10:54:00,KDK.V,,1.0199999809265137,1.0199999809265137,1.0199999809265137,1.0199999809265137,100.0
2026-05-14 10:54:00,KTN.V,,1.5850000381469727,1.5850000381469727,1.5800000429153442,1.5800000429153442,3000.0
2026-05-14 10:54:00,LMN.V,,20.06999969482422,20.06999969482422,19.989999771118164,19.989999771118164,2900.0
2026-05-14 10:54:00,MLP.V,,2.4600000381469727,2.4600000381469727,2.4600000381469727,2.4600000381469727,119.0
2026-05-14 10:54:00,NICU.V,,2.5999999046325684,2.609999895095825,2.5999999046325684,2.609999895095825,2800.0
2026-05-14 10:54:00,PNG.V,,7.150000095367432,7.179999828338623,7.150000095367432,7.170000076293945,5308.0
2026-05-14 10:55:00,FCLI.V,,0.44999998807907104,0.44999998807907104,0.44999998807907104,0.44999998807907104,6000.0
2026-05-14 10:55:00,HAM.V,,5.099999904632568,5.099999904632568,5.099999904632568,5.099999904632568,400.0
2026-05-14 10:55:00,HME.V,,2.859999895095825,2.859999895095825,2.859999895095825,2.859999895095825,100.0
2026-05-14 10:55:00,HPQ.V,,0.17499999701976776,0.17499999701976776,0.17499999701976776,0.17499999701976776,2500.0
2026-05-14 10:55:00,HSTR.V,,2.2249999046325684,2.2300000190734863,2.2200000286102295,2.2200000286102295,400.0
2026-05-14 10:55:00,LVG.V,,0.33000001311302185,0.33000001311302185,0.33000001311302185,0.33000001311302185,500.0
2026-05-14 10:55:00,PNG.V,,7.150000095367432,7.159999847412109,7.150000095367432,7.150000095367432,3290.0
2026-05-14 10:55:00,ZNG.V,,1.149999976158142,1.149999976158142,1.149999976158142,1.149999976158142,1300.0
2026-05-14 10:56:00,FL.V,,0.5899999737739563,0.5899999737739563,0.5899999737739563,0.5899999737739563,6000.0
2026-05-14 10:56:00,HITI.V,,3.319999933242798,3.319999933242798,3.319999933242798,3.319999933242798,300.0
2026-05-14 10:56:00,HSTR.V,,2.2249999046325684,2.2249999046325684,2.2249999046325684,2.2249999046325684,100.0
2026-05-14 10:56:00,LIFT.V,,6.599999904632568,6.599999904632568,6.550000190734863,6.550000190734863,800.0
2026-05-14 10:56:00,MLP.V,,2.4700000286102295,2.4700000286102295,2.4700000286102295,2.4700000286102295,116.0
2026-05-14 10:57:00,FWZ.V,,4.510000228881836,4.510000228881836,4.510000228881836,4.510000228881836,100.0
2026-05-14 10:57:00,GSI.V,,1.2549999952316284,1.2549999952316284,1.2549999952316284,1.2549999952316284,900.0
2026-05-14 10:57:00,HCH.V,,1.8899999856948853,1.8899999856948853,1.8899999856948853,1.8899999856948853,700.0
2026-05-14 10:57:00,HITI.V,,3.309999942779541,3.309999942779541,3.309999942779541,3.309999942779541,200.0
2026-05-14 10:57:00,HSTR.V,,2.240000009536743,2.240000009536743,2.2300000190734863,2.2300000190734863,8200.0
2026-05-14 10:57:00,KTN.V,,1.590000033378601,1.590000033378601,1.590000033378601,1.590000033378601,100.0
2026-05-14 10:57:00,LMN.V,,20.049999237060547,20.049999237060547,20.049999237060547,20.049999237060547,200.0
2026-05-14 10:57:00,LVG.V,,0.33000001311302185,0.33000001311302185,0.33000001311302185,0.33000001311302185,500.0
2026-05-14 10:57:00,MLP.V,,2.4600000381469727,2.4600000381469727,2.4600000381469727,2.4600000381469727,100.0
2026-05-14 10:57:00,NICU.V,,2.5999999046325684,2.5999999046325684,2.5999999046325684,2.5999999046325684,2500.0
2026-05-14 10:57:00,NURS.V,,3.940000057220459,3.940000057220459,3.940000057220459,3.940000057220459,100.0
2026-05-14 10:57:00,PNG.V,,7.119999885559082,7.139999866485596,7.119999885559082,7.139999866485596,6415.0
2026-05-14 10:58:00,FCLI.V,,0.44999998807907104,0.45500001311302185,0.44999998807907104,0.45500001311302185,13500.0
2026-05-14 10:58:00,GRB.V,,0.5600000023841858,0.5600000023841858,0.5600000023841858,0.5600000023841858,2000.0
2026-05-14 10:58:00,HEVI.V,,0.23999999463558197,0.23999999463558197,0.23999999463558197,0.23999999463558197,1500.0
2026-05-14 10:58:00,JUGR.V,,1.2200000286102295,1.2200000286102295,1.2200000286102295,1.2200000286102295,100.0
2026-05-14 10:58:00,LMN.V,,20.049999237060547,20.049999237060547,20.049999237060547,20.049999237060547,300.0
2026-05-14 10:58:00,PNG.V,,7.130000114440918,7.130000114440918,7.110000133514404,7.119999885559082,3300.0
2026-05-14 10:59:00,FDR.V,,5.650000095367432,5.659999847412109,5.639999866485596,5.650000095367432,2200.0
2026-05-14 10:59:00,FWZ.V,,4.510000228881836,4.510000228881836,4.480000019073486,4.489999771118164,6700.0
2026-05-14 10:59:00,GOT.V,,1.725000023841858,1.7300000190734863,1.725000023841858,1.7300000190734863,6400.0
2026-05-14 10:59:00,GPH.V,,1.149999976158142,1.149999976158142,1.149999976158142,1.149999976158142,16000.0
2026-05-14 10:59:00,GSI.V,,1.25,1.25,1.25,1.25,100.0
2026-05-14 10:59:00,HME.V,,2.869999885559082,2.869999885559082,2.859999895095825,2.859999895095825,3600.0
2026-05-14 10:59:00,KNG.V,,1.3200000524520874,1.3200000524520874,1.3200000524520874,1.3200000524520874,200.0
2026-05-14 10:59:00,KTN.V,,1.5750000476837158,1.5750000476837158,1.5700000524520874,1.5750000476837158,3300.0
2026-05-14 10:59:00,LBNK.V,,0.5699999928474426,0.5699999928474426,0.5699999928474426,0.5699999928474426,2500.0
2026-05-14 10:59:00,LMN.V,,20.049999237060547,20.049999237060547,20.049999237060547,20.049999237060547,100.0
2026-05-14 10:59:00,LTH.V,,1.1200000047683716,1.1299999952316284,1.1200000047683716,1.1299999952316284,7600.0
2026-05-14 10:59:00,LVG.V,,0.33000001311302185,0.33000001311302185,0.33000001311302185,0.33000001311302185,4000.0
2026-05-14 10:59:00,MGM.V,,3.6700000762939453,3.690000057220459,3.6700000762939453,3.690000057220459,2553.0
2026-05-14 10:59:00,MKO.V,,10.90999984741211,10.90999984741211,10.90999984741211,10.90999984741211,200.0
2026-05-14 10:59:00,MLP.V,,2.4600000381469727,2.4600000381469727,2.4600000381469727,2.4600000381469727,900.0
2026-05-14 10:59:00,NICU.V,,2.5799999237060547,2.5899999141693115,2.5799999237060547,2.5899999141693115,5600.0
2026-05-14 10:59:00,PNG.V,,7.110000133514404,7.110000133514404,7.099999904632568,7.099999904632568,7600.0
2026-05-14 11:00:00,BIG.V,,0.6700000166893005,0.6700000166893005,0.6700000166893005,0.6700000166893005,500.0
2026-05-14 11:00:00,EQTY.V,,0.3400000035762787,0.3400000035762787,0.3400000035762787,0.3400000035762787,500.0
2026-05-14 11:00:00,FO.V,,0.33000001311302185,0.33500000834465027,0.33000001311302185,0.33000001311302185,113000.0
2026-05-14 11:00:00,HMR.V,,0.9100000262260437,0.9100000262260437,0.9100000262260437,0.9100000262260437,1000.0
2026-05-14 11:00:00,KDK.V,,1.0199999809265137,1.0199999809265137,1.0199999809265137,1.0199999809265137,100.0
2026-05-14 11:00:00,KS.V,,0.26499998569488525,0.26499998569488525,0.26499998569488525,0.26499998569488525,2500.0
2026-05-14 11:00:00,LG.V,,0.36000001430511475,0.36000001430511475,0.36000001430511475,0.36000001430511475,5000.0
2026-05-14 11:00:00,MRVL.V,,0.1550000011920929,0.1550000011920929,0.1550000011920929,0.1550000011920929,5000.0
2026-05-14 11:00:00,PNG.V,,7.110000133514404,7.119999885559082,7.090000152587891,7.110000133514404,9251.0
2026-05-14 11:01:00,EQTY.V,,0.3400000035762787,0.3400000035762787,0.3400000035762787,0.3400000035762787,1000.0
2026-05-14 11:01:00,GOT.V,,1.7200000286102295,1.7200000286102295,1.7200000286102295,1.7200000286102295,100.0
2026-05-14 11:01:00,IFOS.V,,2.559999942779541,2.559999942779541,2.559999942779541,2.559999942779541,100.0
2026-05-14 11:01:00,LVG.V,,0.33000001311302185,0.33000001311302185,0.33000001311302185,0.33000001311302185,1000.0
2026-05-14 11:01:00,LVX.V,,0.8799999952316284,0.8799999952316284,0.8799999952316284,0.8799999952316284,1500.0
2026-05-14 11:01:00,MGM.V,,3.6500000953674316,3.6500000953674316,3.6500000953674316,3.6500000953674316,100.0
2026-05-14 11:01:00,MRVL.V,,0.15000000596046448,0.1550000011920929,0.15000000596046448,0.1550000011920929,5000.0
2026-05-14 11:01:00,NICU.V,,2.569999933242798,2.569999933242798,2.569999933242798,2.569999933242798,500.0
2026-05-14 11:01:00,PNG.V,,7.110000133514404,7.110000133514404,7.110000133514404,7.110000133514404,300.0
2026-05-14 11:02:00,EQTY.V,,0.3400000035762787,0.3400000035762787,0.3400000035762787,0.3400000035762787,500.0
2026-05-14 11:02:00,FO.V,,0.33000001311302185,0.33000001311302185,0.33000001311302185,0.33000001311302185,100000.0
2026-05-14 11:02:00,FRED.V,,0.7099999785423279,0.7099999785423279,0.7099999785423279,0.7099999785423279,500.0
2026-05-14 11:02:00,GQC.V,,0.5299999713897705,0.5299999713897705,0.5299999713897705,0.5299999713897705,500.0
2026-05-14 11:02:00,GRG.V,,0.10000000149011612,0.10000000149011612,0.0949999988079071,0.0949999988079071,21000.0
2026-05-14 11:02:00,HSTR.V,,2.2300000190734863,2.2300000190734863,2.2300000190734863,2.2300000190734863,1100.0
2026-05-14 11:02:00,LIO.V,,0.1599999964237213,0.1599999964237213,0.1599999964237213,0.1599999964237213,500.0
2026-05-14 11:02:00,MLP.V,,2.450000047683716,2.450000047683716,2.450000047683716,2.450000047683716,217.0
2026-05-14 11:02:00,MMA.V,,1.0199999809265137,1.0199999809265137,1.0199999809265137,1.0199999809265137,100.0
2026-05-14 11:02:00,PNG.V,,7.110000133514404,7.110000133514404,7.110000133514404,7.110000133514404,1400.0
2026-05-14 11:02:00,TUF.V,,0.7799999713897705,0.7799999713897705,0.7799999713897705,0.7799999713897705,46500.0
2026-05-14 11:03:00,EQTY.V,,0.3400000035762787,0.3400000035762787,0.3400000035762787,0.3400000035762787,1000.0
2026-05-14 11:03:00,FL.V,,0.5799999833106995,0.5799999833106995,0.5799999833106995,0.5799999833106995,7000.0
2026-05-14 11:03:00,FO.V,,0.33000001311302185,0.33000001311302185,0.33000001311302185,0.33000001311302185,50000.0
2026-05-14 11:03:00,GPH.V,,1.1399999856948853,1.1399999856948853,1.1399999856948853,1.1399999856948853,100.0
2026-05-14 11:03:00,LAB.V,,0.07000000029802322,0.07000000029802322,0.07000000029802322,0.07000000029802322,1428.0
2026-05-14 11:03:00,LIO.V,,0.16249999403953552,0.16249999403953552,0.16249999403953552,0.16249999403953552,1000.0
2026-05-14 11:03:00,LMN.V,,20.0,20.020000457763672,20.0,20.020000457763672,635.0
2026-05-14 11:03:00,LVG.V,,0.33000001311302185,0.33000001311302185,0.33000001311302185,0.33000001311302185,500.0
2026-05-14 11:03:00,MMA.V,,1.0199999809265137,1.0199999809265137,1.0199999809265137,1.0199999809265137,700.0
2026-05-14 11:03:00,PNG.V,,7.099999904632568,7.099999904632568,7.099999904632568,7.099999904632568,1200.0
2026-05-14 11:03:00,VAND.V,,0.8600000143051147,0.8600000143051147,0.8600000143051147,0.8600000143051147,1025.0
2026-05-14 11:04:00,EQTY.V,,0.3400000035762787,0.3400000035762787,0.3400000035762787,0.3400000035762787,1000.0
2026-05-14 11:04:00,FO.V,,0.33000001311302185,0.33000001311302185,0.33000001311302185,0.33000001311302185,100000.0
2026-05-14 11:04:00,GOT.V,,1.7200000286102295,1.7200000286102295,1.7200000286102295,1.7200000286102295,100.0
2026-05-14 11:04:00,GPH.V,,1.149999976158142,1.149999976158142,1.1399999856948853,1.1399999856948853,1100.0
2026-05-14 11:04:00,LAB.V,,0.07000000029802322,0.07000000029802322,0.07000000029802322,0.07000000029802322,90000.0
2026-05-14 11:04:00,MLP.V,,2.450000047683716,2.450000047683716,2.450000047683716,2.450000047683716,300.0
2026-05-14 11:04:00,MMA.V,,1.0199999809265137,1.0199999809265137,1.0199999809265137,1.0199999809265137,81100.0
2026-05-14 11:04:00,PNG.V,,7.099999904632568,7.099999904632568,7.099999904632568,7.099999904632568,6428.0
2026-05-14 11:05:00,EQTY.V,,0.3400000035762787,0.3400000035762787,0.3400000035762787,0.3400000035762787,1000.0
2026-05-14 11:05:00,FRED.V,,0.7099999785423279,0.7099999785423279,0.7099999785423279,0.7099999785423279,500.0
2026-05-14 11:05:00,GPH.V,,1.1399999856948853,1.1399999856948853,1.1399999856948853,1.1399999856948853,100.0
2026-05-14 11:05:00,GSI.V,,1.25,1.25,1.25,1.25,1200.0
2026-05-14 11:05:00,HME.V,,2.869999885559082,2.869999885559082,2.869999885559082,2.869999885559082,400.0
2026-05-14 11:05:00,HMT.V,,1.100000023841858,1.100000023841858,1.100000023841858,1.100000023841858,0.0
2026-05-14 11:05:00,HPQ.V,,0.17000000178813934,0.17000000178813934,0.17000000178813934,0.17000000178813934,500.0
2026-05-14 11:05:00,KDK.V,,1.0199999809265137,1.0199999809265137,1.0199999809265137,1.0199999809265137,100.0
2026-05-14 11:05:00,KTN.V,,1.5700000524520874,1.5700000524520874,1.5700000524520874,1.5700000524520874,100.0
2026-05-14 11:05:00,LGC.V,,2.0999999046325684,2.0999999046325684,2.0999999046325684,2.0999999046325684,100.0
2026-05-14 11:05:00,LVG.V,,0.33000001311302185,0.33000001311302185,0.33000001311302185,0.33000001311302185,500.0
2026-05-14 11:05:00,MLP.V,,2.4700000286102295,2.4700000286102295,2.4700000286102295,2.4700000286102295,1316.0
2026-05-14 11:05:00,MMA.V,,1.0299999713897705,1.0299999713897705,1.0299999713897705,1.0299999713897705,2000.0
2026-05-14 11:05:00,MQM.V,,0.32499998807907104,0.32499998807907104,0.32499998807907104,0.32499998807907104,9500.0
2026-05-14 11:05:00,NICU.V,,2.5799999237060547,2.5799999237060547,2.5799999237060547,2.5799999237060547,1500.0
2026-05-14 11:05:00,PNG.V,,7.099999904632568,7.099999904632568,7.090000152587891,7.099999904632568,10958.0
2026-05-14 11:05:00,TUF.V,,0.7799999713897705,0.7799999713897705,0.7799999713897705,0.7799999713897705,10507.0
2026-05-14 11:06:00,EQTY.V,,0.3400000035762787,0.3400000035762787,0.3400000035762787,0.3400000035762787,1000.0
2026-05-14 11:06:00,FIN.V,,0.1850000023841858,0.1850000023841858,0.1850000023841858,0.1850000023841858,5000.0
2026-05-14 11:06:00,GGI.V,,0.10999999940395355,0.10999999940395355,0.10999999940395355,0.10999999940395355,0.0
2026-05-14 11:06:00,GLD.V,,0.07999999821186066,0.07999999821186066,0.07999999821186066,0.07999999821186066,101000.0
2026-05-14 11:06:00,GQC.V,,0.5299999713897705,0.5299999713897705,0.5299999713897705,0.5299999713897705,500.0
2026-05-14 11:06:00,HMR.V,,0.9300000071525574,0.9300000071525574,0.9300000071525574,0.9300000071525574,500.0
2026-05-14 11:06:00,HSTR.V,,2.2300000190734863,2.2300000190734863,2.2300000190734863,2.2300000190734863,5700.0
2026-05-14 11:06:00,KLD.V,,2.3399999141693115,2.3399999141693115,2.3399999141693115,2.3399999141693115,1500.0
2026-05-14 11:06:00,MMA.V,,1.0299999713897705,1.0299999713897705,1.0299999713897705,1.0299999713897705,100.0
2026-05-14 11:06:00,PNG.V,,7.090000152587891,7.110000133514404,7.090000152587891,7.099999904632568,31406.0
2026-05-14 11:06:00,SCAN.V,,5.300000190734863,5.300000190734863,5.300000190734863,5.300000190734863,100.0
2026-05-14 11:07:00,EQTY.V,,0.3400000035762787,0.3400000035762787,0.3400000035762787,0.3400000035762787,500.0
2026-05-14 11:07:00,FCLI.V,,0.4449999928474426,0.4449999928474426,0.4449999928474426,0.4449999928474426,2000.0
2026-05-14 11:07:00,GLD.V,,0.07999999821186066,0.07999999821186066,0.07999999821186066,0.07999999821186066,10691.0
2026-05-14 11:07:00,GMV.V,,0.1850000023841858,0.1850000023841858,0.1850000023841858,0.1850000023841858,10000.0
2026-05-14 11:07:00,GPH.V,,1.1399999856948853,1.1399999856948853,1.1399999856948853,1.1399999856948853,100.0
2026-05-14 11:07:00,HSTR.V,,2.2300000190734863,2.2300000190734863,2.2300000190734863,2.2300000190734863,3400.0
2026-05-14 11:07:00,LVG.V,,0.33000001311302185,0.33000001311302185,0.33000001311302185,0.33000001311302185,500.0
2026-05-14 11:07:00,MKO.V,,10.9399995803833,10.9399995803833,10.9399995803833,10.9399995803833,100.0
2026-05-14 11:07:00,MMA.V,,1.0399999618530273,1.0399999618530273,1.0399999618530273,1.0399999618530273,21420.0
2026-05-14 11:07:00,NURS.V,,3.940000057220459,3.940000057220459,3.940000057220459,3.940000057220459,100.0
2026-05-14 11:07:00,TUF.V,,0.7799999713897705,0.7799999713897705,0.7799999713897705,0.7799999713897705,1400.0
2026-05-14 11:08:00,EQTY.V,,0.3400000035762787,0.3400000035762787,0.3400000035762787,0.3400000035762787,1500.0
2026-05-14 11:08:00,FWZ.V,,4.53000020980835,4.53000020980835,4.510000228881836,4.510000228881836,3600.0
2026-05-14 11:08:00,GPH.V,,1.149999976158142,1.149999976158142,1.149999976158142,1.149999976158142,100.0
2026-05-14 11:08:00,KTN.V,,1.590000033378601,1.590000033378601,1.5800000429153442,1.5800000429153442,200.0
2026-05-14 11:08:00,LVG.V,,0.33000001311302185,0.33000001311302185,0.33000001311302185,0.33000001311302185,1000.0
2026-05-14 11:08:00,NICU.V,,2.5899999141693115,2.5899999141693115,2.5899999141693115,2.5899999141693115,100.0
2026-05-14 11:08:00,PNG.V,,7.099999904632568,7.099999904632568,7.099999904632568,7.099999904632568,2010.0
2026-05-14 11:08:00,TUF.V,,0.7799999713897705,0.7799999713897705,0.7799999713897705,0.7799999713897705,10850.0
2026-05-14 11:09:00,EQTY.V,,0.3400000035762787,0.3400000035762787,0.3400000035762787,0.3400000035762787,1000.0
2026-05-14 11:09:00,GOT.V,,1.7200000286102295,1.7200000286102295,1.7200000286102295,1.7200000286102295,100.0
2026-05-14 11:09:00,GRG.V,,0.0949999988079071,0.0949999988079071,0.0949999988079071,0.0949999988079071,20000.0
2026-05-14 11:09:00,GTC.V,,0.17499999701976776,0.17499999701976776,0.17499999701976776,0.17499999701976776,2500.0
2026-05-14 11:09:00,KDK.V,,1.0499999523162842,1.0499999523162842,1.0399999618530273,1.0399999618530273,1200.0
2026-05-14 11:09:00,KTN.V,,1.590000033378601,1.590000033378601,1.590000033378601,1.590000033378601,100.0
2026-05-14 11:09:00,LG.V,,0.3700000047683716,0.3700000047683716,0.36500000953674316,0.36500000953674316,223000.0
2026-05-14 11:09:00,LMN.V,,20.15999984741211,20.15999984741211,20.100000381469727,20.110000610351562,900.0
2026-05-14 11:09:00,LTH.V,,1.1299999952316284,1.1299999952316284,1.1299999952316284,1.1299999952316284,600.0
2026-05-14 11:09:00,LVG.V,,0.33000001311302185,0.33000001311302185,0.33000001311302185,0.33000001311302185,2000.0
2026-05-14 11:09:00,MLP.V,,2.4700000286102295,2.4700000286102295,2.4700000286102295,2.4700000286102295,1629.0
2026-05-14 11:09:00,MMA.V,,1.0399999618530273,1.0399999618530273,1.0399999618530273,1.0399999618530273,3400.0
2026-05-14 11:09:00,PNG.V,,7.099999904632568,7.110000133514404,7.099999904632568,7.110000133514404,1970.0
2026-05-14 11:09:00,TUF.V,,0.7699999809265137,0.7699999809265137,0.7699999809265137,0.7699999809265137,19300.0
2026-05-14 11:10:00,EQTY.V,,0.3400000035762787,0.3400000035762787,0.3400000035762787,0.3400000035762787,500.0
2026-05-14 11:10:00,GBU.V,,0.16500000655651093,0.16500000655651093,0.16500000655651093,0.16500000655651093,500.0
2026-05-14 11:10:00,LVG.V,,0.33000001311302185,0.33000001311302185,0.33000001311302185,0.33000001311302185,8000.0
2026-05-14 11:10:00,NICU.V,,2.5799999237060547,2.5799999237060547,2.5799999237060547,2.5799999237060547,1225.0
2026-05-14 11:10:00,PNG.V,,7.099999904632568,7.099999904632568,7.099999904632568,7.099999904632568,100.0
2026-05-14 11:11:00,EQTY.V,,0.3400000035762787,0.3400000035762787,0.3400000035762787,0.3400000035762787,1000.0
2026-05-14 11:11:00,GPH.V,,1.1399999856948853,1.1399999856948853,1.1399999856948853,1.1399999856948853,100.0
2026-05-14 11:11:00,GSI.V,,1.25,1.25,1.25,1.25,700.0
2026-05-14 11:11:00,HPQ.V,,0.17499999701976776,0.17499999701976776,0.17499999701976776,0.17499999701976776,11500.0
2026-05-14 11:11:00,HSTR.V,,2.2300000190734863,2.2300000190734863,2.2300000190734863,2.2300000190734863,200.0
2026-05-14 11:11:00,MMA.V,,1.0399999618530273,1.0399999618530273,1.0399999618530273,1.0399999618530273,3200.0
2026-05-14 11:11:00,PNG.V,,7.090000152587891,7.090000152587891,7.090000152587891,7.090000152587891,300.0
2026-05-14 11:12:00,EQTY.V,,0.3400000035762787,0.3400000035762787,0.3400000035762787,0.3400000035762787,1000.0
2026-05-14 11:12:00,FRI.V,,0.07000000029802322,0.07000000029802322,0.07000000029802322,0.07000000029802322,100000.0
2026-05-14 11:12:00,GOT.V,,1.7300000190734863,1.7300000190734863,1.7300000190734863,1.7300000190734863,1700.0
2026-05-14 11:12:00,HPM.V,,0.04500000178813934,0.04500000178813934,0.04500000178813934,0.04500000178813934,0.0
2026-05-14 11:12:00,IFOS.V,,2.559999942779541,2.559999942779541,2.559999942779541,2.559999942779541,200.0
2026-05-14 11:12:00,LMN.V,,20.139999389648438,20.200000762939453,20.139999389648438,20.200000762939453,300.0
2026-05-14 11:12:00,MMA.V,,1.059999942779541,1.059999942779541,1.0499999523162842,1.0499999523162842,21900.0
2026-05-14 11:12:00,NICU.V,,2.5799999237060547,2.5799999237060547,2.5799999237060547,2.5799999237060547,1400.0
2026-05-14 11:12:00,PNG.V,,7.099999904632568,7.099999904632568,7.099999904632568,7.099999904632568,100.0
2026-05-14 11:13:00,EQTY.V,,0.3400000035762787,0.3400000035762787,0.3400000035762787,0.3400000035762787,1000.0
2026-05-14 11:13:00,GPH.V,,1.1399999856948853,1.1399999856948853,1.1399999856948853,1.1399999856948853,200.0
2026-05-14 11:13:00,GQC.V,,0.5299999713897705,0.5299999713897705,0.5299999713897705,0.5299999713897705,500.0
2026-05-14 11:13:00,LMG.V,,0.4699999988079071,0.4699999988079071,0.4699999988079071,0.4699999988079071,1000.0
2026-05-14 11:13:00,LQWD.V,,1.0499999523162842,1.0499999523162842,1.0499999523162842,1.0499999523162842,0.0
2026-05-14 11:13:00,MKO.V,,10.920000076293945,10.920000076293945,10.920000076293945,10.920000076293945,600.0
2026-05-14 11:13:00,NICU.V,,2.5850000381469727,2.5850000381469727,2.5850000381469727,2.5850000381469727,100.0
2026-05-14 11:13:00,PNG.V,,7.099999904632568,7.110000133514404,7.09499979019165,7.09499979019165,2100.0
2026-05-14 11:14:00,FO.V,,0.32499998807907104,0.33000001311302185,0.32499998807907104,0.32499998807907104,343000.0
2026-05-14 11:14:00,FWZ.V,,4.5,4.525000095367432,4.5,4.525000095367432,1200.0
2026-05-14 11:14:00,GPH.V,,1.1399999856948853,1.1399999856948853,1.1399999856948853,1.1399999856948853,100.0
2026-05-14 11:14:00,HEVI.V,,0.23999999463558197,0.23999999463558197,0.23999999463558197,0.23999999463558197,500.0
2026-05-14 11:14:00,HSTR.V,,2.2300000190734863,2.2300000190734863,2.2300000190734863,2.2300000190734863,100.0
2026-05-14 11:14:00,JUGR.V,,1.2200000286102295,1.2200000286102295,1.2200000286102295,1.2200000286102295,500.0
2026-05-14 11:14:00,MLP.V,,2.490000009536743,2.490000009536743,2.4800000190734863,2.4800000190734863,7316.0
2026-05-14 11:14:00,PNG.V,,7.099999904632568,7.099999904632568,7.099999904632568,7.099999904632568,1401.0
2026-05-14 11:15:00,LMN.V,,20.1299991607666,20.149999618530273,20.1299991607666,20.149999618530273,300.0
2026-05-14 11:15:00,MMA.V,,1.059999942779541,1.059999942779541,1.059999942779541,1.059999942779541,1300.0
2026-05-14 11:15:00,NICU.V,,2.5850000381469727,2.5850000381469727,2.5850000381469727,2.5850000381469727,300.0
2026-05-14 11:15:00,PNG.V,,7.099999904632568,7.110000133514404,7.099999904632568,7.099999904632568,1900.0
2026-05-14 11:16:00,GQC.V,,0.5299999713897705,0.5299999713897705,0.5299999713897705,0.5299999713897705,500.0
2026-05-14 11:16:00,HSTR.V,,2.234999895095825,2.234999895095825,2.234999895095825,2.234999895095825,100.0
2026-05-14 11:16:00,IFOS.V,,2.559999942779541,2.559999942779541,2.555000066757202,2.559999942779541,600.0
2026-05-14 11:16:00,LMN.V,,20.200000762939453,20.200000762939453,20.200000762939453,20.200000762939453,299.0
2026-05-14 11:16:00,MMA.V,,1.059999942779541,1.059999942779541,1.059999942779541,1.059999942779541,500.0
2026-05-14 11:16:00,PNG.V,,7.110000133514404,7.119999885559082,7.099999904632568,7.099999904632568,3800.0
2026-05-14 11:17:00,GPH.V,,1.1399999856948853,1.1399999856948853,1.1399999856948853,1.1399999856948853,100.0
2026-05-14 11:17:00,GQC.V,,0.5299999713897705,0.5299999713897705,0.5299999713897705,0.5299999713897705,31000.0
2026-05-14 11:17:00,HME.V,,2.869999885559082,2.869999885559082,2.869999885559082,2.869999885559082,100.0
2026-05-14 11:17:00,HSTR.V,,2.234999895095825,2.240000009536743,2.234999895095825,2.234999895095825,400.0
2026-05-14 11:17:00,LIFT.V,,6.400000095367432,6.400000095367432,6.400000095367432,6.400000095367432,100.0
2026-05-14 11:17:00,MKO.V,,10.930000305175781,10.930000305175781,10.930000305175781,10.930000305175781,100.0
2026-05-14 11:18:00,FDR.V,,5.659999847412109,5.670000076293945,5.659999847412109,5.670000076293945,1901.0
2026-05-14 11:18:00,GQC.V,,0.5299999713897705,0.5299999713897705,0.5299999713897705,0.5299999713897705,500.0
2026-05-14 11:18:00,GSI.V,,1.25,1.25,1.25,1.25,1300.0
2026-05-14 11:18:00,HME.V,,2.865000009536743,2.865000009536743,2.865000009536743,2.865000009536743,100.0
2026-05-14 11:18:00,HMR.V,,0.9100000262260437,0.9100000262260437,0.9100000262260437,0.9100000262260437,1000.0
2026-05-14 11:18:00,HSTR.V,,2.240000009536743,2.25,2.240000009536743,2.240000009536743,5100.0
2026-05-14 11:18:00,KTN.V,,1.600000023841858,1.600000023841858,1.600000023841858,1.600000023841858,600.0
2026-05-14 11:18:00,LMN.V,,20.010000228881836,20.15999984741211,20.010000228881836,20.094999313354492,600.0
2026-05-14 11:18:00,MLP.V,,2.5,2.5,2.5,2.5,116.0
2026-05-14 11:18:00,MQM.V,,0.32499998807907104,0.32499998807907104,0.32499998807907104,0.32499998807907104,3000.0
2026-05-14 11:18:00,NICU.V,,2.5899999141693115,2.5899999141693115,2.5899999141693115,2.5899999141693115,2900.0
2026-05-14 11:18:00,NURS.V,,3.940000057220459,3.940000057220459,3.940000057220459,3.940000057220459,100.0
2026-05-14 11:18:00,PNG.V,,7.119999885559082,7.119999885559082,7.119999885559082,7.119999885559082,200.0
2026-05-14 11:19:00,FL.V,,0.5799999833106995,0.5799999833106995,0.5799999833106995,0.5799999833106995,6000.0
2026-05-14 11:19:00,FPX.V,,0.5350000262260437,0.5350000262260437,0.5350000262260437,0.5350000262260437,500.0
2026-05-14 11:19:00,FRI.V,,0.07000000029802322,0.07000000029802322,0.07000000029802322,0.07000000029802322,1000.0
2026-05-14 11:19:00,GAL.V,,0.5299999713897705,0.5299999713897705,0.5299999713897705,0.5299999713897705,5000.0
2026-05-14 11:19:00,GPH.V,,1.1399999856948853,1.1399999856948853,1.1399999856948853,1.1399999856948853,100.0
2026-05-14 11:19:00,ICM.V,,0.0949999988079071,0.0949999988079071,0.0949999988079071,0.0949999988079071,23000.0
2026-05-14 11:19:00,KTN.V,,1.6100000143051147,1.6100000143051147,1.600000023841858,1.600000023841858,3700.0
2026-05-14 11:19:00,LMN.V,,20.010000228881836,20.010000228881836,20.010000228881836,20.010000228881836,184.0
2026-05-14 11:19:00,MMA.V,,1.0499999523162842,1.059999942779541,1.0499999523162842,1.059999942779541,56600.0
2026-05-14 11:19:00,PNG.V,,7.119999885559082,7.119999885559082,7.110000133514404,7.110000133514404,1729.0
2026-05-14 11:20:00,FL.V,,0.5799999833106995,0.5799999833106995,0.5799999833106995,0.5799999833106995,3125.0
2026-05-14 11:20:00,FO.V,,0.32499998807907104,0.33000001311302185,0.32499998807907104,0.32499998807907104,272500.0
2026-05-14 11:20:00,GQC.V,,0.5299999713897705,0.5299999713897705,0.5299999713897705,0.5299999713897705,1500.0
2026-05-14 11:20:00,HMR.V,,0.9100000262260437,0.9100000262260437,0.9100000262260437,0.9100000262260437,500.0
2026-05-14 11:20:00,HSTR.V,,2.240000009536743,2.240000009536743,2.240000009536743,2.240000009536743,1000.0
2026-05-14 11:20:00,LIFT.V,,6.449999809265137,6.449999809265137,6.449999809265137,6.449999809265137,400.0
2026-05-14 11:20:00,LITH.V,,0.7099999785423279,0.7099999785423279,0.7099999785423279,0.7099999785423279,500.0
2026-05-14 11:20:00,LVX.V,,0.8500000238418579,0.8500000238418579,0.8500000238418579,0.8500000238418579,5911.0
2026-05-14 11:20:00,MGM.V,,3.680000066757202,3.680000066757202,3.680000066757202,3.680000066757202,100.0
2026-05-14 11:20:00,MMA.V,,1.034999966621399,1.0499999523162842,1.034999966621399,1.0499999523162842,15600.0
2026-05-14 11:20:00,PNG.V,,7.119999885559082,7.119999885559082,7.119999885559082,7.119999885559082,1105.0
2026-05-14 11:21:00,FO.V,,0.32499998807907104,0.32499998807907104,0.32499998807907104,0.32499998807907104,74500.0
2026-05-14 11:21:00,GPH.V,,1.1399999856948853,1.1399999856948853,1.1399999856948853,1.1399999856948853,100.0
2026-05-14 11:21:00,GQC.V,,0.5299999713897705,0.5299999713897705,0.5299999713897705,0.5299999713897705,1000.0
2026-05-14 11:21:00,LIFT.V,,6.440000057220459,6.440000057220459,6.440000057220459,6.440000057220459,200.0
2026-05-14 11:21:00,LMN.V,,20.020000457763672,20.020000457763672,20.020000457763672,20.020000457763672,100.0
2026-05-14 11:21:00,LVX.V,,0.8399999737739563,0.8399999737739563,0.8399999737739563,0.8399999737739563,6121.0
2026-05-14 11:21:00,MMA.V,,1.0299999713897705,1.0299999713897705,1.024999976158142,1.0299999713897705,15800.0
2026-05-14 11:21:00,NICU.V,,2.5899999141693115,2.5899999141693115,2.5899999141693115,2.5899999141693115,8500.0
2026-05-14 11:21:00,ZNG.V,,1.159999966621399,1.159999966621399,1.159999966621399,1.159999966621399,500.0
2026-05-14 11:22:00,EQTY.V,,0.3449999988079071,0.3449999988079071,0.3449999988079071,0.3449999988079071,1000.0
2026-05-14 11:22:00,GPH.V,,1.1399999856948853,1.1399999856948853,1.1399999856948853,1.1399999856948853,100.0
2026-05-14 11:22:00,GQC.V,,0.5299999713897705,0.5299999713897705,0.5299999713897705,0.5299999713897705,1000.0
2026-05-14 11:22:00,KDK.V,,1.059999942779541,1.059999942779541,1.0499999523162842,1.0499999523162842,800.0
2026-05-14 11:22:00,LIFT.V,,6.440000057220459,6.440000057220459,6.440000057220459,6.440000057220459,300.0
2026-05-14 11:22:00,LMN.V,,20.219999313354492,20.219999313354492,20.020000457763672,20.020000457763672,2200.0
2026-05-14 11:22:00,MLP.V,,2.5,2.5,2.5,2.5,1500.0
2026-05-14 11:22:00,MMA.V,,1.0299999713897705,1.0299999713897705,1.0299999713897705,1.0299999713897705,3900.0
2026-05-14 11:22:00,PNG.V,,7.139999866485596,7.150000095367432,7.139999866485596,7.139999866485596,4324.0
2026-05-14 11:22:00,ZNG.V,,1.1699999570846558,1.1699999570846558,1.1699999570846558,1.1699999570846558,2400.0
2026-05-14 11:23:00,FO.V,,0.32499998807907104,0.32499998807907104,0.32499998807907104,0.32499998807907104,69000.0
2026-05-14 11:23:00,FPX.V,,0.5400000214576721,0.5400000214576721,0.5400000214576721,0.5400000214576721,4100.0
2026-05-14 11:23:00,GOT.V,,1.7300000190734863,1.7300000190734863,1.7300000190734863,1.7300000190734863,1100.0
2026-05-14 11:23:00,GPH.V,,1.1399999856948853,1.1399999856948853,1.1399999856948853,1.1399999856948853,100.0
2026-05-14 11:23:00,HI.V,,0.1599999964237213,0.16500000655651093,0.1599999964237213,0.16500000655651093,52500.0
2026-05-14 11:23:00,KTN.V,,1.6100000143051147,1.6100000143051147,1.6100000143051147,1.6100000143051147,11400.0
2026-05-14 11:23:00,LMN.V,,20.290000915527344,20.290000915527344,20.280000686645508,20.280000686645508,300.0
2026-05-14 11:23:00,MGM.V,,3.640000104904175,3.6700000762939453,3.640000104904175,3.6700000762939453,5835.0
2026-05-14 11:23:00,PNG.V,,7.150000095367432,7.159999847412109,7.139999866485596,7.139999866485596,1500.0
2026-05-14 11:24:00,GQC.V,,0.5299999713897705,0.5299999713897705,0.5299999713897705,0.5299999713897705,500.0
2026-05-14 11:24:00,HPQ.V,,0.17499999701976776,0.17499999701976776,0.17499999701976776,0.17499999701976776,3000.0
2026-05-14 11:24:00,HSTR.V,,2.240000009536743,2.240000009536743,2.240000009536743,2.240000009536743,1400.0
2026-05-14 11:24:00,IFOS.V,,2.569999933242798,2.569999933242798,2.565000057220459,2.565000057220459,1300.0
2026-05-14 11:24:00,LMG.V,,0.4699999988079071,0.4699999988079071,0.4699999988079071,0.4699999988079071,5000.0
2026-05-14 11:24:00,LMN.V,,20.1299991607666,20.1299991607666,20.1299991607666,20.1299991607666,103.0
2026-05-14 11:24:00,PNG.V,,7.170000076293945,7.170000076293945,7.150000095367432,7.150000095367432,8975.0
2026-05-14 11:25:00,EQTY.V,,0.3449999988079071,0.3449999988079071,0.3449999988079071,0.3449999988079071,4000.0
2026-05-14 11:25:00,GPH.V,,1.1399999856948853,1.1399999856948853,1.1399999856948853,1.1399999856948853,100.0
2026-05-14 11:25:00,MLP.V,,2.4800000190734863,2.4800000190734863,2.4800000190734863,2.4800000190734863,100.0
2026-05-14 11:25:00,MMA.V,,1.0299999713897705,1.0299999713897705,1.0299999713897705,1.0299999713897705,1000.0
2026-05-14 11:25:00,NHHH.V,,0.03999999910593033,0.03999999910593033,0.03999999910593033,0.03999999910593033,1000.0
2026-05-14 11:26:00,FDR.V,,5.659999847412109,5.659999847412109,5.659999847412109,5.659999847412109,101.0
2026-05-14 11:26:00,GQC.V,,0.5299999713897705,0.5299999713897705,0.5299999713897705,0.5299999713897705,1000.0
2026-05-14 11:26:00,HSTR.V,,2.25,2.25,2.25,2.25,100.0
2026-05-14 11:26:00,LBNK.V,,0.5699999928474426,0.5699999928474426,0.5699999928474426,0.5699999928474426,1000.0
2026-05-14 11:26:00,LVG.V,,0.3400000035762787,0.3400000035762787,0.3400000035762787,0.3400000035762787,1000.0
2026-05-14 11:26:00,MKO.V,,10.970000267028809,10.970000267028809,10.970000267028809,10.970000267028809,145.0
2026-05-14 11:26:00,MLP.V,,2.4800000190734863,2.4800000190734863,2.4800000190734863,2.4800000190734863,116.0
2026-05-14 11:26:00,PNG.V,,7.190000057220459,7.199999809265137,7.15500020980835,7.15500020980835,18188.0
2026-05-14 11:27:00,FRI.V,,0.07000000029802322,0.07000000029802322,0.07000000029802322,0.07000000029802322,30000.0
2026-05-14 11:27:00,GG.V,,2.6500000953674316,2.6500000953674316,2.640000104904175,2.640000104904175,6100.0
2026-05-14 11:27:00,GPH.V,,1.1399999856948853,1.1399999856948853,1.1399999856948853,1.1399999856948853,100.0
2026-05-14 11:27:00,GQC.V,,0.5299999713897705,0.5299999713897705,0.5299999713897705,0.5299999713897705,500.0
2026-05-14 11:27:00,HSTR.V,,2.25,2.25,2.25,2.25,100.0
2026-05-14 11:27:00,KTN.V,,1.6100000143051147,1.6100000143051147,1.6100000143051147,1.6100000143051147,100.0
2026-05-14 11:27:00,LG.V,,0.3700000047683716,0.3700000047683716,0.3700000047683716,0.3700000047683716,20000.0
2026-05-14 11:27:00,NICU.V,,2.5999999046325684,2.5999999046325684,2.5999999046325684,2.5999999046325684,100.0
2026-05-14 11:27:00,PNG.V,,7.179999828338623,7.179999828338623,7.179999828338623,7.179999828338623,1500.0
2026-05-14 11:28:00,GOT.V,,1.7300000190734863,1.7300000190734863,1.7300000190734863,1.7300000190734863,100.0
2026-05-14 11:28:00,GPH.V,,1.159999966621399,1.159999966621399,1.159999966621399,1.159999966621399,3700.0
2026-05-14 11:28:00,HSTR.V,,2.244999885559082,2.244999885559082,2.244999885559082,2.244999885559082,200.0
2026-05-14 11:28:00,KTN.V,,1.6100000143051147,1.6100000143051147,1.6100000143051147,1.6100000143051147,3000.0
2026-05-14 11:28:00,MLP.V,,2.4800000190734863,2.4800000190734863,2.4800000190734863,2.4800000190734863,100.0
2026-05-14 11:28:00,MMA.V,,1.0299999713897705,1.0299999713897705,1.0299999713897705,1.0299999713897705,3713.0
2026-05-14 11:28:00,NICU.V,,2.5999999046325684,2.5999999046325684,2.5999999046325684,2.5999999046325684,1300.0
2026-05-14 11:28:00,PNG.V,,7.179999828338623,7.190000057220459,7.179999828338623,7.179999828338623,728.0
2026-05-14 11:29:00,FO.V,,0.33000001311302185,0.33000001311302185,0.33000001311302185,0.33000001311302185,24500.0
2026-05-14 11:29:00,FRED.V,,0.6899999976158142,0.6899999976158142,0.6899999976158142,0.6899999976158142,500.0
2026-05-14 11:29:00,FUU.V,,0.16500000655651093,0.16500000655651093,0.16500000655651093,0.16500000655651093,139500.0
2026-05-14 11:29:00,GGO.V,,1.1399999856948853,1.1399999856948853,1.1399999856948853,1.1399999856948853,100.0
2026-05-14 11:29:00,GQC.V,,0.5299999713897705,0.5299999713897705,0.5299999713897705,0.5299999713897705,600.0
2026-05-14 11:29:00,HME.V,,2.869999885559082,2.869999885559082,2.869999885559082,2.869999885559082,100.0
2026-05-14 11:29:00,HSTR.V,,2.25,2.25,2.25,2.25,200.0
2026-05-14 11:29:00,KDK.V,,1.0299999713897705,1.0299999713897705,1.0299999713897705,1.0299999713897705,100.0
2026-05-14 11:29:00,KTN.V,,1.6100000143051147,1.6100000143051147,1.600000023841858,1.6050000190734863,3100.0
2026-05-14 11:29:00,LITH.V,,0.7099999785423279,0.7099999785423279,0.7099999785423279,0.7099999785423279,1000.0
2026-05-14 11:29:00,NICU.V,,2.5899999141693115,2.5999999046325684,2.5899999141693115,2.5999999046325684,2500.0
2026-05-14 11:29:00,NURS.V,,3.940000057220459,3.940000057220459,3.940000057220459,3.940000057220459,100.0
2026-05-14 11:29:00,PNG.V,,7.170000076293945,7.170000076293945,7.170000076293945,7.170000076293945,200.0
2026-05-14 11:30:00,FBF.V,,0.949999988079071,0.949999988079071,0.949999988079071,0.949999988079071,1505.0
2026-05-14 11:30:00,GRG.V,,0.10000000149011612,0.10000000149011612,0.10000000149011612,0.10000000149011612,64000.0
2026-05-14 11:30:00,HME.V,,2.869999885559082,2.869999885559082,2.869999885559082,2.869999885559082,200.0
2026-05-14 11:30:00,HMR.V,,0.9300000071525574,0.9300000071525574,0.9100000262260437,0.9100000262260437,7560.0
2026-05-14 11:30:00,HPQ.V,,0.17499999701976776,0.17499999701976776,0.17499999701976776,0.17499999701976776,2500.0
2026-05-14 11:30:00,HSTR.V,,2.25,2.25,2.25,2.25,400.0
2026-05-14 11:30:00,LMN.V,,20.209999084472656,20.219999313354492,20.200000762939453,20.200000762939453,300.0
2026-05-14 11:30:00,MLP.V,,2.490000009536743,2.490000009536743,2.490000009536743,2.490000009536743,100.0
2026-05-14 11:30:00,MMA.V,,1.0299999713897705,1.0299999713897705,1.0299999713897705,1.0299999713897705,16900.0
2026-05-14 11:30:00,NICU.V,,2.5899999141693115,2.5899999141693115,2.5899999141693115,2.5899999141693115,400.0
2026-05-14 11:30:00,PNG.V,,7.179999828338623,7.190000057220459,7.179999828338623,7.190000057220459,1602.0
2026-05-14 11:31:00,FO.V,,0.33000001311302185,0.33000001311302185,0.33000001311302185,0.33000001311302185,559.0
2026-05-14 11:31:00,HITI.V,,3.315000057220459,3.315000057220459,3.315000057220459,3.315000057220459,100.0
2026-05-14 11:31:00,HME.V,,2.869999885559082,2.869999885559082,2.869999885559082,2.869999885559082,249.0
2026-05-14 11:31:00,HSTR.V,,2.25,2.25,2.25,2.25,800.0
2026-05-14 11:31:00,LMN.V,,20.190000534057617,20.190000534057617,20.190000534057617,20.190000534057617,100.0
2026-05-14 11:31:00,MLP.V,,2.490000009536743,2.490000009536743,2.490000009536743,2.490000009536743,100.0
2026-05-14 11:31:00,PNG.V,,7.199999809265137,7.199999809265137,7.199999809265137,7.199999809265137,1502.0
2026-05-14 11:32:00,GAL.V,,0.5299999713897705,0.5299999713897705,0.5299999713897705,0.5299999713897705,2000.0
2026-05-14 11:32:00,GOT.V,,1.7300000190734863,1.7300000190734863,1.7300000190734863,1.7300000190734863,100.0
2026-05-14 11:32:00,GQC.V,,0.5299999713897705,0.5299999713897705,0.5299999713897705,0.5299999713897705,500.0
2026-05-14 11:32:00,HSTR.V,,2.25,2.25,2.25,2.25,1400.0
2026-05-14 11:32:00,KLD.V,,2.299999952316284,2.299999952316284,2.299999952316284,2.299999952316284,100.0
2026-05-14 11:32:00,KTN.V,,1.6100000143051147,1.6100000143051147,1.600000023841858,1.6100000143051147,3100.0
2026-05-14 11:32:00,LG.V,,0.3700000047683716,0.3700000047683716,0.3700000047683716,0.3700000047683716,68500.0
2026-05-14 11:32:00,LIO.V,,0.1599999964237213,0.1599999964237213,0.1599999964237213,0.1599999964237213,14500.0
2026-05-14 11:32:00,MLP.V,,2.490000009536743,2.490000009536743,2.490000009536743,2.490000009536743,116.0
2026-05-14 11:33:00,HMR.V,,0.8999999761581421,0.8999999761581421,0.8999999761581421,0.8999999761581421,500.0
2026-05-14 11:33:00,HSTR.V,,2.25,2.25,2.25,2.25,1000.0
2026-05-14 11:33:00,JUGR.V,,1.2200000286102295,1.2200000286102295,1.2200000286102295,1.2200000286102295,4000.0
2026-05-14 11:33:00,LG.V,,0.3700000047683716,0.3700000047683716,0.3700000047683716,0.3700000047683716,12500.0
2026-05-14 11:33:00,LMN.V,,20.200000762939453,20.209999084472656,20.200000762939453,20.209999084472656,200.0
2026-05-14 11:33:00,MMA.V,,1.0299999713897705,1.0299999713897705,1.0299999713897705,1.0299999713897705,400.0
2026-05-14 11:34:00,HITI.V,,3.319999933242798,3.319999933242798,3.319999933242798,3.319999933242798,100.0
2026-05-14 11:34:00,HSTR.V,,2.25,2.25,2.25,2.25,600.0
2026-05-14 11:34:00,KDK.V,,1.0299999713897705,1.0299999713897705,1.0299999713897705,1.0299999713897705,100.0
2026-05-14 11:34:00,LG.V,,0.3700000047683716,0.3700000047683716,0.3700000047683716,0.3700000047683716,4500.0
2026-05-14 11:34:00,LMN.V,,20.079999923706055,20.079999923706055,20.079999923706055,20.079999923706055,100.0
2026-05-14 11:34:00,MLP.V,,2.4800000190734863,2.4800000190734863,2.4800000190734863,2.4800000190734863,100.0
2026-05-14 11:34:00,MMA.V,,1.024999976158142,1.024999976158142,1.024999976158142,1.024999976158142,713.0
2026-05-14 11:34:00,PNG.V,,7.179999828338623,7.199999809265137,7.179999828338623,7.199999809265137,1684.0
2026-05-14 11:34:00,TUF.V,,0.7799999713897705,0.7799999713897705,0.7799999713897705,0.7799999713897705,4000.0
2026-05-14 11:35:00,FUU.V,,0.16500000655651093,0.16500000655651093,0.16500000655651093,0.16500000655651093,9500.0
2026-05-14 11:35:00,HME.V,,2.880000114440918,2.890000104904175,2.869999885559082,2.869999885559082,3500.0
2026-05-14 11:35:00,HSTR.V,,2.255000114440918,2.255000114440918,2.25,2.25,1500.0
2026-05-14 11:35:00,LG.V,,0.3700000047683716,0.3700000047683716,0.3700000047683716,0.3700000047683716,129500.0
2026-05-14 11:35:00,LVX.V,,0.8700000047683716,0.8700000047683716,0.8700000047683716,0.8700000047683716,10000.0
2026-05-14 11:35:00,MLP.V,,2.5,2.5,2.5,2.5,300.0
2026-05-14 11:35:00,PNG.V,,7.199999809265137,7.199999809265137,7.199999809265137,7.199999809265137,600.0
2026-05-14 11:36:00,HAM.V,,5.150000095367432,5.150000095367432,5.130000114440918,5.130000114440918,600.0
2026-05-14 11:36:00,HME.V,,2.880000114440918,2.880000114440918,2.880000114440918,2.880000114440918,300.0
2026-05-14 11:36:00,HSTR.V,,2.259999990463257,2.259999990463257,2.259999990463257,2.259999990463257,2100.0
2026-05-14 11:36:00,LITH.V,,0.7200000286102295,0.7200000286102295,0.7200000286102295,0.7200000286102295,500.0
2026-05-14 11:36:00,LMN.V,,20.09000015258789,20.09000015258789,20.079999923706055,20.079999923706055,200.0
2026-05-14 11:36:00,MLP.V,,2.4800000190734863,2.4800000190734863,2.4800000190734863,2.4800000190734863,200.0
2026-05-14 11:36:00,PNG.V,,7.199999809265137,7.199999809265137,7.199999809265137,7.199999809265137,800.0
2026-05-14 11:36:00,ZNG.V,,1.149999976158142,1.149999976158142,1.149999976158142,1.149999976158142,6400.0
2026-05-14 11:37:00,FWZ.V,,4.510000228881836,4.510000228881836,4.510000228881836,4.510000228881836,300.0
2026-05-14 11:37:00,GOT.V,,1.7300000190734863,1.7300000190734863,1.7300000190734863,1.7300000190734863,100.0
2026-05-14 11:37:00,HSTR.V,,2.259999990463257,2.259999990463257,2.259999990463257,2.259999990463257,100.0
2026-05-14 11:37:00,KLD.V,,2.2699999809265137,2.2799999713897705,2.2699999809265137,2.2799999713897705,2610.0
2026-05-14 11:37:00,KTN.V,,1.6100000143051147,1.6100000143051147,1.6100000143051147,1.6100000143051147,100.0
2026-05-14 11:37:00,PNG.V,,7.170000076293945,7.170000076293945,7.170000076293945,7.170000076293945,300.0
2026-05-14 11:38:00,FCLI.V,,0.44999998807907104,0.44999998807907104,0.44999998807907104,0.44999998807907104,500.0
2026-05-14 11:38:00,FO.V,,0.33000001311302185,0.33000001311302185,0.33000001311302185,0.33000001311302185,125000.0
2026-05-14 11:38:00,GQC.V,,0.5249999761581421,0.5249999761581421,0.5249999761581421,0.5249999761581421,2500.0
2026-05-14 11:38:00,HSTR.V,,2.259999990463257,2.259999990463257,2.259999990463257,2.259999990463257,100.0
2026-05-14 11:38:00,KLD.V,,2.2699999809265137,2.2699999809265137,2.2699999809265137,2.2699999809265137,100.0
2026-05-14 11:38:00,MLP.V,,2.4800000190734863,2.4800000190734863,2.4800000190734863,2.4800000190734863,116.0
2026-05-14 11:39:00,FCLI.V,,0.44999998807907104,0.44999998807907104,0.44999998807907104,0.44999998807907104,500.0
2026-05-14 11:39:00,FO.V,,0.33500000834465027,0.33500000834465027,0.33500000834465027,0.33500000834465027,101369.0
2026-05-14 11:39:00,GQC.V,,0.5299999713897705,0.5299999713897705,0.5299999713897705,0.5299999713897705,500.0
2026-05-14 11:39:00,GSI.V,,1.25,1.25,1.25,1.25,100.0
2026-05-14 11:39:00,HSTR.V,,2.259999990463257,2.259999990463257,2.259999990463257,2.259999990463257,600.0
2026-05-14 11:39:00,KDK.V,,1.0299999713897705,1.0299999713897705,1.0299999713897705,1.0299999713897705,100.0
2026-05-14 11:39:00,LMN.V,,20.139999389648438,20.139999389648438,20.139999389648438,20.139999389648438,100.0
2026-05-14 11:39:00,LSL.V,,0.36000001430511475,0.36000001430511475,0.36000001430511475,0.36000001430511475,2500.0
2026-05-14 11:39:00,PNG.V,,7.170000076293945,7.190000057220459,7.170000076293945,7.179999828338623,722.0
2026-05-14 11:40:00,FCLI.V,,0.44999998807907104,0.44999998807907104,0.44999998807907104,0.44999998807907104,500.0
2026-05-14 11:40:00,GPH.V,,1.149999976158142,1.149999976158142,1.149999976158142,1.149999976158142,100.0
2026-05-14 11:40:00,GQC.V,,0.5299999713897705,0.5299999713897705,0.5299999713897705,0.5299999713897705,500.0
2026-05-14 11:40:00,GRG.V,,0.0949999988079071,0.0949999988079071,0.0949999988079071,0.0949999988079071,98000.0
2026-05-14 11:40:00,HITI.V,,3.3299999237060547,3.3299999237060547,3.3299999237060547,3.3299999237060547,100.0
2026-05-14 11:40:00,HMR.V,,0.8999999761581421,0.8999999761581421,0.8999999761581421,0.8999999761581421,1000.0
2026-05-14 11:40:00,HSTR.V,,2.259999990463257,2.259999990463257,2.259999990463257,2.259999990463257,400.0
2026-05-14 11:40:00,LMN.V,,20.139999389648438,20.139999389648438,20.139999389648438,20.139999389648438,100.0
2026-05-14 11:40:00,MLP.V,,2.490000009536743,2.490000009536743,2.490000009536743,2.490000009536743,100.0
2026-05-14 11:40:00,MMG.V,,0.3100000023841858,0.3199999928474426,0.3100000023841858,0.3199999928474426,24055.0
2026-05-14 11:41:00,EQTY.V,,0.3449999988079071,0.3449999988079071,0.3449999988079071,0.3449999988079071,2000.0
2026-05-14 11:41:00,FO.V,,0.3400000035762787,0.3400000035762787,0.33500000834465027,0.33500000834465027,5559.0
2026-05-14 11:41:00,FUU.V,,0.16750000417232513,0.17000000178813934,0.16500000655651093,0.16500000655651093,263500.0
2026-05-14 11:41:00,HPQ.V,,0.18000000715255737,0.18000000715255737,0.18000000715255737,0.18000000715255737,2500.0
2026-05-14 11:41:00,HSTR.V,,2.259999990463257,2.259999990463257,2.259999990463257,2.259999990463257,700.0
2026-05-14 11:41:00,LSL.V,,0.36000001430511475,0.36000001430511475,0.36000001430511475,0.36000001430511475,10500.0
2026-05-14 11:41:00,MLP.V,,2.5,2.5,2.490000009536743,2.490000009536743,7131.0
2026-05-14 11:41:00,NURS.V,,3.9600000381469727,3.9600000381469727,3.9600000381469727,3.9600000381469727,100.0
2026-05-14 11:42:00,EQTY.V,,0.3449999988079071,0.3449999988079071,0.3449999988079071,0.3449999988079071,9500.0
2026-05-14 11:42:00,GPH.V,,1.149999976158142,1.149999976158142,1.149999976158142,1.149999976158142,100.0
2026-05-14 11:42:00,KTO.V,,0.8199999928474426,0.8199999928474426,0.8199999928474426,0.8199999928474426,2000.0
2026-05-14 11:42:00,LMN.V,,20.149999618530273,20.149999618530273,20.149999618530273,20.149999618530273,100.0
2026-05-14 11:42:00,PNG.V,,7.190000057220459,7.190000057220459,7.170000076293945,7.170000076293945,992.0
2026-05-14 11:42:00,TUF.V,,0.75,0.7699999809265137,0.75,0.7699999809265137,128298.0
2026-05-14 11:43:00,FO.V,,0.3400000035762787,0.3400000035762787,0.3400000035762787,0.3400000035762787,50952.0
2026-05-14 11:43:00,GOT.V,,1.7300000190734863,1.7300000190734863,1.7300000190734863,1.7300000190734863,100.0
2026-05-14 11:43:00,HSTR.V,,2.25,2.259999990463257,2.25,2.259999990463257,200.0
2026-05-14 11:43:00,PNG.V,,7.190000057220459,7.190000057220459,7.179999828338623,7.190000057220459,1300.0
2026-05-14 11:43:00,TUF.V,,0.7900000214576721,0.7900000214576721,0.7300000190734863,0.75,8510500.0
2026-05-14 11:44:00,FO.V,,0.3449999988079071,0.3449999988079071,0.3449999988079071,0.3449999988079071,17500.0
2026-05-14 11:44:00,GG.V,,2.640000104904175,2.6500000953674316,2.640000104904175,2.6500000953674316,1800.0
2026-05-14 11:44:00,GGO.V,,1.1399999856948853,1.1399999856948853,1.1399999856948853,1.1399999856948853,100.0
2026-05-14 11:44:00,GPH.V,,1.149999976158142,1.149999976158142,1.149999976158142,1.149999976158142,100.0
2026-05-14 11:44:00,HMR.V,,0.9200000166893005,0.9200000166893005,0.9200000166893005,0.9200000166893005,2000.0
2026-05-14 11:44:00,HSTR.V,,2.259999990463257,2.259999990463257,2.259999990463257,2.259999990463257,200.0
2026-05-14 11:44:00,KDK.V,,1.0299999713897705,1.0299999713897705,1.0299999713897705,1.0299999713897705,100.0
2026-05-14 11:44:00,LME.V,,0.20999999344348907,0.20999999344348907,0.20999999344348907,0.20999999344348907,77500.0
2026-05-14 11:44:00,LMN.V,,20.149999618530273,20.149999618530273,20.149999618530273,20.149999618530273,100.0
2026-05-14 11:44:00,NICU.V,,2.5999999046325684,2.5999999046325684,2.5999999046325684,2.5999999046325684,300.0
2026-05-14 11:44:00,SCAN.V,,5.5,5.5,5.5,5.5,300.0
2026-05-14 11:44:00,TUF.V,,0.800000011920929,0.800000011920929,0.7900000214576721,0.7900000214576721,49500.0
2026-05-14 11:45:00,HSTR.V,,2.259999990463257,2.259999990463257,2.259999990463257,2.259999990463257,500.0
2026-05-14 11:45:00,LIO.V,,0.1599999964237213,0.1599999964237213,0.1599999964237213,0.1599999964237213,1000.0
2026-05-14 11:45:00,NICU.V,,2.5999999046325684,2.5999999046325684,2.5999999046325684,2.5999999046325684,700.0
2026-05-14 11:45:00,PNG.V,,7.179999828338623,7.190000057220459,7.179999828338623,7.190000057220459,600.0
2026-05-14 11:45:00,SCAN.V,,5.5,5.5,5.5,5.5,400.0
2026-05-14 11:46:00,GPH.V,,1.149999976158142,1.149999976158142,1.149999976158142,1.149999976158142,100.0
2026-05-14 11:46:00,HME.V,,2.880000114440918,2.880000114440918,2.880000114440918,2.880000114440918,1800.0
2026-05-14 11:46:00,HSTR.V,,2.255000114440918,2.259999990463257,2.255000114440918,2.255000114440918,500.0
2026-05-14 11:46:00,IPT.V,,0.30000001192092896,0.30000001192092896,0.30000001192092896,0.30000001192092896,1000.0
2026-05-14 11:46:00,KTN.V,,1.600000023841858,1.600000023841858,1.600000023841858,1.600000023841858,100.0
2026-05-14 11:46:00,NICU.V,,2.5899999141693115,2.5950000286102295,2.5899999141693115,2.5950000286102295,1800.0
2026-05-14 11:46:00,PNG.V,,7.159999847412109,7.170000076293945,7.139999866485596,7.170000076293945,14370.0
2026-05-14 11:47:00,GG.V,,2.630000114440918,2.640000104904175,2.630000114440918,2.640000104904175,494.0
2026-05-14 11:47:00,HSTR.V,,2.259999990463257,2.259999990463257,2.259999990463257,2.259999990463257,800.0
2026-05-14 11:47:00,NICU.V,,2.5899999141693115,2.5899999141693115,2.5899999141693115,2.5899999141693115,1600.0
2026-05-14 11:47:00,PNG.V,,7.159999847412109,7.159999847412109,7.159999847412109,7.159999847412109,100.0
2026-05-14 11:47:00,TUF.V,,0.800000011920929,0.800000011920929,0.800000011920929,0.800000011920929,500.0
2026-05-14 11:48:00,EQTY.V,,0.3449999988079071,0.3449999988079071,0.3449999988079071,0.3449999988079071,2250.0
2026-05-14 11:48:00,GOT.V,,1.7300000190734863,1.7300000190734863,1.7300000190734863,1.7300000190734863,300.0
2026-05-14 11:48:00,GPH.V,,1.149999976158142,1.149999976158142,1.149999976158142,1.149999976158142,100.0
2026-05-14 11:48:00,HSTR.V,,2.259999990463257,2.259999990463257,2.259999990463257,2.259999990463257,1000.0
2026-05-14 11:48:00,LMN.V,,20.049999237060547,20.049999237060547,20.049999237060547,20.049999237060547,100.0
2026-05-14 11:48:00,MQM.V,,0.32499998807907104,0.32499998807907104,0.32499998807907104,0.32499998807907104,2000.0
2026-05-14 11:48:00,PNG.V,,7.150000095367432,7.150000095367432,7.139999866485596,7.139999866485596,700.0
2026-05-14 11:48:00,TUF.V,,0.800000011920929,0.8100000023841858,0.800000011920929,0.800000011920929,9000.0
2026-05-14 11:49:00,FDR.V,,5.599999904632568,5.664999961853027,5.599999904632568,5.650000095367432,3501.0
2026-05-14 11:49:00,GQC.V,,0.5299999713897705,0.5299999713897705,0.5299999713897705,0.5299999713897705,2000.0
2026-05-14 11:49:00,HPQ.V,,0.17499999701976776,0.17499999701976776,0.17499999701976776,0.17499999701976776,2000.0
2026-05-14 11:49:00,HSTR.V,,2.259999990463257,2.259999990463257,2.259999990463257,2.259999990463257,500.0
2026-05-14 11:49:00,KDK.V,,1.0299999713897705,1.0299999713897705,1.0299999713897705,1.0299999713897705,100.0
2026-05-14 11:49:00,KTN.V,,1.600000023841858,1.600000023841858,1.600000023841858,1.600000023841858,1600.0
2026-05-14 11:49:00,MKO.V,,10.970000267028809,10.970000267028809,10.970000267028809,10.970000267028809,200.0
2026-05-14 11:49:00,PNG.V,,7.150000095367432,7.159999847412109,7.150000095367432,7.159999847412109,500.0
2026-05-14 11:49:00,TUF.V,,0.8100000023841858,0.8100000023841858,0.8100000023841858,0.8100000023841858,500.0
2026-05-14 11:50:00,HME.V,,2.869999885559082,2.875,2.869999885559082,2.875,3300.0
2026-05-14 11:50:00,HMR.V,,0.9100000262260437,0.9100000262260437,0.9100000262260437,0.9100000262260437,1000.0
2026-05-14 11:50:00,KTN.V,,1.600000023841858,1.600000023841858,1.600000023841858,1.600000023841858,100.0
2026-05-14 11:50:00,LIO.V,,0.1574999988079071,0.1574999988079071,0.1574999988079071,0.1574999988079071,500.0
2026-05-14 11:50:00,PNG.V,,7.139999866485596,7.139999866485596,7.139999866485596,7.139999866485596,500.0
2026-05-14 11:51:00,GPH.V,,1.149999976158142,1.149999976158142,1.149999976158142,1.149999976158142,100.0
2026-05-14 11:51:00,GQC.V,,0.5299999713897705,0.5299999713897705,0.5299999713897705,0.5299999713897705,500.0
2026-05-14 11:51:00,GSR.V,,0.6200000047683716,0.6299999952316284,0.6200000047683716,0.6299999952316284,32000.0
2026-05-14 11:51:00,HI.V,,0.16500000655651093,0.16500000655651093,0.16500000655651093,0.16500000655651093,9500.0
2026-05-14 11:51:00,LG.V,,0.375,0.375,0.375,0.375,5000.0
2026-05-14 11:51:00,NICU.V,,2.5950000286102295,2.5950000286102295,2.5950000286102295,2.5950000286102295,300.0
2026-05-14 11:51:00,PNG.V,,7.150000095367432,7.150000095367432,7.139999866485596,7.139999866485596,2100.0
2026-05-14 11:52:00,EMM.V,,0.10499999672174454,0.10499999672174454,0.10499999672174454,0.10499999672174454,6000.0
2026-05-14 11:52:00,GQC.V,,0.5299999713897705,0.5299999713897705,0.5299999713897705,0.5299999713897705,600.0
2026-05-14 11:52:00,HSTR.V,,2.2699999809265137,2.2699999809265137,2.2699999809265137,2.2699999809265137,100.0
2026-05-14 11:52:00,JUGR.V,,1.2200000286102295,1.2200000286102295,1.2200000286102295,1.2200000286102295,3000.0
2026-05-14 11:52:00,LG.V,,0.3799999952316284,0.3799999952316284,0.3799999952316284,0.3799999952316284,2500.0
2026-05-14 11:52:00,LTH.V,,1.1299999952316284,1.1299999952316284,1.1299999952316284,1.1299999952316284,7600.0
2026-05-14 11:52:00,LVX.V,,0.8600000143051147,0.8600000143051147,0.8600000143051147,0.8600000143051147,2000.0
2026-05-14 11:52:00,PNG.V,,7.150000095367432,7.150000095367432,7.144999980926514,7.144999980926514,500.0
2026-05-14 11:53:00,GPH.V,,1.149999976158142,1.149999976158142,1.149999976158142,1.149999976158142,100.0
2026-05-14 11:53:00,HSTR.V,,2.2699999809265137,2.2699999809265137,2.2699999809265137,2.2699999809265137,300.0
2026-05-14 11:53:00,KTN.V,,1.600000023841858,1.600000023841858,1.600000023841858,1.600000023841858,100.0
2026-05-14 11:53:00,LTH.V,,1.1299999952316284,1.1299999952316284,1.125,1.125,2100.0
2026-05-14 11:53:00,MMA.V,,1.0299999713897705,1.0299999713897705,1.024999976158142,1.024999976158142,700.0
2026-05-14 11:53:00,MRVL.V,,0.1550000011920929,0.1550000011920929,0.1550000011920929,0.1550000011920929,5000.0
2026-05-14 11:53:00,NHHH.V,,0.03999999910593033,0.03999999910593033,0.03999999910593033,0.03999999910593033,14000.0
2026-05-14 11:53:00,PNG.V,,7.144999980926514,7.144999980926514,7.144999980926514,7.144999980926514,100.0
2026-05-14 11:53:00,TUF.V,,0.8100000023841858,0.8100000023841858,0.8100000023841858,0.8100000023841858,500.0
2026-05-14 11:54:00,FUU.V,,0.17000000178813934,0.17000000178813934,0.17000000178813934,0.17000000178813934,10000.0
2026-05-14 11:54:00,GOT.V,,1.7300000190734863,1.7300000190734863,1.7300000190734863,1.7300000190734863,100.0
2026-05-14 11:54:00,HI.V,,0.16500000655651093,0.16500000655651093,0.16500000655651093,0.16500000655651093,7000.0
2026-05-14 11:54:00,HSTR.V,,2.265000104904175,2.2699999809265137,2.265000104904175,2.2699999809265137,900.0
2026-05-14 11:54:00,KRY.V,,3.2200000286102295,3.2200000286102295,3.2200000286102295,3.2200000286102295,6500.0
2026-05-14 11:54:00,LG.V,,0.3799999952316284,0.3799999952316284,0.3799999952316284,0.3799999952316284,11000.0
2026-05-14 11:54:00,LIO.V,,0.15000000596046448,0.1574999988079071,0.15000000596046448,0.1574999988079071,96000.0
2026-05-14 11:54:00,MRVL.V,,0.1599999964237213,0.1599999964237213,0.1599999964237213,0.1599999964237213,1000.0
2026-05-14 11:54:00,PNG.V,,7.150000095367432,7.150000095367432,7.139999866485596,7.139999866485596,3500.0
2026-05-14 11:54:00,TUF.V,,0.800000011920929,0.800000011920929,0.800000011920929,0.800000011920929,11000.0
2026-05-14 11:55:00,FL.V,,0.5799999833106995,0.5799999833106995,0.5799999833106995,0.5799999833106995,2500.0
2026-05-14 11:55:00,FWZ.V,,4.53000020980835,4.53000020980835,4.519999980926514,4.519999980926514,300.0
2026-05-14 11:55:00,KDK.V,,1.0299999713897705,1.0299999713897705,1.0299999713897705,1.0299999713897705,100.0
2026-05-14 11:55:00,LG.V,,0.3799999952316284,0.3799999952316284,0.3799999952316284,0.3799999952316284,32800.0
2026-05-14 11:55:00,LIO.V,,0.15000000596046448,0.1550000011920929,0.15000000596046448,0.1550000011920929,29000.0
2026-05-14 11:55:00,MKO.V,,10.989999771118164,10.989999771118164,10.989999771118164,10.989999771118164,0.0
2026-05-14 11:55:00,MMA.V,,1.024999976158142,1.024999976158142,1.024999976158142,1.024999976158142,100.0
2026-05-14 11:55:00,MRVL.V,,0.1550000011920929,0.1550000011920929,0.1550000011920929,0.1550000011920929,1000.0
2026-05-14 11:55:00,NICU.V,,2.5999999046325684,2.5999999046325684,2.5999999046325684,2.5999999046325684,100.0
2026-05-14 11:55:00,PNG.V,,7.159999847412109,7.159999847412109,7.150000095367432,7.150000095367432,1300.0
2026-05-14 11:56:00,GGO.V,,1.1399999856948853,1.1399999856948853,1.1399999856948853,1.1399999856948853,100.0
2026-05-14 11:56:00,GPH.V,,1.149999976158142,1.149999976158142,1.149999976158142,1.149999976158142,100.0
2026-05-14 11:56:00,LIFT.V,,6.300000190734863,6.309999942779541,6.300000190734863,6.309999942779541,200.0
2026-05-14 11:56:00,MKO.V,,10.989999771118164,10.989999771118164,10.989999771118164,10.989999771118164,11430.0
2026-05-14 11:56:00,MMA.V,,1.024999976158142,1.024999976158142,1.024999976158142,1.024999976158142,100.0
2026-05-14 11:57:00,FO.V,,0.33500000834465027,0.33500000834465027,0.33500000834465027,0.33500000834465027,197000.0
2026-05-14 11:57:00,GSI.V,,1.25,1.25,1.25,1.25,100.0
2026-05-14 11:57:00,HMR.V,,0.8999999761581421,0.9100000262260437,0.8999999761581421,0.9100000262260437,1000.0
2026-05-14 11:57:00,HSTR.V,,2.2699999809265137,2.2699999809265137,2.2699999809265137,2.2699999809265137,300.0
2026-05-14 11:57:00,LG.V,,0.38499999046325684,0.38499999046325684,0.38499999046325684,0.38499999046325684,5000.0
2026-05-14 11:57:00,LMN.V,,20.18000030517578,20.190000534057617,20.15999984741211,20.15999984741211,797.0
2026-05-14 11:58:00,FO.V,,0.3400000035762787,0.3400000035762787,0.33500000834465027,0.33500000834465027,201800.0
2026-05-14 11:58:00,FWZ.V,,4.550000190734863,4.550000190734863,4.539999961853027,4.539999961853027,5400.0
2026-05-14 11:58:00,GPH.V,,1.149999976158142,1.149999976158142,1.149999976158142,1.149999976158142,100.0
2026-05-14 11:58:00,GSI.V,,1.25,1.25,1.25,1.25,1900.0
2026-05-14 11:58:00,HSTR.V,,2.2699999809265137,2.2699999809265137,2.2699999809265137,2.2699999809265137,600.0
2026-05-14 11:58:00,MLP.V,,2.5,2.5,2.5,2.5,2507.0
2026-05-14 11:58:00,MQM.V,,0.33000001311302185,0.33000001311302185,0.33000001311302185,0.33000001311302185,12500.0
2026-05-14 11:58:00,PNG.V,,7.159999847412109,7.159999847412109,7.159999847412109,7.159999847412109,200.0
2026-05-14 11:59:00,FWZ.V,,4.550000190734863,4.550000190734863,4.550000190734863,4.550000190734863,300.0
2026-05-14 11:59:00,GOT.V,,1.7300000190734863,1.7300000190734863,1.7300000190734863,1.7300000190734863,100.0
2026-05-14 11:59:00,HSTR.V,,2.255000114440918,2.265000104904175,2.255000114440918,2.265000104904175,1800.0
2026-05-14 11:59:00,KDK.V,,1.059999942779541,1.059999942779541,1.059999942779541,1.059999942779541,2370.0
2026-05-14 11:59:00,PNG.V,,7.159999847412109,7.159999847412109,7.150000095367432,7.159999847412109,1450.0
2026-05-14 12:00:00,GPG.V,,0.3499999940395355,0.3499999940395355,0.3499999940395355,0.3499999940395355,80000.0
2026-05-14 12:00:00,GSI.V,,1.2599999904632568,1.2599999904632568,1.2599999904632568,1.2599999904632568,4000.0
2026-05-14 12:00:00,HPQ.V,,0.17499999701976776,0.17499999701976776,0.17499999701976776,0.17499999701976776,6000.0
2026-05-14 12:00:00,PNG.V,,7.170000076293945,7.170000076293945,7.159999847412109,7.159999847412109,3600.0
2026-05-14 12:01:00,GPH.V,,1.149999976158142,1.149999976158142,1.149999976158142,1.149999976158142,100.0
2026-05-14 12:01:00,KNG.V,,1.3200000524520874,1.3200000524520874,1.3200000524520874,1.3200000524520874,800.0
2026-05-14 12:01:00,KTN.V,,1.600000023841858,1.600000023841858,1.600000023841858,1.600000023841858,600.0
2026-05-14 12:01:00,LMN.V,,20.09000015258789,20.09000015258789,20.09000015258789,20.09000015258789,100.0
2026-05-14 12:01:00,MASS.V,,0.12999999523162842,0.12999999523162842,0.12999999523162842,0.12999999523162842,500.0
2026-05-14 12:01:00,MMA.V,,1.0149999856948853,1.024999976158142,1.0149999856948853,1.024999976158142,22700.0
2026-05-14 12:01:00,PNG.V,,7.179999828338623,7.179999828338623,7.179999828338623,7.179999828338623,1000.0
2026-05-14 12:01:00,ROAR.V,,0.18000000715255737,0.18000000715255737,0.18000000715255737,0.18000000715255737,0.0
2026-05-14 12:01:00,TUF.V,,0.8100000023841858,0.8100000023841858,0.8100000023841858,0.8100000023841858,66500.0
2026-05-14 12:01:00,YGT.V,,0.20499999821186066,0.20499999821186066,0.20499999821186066,0.20499999821186066,8000.0
2026-05-14 12:02:00,FO.V,,0.3449999988079071,0.3449999988079071,0.3449999988079071,0.3449999988079071,21000.0
2026-05-14 12:02:00,FOR.V,,0.6499999761581421,0.6499999761581421,0.6499999761581421,0.6499999761581421,5000.0
2026-05-14 12:02:00,HSTR.V,,2.259999990463257,2.259999990463257,2.259999990463257,2.259999990463257,2100.0
2026-05-14 12:02:00,LG.V,,0.38499999046325684,0.38499999046325684,0.38499999046325684,0.38499999046325684,5000.0
2026-05-14 12:02:00,LITH.V,,0.7200000286102295,0.7200000286102295,0.7200000286102295,0.7200000286102295,9500.0
2026-05-14 12:02:00,LMG.V,,0.4699999988079071,0.4699999988079071,0.4699999988079071,0.4699999988079071,4000.0
2026-05-14 12:02:00,MGM.V,,3.7100000381469727,3.7100000381469727,3.7100000381469727,3.7100000381469727,800.0
2026-05-14 12:02:00,MMA.V,,1.0049999952316284,1.0099999904632568,1.0049999952316284,1.0099999904632568,37500.0
2026-05-14 12:02:00,PNG.V,,7.179999828338623,7.179999828338623,7.179999828338623,7.179999828338623,196.0
2026-05-14 12:02:00,TUF.V,,0.8199999928474426,0.8199999928474426,0.8199999928474426,0.8199999928474426,25377.0
2026-05-14 12:02:00,YGT.V,,0.20499999821186066,0.20499999821186066,0.20499999821186066,0.20499999821186066,1500.0
2026-05-14 12:03:00,EQTY.V,,0.3449999988079071,0.3449999988079071,0.3449999988079071,0.3449999988079071,1500.0
2026-05-14 12:03:00,GPH.V,,1.149999976158142,1.149999976158142,1.149999976158142,1.149999976158142,100.0
2026-05-14 12:03:00,GQC.V,,0.5249999761581421,0.5249999761581421,0.5249999761581421,0.5249999761581421,500.0
2026-05-14 12:03:00,GSI.V,,1.2599999904632568,1.2599999904632568,1.2599999904632568,1.2599999904632568,3200.0
2026-05-14 12:03:00,LG.V,,0.38499999046325684,0.38499999046325684,0.38499999046325684,0.38499999046325684,5000.0
2026-05-14 12:03:00,LMN.V,,20.09000015258789,20.09000015258789,20.09000015258789,20.09000015258789,100.0
2026-05-14 12:03:00,MGM.V,,3.700000047683716,3.700000047683716,3.694999933242798,3.700000047683716,1695.0
2026-05-14 12:03:00,PNG.V,,7.190000057220459,7.190000057220459,7.179999828338623,7.179999828338623,2479.0
2026-05-14 12:03:00,TUF.V,,0.8199999928474426,0.8199999928474426,0.8149999976158142,0.8199999928474426,2000.0
2026-05-14 12:03:00,YGT.V,,0.20499999821186066,0.20499999821186066,0.20499999821186066,0.20499999821186066,500.0
2026-05-14 12:04:00,FO.V,,0.3449999988079071,0.3449999988079071,0.3449999988079071,0.3449999988079071,1000.0
2026-05-14 12:04:00,FWZ.V,,4.559999942779541,4.559999942779541,4.559999942779541,4.559999942779541,100.0
2026-05-14 12:04:00,HCH.V,,1.8799999952316284,1.8799999952316284,1.8799999952316284,1.8799999952316284,763.0
2026-05-14 12:04:00,HPQ.V,,0.17499999701976776,0.17499999701976776,0.17499999701976776,0.17499999701976776,4500.0
2026-05-14 12:04:00,HSTR.V,,2.259999990463257,2.259999990463257,2.259999990463257,2.259999990463257,200.0
2026-05-14 12:04:00,LBNK.V,,0.5699999928474426,0.5699999928474426,0.5699999928474426,0.5699999928474426,34000.0
2026-05-14 12:04:00,MKO.V,,10.9399995803833,10.9399995803833,10.9399995803833,10.9399995803833,200.0
2026-05-14 12:04:00,MMA.V,,1.0099999904632568,1.0099999904632568,1.0049999952316284,1.0049999952316284,8600.0
2026-05-14 12:04:00,PNG.V,,7.184999942779541,7.190000057220459,7.184999942779541,7.184999942779541,3000.0
2026-05-14 12:05:00,FBF.V,,0.9300000071525574,0.9300000071525574,0.9300000071525574,0.9300000071525574,2300.0
2026-05-14 12:05:00,FRED.V,,0.7099999785423279,0.7099999785423279,0.699999988079071,0.699999988079071,18500.0
2026-05-14 12:05:00,GPH.V,,1.149999976158142,1.149999976158142,1.149999976158142,1.149999976158142,100.0
2026-05-14 12:05:00,GQC.V,,0.5299999713897705,0.5299999713897705,0.5299999713897705,0.5299999713897705,500.0
2026-05-14 12:05:00,HELI.V,,0.03500000014901161,0.03500000014901161,0.03500000014901161,0.03500000014901161,1000.0
2026-05-14 12:05:00,KDK.V,,1.0299999713897705,1.0299999713897705,1.0299999713897705,1.0299999713897705,100.0
2026-05-14 12:05:00,KRY.V,,3.2799999713897705,3.2799999713897705,3.2799999713897705,3.2799999713897705,1400.0
2026-05-14 12:05:00,KTN.V,,1.600000023841858,1.6050000190734863,1.600000023841858,1.6050000190734863,700.0
2026-05-14 12:05:00,LG.V,,0.38499999046325684,0.38499999046325684,0.38499999046325684,0.38499999046325684,14000.0
2026-05-14 12:05:00,LMN.V,,20.239999771118164,20.239999771118164,20.239999771118164,20.239999771118164,200.0
2026-05-14 12:05:00,NURS.V,,3.9700000286102295,3.9800000190734863,3.9700000286102295,3.9800000190734863,800.0
2026-05-14 12:05:00,PNG.V,,7.184999942779541,7.184999942779541,7.184999942779541,7.184999942779541,1700.0
2026-05-14 12:05:00,TUF.V,,0.8299999833106995,0.8299999833106995,0.8199999928474426,0.8199999928474426,1000.0
2026-05-14 12:05:00,YGT.V,,0.20499999821186066,0.20499999821186066,0.20499999821186066,0.20499999821186066,1000.0
2026-05-14 12:06:00,FWZ.V,,4.559999942779541,4.559999942779541,4.559999942779541,4.559999942779541,101.0
2026-05-14 12:06:00,GPH.V,,1.149999976158142,1.149999976158142,1.149999976158142,1.149999976158142,100.0
2026-05-14 12:06:00,GQC.V,,0.5299999713897705,0.5299999713897705,0.5299999713897705,0.5299999713897705,500.0
2026-05-14 12:06:00,GSI.V,,1.2599999904632568,1.2599999904632568,1.2599999904632568,1.2599999904632568,2300.0
2026-05-14 12:06:00,HSTR.V,,2.25,2.259999990463257,2.25,2.259999990463257,22200.0
2026-05-14 12:06:00,KRY.V,,3.2899999618530273,3.2899999618530273,3.2899999618530273,3.2899999618530273,100.0
2026-05-14 12:06:00,LQWD.V,,1.059999942779541,1.059999942779541,1.059999942779541,1.059999942779541,5700.0
2026-05-14 12:06:00,PNG.V,,7.190000057220459,7.190000057220459,7.190000057220459,7.190000057220459,677.0
2026-05-14 12:07:00,FWZ.V,,4.559999942779541,4.559999942779541,4.559999942779541,4.559999942779541,105.0
2026-05-14 12:07:00,GSI.V,,1.2599999904632568,1.2599999904632568,1.2599999904632568,1.2599999904632568,1000.0
2026-05-14 12:07:00,HSTR.V,,2.240000009536743,2.240000009536743,2.240000009536743,2.240000009536743,1900.0
2026-05-14 12:07:00,KTN.V,,1.600000023841858,1.600000023841858,1.600000023841858,1.600000023841858,1300.0
2026-05-14 12:07:00,LG.V,,0.38499999046325684,0.38499999046325684,0.38499999046325684,0.38499999046325684,5000.0
2026-05-14 12:07:00,MMA.V,,1.0,1.0099999904632568,1.0,1.0099999904632568,74893.0
2026-05-14 12:07:00,MMG.V,,0.3149999976158142,0.3149999976158142,0.3149999976158142,0.3149999976158142,1000.0
2026-05-14 12:07:00,TUF.V,,0.8299999833106995,0.8299999833106995,0.8199999928474426,0.8199999928474426,7200.0
2026-05-14 12:08:00,BIG.V,,0.6600000262260437,0.6600000262260437,0.6600000262260437,0.6600000262260437,2500.0
2026-05-14 12:08:00,FCLI.V,,0.44999998807907104,0.44999998807907104,0.44999998807907104,0.44999998807907104,2000.0
2026-05-14 12:08:00,FWZ.V,,4.53000020980835,4.53000020980835,4.53000020980835,4.53000020980835,500.0
2026-05-14 12:08:00,GPH.V,,1.149999976158142,1.149999976158142,1.149999976158142,1.149999976158142,100.0
2026-05-14 12:08:00,GQC.V,,0.5299999713897705,0.5299999713897705,0.5299999713897705,0.5299999713897705,500.0
2026-05-14 12:08:00,MMA.V,,1.0049999952316284,1.0049999952316284,1.0049999952316284,1.0049999952316284,200.0
2026-05-14 12:08:00,PNG.V,,7.190000057220459,7.190000057220459,7.184999942779541,7.184999942779541,500.0
2026-05-14 12:08:00,YGT.V,,0.20499999821186066,0.20499999821186066,0.20499999821186066,0.20499999821186066,1000.0
2026-05-14 12:09:00,GGO.V,,1.1399999856948853,1.1399999856948853,1.1399999856948853,1.1399999856948853,100.0
2026-05-14 12:09:00,HMR.V,,0.8899999856948853,0.8899999856948853,0.8899999856948853,0.8899999856948853,500.0
2026-05-14 12:09:00,KTN.V,,1.600000023841858,1.600000023841858,1.600000023841858,1.600000023841858,900.0
2026-05-14 12:09:00,LMN.V,,20.239999771118164,20.239999771118164,20.239999771118164,20.239999771118164,100.0
2026-05-14 12:09:00,NURS.V,,3.9600000381469727,3.9600000381469727,3.9600000381469727,3.9600000381469727,100.0
2026-05-14 12:10:00,GSR.V,,0.6200000047683716,0.6200000047683716,0.6200000047683716,0.6200000047683716,1000.0
2026-05-14 12:10:00,GSTM.V,,0.19499999284744263,0.19499999284744263,0.19499999284744263,0.19499999284744263,15150.0
2026-05-14 12:10:00,HPQ.V,,0.17499999701976776,0.17499999701976776,0.17499999701976776,0.17499999701976776,500.0
2026-05-14 12:10:00,KRY.V,,3.2799999713897705,3.2799999713897705,3.2799999713897705,3.2799999713897705,1800.0
2026-05-14 12:10:00,LG.V,,0.38999998569488525,0.38999998569488525,0.38999998569488525,0.38999998569488525,2500.0
2026-05-14 12:10:00,LME.V,,0.20499999821186066,0.20499999821186066,0.20499999821186066,0.20499999821186066,700.0
2026-05-14 12:10:00,MLP.V,,2.5,2.5,2.5,2.5,3200.0
2026-05-14 12:10:00,MMA.V,,1.0049999952316284,1.0049999952316284,1.0049999952316284,1.0049999952316284,500.0
2026-05-14 12:10:00,TUF.V,,0.8100000023841858,0.8199999928474426,0.8100000023841858,0.8199999928474426,2000.0
2026-05-14 12:11:00,BIG.V,,0.6700000166893005,0.6700000166893005,0.6700000166893005,0.6700000166893005,500.0
2026-05-14 12:11:00,FRED.V,,0.7200000286102295,0.7200000286102295,0.7200000286102295,0.7200000286102295,3500.0
2026-05-14 12:11:00,FWZ.V,,4.5,4.534999847412109,4.5,4.534999847412109,4800.0
2026-05-14 12:11:00,GOT.V,,1.725000023841858,1.725000023841858,1.7200000286102295,1.7200000286102295,12800.0
2026-05-14 12:11:00,GPH.V,,1.149999976158142,1.149999976158142,1.149999976158142,1.149999976158142,100.0
2026-05-14 12:11:00,HSTR.V,,2.240000009536743,2.240000009536743,2.240000009536743,2.240000009536743,200.0
2026-05-14 12:11:00,KDK.V,,1.0299999713897705,1.0299999713897705,1.0299999713897705,1.0299999713897705,100.0
2026-05-14 12:11:00,KTN.V,,1.600000023841858,1.600000023841858,1.590000033378601,1.5950000286102295,1200.0
2026-05-14 12:11:00,LG.V,,0.38999998569488525,0.38999998569488525,0.38999998569488525,0.38999998569488525,500.0
2026-05-14 12:11:00,LQWD.V,,1.059999942779541,1.059999942779541,1.0499999523162842,1.0499999523162842,14400.0
2026-05-14 12:11:00,MMA.V,,1.0099999904632568,1.0099999904632568,1.0099999904632568,1.0099999904632568,1000.0
2026-05-14 12:11:00,PNG.V,,7.190000057220459,7.190000057220459,7.179999828338623,7.184999942779541,800.0
2026-05-14 12:12:00,GG.V,,2.619999885559082,2.619999885559082,2.619999885559082,2.619999885559082,100.0
2026-05-14 12:12:00,HAM.V,,5.175000190734863,5.175000190734863,5.150000095367432,5.150000095367432,3300.0
2026-05-14 12:12:00,HSTR.V,,2.240000009536743,2.240000009536743,2.240000009536743,2.240000009536743,100.0
2026-05-14 12:12:00,IGO.V,,0.10999999940395355,0.10999999940395355,0.10999999940395355,0.10999999940395355,102700.0
2026-05-14 12:12:00,KLD.V,,2.2200000286102295,2.259999990463257,2.2200000286102295,2.259999990463257,800.0
2026-05-14 12:12:00,LIO.V,,0.15000000596046448,0.15000000596046448,0.15000000596046448,0.15000000596046448,500.0
2026-05-14 12:13:00,FWZ.V,,4.510000228881836,4.510000228881836,4.510000228881836,4.510000228881836,100.0
2026-05-14 12:13:00,GGO.V,,1.1299999952316284,1.1299999952316284,1.1299999952316284,1.1299999952316284,1800.0
2026-05-14 12:13:00,GPH.V,,1.149999976158142,1.149999976158142,1.149999976158142,1.149999976158142,100.0
2026-05-14 12:13:00,GQC.V,,0.5249999761581421,0.5249999761581421,0.5249999761581421,0.5249999761581421,1000.0
2026-05-14 12:13:00,HAM.V,,5.150000095367432,5.150000095367432,5.150000095367432,5.150000095367432,100.0
2026-05-14 12:13:00,HSTR.V,,2.240000009536743,2.240000009536743,2.240000009536743,2.240000009536743,100.0
2026-05-14 12:13:00,IGO.V,,0.10999999940395355,0.10999999940395355,0.10999999940395355,0.10999999940395355,10500.0
2026-05-14 12:13:00,LG.V,,0.38999998569488525,0.38999998569488525,0.38999998569488525,0.38999998569488525,2500.0
2026-05-14 12:13:00,MLP.V,,2.5,2.5,2.5,2.5,315.0
2026-05-14 12:13:00,MMA.V,,1.0099999904632568,1.0099999904632568,1.0099999904632568,1.0099999904632568,2400.0
2026-05-14 12:13:00,PNG.V,,7.179999828338623,7.184999942779541,7.179999828338623,7.184999942779541,407.0
2026-05-14 12:14:00,HAM.V,,5.150000095367432,5.150000095367432,5.150000095367432,5.150000095367432,100.0
2026-05-14 12:14:00,HEVI.V,,0.24500000476837158,0.24500000476837158,0.24500000476837158,0.24500000476837158,5000.0
2026-05-14 12:14:00,HME.V,,2.880000114440918,2.880000114440918,2.880000114440918,2.880000114440918,1600.0
2026-05-14 12:14:00,HMR.V,,0.8899999856948853,0.8899999856948853,0.8899999856948853,0.8899999856948853,1000.0
2026-05-14 12:14:00,HSTR.V,,2.240000009536743,2.240000009536743,2.234999895095825,2.240000009536743,300.0
2026-05-14 12:14:00,LTH.V,,1.1200000047683716,1.1299999952316284,1.1200000047683716,1.1299999952316284,4200.0
2026-05-14 12:14:00,NICU.V,,2.5999999046325684,2.5999999046325684,2.5999999046325684,2.5999999046325684,100.0
2026-05-14 12:14:00,NURS.V,,3.9600000381469727,3.990000009536743,3.9600000381469727,3.990000009536743,800.0
2026-05-14 12:14:00,PNG.V,,7.190000057220459,7.190000057220459,7.184999942779541,7.184999942779541,8300.0
2026-05-14 12:14:00,TUF.V,,0.8100000023841858,0.8100000023841858,0.8100000023841858,0.8100000023841858,7500.0
2026-05-14 12:15:00,FWZ.V,,4.510000228881836,4.514999866485596,4.510000228881836,4.514999866485596,1600.0
2026-05-14 12:15:00,GQC.V,,0.5199999809265137,0.5199999809265137,0.5199999809265137,0.5199999809265137,4500.0
2026-05-14 12:15:00,HAM.V,,5.150000095367432,5.150000095367432,5.150000095367432,5.150000095367432,100.0
2026-05-14 12:15:00,HSTR.V,,2.234999895095825,2.240000009536743,2.234999895095825,2.234999895095825,300.0
2026-05-14 12:15:00,LGC.V,,2.049999952316284,2.049999952316284,2.049999952316284,2.049999952316284,5000.0
2026-05-14 12:15:00,LMN.V,,20.110000610351562,20.110000610351562,20.110000610351562,20.110000610351562,100.0
2026-05-14 12:15:00,LTH.V,,1.1200000047683716,1.1200000047683716,1.1200000047683716,1.1200000047683716,7300.0
2026-05-14 12:15:00,PNG.V,,7.21999979019165,7.230000019073486,7.184999942779541,7.184999942779541,16147.0
2026-05-14 12:15:00,TUF.V,,0.8100000023841858,0.8100000023841858,0.8100000023841858,0.8100000023841858,500.0
2026-05-14 12:16:00,FWZ.V,,4.5,4.510000228881836,4.5,4.510000228881836,1800.0
2026-05-14 12:16:00,GPH.V,,1.149999976158142,1.149999976158142,1.149999976158142,1.149999976158142,200.0
2026-05-14 12:16:00,GQC.V,,0.5299999713897705,0.5299999713897705,0.5299999713897705,0.5299999713897705,500.0
2026-05-14 12:16:00,HAM.V,,5.150000095367432,5.150000095367432,5.150000095367432,5.150000095367432,200.0
2026-05-14 12:16:00,HSTR.V,,2.240000009536743,2.240000009536743,2.234999895095825,2.240000009536743,400.0
2026-05-14 12:16:00,LMG.V,,0.47999998927116394,0.47999998927116394,0.47999998927116394,0.47999998927116394,3500.0
2026-05-14 12:16:00,LTH.V,,1.100000023841858,1.1100000143051147,1.100000023841858,1.1100000143051147,64860.0
2026-05-14 12:16:00,MMA.V,,1.0099999904632568,1.0099999904632568,1.0099999904632568,1.0099999904632568,100.0
2026-05-14 12:16:00,NICU.V,,2.5999999046325684,2.5999999046325684,2.5999999046325684,2.5999999046325684,500.0
2026-05-14 12:16:00,PNG.V,,7.255000114440918,7.269999980926514,7.21999979019165,7.230000019073486,25438.0
2026-05-14 12:16:00,TUF.V,,0.8100000023841858,0.8100000023841858,0.8100000023841858,0.8100000023841858,500.0
2026-05-14 12:17:00,FRI.V,,0.07500000298023224,0.07500000298023224,0.07500000298023224,0.07500000298023224,4000.0
2026-05-14 12:17:00,FWZ.V,,4.5,4.5,4.5,4.5,4642.0
2026-05-14 12:17:00,GOT.V,,1.725000023841858,1.725000023841858,1.725000023841858,1.725000023841858,100.0
2026-05-14 12:17:00,GRD.V,,0.08500000089406967,0.08500000089406967,0.08500000089406967,0.08500000089406967,5000.0
2026-05-14 12:17:00,HAM.V,,5.150000095367432,5.150000095367432,5.150000095367432,5.150000095367432,100.0
2026-05-14 12:17:00,HME.V,,2.890000104904175,2.890000104904175,2.890000104904175,2.890000104904175,100.0
2026-05-14 12:17:00,HSTR.V,,2.234999895095825,2.240000009536743,2.234999895095825,2.234999895095825,400.0
2026-05-14 12:17:00,KDK.V,,1.0299999713897705,1.0299999713897705,1.0299999713897705,1.0299999713897705,100.0
2026-05-14 12:17:00,LTH.V,,1.100000023841858,1.100000023841858,1.100000023841858,1.100000023841858,1100.0
2026-05-14 12:17:00,MLP.V,,2.4800000190734863,2.490000009536743,2.4800000190734863,2.490000009536743,1800.0
2026-05-14 12:17:00,MMA.V,,1.0099999904632568,1.0099999904632568,1.0099999904632568,1.0099999904632568,4000.0
2026-05-14 12:17:00,PNG.V,,7.269999980926514,7.269999980926514,7.269999980926514,7.269999980926514,100.0
2026-05-14 12:17:00,TUF.V,,0.8100000023841858,0.8100000023841858,0.8100000023841858,0.8100000023841858,500.0
2026-05-14 12:18:00,GOT.V,,1.7300000190734863,1.7300000190734863,1.7300000190734863,1.7300000190734863,1100.0
2026-05-14 12:18:00,GQC.V,,0.5299999713897705,0.5299999713897705,0.5299999713897705,0.5299999713897705,500.0
2026-05-14 12:18:00,HAM.V,,5.150000095367432,5.150000095367432,5.150000095367432,5.150000095367432,100.0
2026-05-14 12:18:00,HITI.V,,3.3299999237060547,3.3299999237060547,3.3299999237060547,3.3299999237060547,100.0
2026-05-14 12:18:00,HSTR.V,,2.240000009536743,2.240000009536743,2.234999895095825,2.234999895095825,11200.0
2026-05-14 12:18:00,LAB.V,,0.07000000029802322,0.07000000029802322,0.07000000029802322,0.07000000029802322,1000.0
2026-05-14 12:18:00,LMN.V,,20.110000610351562,20.110000610351562,20.110000610351562,20.110000610351562,300.0
2026-05-14 12:18:00,LTH.V,,1.100000023841858,1.100000023841858,1.090000033378601,1.0950000286102295,23500.0
2026-05-14 12:18:00,MKO.V,,10.979999542236328,10.979999542236328,10.979999542236328,10.979999542236328,600.0
2026-05-14 12:18:00,MMA.V,,1.0199999809265137,1.0199999809265137,1.0199999809265137,1.0199999809265137,16600.0
2026-05-14 12:18:00,MSC.V,,0.02500000037252903,0.02500000037252903,0.02500000037252903,0.02500000037252903,7000.0
2026-05-14 12:18:00,PNG.V,,7.260000228881836,7.269999980926514,7.260000228881836,7.269999980926514,4000.0
2026-05-14 12:19:00,GG.V,,2.630000114440918,2.630000114440918,2.630000114440918,2.630000114440918,1300.0
2026-05-14 12:19:00,GPH.V,,1.149999976158142,1.149999976158142,1.149999976158142,1.149999976158142,100.0
2026-05-14 12:19:00,HAM.V,,5.150000095367432,5.150000095367432,5.150000095367432,5.150000095367432,100.0
2026-05-14 12:19:00,HITI.V,,3.3299999237060547,3.3299999237060547,3.3299999237060547,3.3299999237060547,300.0
2026-05-14 12:19:00,HSTR.V,,2.240000009536743,2.240000009536743,2.240000009536743,2.240000009536743,900.0
2026-05-14 12:19:00,LVX.V,,0.8500000238418579,0.8500000238418579,0.8500000238418579,0.8500000238418579,500.0
2026-05-14 12:19:00,MLP.V,,2.4800000190734863,2.4800000190734863,2.4800000190734863,2.4800000190734863,140.0
2026-05-14 12:19:00,MMA.V,,1.0199999809265137,1.0199999809265137,1.0199999809265137,1.0199999809265137,7600.0
2026-05-14 12:19:00,TUF.V,,0.8199999928474426,0.8199999928474426,0.8100000023841858,0.8100000023841858,1000.0
2026-05-14 12:20:00,HAM.V,,5.150000095367432,5.150000095367432,5.150000095367432,5.150000095367432,200.0
2026-05-14 12:20:00,HMR.V,,0.8899999856948853,0.8899999856948853,0.8899999856948853,0.8899999856948853,500.0
2026-05-14 12:20:00,HSTR.V,,2.240000009536743,2.240000009536743,2.240000009536743,2.240000009536743,100.0
2026-05-14 12:20:00,ICM.V,,0.0949999988079071,0.0949999988079071,0.0949999988079071,0.0949999988079071,14000.0
2026-05-14 12:20:00,LIO.V,,0.1550000011920929,0.1550000011920929,0.1550000011920929,0.1550000011920929,5000.0
2026-05-14 12:20:00,LITH.V,,0.7200000286102295,0.7200000286102295,0.7200000286102295,0.7200000286102295,500.0
2026-05-14 12:20:00,MASS.V,,0.13500000536441803,0.13500000536441803,0.13500000536441803,0.13500000536441803,1000.0
2026-05-14 12:20:00,NICU.V,,2.5999999046325684,2.6050000190734863,2.5999999046325684,2.6050000190734863,200.0
2026-05-14 12:20:00,NURS.V,,3.9700000286102295,3.9700000286102295,3.9700000286102295,3.9700000286102295,100.0
2026-05-14 12:20:00,PNG.V,,7.25,7.25,7.25,7.25,1404.0
2026-05-14 12:20:00,TUF.V,,0.8199999928474426,0.8199999928474426,0.8199999928474426,0.8199999928474426,500.0
2026-05-14 12:21:00,BIG.V,,0.6700000166893005,0.6700000166893005,0.6700000166893005,0.6700000166893005,9500.0
2026-05-14 12:21:00,FDR.V,,5.619999885559082,5.619999885559082,5.619999885559082,5.619999885559082,100.0
2026-05-14 12:21:00,GFG.V,,0.1899999976158142,0.1899999976158142,0.1899999976158142,0.1899999976158142,11000.0
2026-05-14 12:21:00,GPH.V,,1.149999976158142,1.149999976158142,1.149999976158142,1.149999976158142,100.0
2026-05-14 12:21:00,GQC.V,,0.5299999713897705,0.5299999713897705,0.5299999713897705,0.5299999713897705,500.0
2026-05-14 12:21:00,HAM.V,,5.150000095367432,5.150000095367432,5.150000095367432,5.150000095367432,100.0
2026-05-14 12:21:00,HSTR.V,,2.240000009536743,2.240000009536743,2.240000009536743,2.240000009536743,6600.0
2026-05-14 12:21:00,LG.V,,0.38749998807907104,0.38749998807907104,0.38749998807907104,0.38749998807907104,500.0
2026-05-14 12:21:00,LMN.V,,20.1200008392334,20.1200008392334,20.1200008392334,20.1200008392334,100.0
2026-05-14 12:21:00,MMA.V,,1.024999976158142,1.024999976158142,1.024999976158142,1.024999976158142,1000.0
2026-05-14 12:21:00,NURS.V,,4.0,4.0,4.0,4.0,340.0
2026-05-14 12:21:00,PNG.V,,7.239999771118164,7.25,7.239999771118164,7.25,6233.0
2026-05-14 12:21:00,TUF.V,,0.8100000023841858,0.8100000023841858,0.8100000023841858,0.8100000023841858,500.0
2026-05-14 12:22:00,BIG.V,,0.6700000166893005,0.6700000166893005,0.6700000166893005,0.6700000166893005,500.0
2026-05-14 12:22:00,GSTM.V,,0.19499999284744263,0.19499999284744263,0.19499999284744263,0.19499999284744263,18500.0
2026-05-14 12:22:00,HAM.V,,5.150000095367432,5.150000095367432,5.150000095367432,5.150000095367432,100.0
2026-05-14 12:22:00,HSTR.V,,2.240000009536743,2.240000009536743,2.240000009536743,2.240000009536743,100.0
2026-05-14 12:22:00,KDK.V,,1.0299999713897705,1.0299999713897705,1.0299999713897705,1.0299999713897705,100.0
2026-05-14 12:22:00,LG.V,,0.38999998569488525,0.38999998569488525,0.38999998569488525,0.38999998569488525,500.0
2026-05-14 12:22:00,LMN.V,,20.1299991607666,20.1299991607666,20.1299991607666,20.1299991607666,100.0
2026-05-14 12:22:00,LTH.V,,1.100000023841858,1.100000023841858,1.100000023841858,1.100000023841858,7800.0
2026-05-14 12:22:00,MKO.V,,10.960000038146973,10.960000038146973,10.960000038146973,10.960000038146973,100.0
2026-05-14 12:22:00,MLP.V,,2.5,2.5,2.5,2.5,200.0
2026-05-14 12:22:00,PNG.V,,7.230000019073486,7.230000019073486,7.230000019073486,7.230000019073486,100.0
2026-05-14 12:23:00,BIG.V,,0.6700000166893005,0.6700000166893005,0.6700000166893005,0.6700000166893005,500.0
2026-05-14 12:23:00,FFOX.V,,0.6499999761581421,0.6499999761581421,0.6499999761581421,0.6499999761581421,4500.0
2026-05-14 12:23:00,FRED.V,,0.7099999785423279,0.7099999785423279,0.7099999785423279,0.7099999785423279,2500.0
2026-05-14 12:23:00,FWZ.V,,4.5,4.5,4.5,4.5,300.0
2026-05-14 12:23:00,GQC.V,,0.5299999713897705,0.5299999713897705,0.5299999713897705,0.5299999713897705,500.0
2026-05-14 12:23:00,HAM.V,,5.150000095367432,5.150000095367432,5.150000095367432,5.150000095367432,100.0
2026-05-14 12:23:00,HME.V,,2.890000104904175,2.890000104904175,2.890000104904175,2.890000104904175,200.0
2026-05-14 12:23:00,HSTR.V,,2.240000009536743,2.240000009536743,2.240000009536743,2.240000009536743,100.0
2026-05-14 12:23:00,LG.V,,0.38999998569488525,0.38999998569488525,0.38999998569488525,0.38999998569488525,5500.0
2026-05-14 12:23:00,LGC.V,,2.0299999713897705,2.0299999713897705,2.0299999713897705,2.0299999713897705,100.0
2026-05-14 12:23:00,LIFT.V,,6.550000190734863,6.550000190734863,6.440000057220459,6.440000057220459,500.0
2026-05-14 12:23:00,LTH.V,,1.090000033378601,1.100000023841858,1.0850000381469727,1.100000023841858,11750.0
2026-05-14 12:23:00,MSC.V,,0.02500000037252903,0.02500000037252903,0.02500000037252903,0.02500000037252903,517000.0
2026-05-14 12:23:00,NHHH.V,,0.03999999910593033,0.03999999910593033,0.03999999910593033,0.03999999910593033,2000.0
2026-05-14 12:23:00,PNG.V,,7.239999771118164,7.239999771118164,7.239999771118164,7.239999771118164,1370.0
2026-05-14 12:23:00,TUF.V,,0.8199999928474426,0.8199999928474426,0.8199999928474426,0.8199999928474426,500.0
2026-05-14 12:24:00,BIG.V,,0.6700000166893005,0.6700000166893005,0.6700000166893005,0.6700000166893005,13000.0
2026-05-14 12:24:00,FFOX.V,,0.6499999761581421,0.6499999761581421,0.6499999761581421,0.6499999761581421,2000.0
2026-05-14 12:24:00,FRED.V,,0.7099999785423279,0.7099999785423279,0.7099999785423279,0.7099999785423279,7000.0
2026-05-14 12:24:00,GPH.V,,1.149999976158142,1.149999976158142,1.149999976158142,1.149999976158142,100.0
2026-05-14 12:24:00,HAM.V,,5.150000095367432,5.150000095367432,5.150000095367432,5.150000095367432,100.0
2026-05-14 12:24:00,HME.V,,2.890000104904175,2.890000104904175,2.890000104904175,2.890000104904175,100.0
2026-05-14 12:24:00,HSTR.V,,2.240000009536743,2.240000009536743,2.240000009536743,2.240000009536743,1300.0
2026-05-14 12:24:00,LIO.V,,0.1550000011920929,0.1550000011920929,0.1550000011920929,0.1550000011920929,1000.0
2026-05-14 12:24:00,LMN.V,,20.1200008392334,20.1200008392334,20.1200008392334,20.1200008392334,100.0
2026-05-14 12:24:00,LQWD.V,,1.0700000524520874,1.0700000524520874,1.0700000524520874,1.0700000524520874,290.0
2026-05-14 12:24:00,LTH.V,,1.1100000143051147,1.1100000143051147,1.0850000381469727,1.0850000381469727,10100.0
2026-05-14 12:24:00,MLP.V,,2.5,2.5,2.5,2.5,200.0
2026-05-14 12:24:00,NURS.V,,4.010000228881836,4.010000228881836,4.010000228881836,4.010000228881836,100.0
2026-05-14 12:24:00,TUF.V,,0.8100000023841858,0.8100000023841858,0.8100000023841858,0.8100000023841858,500.0
2026-05-14 12:25:00,BIG.V,,0.6700000166893005,0.6700000166893005,0.6700000166893005,0.6700000166893005,7500.0
2026-05-14 12:25:00,EQTY.V,,0.3400000035762787,0.3400000035762787,0.3400000035762787,0.3400000035762787,19000.0
2026-05-14 12:25:00,FDR.V,,5.650000095367432,5.650000095367432,5.650000095367432,5.650000095367432,200.0
2026-05-14 12:25:00,FFOX.V,,0.6499999761581421,0.6499999761581421,0.6499999761581421,0.6499999761581421,500.0
2026-05-14 12:25:00,FRED.V,,0.7099999785423279,0.7099999785423279,0.7099999785423279,0.7099999785423279,6000.0
2026-05-14 12:25:00,FWZ.V,,4.5,4.5,4.5,4.5,1622.0
2026-05-14 12:25:00,GG.V,,2.630000114440918,2.630000114440918,2.630000114440918,2.630000114440918,200.0
2026-05-14 12:25:00,GQC.V,,0.5299999713897705,0.5299999713897705,0.5299999713897705,0.5299999713897705,500.0
2026-05-14 12:25:00,HMR.V,,0.8799999952316284,0.8799999952316284,0.8799999952316284,0.8799999952316284,500.0
2026-05-14 12:25:00,HSTR.V,,2.240000009536743,2.240000009536743,2.240000009536743,2.240000009536743,200.0
2026-05-14 12:25:00,LQWD.V,,1.0700000524520874,1.0700000524520874,1.0700000524520874,1.0700000524520874,200.0
2026-05-14 12:25:00,LTH.V,,1.100000023841858,1.1050000190734863,1.0950000286102295,1.1050000190734863,9100.0
2026-05-14 12:25:00,MLP.V,,2.509999990463257,2.5199999809265137,2.5,2.5,6714.0
2026-05-14 12:25:00,ZNG.V,,1.159999966621399,1.159999966621399,1.159999966621399,1.159999966621399,100.0
2026-05-14 12:26:00,FUU.V,,0.16500000655651093,0.16500000655651093,0.16500000655651093,0.16500000655651093,89000.0
2026-05-14 12:26:00,HSTR.V,,2.240000009536743,2.240000009536743,2.240000009536743,2.240000009536743,500.0
2026-05-14 12:26:00,LTH.V,,1.100000023841858,1.100000023841858,1.100000023841858,1.100000023841858,500.0
2026-05-14 12:26:00,MLP.V,,2.509999990463257,2.5199999809265137,2.509999990463257,2.5199999809265137,3700.0
2026-05-14 12:27:00,FRED.V,,0.7099999785423279,0.7099999785423279,0.7099999785423279,0.7099999785423279,20180.0
2026-05-14 12:27:00,GPH.V,,1.149999976158142,1.149999976158142,1.149999976158142,1.149999976158142,100.0
2026-05-14 12:27:00,HSTR.V,,2.240000009536743,2.240000009536743,2.240000009536743,2.240000009536743,2100.0
2026-05-14 12:27:00,KDK.V,,1.0299999713897705,1.0299999713897705,1.0299999713897705,1.0299999713897705,100.0
2026-05-14 12:27:00,LMN.V,,20.100000381469727,20.100000381469727,20.100000381469727,20.100000381469727,200.0
2026-05-14 12:27:00,LTH.V,,1.100000023841858,1.100000023841858,1.100000023841858,1.100000023841858,1300.0
2026-05-14 12:27:00,MLP.V,,2.5299999713897705,2.5299999713897705,2.5299999713897705,2.5299999713897705,517.0
2026-05-14 12:27:00,MMA.V,,1.0099999904632568,1.0099999904632568,1.0099999904632568,1.0099999904632568,5800.0
2026-05-14 12:27:00,PNG.V,,7.239999771118164,7.239999771118164,7.239999771118164,7.239999771118164,100.0
2026-05-14 12:27:00,TUF.V,,0.8100000023841858,0.8100000023841858,0.8050000071525574,0.8050000071525574,5500.0
2026-05-14 12:28:00,GBU.V,,0.16500000655651093,0.16500000655651093,0.16500000655651093,0.16500000655651093,1370.0
2026-05-14 12:28:00,GQC.V,,0.5299999713897705,0.5299999713897705,0.5299999713897705,0.5299999713897705,600.0
2026-05-14 12:28:00,HSTR.V,,2.240000009536743,2.240000009536743,2.240000009536743,2.240000009536743,100.0
2026-05-14 12:28:00,KDK.V,,1.0299999713897705,1.0299999713897705,1.0299999713897705,1.0299999713897705,100.0
2026-05-14 12:28:00,KRY.V,,3.2799999713897705,3.2799999713897705,3.2799999713897705,3.2799999713897705,100.0
2026-05-14 12:28:00,KTN.V,,1.590000033378601,1.590000033378601,1.590000033378601,1.590000033378601,500.0
2026-05-14 12:28:00,LTH.V,,1.100000023841858,1.100000023841858,1.100000023841858,1.100000023841858,600.0
2026-05-14 12:28:00,MMA.V,,1.0199999809265137,1.0199999809265137,1.0199999809265137,1.0199999809265137,5700.0
2026-05-14 12:28:00,NHHH.V,,0.03999999910593033,0.03999999910593033,0.03999999910593033,0.03999999910593033,102500.0
2026-05-14 12:28:00,TUF.V,,0.8199999928474426,0.8199999928474426,0.8199999928474426,0.8199999928474426,500.0
2026-05-14 12:28:00,YGT.V,,0.20499999821186066,0.20499999821186066,0.20499999821186066,0.20499999821186066,500.0
2026-05-14 12:28:00,ZNG.V,,1.149999976158142,1.159999966621399,1.149999976158142,1.159999966621399,200.0
2026-05-14 12:29:00,GBU.V,,0.17000000178813934,0.17000000178813934,0.17000000178813934,0.17000000178813934,1500.0
2026-05-14 12:29:00,GPH.V,,1.149999976158142,1.149999976158142,1.149999976158142,1.149999976158142,129.0
2026-05-14 12:29:00,HEVI.V,,0.24500000476837158,0.24500000476837158,0.24500000476837158,0.24500000476837158,4417.0
2026-05-14 12:29:00,HSTR.V,,2.240000009536743,2.240000009536743,2.240000009536743,2.240000009536743,100.0
2026-05-14 12:29:00,LBNK.V,,0.5699999928474426,0.5699999928474426,0.5699999928474426,0.5699999928474426,10000.0
2026-05-14 12:29:00,LG.V,,0.38999998569488525,0.38999998569488525,0.38999998569488525,0.38999998569488525,3000.0
2026-05-14 12:29:00,LGC.V,,2.0299999713897705,2.0299999713897705,2.0299999713897705,2.0299999713897705,5640.0
2026-05-14 12:29:00,MINE.V,,0.12999999523162842,0.12999999523162842,0.12999999523162842,0.12999999523162842,1000.0
2026-05-14 12:29:00,MLP.V,,2.5399999618530273,2.5399999618530273,2.5399999618530273,2.5399999618530273,700.0
2026-05-14 12:29:00,PNG.V,,7.21999979019165,7.21999979019165,7.21999979019165,7.21999979019165,400.0
2026-05-14 12:30:00,BIG.V,,0.6700000166893005,0.6700000166893005,0.6700000166893005,0.6700000166893005,500.0
2026-05-14 12:30:00,GPH.V,,1.149999976158142,1.159999966621399,1.149999976158142,1.159999966621399,200.0
2026-05-14 12:30:00,GQC.V,,0.5299999713897705,0.5299999713897705,0.5299999713897705,0.5299999713897705,500.0
2026-05-14 12:30:00,HMR.V,,0.8799999952316284,0.8799999952316284,0.8799999952316284,0.8799999952316284,500.0
2026-05-14 12:30:00,HSTR.V,,2.240000009536743,2.240000009536743,2.240000009536743,2.240000009536743,100.0
2026-05-14 12:30:00,KRY.V,,3.2799999713897705,3.2799999713897705,3.2799999713897705,3.2799999713897705,2000.0
2026-05-14 12:30:00,LG.V,,0.38999998569488525,0.38999998569488525,0.38999998569488525,0.38999998569488525,30550.0
2026-05-14 12:30:00,LMN.V,,20.100000381469727,20.100000381469727,20.100000381469727,20.100000381469727,100.0
2026-05-14 12:30:00,LVX.V,,0.8399999737739563,0.8399999737739563,0.8399999737739563,0.8399999737739563,1000.0
2026-05-14 12:30:00,NICU.V,,2.5999999046325684,2.5999999046325684,2.5999999046325684,2.5999999046325684,1900.0
2026-05-14 12:30:00,PNG.V,,7.199999809265137,7.199999809265137,7.199999809265137,7.199999809265137,100.0
2026-05-14 12:30:00,TUF.V,,0.8199999928474426,0.8199999928474426,0.8199999928474426,0.8199999928474426,500.0
2026-05-14 12:30:00,ZNG.V,,1.159999966621399,1.159999966621399,1.159999966621399,1.159999966621399,100.0
2026-05-14 12:31:00,HELI.V,,0.03999999910593033,0.03999999910593033,0.03999999910593033,0.03999999910593033,1467.0
2026-05-14 12:31:00,HSTR.V,,2.240000009536743,2.240000009536743,2.240000009536743,2.240000009536743,200.0
2026-05-14 12:31:00,KRY.V,,3.319999933242798,3.319999933242798,3.319999933242798,3.319999933242798,306.0
2026-05-14 12:31:00,LG.V,,0.38999998569488525,0.38999998569488525,0.38999998569488525,0.38999998569488525,20000.0
2026-05-14 12:31:00,LTH.V,,1.1100000143051147,1.1100000143051147,1.1050000190734863,1.1050000190734863,1300.0
2026-05-14 12:31:00,PNG.V,,7.199999809265137,7.21999979019165,7.199999809265137,7.21999979019165,725.0
2026-05-14 12:31:00,TUF.V,,0.8100000023841858,0.8100000023841858,0.8100000023841858,0.8100000023841858,500.0
2026-05-14 12:32:00,BIG.V,,0.6700000166893005,0.6700000166893005,0.6700000166893005,0.6700000166893005,1000.0
2026-05-14 12:32:00,FO.V,,0.3400000035762787,0.3400000035762787,0.3400000035762787,0.3400000035762787,40000.0
2026-05-14 12:32:00,GQC.V,,0.5299999713897705,0.5299999713897705,0.5299999713897705,0.5299999713897705,500.0
2026-05-14 12:32:00,HAR.V,,0.05000000074505806,0.05000000074505806,0.05000000074505806,0.05000000074505806,21000.0
2026-05-14 12:32:00,HME.V,,2.880000114440918,2.880000114440918,2.880000114440918,2.880000114440918,700.0
2026-05-14 12:32:00,HSTR.V,,2.240000009536743,2.240000009536743,2.240000009536743,2.240000009536743,400.0
2026-05-14 12:32:00,KNG.V,,1.3300000429153442,1.3300000429153442,1.3300000429153442,1.3300000429153442,1000.0
2026-05-14 12:32:00,LMN.V,,20.100000381469727,20.100000381469727,20.100000381469727,20.100000381469727,100.0
2026-05-14 12:32:00,LTH.V,,1.1100000143051147,1.1100000143051147,1.1100000143051147,1.1100000143051147,800.0
2026-05-14 12:32:00,MKO.V,,10.949999809265137,10.949999809265137,10.949999809265137,10.949999809265137,100.0
2026-05-14 12:32:00,TUF.V,,0.8100000023841858,0.8100000023841858,0.8100000023841858,0.8100000023841858,500.0
2026-05-14 12:33:00,BIG.V,,0.6700000166893005,0.6700000166893005,0.6700000166893005,0.6700000166893005,500.0
2026-05-14 12:33:00,FO.V,,0.3400000035762787,0.3400000035762787,0.33500000834465027,0.33500000834465027,25500.0
2026-05-14 12:33:00,GPH.V,,1.149999976158142,1.149999976158142,1.149999976158142,1.149999976158142,100.0
2026-05-14 12:33:00,GSI.V,,1.25,1.25,1.25,1.25,100.0
2026-05-14 12:33:00,HME.V,,2.890000104904175,2.890000104904175,2.884999990463257,2.884999990463257,600.0
2026-05-14 12:33:00,HSTR.V,,2.240000009536743,2.240000009536743,2.240000009536743,2.240000009536743,800.0
2026-05-14 12:33:00,IVS.V,,0.24500000476837158,0.24500000476837158,0.24500000476837158,0.24500000476837158,8000.0
2026-05-14 12:33:00,KTN.V,,1.590000033378601,1.5950000286102295,1.590000033378601,1.5950000286102295,7400.0
2026-05-14 12:33:00,LG.V,,0.38999998569488525,0.38999998569488525,0.38999998569488525,0.38999998569488525,5000.0
2026-05-14 12:33:00,LGC.V,,2.0299999713897705,2.0299999713897705,2.0199999809265137,2.0199999809265137,300.0
2026-05-14 12:33:00,LME.V,,0.20000000298023224,0.20499999821186066,0.20000000298023224,0.20499999821186066,4000.0
2026-05-14 12:33:00,LMN.V,,20.100000381469727,20.100000381469727,20.100000381469727,20.100000381469727,100.0
2026-05-14 12:33:00,LTH.V,,1.1100000143051147,1.1100000143051147,1.1100000143051147,1.1100000143051147,400.0
2026-05-14 12:33:00,PNG.V,,7.210000038146973,7.21999979019165,7.210000038146973,7.21999979019165,4700.0
2026-05-14 12:33:00,ZNG.V,,1.149999976158142,1.149999976158142,1.149999976158142,1.149999976158142,200.0
2026-05-14 12:34:00,BIG.V,,0.6700000166893005,0.6700000166893005,0.6700000166893005,0.6700000166893005,500.0
2026-05-14 12:34:00,FO.V,,0.3400000035762787,0.3400000035762787,0.33500000834465027,0.33500000834465027,29000.0
2026-05-14 12:34:00,GSI.V,,1.25,1.25,1.25,1.25,100.0
2026-05-14 12:34:00,HSTR.V,,2.240000009536743,2.240000009536743,2.240000009536743,2.240000009536743,500.0
2026-05-14 12:34:00,IMI.V,,0.0949999988079071,0.0949999988079071,0.0949999988079071,0.0949999988079071,0.0
2026-05-14 12:34:00,KDK.V,,1.0299999713897705,1.0299999713897705,1.0299999713897705,1.0299999713897705,100.0
2026-05-14 12:34:00,KLD.V,,2.2200000286102295,2.2200000286102295,2.2200000286102295,2.2200000286102295,2700.0
2026-05-14 12:34:00,LG.V,,0.38999998569488525,0.38999998569488525,0.38999998569488525,0.38999998569488525,22500.0
2026-05-14 12:34:00,LTH.V,,1.1100000143051147,1.1100000143051147,1.1100000143051147,1.1100000143051147,400.0
2026-05-14 12:34:00,PNG.V,,7.21999979019165,7.21999979019165,7.21999979019165,7.21999979019165,250.0
2026-05-14 12:35:00,BIG.V,,0.6700000166893005,0.6700000166893005,0.6700000166893005,0.6700000166893005,500.0
2026-05-14 12:35:00,FWZ.V,,4.510000228881836,4.510000228881836,4.510000228881836,4.510000228881836,100.0
2026-05-14 12:35:00,GQC.V,,0.5199999809265137,0.5299999713897705,0.5199999809265137,0.5299999713897705,3500.0
2026-05-14 12:35:00,HSTR.V,,2.240000009536743,2.240000009536743,2.240000009536743,2.240000009536743,600.0
2026-05-14 12:35:00,LG.V,,0.38999998569488525,0.38999998569488525,0.38999998569488525,0.38999998569488525,10000.0
2026-05-14 12:35:00,LIFT.V,,6.25,6.260000228881836,6.25,6.260000228881836,200.0
2026-05-14 12:35:00,LTH.V,,1.1100000143051147,1.1100000143051147,1.1100000143051147,1.1100000143051147,1200.0
2026-05-14 12:35:00,LVG.V,,0.3400000035762787,0.3400000035762787,0.3400000035762787,0.3400000035762787,18000.0
2026-05-14 12:35:00,MLP.V,,2.5299999713897705,2.5299999713897705,2.5299999713897705,2.5299999713897705,4800.0
2026-05-14 12:35:00,NURS.V,,4.010000228881836,4.010000228881836,4.010000228881836,4.010000228881836,100.0
2026-05-14 12:35:00,PNG.V,,7.239999771118164,7.239999771118164,7.239999771118164,7.239999771118164,200.0
2026-05-14 12:35:00,TUF.V,,0.8149999976158142,0.8149999976158142,0.8149999976158142,0.8149999976158142,500.0
2026-05-14 12:36:00,EQTY.V,,0.3400000035762787,0.3400000035762787,0.3400000035762787,0.3400000035762787,2000.0
2026-05-14 12:36:00,GOT.V,,1.7300000190734863,1.7300000190734863,1.7300000190734863,1.7300000190734863,600.0
2026-05-14 12:36:00,GPH.V,,1.149999976158142,1.149999976158142,1.149999976158142,1.149999976158142,100.0
2026-05-14 12:36:00,GQC.V,,0.5299999713897705,0.5299999713897705,0.5299999713897705,0.5299999713897705,500.0
2026-05-14 12:36:00,HME.V,,2.890000104904175,2.890000104904175,2.890000104904175,2.890000104904175,100.0
2026-05-14 12:36:00,HSTR.V,,2.240000009536743,2.240000009536743,2.240000009536743,2.240000009536743,300.0
2026-05-14 12:36:00,LTH.V,,1.1050000190734863,1.1100000143051147,1.1050000190734863,1.1100000143051147,900.0
2026-05-14 12:36:00,LVG.V,,0.3400000035762787,0.3400000035762787,0.33250001072883606,0.33250001072883606,23500.0
2026-05-14 12:36:00,MLP.V,,2.509999990463257,2.509999990463257,2.509999990463257,2.509999990463257,100.0
2026-05-14 12:36:00,MMA.V,,1.0199999809265137,1.0199999809265137,1.0199999809265137,1.0199999809265137,500.0
2026-05-14 12:37:00,FRED.V,,0.7200000286102295,0.7200000286102295,0.7200000286102295,0.7200000286102295,3500.0
2026-05-14 12:37:00,GG.V,,2.5999999046325684,2.630000114440918,2.5999999046325684,2.630000114440918,6000.0
2026-05-14 12:37:00,GRG.V,,0.0949999988079071,0.0949999988079071,0.0949999988079071,0.0949999988079071,4000.0
2026-05-14 12:37:00,HI.V,,0.16500000655651093,0.16500000655651093,0.16500000655651093,0.16500000655651093,8000.0
2026-05-14 12:37:00,HME.V,,2.869999885559082,2.884999990463257,2.869999885559082,2.884999990463257,42300.0
2026-05-14 12:37:00,HSTR.V,,2.234999895095825,2.240000009536743,2.234999895095825,2.240000009536743,300.0
2026-05-14 12:37:00,LAB.V,,0.07000000029802322,0.07000000029802322,0.07000000029802322,0.07000000029802322,28000.0
2026-05-14 12:37:00,LG.V,,0.38999998569488525,0.38999998569488525,0.38999998569488525,0.38999998569488525,2500.0
2026-05-14 12:37:00,MLP.V,,2.5299999713897705,2.5299999713897705,2.5199999809265137,2.5199999809265137,3900.0
2026-05-14 12:37:00,NICU.V,,2.5950000286102295,2.5950000286102295,2.5950000286102295,2.5950000286102295,500.0
2026-05-14 12:37:00,PNG.V,,7.230000019073486,7.230000019073486,7.224999904632568,7.224999904632568,400.0
2026-05-14 12:37:00,TUF.V,,0.8100000023841858,0.8100000023841858,0.8100000023841858,0.8100000023841858,500.0
2026-05-14 12:38:00,BIG.V,,0.6700000166893005,0.6700000166893005,0.6700000166893005,0.6700000166893005,1000.0
2026-05-14 12:38:00,FWZ.V,,4.510000228881836,4.510000228881836,4.510000228881836,4.510000228881836,100.0
2026-05-14 12:38:00,GQC.V,,0.5299999713897705,0.5299999713897705,0.5299999713897705,0.5299999713897705,500.0
2026-05-14 12:38:00,GUG.V,,0.06499999761581421,0.06499999761581421,0.06499999761581421,0.06499999761581421,11000.0
2026-05-14 12:38:00,HME.V,,2.869999885559082,2.869999885559082,2.859999895095825,2.859999895095825,11600.0
2026-05-14 12:38:00,HSTR.V,,2.234999895095825,2.240000009536743,2.234999895095825,2.234999895095825,500.0
2026-05-14 12:38:00,LG.V,,0.39500001072883606,0.39500001072883606,0.39500001072883606,0.39500001072883606,18500.0
2026-05-14 12:38:00,LTH.V,,1.1050000190734863,1.1050000190734863,1.1050000190734863,1.1050000190734863,400.0
2026-05-14 12:38:00,MLP.V,,2.5399999618530273,2.5399999618530273,2.5299999713897705,2.5299999713897705,3217.0
2026-05-14 12:38:00,MMA.V,,1.0199999809265137,1.0199999809265137,1.0199999809265137,1.0199999809265137,200.0
2026-05-14 12:38:00,NICU.V,,2.5999999046325684,2.5999999046325684,2.5999999046325684,2.5999999046325684,100.0
2026-05-14 12:38:00,PNG.V,,7.239999771118164,7.25,7.224999904632568,7.224999904632568,13525.0
2026-05-14 12:38:00,TUF.V,,0.8100000023841858,0.8100000023841858,0.8100000023841858,0.8100000023841858,500.0
2026-05-14 12:39:00,BIG.V,,0.6700000166893005,0.6700000166893005,0.6700000166893005,0.6700000166893005,500.0
2026-05-14 12:39:00,FFOX.V,,0.6600000262260437,0.6600000262260437,0.6600000262260437,0.6600000262260437,1000.0
2026-05-14 12:39:00,FRNT.V,,0.11999999731779099,0.12999999523162842,0.11999999731779099,0.12999999523162842,25500.0
2026-05-14 12:39:00,HME.V,,2.869999885559082,2.869999885559082,2.869999885559082,2.869999885559082,5800.0
2026-05-14 12:39:00,HSTR.V,,2.234999895095825,2.234999895095825,2.234999895095825,2.234999895095825,300.0
2026-05-14 12:39:00,KDK.V,,1.0299999713897705,1.0299999713897705,1.0299999713897705,1.0299999713897705,100.0
2026-05-14 12:39:00,LG.V,,0.39500001072883606,0.39500001072883606,0.39500001072883606,0.39500001072883606,15000.0
2026-05-14 12:39:00,LGC.V,,2.130000114440918,2.130000114440918,2.0399999618530273,2.0399999618530273,5600.0
2026-05-14 12:39:00,LTH.V,,1.1050000190734863,1.1050000190734863,1.1050000190734863,1.1050000190734863,300.0
2026-05-14 12:39:00,LVX.V,,0.8399999737739563,0.8399999737739563,0.8399999737739563,0.8399999737739563,21500.0
2026-05-14 12:39:00,MEX.V,,0.125,0.125,0.125,0.125,0.0
2026-05-14 12:39:00,MKO.V,,10.989999771118164,10.989999771118164,10.989999771118164,10.989999771118164,100.0
2026-05-14 12:39:00,PNG.V,,7.239999771118164,7.239999771118164,7.230000019073486,7.230000019073486,2100.0
2026-05-14 12:39:00,TUF.V,,0.8199999928474426,0.8199999928474426,0.8100000023841858,0.8100000023841858,14000.0
2026-05-14 12:40:00,FYL.V,,0.10499999672174454,0.10499999672174454,0.10499999672174454,0.10499999672174454,5000.0
2026-05-14 12:40:00,GFG.V,,0.1899999976158142,0.1899999976158142,0.1899999976158142,0.1899999976158142,1000.0
2026-05-14 12:40:00,GPH.V,,1.149999976158142,1.149999976158142,1.149999976158142,1.149999976158142,100.0
2026-05-14 12:40:00,GQC.V,,0.5199999809265137,0.5199999809265137,0.5199999809265137,0.5199999809265137,9000.0
2026-05-14 12:40:00,GSI.V,,1.25,1.25,1.25,1.25,900.0
2026-05-14 12:40:00,HMR.V,,0.8799999952316284,0.8799999952316284,0.8799999952316284,0.8799999952316284,1000.0
2026-05-14 12:40:00,HSTR.V,,2.240000009536743,2.240000009536743,2.234999895095825,2.234999895095825,200.0
2026-05-14 12:40:00,LG.V,,0.39500001072883606,0.39500001072883606,0.39500001072883606,0.39500001072883606,10000.0
2026-05-14 12:40:00,LQWD.V,,1.0800000429153442,1.100000023841858,1.0800000429153442,1.100000023841858,600.0
2026-05-14 12:40:00,LTH.V,,1.100000023841858,1.1050000190734863,1.100000023841858,1.1050000190734863,3500.0
2026-05-14 12:40:00,LVX.V,,0.8199999928474426,0.8199999928474426,0.8199999928474426,0.8199999928474426,5950.0
2026-05-14 12:41:00,BIG.V,,0.6700000166893005,0.6700000166893005,0.6700000166893005,0.6700000166893005,500.0
2026-05-14 12:41:00,EQTY.V,,0.3400000035762787,0.3400000035762787,0.3400000035762787,0.3400000035762787,1000.0
2026-05-14 12:41:00,HSTR.V,,2.234999895095825,2.240000009536743,2.234999895095825,2.234999895095825,400.0
2026-05-14 12:41:00,LG.V,,0.39500001072883606,0.39500001072883606,0.39500001072883606,0.39500001072883606,15000.0
2026-05-14 12:41:00,PNG.V,,7.239999771118164,7.239999771118164,7.210000038146973,7.21999979019165,2300.0
2026-05-14 12:41:00,TUF.V,,0.8199999928474426,0.8199999928474426,0.8199999928474426,0.8199999928474426,1000.0
2026-05-14 12:42:00,BIG.V,,0.6700000166893005,0.6700000166893005,0.6700000166893005,0.6700000166893005,500.0
2026-05-14 12:42:00,EQTY.V,,0.3400000035762787,0.3400000035762787,0.3400000035762787,0.3400000035762787,1000.0
2026-05-14 12:42:00,FWZ.V,,4.510000228881836,4.510000228881836,4.510000228881836,4.510000228881836,100.0
2026-05-14 12:42:00,GOT.V,,1.725000023841858,1.725000023841858,1.725000023841858,1.725000023841858,100.0
2026-05-14 12:42:00,GZD.V,,0.07000000029802322,0.07000000029802322,0.07000000029802322,0.07000000029802322,27000.0
2026-05-14 12:42:00,HSTR.V,,2.234999895095825,2.240000009536743,2.234999895095825,2.240000009536743,300.0
2026-05-14 12:42:00,LG.V,,0.39500001072883606,0.39500001072883606,0.39500001072883606,0.39500001072883606,14000.0
2026-05-14 12:42:00,LTH.V,,1.100000023841858,1.100000023841858,1.100000023841858,1.100000023841858,300.0
2026-05-14 12:42:00,MLP.V,,2.549999952316284,2.549999952316284,2.549999952316284,2.549999952316284,600.0
2026-05-14 12:43:00,BIG.V,,0.6700000166893005,0.6700000166893005,0.6700000166893005,0.6700000166893005,600.0
2026-05-14 12:43:00,EQTY.V,,0.3400000035762787,0.3400000035762787,0.3400000035762787,0.3400000035762787,500.0
2026-05-14 12:43:00,GPH.V,,1.149999976158142,1.149999976158142,1.149999976158142,1.149999976158142,100.0
2026-05-14 12:43:00,HITI.V,,3.319999933242798,3.3299999237060547,3.319999933242798,3.3299999237060547,400.0
2026-05-14 12:43:00,HSTR.V,,2.234999895095825,2.240000009536743,2.234999895095825,2.234999895095825,400.0
2026-05-14 12:43:00,LG.V,,0.39500001072883606,0.39500001072883606,0.39500001072883606,0.39500001072883606,4500.0
2026-05-14 12:43:00,LTH.V,,1.100000023841858,1.100000023841858,1.100000023841858,1.100000023841858,600.0
2026-05-14 12:43:00,MLP.V,,2.559999942779541,2.559999942779541,2.559999942779541,2.559999942779541,1700.0
2026-05-14 12:44:00,EQTY.V,,0.3400000035762787,0.3400000035762787,0.3400000035762787,0.3400000035762787,1500.0
2026-05-14 12:44:00,FDR.V,,5.650000095367432,5.650000095367432,5.650000095367432,5.650000095367432,200.0
2026-05-14 12:44:00,GOT.V,,1.7300000190734863,1.7300000190734863,1.7300000190734863,1.7300000190734863,10300.0
2026-05-14 12:44:00,HITI.V,,3.319999933242798,3.319999933242798,3.319999933242798,3.319999933242798,100.0
2026-05-14 12:44:00,HSTR.V,,2.234999895095825,2.240000009536743,2.234999895095825,2.240000009536743,300.0
2026-05-14 12:44:00,LG.V,,0.39500001072883606,0.39500001072883606,0.39500001072883606,0.39500001072883606,10000.0
2026-05-14 12:44:00,LME.V,,0.20499999821186066,0.20999999344348907,0.20499999821186066,0.20999999344348907,1000.0
2026-05-14 12:44:00,LTH.V,,1.100000023841858,1.100000023841858,1.100000023841858,1.100000023841858,600.0
2026-05-14 12:44:00,MLP.V,,2.559999942779541,2.559999942779541,2.559999942779541,2.559999942779541,1000.0
2026-05-14 12:44:00,MMA.V,,1.0099999904632568,1.0099999904632568,1.0099999904632568,1.0099999904632568,36000.0
2026-05-14 12:44:00,PNG.V,,7.210000038146973,7.210000038146973,7.210000038146973,7.210000038146973,253.0
2026-05-14 12:45:00,BIG.V,,0.6700000166893005,0.6700000166893005,0.6700000166893005,0.6700000166893005,500.0
2026-05-14 12:45:00,EQTY.V,,0.3400000035762787,0.3400000035762787,0.3400000035762787,0.3400000035762787,500.0
2026-05-14 12:45:00,FDR.V,,5.650000095367432,5.650000095367432,5.650000095367432,5.650000095367432,1600.0
2026-05-14 12:45:00,FL.V,,0.5699999928474426,0.5699999928474426,0.5699999928474426,0.5699999928474426,500.0
2026-05-14 12:45:00,GAL.V,,0.5400000214576721,0.5400000214576721,0.5400000214576721,0.5400000214576721,20500.0
2026-05-14 12:45:00,HME.V,,2.869999885559082,2.869999885559082,2.869999885559082,2.869999885559082,1900.0
2026-05-14 12:45:00,HSTR.V,,2.240000009536743,2.240000009536743,2.234999895095825,2.234999895095825,17400.0
2026-05-14 12:45:00,KDK.V,,1.0299999713897705,1.0299999713897705,1.0299999713897705,1.0299999713897705,100.0
2026-05-14 12:45:00,LG.V,,0.4000000059604645,0.4000000059604645,0.39500001072883606,0.39500001072883606,40000.0
2026-05-14 12:45:00,LMN.V,,20.18000030517578,20.200000762939453,20.18000030517578,20.18000030517578,1100.0
2026-05-14 12:45:00,LTH.V,,1.100000023841858,1.100000023841858,1.100000023841858,1.100000023841858,300.0
2026-05-14 12:45:00,MMA.V,,1.0099999904632568,1.0099999904632568,1.0099999904632568,1.0099999904632568,3400.0
2026-05-14 12:45:00,PNG.V,,7.190000057220459,7.210000038146973,7.190000057220459,7.210000038146973,5165.0
2026-05-14 12:46:00,EQTY.V,,0.3400000035762787,0.3400000035762787,0.3400000035762787,0.3400000035762787,1500.0
2026-05-14 12:46:00,FWZ.V,,4.510000228881836,4.510000228881836,4.510000228881836,4.510000228881836,100.0
2026-05-14 12:46:00,GPH.V,,1.149999976158142,1.149999976158142,1.149999976158142,1.149999976158142,100.0
2026-05-14 12:46:00,HME.V,,2.869999885559082,2.869999885559082,2.869999885559082,2.869999885559082,800.0
2026-05-14 12:46:00,HSTR.V,,2.240000009536743,2.240000009536743,2.240000009536743,2.240000009536743,200.0
2026-05-14 12:46:00,LG.V,,0.4000000059604645,0.4000000059604645,0.4000000059604645,0.4000000059604645,7500.0
2026-05-14 12:46:00,LIO.V,,0.15000000596046448,0.1550000011920929,0.15000000596046448,0.1550000011920929,30000.0
2026-05-14 12:46:00,LTH.V,,1.100000023841858,1.100000023841858,1.0950000286102295,1.100000023841858,500.0
2026-05-14 12:46:00,MASS.V,,0.13500000536441803,0.13500000536441803,0.13500000536441803,0.13500000536441803,9000.0
2026-05-14 12:46:00,MLP.V,,2.559999942779541,2.559999942779541,2.559999942779541,2.559999942779541,1900.0
2026-05-14 12:46:00,MMA.V,,1.0,1.0,1.0,1.0,83550.0
2026-05-14 12:46:00,PNG.V,,7.199999809265137,7.199999809265137,7.199999809265137,7.199999809265137,400.0
2026-05-14 12:47:00,EQTY.V,,0.3400000035762787,0.3400000035762787,0.3400000035762787,0.3400000035762787,500.0
2026-05-14 12:47:00,GQC.V,,0.5299999713897705,0.5299999713897705,0.5299999713897705,0.5299999713897705,500.0
2026-05-14 12:47:00,HME.V,,2.869999885559082,2.869999885559082,2.869999885559082,2.869999885559082,300.0
2026-05-14 12:47:00,HSTR.V,,2.240000009536743,2.240000009536743,2.240000009536743,2.240000009536743,200.0
2026-05-14 12:47:00,LG.V,,0.4000000059604645,0.4000000059604645,0.4000000059604645,0.4000000059604645,24000.0
2026-05-14 12:47:00,LGC.V,,2.180000066757202,2.180000066757202,2.119999885559082,2.119999885559082,800.0
2026-05-14 12:47:00,LTH.V,,1.100000023841858,1.100000023841858,1.100000023841858,1.100000023841858,300.0
2026-05-14 12:47:00,MMA.V,,1.0,1.0,1.0,1.0,1800.0
2026-05-14 12:47:00,PNG.V,,7.199999809265137,7.210000038146973,7.199999809265137,7.199999809265137,4653.0
2026-05-14 12:47:00,TUF.V,,0.8149999976158142,0.8149999976158142,0.8149999976158142,0.8149999976158142,500.0
2026-05-14 12:48:00,BIG.V,,0.6700000166893005,0.6700000166893005,0.6700000166893005,0.6700000166893005,500.0
2026-05-14 12:48:00,EQTY.V,,0.3400000035762787,0.3400000035762787,0.3400000035762787,0.3400000035762787,1000.0
2026-05-14 12:48:00,HME.V,,2.869999885559082,2.869999885559082,2.869999885559082,2.869999885559082,100.0
2026-05-14 12:48:00,KTO.V,,0.8299999833106995,0.8299999833106995,0.8299999833106995,0.8299999833106995,3000.0
2026-05-14 12:48:00,LG.V,,0.4000000059604645,0.4000000059604645,0.4000000059604645,0.4000000059604645,5000.0
2026-05-14 12:48:00,LTH.V,,1.100000023841858,1.100000023841858,1.100000023841858,1.100000023841858,300.0
2026-05-14 12:48:00,LVG.V,,0.3449999988079071,0.3449999988079071,0.3400000035762787,0.3400000035762787,23500.0
2026-05-14 12:48:00,MKO.V,,10.930000305175781,10.9399995803833,10.930000305175781,10.9399995803833,400.0
2026-05-14 12:48:00,MLP.V,,2.549999952316284,2.549999952316284,2.549999952316284,2.549999952316284,1200.0
2026-05-14 12:48:00,MMA.V,,1.0,1.0,1.0,1.0,1400.0
2026-05-14 12:48:00,TUF.V,,0.8199999928474426,0.8199999928474426,0.8149999976158142,0.8149999976158142,2000.0
2026-05-14 12:49:00,BIG.V,,0.6700000166893005,0.6700000166893005,0.6700000166893005,0.6700000166893005,500.0
2026-05-14 12:49:00,GBU.V,,0.17000000178813934,0.17000000178813934,0.17000000178813934,0.17000000178813934,2000.0
2026-05-14 12:49:00,GG.V,,2.5999999046325684,2.5999999046325684,2.5999999046325684,2.5999999046325684,1900.0
2026-05-14 12:49:00,GPH.V,,1.149999976158142,1.149999976158142,1.149999976158142,1.149999976158142,100.0
2026-05-14 12:49:00,GQC.V,,0.5299999713897705,0.5299999713897705,0.5299999713897705,0.5299999713897705,500.0
2026-05-14 12:49:00,HI.V,,0.16500000655651093,0.16500000655651093,0.16500000655651093,0.16500000655651093,2500.0
2026-05-14 12:49:00,HME.V,,2.869999885559082,2.869999885559082,2.869999885559082,2.869999885559082,1400.0
2026-05-14 12:49:00,HSTR.V,,2.240000009536743,2.240000009536743,2.240000009536743,2.240000009536743,100.0
2026-05-14 12:49:00,LBNK.V,,0.5699999928474426,0.5699999928474426,0.5699999928474426,0.5699999928474426,15000.0
2026-05-14 12:49:00,LVG.V,,0.3499999940395355,0.3499999940395355,0.3400000035762787,0.3400000035762787,14500.0
2026-05-14 12:49:00,MLP.V,,2.5199999809265137,2.5399999618530273,2.5199999809265137,2.5399999618530273,3517.0
2026-05-14 12:49:00,NICU.V,,2.5799999237060547,2.5950000286102295,2.5799999237060547,2.5950000286102295,33400.0
2026-05-14 12:49:00,PNG.V,,7.210000038146973,7.210000038146973,7.199999809265137,7.199999809265137,600.0
2026-05-14 12:49:00,ROAR.V,,0.1850000023841858,0.1850000023841858,0.1850000023841858,0.1850000023841858,5000.0
2026-05-14 12:50:00,BIG.V,,0.6700000166893005,0.6700000166893005,0.6700000166893005,0.6700000166893005,500.0
2026-05-14 12:50:00,FPX.V,,0.5400000214576721,0.5400000214576721,0.5400000214576721,0.5400000214576721,500.0
2026-05-14 12:50:00,FRNT.V,,0.11500000208616257,0.125,0.11500000208616257,0.125,49500.0
2026-05-14 12:50:00,GPG.V,,0.3499999940395355,0.3499999940395355,0.3499999940395355,0.3499999940395355,7500.0
2026-05-14 12:50:00,HMR.V,,0.8799999952316284,0.8799999952316284,0.8799999952316284,0.8799999952316284,1250.0
2026-05-14 12:50:00,HSTR.V,,2.240000009536743,2.240000009536743,2.240000009536743,2.240000009536743,200.0
2026-05-14 12:50:00,JUGR.V,,1.2200000286102295,1.2200000286102295,1.2200000286102295,1.2200000286102295,509.0
2026-05-14 12:50:00,LG.V,,0.4000000059604645,0.4000000059604645,0.4000000059604645,0.4000000059604645,5000.0
2026-05-14 12:50:00,MLP.V,,2.5199999809265137,2.5199999809265137,2.5199999809265137,2.5199999809265137,400.0
2026-05-14 12:50:00,MMA.V,,1.0049999952316284,1.0049999952316284,1.0049999952316284,1.0049999952316284,1000.0
2026-05-14 12:50:00,NURS.V,,4.019999980926514,4.019999980926514,4.019999980926514,4.019999980926514,100.0
2026-05-14 12:50:00,PNG.V,,7.210000038146973,7.210000038146973,7.204999923706055,7.204999923706055,2500.0
2026-05-14 12:50:00,TUF.V,,0.8199999928474426,0.8199999928474426,0.8199999928474426,0.8199999928474426,500.0
2026-05-14 12:51:00,EQTY.V,,0.3400000035762787,0.3400000035762787,0.3400000035762787,0.3400000035762787,1000.0
2026-05-14 12:51:00,HSTR.V,,2.240000009536743,2.240000009536743,2.240000009536743,2.240000009536743,100.0
2026-05-14 12:51:00,IFOS.V,,2.569999933242798,2.569999933242798,2.569999933242798,2.569999933242798,100.0
2026-05-14 12:51:00,KDK.V,,1.0299999713897705,1.0299999713897705,1.0299999713897705,1.0299999713897705,100.0
2026-05-14 12:51:00,MLP.V,,2.4800000190734863,2.509999990463257,2.4800000190734863,2.509999990463257,4600.0
2026-05-14 12:51:00,MMA.V,,1.0,1.0049999952316284,1.0,1.0049999952316284,21900.0
2026-05-14 12:52:00,EQTY.V,,0.3400000035762787,0.3400000035762787,0.3400000035762787,0.3400000035762787,49500.0
2026-05-14 12:52:00,FWZ.V,,4.510000228881836,4.510000228881836,4.510000228881836,4.510000228881836,100.0
2026-05-14 12:52:00,GQC.V,,0.5299999713897705,0.5299999713897705,0.5299999713897705,0.5299999713897705,500.0
2026-05-14 12:52:00,HSTR.V,,2.240000009536743,2.240000009536743,2.240000009536743,2.240000009536743,200.0
2026-05-14 12:52:00,LG.V,,0.4000000059604645,0.4000000059604645,0.4000000059604645,0.4000000059604645,1000.0
2026-05-14 12:52:00,MASS.V,,0.13500000536441803,0.13500000536441803,0.13500000536441803,0.13500000536441803,1000.0
2026-05-14 12:52:00,MLP.V,,2.4800000190734863,2.4800000190734863,2.4800000190734863,2.4800000190734863,300.0
2026-05-14 12:52:00,NICU.V,,2.5799999237060547,2.5799999237060547,2.5799999237060547,2.5799999237060547,300.0
2026-05-14 12:52:00,PNG.V,,7.210000038146973,7.210000038146973,7.199999809265137,7.199999809265137,1900.0
2026-05-14 12:53:00,GPH.V,,1.149999976158142,1.149999976158142,1.149999976158142,1.149999976158142,100.0
2026-05-14 12:53:00,HME.V,,2.875,2.875,2.875,2.875,300.0
2026-05-14 12:53:00,HSTR.V,,2.240000009536743,2.240000009536743,2.234999895095825,2.240000009536743,300.0
2026-05-14 12:53:00,LG.V,,0.4000000059604645,0.4000000059604645,0.4000000059604645,0.4000000059604645,17000.0
2026-05-14 12:53:00,MLP.V,,2.4800000190734863,2.4800000190734863,2.4800000190734863,2.4800000190734863,2117.0
2026-05-14 12:53:00,NICU.V,,2.5799999237060547,2.5799999237060547,2.5799999237060547,2.5799999237060547,5500.0
2026-05-14 12:53:00,PNG.V,,7.21999979019165,7.230000019073486,7.21999979019165,7.21999979019165,2200.0
2026-05-14 12:54:00,FWZ.V,,4.510000228881836,4.510000228881836,4.510000228881836,4.510000228881836,300.0
2026-05-14 12:54:00,HME.V,,2.869999885559082,2.875,2.869999885559082,2.875,224.0
2026-05-14 12:54:00,HSTR.V,,2.240000009536743,2.240000009536743,2.240000009536743,2.240000009536743,100.0
2026-05-14 12:54:00,LMN.V,,20.110000610351562,20.110000610351562,20.110000610351562,20.110000610351562,100.0
2026-05-14 12:54:00,LTH.V,,1.100000023841858,1.100000023841858,1.100000023841858,1.100000023841858,900.0
2026-05-14 12:54:00,MLP.V,,2.4800000190734863,2.4800000190734863,2.4800000190734863,2.4800000190734863,2600.0
2026-05-14 12:54:00,MMA.V,,1.0,1.0,1.0,1.0,1200.0
2026-05-14 12:54:00,PNG.V,,7.21999979019165,7.239999771118164,7.21999979019165,7.230000019073486,4700.0
2026-05-14 12:54:00,TUF.V,,0.8199999928474426,0.8199999928474426,0.8199999928474426,0.8199999928474426,1200.0
2026-05-14 12:55:00,GQC.V,,0.5299999713897705,0.5299999713897705,0.5299999713897705,0.5299999713897705,1000.0
2026-05-14 12:55:00,HME.V,,2.875,2.875,2.875,2.875,300.0
2026-05-14 12:55:00,HSTR.V,,2.240000009536743,2.240000009536743,2.234999895095825,2.240000009536743,400.0
2026-05-14 12:55:00,IPT.V,,0.30000001192092896,0.30000001192092896,0.30000001192092896,0.30000001192092896,6500.0
2026-05-14 12:55:00,LBNK.V,,0.5600000023841858,0.5600000023841858,0.5600000023841858,0.5600000023841858,16500.0
2026-05-14 12:55:00,LMG.V,,0.49000000953674316,0.49000000953674316,0.49000000953674316,0.49000000953674316,1500.0
2026-05-14 12:55:00,MLP.V,,2.4800000190734863,2.4800000190734863,2.4800000190734863,2.4800000190734863,3700.0
2026-05-14 12:55:00,NICU.V,,2.5799999237060547,2.5799999237060547,2.5799999237060547,2.5799999237060547,100.0
2026-05-14 12:55:00,PNG.V,,7.210000038146973,7.230000019073486,7.210000038146973,7.21999979019165,800.0
2026-05-14 12:55:00,TUF.V,,0.8199999928474426,0.8199999928474426,0.8199999928474426,0.8199999928474426,4000.0
2026-05-14 12:56:00,EQTY.V,,0.3400000035762787,0.3400000035762787,0.3400000035762787,0.3400000035762787,500.0
2026-05-14 12:56:00,GPH.V,,1.149999976158142,1.149999976158142,1.149999976158142,1.149999976158142,100.0
2026-05-14 12:56:00,HME.V,,2.880000114440918,2.880000114440918,2.880000114440918,2.880000114440918,200.0
2026-05-14 12:56:00,HSTR.V,,2.234999895095825,2.240000009536743,2.234999895095825,2.234999895095825,500.0
2026-05-14 12:56:00,LG.V,,0.4050000011920929,0.4050000011920929,0.4050000011920929,0.4050000011920929,19000.0
2026-05-14 12:56:00,MLP.V,,2.4800000190734863,2.4800000190734863,2.4700000286102295,2.4700000286102295,4619.0
2026-05-14 12:56:00,PNG.V,,7.230000019073486,7.230000019073486,7.21999979019165,7.230000019073486,1800.0
2026-05-14 12:57:00,EQTY.V,,0.3400000035762787,0.3400000035762787,0.3400000035762787,0.3400000035762787,500.0
2026-05-14 12:57:00,FDR.V,,5.659999847412109,5.670000076293945,5.65500020980835,5.65500020980835,1900.0
2026-05-14 12:57:00,FL.V,,0.5699999928474426,0.5699999928474426,0.5699999928474426,0.5699999928474426,500.0
2026-05-14 12:57:00,GG.V,,2.6500000953674316,2.6500000953674316,2.6500000953674316,2.6500000953674316,100.0
2026-05-14 12:57:00,GQC.V,,0.5199999809265137,0.5199999809265137,0.5149999856948853,0.5149999856948853,1500.0
2026-05-14 12:57:00,HME.V,,2.880000114440918,2.880000114440918,2.880000114440918,2.880000114440918,200.0
2026-05-14 12:57:00,HSTR.V,,2.240000009536743,2.240000009536743,2.240000009536743,2.240000009536743,51900.0
2026-05-14 12:57:00,ICM.V,,0.0949999988079071,0.0949999988079071,0.0949999988079071,0.0949999988079071,25000.0
2026-05-14 12:57:00,KDK.V,,1.0299999713897705,1.0299999713897705,1.0299999713897705,1.0299999713897705,100.0
2026-05-14 12:57:00,KTN.V,,1.600000023841858,1.600000023841858,1.600000023841858,1.600000023841858,100.0
2026-05-14 12:57:00,LG.V,,0.4050000011920929,0.4050000011920929,0.4050000011920929,0.4050000011920929,4000.0
2026-05-14 12:57:00,LGC.V,,2.059999942779541,2.059999942779541,2.059999942779541,2.059999942779541,100.0
2026-05-14 12:57:00,LMN.V,,20.100000381469727,20.100000381469727,20.09000015258789,20.09000015258789,300.0
2026-05-14 12:57:00,LTH.V,,1.1100000143051147,1.1100000143051147,1.1100000143051147,1.1100000143051147,400.0
2026-05-14 12:57:00,MMA.V,,0.9900000095367432,0.9950000047683716,0.9900000095367432,0.9950000047683716,2800.0
2026-05-14 12:57:00,NICU.V,,2.5799999237060547,2.5799999237060547,2.5799999237060547,2.5799999237060547,11200.0
2026-05-14 12:57:00,PNG.V,,7.239999771118164,7.239999771118164,7.239999771118164,7.239999771118164,200.0
2026-05-14 12:57:00,TUF.V,,0.8199999928474426,0.8199999928474426,0.8100000023841858,0.8100000023841858,22140.0
2026-05-14 12:58:00,EQTY.V,,0.3400000035762787,0.3400000035762787,0.3400000035762787,0.3400000035762787,1000.0
2026-05-14 12:58:00,FDR.V,,5.679999828338623,5.679999828338623,5.679999828338623,5.679999828338623,300.0
2026-05-14 12:58:00,FL.V,,0.5699999928474426,0.5699999928474426,0.5699999928474426,0.5699999928474426,500.0
2026-05-14 12:58:00,GFG.V,,0.1899999976158142,0.1899999976158142,0.1899999976158142,0.1899999976158142,9000.0
2026-05-14 12:58:00,HME.V,,2.880000114440918,2.880000114440918,2.880000114440918,2.880000114440918,200.0
2026-05-14 12:58:00,HSTR.V,,2.25,2.25,2.240000009536743,2.240000009536743,25200.0
2026-05-14 12:58:00,LG.V,,0.4099999964237213,0.4099999964237213,0.4099999964237213,0.4099999964237213,60500.0
2026-05-14 12:58:00,MMA.V,,0.9900000095367432,0.9950000047683716,0.9900000095367432,0.9950000047683716,32832.0
2026-05-14 12:58:00,NICU.V,,2.5799999237060547,2.5799999237060547,2.5799999237060547,2.5799999237060547,17000.0
2026-05-14 12:59:00,EQTY.V,,0.3400000035762787,0.3400000035762787,0.3400000035762787,0.3400000035762787,1000.0
2026-05-14 12:59:00,FDR.V,,5.699999809265137,5.699999809265137,5.690000057220459,5.690000057220459,200.0
2026-05-14 12:59:00,FWZ.V,,4.519999980926514,4.519999980926514,4.519999980926514,4.519999980926514,313.0
2026-05-14 12:59:00,GPH.V,,1.149999976158142,1.149999976158142,1.149999976158142,1.149999976158142,200.0
2026-05-14 12:59:00,HME.V,,2.875,2.880000114440918,2.875,2.880000114440918,200.0
2026-05-14 12:59:00,HMR.V,,0.8700000047683716,0.8799999952316284,0.8700000047683716,0.8700000047683716,22500.0
2026-05-14 12:59:00,KTN.V,,1.6050000190734863,1.6050000190734863,1.6050000190734863,1.6050000190734863,100.0
2026-05-14 12:59:00,KTO.V,,0.8299999833106995,0.8299999833106995,0.8299999833106995,0.8299999833106995,1000.0
2026-05-14 12:59:00,LG.V,,0.4050000011920929,0.4099999964237213,0.4050000011920929,0.4099999964237213,67000.0
2026-05-14 12:59:00,MKO.V,,10.989999771118164,10.989999771118164,10.989999771118164,10.989999771118164,400.0
2026-05-14 12:59:00,NHHH.V,,0.04500000178813934,0.04500000178813934,0.04500000178813934,0.04500000178813934,1000.0
2026-05-14 12:59:00,NICU.V,,2.5799999237060547,2.5799999237060547,2.5799999237060547,2.5799999237060547,400.0
2026-05-14 12:59:00,PNG.V,,7.230000019073486,7.239999771118164,7.230000019073486,7.230000019073486,4758.0
2026-05-14 12:59:00,VAND.V,,0.8500000238418579,0.8500000238418579,0.8500000238418579,0.8500000238418579,2500.0
2026-05-14 13:00:00,EQTY.V,,0.3400000035762787,0.3400000035762787,0.3400000035762787,0.3400000035762787,1000.0
2026-05-14 13:00:00,FDR.V,,5.71999979019165,5.71999979019165,5.699999809265137,5.699999809265137,700.0
2026-05-14 13:00:00,FWZ.V,,4.539999961853027,4.539999961853027,4.539999961853027,4.539999961853027,150.0
2026-05-14 13:00:00,GQC.V,,0.5199999809265137,0.5199999809265137,0.5199999809265137,0.5199999809265137,500.0
2026-05-14 13:00:00,HME.V,,2.875,2.875,2.875,2.875,100.0
2026-05-14 13:00:00,HMR.V,,0.8600000143051147,0.8600000143051147,0.8600000143051147,0.8600000143051147,1000.0
2026-05-14 13:00:00,HSTR.V,,2.25,2.25,2.25,2.25,400.0
2026-05-14 13:00:00,ICM.V,,0.0949999988079071,0.0949999988079071,0.0949999988079071,0.0949999988079071,5000.0
2026-05-14 13:00:00,LMN.V,,20.139999389648438,20.149999618530273,20.139999389648438,20.139999389648438,777.0
2026-05-14 13:00:00,NICU.V,,2.5799999237060547,2.5799999237060547,2.575000047683716,2.575000047683716,300.0
2026-05-14 13:00:00,PNG.V,,7.230000019073486,7.230000019073486,7.230000019073486,7.230000019073486,200.0
2026-05-14 13:00:00,TUF.V,,0.8199999928474426,0.8199999928474426,0.8199999928474426,0.8199999928474426,500.0
2026-05-14 13:01:00,EQTY.V,,0.3400000035762787,0.3400000035762787,0.3400000035762787,0.3400000035762787,500.0
2026-05-14 13:01:00,FDR.V,,5.730000019073486,5.730000019073486,5.730000019073486,5.730000019073486,500.0
2026-05-14 13:01:00,GQC.V,,0.5099999904632568,0.5099999904632568,0.5099999904632568,0.5099999904632568,2500.0
2026-05-14 13:01:00,GSTM.V,,0.19499999284744263,0.19499999284744263,0.19499999284744263,0.19499999284744263,5000.0
2026-05-14 13:01:00,GWM.V,,0.6100000143051147,0.6100000143051147,0.6100000143051147,0.6100000143051147,16000.0
2026-05-14 13:01:00,HME.V,,2.875,2.875,2.875,2.875,200.0
2026-05-14 13:01:00,HSTR.V,,2.25,2.25,2.25,2.25,500.0
2026-05-14 13:01:00,LVG.V,,0.3499999940395355,0.3499999940395355,0.3425000011920929,0.3425000011920929,4000.0
2026-05-14 13:01:00,PNG.V,,7.25,7.25,7.230000019073486,7.230000019073486,2894.0
2026-05-14 13:01:00,TUF.V,,0.8199999928474426,0.8199999928474426,0.8199999928474426,0.8199999928474426,10000.0
2026-05-14 13:02:00,EQTY.V,,0.3400000035762787,0.3400000035762787,0.3400000035762787,0.3400000035762787,1500.0
2026-05-14 13:02:00,FDR.V,,5.730000019073486,5.730000019073486,5.730000019073486,5.730000019073486,100.0
2026-05-14 13:02:00,FPX.V,,0.550000011920929,0.550000011920929,0.550000011920929,0.550000011920929,4500.0
2026-05-14 13:02:00,GPH.V,,1.149999976158142,1.149999976158142,1.149999976158142,1.149999976158142,100.0
2026-05-14 13:02:00,GQC.V,,0.5199999809265137,0.5199999809265137,0.5199999809265137,0.5199999809265137,500.0
2026-05-14 13:02:00,GSI.V,,1.25,1.25,1.25,1.25,1300.0
2026-05-14 13:02:00,HME.V,,2.859999895095825,2.869999885559082,2.859999895095825,2.869999885559082,1300.0
2026-05-14 13:02:00,HSTR.V,,2.25,2.25,2.25,2.25,400.0
2026-05-14 13:02:00,IFOS.V,,2.569999933242798,2.569999933242798,2.569999933242798,2.569999933242798,100.0
2026-05-14 13:02:00,KTN.V,,1.6100000143051147,1.6100000143051147,1.6100000143051147,1.6100000143051147,260.0
2026-05-14 13:02:00,LG.V,,0.4050000011920929,0.4050000011920929,0.4050000011920929,0.4050000011920929,7000.0
2026-05-14 13:02:00,NICU.V,,2.5799999237060547,2.5799999237060547,2.575000047683716,2.575000047683716,200.0
2026-05-14 13:02:00,PNG.V,,7.260000228881836,7.260000228881836,7.239999771118164,7.25,5186.0
2026-05-14 13:02:00,TUF.V,,0.8199999928474426,0.8199999928474426,0.8199999928474426,0.8199999928474426,500.0
2026-05-14 13:03:00,EQTY.V,,0.3400000035762787,0.3400000035762787,0.3400000035762787,0.3400000035762787,500.0
2026-05-14 13:03:00,FDR.V,,5.730000019073486,5.730000019073486,5.730000019073486,5.730000019073486,100.0
2026-05-14 13:03:00,GFG.V,,0.19499999284744263,0.19499999284744263,0.19499999284744263,0.19499999284744263,4000.0
2026-05-14 13:03:00,KDK.V,,1.0299999713897705,1.0299999713897705,1.0299999713897705,1.0299999713897705,100.0
2026-05-14 13:03:00,LMN.V,,20.100000381469727,20.100000381469727,20.100000381469727,20.100000381469727,100.0
2026-05-14 13:03:00,PNG.V,,7.264999866485596,7.264999866485596,7.260000228881836,7.260000228881836,850.0
2026-05-14 13:03:00,ROAR.V,,0.1850000023841858,0.1850000023841858,0.1850000023841858,0.1850000023841858,2000.0
2026-05-14 13:03:00,TUF.V,,0.8199999928474426,0.8199999928474426,0.8199999928474426,0.8199999928474426,500.0
2026-05-14 13:04:00,EQTY.V,,0.3400000035762787,0.3400000035762787,0.3400000035762787,0.3400000035762787,1000.0
2026-05-14 13:04:00,GQC.V,,0.5199999809265137,0.5199999809265137,0.5199999809265137,0.5199999809265137,500.0
2026-05-14 13:04:00,HSTR.V,,2.25,2.25,2.25,2.25,300.0
2026-05-14 13:04:00,LG.V,,0.4050000011920929,0.4050000011920929,0.4050000011920929,0.4050000011920929,40000.0
2026-05-14 13:04:00,LIO.V,,0.1550000011920929,0.1550000011920929,0.1550000011920929,0.1550000011920929,6500.0
2026-05-14 13:04:00,NICU.V,,2.5799999237060547,2.5799999237060547,2.5799999237060547,2.5799999237060547,100.0
2026-05-14 13:04:00,PNG.V,,7.28000020980835,7.28000020980835,7.269999980926514,7.269999980926514,4781.0
2026-05-14 13:04:00,TUF.V,,0.8199999928474426,0.8199999928474426,0.8199999928474426,0.8199999928474426,9000.0
2026-05-14 13:05:00,FDR.V,,5.739999771118164,5.739999771118164,5.739999771118164,5.739999771118164,300.0
2026-05-14 13:05:00,GGO.V,,1.1200000047683716,1.1200000047683716,1.1200000047683716,1.1200000047683716,2400.0
2026-05-14 13:05:00,HSTR.V,,2.25,2.25,2.25,2.25,400.0
2026-05-14 13:05:00,LTH.V,,1.1100000143051147,1.1100000143051147,1.1100000143051147,1.1100000143051147,200.0
2026-05-14 13:05:00,MMA.V,,0.9900000095367432,0.9900000095367432,0.9900000095367432,0.9900000095367432,3700.0
2026-05-14 13:05:00,NICU.V,,2.5799999237060547,2.5950000286102295,2.575000047683716,2.575000047683716,11400.0
2026-05-14 13:05:00,PNG.V,,7.289999961853027,7.300000190734863,7.28000020980835,7.289999961853027,3511.0
2026-05-14 13:05:00,TUF.V,,0.8199999928474426,0.8199999928474426,0.8199999928474426,0.8199999928474426,500.0
2026-05-14 13:06:00,EQTY.V,,0.3449999988079071,0.3449999988079071,0.3449999988079071,0.3449999988079071,9000.0
2026-05-14 13:06:00,FDR.V,,5.739999771118164,5.739999771118164,5.739999771118164,5.739999771118164,100.0
2026-05-14 13:06:00,GGO.V,,1.1200000047683716,1.1200000047683716,1.1200000047683716,1.1200000047683716,3900.0
2026-05-14 13:06:00,GPH.V,,1.159999966621399,1.159999966621399,1.149999976158142,1.149999976158142,300.0
2026-05-14 13:06:00,HSTR.V,,2.244999885559082,2.25,2.244999885559082,2.25,1200.0
2026-05-14 13:06:00,HVG.V,,0.054999999701976776,0.054999999701976776,0.054999999701976776,0.054999999701976776,11000.0
2026-05-14 13:06:00,LG.V,,0.4099999964237213,0.4099999964237213,0.4099999964237213,0.4099999964237213,21000.0
2026-05-14 13:06:00,LIO.V,,0.1550000011920929,0.1550000011920929,0.1550000011920929,0.1550000011920929,8000.0
2026-05-14 13:06:00,LTH.V,,1.100000023841858,1.100000023841858,1.100000023841858,1.100000023841858,4900.0
2026-05-14 13:06:00,NICU.V,,2.5799999237060547,2.5799999237060547,2.5799999237060547,2.5799999237060547,1500.0
2026-05-14 13:06:00,NURS.V,,4.019999980926514,4.019999980926514,4.019999980926514,4.019999980926514,100.0
2026-05-14 13:06:00,PNG.V,,7.289999961853027,7.300000190734863,7.28000020980835,7.28000020980835,2200.0
2026-05-14 13:06:00,TUF.V,,0.8199999928474426,0.8199999928474426,0.8199999928474426,0.8199999928474426,500.0
2026-05-14 13:07:00,FO.V,,0.33500000834465027,0.33500000834465027,0.3199999928474426,0.33000001311302185,1022340.0
2026-05-14 13:07:00,GFM-H.V,,0.36500000953674316,0.36500000953674316,0.36500000953674316,0.36500000953674316,0.0
2026-05-14 13:07:00,GPH.V,,1.159999966621399,1.159999966621399,1.159999966621399,1.159999966621399,1000.0
2026-05-14 13:07:00,GQC.V,,0.5199999809265137,0.5199999809265137,0.5199999809265137,0.5199999809265137,500.0
2026-05-14 13:07:00,HSTR.V,,2.244999885559082,2.25,2.244999885559082,2.25,700.0
2026-05-14 13:07:00,KDK.V,,1.0299999713897705,1.0299999713897705,1.0299999713897705,1.0299999713897705,200.0
2026-05-14 13:07:00,LIO.V,,0.1550000011920929,0.1550000011920929,0.1550000011920929,0.1550000011920929,1000.0
2026-05-14 13:07:00,LQWD.V,,1.100000023841858,1.100000023841858,1.090000033378601,1.090000033378601,600.0
2026-05-14 13:07:00,LVG.V,,0.3425000011920929,0.3425000011920929,0.3425000011920929,0.3425000011920929,1500.0
2026-05-14 13:07:00,PNG.V,,7.269999980926514,7.269999980926514,7.269999980926514,7.269999980926514,1234.0
2026-05-14 13:07:00,TUF.V,,0.8399999737739563,0.8399999737739563,0.8199999928474426,0.8199999928474426,123730.0
2026-05-14 13:08:00,FDR.V,,5.739999771118164,5.739999771118164,5.739999771118164,5.739999771118164,102.0
2026-05-14 13:08:00,HME.V,,2.869999885559082,2.869999885559082,2.869999885559082,2.869999885559082,100.0
2026-05-14 13:08:00,HSTR.V,,2.25,2.25,2.25,2.25,1800.0
2026-05-14 13:08:00,KTN.V,,1.6100000143051147,1.6100000143051147,1.6100000143051147,1.6100000143051147,100.0
2026-05-14 13:08:00,NICU.V,,2.5799999237060547,2.5799999237060547,2.575000047683716,2.575000047683716,200.0
2026-05-14 13:08:00,PNG.V,,7.269999980926514,7.269999980926514,7.269999980926514,7.269999980926514,2530.0
2026-05-14 13:08:00,TUF.V,,0.8500000238418579,0.8500000238418579,0.8500000238418579,0.8500000238418579,1100.0
2026-05-14 13:09:00,EQTY.V,,0.3400000035762787,0.3400000035762787,0.3400000035762787,0.3400000035762787,100000.0
2026-05-14 13:09:00,GOT.V,,1.7300000190734863,1.7300000190734863,1.7300000190734863,1.7300000190734863,100.0
2026-05-14 13:09:00,GRG.V,,0.0949999988079071,0.0949999988079071,0.0949999988079071,0.0949999988079071,13000.0
2026-05-14 13:09:00,GSI.V,,1.25,1.25,1.25,1.25,700.0
2026-05-14 13:09:00,HME.V,,2.869999885559082,2.869999885559082,2.869999885559082,2.869999885559082,100.0
2026-05-14 13:09:00,HSTR.V,,2.244999885559082,2.25,2.244999885559082,2.25,1200.0
2026-05-14 13:09:00,LG.V,,0.4050000011920929,0.4050000011920929,0.4000000059604645,0.4050000011920929,30000.0
2026-05-14 13:09:00,LTH.V,,1.100000023841858,1.100000023841858,1.100000023841858,1.100000023841858,400.0
2026-05-14 13:09:00,MMA.V,,0.9950000047683716,0.9950000047683716,0.9950000047683716,0.9950000047683716,400.0
2026-05-14 13:09:00,PNG.V,,7.269999980926514,7.269999980926514,7.269999980926514,7.269999980926514,400.0
2026-05-14 13:09:00,TUF.V,,0.8500000238418579,0.8500000238418579,0.8450000286102295,0.8450000286102295,1000.0
2026-05-14 13:10:00,GSI.V,,1.25,1.25,1.25,1.25,700.0
2026-05-14 13:10:00,HME.V,,2.865000009536743,2.865000009536743,2.865000009536743,2.865000009536743,100.0
2026-05-14 13:10:00,HMR.V,,0.8600000143051147,0.8600000143051147,0.8600000143051147,0.8600000143051147,500.0
2026-05-14 13:10:00,HSTR.V,,2.25,2.25,2.244999885559082,2.25,400.0
2026-05-14 13:10:00,KDK.V,,1.0299999713897705,1.0299999713897705,1.0299999713897705,1.0299999713897705,100.0
2026-05-14 13:10:00,LG.V,,0.4050000011920929,0.4050000011920929,0.4050000011920929,0.4050000011920929,10000.0
2026-05-14 13:10:00,NHHH.V,,0.03999999910593033,0.03999999910593033,0.03999999910593033,0.03999999910593033,10000.0
2026-05-14 13:10:00,NICU.V,,2.5799999237060547,2.5799999237060547,2.5799999237060547,2.5799999237060547,100.0
2026-05-14 13:10:00,PNG.V,,7.25,7.260000228881836,7.25,7.260000228881836,500.0
2026-05-14 13:10:00,TUF.V,,0.8500000238418579,0.8500000238418579,0.8450000286102295,0.8500000238418579,3000.0
2026-05-14 13:11:00,FBF.V,,0.949999988079071,0.949999988079071,0.949999988079071,0.949999988079071,200.0
2026-05-14 13:11:00,GSTM.V,,0.19499999284744263,0.19499999284744263,0.19499999284744263,0.19499999284744263,7000.0
2026-05-14 13:11:00,HSTR.V,,2.25,2.25,2.244999885559082,2.25,1000.0
2026-05-14 13:11:00,LG.V,,0.4050000011920929,0.4050000011920929,0.4025000035762787,0.4025000035762787,9100.0
2026-05-14 13:11:00,LIO.V,,0.1550000011920929,0.1550000011920929,0.1550000011920929,0.1550000011920929,500.0
2026-05-14 13:11:00,LME.V,,0.2150000035762787,0.2150000035762787,0.20999999344348907,0.20999999344348907,2000.0
2026-05-14 13:11:00,LTH.V,,1.0950000286102295,1.0950000286102295,1.0950000286102295,1.0950000286102295,500.0
2026-05-14 13:11:00,PNG.V,,7.260000228881836,7.260000228881836,7.260000228881836,7.260000228881836,1600.0
2026-05-14 13:11:00,TUF.V,,0.8399999737739563,0.8500000238418579,0.8399999737739563,0.8500000238418579,9000.0
2026-05-14 13:12:00,BIG.V,,0.6700000166893005,0.6700000166893005,0.6700000166893005,0.6700000166893005,500.0
2026-05-14 13:12:00,HSTR.V,,2.25,2.25,2.244999885559082,2.244999885559082,500.0
2026-05-14 13:12:00,LTH.V,,1.0950000286102295,1.0950000286102295,1.0950000286102295,1.0950000286102295,200.0
2026-05-14 13:12:00,LVX.V,,0.8399999737739563,0.8399999737739563,0.8299999833106995,0.8299999833106995,1931.0
2026-05-14 13:12:00,MGM.V,,3.7300000190734863,3.7300000190734863,3.7100000381469727,3.7100000381469727,900.0
2026-05-14 13:12:00,PNG.V,,7.260000228881836,7.260000228881836,7.260000228881836,7.260000228881836,100.0
2026-05-14 13:13:00,HME.V,,2.865000009536743,2.865000009536743,2.865000009536743,2.865000009536743,100.0
2026-05-14 13:13:00,HSTR.V,,2.244999885559082,2.25,2.244999885559082,2.244999885559082,800.0
2026-05-14 13:13:00,KLD.V,,2.2300000190734863,2.2300000190734863,2.2300000190734863,2.2300000190734863,100.0
2026-05-14 13:13:00,LTH.V,,1.0950000286102295,1.0950000286102295,1.0950000286102295,1.0950000286102295,200.0
2026-05-14 13:13:00,MKO.V,,10.949999809265137,10.949999809265137,10.949999809265137,10.949999809265137,300.0
2026-05-14 13:13:00,MLP.V,,2.4800000190734863,2.4800000190734863,2.4800000190734863,2.4800000190734863,100.0
2026-05-14 13:13:00,PNG.V,,7.260000228881836,7.28000020980835,7.260000228881836,7.269999980926514,7839.0
2026-05-14 13:14:00,FPX.V,,0.5299999713897705,0.5400000214576721,0.5299999713897705,0.5400000214576721,8000.0
2026-05-14 13:14:00,GMV.V,,0.1850000023841858,0.1850000023841858,0.1850000023841858,0.1850000023841858,10000.0
2026-05-14 13:14:00,HSTR.V,,2.244999885559082,2.244999885559082,2.240000009536743,2.244999885559082,4100.0
2026-05-14 13:14:00,LGC.V,,2.0799999237060547,2.0799999237060547,2.0799999237060547,2.0799999237060547,100.0
2026-05-14 13:14:00,MLP.V,,2.5,2.5,2.5,2.5,3200.0
2026-05-14 13:14:00,PNG.V,,7.269999980926514,7.28000020980835,7.269999980926514,7.28000020980835,1120.0
2026-05-14 13:15:00,FL.V,,0.5699999928474426,0.5699999928474426,0.5699999928474426,0.5699999928474426,500.0
2026-05-14 13:15:00,FO.V,,0.33000001311302185,0.33000001311302185,0.33000001311302185,0.33000001311302185,94000.0
2026-05-14 13:15:00,FUU.V,,0.16500000655651093,0.16750000417232513,0.16500000655651093,0.16750000417232513,154400.0
2026-05-14 13:15:00,GGO.V,,1.1299999952316284,1.1299999952316284,1.1299999952316284,1.1299999952316284,100.0
2026-05-14 13:15:00,GQC.V,,0.5199999809265137,0.5199999809265137,0.5199999809265137,0.5199999809265137,500.0
2026-05-14 13:15:00,HSTR.V,,2.244999885559082,2.244999885559082,2.240000009536743,2.240000009536743,300.0
2026-05-14 13:15:00,LG.V,,0.4099999964237213,0.4099999964237213,0.4099999964237213,0.4099999964237213,4000.0
2026-05-14 13:15:00,NICU.V,,2.569999933242798,2.575000047683716,2.569999933242798,2.575000047683716,1200.0
2026-05-14 13:15:00,TUF.V,,0.8450000286102295,0.8450000286102295,0.8450000286102295,0.8450000286102295,1000.0
2026-05-14 13:16:00,BIG.V,,0.6700000166893005,0.6700000166893005,0.6700000166893005,0.6700000166893005,500.0
2026-05-14 13:16:00,FDR.V,,5.690000057220459,5.71999979019165,5.690000057220459,5.71999979019165,6000.0
2026-05-14 13:16:00,FL.V,,0.5699999928474426,0.5699999928474426,0.5699999928474426,0.5699999928474426,1000.0
2026-05-14 13:16:00,FUU.V,,0.16500000655651093,0.16500000655651093,0.16500000655651093,0.16500000655651093,22000.0
2026-05-14 13:16:00,FWZ.V,,4.53000020980835,4.53000020980835,4.53000020980835,4.53000020980835,100.0
2026-05-14 13:16:00,GOT.V,,1.7300000190734863,1.7300000190734863,1.7300000190734863,1.7300000190734863,100.0
2026-05-14 13:16:00,HSTR.V,,2.240000009536743,2.25,2.240000009536743,2.240000009536743,400.0
2026-05-14 13:16:00,KDK.V,,1.0099999904632568,1.0199999809265137,1.0099999904632568,1.0199999809265137,5505.0
2026-05-14 13:16:00,LG.V,,0.4050000011920929,0.4050000011920929,0.4050000011920929,0.4050000011920929,5000.0
2026-05-14 13:16:00,LIO.V,,0.1550000011920929,0.1550000011920929,0.1550000011920929,0.1550000011920929,500.0
2026-05-14 13:16:00,LITH.V,,0.7200000286102295,0.7300000190734863,0.7200000286102295,0.7200000286102295,25000.0
2026-05-14 13:16:00,NURS.V,,4.090000152587891,4.210000038146973,4.059999942779541,4.059999942779541,4000.0
2026-05-14 13:16:00,TUF.V,,0.8450000286102295,0.8450000286102295,0.8450000286102295,0.8450000286102295,500.0
2026-05-14 13:16:00,YGT.V,,0.20499999821186066,0.20499999821186066,0.20499999821186066,0.20499999821186066,500.0
2026-05-14 13:17:00,EQTY.V,,0.3400000035762787,0.3400000035762787,0.3400000035762787,0.3400000035762787,1500.0
2026-05-14 13:17:00,FDR.V,,5.71999979019165,5.71999979019165,5.699999809265137,5.699999809265137,1402.0
2026-05-14 13:17:00,HITI.V,,3.309999942779541,3.319999933242798,3.309999942779541,3.319999933242798,1500.0
2026-05-14 13:17:00,HSTR.V,,2.25,2.25,2.240000009536743,2.25,400.0
2026-05-14 13:17:00,IFOS.V,,2.559999942779541,2.559999942779541,2.559999942779541,2.559999942779541,100.0
2026-05-14 13:17:00,LG.V,,0.4050000011920929,0.4050000011920929,0.4050000011920929,0.4050000011920929,5000.0
2026-05-14 13:17:00,LQWD.V,,1.1100000143051147,1.1100000143051147,1.1100000143051147,1.1100000143051147,200.0
2026-05-14 13:17:00,LTH.V,,1.090000033378601,1.090000033378601,1.090000033378601,1.090000033378601,300.0
2026-05-14 13:17:00,MLP.V,,2.5,2.5,2.5,2.5,3020.0
2026-05-14 13:17:00,NICU.V,,2.559999942779541,2.559999942779541,2.555000066757202,2.559999942779541,3100.0
2026-05-14 13:17:00,NURS.V,,4.079999923706055,4.110000133514404,4.079999923706055,4.110000133514404,700.0
2026-05-14 13:17:00,PNG.V,,7.25,7.260000228881836,7.25,7.260000228881836,660.0
2026-05-14 13:17:00,TUF.V,,0.8700000047683716,0.8700000047683716,0.8450000286102295,0.8450000286102295,83483.0
2026-05-14 13:18:00,EQTY.V,,0.3400000035762787,0.3400000035762787,0.3400000035762787,0.3400000035762787,500.0
2026-05-14 13:18:00,FPX.V,,0.5299999713897705,0.5299999713897705,0.5299999713897705,0.5299999713897705,4500.0
2026-05-14 13:18:00,GQC.V,,0.5199999809265137,0.5199999809265137,0.5199999809265137,0.5199999809265137,500.0
2026-05-14 13:18:00,GSI.V,,1.25,1.25,1.25,1.25,700.0
2026-05-14 13:18:00,HME.V,,2.869999885559082,2.869999885559082,2.865000009536743,2.865000009536743,700.0
2026-05-14 13:18:00,HSTR.V,,2.25,2.25,2.244999885559082,2.25,600.0
2026-05-14 13:18:00,LGC.V,,2.069999933242798,2.069999933242798,2.069999933242798,2.069999933242798,1400.0
2026-05-14 13:18:00,LME.V,,0.20999999344348907,0.20999999344348907,0.20999999344348907,0.20999999344348907,1000.0
2026-05-14 13:18:00,LMN.V,,20.100000381469727,20.100000381469727,20.100000381469727,20.100000381469727,200.0
2026-05-14 13:18:00,LQWD.V,,1.1100000143051147,1.1100000143051147,1.1100000143051147,1.1100000143051147,2000.0
2026-05-14 13:18:00,LTH.V,,1.090000033378601,1.090000033378601,1.090000033378601,1.090000033378601,100.0
2026-05-14 13:18:00,NURS.V,,4.070000171661377,4.070000171661377,4.070000171661377,4.070000171661377,200.0
2026-05-14 13:18:00,PNG.V,,7.255000114440918,7.255000114440918,7.25,7.25,500.0
2026-05-14 13:18:00,TUF.V,,0.8799999952316284,0.8899999856948853,0.8799999952316284,0.8799999952316284,20395.0
2026-05-14 13:19:00,EQTY.V,,0.3400000035762787,0.3400000035762787,0.3400000035762787,0.3400000035762787,1000.0
2026-05-14 13:19:00,FRED.V,,0.7099999785423279,0.7099999785423279,0.7099999785423279,0.7099999785423279,2500.0
2026-05-14 13:19:00,FUU.V,,0.16500000655651093,0.16750000417232513,0.16500000655651093,0.16750000417232513,6500.0
2026-05-14 13:19:00,FWZ.V,,4.5,4.510000228881836,4.5,4.510000228881836,9900.0
2026-05-14 13:19:00,GQC.V,,0.5199999809265137,0.5199999809265137,0.5199999809265137,0.5199999809265137,500.0
2026-05-14 13:19:00,GRB.V,,0.5600000023841858,0.5600000023841858,0.5600000023841858,0.5600000023841858,3000.0
2026-05-14 13:19:00,HSTR.V,,2.25,2.25,2.244999885559082,2.244999885559082,300.0
2026-05-14 13:19:00,IPT.V,,0.30000001192092896,0.30000001192092896,0.30000001192092896,0.30000001192092896,1000.0
2026-05-14 13:19:00,KDK.V,,1.0099999904632568,1.0099999904632568,1.0099999904632568,1.0099999904632568,1800.0
2026-05-14 13:19:00,LG.V,,0.4050000011920929,0.4050000011920929,0.4050000011920929,0.4050000011920929,5000.0
2026-05-14 13:19:00,LGC.V,,2.059999942779541,2.069999933242798,2.059999942779541,2.069999933242798,3500.0
2026-05-14 13:19:00,LQWD.V,,1.1299999952316284,1.1299999952316284,1.1299999952316284,1.1299999952316284,81200.0
2026-05-14 13:19:00,LTH.V,,1.090000033378601,1.090000033378601,1.090000033378601,1.090000033378601,100.0
2026-05-14 13:19:00,PNG.V,,7.260000228881836,7.260000228881836,7.260000228881836,7.260000228881836,9000.0
2026-05-14 13:19:00,TUF.V,,0.8799999952316284,0.8849999904632568,0.8799999952316284,0.8849999904632568,4500.0
2026-05-14 13:20:00,BIG.V,,0.6700000166893005,0.6700000166893005,0.6700000166893005,0.6700000166893005,500.0
2026-05-14 13:20:00,EQTY.V,,0.3400000035762787,0.3400000035762787,0.3400000035762787,0.3400000035762787,1000.0
2026-05-14 13:20:00,FRED.V,,0.7099999785423279,0.7099999785423279,0.7099999785423279,0.7099999785423279,1500.0
2026-05-14 13:20:00,GPH.V,,1.159999966621399,1.159999966621399,1.159999966621399,1.159999966621399,100.0
2026-05-14 13:20:00,GUG.V,,0.06499999761581421,0.06499999761581421,0.06499999761581421,0.06499999761581421,20000.0
2026-05-14 13:20:00,HME.V,,2.869999885559082,2.869999885559082,2.869999885559082,2.869999885559082,100.0
2026-05-14 13:20:00,HMR.V,,0.8500000238418579,0.8500000238418579,0.8500000238418579,0.8500000238418579,1000.0
2026-05-14 13:20:00,HSTR.V,,2.244999885559082,2.25,2.244999885559082,2.244999885559082,600.0
2026-05-14 13:20:00,KTN.V,,1.6100000143051147,1.6100000143051147,1.6100000143051147,1.6100000143051147,2200.0
2026-05-14 13:20:00,LG.V,,0.4050000011920929,0.4050000011920929,0.4050000011920929,0.4050000011920929,1000.0
2026-05-14 13:20:00,LTH.V,,1.090000033378601,1.090000033378601,1.090000033378601,1.090000033378601,100.0
2026-05-14 13:20:00,PNG.V,,7.260000228881836,7.260000228881836,7.260000228881836,7.260000228881836,1023.0
2026-05-14 13:20:00,TUF.V,,0.8700000047683716,0.8700000047683716,0.8700000047683716,0.8700000047683716,7000.0
2026-05-14 13:21:00,EQTY.V,,0.3400000035762787,0.3400000035762787,0.3400000035762787,0.3400000035762787,1000.0
2026-05-14 13:21:00,FO.V,,0.32499998807907104,0.33000001311302185,0.32499998807907104,0.33000001311302185,92000.0
2026-05-14 13:21:00,GQC.V,,0.5199999809265137,0.5199999809265137,0.5199999809265137,0.5199999809265137,612.0
2026-05-14 13:21:00,HME.V,,2.869999885559082,2.869999885559082,2.869999885559082,2.869999885559082,100.0
2026-05-14 13:21:00,HSTR.V,,2.244999885559082,2.25,2.244999885559082,2.244999885559082,400.0
2026-05-14 13:21:00,KTN.V,,1.6100000143051147,1.6100000143051147,1.6100000143051147,1.6100000143051147,100.0
2026-05-14 13:21:00,LMN.V,,20.1299991607666,20.1299991607666,20.1299991607666,20.1299991607666,200.0
2026-05-14 13:21:00,LSD-H.V,,0.05999999865889549,0.05999999865889549,0.05999999865889549,0.05999999865889549,0.0
2026-05-14 13:21:00,PNG.V,,7.25,7.25,7.25,7.25,400.0
2026-05-14 13:22:00,EQTY.V,,0.3400000035762787,0.3400000035762787,0.3400000035762787,0.3400000035762787,1000.0
2026-05-14 13:22:00,FO.V,,0.32499998807907104,0.32499998807907104,0.32499998807907104,0.32499998807907104,3000.0
2026-05-14 13:22:00,HSTR.V,,2.25,2.25,2.244999885559082,2.244999885559082,400.0
2026-05-14 13:22:00,LIO.V,,0.1550000011920929,0.1550000011920929,0.1550000011920929,0.1550000011920929,500.0
2026-05-14 13:22:00,LQWD.V,,1.149999976158142,1.149999976158142,1.149999976158142,1.149999976158142,1149.0
2026-05-14 13:22:00,LTH.V,,1.090000033378601,1.090000033378601,1.090000033378601,1.090000033378601,100.0
2026-05-14 13:22:00,MMA.V,,0.9950000047683716,0.9950000047683716,0.9950000047683716,0.9950000047683716,200.0
2026-05-14 13:22:00,NURS.V,,4.050000190734863,4.050000190734863,4.050000190734863,4.050000190734863,400.0
2026-05-14 13:22:00,PNG.V,,7.260000228881836,7.260000228881836,7.260000228881836,7.260000228881836,700.0
2026-05-14 13:22:00,TUF.V,,0.8700000047683716,0.8799999952316284,0.8700000047683716,0.8799999952316284,15500.0
2026-05-14 13:22:00,YGT.V,,0.20000000298023224,0.20000000298023224,0.20000000298023224,0.20000000298023224,5000.0
2026-05-14 13:23:00,EQTY.V,,0.3400000035762787,0.3400000035762787,0.3400000035762787,0.3400000035762787,7737.0
2026-05-14 13:23:00,FL.V,,0.5699999928474426,0.5699999928474426,0.5699999928474426,0.5699999928474426,500.0
2026-05-14 13:23:00,GOT.V,,1.7300000190734863,1.7300000190734863,1.7300000190734863,1.7300000190734863,100.0
2026-05-14 13:23:00,GPH.V,,1.159999966621399,1.159999966621399,1.159999966621399,1.159999966621399,100.0
2026-05-14 13:23:00,HME.V,,2.869999885559082,2.869999885559082,2.869999885559082,2.869999885559082,100.0
2026-05-14 13:23:00,HSTR.V,,2.244999885559082,2.25,2.244999885559082,2.244999885559082,500.0
2026-05-14 13:23:00,IGO.V,,0.10999999940395355,0.10999999940395355,0.10999999940395355,0.10999999940395355,2500.0
2026-05-14 13:23:00,KTN.V,,1.6100000143051147,1.6100000143051147,1.6100000143051147,1.6100000143051147,100.0
2026-05-14 13:23:00,LTH.V,,1.100000023841858,1.100000023841858,1.0850000381469727,1.0850000381469727,4600.0
2026-05-14 13:23:00,MLP.V,,2.5,2.5,2.5,2.5,400.0
2026-05-14 13:23:00,PNG.V,,7.25,7.25,7.25,7.25,400.0
2026-05-14 13:24:00,GGO.V,,1.1299999952316284,1.1299999952316284,1.1299999952316284,1.1299999952316284,100.0
2026-05-14 13:24:00,GOT.V,,1.7200000286102295,1.7300000190734863,1.7200000286102295,1.7300000190734863,45700.0
2026-05-14 13:24:00,HITI.V,,3.299999952316284,3.299999952316284,3.299999952316284,3.299999952316284,200.0
2026-05-14 13:24:00,HSTR.V,,2.244999885559082,2.25,2.244999885559082,2.25,400.0
2026-05-14 13:24:00,KDK.V,,1.0099999904632568,1.0099999904632568,1.0099999904632568,1.0099999904632568,100.0
2026-05-14 13:24:00,KTN.V,,1.6100000143051147,1.6100000143051147,1.6100000143051147,1.6100000143051147,100.0
2026-05-14 13:24:00,LG.V,,0.4050000011920929,0.4050000011920929,0.4050000011920929,0.4050000011920929,41500.0
2026-05-14 13:24:00,LMN.V,,20.170000076293945,20.170000076293945,20.1200008392334,20.1200008392334,600.0
2026-05-14 13:24:00,MLP.V,,2.509999990463257,2.509999990463257,2.5,2.5,768.0
2026-05-14 13:24:00,NICU.V,,2.555000066757202,2.559999942779541,2.555000066757202,2.559999942779541,400.0
2026-05-14 13:24:00,PNG.V,,7.25,7.25,7.21999979019165,7.239999771118164,125817.0
2026-05-14 13:24:00,TUF.V,,0.8700000047683716,0.8700000047683716,0.8700000047683716,0.8700000047683716,500.0
2026-05-14 13:25:00,EQTY.V,,0.3400000035762787,0.3400000035762787,0.3400000035762787,0.3400000035762787,500.0
2026-05-14 13:25:00,FL.V,,0.5699999928474426,0.5699999928474426,0.5699999928474426,0.5699999928474426,500.0
2026-05-14 13:25:00,GGO.V,,1.1200000047683716,1.1200000047683716,1.1200000047683716,1.1200000047683716,2500.0
2026-05-14 13:25:00,GWM.V,,0.6100000143051147,0.6100000143051147,0.6100000143051147,0.6100000143051147,842.0
2026-05-14 13:25:00,HSTR.V,,2.244999885559082,2.25,2.244999885559082,2.25,465.0
2026-05-14 13:25:00,LVG.V,,0.3400000035762787,0.3400000035762787,0.3400000035762787,0.3400000035762787,10000.0
2026-05-14 13:25:00,NICU.V,,2.555000066757202,2.555000066757202,2.555000066757202,2.555000066757202,100.0
2026-05-14 13:25:00,PNG.V,,7.230000019073486,7.230000019073486,7.230000019073486,7.230000019073486,300.0
2026-05-14 13:26:00,EQTY.V,,0.3400000035762787,0.3400000035762787,0.3400000035762787,0.3400000035762787,1000.0
2026-05-14 13:26:00,GGO.V,,1.1100000143051147,1.1100000143051147,1.1100000143051147,1.1100000143051147,500.0
2026-05-14 13:26:00,GPH.V,,1.159999966621399,1.159999966621399,1.159999966621399,1.159999966621399,100.0
2026-05-14 13:26:00,HSTR.V,,2.244999885559082,2.25,2.244999885559082,2.25,400.0
2026-05-14 13:26:00,NICU.V,,2.559999942779541,2.559999942779541,2.555000066757202,2.559999942779541,900.0
2026-05-14 13:26:00,PNG.V,,7.25,7.25,7.230000019073486,7.230000019073486,5300.0
2026-05-14 13:26:00,TUF.V,,0.8700000047683716,0.8700000047683716,0.8700000047683716,0.8700000047683716,500.0
2026-05-14 13:26:00,YGT.V,,0.20499999821186066,0.20499999821186066,0.20499999821186066,0.20499999821186066,500.0
2026-05-14 13:27:00,EQTY.V,,0.3400000035762787,0.3400000035762787,0.3400000035762787,0.3400000035762787,500.0
2026-05-14 13:27:00,FTEC.V,,0.04500000178813934,0.05000000074505806,0.04500000178813934,0.05000000074505806,42000.0
2026-05-14 13:27:00,HSTR.V,,2.244999885559082,2.25,2.244999885559082,2.25,600.0
2026-05-14 13:27:00,KDK.V,,1.0299999713897705,1.0299999713897705,1.0299999713897705,1.0299999713897705,2200.0
2026-05-14 13:27:00,LG.V,,0.4050000011920929,0.4050000011920929,0.4050000011920929,0.4050000011920929,5000.0
2026-05-14 13:27:00,LGC.V,,2.0299999713897705,2.0299999713897705,2.0299999713897705,2.0299999713897705,100.0
2026-05-14 13:27:00,LMN.V,,20.1200008392334,20.1200008392334,20.1200008392334,20.1200008392334,100.0
2026-05-14 13:27:00,LTH.V,,1.100000023841858,1.100000023841858,1.100000023841858,1.100000023841858,100.0
2026-05-14 13:27:00,NICU.V,,2.559999942779541,2.559999942779541,2.559999942779541,2.559999942779541,800.0
2026-05-14 13:27:00,PNG.V,,7.269999980926514,7.269999980926514,7.260000228881836,7.260000228881836,1400.0
2026-05-14 13:27:00,TUF.V,,0.8899999856948853,0.8899999856948853,0.8799999952316284,0.8799999952316284,24500.0
2026-05-14 13:28:00,EQTY.V,,0.3400000035762787,0.3400000035762787,0.3400000035762787,0.3400000035762787,1500.0
2026-05-14 13:28:00,FO.V,,0.32499998807907104,0.32499998807907104,0.3199999928474426,0.32499998807907104,16500.0
2026-05-14 13:28:00,FTEC.V,,0.04500000178813934,0.04500000178813934,0.04500000178813934,0.04500000178813934,11000.0
2026-05-14 13:28:00,HPQ.V,,0.17499999701976776,0.17499999701976776,0.17499999701976776,0.17499999701976776,1500.0
2026-05-14 13:28:00,HSTR.V,,2.25,2.25,2.244999885559082,2.25,400.0
2026-05-14 13:28:00,KTO.V,,0.8199999928474426,0.8299999833106995,0.8199999928474426,0.8299999833106995,8000.0
2026-05-14 13:28:00,LG.V,,0.4050000011920929,0.4050000011920929,0.4050000011920929,0.4050000011920929,3500.0
2026-05-14 13:28:00,LTH.V,,1.100000023841858,1.100000023841858,1.100000023841858,1.100000023841858,400.0
2026-05-14 13:28:00,PNG.V,,7.269999980926514,7.269999980926514,7.269999980926514,7.269999980926514,1000.0
2026-05-14 13:28:00,TUF.V,,0.8899999856948853,0.8899999856948853,0.8799999952316284,0.8899999856948853,7500.0
2026-05-14 13:29:00,EQTY.V,,0.3400000035762787,0.3400000035762787,0.3400000035762787,0.3400000035762787,30000.0
2026-05-14 13:29:00,FTEC.V,,0.04500000178813934,0.04500000178813934,0.04500000178813934,0.04500000178813934,110000.0
2026-05-14 13:29:00,FWZ.V,,4.5,4.5,4.5,4.5,900.0
2026-05-14 13:29:00,HSTR.V,,2.244999885559082,2.25,2.244999885559082,2.244999885559082,1200.0
2026-05-14 13:29:00,KDK.V,,1.0199999809265137,1.0199999809265137,1.0199999809265137,1.0199999809265137,100.0
2026-05-14 13:29:00,KLD.V,,2.259999990463257,2.299999952316284,2.259999990463257,2.299999952316284,1200.0
2026-05-14 13:29:00,LMN.V,,20.139999389648438,20.139999389648438,20.139999389648438,20.139999389648438,160.0
2026-05-14 13:29:00,LQWD.V,,1.1699999570846558,1.1699999570846558,1.1299999952316284,1.1299999952316284,9000.0
2026-05-14 13:29:00,LTH.V,,1.100000023841858,1.100000023841858,1.100000023841858,1.100000023841858,100.0
2026-05-14 13:29:00,NURS.V,,4.039999961853027,4.039999961853027,4.039999961853027,4.039999961853027,100.0
2026-05-14 13:29:00,PNG.V,,7.28000020980835,7.28000020980835,7.28000020980835,7.28000020980835,326.0
2026-05-14 13:29:00,TUF.V,,0.8799999952316284,0.8799999952316284,0.8799999952316284,0.8799999952316284,5000.0
2026-05-14 13:30:00,GBU.V,,0.17000000178813934,0.17000000178813934,0.17000000178813934,0.17000000178813934,5000.0
2026-05-14 13:30:00,GPH.V,,1.159999966621399,1.159999966621399,1.159999966621399,1.159999966621399,100.0
2026-05-14 13:30:00,HMR.V,,0.8500000238418579,0.8500000238418579,0.8500000238418579,0.8500000238418579,1000.0
2026-05-14 13:30:00,HSTR.V,,2.244999885559082,2.25,2.244999885559082,2.244999885559082,900.0
2026-05-14 13:30:00,LG.V,,0.4099999964237213,0.4099999964237213,0.4050000011920929,0.4050000011920929,91500.0
2026-05-14 13:30:00,LMN.V,,20.139999389648438,20.139999389648438,20.139999389648438,20.139999389648438,100.0
2026-05-14 13:30:00,LTH.V,,1.0950000286102295,1.0950000286102295,1.0950000286102295,1.0950000286102295,100.0
2026-05-14 13:30:00,LVG.V,,0.3400000035762787,0.3400000035762787,0.3400000035762787,0.3400000035762787,1500.0
2026-05-14 13:30:00,PNG.V,,7.28000020980835,7.28000020980835,7.275000095367432,7.275000095367432,300.0
2026-05-14 13:31:00,FPX.V,,0.5249999761581421,0.5249999761581421,0.5249999761581421,0.5249999761581421,500.0
2026-05-14 13:31:00,FRNT.V,,0.11999999731779099,0.11999999731779099,0.11999999731779099,0.11999999731779099,3000.0
2026-05-14 13:31:00,FWZ.V,,4.5,4.5,4.5,4.5,139.0
2026-05-14 13:31:00,GOT.V,,1.7200000286102295,1.7200000286102295,1.7200000286102295,1.7200000286102295,100.0
2026-05-14 13:31:00,GQC.V,,0.5199999809265137,0.5199999809265137,0.5199999809265137,0.5199999809265137,500.0
2026-05-14 13:31:00,HSTR.V,,2.244999885559082,2.25,2.244999885559082,2.25,300.0
2026-05-14 13:31:00,IZN.V,,0.054999999701976776,0.054999999701976776,0.054999999701976776,0.054999999701976776,0.0
2026-05-14 13:31:00,KLD.V,,2.25,2.259999990463257,2.25,2.259999990463257,2800.0
2026-05-14 13:31:00,LG.V,,0.4099999964237213,0.4099999964237213,0.4099999964237213,0.4099999964237213,79500.0
2026-05-14 13:31:00,LTH.V,,1.090000033378601,1.0950000286102295,1.090000033378601,1.0950000286102295,3100.0
2026-05-14 13:31:00,NICU.V,,2.565000057220459,2.565000057220459,2.565000057220459,2.565000057220459,200.0
2026-05-14 13:31:00,PNG.V,,7.289999961853027,7.289999961853027,7.28000020980835,7.28000020980835,492.0
2026-05-14 13:32:00,FL.V,,0.5699999928474426,0.5699999928474426,0.5699999928474426,0.5699999928474426,1000.0
2026-05-14 13:32:00,GOT.V,,1.7300000190734863,1.7300000190734863,1.7300000190734863,1.7300000190734863,3300.0
2026-05-14 13:32:00,HSTR.V,,2.244999885559082,2.25,2.244999885559082,2.25,400.0
2026-05-14 13:32:00,LTH.V,,1.090000033378601,1.090000033378601,1.090000033378601,1.090000033378601,3100.0
2026-05-14 13:32:00,NICU.V,,2.565000057220459,2.565000057220459,2.565000057220459,2.565000057220459,100.0
2026-05-14 13:32:00,TUF.V,,0.8799999952316284,0.8799999952316284,0.8799999952316284,0.8799999952316284,6500.0
2026-05-14 13:33:00,GPH.V,,1.159999966621399,1.159999966621399,1.159999966621399,1.159999966621399,100.0
2026-05-14 13:33:00,HSTR.V,,2.244999885559082,2.25,2.244999885559082,2.244999885559082,400.0
2026-05-14 13:33:00,IFOS.V,,2.549999952316284,2.549999952316284,2.549999952316284,2.549999952316284,400.0
2026-05-14 13:33:00,KDK.V,,1.0199999809265137,1.0199999809265137,1.0199999809265137,1.0199999809265137,900.0
2026-05-14 13:33:00,LG.V,,0.4099999964237213,0.4099999964237213,0.4099999964237213,0.4099999964237213,20000.0
2026-05-14 13:33:00,LMN.V,,20.170000076293945,20.170000076293945,20.170000076293945,20.170000076293945,100.0
2026-05-14 13:33:00,MLP.V,,2.509999990463257,2.509999990463257,2.509999990463257,2.509999990463257,200.0
2026-05-14 13:33:00,TUF.V,,0.8799999952316284,0.8799999952316284,0.8799999952316284,0.8799999952316284,1000.0
2026-05-14 13:34:00,GGO.V,,1.1200000047683716,1.1200000047683716,1.1200000047683716,1.1200000047683716,100.0
2026-05-14 13:34:00,GQC.V,,0.5199999809265137,0.5199999809265137,0.5199999809265137,0.5199999809265137,1000.0
2026-05-14 13:34:00,HSTR.V,,2.25,2.25,2.244999885559082,2.25,400.0
2026-05-14 13:34:00,IVS.V,,0.23999999463558197,0.23999999463558197,0.23999999463558197,0.23999999463558197,4500.0
2026-05-14 13:34:00,IZN.V,,0.054999999701976776,0.054999999701976776,0.054999999701976776,0.054999999701976776,26909.0
2026-05-14 13:34:00,LG.V,,0.4099999964237213,0.4099999964237213,0.4099999964237213,0.4099999964237213,10000.0
2026-05-14 13:34:00,LQWD.V,,1.149999976158142,1.149999976158142,1.149999976158142,1.149999976158142,201.0
2026-05-14 13:34:00,PNG.V,,7.340000152587891,7.340000152587891,7.289999961853027,7.289999961853027,6748.0
2026-05-14 13:34:00,TUF.V,,0.8799999952316284,0.8799999952316284,0.8799999952316284,0.8799999952316284,500.0
2026-05-14 13:35:00,FDR.V,,5.730000019073486,5.730000019073486,5.730000019073486,5.730000019073486,104.0
2026-05-14 13:35:00,FL.V,,0.5699999928474426,0.5699999928474426,0.5699999928474426,0.5699999928474426,500.0
2026-05-14 13:35:00,GG.V,,2.640000104904175,2.640000104904175,2.640000104904175,2.640000104904175,400.0
2026-05-14 13:35:00,HSTR.V,,2.244999885559082,2.25,2.244999885559082,2.244999885559082,400.0
2026-05-14 13:35:00,LMN.V,,20.15999984741211,20.15999984741211,20.15999984741211,20.15999984741211,100.0
2026-05-14 13:35:00,LTH.V,,1.090000033378601,1.090000033378601,1.0850000381469727,1.0850000381469727,200.0
2026-05-14 13:35:00,LVG.V,,0.3449999988079071,0.3449999988079071,0.3449999988079071,0.3449999988079071,1000.0
2026-05-14 13:35:00,MLP.V,,2.490000009536743,2.490000009536743,2.490000009536743,2.490000009536743,100.0
2026-05-14 13:35:00,MMA.V,,1.0,1.0,1.0,1.0,100.0
2026-05-14 13:35:00,PNG.V,,7.329999923706055,7.329999923706055,7.320000171661377,7.324999809265137,2402.0
2026-05-14 13:35:00,TUF.V,,0.8799999952316284,0.8799999952316284,0.8799999952316284,0.8799999952316284,1000.0
2026-05-14 13:36:00,FTEC.V,,0.05000000074505806,0.05000000074505806,0.05000000074505806,0.05000000074505806,20000.0
2026-05-14 13:36:00,GSTM.V,,0.19499999284744263,0.19499999284744263,0.19499999284744263,0.19499999284744263,500.0
2026-05-14 13:36:00,HEVI.V,,0.24500000476837158,0.24500000476837158,0.24500000476837158,0.24500000476837158,1500.0
2026-05-14 13:36:00,HSTR.V,,2.25,2.25,2.244999885559082,2.244999885559082,500.0
2026-05-14 13:36:00,LMN.V,,20.200000762939453,20.200000762939453,20.190000534057617,20.190000534057617,900.0
2026-05-14 13:36:00,LTH.V,,1.0850000381469727,1.0850000381469727,1.0850000381469727,1.0850000381469727,100.0
2026-05-14 13:36:00,MLP.V,,2.490000009536743,2.490000009536743,2.490000009536743,2.490000009536743,100.0
2026-05-14 13:36:00,NICU.V,,2.565000057220459,2.565000057220459,2.565000057220459,2.565000057220459,200.0
2026-05-14 13:36:00,NURS.V,,4.0,4.03000020980835,4.0,4.03000020980835,5150.0
2026-05-14 13:36:00,PNG.V,,7.340000152587891,7.340000152587891,7.320000171661377,7.329999923706055,10221.0
2026-05-14 13:36:00,TUF.V,,0.8799999952316284,0.8799999952316284,0.8799999952316284,0.8799999952316284,1000.0
2026-05-14 13:37:00,FL.V,,0.5699999928474426,0.5699999928474426,0.5699999928474426,0.5699999928474426,500.0
2026-05-14 13:37:00,GPH.V,,1.159999966621399,1.159999966621399,1.159999966621399,1.159999966621399,100.0
2026-05-14 13:37:00,GQC.V,,0.5199999809265137,0.5199999809265137,0.5199999809265137,0.5199999809265137,550.0
2026-05-14 13:37:00,HCH.V,,1.8700000047683716,1.8700000047683716,1.8700000047683716,1.8700000047683716,2200.0
2026-05-14 13:37:00,HSTR.V,,2.25,2.25,2.244999885559082,2.244999885559082,400.0
2026-05-14 13:37:00,LGC.V,,2.0299999713897705,2.0299999713897705,2.0299999713897705,2.0299999713897705,100.0
2026-05-14 13:37:00,LMN.V,,20.1299991607666,20.15999984741211,20.1299991607666,20.15999984741211,2708.0
2026-05-14 13:37:00,PNG.V,,7.340000152587891,7.349999904632568,7.340000152587891,7.349999904632568,10499.0
2026-05-14 13:37:00,TUF.V,,0.8799999952316284,0.8799999952316284,0.8799999952316284,0.8799999952316284,500.0
2026-05-14 13:38:00,FO.V,,0.32499998807907104,0.32499998807907104,0.32499998807907104,0.32499998807907104,500.0
2026-05-14 13:38:00,FTEC.V,,0.054999999701976776,0.054999999701976776,0.054999999701976776,0.054999999701976776,15000.0
2026-05-14 13:38:00,GRG.V,,0.0949999988079071,0.0949999988079071,0.0949999988079071,0.0949999988079071,20000.0
2026-05-14 13:38:00,HEVI.V,,0.24500000476837158,0.24500000476837158,0.24500000476837158,0.24500000476837158,500.0
2026-05-14 13:38:00,HMR.V,,0.8500000238418579,0.8500000238418579,0.8500000238418579,0.8500000238418579,500.0
2026-05-14 13:38:00,HSTR.V,,2.244999885559082,2.25,2.244999885559082,2.25,500.0
2026-05-14 13:38:00,KTO.V,,0.8199999928474426,0.8199999928474426,0.8199999928474426,0.8199999928474426,10000.0
2026-05-14 13:38:00,PNG.V,,7.349999904632568,7.349999904632568,7.340000152587891,7.340000152587891,4600.0
2026-05-14 13:38:00,TUF.V,,0.8799999952316284,0.8799999952316284,0.8799999952316284,0.8799999952316284,500.0
2026-05-14 13:39:00,ESK.V,,0.4399999976158142,0.4399999976158142,0.4399999976158142,0.4399999976158142,0.0
2026-05-14 13:39:00,HSTR.V,,2.25,2.25,2.244999885559082,2.244999885559082,200.0
2026-05-14 13:39:00,LG.V,,0.4074999988079071,0.4099999964237213,0.4050000011920929,0.4099999964237213,85000.0
2026-05-14 13:39:00,LTH.V,,1.090000033378601,1.090000033378601,1.0850000381469727,1.0850000381469727,200.0
2026-05-14 13:39:00,MJS.V,,0.15000000596046448,0.15000000596046448,0.15000000596046448,0.15000000596046448,0.0
2026-05-14 13:39:00,MLP.V,,2.490000009536743,2.490000009536743,2.490000009536743,2.490000009536743,100.0
2026-05-14 13:39:00,MRVL.V,,0.15000000596046448,0.15000000596046448,0.15000000596046448,0.15000000596046448,3000.0
2026-05-14 13:39:00,NICU.V,,2.565000057220459,2.565000057220459,2.565000057220459,2.565000057220459,100.0
2026-05-14 13:39:00,PNG.V,,7.340000152587891,7.340000152587891,7.329999923706055,7.340000152587891,1100.0
2026-05-14 13:39:00,TUF.V,,0.8799999952316284,0.8799999952316284,0.8799999952316284,0.8799999952316284,500.0
2026-05-14 13:40:00,GPH.V,,1.159999966621399,1.159999966621399,1.159999966621399,1.159999966621399,100.0
2026-05-14 13:40:00,GQC.V,,0.5199999809265137,0.5199999809265137,0.5199999809265137,0.5199999809265137,500.0
2026-05-14 13:40:00,HEVI.V,,0.24500000476837158,0.24500000476837158,0.24500000476837158,0.24500000476837158,8000.0
2026-05-14 13:40:00,HMR.V,,0.8399999737739563,0.8399999737739563,0.8399999737739563,0.8399999737739563,500.0
2026-05-14 13:40:00,HSTR.V,,2.25,2.25,2.244999885559082,2.25,8600.0
2026-05-14 13:40:00,LG.V,,0.4099999964237213,0.4099999964237213,0.4099999964237213,0.4099999964237213,131000.0
2026-05-14 13:40:00,LMG.V,,0.49000000953674316,0.49000000953674316,0.49000000953674316,0.49000000953674316,2000.0
2026-05-14 13:40:00,LTH.V,,1.0850000381469727,1.090000033378601,1.0850000381469727,1.090000033378601,600.0
2026-05-14 13:40:00,MLP.V,,2.509999990463257,2.509999990463257,2.509999990463257,2.509999990463257,500.0
2026-05-14 13:40:00,PNG.V,,7.309999942779541,7.324999809265137,7.309999942779541,7.320000171661377,500.0
2026-05-14 13:40:00,TUF.V,,0.8799999952316284,0.8799999952316284,0.8799999952316284,0.8799999952316284,500.0
2026-05-14 13:41:00,FL.V,,0.5699999928474426,0.5699999928474426,0.5699999928474426,0.5699999928474426,500.0
2026-05-14 13:41:00,FTEC.V,,0.05999999865889549,0.05999999865889549,0.05999999865889549,0.05999999865889549,14000.0
2026-05-14 13:41:00,GMV.V,,0.1850000023841858,0.1850000023841858,0.1850000023841858,0.1850000023841858,500.0
2026-05-14 13:41:00,HSTR.V,,2.25,2.25,2.25,2.25,300.0
2026-05-14 13:41:00,KNG.V,,1.3200000524520874,1.3300000429153442,1.3200000524520874,1.3300000429153442,2700.0
2026-05-14 13:41:00,LTH.V,,1.0850000381469727,1.0850000381469727,1.0850000381469727,1.0850000381469727,100.0
2026-05-14 13:41:00,MGM.V,,3.7100000381469727,3.7100000381469727,3.7100000381469727,3.7100000381469727,2400.0
2026-05-14 13:41:00,MLP.V,,2.5199999809265137,2.5199999809265137,2.5199999809265137,2.5199999809265137,500.0
2026-05-14 13:41:00,PNG.V,,7.329999923706055,7.329999923706055,7.320000171661377,7.320000171661377,1260.0
2026-05-14 13:41:00,TUF.V,,0.8799999952316284,0.8799999952316284,0.8799999952316284,0.8799999952316284,500.0
2026-05-14 13:41:00,VAND.V,,0.8500000238418579,0.8500000238418579,0.8500000238418579,0.8500000238418579,5600.0
2026-05-14 13:42:00,FFOX.V,,0.6499999761581421,0.6499999761581421,0.6499999761581421,0.6499999761581421,1000.0
2026-05-14 13:42:00,FTEC.V,,0.05999999865889549,0.05999999865889549,0.05999999865889549,0.05999999865889549,6000.0
2026-05-14 13:42:00,GGO.V,,1.1100000143051147,1.1100000143051147,1.1100000143051147,1.1100000143051147,1400.0
2026-05-14 13:42:00,HSTR.V,,2.25,2.25,2.25,2.25,500.0
2026-05-14 13:42:00,KNG.V,,1.340000033378601,1.340000033378601,1.340000033378601,1.340000033378601,17850.0
2026-05-14 13:42:00,LTH.V,,1.090000033378601,1.090000033378601,1.090000033378601,1.090000033378601,100.0
2026-05-14 13:42:00,TUF.V,,0.8799999952316284,0.8799999952316284,0.8799999952316284,0.8799999952316284,500.0
2026-05-14 13:43:00,FDR.V,,5.75,5.75,5.739999771118164,5.739999771118164,1800.0
2026-05-14 13:43:00,FL.V,,0.5699999928474426,0.5699999928474426,0.5699999928474426,0.5699999928474426,500.0
2026-05-14 13:43:00,FRED.V,,0.7099999785423279,0.7099999785423279,0.7099999785423279,0.7099999785423279,10000.0
2026-05-14 13:43:00,HSTR.V,,2.25,2.25,2.25,2.25,200.0
2026-05-14 13:43:00,LTH.V,,1.0850000381469727,1.0850000381469727,1.0850000381469727,1.0850000381469727,200.0
2026-05-14 13:43:00,MMA.V,,1.0,1.0,1.0,1.0,9800.0
2026-05-14 13:43:00,NICU.V,,2.565000057220459,2.565000057220459,2.565000057220459,2.565000057220459,100.0
2026-05-14 13:43:00,PNG.V,,7.340000152587891,7.340000152587891,7.329999923706055,7.329999923706055,1400.0
2026-05-14 13:43:00,VAND.V,,0.8199999928474426,0.8199999928474426,0.8199999928474426,0.8199999928474426,2000.0
2026-05-14 13:44:00,GPH.V,,1.159999966621399,1.159999966621399,1.159999966621399,1.159999966621399,100.0
2026-05-14 13:44:00,GQC.V,,0.5099999904632568,0.5099999904632568,0.5099999904632568,0.5099999904632568,11500.0
2026-05-14 13:44:00,HSTR.V,,2.25,2.25,2.25,2.25,100.0
2026-05-14 13:44:00,IFOS.V,,2.549999952316284,2.549999952316284,2.549999952316284,2.549999952316284,300.0
2026-05-14 13:44:00,IPT.V,,0.30000001192092896,0.30000001192092896,0.30000001192092896,0.30000001192092896,5000.0
2026-05-14 13:44:00,LG.V,,0.4099999964237213,0.4099999964237213,0.4099999964237213,0.4099999964237213,89500.0
2026-05-14 13:44:00,MGM.V,,3.7200000286102295,3.7200000286102295,3.7200000286102295,3.7200000286102295,2900.0
2026-05-14 13:44:00,NICU.V,,2.569999933242798,2.569999933242798,2.569999933242798,2.569999933242798,200.0
2026-05-14 13:44:00,PNG.V,,7.329999923706055,7.329999923706055,7.329999923706055,7.329999923706055,6440.0
2026-05-14 13:44:00,TUF.V,,0.8799999952316284,0.8799999952316284,0.8799999952316284,0.8799999952316284,500.0
2026-05-14 13:45:00,GQC.V,,0.5199999809265137,0.5199999809265137,0.5199999809265137,0.5199999809265137,500.0
2026-05-14 13:45:00,HSTR.V,,2.25,2.25,2.25,2.25,200.0
2026-05-14 13:45:00,LQWD.V,,1.149999976158142,1.149999976158142,1.149999976158142,1.149999976158142,1149.0
2026-05-14 13:45:00,LTH.V,,1.0850000381469727,1.0850000381469727,1.0850000381469727,1.0850000381469727,200.0
2026-05-14 13:45:00,LVX.V,,0.8199999928474426,0.8199999928474426,0.8199999928474426,0.8199999928474426,1500.0
2026-05-14 13:45:00,NICU.V,,2.565000057220459,2.565000057220459,2.565000057220459,2.565000057220459,100.0
2026-05-14 13:45:00,NURS.V,,3.9800000190734863,3.990000009536743,3.9800000190734863,3.990000009536743,3100.0
2026-05-14 13:45:00,PNG.V,,7.309999942779541,7.309999942779541,7.309999942779541,7.309999942779541,190.0
2026-05-14 13:45:00,TUF.V,,0.8700000047683716,0.8799999952316284,0.8700000047683716,0.8799999952316284,13500.0
2026-05-14 13:46:00,GWM.V,,0.6100000143051147,0.6100000143051147,0.6100000143051147,0.6100000143051147,2000.0
2026-05-14 13:46:00,HSTR.V,,2.25,2.25,2.25,2.25,100.0
2026-05-14 13:46:00,KDK.V,,1.0099999904632568,1.0099999904632568,1.0099999904632568,1.0099999904632568,100.0
2026-05-14 13:46:00,NICU.V,,2.569999933242798,2.569999933242798,2.569999933242798,2.569999933242798,100.0
2026-05-14 13:46:00,TUF.V,,0.8700000047683716,0.8700000047683716,0.8700000047683716,0.8700000047683716,1500.0
2026-05-14 13:47:00,FAIR.V,,0.06499999761581421,0.06499999761581421,0.06499999761581421,0.06499999761581421,0.0
2026-05-14 13:47:00,GPH.V,,1.159999966621399,1.159999966621399,1.159999966621399,1.159999966621399,100.0
2026-05-14 13:47:00,GUG.V,,0.06499999761581421,0.06499999761581421,0.06499999761581421,0.06499999761581421,15000.0
2026-05-14 13:47:00,HSTR.V,,2.25,2.25,2.25,2.25,200.0
2026-05-14 13:47:00,KDK.V,,1.0,1.0099999904632568,1.0,1.0099999904632568,3490.0
2026-05-14 13:47:00,LG.V,,0.4099999964237213,0.4099999964237213,0.4099999964237213,0.4099999964237213,70000.0
2026-05-14 13:47:00,LGC.V,,2.0299999713897705,2.0299999713897705,2.0299999713897705,2.0299999713897705,100.0
2026-05-14 13:47:00,LIO.V,,0.1550000011920929,0.1550000011920929,0.1550000011920929,0.1550000011920929,5500.0
2026-05-14 13:47:00,LTH.V,,1.0850000381469727,1.0850000381469727,1.0850000381469727,1.0850000381469727,100.0
2026-05-14 13:47:00,NICU.V,,2.565000057220459,2.569999933242798,2.565000057220459,2.569999933242798,550.0
2026-05-14 13:47:00,PNG.V,,7.320000171661377,7.320000171661377,7.320000171661377,7.320000171661377,200.0
2026-05-14 13:47:00,TUF.V,,0.8700000047683716,0.8700000047683716,0.8700000047683716,0.8700000047683716,3500.0
2026-05-14 13:48:00,FDR.V,,5.769999980926514,5.769999980926514,5.769999980926514,5.769999980926514,100.0
2026-05-14 13:48:00,GQC.V,,0.5199999809265137,0.5199999809265137,0.5199999809265137,0.5199999809265137,500.0
2026-05-14 13:48:00,GSI.V,,1.25,1.25,1.25,1.25,800.0
2026-05-14 13:48:00,HITI.V,,3.2899999618530273,3.2899999618530273,3.2899999618530273,3.2899999618530273,401.0
2026-05-14 13:48:00,HSTR.V,,2.244999885559082,2.25,2.244999885559082,2.25,1900.0
2026-05-14 13:48:00,IFOS.V,,2.549999952316284,2.549999952316284,2.549999952316284,2.549999952316284,700.0
2026-05-14 13:48:00,KTN.V,,1.6100000143051147,1.6100000143051147,1.6100000143051147,1.6100000143051147,100.0
2026-05-14 13:48:00,LG.V,,0.4099999964237213,0.4099999964237213,0.4099999964237213,0.4099999964237213,10000.0
2026-05-14 13:48:00,LVX.V,,0.8199999928474426,0.8199999928474426,0.8100000023841858,0.8199999928474426,42777.0
2026-05-14 13:48:00,MMA.V,,1.0099999904632568,1.0099999904632568,1.0099999904632568,1.0099999904632568,1200.0
2026-05-14 13:48:00,NICU.V,,2.559999942779541,2.565000057220459,2.559999942779541,2.565000057220459,2800.0
2026-05-14 13:48:00,PNG.V,,7.320000171661377,7.329999923706055,7.309999942779541,7.309999942779541,3362.0
2026-05-14 13:48:00,TUF.V,,0.8700000047683716,0.8799999952316284,0.8700000047683716,0.8700000047683716,14500.0
2026-05-14 13:48:00,VAND.V,,0.8100000023841858,0.8100000023841858,0.8100000023841858,0.8100000023841858,4000.0
2026-05-14 13:49:00,EQTY.V,,0.3400000035762787,0.3400000035762787,0.3400000035762787,0.3400000035762787,1118.0
2026-05-14 13:49:00,LG.V,,0.4099999964237213,0.4099999964237213,0.4099999964237213,0.4099999964237213,20000.0
2026-05-14 13:49:00,TUF.V,,0.8700000047683716,0.8700000047683716,0.8700000047683716,0.8700000047683716,4000.0
2026-05-14 13:49:00,YGT.V,,0.20499999821186066,0.20499999821186066,0.20499999821186066,0.20499999821186066,500.0
2026-05-14 13:50:00,GFG.V,,0.19499999284744263,0.19499999284744263,0.19499999284744263,0.19499999284744263,18000.0
2026-05-14 13:50:00,HMR.V,,0.8399999737739563,0.8399999737739563,0.8399999737739563,0.8399999737739563,1000.0
2026-05-14 13:50:00,IFOS.V,,2.549999952316284,2.549999952316284,2.549999952316284,2.549999952316284,1200.0
2026-05-14 13:50:00,KRY.V,,3.369999885559082,3.369999885559082,3.3299999237060547,3.3299999237060547,4500.0
2026-05-14 13:50:00,PNG.V,,7.329999923706055,7.329999923706055,7.309999942779541,7.309999942779541,800.0
2026-05-14 13:51:00,FRI.V,,0.07500000298023224,0.07500000298023224,0.07500000298023224,0.07500000298023224,6000.0
2026-05-14 13:51:00,FWZ.V,,4.5,4.5,4.5,4.5,322.0
2026-05-14 13:51:00,GPH.V,,1.159999966621399,1.159999966621399,1.159999966621399,1.159999966621399,100.0
2026-05-14 13:51:00,GQC.V,,0.5199999809265137,0.5199999809265137,0.5199999809265137,0.5199999809265137,1000.0
2026-05-14 13:51:00,GSTM.V,,0.20000000298023224,0.20000000298023224,0.20000000298023224,0.20000000298023224,10000.0
2026-05-14 13:51:00,HSTR.V,,2.25,2.25,2.244999885559082,2.244999885559082,200.0
2026-05-14 13:51:00,LG.V,,0.4099999964237213,0.4099999964237213,0.4099999964237213,0.4099999964237213,30000.0
2026-05-14 13:51:00,NURS.V,,3.9800000190734863,3.9800000190734863,3.9800000190734863,3.9800000190734863,100.0
2026-05-14 13:51:00,PNG.V,,7.309999942779541,7.309999942779541,7.309999942779541,7.309999942779541,1610.0
2026-05-14 13:51:00,TUF.V,,0.8799999952316284,0.8799999952316284,0.8799999952316284,0.8799999952316284,500.0
2026-05-14 13:52:00,GMV.V,,0.18000000715255737,0.1850000023841858,0.18000000715255737,0.1850000023841858,30000.0
2026-05-14 13:52:00,GOT.V,,1.7200000286102295,1.7200000286102295,1.7200000286102295,1.7200000286102295,100.0
2026-05-14 13:52:00,GX.V,,0.36000001430511475,0.36000001430511475,0.36000001430511475,0.36000001430511475,4500.0
2026-05-14 13:52:00,HSTR.V,,2.240000009536743,2.240000009536743,2.240000009536743,2.240000009536743,300.0
2026-05-14 13:52:00,ISGI.V,,0.009999999776482582,0.009999999776482582,0.009999999776482582,0.009999999776482582,0.0
2026-05-14 13:52:00,KRY.V,,3.369999885559082,3.369999885559082,3.369999885559082,3.369999885559082,100.0
2026-05-14 13:52:00,LG.V,,0.4099999964237213,0.4099999964237213,0.4099999964237213,0.4099999964237213,5000.0
2026-05-14 13:52:00,LQWD.V,,1.149999976158142,1.149999976158142,1.149999976158142,1.149999976158142,200.0
2026-05-14 13:52:00,LTH.V,,1.0800000429153442,1.0800000429153442,1.0800000429153442,1.0800000429153442,2300.0
2026-05-14 13:52:00,MLP.V,,2.509999990463257,2.509999990463257,2.509999990463257,2.509999990463257,100.0
2026-05-14 13:52:00,PNG.V,,7.329999923706055,7.329999923706055,7.309999942779541,7.320000171661377,4600.0
2026-05-14 13:52:00,TUF.V,,0.8799999952316284,0.8799999952316284,0.8799999952316284,0.8799999952316284,500.0
2026-05-14 13:53:00,EQTY.V,,0.3400000035762787,0.3400000035762787,0.3375000059604645,0.3375000059604645,8500.0
2026-05-14 13:53:00,FO.V,,0.3199999928474426,0.32499998807907104,0.3199999928474426,0.32499998807907104,53500.0
2026-05-14 13:53:00,HSTR.V,,2.240000009536743,2.25,2.240000009536743,2.240000009536743,400.0
2026-05-14 13:53:00,IFOS.V,,2.549999952316284,2.549999952316284,2.549999952316284,2.549999952316284,1200.0
2026-05-14 13:53:00,LG.V,,0.4099999964237213,0.4099999964237213,0.4099999964237213,0.4099999964237213,500.0
2026-05-14 13:53:00,LQWD.V,,1.1449999809265137,1.149999976158142,1.1449999809265137,1.149999976158142,1600.0
2026-05-14 13:53:00,LTH.V,,1.0950000286102295,1.0950000286102295,1.0850000381469727,1.0850000381469727,5000.0
2026-05-14 13:53:00,MLP.V,,2.509999990463257,2.509999990463257,2.509999990463257,2.509999990463257,100.0
2026-05-14 13:53:00,NICU.V,,2.565000057220459,2.565000057220459,2.565000057220459,2.565000057220459,200.0
2026-05-14 13:53:00,PNG.V,,7.329999923706055,7.329999923706055,7.329999923706055,7.329999923706055,100.0
2026-05-14 13:53:00,TUF.V,,0.8799999952316284,0.8799999952316284,0.8799999952316284,0.8799999952316284,500.0
2026-05-14 13:54:00,FO.V,,0.3199999928474426,0.3199999928474426,0.3199999928474426,0.3199999928474426,34000.0
2026-05-14 13:54:00,GQC.V,,0.5199999809265137,0.5199999809265137,0.5199999809265137,0.5199999809265137,600.0
2026-05-14 13:54:00,HEVI.V,,0.24500000476837158,0.24500000476837158,0.24500000476837158,0.24500000476837158,9500.0
2026-05-14 13:54:00,HSTR.V,,2.240000009536743,2.240000009536743,2.240000009536743,2.240000009536743,100.0
2026-05-14 13:54:00,IPT.V,,0.30000001192092896,0.30000001192092896,0.30000001192092896,0.30000001192092896,37700.0
2026-05-14 13:54:00,LITH.V,,0.7200000286102295,0.7200000286102295,0.7200000286102295,0.7200000286102295,5000.0
2026-05-14 13:54:00,LQWD.V,,1.1399999856948853,1.1399999856948853,1.1399999856948853,1.1399999856948853,1600.0
2026-05-14 13:54:00,LTH.V,,1.0950000286102295,1.0950000286102295,1.0950000286102295,1.0950000286102295,100.0
2026-05-14 13:54:00,LVX.V,,0.800000011920929,0.8199999928474426,0.800000011920929,0.8100000023841858,2000.0
2026-05-14 13:54:00,MKO.V,,10.90999984741211,10.930000305175781,10.90999984741211,10.930000305175781,200.0
2026-05-14 13:54:00,MMA.V,,1.0099999904632568,1.0099999904632568,1.0099999904632568,1.0099999904632568,9300.0
2026-05-14 13:54:00,NICU.V,,2.559999942779541,2.559999942779541,2.559999942779541,2.559999942779541,2000.0
2026-05-14 13:54:00,PNG.V,,7.329999923706055,7.329999923706055,7.329999923706055,7.329999923706055,300.0
2026-05-14 13:55:00,FO.V,,0.32499998807907104,0.32499998807907104,0.32499998807907104,0.32499998807907104,5500.0
2026-05-14 13:55:00,FRI.V,,0.07500000298023224,0.07500000298023224,0.07500000298023224,0.07500000298023224,14000.0
2026-05-14 13:55:00,GGO.V,,1.1299999952316284,1.1299999952316284,1.1299999952316284,1.1299999952316284,100.0
2026-05-14 13:55:00,GPH.V,,1.159999966621399,1.159999966621399,1.159999966621399,1.159999966621399,200.0
2026-05-14 13:55:00,HSTR.V,,2.240000009536743,2.240000009536743,2.240000009536743,2.240000009536743,300.0
2026-05-14 13:55:00,IFOS.V,,2.565000057220459,2.565000057220459,2.565000057220459,2.565000057220459,1600.0
2026-05-14 13:55:00,KDK.V,,1.0,1.0,1.0,1.0,100.0
2026-05-14 13:55:00,KRY.V,,3.369999885559082,3.369999885559082,3.369999885559082,3.369999885559082,700.0
2026-05-14 13:55:00,KTN.V,,1.600000023841858,1.600000023841858,1.600000023841858,1.600000023841858,200.0
2026-05-14 13:55:00,LTH.V,,1.0950000286102295,1.0950000286102295,1.0950000286102295,1.0950000286102295,100.0
2026-05-14 13:55:00,MLP.V,,2.509999990463257,2.509999990463257,2.509999990463257,2.509999990463257,100.0
2026-05-14 13:55:00,MMA.V,,1.0199999809265137,1.0199999809265137,1.0099999904632568,1.0099999904632568,14880.0
2026-05-14 13:55:00,TUF.V,,0.875,0.875,0.875,0.875,500.0
2026-05-14 13:56:00,FDR.V,,5.78000020980835,5.78000020980835,5.769999980926514,5.769999980926514,700.0
2026-05-14 13:56:00,HSTR.V,,2.240000009536743,2.240000009536743,2.240000009536743,2.240000009536743,300.0
2026-05-14 13:56:00,LG.V,,0.4099999964237213,0.4099999964237213,0.4099999964237213,0.4099999964237213,32000.0
2026-05-14 13:56:00,LGC.V,,2.059999942779541,2.059999942779541,2.059999942779541,2.059999942779541,100.0
2026-05-14 13:56:00,LIO.V,,0.1550000011920929,0.1550000011920929,0.1550000011920929,0.1550000011920929,500.0
2026-05-14 13:56:00,PNG.V,,7.329999923706055,7.329999923706055,7.315000057220459,7.315000057220459,900.0
2026-05-14 13:56:00,TUF.V,,0.8799999952316284,0.8799999952316284,0.8799999952316284,0.8799999952316284,500.0
2026-05-14 13:57:00,EQTY.V,,0.3400000035762787,0.3400000035762787,0.3400000035762787,0.3400000035762787,28500.0
2026-05-14 13:57:00,FAIR.V,,0.06499999761581421,0.06499999761581421,0.06499999761581421,0.06499999761581421,107700.0
2026-05-14 13:57:00,GWM.V,,0.6100000143051147,0.6100000143051147,0.6100000143051147,0.6100000143051147,3500.0
2026-05-14 13:57:00,HSTR.V,,2.240000009536743,2.240000009536743,2.240000009536743,2.240000009536743,200.0
2026-05-14 13:57:00,LTH.V,,1.0950000286102295,1.0950000286102295,1.0950000286102295,1.0950000286102295,200.0
2026-05-14 13:57:00,LVX.V,,0.8199999928474426,0.8199999928474426,0.8100000023841858,0.8100000023841858,8500.0
2026-05-14 13:58:00,EQTY.V,,0.3400000035762787,0.3400000035762787,0.3400000035762787,0.3400000035762787,500.0
2026-05-14 13:58:00,EVER.V,,0.5799999833106995,0.5799999833106995,0.5799999833106995,0.5799999833106995,0.0
2026-05-14 13:58:00,FL.V,,0.5699999928474426,0.5699999928474426,0.5699999928474426,0.5699999928474426,500.0
2026-05-14 13:58:00,GPH.V,,1.159999966621399,1.159999966621399,1.159999966621399,1.159999966621399,100.0
2026-05-14 13:58:00,HPQ.V,,0.17499999701976776,0.17499999701976776,0.17499999701976776,0.17499999701976776,2500.0
2026-05-14 13:58:00,HSTR.V,,2.240000009536743,2.240000009536743,2.240000009536743,2.240000009536743,300.0
2026-05-14 13:58:00,IFOS.V,,2.549999952316284,2.549999952316284,2.549999952316284,2.549999952316284,100.0
2026-05-14 13:58:00,LSL.V,,0.36500000953674316,0.36500000953674316,0.36500000953674316,0.36500000953674316,500.0
2026-05-14 13:58:00,LTH.V,,1.0950000286102295,1.0950000286102295,1.0950000286102295,1.0950000286102295,200.0
2026-05-14 13:58:00,MMA.V,,1.0149999856948853,1.0149999856948853,1.0149999856948853,1.0149999856948853,500.0
2026-05-14 13:58:00,PNG.V,,7.309999942779541,7.309999942779541,7.309999942779541,7.309999942779541,4300.0
2026-05-14 13:58:00,TUF.V,,0.875,0.875,0.875,0.875,500.0
2026-05-14 13:59:00,FO.V,,0.32499998807907104,0.32499998807907104,0.32499998807907104,0.32499998807907104,18928.0
2026-05-14 13:59:00,GOT.V,,1.7200000286102295,1.7200000286102295,1.7200000286102295,1.7200000286102295,100.0
2026-05-14 13:59:00,HSTR.V,,2.240000009536743,2.240000009536743,2.240000009536743,2.240000009536743,300.0
2026-05-14 13:59:00,LG.V,,0.4099999964237213,0.4099999964237213,0.4099999964237213,0.4099999964237213,500.0
2026-05-14 13:59:00,LPK.V,,0.4099999964237213,0.4099999964237213,0.4099999964237213,0.4099999964237213,2500.0
2026-05-14 13:59:00,LTH.V,,1.0950000286102295,1.0950000286102295,1.0950000286102295,1.0950000286102295,100.0
2026-05-14 13:59:00,MMA.V,,1.0149999856948853,1.0149999856948853,1.0149999856948853,1.0149999856948853,800.0
2026-05-14 13:59:00,PNG.V,,7.300000190734863,7.300000190734863,7.300000190734863,7.300000190734863,500.0
2026-05-14 14:00:00,EQTY.V,,0.3400000035762787,0.3400000035762787,0.3400000035762787,0.3400000035762787,500.0
2026-05-14 14:00:00,GPH.V,,1.159999966621399,1.159999966621399,1.159999966621399,1.159999966621399,2200.0
2026-05-14 14:00:00,HAR.V,,0.05000000074505806,0.05000000074505806,0.05000000074505806,0.05000000074505806,1000.0
2026-05-14 14:00:00,HMR.V,,0.8299999833106995,0.8299999833106995,0.8299999833106995,0.8299999833106995,1000.0
2026-05-14 14:00:00,HPQ.V,,0.17499999701976776,0.17499999701976776,0.17499999701976776,0.17499999701976776,1500.0
2026-05-14 14:00:00,HSTR.V,,2.240000009536743,2.25,2.240000009536743,2.25,400.0
2026-05-14 14:00:00,IVS.V,,0.23499999940395355,0.23499999940395355,0.23499999940395355,0.23499999940395355,40500.0
2026-05-14 14:00:00,KRY.V,,3.369999885559082,3.369999885559082,3.369999885559082,3.369999885559082,2500.0
2026-05-14 14:00:00,LG.V,,0.41499999165534973,0.41499999165534973,0.4099999964237213,0.4099999964237213,30000.0
2026-05-14 14:00:00,LTH.V,,1.0950000286102295,1.0950000286102295,1.0950000286102295,1.0950000286102295,200.0
2026-05-14 14:00:00,MLP.V,,2.509999990463257,2.509999990463257,2.509999990463257,2.509999990463257,200.0
2026-05-14 14:00:00,MMA.V,,1.0099999904632568,1.0099999904632568,1.0099999904632568,1.0099999904632568,2000.0
2026-05-14 14:00:00,NICU.V,,2.559999942779541,2.559999942779541,2.559999942779541,2.559999942779541,1400.0
2026-05-14 14:00:00,PNG.V,,7.300000190734863,7.300000190734863,7.289999961853027,7.300000190734863,18850.0
2026-05-14 14:00:00,TUF.V,,0.8799999952316284,0.8799999952316284,0.875,0.875,1000.0
2026-05-14 14:01:00,EQTY.V,,0.3400000035762787,0.3400000035762787,0.3400000035762787,0.3400000035762787,500.0
2026-05-14 14:01:00,FDR.V,,5.739999771118164,5.739999771118164,5.739999771118164,5.739999771118164,100.0
2026-05-14 14:01:00,FO.V,,0.32249999046325684,0.32249999046325684,0.32249999046325684,0.32249999046325684,1500.0
2026-05-14 14:01:00,FWZ.V,,4.489999771118164,4.5,4.489999771118164,4.489999771118164,2700.0
2026-05-14 14:01:00,GGAU.V,,0.3100000023841858,0.3100000023841858,0.3100000023841858,0.3100000023841858,5500.0
2026-05-14 14:01:00,GGO.V,,1.1100000143051147,1.1100000143051147,1.1100000143051147,1.1100000143051147,1000.0
2026-05-14 14:01:00,GPH.V,,1.159999966621399,1.159999966621399,1.159999966621399,1.159999966621399,100.0
2026-05-14 14:01:00,GUG.V,,0.06499999761581421,0.06499999761581421,0.06499999761581421,0.06499999761581421,22000.0
2026-05-14 14:01:00,HSTR.V,,2.2300000190734863,2.25,2.2300000190734863,2.25,13300.0
2026-05-14 14:01:00,IVS.V,,0.23499999940395355,0.23499999940395355,0.23499999940395355,0.23499999940395355,27900.0
2026-05-14 14:01:00,KRY.V,,3.369999885559082,3.369999885559082,3.369999885559082,3.369999885559082,700.0
2026-05-14 14:01:00,KTN.V,,1.600000023841858,1.600000023841858,1.600000023841858,1.600000023841858,100.0
2026-05-14 14:01:00,LG.V,,0.4099999964237213,0.4099999964237213,0.4099999964237213,0.4099999964237213,1000.0
2026-05-14 14:01:00,LMN.V,,20.049999237060547,20.049999237060547,20.049999237060547,20.049999237060547,400.0
2026-05-14 14:01:00,LTH.V,,1.090000033378601,1.090000033378601,1.090000033378601,1.090000033378601,1100.0
2026-05-14 14:01:00,MGM.V,,3.700000047683716,3.700000047683716,3.700000047683716,3.700000047683716,200.0
2026-05-14 14:01:00,MKO.V,,10.899999618530273,10.90999984741211,10.899999618530273,10.90999984741211,694.0
2026-05-14 14:01:00,MLP.V,,2.505000114440918,2.509999990463257,2.505000114440918,2.509999990463257,3500.0
2026-05-14 14:01:00,MMA.V,,1.0099999904632568,1.0099999904632568,1.0099999904632568,1.0099999904632568,3718.0
2026-05-14 14:01:00,NICU.V,,2.559999942779541,2.559999942779541,2.559999942779541,2.559999942779541,2100.0
2026-05-14 14:01:00,PNG.V,,7.28000020980835,7.28000020980835,7.269999980926514,7.28000020980835,2548.0
2026-05-14 14:01:00,ZNG.V,,1.149999976158142,1.149999976158142,1.149999976158142,1.149999976158142,300.0
2026-05-14 14:02:00,FL.V,,0.5699999928474426,0.5699999928474426,0.5699999928474426,0.5699999928474426,500.0
2026-05-14 14:02:00,FOR.V,,0.6499999761581421,0.6499999761581421,0.6499999761581421,0.6499999761581421,500.0
2026-05-14 14:02:00,HSTR.V,,2.2200000286102295,2.2300000190734863,2.2200000286102295,2.2249999046325684,6100.0
2026-05-14 14:02:00,KDK.V,,1.0,1.0,1.0,1.0,1000.0
2026-05-14 14:02:00,KTN.V,,1.600000023841858,1.600000023841858,1.600000023841858,1.600000023841858,100.0
2026-05-14 14:02:00,LITH.V,,0.7200000286102295,0.7200000286102295,0.7200000286102295,0.7200000286102295,11000.0
2026-05-14 14:02:00,LTH.V,,1.0850000381469727,1.0850000381469727,1.0850000381469727,1.0850000381469727,100.0
2026-05-14 14:02:00,MLP.V,,2.509999990463257,2.509999990463257,2.509999990463257,2.509999990463257,300.0
2026-05-14 14:02:00,NICU.V,,2.559999942779541,2.559999942779541,2.559999942779541,2.559999942779541,3800.0
2026-05-14 14:02:00,NURS.V,,4.0,4.0,4.0,4.0,100.0
2026-05-14 14:02:00,PNG.V,,7.28000020980835,7.28000020980835,7.28000020980835,7.28000020980835,100.0
2026-05-14 14:02:00,TUF.V,,0.8700000047683716,0.8799999952316284,0.8700000047683716,0.8799999952316284,3000.0
2026-05-14 14:03:00,EQTY.V,,0.3400000035762787,0.3400000035762787,0.3400000035762787,0.3400000035762787,10000.0
2026-05-14 14:03:00,FL.V,,0.5699999928474426,0.5699999928474426,0.5699999928474426,0.5699999928474426,500.0
2026-05-14 14:03:00,HME.V,,2.869999885559082,2.869999885559082,2.869999885559082,2.869999885559082,1400.0
2026-05-14 14:03:00,HSTR.V,,2.2200000286102295,2.2200000286102295,2.2200000286102295,2.2200000286102295,300.0
2026-05-14 14:03:00,IFOS.V,,2.565000057220459,2.565000057220459,2.565000057220459,2.565000057220459,100.0
2026-05-14 14:03:00,KDK.V,,0.9900000095367432,0.9900000095367432,0.9900000095367432,0.9900000095367432,100.0
2026-05-14 14:03:00,LMN.V,,20.09000015258789,20.09000015258789,20.049999237060547,20.049999237060547,300.0
2026-05-14 14:03:00,LTH.V,,1.0850000381469727,1.0850000381469727,1.0850000381469727,1.0850000381469727,100.0
2026-05-14 14:03:00,MGM.V,,3.690000057220459,3.690000057220459,3.690000057220459,3.690000057220459,5200.0
2026-05-14 14:03:00,NICU.V,,2.549999952316284,2.559999942779541,2.549999952316284,2.559999942779541,13538.0
2026-05-14 14:03:00,NURS.V,,4.0,4.010000228881836,4.0,4.0,500.0
2026-05-14 14:03:00,PNG.V,,7.300000190734863,7.300000190734863,7.289999961853027,7.289999961853027,1105.0
2026-05-14 14:03:00,ROAR.V,,0.1850000023841858,0.1850000023841858,0.1850000023841858,0.1850000023841858,500.0
2026-05-14 14:03:00,VAND.V,,0.8199999928474426,0.8199999928474426,0.8199999928474426,0.8199999928474426,3100.0
2026-05-14 14:03:00,YGT.V,,0.20499999821186066,0.20499999821186066,0.20499999821186066,0.20499999821186066,500.0
2026-05-14 14:04:00,FO.V,,0.3199999928474426,0.3199999928474426,0.3199999928474426,0.3199999928474426,7500.0
2026-05-14 14:04:00,GPH.V,,1.159999966621399,1.159999966621399,1.159999966621399,1.159999966621399,100.0
2026-05-14 14:04:00,GWM.V,,0.6100000143051147,0.6100000143051147,0.6100000143051147,0.6100000143051147,1000.0
2026-05-14 14:04:00,HSTR.V,,2.2200000286102295,2.2200000286102295,2.2200000286102295,2.2200000286102295,300.0
2026-05-14 14:04:00,LTH.V,,1.0850000381469727,1.0850000381469727,1.0850000381469727,1.0850000381469727,100.0
2026-05-14 14:04:00,PNG.V,,7.300000190734863,7.300000190734863,7.300000190734863,7.300000190734863,1000.0
2026-05-14 14:04:00,YGT.V,,0.20499999821186066,0.20499999821186066,0.20499999821186066,0.20499999821186066,500.0
2026-05-14 14:05:00,FWZ.V,,4.519999980926514,4.519999980926514,4.510000228881836,4.510000228881836,7100.0
2026-05-14 14:05:00,HSTR.V,,2.2200000286102295,2.2200000286102295,2.2200000286102295,2.2200000286102295,100.0
2026-05-14 14:05:00,LGC.V,,2.059999942779541,2.059999942779541,2.059999942779541,2.059999942779541,100.0
2026-05-14 14:05:00,LIO.V,,0.15000000596046448,0.1550000011920929,0.15000000596046448,0.1550000011920929,158500.0
2026-05-14 14:05:00,LMN.V,,20.049999237060547,20.100000381469727,20.049999237060547,20.100000381469727,1000.0
2026-05-14 14:05:00,LTH.V,,1.0850000381469727,1.0850000381469727,1.0850000381469727,1.0850000381469727,200.0
2026-05-14 14:05:00,NICU.V,,2.549999952316284,2.549999952316284,2.5450000762939453,2.5450000762939453,400.0
2026-05-14 14:05:00,PNG.V,,7.289999961853027,7.309999942779541,7.289999961853027,7.289999961853027,1400.0
2026-05-14 14:05:00,VAND.V,,0.8199999928474426,0.8199999928474426,0.8199999928474426,0.8199999928474426,500.0
2026-05-14 14:06:00,FPX.V,,0.5299999713897705,0.5299999713897705,0.5299999713897705,0.5299999713897705,8500.0
2026-05-14 14:06:00,GOT.V,,1.7200000286102295,1.7200000286102295,1.7200000286102295,1.7200000286102295,100.0
2026-05-14 14:06:00,HMR.V,,0.8600000143051147,0.8600000143051147,0.8600000143051147,0.8600000143051147,1000.0
2026-05-14 14:06:00,HSTR.V,,2.2249999046325684,2.2300000190734863,2.2249999046325684,2.2249999046325684,400.0
2026-05-14 14:06:00,IFOS.V,,2.559999942779541,2.559999942779541,2.549999952316284,2.549999952316284,1200.0
2026-05-14 14:06:00,KLD.V,,2.2699999809265137,2.2699999809265137,2.2699999809265137,2.2699999809265137,100.0
2026-05-14 14:06:00,LGC.V,,2.0899999141693115,2.0899999141693115,2.0899999141693115,2.0899999141693115,200.0
2026-05-14 14:06:00,LMN.V,,20.059999465942383,20.059999465942383,20.059999465942383,20.059999465942383,200.0
2026-05-14 14:06:00,LTH.V,,1.0850000381469727,1.0850000381469727,1.0850000381469727,1.0850000381469727,100.0
2026-05-14 14:06:00,MLP.V,,2.5,2.5,2.5,2.5,331.0
2026-05-14 14:06:00,NICU.V,,2.549999952316284,2.549999952316284,2.5450000762939453,2.5450000762939453,200.0
2026-05-14 14:06:00,PNG.V,,7.300000190734863,7.300000190734863,7.300000190734863,7.300000190734863,197.0
2026-05-14 14:07:00,EVER.V,,0.5699999928474426,0.5699999928474426,0.5699999928474426,0.5699999928474426,2000.0
2026-05-14 14:07:00,FL.V,,0.5699999928474426,0.5699999928474426,0.5699999928474426,0.5699999928474426,500.0
2026-05-14 14:07:00,FWZ.V,,4.53000020980835,4.53000020980835,4.53000020980835,4.53000020980835,100.0
2026-05-14 14:07:00,GGO.V,,1.1200000047683716,1.1200000047683716,1.1200000047683716,1.1200000047683716,100.0
2026-05-14 14:07:00,GPH.V,,1.159999966621399,1.159999966621399,1.159999966621399,1.159999966621399,100.0
2026-05-14 14:07:00,GQC.V,,0.5199999809265137,0.5199999809265137,0.5199999809265137,0.5199999809265137,500.0
2026-05-14 14:07:00,HEVI.V,,0.24500000476837158,0.24500000476837158,0.24500000476837158,0.24500000476837158,500.0
2026-05-14 14:07:00,HSTR.V,,2.2249999046325684,2.2249999046325684,2.2249999046325684,2.2249999046325684,300.0
2026-05-14 14:07:00,KDK.V,,1.0099999904632568,1.0099999904632568,1.0099999904632568,1.0099999904632568,100.0
2026-05-14 14:07:00,LMN.V,,20.09000015258789,20.104999542236328,20.09000015258789,20.104999542236328,1300.0
2026-05-14 14:07:00,MLP.V,,2.509999990463257,2.509999990463257,2.509999990463257,2.509999990463257,700.0
2026-05-14 14:07:00,NICU.V,,2.549999952316284,2.549999952316284,2.549999952316284,2.549999952316284,200.0
2026-05-14 14:07:00,PNG.V,,7.309999942779541,7.309999942779541,7.300000190734863,7.300000190734863,800.0
2026-05-14 14:08:00,HAM.V,,5.150000095367432,5.150000095367432,5.150000095367432,5.150000095367432,3300.0
2026-05-14 14:08:00,HME.V,,2.869999885559082,2.869999885559082,2.869999885559082,2.869999885559082,100.0
2026-05-14 14:08:00,HSTR.V,,2.2249999046325684,2.2249999046325684,2.2249999046325684,2.2249999046325684,100.0
2026-05-14 14:08:00,KTN.V,,1.600000023841858,1.600000023841858,1.600000023841858,1.600000023841858,100.0
2026-05-14 14:08:00,LTH.V,,1.0850000381469727,1.0850000381469727,1.0850000381469727,1.0850000381469727,400.0
2026-05-14 14:08:00,NICU.V,,2.549999952316284,2.549999952316284,2.549999952316284,2.549999952316284,2600.0
2026-05-14 14:08:00,PNG.V,,7.300000190734863,7.320000171661377,7.300000190734863,7.320000171661377,700.0
2026-05-14 14:08:00,TUF.V,,0.8700000047683716,0.8700000047683716,0.8700000047683716,0.8700000047683716,500.0
2026-05-14 14:09:00,FWZ.V,,4.53000020980835,4.53000020980835,4.53000020980835,4.53000020980835,200.0
2026-05-14 14:09:00,GWM.V,,0.6100000143051147,0.6100000143051147,0.6100000143051147,0.6100000143051147,1000.0
2026-05-14 14:09:00,HCH.V,,1.8899999856948853,1.8899999856948853,1.8899999856948853,1.8899999856948853,100.0
2026-05-14 14:09:00,HSTR.V,,2.2300000190734863,2.2300000190734863,2.2249999046325684,2.2249999046325684,2700.0
2026-05-14 14:09:00,LMN.V,,20.06999969482422,20.09000015258789,20.06999969482422,20.09000015258789,400.0
2026-05-14 14:09:00,NICU.V,,2.549999952316284,2.549999952316284,2.549999952316284,2.549999952316284,2000.0
2026-05-14 14:09:00,PNG.V,,7.320000171661377,7.320000171661377,7.320000171661377,7.320000171661377,1700.0
2026-05-14 14:09:00,TUF.V,,0.8700000047683716,0.8700000047683716,0.8700000047683716,0.8700000047683716,500.0
2026-05-14 14:10:00,FL.V,,0.5699999928474426,0.5699999928474426,0.5699999928474426,0.5699999928474426,500.0
2026-05-14 14:10:00,FWZ.V,,4.510000228881836,4.53000020980835,4.510000228881836,4.53000020980835,1200.0
2026-05-14 14:10:00,GPH.V,,1.159999966621399,1.159999966621399,1.159999966621399,1.159999966621399,100.0
2026-05-14 14:10:00,GQC.V,,0.5199999809265137,0.5199999809265137,0.5199999809265137,0.5199999809265137,500.0
2026-05-14 14:10:00,HSTR.V,,2.2249999046325684,2.2300000190734863,2.2249999046325684,2.2249999046325684,434.0
2026-05-14 14:10:00,IFOS.V,,2.559999942779541,2.559999942779541,2.549999952316284,2.549999952316284,1300.0
2026-05-14 14:10:00,LTH.V,,1.090000033378601,1.090000033378601,1.090000033378601,1.090000033378601,200.0
2026-05-14 14:10:00,NICU.V,,2.549999952316284,2.549999952316284,2.549999952316284,2.549999952316284,500.0
2026-05-14 14:10:00,PNG.V,,7.329999923706055,7.335000038146973,7.320000171661377,7.320000171661377,1500.0
2026-05-14 14:10:00,TUF.V,,0.8650000095367432,0.8650000095367432,0.8650000095367432,0.8650000095367432,500.0
2026-05-14 14:11:00,FDR.V,,5.760000228881836,5.760000228881836,5.760000228881836,5.760000228881836,100.0
2026-05-14 14:11:00,FO.V,,0.3199999928474426,0.3199999928474426,0.3199999928474426,0.3199999928474426,24000.0
2026-05-14 14:11:00,HSTR.V,,2.2300000190734863,2.2300000190734863,2.2300000190734863,2.2300000190734863,8800.0
2026-05-14 14:11:00,IFOS.V,,2.549999952316284,2.549999952316284,2.549999952316284,2.549999952316284,100.0
2026-05-14 14:11:00,IPT.V,,0.30000001192092896,0.30000001192092896,0.30000001192092896,0.30000001192092896,500.0
2026-05-14 14:11:00,KDK.V,,0.9900000095367432,0.9900000095367432,0.9900000095367432,0.9900000095367432,100.0
2026-05-14 14:11:00,LMN.V,,20.059999465942383,20.059999465942383,20.059999465942383,20.059999465942383,100.0
2026-05-14 14:11:00,LPK.V,,0.4099999964237213,0.4099999964237213,0.4099999964237213,0.4099999964237213,9500.0
2026-05-14 14:11:00,LTH.V,,1.090000033378601,1.090000033378601,1.090000033378601,1.090000033378601,100.0
2026-05-14 14:11:00,NICU.V,,2.549999952316284,2.549999952316284,2.549999952316284,2.549999952316284,6900.0
2026-05-14 14:11:00,PNG.V,,7.360000133514404,7.360000133514404,7.329999923706055,7.335000038146973,19901.0
2026-05-14 14:11:00,TUF.V,,0.8700000047683716,0.8700000047683716,0.8700000047683716,0.8700000047683716,500.0
2026-05-14 14:12:00,GFG.V,,0.1899999976158142,0.1899999976158142,0.1899999976158142,0.1899999976158142,14500.0
2026-05-14 14:12:00,LMN.V,,20.059999465942383,20.059999465942383,20.059999465942383,20.059999465942383,213.0
2026-05-14 14:12:00,LTH.V,,1.090000033378601,1.090000033378601,1.090000033378601,1.090000033378601,100.0
2026-05-14 14:12:00,NICU.V,,2.549999952316284,2.549999952316284,2.549999952316284,2.549999952316284,3950.0
2026-05-14 14:12:00,PNG.V,,7.360000133514404,7.360000133514404,7.360000133514404,7.360000133514404,1100.0
2026-05-14 14:12:00,ROAR.V,,0.1899999976158142,0.1899999976158142,0.1899999976158142,0.1899999976158142,3000.0
2026-05-14 14:13:00,FYL.V,,0.10499999672174454,0.10499999672174454,0.10499999672174454,0.10499999672174454,3000.0
2026-05-14 14:13:00,HME.V,,2.869999885559082,2.869999885559082,2.869999885559082,2.869999885559082,100.0
2026-05-14 14:13:00,IFOS.V,,2.559999942779541,2.559999942779541,2.549999952316284,2.549999952316284,1400.0
2026-05-14 14:13:00,LMG.V,,0.4950000047683716,0.4950000047683716,0.4950000047683716,0.4950000047683716,4000.0
2026-05-14 14:13:00,LMN.V,,20.100000381469727,20.110000610351562,20.100000381469727,20.100000381469727,600.0
2026-05-14 14:13:00,LTH.V,,1.090000033378601,1.090000033378601,1.090000033378601,1.090000033378601,100.0
2026-05-14 14:13:00,NICU.V,,2.549999952316284,2.549999952316284,2.549999952316284,2.549999952316284,300.0
2026-05-14 14:13:00,TUF.V,,0.8799999952316284,0.8799999952316284,0.8700000047683716,0.8700000047683716,23000.0
2026-05-14 14:13:00,ZNG.V,,1.1399999856948853,1.1399999856948853,1.1399999856948853,1.1399999856948853,100.0
2026-05-14 14:14:00,GOT.V,,1.7200000286102295,1.7200000286102295,1.7200000286102295,1.7200000286102295,100.0
2026-05-14 14:14:00,GPH.V,,1.149999976158142,1.149999976158142,1.149999976158142,1.149999976158142,100.0
2026-05-14 14:14:00,IFOS.V,,2.569999933242798,2.569999933242798,2.559999942779541,2.559999942779541,3400.0
2026-05-14 14:14:00,LG.V,,0.4099999964237213,0.4099999964237213,0.4099999964237213,0.4099999964237213,500.0
2026-05-14 14:14:00,LMN.V,,20.100000381469727,20.100000381469727,20.100000381469727,20.100000381469727,156.0
2026-05-14 14:14:00,LTH.V,,1.0800000429153442,1.090000033378601,1.0800000429153442,1.0850000381469727,24400.0
2026-05-14 14:14:00,MLP.V,,2.5199999809265137,2.5199999809265137,2.5199999809265137,2.5199999809265137,234.0
2026-05-14 14:14:00,NICU.V,,2.549999952316284,2.549999952316284,2.549999952316284,2.549999952316284,33200.0
2026-05-14 14:14:00,PNG.V,,7.360000133514404,7.360000133514404,7.349999904632568,7.349999904632568,5000.0
2026-05-14 14:14:00,TUF.V,,0.8799999952316284,0.8799999952316284,0.8799999952316284,0.8799999952316284,500.0
2026-05-14 14:15:00,FDR.V,,5.760000228881836,5.760000228881836,5.760000228881836,5.760000228881836,300.0
2026-05-14 14:15:00,GGO.V,,1.1200000047683716,1.1200000047683716,1.1200000047683716,1.1200000047683716,700.0
2026-05-14 14:15:00,LMN.V,,20.06999969482422,20.100000381469727,20.06999969482422,20.100000381469727,200.0
2026-05-14 14:15:00,LTH.V,,1.090000033378601,1.090000033378601,1.090000033378601,1.090000033378601,3200.0
2026-05-14 14:15:00,NICU.V,,2.549999952316284,2.549999952316284,2.549999952316284,2.549999952316284,1100.0
2026-05-14 14:15:00,PNG.V,,7.380000114440918,7.389999866485596,7.360000133514404,7.360000133514404,2901.0
2026-05-14 14:15:00,TUF.V,,0.8799999952316284,0.8799999952316284,0.8799999952316284,0.8799999952316284,2000.0
2026-05-14 14:16:00,BIG.V,,0.6700000166893005,0.6700000166893005,0.6700000166893005,0.6700000166893005,590.0
2026-05-14 14:16:00,FUU.V,,0.16500000655651093,0.16500000655651093,0.16500000655651093,0.16500000655651093,24000.0
2026-05-14 14:16:00,FWZ.V,,4.519999980926514,4.519999980926514,4.519999980926514,4.519999980926514,100.0
2026-05-14 14:16:00,LQWD.V,,1.1399999856948853,1.1399999856948853,1.1399999856948853,1.1399999856948853,2400.0
2026-05-14 14:16:00,MEK.V,,0.03999999910593033,0.03999999910593033,0.03999999910593033,0.03999999910593033,2000.0
2026-05-14 14:16:00,MINE.V,,0.125,0.125,0.125,0.125,10000.0
2026-05-14 14:16:00,NICU.V,,2.549999952316284,2.549999952316284,2.549999952316284,2.549999952316284,38200.0
2026-05-14 14:16:00,PNG.V,,7.360000133514404,7.360000133514404,7.360000133514404,7.360000133514404,1100.0
2026-05-14 14:16:00,TUF.V,,0.8700000047683716,0.8799999952316284,0.8700000047683716,0.8799999952316284,4500.0
2026-05-14 14:17:00,FWZ.V,,4.519999980926514,4.519999980926514,4.519999980926514,4.519999980926514,100.0
2026-05-14 14:17:00,GFG.V,,0.19499999284744263,0.19499999284744263,0.19499999284744263,0.19499999284744263,3000.0
2026-05-14 14:17:00,GGO.V,,1.1100000143051147,1.1100000143051147,1.1100000143051147,1.1100000143051147,4800.0
2026-05-14 14:17:00,LMN.V,,20.110000610351562,20.110000610351562,20.059999465942383,20.079999923706055,700.0
2026-05-14 14:17:00,NICU.V,,2.549999952316284,2.549999952316284,2.549999952316284,2.549999952316284,4200.0
2026-05-14 14:17:00,PNG.V,,7.400000095367432,7.400000095367432,7.380000114440918,7.380000114440918,10509.0
2026-05-14 14:18:00,FDR.V,,5.789999961853027,5.789999961853027,5.789999961853027,5.789999961853027,100.0
2026-05-14 14:18:00,FL.V,,0.5699999928474426,0.5699999928474426,0.5699999928474426,0.5699999928474426,500.0
2026-05-14 14:18:00,FWZ.V,,4.519999980926514,4.519999980926514,4.519999980926514,4.519999980926514,100.0
2026-05-14 14:18:00,GPH.V,,1.159999966621399,1.159999966621399,1.149999976158142,1.149999976158142,200.0
2026-05-14 14:18:00,HSTR.V,,2.2300000190734863,2.2300000190734863,2.2300000190734863,2.2300000190734863,100.0
2026-05-14 14:18:00,LTH.V,,1.0950000286102295,1.0950000286102295,1.0950000286102295,1.0950000286102295,400.0
2026-05-14 14:18:00,NICU.V,,2.549999952316284,2.549999952316284,2.549999952316284,2.549999952316284,700.0
2026-05-14 14:18:00,NURS.V,,4.0,4.0,4.0,4.0,100.0
2026-05-14 14:18:00,PNG.V,,7.389999866485596,7.389999866485596,7.389999866485596,7.389999866485596,500.0
2026-05-14 14:19:00,EMM.V,,0.10499999672174454,0.10499999672174454,0.10499999672174454,0.10499999672174454,7000.0
2026-05-14 14:19:00,FWZ.V,,4.519999980926514,4.519999980926514,4.519999980926514,4.519999980926514,100.0
2026-05-14 14:19:00,GPH.V,,1.159999966621399,1.159999966621399,1.159999966621399,1.159999966621399,100.0
2026-05-14 14:19:00,GSI.V,,1.25,1.25,1.25,1.25,100.0
2026-05-14 14:19:00,HMR.V,,0.8700000047683716,0.8700000047683716,0.8700000047683716,0.8700000047683716,3000.0
2026-05-14 14:19:00,IPT.V,,0.30000001192092896,0.30000001192092896,0.30000001192092896,0.30000001192092896,7500.0
2026-05-14 14:19:00,LTH.V,,1.0950000286102295,1.0950000286102295,1.0950000286102295,1.0950000286102295,400.0
2026-05-14 14:19:00,MLP.V,,2.5199999809265137,2.5199999809265137,2.5199999809265137,2.5199999809265137,100.0
2026-05-14 14:19:00,NICU.V,,2.549999952316284,2.549999952316284,2.549999952316284,2.549999952316284,3500.0
2026-05-14 14:19:00,ZNG.V,,1.149999976158142,1.149999976158142,1.149999976158142,1.149999976158142,100.0
2026-05-14 14:20:00,FL.V,,0.5699999928474426,0.5699999928474426,0.5699999928474426,0.5699999928474426,500.0
2026-05-14 14:20:00,HME.V,,2.869999885559082,2.869999885559082,2.869999885559082,2.869999885559082,100.0
2026-05-14 14:20:00,KDK.V,,0.9900000095367432,0.9900000095367432,0.9900000095367432,0.9900000095367432,100.0
2026-05-14 14:20:00,KNG.V,,1.3200000524520874,1.3300000429153442,1.3200000524520874,1.3200000524520874,2700.0
2026-05-14 14:20:00,KTN.V,,1.6100000143051147,1.6100000143051147,1.6100000143051147,1.6100000143051147,400.0
2026-05-14 14:20:00,LG.V,,0.41499999165534973,0.41499999165534973,0.41499999165534973,0.41499999165534973,49500.0
2026-05-14 14:20:00,LGC.V,,2.119999885559082,2.119999885559082,2.119999885559082,2.119999885559082,400.0
2026-05-14 14:20:00,LMN.V,,20.1299991607666,20.1299991607666,20.100000381469727,20.110000610351562,700.0
2026-05-14 14:20:00,LTH.V,,1.0950000286102295,1.0950000286102295,1.0950000286102295,1.0950000286102295,400.0
2026-05-14 14:20:00,MINE.V,,0.125,0.125,0.125,0.125,2000.0
2026-05-14 14:20:00,MMA.V,,1.0149999856948853,1.0149999856948853,1.0149999856948853,1.0149999856948853,800.0
2026-05-14 14:20:00,NICU.V,,2.549999952316284,2.549999952316284,2.549999952316284,2.549999952316284,1900.0
2026-05-14 14:20:00,PNG.V,,7.409999847412109,7.420000076293945,7.389999866485596,7.389999866485596,32286.0
2026-05-14 14:21:00,FDR.V,,5.789999961853027,5.789999961853027,5.789999961853027,5.789999961853027,100.0
2026-05-14 14:21:00,FWZ.V,,4.519999980926514,4.519999980926514,4.519999980926514,4.519999980926514,300.0
2026-05-14 14:21:00,GOT.V,,1.7200000286102295,1.7200000286102295,1.7200000286102295,1.7200000286102295,100.0
2026-05-14 14:21:00,HCH.V,,1.8899999856948853,1.8899999856948853,1.8899999856948853,1.8899999856948853,600.0
2026-05-14 14:21:00,HSTR.V,,2.2249999046325684,2.2249999046325684,2.2249999046325684,2.2249999046325684,100.0
2026-05-14 14:21:00,LMN.V,,20.059999465942383,20.059999465942383,20.059999465942383,20.059999465942383,100.0
2026-05-14 14:21:00,LTH.V,,1.0950000286102295,1.0950000286102295,1.0950000286102295,1.0950000286102295,400.0
2026-05-14 14:21:00,NICU.V,,2.549999952316284,2.549999952316284,2.549999952316284,2.549999952316284,1500.0
2026-05-14 14:21:00,PNG.V,,7.429999828338623,7.429999828338623,7.429999828338623,7.429999828338623,1900.0
2026-05-14 14:21:00,TUF.V,,0.8700000047683716,0.8700000047683716,0.8700000047683716,0.8700000047683716,500.0
2026-05-14 14:22:00,FL.V,,0.5699999928474426,0.5699999928474426,0.5699999928474426,0.5699999928474426,2000.0
2026-05-14 14:22:00,FWZ.V,,4.519999980926514,4.519999980926514,4.519999980926514,4.519999980926514,100.0
2026-05-14 14:22:00,GGO.V,,1.0800000429153442,1.1100000143051147,1.0800000429153442,1.1100000143051147,5007.0
2026-05-14 14:22:00,GSI.V,,1.25,1.25,1.25,1.25,700.0
2026-05-14 14:22:00,HEVI.V,,0.25,0.25,0.25,0.25,1000.0
2026-05-14 14:22:00,HMR.V,,0.8799999952316284,0.8799999952316284,0.8799999952316284,0.8799999952316284,1500.0
2026-05-14 14:22:00,HSTR.V,,2.2249999046325684,2.2249999046325684,2.2249999046325684,2.2249999046325684,200.0
2026-05-14 14:22:00,KTN.V,,1.6100000143051147,1.6100000143051147,1.6100000143051147,1.6100000143051147,930.0
2026-05-14 14:22:00,LG.V,,0.4099999964237213,0.4099999964237213,0.4099999964237213,0.4099999964237213,19275.0
2026-05-14 14:22:00,LMN.V,,20.100000381469727,20.100000381469727,20.100000381469727,20.100000381469727,100.0
2026-05-14 14:22:00,LTH.V,,1.0950000286102295,1.0950000286102295,1.0950000286102295,1.0950000286102295,400.0
2026-05-14 14:22:00,NICU.V,,2.549999952316284,2.549999952316284,2.549999952316284,2.549999952316284,1800.0
2026-05-14 14:22:00,PNG.V,,7.429999828338623,7.429999828338623,7.429999828338623,7.429999828338623,680.0
2026-05-14 14:22:00,TUF.V,,0.8700000047683716,0.8700000047683716,0.8700000047683716,0.8700000047683716,500.0
2026-05-14 14:23:00,GQC.V,,0.5199999809265137,0.5199999809265137,0.5199999809265137,0.5199999809265137,600.0
2026-05-14 14:23:00,HSTR.V,,2.2249999046325684,2.2249999046325684,2.2249999046325684,2.2249999046325684,400.0
2026-05-14 14:23:00,LG.V,,0.4099999964237213,0.4099999964237213,0.4099999964237213,0.4099999964237213,2500.0
2026-05-14 14:23:00,LMN.V,,20.06999969482422,20.06999969482422,20.06999969482422,20.06999969482422,100.0
2026-05-14 14:23:00,LTH.V,,1.0950000286102295,1.0950000286102295,1.0950000286102295,1.0950000286102295,300.0
2026-05-14 14:23:00,MQM.V,,0.30000001192092896,0.3100000023841858,0.30000001192092896,0.3100000023841858,13000.0
2026-05-14 14:23:00,NICU.V,,2.549999952316284,2.549999952316284,2.549999952316284,2.549999952316284,1200.0
2026-05-14 14:23:00,PNG.V,,7.420000076293945,7.420000076293945,7.409999847412109,7.409999847412109,5300.0
2026-05-14 14:23:00,TUF.V,,0.8700000047683716,0.8700000047683716,0.8700000047683716,0.8700000047683716,1000.0
2026-05-14 14:24:00,FL.V,,0.5699999928474426,0.5699999928474426,0.5699999928474426,0.5699999928474426,500.0
2026-05-14 14:24:00,HSTR.V,,2.2200000286102295,2.2200000286102295,2.2200000286102295,2.2200000286102295,300.0
2026-05-14 14:24:00,LMN.V,,20.06999969482422,20.06999969482422,20.06999969482422,20.06999969482422,100.0
2026-05-14 14:24:00,LTH.V,,1.0950000286102295,1.0950000286102295,1.0950000286102295,1.0950000286102295,300.0
2026-05-14 14:24:00,MLP.V,,2.509999990463257,2.509999990463257,2.509999990463257,2.509999990463257,100.0
2026-05-14 14:24:00,NICU.V,,2.549999952316284,2.549999952316284,2.549999952316284,2.549999952316284,900.0
2026-05-14 14:24:00,PNG.V,,7.420000076293945,7.429999828338623,7.420000076293945,7.420000076293945,4510.0
2026-05-14 14:24:00,TUF.V,,0.8700000047683716,0.8700000047683716,0.8700000047683716,0.8700000047683716,500.0
2026-05-14 14:25:00,HEVI.V,,0.25,0.25,0.25,0.25,1500.0
2026-05-14 14:25:00,HSTR.V,,2.2200000286102295,2.2200000286102295,2.2200000286102295,2.2200000286102295,300.0
2026-05-14 14:25:00,ICM.V,,0.0949999988079071,0.0949999988079071,0.0949999988079071,0.0949999988079071,3000.0
2026-05-14 14:25:00,LMN.V,,20.100000381469727,20.110000610351562,20.100000381469727,20.110000610351562,300.0
2026-05-14 14:25:00,LTH.V,,1.0950000286102295,1.0950000286102295,1.0950000286102295,1.0950000286102295,300.0
2026-05-14 14:25:00,NICU.V,,2.549999952316284,2.549999952316284,2.549999952316284,2.549999952316284,500.0
2026-05-14 14:25:00,PNG.V,,7.440000057220459,7.440000057220459,7.429999828338623,7.429999828338623,3300.0
2026-05-14 14:25:00,TUF.V,,0.8600000143051147,0.8700000047683716,0.8600000143051147,0.8700000047683716,3000.0
2026-05-14 14:25:00,YGT.V,,0.20499999821186066,0.20499999821186066,0.20499999821186066,0.20499999821186066,500.0
2026-05-14 14:26:00,HSTR.V,,2.2200000286102295,2.2200000286102295,2.2200000286102295,2.2200000286102295,300.0
2026-05-14 14:26:00,KDK.V,,1.0,1.0,1.0,1.0,5000.0
2026-05-14 14:26:00,LMN.V,,20.059999465942383,20.059999465942383,20.059999465942383,20.059999465942383,400.0
2026-05-14 14:26:00,LTH.V,,1.0700000524520874,1.0950000286102295,1.059999942779541,1.0950000286102295,29800.0
2026-05-14 14:26:00,MLP.V,,2.509999990463257,2.509999990463257,2.509999990463257,2.509999990463257,100.0
2026-05-14 14:26:00,NICU.V,,2.549999952316284,2.549999952316284,2.549999952316284,2.549999952316284,800.0
2026-05-14 14:26:00,TUF.V,,0.8600000143051147,0.8650000095367432,0.8600000143051147,0.8650000095367432,1000.0
2026-05-14 14:27:00,FWZ.V,,4.519999980926514,4.519999980926514,4.519999980926514,4.519999980926514,100.0
2026-05-14 14:27:00,HSTR.V,,2.2200000286102295,2.2200000286102295,2.2200000286102295,2.2200000286102295,100.0
2026-05-14 14:27:00,IFOS.V,,2.549999952316284,2.549999952316284,2.549999952316284,2.549999952316284,1100.0
2026-05-14 14:27:00,LMN.V,,20.0049991607666,20.059999465942383,20.0,20.059999465942383,2802.0
2026-05-14 14:27:00,LVX.V,,0.7799999713897705,0.7799999713897705,0.7799999713897705,0.7799999713897705,13750.0
2026-05-14 14:27:00,MQM.V,,0.30000001192092896,0.30000001192092896,0.30000001192092896,0.30000001192092896,2589.0
2026-05-14 14:27:00,NICU.V,,2.549999952316284,2.549999952316284,2.549999952316284,2.549999952316284,600.0
2026-05-14 14:27:00,TUF.V,,0.8650000095367432,0.8650000095367432,0.8650000095367432,0.8650000095367432,500.0
2026-05-14 14:28:00,FL.V,,0.5699999928474426,0.5699999928474426,0.5699999928474426,0.5699999928474426,500.0
2026-05-14 14:28:00,GOT.V,,1.7200000286102295,1.7200000286102295,1.7200000286102295,1.7200000286102295,100.0
2026-05-14 14:28:00,HSTR.V,,2.2249999046325684,2.2249999046325684,2.2200000286102295,2.2249999046325684,400.0
2026-05-14 14:28:00,IFOS.V,,2.549999952316284,2.549999952316284,2.549999952316284,2.549999952316284,300.0
2026-05-14 14:28:00,LMN.V,,20.139999389648438,20.139999389648438,20.0,20.0,11400.0
2026-05-14 14:28:00,LTH.V,,1.0800000429153442,1.0800000429153442,1.0800000429153442,1.0800000429153442,1300.0
2026-05-14 14:28:00,MLP.V,,2.509999990463257,2.509999990463257,2.509999990463257,2.509999990463257,100.0
2026-05-14 14:28:00,NICU.V,,2.549999952316284,2.549999952316284,2.549999952316284,2.549999952316284,500.0
2026-05-14 14:28:00,PNG.V,,7.420000076293945,7.429999828338623,7.420000076293945,7.429999828338623,2200.0
2026-05-14 14:28:00,TUF.V,,0.8700000047683716,0.8799999952316284,0.8700000047683716,0.8700000047683716,11000.0
2026-05-14 14:29:00,EQTY.V,,0.33500000834465027,0.33500000834465027,0.33500000834465027,0.33500000834465027,22500.0
2026-05-14 14:29:00,FDR.V,,5.789999961853027,5.789999961853027,5.789999961853027,5.789999961853027,205.0
2026-05-14 14:29:00,FOR.V,,0.6600000262260437,0.6600000262260437,0.6600000262260437,0.6600000262260437,1000.0
2026-05-14 14:29:00,HAM.V,,5.150000095367432,5.150000095367432,5.150000095367432,5.150000095367432,100.0
2026-05-14 14:29:00,HSTR.V,,2.2249999046325684,2.2249999046325684,2.2249999046325684,2.2249999046325684,100.0
2026-05-14 14:29:00,IFOS.V,,2.549999952316284,2.549999952316284,2.549999952316284,2.549999952316284,1200.0
2026-05-14 14:29:00,LTH.V,,1.0800000429153442,1.0800000429153442,1.0800000429153442,1.0800000429153442,800.0
2026-05-14 14:29:00,NICU.V,,2.549999952316284,2.549999952316284,2.549999952316284,2.549999952316284,600.0
2026-05-14 14:29:00,PNG.V,,7.429999828338623,7.440000057220459,7.420000076293945,7.420000076293945,8192.0
2026-05-14 14:30:00,FWZ.V,,4.519999980926514,4.519999980926514,4.519999980926514,4.519999980926514,200.0
2026-05-14 14:30:00,GGO.V,,1.100000023841858,1.100000023841858,1.100000023841858,1.100000023841858,5900.0
2026-05-14 14:30:00,GPH.V,,1.149999976158142,1.149999976158142,1.149999976158142,1.149999976158142,100.0
2026-05-14 14:30:00,HAM.V,,5.150000095367432,5.150000095367432,5.150000095367432,5.150000095367432,100.0
2026-05-14 14:30:00,HMR.V,,0.8700000047683716,0.8700000047683716,0.8700000047683716,0.8700000047683716,1100.0
2026-05-14 14:30:00,HSTR.V,,2.2249999046325684,2.2249999046325684,2.2249999046325684,2.2249999046325684,400.0
2026-05-14 14:30:00,KRY.V,,3.359999895095825,3.359999895095825,3.359999895095825,3.359999895095825,200.0
2026-05-14 14:30:00,LMN.V,,20.06999969482422,20.06999969482422,20.06999969482422,20.06999969482422,100.0
2026-05-14 14:30:00,LTH.V,,1.0800000429153442,1.0800000429153442,1.0800000429153442,1.0800000429153442,2700.0
2026-05-14 14:30:00,MLP.V,,2.509999990463257,2.509999990463257,2.509999990463257,2.509999990463257,200.0
2026-05-14 14:30:00,NICU.V,,2.549999952316284,2.549999952316284,2.549999952316284,2.549999952316284,800.0
2026-05-14 14:30:00,PNG.V,,7.460000038146973,7.460000038146973,7.440000057220459,7.440000057220459,8723.0
2026-05-14 14:30:00,VAND.V,,0.8100000023841858,0.8100000023841858,0.8100000023841858,0.8100000023841858,2750.0
2026-05-14 14:31:00,FAIR.V,,0.06499999761581421,0.06499999761581421,0.06499999761581421,0.06499999761581421,53000.0
2026-05-14 14:31:00,FWZ.V,,4.519999980926514,4.519999980926514,4.519999980926514,4.519999980926514,200.0
2026-05-14 14:31:00,HAM.V,,5.150000095367432,5.150000095367432,5.150000095367432,5.150000095367432,100.0
2026-05-14 14:31:00,HSTR.V,,2.2200000286102295,2.2249999046325684,2.2200000286102295,2.2249999046325684,300.0
2026-05-14 14:31:00,LMN.V,,20.149999618530273,20.149999618530273,20.149999618530273,20.149999618530273,200.0
2026-05-14 14:31:00,LTH.V,,1.0800000429153442,1.0800000429153442,1.0800000429153442,1.0800000429153442,700.0
2026-05-14 14:31:00,MLP.V,,2.509999990463257,2.509999990463257,2.509999990463257,2.509999990463257,200.0
2026-05-14 14:31:00,NICU.V,,2.549999952316284,2.549999952316284,2.549999952316284,2.549999952316284,400.0
2026-05-14 14:31:00,NURS.V,,4.0,4.0,4.0,4.0,100.0
2026-05-14 14:31:00,PNG.V,,7.480000019073486,7.480000019073486,7.440000057220459,7.440000057220459,2698.0
2026-05-14 14:31:00,TUF.V,,0.875,0.875,0.875,0.875,500.0
2026-05-14 14:32:00,EQTY.V,,0.33500000834465027,0.33500000834465027,0.33500000834465027,0.33500000834465027,3500.0
2026-05-14 14:32:00,GGO.V,,1.090000033378601,1.090000033378601,1.090000033378601,1.090000033378601,1000.0
2026-05-14 14:32:00,HAM.V,,5.150000095367432,5.150000095367432,5.150000095367432,5.150000095367432,100.0
2026-05-14 14:32:00,HME.V,,2.869999885559082,2.869999885559082,2.869999885559082,2.869999885559082,100.0
2026-05-14 14:32:00,HSTR.V,,2.2200000286102295,2.2249999046325684,2.2200000286102295,2.2249999046325684,200.0
2026-05-14 14:32:00,LTH.V,,1.0800000429153442,1.0800000429153442,1.0800000429153442,1.0800000429153442,1000.0
2026-05-14 14:32:00,LVX.V,,0.800000011920929,0.800000011920929,0.800000011920929,0.800000011920929,1000.0
2026-05-14 14:32:00,MLP.V,,2.509999990463257,2.509999990463257,2.509999990463257,2.509999990463257,100.0
2026-05-14 14:32:00,NICU.V,,2.549999952316284,2.549999952316284,2.549999952316284,2.549999952316284,300.0
2026-05-14 14:32:00,PNG.V,,7.46999979019165,7.480000019073486,7.46999979019165,7.46999979019165,1600.0
2026-05-14 14:32:00,TUF.V,,0.8799999952316284,0.8799999952316284,0.8799999952316284,0.8799999952316284,500.0
2026-05-14 14:33:00,FL.V,,0.5699999928474426,0.5699999928474426,0.5699999928474426,0.5699999928474426,500.0
2026-05-14 14:33:00,HAM.V,,5.150000095367432,5.150000095367432,5.150000095367432,5.150000095367432,100.0
2026-05-14 14:33:00,HSTR.V,,2.2300000190734863,2.2300000190734863,2.2200000286102295,2.2200000286102295,500.0
2026-05-14 14:33:00,LMN.V,,20.059999465942383,20.059999465942383,20.059999465942383,20.059999465942383,200.0
2026-05-14 14:33:00,LQWD.V,,1.1399999856948853,1.1399999856948853,1.1399999856948853,1.1399999856948853,200.0
2026-05-14 14:33:00,LTH.V,,1.0800000429153442,1.0800000429153442,1.0800000429153442,1.0800000429153442,700.0
2026-05-14 14:33:00,LVX.V,,0.8100000023841858,0.8100000023841858,0.8100000023841858,0.8100000023841858,500.0
2026-05-14 14:33:00,MLP.V,,2.509999990463257,2.509999990463257,2.509999990463257,2.509999990463257,100.0
2026-05-14 14:33:00,NICU.V,,2.549999952316284,2.549999952316284,2.549999952316284,2.549999952316284,600.0
2026-05-14 14:33:00,PNG.V,,7.480000019073486,7.489999771118164,7.480000019073486,7.480000019073486,1785.0
2026-05-14 14:33:00,TUF.V,,0.8799999952316284,0.8799999952316284,0.8799999952316284,0.8799999952316284,500.0
2026-05-14 14:34:00,FFOX.V,,0.6499999761581421,0.6499999761581421,0.6499999761581421,0.6499999761581421,2000.0
2026-05-14 14:34:00,FWZ.V,,4.519999980926514,4.519999980926514,4.519999980926514,4.519999980926514,170.0
2026-05-14 14:34:00,GPH.V,,1.149999976158142,1.149999976158142,1.149999976158142,1.149999976158142,100.0
2026-05-14 14:34:00,HAM.V,,5.150000095367432,5.150000095367432,5.150000095367432,5.150000095367432,200.0
2026-05-14 14:34:00,HSTR.V,,2.2249999046325684,2.2300000190734863,2.2249999046325684,2.2249999046325684,300.0
2026-05-14 14:34:00,LTH.V,,1.0800000429153442,1.0800000429153442,1.0800000429153442,1.0800000429153442,500.0
2026-05-14 14:34:00,NICU.V,,2.549999952316284,2.549999952316284,2.549999952316284,2.549999952316284,200.0
2026-05-14 14:34:00,PNG.V,,7.480000019073486,7.489999771118164,7.480000019073486,7.489999771118164,3696.0
2026-05-14 14:34:00,TUF.V,,0.8700000047683716,0.8700000047683716,0.8700000047683716,0.8700000047683716,3000.0
2026-05-14 14:35:00,FL.V,,0.5699999928474426,0.5699999928474426,0.5699999928474426,0.5699999928474426,1500.0
2026-05-14 14:35:00,FWZ.V,,4.519999980926514,4.519999980926514,4.519999980926514,4.519999980926514,100.0
2026-05-14 14:35:00,GGO.V,,1.090000033378601,1.090000033378601,1.090000033378601,1.090000033378601,500.0
2026-05-14 14:35:00,GOT.V,,1.7200000286102295,1.7200000286102295,1.7200000286102295,1.7200000286102295,100.0
2026-05-14 14:35:00,GSI.V,,1.25,1.25,1.25,1.25,800.0
2026-05-14 14:35:00,HAM.V,,5.150000095367432,5.150000095367432,5.150000095367432,5.150000095367432,100.0
2026-05-14 14:35:00,HSTR.V,,2.2300000190734863,2.2300000190734863,2.2249999046325684,2.2300000190734863,400.0
2026-05-14 14:35:00,IFOS.V,,2.549999952316284,2.549999952316284,2.549999952316284,2.549999952316284,1100.0
2026-05-14 14:35:00,LMN.V,,20.06999969482422,20.06999969482422,20.06999969482422,20.06999969482422,100.0
2026-05-14 14:35:00,LTH.V,,1.0800000429153442,1.0800000429153442,1.0800000429153442,1.0800000429153442,600.0
2026-05-14 14:35:00,NICU.V,,2.549999952316284,2.549999952316284,2.549999952316284,2.549999952316284,11000.0
2026-05-14 14:35:00,PNG.V,,7.46999979019165,7.5,7.46999979019165,7.5,4875.0
2026-05-14 14:36:00,FWZ.V,,4.519999980926514,4.519999980926514,4.519999980926514,4.519999980926514,100.0
2026-05-14 14:36:00,GPH.V,,1.159999966621399,1.159999966621399,1.159999966621399,1.159999966621399,200.0
2026-05-14 14:36:00,GQC.V,,0.5199999809265137,0.5199999809265137,0.5199999809265137,0.5199999809265137,500.0
2026-05-14 14:36:00,GSI.V,,1.25,1.25,1.25,1.25,500.0
2026-05-14 14:36:00,HAM.V,,5.150000095367432,5.150000095367432,5.150000095367432,5.150000095367432,100.0
2026-05-14 14:36:00,HSTR.V,,2.2300000190734863,2.2300000190734863,2.2249999046325684,2.2249999046325684,500.0
2026-05-14 14:36:00,LG.V,,0.41499999165534973,0.41499999165534973,0.41499999165534973,0.41499999165534973,500.0
2026-05-14 14:36:00,LMN.V,,20.059999465942383,20.059999465942383,20.059999465942383,20.059999465942383,200.0
2026-05-14 14:36:00,LTH.V,,1.0700000524520874,1.0700000524520874,1.065000057220459,1.0700000524520874,3100.0
2026-05-14 14:36:00,NICU.V,,2.549999952316284,2.549999952316284,2.549999952316284,2.549999952316284,600.0
2026-05-14 14:36:00,PNG.V,,7.480000019073486,7.480000019073486,7.449999809265137,7.46999979019165,1100.0
2026-05-14 14:37:00,FUU.V,,0.16500000655651093,0.16500000655651093,0.16500000655651093,0.16500000655651093,30000.0
2026-05-14 14:37:00,HAM.V,,5.150000095367432,5.150000095367432,5.150000095367432,5.150000095367432,100.0
2026-05-14 14:37:00,HCH.V,,1.899999976158142,1.899999976158142,1.899999976158142,1.899999976158142,700.0
2026-05-14 14:37:00,HSTR.V,,2.2300000190734863,2.2300000190734863,2.2249999046325684,2.2249999046325684,400.0
2026-05-14 14:37:00,IFOS.V,,2.549999952316284,2.549999952316284,2.549999952316284,2.549999952316284,1100.0
2026-05-14 14:37:00,LBNK.V,,0.5699999928474426,0.5699999928474426,0.5699999928474426,0.5699999928474426,2300.0
2026-05-14 14:37:00,LMN.V,,20.049999237060547,20.049999237060547,20.049999237060547,20.049999237060547,100.0
2026-05-14 14:37:00,LSL.V,,0.36500000953674316,0.36500000953674316,0.36500000953674316,0.36500000953674316,1000.0
2026-05-14 14:37:00,LTH.V,,1.0700000524520874,1.0700000524520874,1.0700000524520874,1.0700000524520874,1800.0
2026-05-14 14:37:00,MMG.V,,0.3100000023841858,0.3100000023841858,0.3100000023841858,0.3100000023841858,500.0
2026-05-14 14:37:00,NICU.V,,2.549999952316284,2.549999952316284,2.549999952316284,2.549999952316284,300.0
2026-05-14 14:37:00,PNG.V,,7.460000038146973,7.480000019073486,7.449999809265137,7.480000019073486,1570.0
2026-05-14 14:38:00,FDR.V,,5.789999961853027,5.789999961853027,5.789999961853027,5.789999961853027,105.0
2026-05-14 14:38:00,FRED.V,,0.7099999785423279,0.7099999785423279,0.7099999785423279,0.7099999785423279,800.0
2026-05-14 14:38:00,HAM.V,,5.150000095367432,5.150000095367432,5.150000095367432,5.150000095367432,100.0
2026-05-14 14:38:00,HEVI.V,,0.24500000476837158,0.24500000476837158,0.24500000476837158,0.24500000476837158,4000.0
2026-05-14 14:38:00,HSTR.V,,2.2300000190734863,2.2300000190734863,2.2249999046325684,2.2249999046325684,6900.0
2026-05-14 14:38:00,LTH.V,,1.0700000524520874,1.0700000524520874,1.065000057220459,1.0700000524520874,2100.0
2026-05-14 14:38:00,LVX.V,,0.8100000023841858,0.8100000023841858,0.8100000023841858,0.8100000023841858,3000.0
2026-05-14 14:38:00,NICU.V,,2.549999952316284,2.549999952316284,2.549999952316284,2.549999952316284,500.0
2026-05-14 14:38:00,PNG.V,,7.46999979019165,7.489999771118164,7.449999809265137,7.460000038146973,2300.0
2026-05-14 14:38:00,TUF.V,,0.8700000047683716,0.8700000047683716,0.8700000047683716,0.8700000047683716,500.0
2026-05-14 14:39:00,FO.V,,0.32499998807907104,0.32499998807907104,0.32499998807907104,0.32499998807907104,64000.0
2026-05-14 14:39:00,GPH.V,,1.159999966621399,1.159999966621399,1.159999966621399,1.159999966621399,100.0
2026-05-14 14:39:00,GQC.V,,0.5199999809265137,0.5199999809265137,0.5199999809265137,0.5199999809265137,500.0
2026-05-14 14:39:00,GRZ.V,,6.190000057220459,6.190000057220459,6.139999866485596,6.139999866485596,0.0
2026-05-14 14:39:00,HAM.V,,5.150000095367432,5.150000095367432,5.150000095367432,5.150000095367432,100.0
2026-05-14 14:39:00,HEVI.V,,0.24500000476837158,0.24500000476837158,0.24500000476837158,0.24500000476837158,2000.0
2026-05-14 14:39:00,HSTR.V,,2.2300000190734863,2.2300000190734863,2.2300000190734863,2.2300000190734863,400.0
2026-05-14 14:39:00,LGC.V,,2.0299999713897705,2.0299999713897705,2.0299999713897705,2.0299999713897705,100.0
2026-05-14 14:39:00,LMN.V,,20.100000381469727,20.100000381469727,20.100000381469727,20.100000381469727,200.0
2026-05-14 14:39:00,LTH.V,,1.0700000524520874,1.0700000524520874,1.0700000524520874,1.0700000524520874,400.0
2026-05-14 14:39:00,NICU.V,,2.549999952316284,2.549999952316284,2.549999952316284,2.549999952316284,300.0
2026-05-14 14:39:00,PNG.V,,7.489999771118164,7.489999771118164,7.480000019073486,7.480000019073486,2400.0
2026-05-14 14:39:00,TUF.V,,0.8799999952316284,0.8799999952316284,0.8700000047683716,0.8700000047683716,1000.0
2026-05-14 14:39:00,VAND.V,,0.8100000023841858,0.8100000023841858,0.8100000023841858,0.8100000023841858,500.0
2026-05-14 14:40:00,FL.V,,0.5699999928474426,0.5699999928474426,0.5699999928474426,0.5699999928474426,500.0
2026-05-14 14:40:00,FRED.V,,0.7200000286102295,0.7200000286102295,0.7200000286102295,0.7200000286102295,3000.0
2026-05-14 14:40:00,GFG.V,,0.20000000298023224,0.20000000298023224,0.20000000298023224,0.20000000298023224,27000.0
2026-05-14 14:40:00,HAM.V,,5.150000095367432,5.150000095367432,5.150000095367432,5.150000095367432,100.0
2026-05-14 14:40:00,HEVI.V,,0.24500000476837158,0.24500000476837158,0.24500000476837158,0.24500000476837158,4300.0
2026-05-14 14:40:00,HPQ.V,,0.18000000715255737,0.18000000715255737,0.18000000715255737,0.18000000715255737,1000.0
2026-05-14 14:40:00,HSTR.V,,2.2300000190734863,2.2300000190734863,2.2300000190734863,2.2300000190734863,500.0
2026-05-14 14:40:00,IFOS.V,,2.549999952316284,2.549999952316284,2.549999952316284,2.549999952316284,1200.0
2026-05-14 14:40:00,KNG.V,,1.340000033378601,1.350000023841858,1.340000033378601,1.350000023841858,2000.0
2026-05-14 14:40:00,LTH.V,,1.0700000524520874,1.0700000524520874,1.0700000524520874,1.0700000524520874,1100.0
2026-05-14 14:40:00,MASS.V,,0.13500000536441803,0.13500000536441803,0.13500000536441803,0.13500000536441803,9000.0
2026-05-14 14:40:00,MLP.V,,2.509999990463257,2.5199999809265137,2.509999990463257,2.5199999809265137,379.0
2026-05-14 14:40:00,NICU.V,,2.549999952316284,2.549999952316284,2.549999952316284,2.549999952316284,1100.0
2026-05-14 14:40:00,TUF.V,,0.8799999952316284,0.8799999952316284,0.8799999952316284,0.8799999952316284,500.0
2026-05-14 14:41:00,FL.V,,0.5699999928474426,0.5699999928474426,0.5699999928474426,0.5699999928474426,500.0
2026-05-14 14:41:00,FPX.V,,0.5199999809265137,0.5199999809265137,0.5199999809265137,0.5199999809265137,1000.0
2026-05-14 14:41:00,GAL.V,,0.5400000214576721,0.5400000214576721,0.5400000214576721,0.5400000214576721,24000.0
2026-05-14 14:41:00,GFG.V,,0.19499999284744263,0.19499999284744263,0.19499999284744263,0.19499999284744263,1000.0
2026-05-14 14:41:00,HAM.V,,5.150000095367432,5.150000095367432,5.150000095367432,5.150000095367432,200.0
2026-05-14 14:41:00,HPQ.V,,0.18000000715255737,0.18000000715255737,0.18000000715255737,0.18000000715255737,1000.0
2026-05-14 14:41:00,HSTR.V,,2.2300000190734863,2.2300000190734863,2.2300000190734863,2.2300000190734863,700.0
2026-05-14 14:41:00,IFOS.V,,2.549999952316284,2.549999952316284,2.549999952316284,2.549999952316284,100.0
2026-05-14 14:41:00,KRY.V,,3.4000000953674316,3.4000000953674316,3.380000114440918,3.380000114440918,4300.0
2026-05-14 14:41:00,LG.V,,0.41499999165534973,0.41499999165534973,0.41499999165534973,0.41499999165534973,8500.0
2026-05-14 14:41:00,LMN.V,,20.059999465942383,20.059999465942383,20.059999465942383,20.059999465942383,100.0
2026-05-14 14:41:00,MKO.V,,10.890000343322754,10.890000343322754,10.890000343322754,10.890000343322754,100.0
2026-05-14 14:41:00,PNG.V,,7.46999979019165,7.46999979019165,7.460000038146973,7.46999979019165,4640.0
2026-05-14 14:41:00,TUF.V,,0.8700000047683716,0.8700000047683716,0.8700000047683716,0.8700000047683716,500.0
2026-05-14 14:42:00,FDR.V,,5.789999961853027,5.789999961853027,5.789999961853027,5.789999961853027,100.0
2026-05-14 14:42:00,GOT.V,,1.7200000286102295,1.7200000286102295,1.7200000286102295,1.7200000286102295,6300.0
2026-05-14 14:42:00,GPH.V,,1.159999966621399,1.159999966621399,1.159999966621399,1.159999966621399,100.0
2026-05-14 14:42:00,HAM.V,,5.150000095367432,5.150000095367432,5.150000095367432,5.150000095367432,100.0
2026-05-14 14:42:00,HSTR.V,,2.2300000190734863,2.2300000190734863,2.2300000190734863,2.2300000190734863,300.0
2026-05-14 14:42:00,IFOS.V,,2.549999952316284,2.549999952316284,2.549999952316284,2.549999952316284,1200.0
2026-05-14 14:42:00,LG.V,,0.41499999165534973,0.41499999165534973,0.41499999165534973,0.41499999165534973,7500.0
2026-05-14 14:42:00,LMN.V,,20.049999237060547,20.059999465942383,20.049999237060547,20.059999465942383,300.0
2026-05-14 14:42:00,LQWD.V,,1.1399999856948853,1.1399999856948853,1.1399999856948853,1.1399999856948853,200.0
2026-05-14 14:42:00,LTH.V,,1.0700000524520874,1.0700000524520874,1.0700000524520874,1.0700000524520874,400.0
2026-05-14 14:42:00,MLP.V,,2.509999990463257,2.509999990463257,2.509999990463257,2.509999990463257,100.0
2026-05-14 14:42:00,PNG.V,,7.489999771118164,7.489999771118164,7.480000019073486,7.480000019073486,9394.0
2026-05-14 14:42:00,TUF.V,,0.8799999952316284,0.8799999952316284,0.8799999952316284,0.8799999952316284,500.0
2026-05-14 14:43:00,EMM.V,,0.10499999672174454,0.10499999672174454,0.10499999672174454,0.10499999672174454,15000.0
2026-05-14 14:43:00,GAL.V,,0.550000011920929,0.550000011920929,0.550000011920929,0.550000011920929,78601.0
2026-05-14 14:43:00,GG.V,,2.5999999046325684,2.609999895095825,2.5999999046325684,2.609999895095825,8200.0
2026-05-14 14:43:00,GQC.V,,0.5,0.5099999904632568,0.5,0.5099999904632568,95500.0
2026-05-14 14:43:00,HSTR.V,,2.2300000190734863,2.2300000190734863,2.2300000190734863,2.2300000190734863,600.0
2026-05-14 14:43:00,KRY.V,,3.4000000953674316,3.4000000953674316,3.4000000953674316,3.4000000953674316,2200.0
2026-05-14 14:43:00,LQWD.V,,1.1399999856948853,1.1399999856948853,1.1399999856948853,1.1399999856948853,140.0
2026-05-14 14:43:00,LTH.V,,1.0700000524520874,1.0700000524520874,1.0700000524520874,1.0700000524520874,700.0
2026-05-14 14:43:00,MLP.V,,2.5299999713897705,2.5299999713897705,2.5299999713897705,2.5299999713897705,500.0
2026-05-14 14:43:00,NICU.V,,2.549999952316284,2.549999952316284,2.549999952316284,2.549999952316284,300.0
2026-05-14 14:43:00,PNG.V,,7.489999771118164,7.5,7.46999979019165,7.489999771118164,4201.0
2026-05-14 14:43:00,TUF.V,,0.8799999952316284,0.8799999952316284,0.8799999952316284,0.8799999952316284,500.0
2026-05-14 14:44:00,HAM.V,,5.150000095367432,5.150000095367432,5.150000095367432,5.150000095367432,6507.0
2026-05-14 14:44:00,HCH.V,,1.8899999856948853,1.8899999856948853,1.8899999856948853,1.8899999856948853,200.0
2026-05-14 14:44:00,HSTR.V,,2.2300000190734863,2.2300000190734863,2.2300000190734863,2.2300000190734863,900.0
2026-05-14 14:44:00,KDK.V,,1.0,1.0,1.0,1.0,1700.0
2026-05-14 14:44:00,LG.V,,0.41499999165534973,0.41499999165534973,0.41499999165534973,0.41499999165534973,60000.0
2026-05-14 14:44:00,LMN.V,,20.06999969482422,20.06999969482422,20.06999969482422,20.06999969482422,100.0
2026-05-14 14:44:00,LTH.V,,1.0700000524520874,1.0700000524520874,1.0700000524520874,1.0700000524520874,300.0
2026-05-14 14:44:00,LVX.V,,0.8100000023841858,0.8100000023841858,0.8100000023841858,0.8100000023841858,5000.0
2026-05-14 14:44:00,NICU.V,,2.549999952316284,2.549999952316284,2.549999952316284,2.549999952316284,200.0
2026-05-14 14:44:00,NURS.V,,4.0,4.0,4.0,4.0,100.0
2026-05-14 14:44:00,PNG.V,,7.480000019073486,7.5,7.480000019073486,7.5,1200.0
2026-05-14 14:45:00,FCLI.V,,0.44999998807907104,0.44999998807907104,0.44999998807907104,0.44999998807907104,7500.0
2026-05-14 14:45:00,FWZ.V,,4.519999980926514,4.519999980926514,4.519999980926514,4.519999980926514,100.0
2026-05-14 14:45:00,HHH.V,,6.349999904632568,6.349999904632568,6.349999904632568,6.349999904632568,300.0
2026-05-14 14:45:00,HSTR.V,,2.2300000190734863,2.2300000190734863,2.2300000190734863,2.2300000190734863,200.0
2026-05-14 14:45:00,IFOS.V,,2.549999952316284,2.549999952316284,2.549999952316284,2.549999952316284,1200.0
2026-05-14 14:45:00,LG.V,,0.41499999165534973,0.41499999165534973,0.41499999165534973,0.41499999165534973,102000.0
2026-05-14 14:45:00,LMN.V,,20.049999237060547,20.059999465942383,20.049999237060547,20.059999465942383,832.0
2026-05-14 14:45:00,LTH.V,,1.0700000524520874,1.0700000524520874,1.0700000524520874,1.0700000524520874,1621.0
2026-05-14 14:45:00,MGM.V,,3.7049999237060547,3.7049999237060547,3.7049999237060547,3.7049999237060547,272.0
2026-05-14 14:45:00,NICU.V,,2.549999952316284,2.549999952316284,2.549999952316284,2.549999952316284,700.0
2026-05-14 14:45:00,PNG.V,,7.46999979019165,7.489999771118164,7.46999979019165,7.489999771118164,2433.0
2026-05-14 14:45:00,TUF.V,,0.8700000047683716,0.8700000047683716,0.8700000047683716,0.8700000047683716,5500.0
2026-05-14 14:46:00,FL.V,,0.5699999928474426,0.5699999928474426,0.5699999928474426,0.5699999928474426,54500.0
2026-05-14 14:46:00,FWZ.V,,4.489999771118164,4.5,4.489999771118164,4.5,2630.0
2026-05-14 14:46:00,GOT.V,,1.7200000286102295,1.7200000286102295,1.7200000286102295,1.7200000286102295,700.0
2026-05-14 14:46:00,HSTR.V,,2.2249999046325684,2.2300000190734863,2.2249999046325684,2.2249999046325684,300.0
2026-05-14 14:46:00,KDK.V,,1.0,1.0,1.0,1.0,300.0
2026-05-14 14:46:00,LG.V,,0.41499999165534973,0.41499999165534973,0.41499999165534973,0.41499999165534973,5000.0
2026-05-14 14:46:00,LVG.V,,0.3449999988079071,0.3449999988079071,0.3400000035762787,0.3400000035762787,4500.0
2026-05-14 14:46:00,NICU.V,,2.549999952316284,2.549999952316284,2.549999952316284,2.549999952316284,210.0
2026-05-14 14:46:00,PNG.V,,7.46999979019165,7.46999979019165,7.46999979019165,7.46999979019165,1228.0
2026-05-14 14:46:00,TUF.V,,0.8799999952316284,0.8799999952316284,0.8799999952316284,0.8799999952316284,500.0
2026-05-14 14:47:00,FL.V,,0.5699999928474426,0.5699999928474426,0.5699999928474426,0.5699999928474426,1000.0
2026-05-14 14:47:00,GAL.V,,0.5400000214576721,0.5400000214576721,0.5400000214576721,0.5400000214576721,20000.0
2026-05-14 14:47:00,HME.V,,2.869999885559082,2.869999885559082,2.869999885559082,2.869999885559082,100.0
2026-05-14 14:47:00,HMR.V,,0.8700000047683716,0.8700000047683716,0.8700000047683716,0.8700000047683716,500.0
2026-05-14 14:47:00,HSTR.V,,2.2249999046325684,2.2300000190734863,2.2249999046325684,2.2300000190734863,500.0
2026-05-14 14:47:00,KTN.V,,1.6100000143051147,1.6100000143051147,1.6100000143051147,1.6100000143051147,200.0
2026-05-14 14:47:00,LGC.V,,2.0399999618530273,2.0399999618530273,2.0399999618530273,2.0399999618530273,100.0
2026-05-14 14:47:00,LMN.V,,20.049999237060547,20.1200008392334,20.049999237060547,20.1200008392334,400.0
2026-05-14 14:47:00,MLP.V,,2.509999990463257,2.509999990463257,2.509999990463257,2.509999990463257,100.0
2026-05-14 14:47:00,MMA.V,,1.0099999904632568,1.0099999904632568,1.0099999904632568,1.0099999904632568,9100.0
2026-05-14 14:47:00,MQM.V,,0.29499998688697815,0.29499998688697815,0.29499998688697815,0.29499998688697815,4000.0
2026-05-14 14:47:00,NICU.V,,2.549999952316284,2.549999952316284,2.549999952316284,2.549999952316284,1200.0
2026-05-14 14:47:00,PNG.V,,7.489999771118164,7.489999771118164,7.460000038146973,7.460000038146973,11500.0
2026-05-14 14:48:00,GQC.V,,0.5099999904632568,0.5099999904632568,0.5,0.5099999904632568,3500.0
2026-05-14 14:48:00,HHH.V,,6.400000095367432,6.400000095367432,6.400000095367432,6.400000095367432,100.0
2026-05-14 14:48:00,HSTR.V,,2.2300000190734863,2.2300000190734863,2.2249999046325684,2.2249999046325684,1700.0
2026-05-14 14:48:00,LIO.V,,0.1550000011920929,0.1550000011920929,0.1550000011920929,0.1550000011920929,1000.0
2026-05-14 14:48:00,LMN.V,,20.049999237060547,20.049999237060547,20.049999237060547,20.049999237060547,1200.0
2026-05-14 14:48:00,NICU.V,,2.549999952316284,2.549999952316284,2.549999952316284,2.549999952316284,400.0
2026-05-14 14:48:00,PNG.V,,7.519999980926514,7.519999980926514,7.5,7.5,25744.0
2026-05-14 14:48:00,TUF.V,,0.8799999952316284,0.8799999952316284,0.8799999952316284,0.8799999952316284,500.0
2026-05-14 14:49:00,GOT.V,,1.7200000286102295,1.7200000286102295,1.7200000286102295,1.7200000286102295,200.0
2026-05-14 14:49:00,GQC.V,,0.5099999904632568,0.5099999904632568,0.5099999904632568,0.5099999904632568,1300.0
2026-05-14 14:49:00,HAM.V,,5.150000095367432,5.150000095367432,5.150000095367432,5.150000095367432,2085.0
2026-05-14 14:49:00,HSTR.V,,2.2300000190734863,2.2300000190734863,2.2249999046325684,2.2249999046325684,300.0
2026-05-14 14:49:00,LG.V,,0.41499999165534973,0.41499999165534973,0.41499999165534973,0.41499999165534973,213000.0
2026-05-14 14:49:00,MLP.V,,2.5299999713897705,2.5299999713897705,2.5299999713897705,2.5299999713897705,1100.0
2026-05-14 14:49:00,NICU.V,,2.549999952316284,2.549999952316284,2.549999952316284,2.549999952316284,100.0
2026-05-14 14:49:00,PNG.V,,7.510000228881836,7.519999980926514,7.510000228881836,7.519999980926514,761.0
2026-05-14 14:49:00,TUF.V,,0.8799999952316284,0.8799999952316284,0.8799999952316284,0.8799999952316284,500.0
2026-05-14 14:49:00,ZNG.V,,1.1399999856948853,1.149999976158142,1.1399999856948853,1.149999976158142,25100.0
2026-05-14 14:50:00,FWZ.V,,4.489999771118164,4.489999771118164,4.489999771118164,4.489999771118164,100.0
2026-05-14 14:50:00,GQC.V,,0.5099999904632568,0.5099999904632568,0.5049999952316284,0.5049999952316284,2500.0
2026-05-14 14:50:00,HSTR.V,,2.2300000190734863,2.2300000190734863,2.2249999046325684,2.2249999046325684,1500.0
2026-05-14 14:50:00,IFOS.V,,2.549999952316284,2.549999952316284,2.549999952316284,2.549999952316284,1200.0
2026-05-14 14:50:00,LG.V,,0.41499999165534973,0.41499999165534973,0.41499999165534973,0.41499999165534973,605000.0
2026-05-14 14:50:00,LMN.V,,20.049999237060547,20.06999969482422,20.049999237060547,20.06999969482422,700.0
2026-05-14 14:50:00,MMG.V,,0.3149999976158142,0.3149999976158142,0.3149999976158142,0.3149999976158142,500.0
2026-05-14 14:50:00,NICU.V,,2.549999952316284,2.549999952316284,2.549999952316284,2.549999952316284,400.0
2026-05-14 14:50:00,PNG.V,,7.489999771118164,7.489999771118164,7.46999979019165,7.489999771118164,3577.0
2026-05-14 14:50:00,ZNG.V,,1.149999976158142,1.149999976158142,1.149999976158142,1.149999976158142,200.0
2026-05-14 14:51:00,FWZ.V,,4.5,4.5,4.5,4.5,100.0
2026-05-14 14:51:00,HSTR.V,,2.2249999046325684,2.2300000190734863,2.2249999046325684,2.2300000190734863,1000.0
2026-05-14 14:51:00,LG.V,,0.42500001192092896,0.42500001192092896,0.41499999165534973,0.41499999165534973,252662.0
2026-05-14 14:51:00,LITH.V,,0.7200000286102295,0.7200000286102295,0.7200000286102295,0.7200000286102295,10000.0
2026-05-14 14:51:00,LMN.V,,20.049999237060547,20.049999237060547,20.049999237060547,20.049999237060547,200.0
2026-05-14 14:51:00,LTH.V,,1.0750000476837158,1.0750000476837158,1.0750000476837158,1.0750000476837158,100.0
2026-05-14 14:51:00,NICU.V,,2.549999952316284,2.549999952316284,2.549999952316284,2.549999952316284,200.0
2026-05-14 14:51:00,PNG.V,,7.480000019073486,7.480000019073486,7.480000019073486,7.480000019073486,100.0
2026-05-14 14:51:00,TUF.V,,0.875,0.875,0.875,0.875,500.0
2026-05-14 14:51:00,ZNG.V,,1.149999976158142,1.149999976158142,1.149999976158142,1.149999976158142,100.0
2026-05-14 14:52:00,FDR.V,,5.744999885559082,5.775000095367432,5.735000133514404,5.775000095367432,9500.0
2026-05-14 14:52:00,FWZ.V,,4.5,4.5,4.5,4.5,175.0
2026-05-14 14:52:00,GQC.V,,0.5099999904632568,0.5099999904632568,0.5099999904632568,0.5099999904632568,500.0
2026-05-14 14:52:00,HI.V,,0.16500000655651093,0.16500000655651093,0.16500000655651093,0.16500000655651093,24000.0
2026-05-14 14:52:00,HSTR.V,,2.2300000190734863,2.2300000190734863,2.2249999046325684,2.2249999046325684,2900.0
2026-05-14 14:52:00,KTN.V,,1.6100000143051147,1.6100000143051147,1.6100000143051147,1.6100000143051147,700.0
2026-05-14 14:52:00,LTH.V,,1.065000057220459,1.0700000524520874,1.065000057220459,1.0700000524520874,2800.0
2026-05-14 14:52:00,NICU.V,,2.549999952316284,2.549999952316284,2.549999952316284,2.549999952316284,200.0
2026-05-14 14:52:00,PNG.V,,7.46999979019165,7.485000133514404,7.46999979019165,7.480000019073486,2825.0
2026-05-14 14:52:00,TUF.V,,0.8799999952316284,0.8799999952316284,0.8799999952316284,0.8799999952316284,500.0
2026-05-14 14:52:00,ZNG.V,,1.149999976158142,1.149999976158142,1.149999976158142,1.149999976158142,200.0
2026-05-14 14:53:00,FWZ.V,,4.5,4.5,4.5,4.5,100.0
2026-05-14 14:53:00,GQC.V,,0.5099999904632568,0.5099999904632568,0.5099999904632568,0.5099999904632568,500.0
2026-05-14 14:53:00,HSTR.V,,2.2300000190734863,2.2300000190734863,2.2300000190734863,2.2300000190734863,3000.0
2026-05-14 14:53:00,IFOS.V,,2.549999952316284,2.549999952316284,2.549999952316284,2.549999952316284,100.0
2026-05-14 14:53:00,JJ.V,,0.054999999701976776,0.054999999701976776,0.054999999701976776,0.054999999701976776,1000.0
2026-05-14 14:53:00,LIO.V,,0.1550000011920929,0.1550000011920929,0.1550000011920929,0.1550000011920929,500.0
2026-05-14 14:53:00,LMN.V,,20.09000015258789,20.09000015258789,20.09000015258789,20.09000015258789,200.0
2026-05-14 14:53:00,LTH.V,,1.0700000524520874,1.0700000524520874,1.0700000524520874,1.0700000524520874,2200.0
2026-05-14 14:53:00,MLP.V,,2.5299999713897705,2.5299999713897705,2.5299999713897705,2.5299999713897705,100.0
2026-05-14 14:53:00,MMA.V,,1.024999976158142,1.024999976158142,1.0199999809265137,1.0199999809265137,18600.0
2026-05-14 14:53:00,NICU.V,,2.5450000762939453,2.5450000762939453,2.5450000762939453,2.5450000762939453,100.0
2026-05-14 14:53:00,PNG.V,,7.489999771118164,7.489999771118164,7.46999979019165,7.46999979019165,3165.0
2026-05-14 14:53:00,TUF.V,,0.8799999952316284,0.8799999952316284,0.8799999952316284,0.8799999952316284,500.0
2026-05-14 14:53:00,ZNG.V,,1.149999976158142,1.149999976158142,1.149999976158142,1.149999976158142,200.0
2026-05-14 14:54:00,FDR.V,,5.75,5.75,5.75,5.75,100.0
2026-05-14 14:54:00,FWZ.V,,4.5,4.5,4.5,4.5,100.0
2026-05-14 14:54:00,GQC.V,,0.5,0.5,0.5,0.5,17500.0
2026-05-14 14:54:00,HMR.V,,0.8700000047683716,0.8700000047683716,0.8700000047683716,0.8700000047683716,1500.0
2026-05-14 14:54:00,HSTR.V,,2.2300000190734863,2.2300000190734863,2.2300000190734863,2.2300000190734863,800.0
2026-05-14 14:54:00,IFOS.V,,2.549999952316284,2.549999952316284,2.549999952316284,2.549999952316284,800.0
2026-05-14 14:54:00,KDK.V,,1.0,1.0,1.0,1.0,200.0
2026-05-14 14:54:00,KTN.V,,1.6100000143051147,1.6100000143051147,1.6100000143051147,1.6100000143051147,600.0
2026-05-14 14:54:00,LG.V,,0.4300000071525574,0.4300000071525574,0.4300000071525574,0.4300000071525574,10000.0
2026-05-14 14:54:00,LMN.V,,20.059999465942383,20.059999465942383,20.059999465942383,20.059999465942383,185.0
2026-05-14 14:54:00,LTH.V,,1.059999942779541,1.059999942779541,1.059999942779541,1.059999942779541,10000.0
2026-05-14 14:54:00,LVG.V,,0.3400000035762787,0.3400000035762787,0.3400000035762787,0.3400000035762787,1000.0
2026-05-14 14:54:00,MLP.V,,2.5199999809265137,2.5299999713897705,2.509999990463257,2.5299999713897705,2753.0
2026-05-14 14:54:00,PNG.V,,7.480000019073486,7.480000019073486,7.46999979019165,7.480000019073486,1200.0
2026-05-14 14:54:00,TUF.V,,0.8899999856948853,0.8899999856948853,0.8799999952316284,0.8799999952316284,1500.0
2026-05-14 14:54:00,ZNG.V,,1.149999976158142,1.149999976158142,1.149999976158142,1.149999976158142,200.0
2026-05-14 14:55:00,FL.V,,0.5699999928474426,0.5699999928474426,0.5699999928474426,0.5699999928474426,21615.0
2026-05-14 14:55:00,GPH.V,,1.149999976158142,1.149999976158142,1.149999976158142,1.149999976158142,100.0
2026-05-14 14:55:00,GQC.V,,0.5,0.5,0.5,0.5,2500.0
2026-05-14 14:55:00,HSTR.V,,2.2300000190734863,2.2300000190734863,2.2300000190734863,2.2300000190734863,900.0
2026-05-14 14:55:00,LG.V,,0.4300000071525574,0.4300000071525574,0.4300000071525574,0.4300000071525574,4000.0
2026-05-14 14:55:00,LTH.V,,1.0700000524520874,1.0700000524520874,1.0700000524520874,1.0700000524520874,300.0
2026-05-14 14:55:00,MKO.V,,10.880000114440918,10.880000114440918,10.880000114440918,10.880000114440918,300.0
2026-05-14 14:55:00,MMA.V,,1.0399999618530273,1.0399999618530273,1.0299999713897705,1.0299999713897705,11800.0
2026-05-14 14:55:00,NURS.V,,4.0,4.0,4.0,4.0,200.0
2026-05-14 14:55:00,PNG.V,,7.480000019073486,7.489999771118164,7.46999979019165,7.46999979019165,1535.0
2026-05-14 14:55:00,TUF.V,,0.8899999856948853,0.8899999856948853,0.8899999856948853,0.8899999856948853,500.0
2026-05-14 14:55:00,YGT.V,,0.20499999821186066,0.20499999821186066,0.20499999821186066,0.20499999821186066,1000.0
2026-05-14 14:55:00,ZNG.V,,1.149999976158142,1.149999976158142,1.149999976158142,1.149999976158142,100.0
2026-05-14 14:56:00,FDR.V,,5.739999771118164,5.739999771118164,5.739999771118164,5.739999771118164,300.0
2026-05-14 14:56:00,FO.V,,0.32499998807907104,0.32499998807907104,0.32499998807907104,0.32499998807907104,183500.0
2026-05-14 14:56:00,FWZ.V,,4.5,4.5,4.5,4.5,100.0
2026-05-14 14:56:00,GRG.V,,0.09000000357627869,0.09000000357627869,0.09000000357627869,0.09000000357627869,115000.0
2026-05-14 14:56:00,HO-P.V,,0.09000000357627869,0.09000000357627869,0.09000000357627869,0.09000000357627869,0.0
2026-05-14 14:56:00,HSTR.V,,2.2300000190734863,2.2300000190734863,2.2300000190734863,2.2300000190734863,1200.0
2026-05-14 14:56:00,KLD.V,,2.299999952316284,2.299999952316284,2.299999952316284,2.299999952316284,900.0
2026-05-14 14:56:00,LGC.V,,2.0399999618530273,2.0399999618530273,2.0399999618530273,2.0399999618530273,100.0
2026-05-14 14:56:00,LMN.V,,20.079999923706055,20.079999923706055,20.079999923706055,20.079999923706055,100.0
2026-05-14 14:56:00,LTH.V,,1.0700000524520874,1.0700000524520874,1.0700000524520874,1.0700000524520874,300.0
2026-05-14 14:56:00,MMA.V,,1.0399999618530273,1.0399999618530273,1.0399999618530273,1.0399999618530273,7800.0
2026-05-14 14:56:00,NICU.V,,2.549999952316284,2.549999952316284,2.5450000762939453,2.5450000762939453,200.0
2026-05-14 14:56:00,PNG.V,,7.46999979019165,7.46999979019165,7.460000038146973,7.460000038146973,1850.0
2026-05-14 14:56:00,TUF.V,,0.8899999856948853,0.8899999856948853,0.8899999856948853,0.8899999856948853,500.0
2026-05-14 14:57:00,EQTY.V,,0.33000001311302185,0.33000001311302185,0.33000001311302185,0.33000001311302185,10000.0
2026-05-14 14:57:00,FWZ.V,,4.5,4.5,4.5,4.5,100.0
2026-05-14 14:57:00,GSTM.V,,0.19499999284744263,0.19499999284744263,0.19499999284744263,0.19499999284744263,14500.0
2026-05-14 14:57:00,HSTR.V,,2.2300000190734863,2.2300000190734863,2.2300000190734863,2.2300000190734863,200.0
2026-05-14 14:57:00,LMN.V,,20.079999923706055,20.079999923706055,20.079999923706055,20.079999923706055,100.0
2026-05-14 14:57:00,LSL.V,,0.36000001430511475,0.36000001430511475,0.36000001430511475,0.36000001430511475,21555.0
2026-05-14 14:57:00,LTH.V,,1.0700000524520874,1.0700000524520874,1.0700000524520874,1.0700000524520874,300.0
2026-05-14 14:57:00,LXE.V,,0.15000000596046448,0.15000000596046448,0.15000000596046448,0.15000000596046448,0.0
2026-05-14 14:57:00,MMA.V,,1.0399999618530273,1.0399999618530273,1.0399999618530273,1.0399999618530273,100.0
2026-05-14 14:57:00,NICU.V,,2.549999952316284,2.549999952316284,2.549999952316284,2.549999952316284,100.0
2026-05-14 14:57:00,NURS.V,,3.990000009536743,4.0,3.9800000190734863,3.990000009536743,1800.0
2026-05-14 14:57:00,PNG.V,,7.489999771118164,7.489999771118164,7.474999904632568,7.480000019073486,9200.0
2026-05-14 14:57:00,TUF.V,,0.8899999856948853,0.8899999856948853,0.8899999856948853,0.8899999856948853,3000.0
2026-05-14 14:57:00,ZNG.V,,1.149999976158142,1.149999976158142,1.149999976158142,1.149999976158142,400.0
2026-05-14 14:58:00,EQTY.V,,0.33000001311302185,0.33000001311302185,0.33000001311302185,0.33000001311302185,25500.0
2026-05-14 14:58:00,FDR.V,,5.75,5.75,5.75,5.75,100.0
2026-05-14 14:58:00,FRNT.V,,0.11999999731779099,0.11999999731779099,0.11999999731779099,0.11999999731779099,3000.0
2026-05-14 14:58:00,FTEC.V,,0.054999999701976776,0.054999999701976776,0.054999999701976776,0.054999999701976776,1000.0
2026-05-14 14:58:00,GAL.V,,0.5299999713897705,0.5299999713897705,0.5299999713897705,0.5299999713897705,27355.0
2026-05-14 14:58:00,GGO.V,,1.1100000143051147,1.1100000143051147,1.1100000143051147,1.1100000143051147,100.0
2026-05-14 14:58:00,GQC.V,,0.5049999952316284,0.5049999952316284,0.5049999952316284,0.5049999952316284,500.0
2026-05-14 14:58:00,GRG.V,,0.09000000357627869,0.09000000357627869,0.09000000357627869,0.09000000357627869,4000.0
2026-05-14 14:58:00,HSTR.V,,2.2249999046325684,2.2300000190734863,2.2249999046325684,2.2300000190734863,400.0
2026-05-14 14:58:00,IVS.V,,0.23499999940395355,0.23499999940395355,0.23499999940395355,0.23499999940395355,19500.0
2026-05-14 14:58:00,KTN.V,,1.6100000143051147,1.6100000143051147,1.6100000143051147,1.6100000143051147,100.0
2026-05-14 14:58:00,LG.V,,0.4300000071525574,0.4300000071525574,0.4300000071525574,0.4300000071525574,36000.0
2026-05-14 14:58:00,LMN.V,,20.079999923706055,20.079999923706055,20.079999923706055,20.079999923706055,100.0
2026-05-14 14:58:00,LXE.V,,0.15000000596046448,0.15000000596046448,0.15000000596046448,0.15000000596046448,35120.0
2026-05-14 14:58:00,MLP.V,,2.5199999809265137,2.5199999809265137,2.5199999809265137,2.5199999809265137,100.0
2026-05-14 14:58:00,MMA.V,,1.0399999618530273,1.0399999618530273,1.0399999618530273,1.0399999618530273,3000.0
2026-05-14 14:58:00,NICU.V,,2.5399999618530273,2.5450000762939453,2.5399999618530273,2.5450000762939453,2000.0
2026-05-14 14:58:00,PNG.V,,7.440000057220459,7.480000019073486,7.440000057220459,7.46999979019165,10200.0
2026-05-14 14:58:00,TUF.V,,0.8999999761581421,0.8999999761581421,0.8999999761581421,0.8999999761581421,500.0
2026-05-14 14:59:00,EQTY.V,,0.33000001311302185,0.33000001311302185,0.33000001311302185,0.33000001311302185,13000.0
2026-05-14 14:59:00,FDR.V,,5.75,5.75,5.75,5.75,600.0
2026-05-14 14:59:00,FO.V,,0.3400000035762787,0.3400000035762787,0.32499998807907104,0.32499998807907104,134800.0
2026-05-14 14:59:00,FUU.V,,0.16500000655651093,0.16500000655651093,0.16500000655651093,0.16500000655651093,12000.0
2026-05-14 14:59:00,FWZ.V,,4.5,4.5,4.5,4.5,100.0
2026-05-14 14:59:00,GAL.V,,0.5249999761581421,0.5249999761581421,0.5249999761581421,0.5249999761581421,500.0
2026-05-14 14:59:00,GFG.V,,0.19499999284744263,0.19499999284744263,0.19499999284744263,0.19499999284744263,2000.0
2026-05-14 14:59:00,GQC.V,,0.5,0.5,0.5,0.5,5100.0
2026-05-14 14:59:00,GRG.V,,0.09000000357627869,0.09000000357627869,0.09000000357627869,0.09000000357627869,1000.0
2026-05-14 14:59:00,GSI.V,,1.2549999952316284,1.2549999952316284,1.2549999952316284,1.2549999952316284,400.0
2026-05-14 14:59:00,GSR.V,,0.6200000047683716,0.6200000047683716,0.6200000047683716,0.6200000047683716,1000.0
2026-05-14 14:59:00,HITI.V,,3.2799999713897705,3.2799999713897705,3.2799999713897705,3.2799999713897705,2650.0
2026-05-14 14:59:00,HSTR.V,,2.2300000190734863,2.2300000190734863,2.2300000190734863,2.2300000190734863,4900.0
2026-05-14 14:59:00,IMI.V,,0.10499999672174454,0.10499999672174454,0.10499999672174454,0.10499999672174454,1000.0
2026-05-14 14:59:00,LMN.V,,20.079999923706055,20.079999923706055,20.079999923706055,20.079999923706055,100.0
2026-05-14 14:59:00,LVX.V,,0.800000011920929,0.800000011920929,0.800000011920929,0.800000011920929,1500.0
2026-05-14 14:59:00,MAZ-H.V,,0.10000000149011612,0.10000000149011612,0.10000000149011612,0.10000000149011612,0.0
2026-05-14 14:59:00,MLP.V,,2.5199999809265137,2.5199999809265137,2.5199999809265137,2.5199999809265137,237.0
2026-05-14 14:59:00,PNG.V,,7.440000057220459,7.449999809265137,7.429999828338623,7.449999809265137,4300.0
2026-05-14 15:00:00,FDR.V,,5.75,5.75,5.75,5.75,700.0
2026-05-14 15:00:00,FFOX.V,,0.6299999952316284,0.6399999856948853,0.6299999952316284,0.6399999856948853,4025.0
2026-05-14 15:00:00,FWZ.V,,4.5,4.5,4.5,4.5,100.0
2026-05-14 15:00:00,GPH.V,,1.149999976158142,1.149999976158142,1.149999976158142,1.149999976158142,100.0
2026-05-14 15:00:00,HAR.V,,0.05000000074505806,0.05000000074505806,0.05000000074505806,0.05000000074505806,18000.0
2026-05-14 15:00:00,HSTR.V,,2.2300000190734863,2.2300000190734863,2.2300000190734863,2.2300000190734863,600.0
2026-05-14 15:00:00,ICM.V,,0.0949999988079071,0.0949999988079071,0.0949999988079071,0.0949999988079071,25000.0
2026-05-14 15:00:00,IPT.V,,0.29499998688697815,0.29499998688697815,0.29499998688697815,0.29499998688697815,4500.0
2026-05-14 15:00:00,LMN.V,,20.059999465942383,20.059999465942383,20.059999465942383,20.059999465942383,100.0
2026-05-14 15:00:00,PNG.V,,7.440000057220459,7.460000038146973,7.429999828338623,7.440000057220459,3204.0
2026-05-14 15:00:00,TUF.V,,0.8999999761581421,0.8999999761581421,0.8999999761581421,0.8999999761581421,500.0
2026-05-14 15:00:00,ZNG.V,,1.159999966621399,1.159999966621399,1.159999966621399,1.159999966621399,100.0
2026-05-14 15:01:00,GQC.V,,0.5049999952316284,0.5049999952316284,0.5049999952316284,0.5049999952316284,500.0
2026-05-14 15:01:00,HAR.V,,0.05000000074505806,0.05000000074505806,0.05000000074505806,0.05000000074505806,70000.0
2026-05-14 15:01:00,HELI.V,,0.03999999910593033,0.03999999910593033,0.03999999910593033,0.03999999910593033,1000.0
2026-05-14 15:01:00,HHH.V,,6.389999866485596,6.389999866485596,6.389999866485596,6.389999866485596,1700.0
2026-05-14 15:01:00,HITI.V,,3.2699999809265137,3.2799999713897705,3.2699999809265137,3.2799999713897705,1100.0
2026-05-14 15:01:00,HME.V,,2.869999885559082,2.869999885559082,2.869999885559082,2.869999885559082,116.0
2026-05-14 15:01:00,HSTR.V,,2.2249999046325684,2.2300000190734863,2.2249999046325684,2.2249999046325684,400.0
2026-05-14 15:01:00,LG.V,,0.4300000071525574,0.4300000071525574,0.4300000071525574,0.4300000071525574,25500.0
2026-05-14 15:01:00,LMN.V,,20.110000610351562,20.110000610351562,20.079999923706055,20.079999923706055,300.0
2026-05-14 15:01:00,LTH.V,,1.065000057220459,1.065000057220459,1.065000057220459,1.065000057220459,200.0
2026-05-14 15:01:00,MLP.V,,2.5,2.5,2.5,2.5,100.0
2026-05-14 15:01:00,ZNG.V,,1.159999966621399,1.159999966621399,1.159999966621399,1.159999966621399,200.0
2026-05-14 15:02:00,FWZ.V,,4.5,4.5,4.5,4.5,100.0
2026-05-14 15:02:00,GAL.V,,0.5299999713897705,0.5299999713897705,0.5299999713897705,0.5299999713897705,500.0
2026-05-14 15:02:00,GOT.V,,1.7100000381469727,1.7100000381469727,1.7100000381469727,1.7100000381469727,100.0
2026-05-14 15:02:00,GQC.V,,0.5,0.5049999952316284,0.5,0.5049999952316284,15500.0
2026-05-14 15:02:00,GSR.V,,0.6100000143051147,0.6100000143051147,0.6100000143051147,0.6100000143051147,5500.0
2026-05-14 15:02:00,HSTR.V,,2.2249999046325684,2.2300000190734863,2.2249999046325684,2.2300000190734863,400.0
2026-05-14 15:02:00,HWY.V,,0.4099999964237213,0.4099999964237213,0.4099999964237213,0.4099999964237213,4000.0
2026-05-14 15:02:00,KTN.V,,1.6100000143051147,1.6100000143051147,1.6100000143051147,1.6100000143051147,200.0
2026-05-14 15:02:00,LG.V,,0.4300000071525574,0.4300000071525574,0.4300000071525574,0.4300000071525574,20000.0
2026-05-14 15:02:00,LIO.V,,0.1550000011920929,0.1550000011920929,0.1550000011920929,0.1550000011920929,500.0
2026-05-14 15:02:00,LTH.V,,1.065000057220459,1.065000057220459,1.065000057220459,1.065000057220459,300.0
2026-05-14 15:02:00,PNG.V,,7.440000057220459,7.449999809265137,7.429999828338623,7.449999809265137,1443.0
2026-05-14 15:02:00,TUF.V,,0.8999999761581421,0.8999999761581421,0.8999999761581421,0.8999999761581421,500.0
2026-05-14 15:02:00,ZNG.V,,1.159999966621399,1.159999966621399,1.159999966621399,1.159999966621399,500.0
2026-05-14 15:03:00,FDR.V,,5.699999809265137,5.739999771118164,5.699999809265137,5.739999771118164,8300.0
2026-05-14 15:03:00,GAL.V,,0.5299999713897705,0.5299999713897705,0.5299999713897705,0.5299999713897705,500.0
2026-05-14 15:03:00,GQC.V,,0.5,0.5,0.5,0.5,5000.0
2026-05-14 15:03:00,GSR.V,,0.6200000047683716,0.6200000047683716,0.6200000047683716,0.6200000047683716,500.0
2026-05-14 15:03:00,HHH.V,,6.389999866485596,6.389999866485596,6.389999866485596,6.389999866485596,100.0
2026-05-14 15:03:00,HSTR.V,,2.2249999046325684,2.2300000190734863,2.2249999046325684,2.2300000190734863,1000.0
2026-05-14 15:03:00,KTN.V,,1.6100000143051147,1.6100000143051147,1.6100000143051147,1.6100000143051147,800.0
2026-05-14 15:03:00,LIFT.V,,6.550000190734863,6.579999923706055,6.400000095367432,6.400000095367432,600.0
2026-05-14 15:03:00,LMN.V,,20.1200008392334,20.1200008392334,20.06999969482422,20.06999969482422,1100.0
2026-05-14 15:03:00,LTH.V,,1.065000057220459,1.065000057220459,1.065000057220459,1.065000057220459,300.0
2026-05-14 15:03:00,MLP.V,,2.5,2.5,2.5,2.5,200.0
2026-05-14 15:03:00,MMA.V,,1.0399999618530273,1.0399999618530273,1.0399999618530273,1.0399999618530273,5700.0
2026-05-14 15:03:00,NICU.V,,2.5450000762939453,2.5450000762939453,2.5450000762939453,2.5450000762939453,100.0
2026-05-14 15:03:00,PNG.V,,7.440000057220459,7.440000057220459,7.440000057220459,7.440000057220459,500.0
2026-05-14 15:03:00,SCAN.V,,5.650000095367432,5.650000095367432,5.650000095367432,5.650000095367432,100.0
2026-05-14 15:03:00,TUF.V,,0.8999999761581421,0.8999999761581421,0.8999999761581421,0.8999999761581421,500.0
2026-05-14 15:04:00,FOR.V,,0.6499999761581421,0.6499999761581421,0.6499999761581421,0.6499999761581421,1000.0
2026-05-14 15:04:00,FWZ.V,,4.480000019073486,4.489999771118164,4.480000019073486,4.489999771118164,1600.0
2026-05-14 15:04:00,GPG.V,,0.3449999988079071,0.3499999940395355,0.3449999988079071,0.3499999940395355,10702.0
2026-05-14 15:04:00,GPH.V,,1.149999976158142,1.149999976158142,1.149999976158142,1.149999976158142,100.0
2026-05-14 15:04:00,HME.V,,2.869999885559082,2.869999885559082,2.869999885559082,2.869999885559082,117.0
2026-05-14 15:04:00,HSTR.V,,2.2249999046325684,2.2300000190734863,2.2249999046325684,2.2249999046325684,500.0
2026-05-14 15:04:00,LG.V,,0.42500001192092896,0.42500001192092896,0.42500001192092896,0.42500001192092896,30000.0
2026-05-14 15:04:00,LGC.V,,2.0399999618530273,2.0399999618530273,2.0399999618530273,2.0399999618530273,100.0
2026-05-14 15:04:00,LMN.V,,20.15999984741211,20.15999984741211,20.1299991607666,20.1299991607666,400.0
2026-05-14 15:04:00,LTH.V,,1.065000057220459,1.065000057220459,1.065000057220459,1.065000057220459,200.0
2026-05-14 15:04:00,MLP.V,,2.5,2.5,2.5,2.5,100.0
2026-05-14 15:04:00,NICU.V,,2.5450000762939453,2.5450000762939453,2.5399999618530273,2.5450000762939453,300.0
2026-05-14 15:04:00,PNG.V,,7.429999828338623,7.440000057220459,7.429999828338623,7.440000057220459,200.0
2026-05-14 15:04:00,TUF.V,,0.8999999761581421,0.8999999761581421,0.8999999761581421,0.8999999761581421,500.0
2026-05-14 15:04:00,ZNG.V,,1.159999966621399,1.159999966621399,1.159999966621399,1.159999966621399,100.0
2026-05-14 15:05:00,EQTY.V,,0.33500000834465027,0.33500000834465027,0.33000001311302185,0.33000001311302185,38840.0
2026-05-14 15:05:00,GPG.V,,0.3400000035762787,0.3400000035762787,0.3400000035762787,0.3400000035762787,11619.0
2026-05-14 15:05:00,HSTR.V,,2.2300000190734863,2.2300000190734863,2.2249999046325684,2.2249999046325684,600.0
2026-05-14 15:05:00,KNG.V,,1.3200000524520874,1.3300000429153442,1.3200000524520874,1.3300000429153442,950.0
2026-05-14 15:05:00,KTN.V,,1.6100000143051147,1.6100000143051147,1.6100000143051147,1.6100000143051147,1300.0
2026-05-14 15:05:00,LG.V,,0.42500001192092896,0.42500001192092896,0.42500001192092896,0.42500001192092896,16000.0
2026-05-14 15:05:00,LIFT.V,,6.449999809265137,6.449999809265137,6.400000095367432,6.400000095367432,400.0
2026-05-14 15:05:00,LTH.V,,1.0700000524520874,1.0700000524520874,1.065000057220459,1.065000057220459,300.0
2026-05-14 15:05:00,MLP.V,,2.5,2.5,2.5,2.5,200.0
2026-05-14 15:05:00,MMA.V,,1.0399999618530273,1.0399999618530273,1.0399999618530273,1.0399999618530273,3400.0
2026-05-14 15:05:00,NICU.V,,2.5450000762939453,2.5450000762939453,2.5450000762939453,2.5450000762939453,100.0
2026-05-14 15:05:00,PNG.V,,7.440000057220459,7.440000057220459,7.425000190734863,7.425000190734863,5635.0
2026-05-14 15:05:00,TUF.V,,0.8999999761581421,0.8999999761581421,0.8999999761581421,0.8999999761581421,1500.0
2026-05-14 15:05:00,ZNG.V,,1.159999966621399,1.159999966621399,1.159999966621399,1.159999966621399,100.0
2026-05-14 15:06:00,ESPN.V,,0.06499999761581421,0.06499999761581421,0.06499999761581421,0.06499999761581421,0.0
2026-05-14 15:06:00,FDR.V,,5.71999979019165,5.71999979019165,5.71999979019165,5.71999979019165,100.0
2026-05-14 15:06:00,FWZ.V,,4.480000019073486,4.489999771118164,4.480000019073486,4.489999771118164,2700.0
2026-05-14 15:06:00,GQC.V,,0.5,0.5,0.5,0.5,10000.0
2026-05-14 15:06:00,GRG.V,,0.09000000357627869,0.09000000357627869,0.09000000357627869,0.09000000357627869,50000.0
2026-05-14 15:06:00,HI.V,,0.16500000655651093,0.16500000655651093,0.16500000655651093,0.16500000655651093,1000.0
2026-05-14 15:06:00,HSTR.V,,2.2300000190734863,2.2300000190734863,2.2249999046325684,2.2300000190734863,1800.0
2026-05-14 15:06:00,ICM.V,,0.0949999988079071,0.0949999988079071,0.09000000357627869,0.09000000357627869,30000.0
2026-05-14 15:06:00,LG.V,,0.42500001192092896,0.42500001192092896,0.42500001192092896,0.42500001192092896,33500.0
2026-05-14 15:06:00,LIFT.V,,6.449999809265137,6.449999809265137,6.449999809265137,6.449999809265137,200.0
2026-05-14 15:06:00,LMN.V,,20.1200008392334,20.1200008392334,20.1200008392334,20.1200008392334,100.0
2026-05-14 15:06:00,LTH.V,,1.0700000524520874,1.0700000524520874,1.0700000524520874,1.0700000524520874,200.0
2026-05-14 15:06:00,MMA.V,,1.0399999618530273,1.0399999618530273,1.0399999618530273,1.0399999618530273,100.0
2026-05-14 15:06:00,PNG.V,,7.449999809265137,7.449999809265137,7.440000057220459,7.440000057220459,2781.0
2026-05-14 15:06:00,TUF.V,,0.8999999761581421,0.8999999761581421,0.8999999761581421,0.8999999761581421,500.0
2026-05-14 15:06:00,ZNG.V,,1.149999976158142,1.149999976158142,1.149999976158142,1.149999976158142,200.0
2026-05-14 15:07:00,EQTY.V,,0.33500000834465027,0.33500000834465027,0.33500000834465027,0.33500000834465027,500.0
2026-05-14 15:07:00,FDR.V,,5.71999979019165,5.71999979019165,5.71999979019165,5.71999979019165,100.0
2026-05-14 15:07:00,FRI.V,,0.07500000298023224,0.07500000298023224,0.07500000298023224,0.07500000298023224,8000.0
2026-05-14 15:07:00,GMV.V,,0.18000000715255737,0.18000000715255737,0.18000000715255737,0.18000000715255737,4770.0
2026-05-14 15:07:00,HCH.V,,1.8799999952316284,1.8899999856948853,1.8799999952316284,1.8899999856948853,7892.0
2026-05-14 15:07:00,HHH.V,,6.380000114440918,6.380000114440918,6.380000114440918,6.380000114440918,100.0
2026-05-14 15:07:00,HSTR.V,,2.2249999046325684,2.2300000190734863,2.2249999046325684,2.2249999046325684,1100.0
2026-05-14 15:07:00,IZZ.V,,0.05000000074505806,0.05000000074505806,0.05000000074505806,0.05000000074505806,0.0
2026-05-14 15:07:00,KDK.V,,1.0,1.0,1.0,1.0,100.0
2026-05-14 15:07:00,LTH.V,,1.0700000524520874,1.0700000524520874,1.0700000524520874,1.0700000524520874,700.0
2026-05-14 15:07:00,MLP.V,,2.5,2.5,2.5,2.5,200.0
2026-05-14 15:07:00,NICU.V,,2.5450000762939453,2.5450000762939453,2.5450000762939453,2.5450000762939453,300.0
2026-05-14 15:07:00,PNG.V,,7.46999979019165,7.46999979019165,7.440000057220459,7.440000057220459,11695.0
2026-05-14 15:07:00,SCAN.V,,5.929999828338623,5.929999828338623,5.929999828338623,5.929999828338623,400.0
2026-05-14 15:08:00,FDR.V,,5.75,5.75,5.710000038146973,5.71999979019165,3800.0
2026-05-14 15:08:00,FO.V,,0.33000001311302185,0.33000001311302185,0.33000001311302185,0.33000001311302185,5000.0
2026-05-14 15:08:00,FWZ.V,,4.5,4.5,4.5,4.5,4900.0
2026-05-14 15:08:00,GGO.V,,1.1100000143051147,1.1100000143051147,1.1100000143051147,1.1100000143051147,100.0
2026-05-14 15:08:00,GQC.V,,0.5099999904632568,0.5099999904632568,0.5099999904632568,0.5099999904632568,500.0
2026-05-14 15:08:00,GRG.V,,0.09000000357627869,0.09000000357627869,0.09000000357627869,0.09000000357627869,80000.0
2026-05-14 15:08:00,GWM.V,,0.6000000238418579,0.6000000238418579,0.6000000238418579,0.6000000238418579,500.0
2026-05-14 15:08:00,HMR.V,,0.8799999952316284,0.8799999952316284,0.8799999952316284,0.8799999952316284,5500.0
2026-05-14 15:08:00,HSTR.V,,2.2249999046325684,2.2300000190734863,2.2249999046325684,2.2300000190734863,2100.0
2026-05-14 15:08:00,LG.V,,0.4300000071525574,0.4300000071525574,0.4300000071525574,0.4300000071525574,22000.0
2026-05-14 15:08:00,LMN.V,,20.200000762939453,20.200000762939453,20.139999389648438,20.139999389648438,3900.0
2026-05-14 15:08:00,LTH.V,,1.065000057220459,1.0700000524520874,1.065000057220459,1.0700000524520874,3200.0
2026-05-14 15:08:00,NICU.V,,2.5399999618530273,2.5399999618530273,2.5399999618530273,2.5399999618530273,2200.0
2026-05-14 15:08:00,PNG.V,,7.46999979019165,7.480000019073486,7.46999979019165,7.46999979019165,1800.0
2026-05-14 15:08:00,TUF.V,,0.8999999761581421,0.8999999761581421,0.8999999761581421,0.8999999761581421,500.0
2026-05-14 15:08:00,ZNG.V,,1.149999976158142,1.149999976158142,1.149999976158142,1.149999976158142,2000.0
2026-05-14 15:09:00,FDR.V,,5.78000020980835,5.78000020980835,5.78000020980835,5.78000020980835,100.0
2026-05-14 15:09:00,GOT.V,,1.715000033378601,1.715000033378601,1.715000033378601,1.715000033378601,100.0
2026-05-14 15:09:00,GPG.V,,0.3375000059604645,0.3375000059604645,0.3375000059604645,0.3375000059604645,7000.0
2026-05-14 15:09:00,GPH.V,,1.149999976158142,1.149999976158142,1.149999976158142,1.149999976158142,100.0
2026-05-14 15:09:00,GQC.V,,0.5,0.5,0.5,0.5,28500.0
2026-05-14 15:09:00,HSTR.V,,2.2300000190734863,2.2300000190734863,2.2249999046325684,2.2249999046325684,2000.0
2026-05-14 15:09:00,LMN.V,,20.18000030517578,20.18000030517578,20.18000030517578,20.18000030517578,200.0
2026-05-14 15:09:00,LRA.V,,3.9700000286102295,3.9800000190734863,3.9700000286102295,3.9800000190734863,5200.0
2026-05-14 15:09:00,LSL.V,,0.3499999940395355,0.3499999940395355,0.3499999940395355,0.3499999940395355,17500.0
2026-05-14 15:09:00,LTH.V,,1.0700000524520874,1.0700000524520874,1.0700000524520874,1.0700000524520874,200.0
2026-05-14 15:09:00,MLP.V,,2.509999990463257,2.509999990463257,2.509999990463257,2.509999990463257,400.0
2026-05-14 15:09:00,MMA.V,,1.0399999618530273,1.0399999618530273,1.0399999618530273,1.0399999618530273,1000.0
2026-05-14 15:09:00,NICU.V,,2.5399999618530273,2.5399999618530273,2.5399999618530273,2.5399999618530273,400.0
2026-05-14 15:09:00,PNG.V,,7.489999771118164,7.489999771118164,7.480000019073486,7.480000019073486,3600.0
2026-05-14 15:09:00,TUF.V,,0.8999999761581421,0.8999999761581421,0.8999999761581421,0.8999999761581421,500.0
2026-05-14 15:10:00,EQTY.V,,0.33500000834465027,0.33500000834465027,0.33500000834465027,0.33500000834465027,500.0
2026-05-14 15:10:00,EVER.V,,0.5600000023841858,0.5600000023841858,0.5600000023841858,0.5600000023841858,500.0
2026-05-14 15:10:00,FDR.V,,5.769999980926514,5.769999980926514,5.769999980926514,5.769999980926514,100.0
2026-05-14 15:10:00,GQC.V,,0.5,0.5,0.5,0.5,13000.0
2026-05-14 15:10:00,HSTR.V,,2.2249999046325684,2.2300000190734863,2.2249999046325684,2.2249999046325684,1000.0
2026-05-14 15:10:00,IZZ.V,,0.05000000074505806,0.05000000074505806,0.05000000074505806,0.05000000074505806,42000.0
2026-05-14 15:10:00,LG.V,,0.42500001192092896,0.42750000953674316,0.42500001192092896,0.42750000953674316,10000.0
2026-05-14 15:10:00,LMN.V,,20.219999313354492,20.219999313354492,20.219999313354492,20.219999313354492,100.0
2026-05-14 15:10:00,LTH.V,,1.0700000524520874,1.0700000524520874,1.0700000524520874,1.0700000524520874,400.0
2026-05-14 15:10:00,MLP.V,,2.5,2.5,2.5,2.5,100.0
2026-05-14 15:10:00,PNG.V,,7.480000019073486,7.489999771118164,7.480000019073486,7.489999771118164,4689.0
2026-05-14 15:10:00,SCAN.V,,6.0,6.0,5.949999809265137,6.0,3200.0
2026-05-14 15:10:00,TUF.V,,0.8999999761581421,0.8999999761581421,0.8999999761581421,0.8999999761581421,500.0
2026-05-14 15:11:00,FDR.V,,5.78000020980835,5.78000020980835,5.78000020980835,5.78000020980835,200.0
2026-05-14 15:11:00,GOT.V,,1.7200000286102295,1.7200000286102295,1.7200000286102295,1.7200000286102295,200.0
2026-05-14 15:11:00,HITI.V,,3.259999990463257,3.2699999809265137,3.259999990463257,3.2699999809265137,3397.0
2026-05-14 15:11:00,HSTR.V,,2.2249999046325684,2.2300000190734863,2.2249999046325684,2.2249999046325684,800.0
2026-05-14 15:11:00,IFOS.V,,2.549999952316284,2.549999952316284,2.549999952316284,2.549999952316284,100.0
2026-05-14 15:11:00,LMN.V,,20.204999923706055,20.219999313354492,20.204999923706055,20.219999313354492,300.0
2026-05-14 15:11:00,LTH.V,,1.0800000429153442,1.0800000429153442,1.0700000524520874,1.0700000524520874,1261.0
2026-05-14 15:11:00,NURS.V,,3.990000009536743,3.990000009536743,3.990000009536743,3.990000009536743,1000.0
2026-05-14 15:11:00,PNG.V,,7.480000019073486,7.480000019073486,7.480000019073486,7.480000019073486,700.0
2026-05-14 15:11:00,TUF.V,,0.8899999856948853,0.8999999761581421,0.8899999856948853,0.8999999761581421,2500.0
2026-05-14 15:12:00,FDR.V,,5.78000020980835,5.78000020980835,5.78000020980835,5.78000020980835,200.0
2026-05-14 15:12:00,GAL.V,,0.5299999713897705,0.5299999713897705,0.5299999713897705,0.5299999713897705,34000.0
2026-05-14 15:12:00,GQC.V,,0.5,0.5,0.5,0.5,4000.0
2026-05-14 15:12:00,HSTR.V,,2.2249999046325684,2.2300000190734863,2.2249999046325684,2.2249999046325684,900.0
2026-05-14 15:12:00,KDK.V,,1.0,1.0,1.0,1.0,100.0
2026-05-14 15:12:00,LGC.V,,2.0399999618530273,2.0399999618530273,2.0399999618530273,2.0399999618530273,100.0
2026-05-14 15:12:00,LMN.V,,20.18000030517578,20.18000030517578,20.18000030517578,20.18000030517578,1400.0
2026-05-14 15:12:00,MIM.V,,0.18000000715255737,0.1850000023841858,0.18000000715255737,0.1850000023841858,31500.0
2026-05-14 15:12:00,MKO.V,,10.880000114440918,10.880000114440918,10.880000114440918,10.880000114440918,300.0
2026-05-14 15:12:00,MLP.V,,2.5,2.5,2.5,2.5,200.0
2026-05-14 15:12:00,MMA.V,,1.0399999618530273,1.0399999618530273,1.0399999618530273,1.0399999618530273,100.0
2026-05-14 15:12:00,PNG.V,,7.46999979019165,7.485000133514404,7.46999979019165,7.485000133514404,601.0
2026-05-14 15:12:00,TUF.V,,0.8799999952316284,0.8999999761581421,0.8799999952316284,0.8999999761581421,23000.0
2026-05-14 15:12:00,ZNG.V,,1.159999966621399,1.159999966621399,1.159999966621399,1.159999966621399,100.0
2026-05-14 15:13:00,FDR.V,,5.78000020980835,5.78000020980835,5.78000020980835,5.78000020980835,100.0
2026-05-14 15:13:00,GAL.V,,0.5249999761581421,0.5249999761581421,0.5249999761581421,0.5249999761581421,500.0
2026-05-14 15:13:00,HITI.V,,3.25,3.25,3.25,3.25,1325.0
2026-05-14 15:13:00,HSTR.V,,2.2300000190734863,2.2300000190734863,2.2249999046325684,2.2249999046325684,1600.0
2026-05-14 15:13:00,KLD.V,,2.299999952316284,2.299999952316284,2.299999952316284,2.299999952316284,1071.0
2026-05-14 15:13:00,KTN.V,,1.6200000047683716,1.6200000047683716,1.6200000047683716,1.6200000047683716,6500.0
2026-05-14 15:13:00,LMN.V,,20.139999389648438,20.139999389648438,20.139999389648438,20.139999389648438,300.0
2026-05-14 15:13:00,MKO.V,,10.880000114440918,10.880000114440918,10.880000114440918,10.880000114440918,300.0
2026-05-14 15:13:00,MLP.V,,2.5,2.5,2.5,2.5,100.0
2026-05-14 15:13:00,MMA.V,,1.0299999713897705,1.034999966621399,1.0299999713897705,1.034999966621399,4500.0
2026-05-14 15:13:00,PNG.V,,7.440000057220459,7.460000038146973,7.440000057220459,7.460000038146973,5100.0
2026-05-14 15:14:00,FDR.V,,5.769999980926514,5.769999980926514,5.769999980926514,5.769999980926514,100.0
2026-05-14 15:14:00,FPX.V,,0.5199999809265137,0.5199999809265137,0.5199999809265137,0.5199999809265137,500.0
2026-05-14 15:14:00,GPG.V,,0.3400000035762787,0.3400000035762787,0.3400000035762787,0.3400000035762787,500.0
2026-05-14 15:14:00,GPH.V,,1.159999966621399,1.159999966621399,1.149999976158142,1.149999976158142,700.0
2026-05-14 15:14:00,HHH.V,,6.380000114440918,6.380000114440918,6.380000114440918,6.380000114440918,100.0
2026-05-14 15:14:00,HSTR.V,,2.240000009536743,2.240000009536743,2.2249999046325684,2.2249999046325684,25300.0
2026-05-14 15:14:00,KTN.V,,1.6200000047683716,1.6200000047683716,1.6200000047683716,1.6200000047683716,3700.0
2026-05-14 15:14:00,LIO.V,,0.15000000596046448,0.1550000011920929,0.15000000596046448,0.1550000011920929,12500.0
2026-05-14 15:14:00,LMN.V,,20.149999618530273,20.149999618530273,20.149999618530273,20.149999618530273,200.0
2026-05-14 15:14:00,LTH.V,,1.0700000524520874,1.0700000524520874,1.0700000524520874,1.0700000524520874,1700.0
2026-05-14 15:14:00,LVX.V,,0.7900000214576721,0.800000011920929,0.7900000214576721,0.800000011920929,13500.0
2026-05-14 15:14:00,MLP.V,,2.5,2.5,2.5,2.5,4900.0
2026-05-14 15:14:00,NICU.V,,2.549999952316284,2.549999952316284,2.5450000762939453,2.5450000762939453,200.0
2026-05-14 15:14:00,PNG.V,,7.440000057220459,7.460000038146973,7.429999828338623,7.460000038146973,5720.0
2026-05-14 15:14:00,ZNG.V,,1.159999966621399,1.159999966621399,1.159999966621399,1.159999966621399,11500.0
2026-05-14 15:15:00,FDR.V,,5.78000020980835,5.78000020980835,5.78000020980835,5.78000020980835,100.0
2026-05-14 15:15:00,GPH.V,,1.159999966621399,1.159999966621399,1.159999966621399,1.159999966621399,100.0
2026-05-14 15:15:00,HPQ.V,,0.17499999701976776,0.17499999701976776,0.17499999701976776,0.17499999701976776,500.0
2026-05-14 15:15:00,HSTR.V,,2.25,2.25,2.25,2.25,200.0
2026-05-14 15:15:00,LMN.V,,20.1299991607666,20.1299991607666,20.1299991607666,20.1299991607666,100.0
2026-05-14 15:15:00,LTH.V,,1.065000057220459,1.065000057220459,1.065000057220459,1.065000057220459,1200.0
2026-05-14 15:15:00,MLP.V,,2.490000009536743,2.490000009536743,2.490000009536743,2.490000009536743,323.0
2026-05-14 15:15:00,NICU.V,,2.549999952316284,2.549999952316284,2.549999952316284,2.549999952316284,200.0
2026-05-14 15:15:00,PNG.V,,7.440000057220459,7.440000057220459,7.440000057220459,7.440000057220459,500.0
2026-05-14 15:15:00,YGT.V,,0.20499999821186066,0.20499999821186066,0.20499999821186066,0.20499999821186066,3000.0
2026-05-14 15:15:00,ZNG.V,,1.1699999570846558,1.1699999570846558,1.1699999570846558,1.1699999570846558,100.0
2026-05-14 15:16:00,FDR.V,,5.78000020980835,5.78000020980835,5.78000020980835,5.78000020980835,200.0
2026-05-14 15:16:00,FWZ.V,,4.510000228881836,4.510000228881836,4.480000019073486,4.5,4400.0
2026-05-14 15:16:00,GFM-H.V,,0.38999998569488525,0.38999998569488525,0.38999998569488525,0.38999998569488525,500.0
2026-05-14 15:16:00,GQC.V,,0.5049999952316284,0.5049999952316284,0.5049999952316284,0.5049999952316284,500.0
2026-05-14 15:16:00,HITI.V,,3.25,3.25,3.25,3.25,1200.0
2026-05-14 15:16:00,HME.V,,2.869999885559082,2.869999885559082,2.869999885559082,2.869999885559082,100.0
2026-05-14 15:16:00,KDK.V,,1.0,1.0,1.0,1.0,100.0
2026-05-14 15:16:00,KTN.V,,1.6200000047683716,1.6200000047683716,1.6200000047683716,1.6200000047683716,1000.0
2026-05-14 15:16:00,LMN.V,,20.09000015258789,20.09000015258789,20.09000015258789,20.09000015258789,100.0
2026-05-14 15:16:00,LRA.V,,3.9800000190734863,3.9800000190734863,3.9700000286102295,3.9800000190734863,400.0
2026-05-14 15:16:00,LTH.V,,1.0700000524520874,1.0700000524520874,1.0700000524520874,1.0700000524520874,200.0
2026-05-14 15:16:00,LVX.V,,0.7900000214576721,0.7900000214576721,0.7900000214576721,0.7900000214576721,1520.0
2026-05-14 15:16:00,MMA.V,,1.0199999809265137,1.0299999713897705,1.0199999809265137,1.0299999713897705,74800.0
2026-05-14 15:16:00,NICU.V,,2.5450000762939453,2.5450000762939453,2.5450000762939453,2.5450000762939453,200.0
2026-05-14 15:16:00,PNG.V,,7.420000076293945,7.429999828338623,7.420000076293945,7.420000076293945,955.0
2026-05-14 15:16:00,TUF.V,,0.8899999856948853,0.8899999856948853,0.8899999856948853,0.8899999856948853,1000.0
2026-05-14 15:17:00,EQTY.V,,0.33500000834465027,0.33500000834465027,0.33500000834465027,0.33500000834465027,19381.0
2026-05-14 15:17:00,GQC.V,,0.5099999904632568,0.5099999904632568,0.5099999904632568,0.5099999904632568,500.0
2026-05-14 15:17:00,HITI.V,,3.25,3.25,3.25,3.25,2249.0
2026-05-14 15:17:00,HSTR.V,,2.244999885559082,2.244999885559082,2.244999885559082,2.244999885559082,300.0
2026-05-14 15:17:00,IPT.V,,0.29499998688697815,0.29499998688697815,0.29499998688697815,0.29499998688697815,1500.0
2026-05-14 15:17:00,LG.V,,0.4300000071525574,0.4300000071525574,0.4300000071525574,0.4300000071525574,8000.0
2026-05-14 15:17:00,LMN.V,,20.110000610351562,20.110000610351562,20.110000610351562,20.110000610351562,200.0
2026-05-14 15:17:00,LTH.V,,1.0700000524520874,1.0700000524520874,1.0700000524520874,1.0700000524520874,1100.0
2026-05-14 15:17:00,MMA.V,,1.0199999809265137,1.0199999809265137,1.0199999809265137,1.0199999809265137,500.0
2026-05-14 15:17:00,PNG.V,,7.429999828338623,7.429999828338623,7.429999828338623,7.429999828338623,100.0
2026-05-14 15:17:00,TUF.V,,0.8899999856948853,0.8899999856948853,0.8849999904632568,0.8849999904632568,1000.0
2026-05-14 15:17:00,ZNG.V,,1.1699999570846558,1.1799999475479126,1.1699999570846558,1.1699999570846558,17250.0
2026-05-14 15:18:00,FDR.V,,5.78000020980835,5.78000020980835,5.78000020980835,5.78000020980835,100.0
2026-05-14 15:18:00,GGO.V,,1.1100000143051147,1.1100000143051147,1.1100000143051147,1.1100000143051147,100.0
2026-05-14 15:18:00,GQC.V,,0.5099999904632568,0.5099999904632568,0.5099999904632568,0.5099999904632568,500.0
2026-05-14 15:18:00,HSTR.V,,2.25,2.25,2.244999885559082,2.244999885559082,300.0
2026-05-14 15:18:00,LIO.V,,0.1550000011920929,0.1550000011920929,0.1550000011920929,0.1550000011920929,1500.0
2026-05-14 15:18:00,LMN.V,,20.06999969482422,20.06999969482422,20.06999969482422,20.06999969482422,100.0
2026-05-14 15:18:00,LVG.V,,0.3449999988079071,0.3449999988079071,0.3449999988079071,0.3449999988079071,4500.0
2026-05-14 15:18:00,MLP.V,,2.509999990463257,2.509999990463257,2.490000009536743,2.490000009536743,1300.0
2026-05-14 15:18:00,PNG.V,,7.409999847412109,7.429999828338623,7.409999847412109,7.420000076293945,2751.0
2026-05-14 15:18:00,TUF.V,,0.8999999761581421,0.8999999761581421,0.8999999761581421,0.8999999761581421,500.0
2026-05-14 15:18:00,ZNG.V,,1.1699999570846558,1.1699999570846558,1.1699999570846558,1.1699999570846558,100.0
2026-05-14 15:19:00,FDR.V,,5.769999980926514,5.769999980926514,5.769999980926514,5.769999980926514,100.0
2026-05-14 15:19:00,FFOX.V,,0.6100000143051147,0.6200000047683716,0.6100000143051147,0.6200000047683716,13000.0
2026-05-14 15:19:00,FWZ.V,,4.519999980926514,4.519999980926514,4.519999980926514,4.519999980926514,300.0
2026-05-14 15:19:00,GAL.V,,0.5249999761581421,0.5249999761581421,0.5249999761581421,0.5249999761581421,500.0
2026-05-14 15:19:00,GQC.V,,0.5099999904632568,0.5099999904632568,0.5099999904632568,0.5099999904632568,500.0
2026-05-14 15:19:00,HSTR.V,,2.25,2.25,2.244999885559082,2.244999885559082,1100.0
2026-05-14 15:19:00,IPT.V,,0.29499998688697815,0.29499998688697815,0.29499998688697815,0.29499998688697815,11000.0
2026-05-14 15:19:00,LMN.V,,20.06999969482422,20.06999969482422,20.06999969482422,20.06999969482422,300.0
2026-05-14 15:19:00,LTH.V,,1.0750000476837158,1.0750000476837158,1.0750000476837158,1.0750000476837158,1800.0
2026-05-14 15:19:00,LVX.V,,0.800000011920929,0.800000011920929,0.800000011920929,0.800000011920929,2000.0
2026-05-14 15:19:00,MGM.V,,3.7100000381469727,3.7100000381469727,3.7100000381469727,3.7100000381469727,100.0
2026-05-14 15:19:00,NICU.V,,2.5399999618530273,2.5450000762939453,2.5399999618530273,2.5450000762939453,700.0
2026-05-14 15:19:00,PNG.V,,7.440000057220459,7.449999809265137,7.420000076293945,7.420000076293945,4600.0
2026-05-14 15:19:00,TUF.V,,0.8999999761581421,0.8999999761581421,0.8999999761581421,0.8999999761581421,1000.0
2026-05-14 15:20:00,FDR.V,,5.769999980926514,5.769999980926514,5.769999980926514,5.769999980926514,100.0
2026-05-14 15:20:00,FFOX.V,,0.6100000143051147,0.6100000143051147,0.6100000143051147,0.6100000143051147,1100.0
2026-05-14 15:20:00,GQC.V,,0.5,0.5,0.5,0.5,4000.0
2026-05-14 15:20:00,HME.V,,2.869999885559082,2.869999885559082,2.859999895095825,2.859999895095825,500.0
2026-05-14 15:20:00,HPQ.V,,0.17499999701976776,0.17499999701976776,0.17499999701976776,0.17499999701976776,3500.0
2026-05-14 15:20:00,HSTR.V,,2.25,2.25,2.25,2.25,1800.0
2026-05-14 15:20:00,ICM.V,,0.0949999988079071,0.0949999988079071,0.0949999988079071,0.0949999988079071,25000.0
2026-05-14 15:20:00,LGC.V,,2.0299999713897705,2.0299999713897705,2.0299999713897705,2.0299999713897705,100.0
2026-05-14 15:20:00,LMN.V,,20.059999465942383,20.1299991607666,20.059999465942383,20.1299991607666,400.0
2026-05-14 15:20:00,LTH.V,,1.0750000476837158,1.0750000476837158,1.0750000476837158,1.0750000476837158,100.0
2026-05-14 15:20:00,MMA.V,,1.0199999809265137,1.0199999809265137,1.0199999809265137,1.0199999809265137,5900.0
2026-05-14 15:20:00,PNG.V,,7.440000057220459,7.440000057220459,7.440000057220459,7.440000057220459,847.0
2026-05-14 15:20:00,TUF.V,,0.8999999761581421,0.8999999761581421,0.8999999761581421,0.8999999761581421,500.0
2026-05-14 15:20:00,ZNG.V,,1.1799999475479126,1.1799999475479126,1.1799999475479126,1.1799999475479126,100.0
2026-05-14 15:21:00,FDR.V,,5.78000020980835,5.78000020980835,5.78000020980835,5.78000020980835,100.0
2026-05-14 15:21:00,FUU.V,,0.16500000655651093,0.16500000655651093,0.16500000655651093,0.16500000655651093,26544.0
2026-05-14 15:21:00,FWZ.V,,4.519999980926514,4.519999980926514,4.519999980926514,4.519999980926514,100.0
2026-05-14 15:21:00,GRZ.V,,6.190000057220459,6.190000057220459,6.190000057220459,6.190000057220459,5000.0
2026-05-14 15:21:00,HSTR.V,,2.244999885559082,2.25,2.240000009536743,2.25,1000.0
2026-05-14 15:21:00,KDK.V,,1.0,1.0,1.0,1.0,100.0
2026-05-14 15:21:00,LMN.V,,20.06999969482422,20.06999969482422,20.06999969482422,20.06999969482422,100.0
2026-05-14 15:21:00,LTH.V,,1.0750000476837158,1.0750000476837158,1.0750000476837158,1.0750000476837158,100.0
2026-05-14 15:21:00,PNG.V,,7.440000057220459,7.440000057220459,7.440000057220459,7.440000057220459,1400.0
2026-05-14 15:21:00,TUF.V,,0.8999999761581421,0.8999999761581421,0.8999999761581421,0.8999999761581421,1000.0
2026-05-14 15:21:00,ZNG.V,,1.1799999475479126,1.1799999475479126,1.1799999475479126,1.1799999475479126,200.0
2026-05-14 15:22:00,FWZ.V,,4.505000114440918,4.519999980926514,4.5,4.519999980926514,300.0
2026-05-14 15:22:00,GGO.V,,1.100000023841858,1.100000023841858,1.100000023841858,1.100000023841858,200.0
2026-05-14 15:22:00,HPQ.V,,0.17499999701976776,0.17499999701976776,0.17499999701976776,0.17499999701976776,1100.0
2026-05-14 15:22:00,HSTR.V,,2.240000009536743,2.244999885559082,2.240000009536743,2.244999885559082,500.0
2026-05-14 15:22:00,KDK.V,,1.0,1.0,1.0,1.0,400.0
2026-05-14 15:22:00,KTN.V,,1.625,1.625,1.625,1.625,100.0
2026-05-14 15:22:00,LIO.V,,0.1550000011920929,0.1550000011920929,0.1550000011920929,0.1550000011920929,500.0
2026-05-14 15:22:00,LMN.V,,20.079999923706055,20.09000015258789,20.06999969482422,20.09000015258789,1600.0
2026-05-14 15:22:00,LTH.V,,1.0750000476837158,1.0750000476837158,1.0750000476837158,1.0750000476837158,100.0
2026-05-14 15:22:00,NICU.V,,2.5350000858306885,2.5350000858306885,2.5350000858306885,2.5350000858306885,400.0
2026-05-14 15:22:00,PNG.V,,7.434999942779541,7.440000057220459,7.429999828338623,7.429999828338623,707.0
2026-05-14 15:22:00,TUF.V,,0.8999999761581421,0.8999999761581421,0.8999999761581421,0.8999999761581421,500.0
2026-05-14 15:22:00,ZNG.V,,1.1799999475479126,1.1799999475479126,1.1799999475479126,1.1799999475479126,200.0
2026-05-14 15:23:00,FDR.V,,5.78000020980835,5.78000020980835,5.78000020980835,5.78000020980835,100.0
2026-05-14 15:23:00,FWZ.V,,4.519999980926514,4.519999980926514,4.519999980926514,4.519999980926514,100.0
2026-05-14 15:23:00,GAL.V,,0.5249999761581421,0.5299999713897705,0.5249999761581421,0.5299999713897705,10500.0
2026-05-14 15:23:00,GQC.V,,0.49000000953674316,0.5,0.49000000953674316,0.5,18900.0
2026-05-14 15:23:00,HSTR.V,,2.240000009536743,2.25,2.240000009536743,2.240000009536743,700.0
2026-05-14 15:23:00,LTH.V,,1.0750000476837158,1.0750000476837158,1.0750000476837158,1.0750000476837158,100.0
2026-05-14 15:23:00,LVX.V,,0.800000011920929,0.800000011920929,0.800000011920929,0.800000011920929,3000.0
2026-05-14 15:23:00,MKO.V,,10.859999656677246,10.859999656677246,10.859999656677246,10.859999656677246,300.0
2026-05-14 15:23:00,MLP.V,,2.490000009536743,2.490000009536743,2.490000009536743,2.490000009536743,100.0
2026-05-14 15:23:00,NICU.V,,2.5350000858306885,2.5350000858306885,2.5350000858306885,2.5350000858306885,300.0
2026-05-14 15:23:00,PNG.V,,7.429999828338623,7.429999828338623,7.429999828338623,7.429999828338623,300.0
2026-05-14 15:23:00,TUF.V,,0.8999999761581421,0.8999999761581421,0.8999999761581421,0.8999999761581421,500.0
2026-05-14 15:23:00,ZNG.V,,1.1799999475479126,1.1799999475479126,1.1799999475479126,1.1799999475479126,200.0
2026-05-14 15:24:00,FWZ.V,,4.519999980926514,4.519999980926514,4.519999980926514,4.519999980926514,300.0
2026-05-14 15:24:00,GUG.V,,0.06499999761581421,0.06499999761581421,0.06499999761581421,0.06499999761581421,45000.0
2026-05-14 15:24:00,HSTR.V,,2.244999885559082,2.25,2.240000009536743,2.25,2400.0
2026-05-14 15:24:00,LITH.V,,0.7099999785423279,0.7099999785423279,0.7099999785423279,0.7099999785423279,35000.0
2026-05-14 15:24:00,LMN.V,,20.100000381469727,20.100000381469727,20.100000381469727,20.100000381469727,100.0
2026-05-14 15:24:00,LTH.V,,1.0750000476837158,1.0750000476837158,1.0750000476837158,1.0750000476837158,100.0
2026-05-14 15:24:00,MLP.V,,2.490000009536743,2.490000009536743,2.490000009536743,2.490000009536743,100.0
2026-05-14 15:24:00,PNG.V,,7.449999809265137,7.449999809265137,7.449999809265137,7.449999809265137,100.0
2026-05-14 15:24:00,TUF.V,,0.8999999761581421,0.8999999761581421,0.8999999761581421,0.8999999761581421,1000.0
2026-05-14 15:24:00,ZNG.V,,1.1799999475479126,1.1799999475479126,1.1799999475479126,1.1799999475479126,200.0
2026-05-14 15:25:00,FO.V,,0.32499998807907104,0.33000001311302185,0.32499998807907104,0.33000001311302185,29000.0
2026-05-14 15:25:00,GAL.V,,0.5299999713897705,0.5299999713897705,0.5299999713897705,0.5299999713897705,1000.0
2026-05-14 15:25:00,HAN.V,,0.6299999952316284,0.6299999952316284,0.6299999952316284,0.6299999952316284,1000.0
2026-05-14 15:25:00,HSTR.V,,2.244999885559082,2.25,2.244999885559082,2.244999885559082,700.0
2026-05-14 15:25:00,KDK.V,,1.0,1.0,1.0,1.0,100.0
2026-05-14 15:25:00,KTN.V,,1.6200000047683716,1.6200000047683716,1.6100000143051147,1.6200000047683716,4100.0
2026-05-14 15:25:00,LG.V,,0.4300000071525574,0.4300000071525574,0.4300000071525574,0.4300000071525574,26000.0
2026-05-14 15:25:00,LITH.V,,0.7099999785423279,0.7099999785423279,0.7099999785423279,0.7099999785423279,2000.0
2026-05-14 15:25:00,LMN.V,,20.100000381469727,20.100000381469727,20.100000381469727,20.100000381469727,200.0
2026-05-14 15:25:00,LTH.V,,1.0750000476837158,1.0750000476837158,1.0750000476837158,1.0750000476837158,100.0
2026-05-14 15:25:00,MLP.V,,2.490000009536743,2.490000009536743,2.490000009536743,2.490000009536743,100.0
2026-05-14 15:25:00,MMG.V,,0.3050000071525574,0.3050000071525574,0.3050000071525574,0.3050000071525574,13000.0
2026-05-14 15:25:00,NICU.V,,2.5399999618530273,2.5399999618530273,2.5350000858306885,2.5350000858306885,1300.0
2026-05-14 15:25:00,PNG.V,,7.440000057220459,7.440000057220459,7.429999828338623,7.429999828338623,400.0
2026-05-14 15:25:00,TUF.V,,0.8999999761581421,0.8999999761581421,0.8999999761581421,0.8999999761581421,500.0
2026-05-14 15:25:00,ZNG.V,,1.1799999475479126,1.1799999475479126,1.1799999475479126,1.1799999475479126,200.0
2026-05-14 15:26:00,FDR.V,,5.710000038146973,5.760000228881836,5.710000038146973,5.75,3100.0
2026-05-14 15:26:00,FWZ.V,,4.519999980926514,4.525000095367432,4.510000228881836,4.525000095367432,2700.0
2026-05-14 15:26:00,GAL.V,,0.5299999713897705,0.5299999713897705,0.5299999713897705,0.5299999713897705,1000.0
2026-05-14 15:26:00,GG.V,,2.5899999141693115,2.5999999046325684,2.5899999141693115,2.5999999046325684,734.0
2026-05-14 15:26:00,HSTR.V,,2.240000009536743,2.25,2.240000009536743,2.244999885559082,1100.0
2026-05-14 15:26:00,ICM.V,,0.10000000149011612,0.10000000149011612,0.0949999988079071,0.0949999988079071,25069.0
2026-05-14 15:26:00,KTN.V,,1.6200000047683716,1.6200000047683716,1.6200000047683716,1.6200000047683716,100.0
2026-05-14 15:26:00,LITH.V,,0.7099999785423279,0.7099999785423279,0.7099999785423279,0.7099999785423279,6500.0
2026-05-14 15:26:00,LMN.V,,20.100000381469727,20.100000381469727,20.100000381469727,20.100000381469727,500.0
2026-05-14 15:26:00,LTH.V,,1.0750000476837158,1.0750000476837158,1.0750000476837158,1.0750000476837158,200.0
2026-05-14 15:26:00,MLP.V,,2.490000009536743,2.490000009536743,2.490000009536743,2.490000009536743,200.0
2026-05-14 15:26:00,MMA.V,,1.0299999713897705,1.0299999713897705,1.024999976158142,1.024999976158142,9942.0
2026-05-14 15:26:00,MMG.V,,0.3050000071525574,0.3050000071525574,0.3050000071525574,0.3050000071525574,28500.0
2026-05-14 15:26:00,NICU.V,,2.5450000762939453,2.5450000762939453,2.5450000762939453,2.5450000762939453,100.0
2026-05-14 15:26:00,PNG.V,,7.449999809265137,7.46999979019165,7.429999828338623,7.429999828338623,5000.0
2026-05-14 15:26:00,TUF.V,,0.8999999761581421,0.8999999761581421,0.8999999761581421,0.8999999761581421,500.0
2026-05-14 15:26:00,ZNG.V,,1.1699999570846558,1.1799999475479126,1.1699999570846558,1.1799999475479126,1000.0
2026-05-14 15:27:00,EVER.V,,0.550000011920929,0.550000011920929,0.550000011920929,0.550000011920929,500.0
2026-05-14 15:27:00,GAL.V,,0.5299999713897705,0.5299999713897705,0.5249999761581421,0.5299999713897705,2000.0
2026-05-14 15:27:00,GOT.V,,1.7200000286102295,1.7300000190734863,1.7200000286102295,1.7300000190734863,600.0
2026-05-14 15:27:00,GQC.V,,0.48500001430511475,0.5,0.48500001430511475,0.5,4500.0
2026-05-14 15:27:00,HSTR.V,,2.25,2.25,2.240000009536743,2.25,1100.0
2026-05-14 15:27:00,IVS.V,,0.23499999940395355,0.23499999940395355,0.23499999940395355,0.23499999940395355,3000.0
2026-05-14 15:27:00,KDK.V,,1.0,1.0,1.0,1.0,2000.0
2026-05-14 15:27:00,LG.V,,0.4300000071525574,0.4300000071525574,0.4300000071525574,0.4300000071525574,7500.0
2026-05-14 15:27:00,LGC.V,,2.0299999713897705,2.0299999713897705,2.0299999713897705,2.0299999713897705,100.0
2026-05-14 15:27:00,LMN.V,,20.06999969482422,20.079999923706055,20.06999969482422,20.079999923706055,500.0
2026-05-14 15:27:00,LTH.V,,1.0700000524520874,1.0700000524520874,1.0700000524520874,1.0700000524520874,1100.0
2026-05-14 15:27:00,MLP.V,,2.490000009536743,2.490000009536743,2.490000009536743,2.490000009536743,200.0
2026-05-14 15:27:00,NURS.V,,4.0,4.0,3.990000009536743,3.990000009536743,4300.0
2026-05-14 15:27:00,PNG.V,,7.440000057220459,7.460000038146973,7.440000057220459,7.460000038146973,1200.0
2026-05-14 15:27:00,TUF.V,,0.8999999761581421,0.8999999761581421,0.8999999761581421,0.8999999761581421,500.0
2026-05-14 15:27:00,ZNG.V,,1.1799999475479126,1.1799999475479126,1.1799999475479126,1.1799999475479126,300.0
2026-05-14 15:28:00,FO.V,,0.3199999928474426,0.32499998807907104,0.3199999928474426,0.3199999928474426,301500.0
2026-05-14 15:28:00,FUU.V,,0.16500000655651093,0.16500000655651093,0.16500000655651093,0.16500000655651093,2000.0
2026-05-14 15:28:00,GOT.V,,1.7200000286102295,1.7200000286102295,1.7200000286102295,1.7200000286102295,300.0
2026-05-14 15:28:00,GPH.V,,1.149999976158142,1.149999976158142,1.149999976158142,1.149999976158142,100.0
2026-05-14 15:28:00,HAN.V,,0.6399999856948853,0.6399999856948853,0.6399999856948853,0.6399999856948853,500.0
2026-05-14 15:28:00,HME.V,,2.869999885559082,2.869999885559082,2.869999885559082,2.869999885559082,100.0
2026-05-14 15:28:00,HPQ.V,,0.18000000715255737,0.18000000715255737,0.18000000715255737,0.18000000715255737,8000.0
2026-05-14 15:28:00,HSTR.V,,2.2300000190734863,2.244999885559082,2.2300000190734863,2.240000009536743,7100.0
2026-05-14 15:28:00,KTN.V,,1.6200000047683716,1.6200000047683716,1.6200000047683716,1.6200000047683716,300.0
2026-05-14 15:28:00,LMN.V,,20.1200008392334,20.1200008392334,20.1200008392334,20.1200008392334,200.0
2026-05-14 15:28:00,NICU.V,,2.5450000762939453,2.5450000762939453,2.5450000762939453,2.5450000762939453,900.0
2026-05-14 15:28:00,NURS.V,,4.0,4.0,4.0,4.0,900.0
2026-05-14 15:28:00,PNG.V,,7.440000057220459,7.440000057220459,7.429999828338623,7.429999828338623,1200.0
2026-05-14 15:28:00,TUF.V,,0.8999999761581421,0.8999999761581421,0.8999999761581421,0.8999999761581421,3500.0
2026-05-14 15:28:00,ZNG.V,,1.1799999475479126,1.1799999475479126,1.1799999475479126,1.1799999475479126,200.0
2026-05-14 15:29:00,FDR.V,,5.710000038146973,5.710000038146973,5.710000038146973,5.710000038146973,100.0
2026-05-14 15:29:00,FO.V,,0.3199999928474426,0.32499998807907104,0.3199999928474426,0.3199999928474426,144000.0
2026-05-14 15:29:00,FWZ.V,,4.519999980926514,4.519999980926514,4.519999980926514,4.519999980926514,300.0
2026-05-14 15:29:00,GAL.V,,0.5299999713897705,0.5299999713897705,0.5299999713897705,0.5299999713897705,500.0
2026-05-14 15:29:00,GPH.V,,1.159999966621399,1.159999966621399,1.159999966621399,1.159999966621399,100.0
2026-05-14 15:29:00,HME.V,,2.869999885559082,2.869999885559082,2.869999885559082,2.869999885559082,100.0
2026-05-14 15:29:00,HSTR.V,,2.240000009536743,2.240000009536743,2.2300000190734863,2.2300000190734863,900.0
2026-05-14 15:29:00,IFOS.V,,2.549999952316284,2.549999952316284,2.549999952316284,2.549999952316284,200.0
2026-05-14 15:29:00,KDK.V,,0.9900000095367432,0.9900000095367432,0.9900000095367432,0.9900000095367432,100.0
2026-05-14 15:29:00,LG.V,,0.42500001192092896,0.42500001192092896,0.42500001192092896,0.42500001192092896,91500.0
2026-05-14 15:29:00,LMN.V,,20.100000381469727,20.110000610351562,20.100000381469727,20.110000610351562,492.0
2026-05-14 15:29:00,LTH.V,,1.065000057220459,1.065000057220459,1.065000057220459,1.065000057220459,1672.0
2026-05-14 15:29:00,MEK.V,,0.03999999910593033,0.03999999910593033,0.03999999910593033,0.03999999910593033,180000.0
2026-05-14 15:29:00,MLP.V,,2.490000009536743,2.490000009536743,2.490000009536743,2.490000009536743,100.0
2026-05-14 15:29:00,MMA.V,,1.0199999809265137,1.0199999809265137,1.0199999809265137,1.0199999809265137,3500.0
2026-05-14 15:29:00,NICU.V,,2.5450000762939453,2.5450000762939453,2.5450000762939453,2.5450000762939453,800.0
2026-05-14 15:29:00,PNG.V,,7.420000076293945,7.440000057220459,7.420000076293945,7.420000076293945,2336.0
2026-05-14 15:29:00,TUF.V,,0.8999999761581421,0.8999999761581421,0.8899999856948853,0.8899999856948853,5500.0
2026-05-14 15:29:00,ZNG.V,,1.1799999475479126,1.1799999475479126,1.1799999475479126,1.1799999475479126,100.0
2026-05-14 15:30:00,EQTY.V,,0.33500000834465027,0.33500000834465027,0.33500000834465027,0.33500000834465027,4190.0
2026-05-14 15:30:00,FO.V,,0.32499998807907104,0.32499998807907104,0.32499998807907104,0.32499998807907104,100000.0
2026-05-14 15:30:00,GAL.V,,0.5299999713897705,0.5299999713897705,0.5299999713897705,0.5299999713897705,1000.0
2026-05-14 15:30:00,GPH.V,,1.159999966621399,1.159999966621399,1.159999966621399,1.159999966621399,100.0
2026-05-14 15:30:00,HSTR.V,,2.234999895095825,2.240000009536743,2.2300000190734863,2.2300000190734863,1600.0
2026-05-14 15:30:00,KTN.V,,1.6200000047683716,1.6200000047683716,1.6200000047683716,1.6200000047683716,600.0
2026-05-14 15:30:00,LG.V,,0.42500001192092896,0.42500001192092896,0.42500001192092896,0.42500001192092896,5000.0
2026-05-14 15:30:00,LMN.V,,20.114999771118164,20.114999771118164,20.114999771118164,20.114999771118164,100.0
2026-05-14 15:30:00,LTH.V,,1.065000057220459,1.065000057220459,1.065000057220459,1.065000057220459,800.0
2026-05-14 15:30:00,MLP.V,,2.490000009536743,2.490000009536743,2.490000009536743,2.490000009536743,200.0
2026-05-14 15:30:00,MMA.V,,1.0199999809265137,1.0199999809265137,1.0199999809265137,1.0199999809265137,14000.0
2026-05-14 15:30:00,PNG.V,,7.429999828338623,7.429999828338623,7.420000076293945,7.420000076293945,200.0
2026-05-14 15:30:00,TUF.V,,0.8999999761581421,0.8999999761581421,0.8999999761581421,0.8999999761581421,500.0
2026-05-14 15:30:00,ZNG.V,,1.1799999475479126,1.1799999475479126,1.1799999475479126,1.1799999475479126,100.0
2026-05-14 15:31:00,FDR.V,,5.739999771118164,5.739999771118164,5.739999771118164,5.739999771118164,100.0
2026-05-14 15:31:00,FO.V,,0.32499998807907104,0.32499998807907104,0.32499998807907104,0.32499998807907104,214000.0
2026-05-14 15:31:00,FUU.V,,0.16500000655651093,0.16500000655651093,0.16500000655651093,0.16500000655651093,988.0
2026-05-14 15:31:00,GAL.V,,0.5299999713897705,0.5299999713897705,0.5299999713897705,0.5299999713897705,2000.0
2026-05-14 15:31:00,GPG.V,,0.3449999988079071,0.3449999988079071,0.3449999988079071,0.3449999988079071,3500.0
2026-05-14 15:31:00,HSTR.V,,2.240000009536743,2.240000009536743,2.240000009536743,2.240000009536743,24500.0
2026-05-14 15:31:00,IFOS.V,,2.549999952316284,2.549999952316284,2.549999952316284,2.549999952316284,100.0
2026-05-14 15:31:00,LMN.V,,20.170000076293945,20.170000076293945,20.135000228881836,20.135000228881836,1200.0
2026-05-14 15:31:00,LTH.V,,1.065000057220459,1.065000057220459,1.065000057220459,1.065000057220459,600.0
2026-05-14 15:31:00,MLP.V,,2.5,2.5,2.5,2.5,2600.0
2026-05-14 15:31:00,NICU.V,,2.549999952316284,2.549999952316284,2.5299999713897705,2.5450000762939453,6000.0
2026-05-14 15:31:00,NURS.V,,4.019999980926514,4.019999980926514,4.0,4.0,1300.0
2026-05-14 15:31:00,TUF.V,,0.8999999761581421,0.8999999761581421,0.8999999761581421,0.8999999761581421,500.0
2026-05-14 15:31:00,ZNG.V,,1.1799999475479126,1.1799999475479126,1.1799999475479126,1.1799999475479126,100.0
2026-05-14 15:32:00,BIG.V,,0.6700000166893005,0.6700000166893005,0.6700000166893005,0.6700000166893005,500.0
2026-05-14 15:32:00,GAL.V,,0.5299999713897705,0.5299999713897705,0.5299999713897705,0.5299999713897705,1000.0
2026-05-14 15:32:00,GOT.V,,1.7200000286102295,1.7200000286102295,1.7200000286102295,1.7200000286102295,700.0
2026-05-14 15:32:00,GUG.V,,0.07000000029802322,0.07000000029802322,0.07000000029802322,0.07000000029802322,62000.0
2026-05-14 15:32:00,HITI.V,,3.2300000190734863,3.240000009536743,3.2300000190734863,3.240000009536743,900.0
2026-05-14 15:32:00,HSTR.V,,2.240000009536743,2.240000009536743,2.240000009536743,2.240000009536743,20900.0
2026-05-14 15:32:00,IFOS.V,,2.549999952316284,2.549999952316284,2.549999952316284,2.549999952316284,900.0
2026-05-14 15:32:00,LG.V,,0.42500001192092896,0.42500001192092896,0.42500001192092896,0.42500001192092896,20000.0
2026-05-14 15:32:00,LMN.V,,20.139999389648438,20.139999389648438,20.139999389648438,20.139999389648438,200.0
2026-05-14 15:32:00,LTH.V,,1.065000057220459,1.065000057220459,1.065000057220459,1.065000057220459,700.0
2026-05-14 15:32:00,MLP.V,,2.5,2.5,2.5,2.5,300.0
2026-05-14 15:32:00,NICU.V,,2.549999952316284,2.549999952316284,2.549999952316284,2.549999952316284,200.0
2026-05-14 15:32:00,PNG.V,,7.420000076293945,7.429999828338623,7.420000076293945,7.429999828338623,2839.0
2026-05-14 15:32:00,TUF.V,,0.8949999809265137,0.8949999809265137,0.8949999809265137,0.8949999809265137,500.0
2026-05-14 15:32:00,ZNG.V,,1.1799999475479126,1.1799999475479126,1.1799999475479126,1.1799999475479126,100.0
2026-05-14 15:33:00,FDR.V,,5.710000038146973,5.710000038146973,5.710000038146973,5.710000038146973,100.0
2026-05-14 15:33:00,FWZ.V,,4.53000020980835,4.53000020980835,4.53000020980835,4.53000020980835,100.0
2026-05-14 15:33:00,GAL.V,,0.5299999713897705,0.5299999713897705,0.5299999713897705,0.5299999713897705,2000.0
2026-05-14 15:33:00,GOT.V,,1.7200000286102295,1.7200000286102295,1.7200000286102295,1.7200000286102295,100.0
2026-05-14 15:33:00,GQC.V,,0.49000000953674316,0.49000000953674316,0.49000000953674316,0.49000000953674316,500.0
2026-05-14 15:33:00,GSI.V,,1.25,1.25,1.25,1.25,3100.0
2026-05-14 15:33:00,HAM.V,,5.099999904632568,5.099999904632568,5.099999904632568,5.099999904632568,990.0
2026-05-14 15:33:00,HCH.V,,1.8799999952316284,1.8799999952316284,1.8799999952316284,1.8799999952316284,300.0
2026-05-14 15:33:00,HME.V,,2.859999895095825,2.859999895095825,2.859999895095825,2.859999895095825,300.0
2026-05-14 15:33:00,HSTR.V,,2.240000009536743,2.240000009536743,2.240000009536743,2.240000009536743,1500.0
2026-05-14 15:33:00,KDK.V,,0.9900000095367432,0.9900000095367432,0.9900000095367432,0.9900000095367432,100.0
2026-05-14 15:33:00,KTN.V,,1.6200000047683716,1.6200000047683716,1.6200000047683716,1.6200000047683716,200.0
2026-05-14 15:33:00,LFST.V,,0.04500000178813934,0.04500000178813934,0.04500000178813934,0.04500000178813934,1000.0
2026-05-14 15:33:00,LG.V,,0.42500001192092896,0.42500001192092896,0.42500001192092896,0.42500001192092896,44000.0
2026-05-14 15:33:00,LMN.V,,20.1299991607666,20.1299991607666,20.1200008392334,20.1200008392334,600.0
2026-05-14 15:33:00,LTH.V,,1.0700000524520874,1.0700000524520874,1.065000057220459,1.065000057220459,600.0
2026-05-14 15:33:00,MGM.V,,3.7300000190734863,3.7300000190734863,3.7100000381469727,3.7100000381469727,500.0
2026-05-14 15:33:00,PNG.V,,7.420000076293945,7.420000076293945,7.420000076293945,7.420000076293945,100.0
2026-05-14 15:33:00,TUF.V,,0.8999999761581421,0.9049999713897705,0.8999999761581421,0.8999999761581421,18200.0
2026-05-14 15:33:00,ZNG.V,,1.1799999475479126,1.1799999475479126,1.1799999475479126,1.1799999475479126,100.0
2026-05-14 15:34:00,FL.V,,0.5649999976158142,0.5649999976158142,0.5649999976158142,0.5649999976158142,500.0
2026-05-14 15:34:00,FO.V,,0.33000001311302185,0.33000001311302185,0.33000001311302185,0.33000001311302185,53500.0
2026-05-14 15:34:00,FWZ.V,,4.5,4.5,4.5,4.5,700.0
2026-05-14 15:34:00,GAL.V,,0.5299999713897705,0.5299999713897705,0.5299999713897705,0.5299999713897705,15500.0
2026-05-14 15:34:00,GPH.V,,1.159999966621399,1.159999966621399,1.159999966621399,1.159999966621399,3000.0
2026-05-14 15:34:00,GQC.V,,0.49000000953674316,0.49000000953674316,0.49000000953674316,0.49000000953674316,500.0
2026-05-14 15:34:00,HSTR.V,,2.240000009536743,2.240000009536743,2.240000009536743,2.240000009536743,3200.0
2026-05-14 15:34:00,KDK.V,,0.9900000095367432,0.9900000095367432,0.9900000095367432,0.9900000095367432,100.0
2026-05-14 15:34:00,KNG.V,,1.3200000524520874,1.3200000524520874,1.3200000524520874,1.3200000524520874,100.0
2026-05-14 15:34:00,KTN.V,,1.6200000047683716,1.6200000047683716,1.6200000047683716,1.6200000047683716,1900.0
2026-05-14 15:34:00,LFST.V,,0.05000000074505806,0.05000000074505806,0.05000000074505806,0.05000000074505806,9000.0
2026-05-14 15:34:00,LGC.V,,2.0299999713897705,2.0299999713897705,2.0299999713897705,2.0299999713897705,100.0
2026-05-14 15:34:00,LTH.V,,1.0700000524520874,1.0700000524520874,1.0700000524520874,1.0700000524520874,100.0
2026-05-14 15:34:00,PNG.V,,7.440000057220459,7.440000057220459,7.420000076293945,7.420000076293945,600.0
2026-05-14 15:34:00,TUF.V,,0.9100000262260437,0.9100000262260437,0.9100000262260437,0.9100000262260437,1000.0
2026-05-14 15:34:00,ZNG.V,,1.1799999475479126,1.1799999475479126,1.1799999475479126,1.1799999475479126,100.0
2026-05-14 15:35:00,BIG.V,,0.6700000166893005,0.6700000166893005,0.6700000166893005,0.6700000166893005,500.0
2026-05-14 15:35:00,FDR.V,,5.739999771118164,5.739999771118164,5.739999771118164,5.739999771118164,100.0
2026-05-14 15:35:00,FWZ.V,,4.519999980926514,4.519999980926514,4.519999980926514,4.519999980926514,100.0
2026-05-14 15:35:00,GAL.V,,0.5299999713897705,0.5299999713897705,0.5299999713897705,0.5299999713897705,500.0
2026-05-14 15:35:00,GGO.V,,1.100000023841858,1.100000023841858,1.100000023841858,1.100000023841858,2100.0
2026-05-14 15:35:00,GQC.V,,0.49000000953674316,0.49000000953674316,0.49000000953674316,0.49000000953674316,500.0
2026-05-14 15:35:00,HMR.V,,0.8999999761581421,0.8999999761581421,0.8999999761581421,0.8999999761581421,1900.0
2026-05-14 15:35:00,HSTR.V,,2.240000009536743,2.240000009536743,2.240000009536743,2.240000009536743,4800.0
2026-05-14 15:35:00,IFOS.V,,2.559999942779541,2.559999942779541,2.559999942779541,2.559999942779541,1600.0
2026-05-14 15:35:00,KNG.V,,1.350000023841858,1.350000023841858,1.350000023841858,1.350000023841858,100.0
2026-05-14 15:35:00,KTN.V,,1.6200000047683716,1.6200000047683716,1.6200000047683716,1.6200000047683716,200.0
2026-05-14 15:35:00,LMN.V,,20.110000610351562,20.1200008392334,20.09000015258789,20.1200008392334,633.0
2026-05-14 15:35:00,LVG.V,,0.3400000035762787,0.3400000035762787,0.3400000035762787,0.3400000035762787,40000.0
2026-05-14 15:35:00,MGM.V,,3.7249999046325684,3.7249999046325684,3.7249999046325684,3.7249999046325684,200.0
2026-05-14 15:35:00,MKO.V,,10.850000381469727,10.850000381469727,10.850000381469727,10.850000381469727,700.0
2026-05-14 15:35:00,NICU.V,,2.555000066757202,2.555000066757202,2.555000066757202,2.555000066757202,100.0
2026-05-14 15:35:00,PNG.V,,7.409999847412109,7.440000057220459,7.400000095367432,7.420000076293945,7933.0
2026-05-14 15:35:00,TUF.V,,0.8999999761581421,0.9100000262260437,0.8999999761581421,0.9100000262260437,5500.0
2026-05-14 15:35:00,ZNG.V,,1.1799999475479126,1.1799999475479126,1.1799999475479126,1.1799999475479126,100.0
2026-05-14 15:36:00,FAIR.V,,0.06499999761581421,0.06499999761581421,0.06499999761581421,0.06499999761581421,5000.0
2026-05-14 15:36:00,FDR.V,,5.730000019073486,5.730000019073486,5.730000019073486,5.730000019073486,100.0
2026-05-14 15:36:00,FFOX.V,,0.6100000143051147,0.6100000143051147,0.6100000143051147,0.6100000143051147,3000.0
2026-05-14 15:36:00,FO.V,,0.33500000834465027,0.33500000834465027,0.33000001311302185,0.33000001311302185,24500.0
2026-05-14 15:36:00,GAL.V,,0.5350000262260437,0.5350000262260437,0.5350000262260437,0.5350000262260437,500.0
2026-05-14 15:36:00,GBU.V,,0.17000000178813934,0.17000000178813934,0.17000000178813934,0.17000000178813934,5500.0
2026-05-14 15:36:00,GPG.V,,0.3499999940395355,0.3499999940395355,0.3499999940395355,0.3499999940395355,8000.0
2026-05-14 15:36:00,GQC.V,,0.49000000953674316,0.49000000953674316,0.49000000953674316,0.49000000953674316,500.0
2026-05-14 15:36:00,GZD.V,,0.06499999761581421,0.06499999761581421,0.06499999761581421,0.06499999761581421,43000.0
2026-05-14 15:36:00,HPQ.V,,0.18000000715255737,0.18000000715255737,0.18000000715255737,0.18000000715255737,44500.0
2026-05-14 15:36:00,HSTR.V,,2.240000009536743,2.240000009536743,2.240000009536743,2.240000009536743,3200.0
2026-05-14 15:36:00,KTN.V,,1.6200000047683716,1.6200000047683716,1.6200000047683716,1.6200000047683716,200.0
2026-05-14 15:36:00,LG.V,,0.42500001192092896,0.42500001192092896,0.42500001192092896,0.42500001192092896,5000.0
2026-05-14 15:36:00,LMN.V,,20.1200008392334,20.1200008392334,20.09000015258789,20.09000015258789,300.0
2026-05-14 15:36:00,LTH.V,,1.0700000524520874,1.0700000524520874,1.0700000524520874,1.0700000524520874,100.0
2026-05-14 15:36:00,MGM.V,,3.740000009536743,3.740000009536743,3.7300000190734863,3.7300000190734863,300.0
2026-05-14 15:36:00,MJS.V,,0.15000000596046448,0.15000000596046448,0.15000000596046448,0.15000000596046448,34500.0
2026-05-14 15:36:00,MMA.V,,1.0199999809265137,1.0199999809265137,1.0199999809265137,1.0199999809265137,100.0
2026-05-14 15:36:00,NICU.V,,2.559999942779541,2.559999942779541,2.559999942779541,2.559999942779541,200.0
2026-05-14 15:36:00,PNG.V,,7.380000114440918,7.400000095367432,7.380000114440918,7.400000095367432,2321.0
2026-05-14 15:36:00,TUF.V,,0.8999999761581421,0.9100000262260437,0.8999999761581421,0.9100000262260437,3000.0
2026-05-14 15:36:00,ZNG.V,,1.1799999475479126,1.1799999475479126,1.1799999475479126,1.1799999475479126,200.0
2026-05-14 15:37:00,FFOX.V,,0.6100000143051147,0.6100000143051147,0.6100000143051147,0.6100000143051147,35000.0
2026-05-14 15:37:00,FO.V,,0.33500000834465027,0.33500000834465027,0.33500000834465027,0.33500000834465027,201000.0
2026-05-14 15:37:00,FTEC.V,,0.054999999701976776,0.054999999701976776,0.054999999701976776,0.054999999701976776,2000.0
2026-05-14 15:37:00,FUU.V,,0.16500000655651093,0.16500000655651093,0.16500000655651093,0.16500000655651093,1000.0
2026-05-14 15:37:00,FWZ.V,,4.480000019073486,4.494999885559082,4.480000019073486,4.480000019073486,4069.0
2026-05-14 15:37:00,GAL.V,,0.5350000262260437,0.5350000262260437,0.5350000262260437,0.5350000262260437,500.0
2026-05-14 15:37:00,GQC.V,,0.49000000953674316,0.49000000953674316,0.49000000953674316,0.49000000953674316,500.0
2026-05-14 15:37:00,HHH.V,,6.389999866485596,6.389999866485596,6.389999866485596,6.389999866485596,100.0
2026-05-14 15:37:00,HSTR.V,,2.240000009536743,2.240000009536743,2.240000009536743,2.240000009536743,4300.0
2026-05-14 15:37:00,KDK.V,,0.9900000095367432,0.9900000095367432,0.9900000095367432,0.9900000095367432,100.0
2026-05-14 15:37:00,KTN.V,,1.6200000047683716,1.6200000047683716,1.6200000047683716,1.6200000047683716,300.0
2026-05-14 15:37:00,LMN.V,,20.09000015258789,20.09000015258789,20.09000015258789,20.09000015258789,400.0
2026-05-14 15:37:00,LTH.V,,1.0700000524520874,1.0700000524520874,1.0700000524520874,1.0700000524520874,100.0
2026-05-14 15:37:00,MKO.V,,10.850000381469727,10.850000381469727,10.850000381469727,10.850000381469727,100.0
2026-05-14 15:37:00,NICU.V,,2.559999942779541,2.559999942779541,2.559999942779541,2.559999942779541,200.0
2026-05-14 15:37:00,NURS.V,,4.019999980926514,4.019999980926514,4.019999980926514,4.019999980926514,100.0
2026-05-14 15:37:00,PNG.V,,7.400000095367432,7.400000095367432,7.389999866485596,7.400000095367432,5200.0
2026-05-14 15:37:00,TUF.V,,0.9100000262260437,0.9100000262260437,0.9100000262260437,0.9100000262260437,1000.0
2026-05-14 15:37:00,YGT.V,,0.20499999821186066,0.20499999821186066,0.20499999821186066,0.20499999821186066,500.0
2026-05-14 15:37:00,ZNG.V,,1.1799999475479126,1.1799999475479126,1.1799999475479126,1.1799999475479126,100.0
2026-05-14 15:38:00,BIG.V,,0.6700000166893005,0.6700000166893005,0.6700000166893005,0.6700000166893005,500.0
2026-05-14 15:38:00,CELL.V,,0.019999999552965164,0.019999999552965164,0.019999999552965164,0.019999999552965164,0.0
2026-05-14 15:38:00,FDR.V,,5.730000019073486,5.730000019073486,5.730000019073486,5.730000019073486,100.0
2026-05-14 15:38:00,FFOX.V,,0.6100000143051147,0.6100000143051147,0.6100000143051147,0.6100000143051147,2500.0
2026-05-14 15:38:00,FO.V,,0.33500000834465027,0.33500000834465027,0.33500000834465027,0.33500000834465027,59500.0
2026-05-14 15:38:00,GAL.V,,0.5350000262260437,0.5350000262260437,0.5350000262260437,0.5350000262260437,500.0
2026-05-14 15:38:00,GBML.V,,0.24500000476837158,0.24500000476837158,0.24500000476837158,0.24500000476837158,0.0
2026-05-14 15:38:00,GOT.V,,1.7200000286102295,1.7200000286102295,1.7200000286102295,1.7200000286102295,100.0
2026-05-14 15:38:00,GQC.V,,0.49000000953674316,0.49000000953674316,0.49000000953674316,0.49000000953674316,500.0
2026-05-14 15:38:00,HHH.V,,6.389999866485596,6.389999866485596,6.389999866485596,6.389999866485596,100.0
2026-05-14 15:38:00,HSTR.V,,2.240000009536743,2.240000009536743,2.240000009536743,2.240000009536743,7600.0
2026-05-14 15:38:00,IFOS.V,,2.549999952316284,2.549999952316284,2.549999952316284,2.549999952316284,2200.0
2026-05-14 15:38:00,ILC.V,,0.02500000037252903,0.02500000037252903,0.02500000037252903,0.02500000037252903,0.0
2026-05-14 15:38:00,KTN.V,,1.6200000047683716,1.6200000047683716,1.6200000047683716,1.6200000047683716,200.0
2026-05-14 15:38:00,LG.V,,0.42500001192092896,0.42500001192092896,0.42500001192092896,0.42500001192092896,24500.0
2026-05-14 15:38:00,LTH.V,,1.065000057220459,1.0700000524520874,1.065000057220459,1.0700000524520874,700.0
2026-05-14 15:38:00,MMA.V,,1.0199999809265137,1.0199999809265137,1.0199999809265137,1.0199999809265137,8500.0
2026-05-14 15:38:00,MMG.V,,0.3149999976158142,0.3149999976158142,0.3149999976158142,0.3149999976158142,500.0
2026-05-14 15:38:00,NICU.V,,2.565000057220459,2.565000057220459,2.559999942779541,2.559999942779541,2000.0
2026-05-14 15:38:00,PNG.V,,7.409999847412109,7.409999847412109,7.389999866485596,7.409999847412109,804.0
2026-05-14 15:38:00,TUF.V,,0.9100000262260437,0.9100000262260437,0.8999999761581421,0.9100000262260437,2000.0
2026-05-14 15:38:00,ZNG.V,,1.1799999475479126,1.1799999475479126,1.1799999475479126,1.1799999475479126,100.0
2026-05-14 15:39:00,EQTY.V,,0.33500000834465027,0.33500000834465027,0.33500000834465027,0.33500000834465027,2000.0
2026-05-14 15:39:00,FFOX.V,,0.6100000143051147,0.6100000143051147,0.6100000143051147,0.6100000143051147,5000.0
2026-05-14 15:39:00,FO.V,,0.33000001311302185,0.33000001311302185,0.33000001311302185,0.33000001311302185,14000.0
2026-05-14 15:39:00,GG.V,,2.5899999141693115,2.5899999141693115,2.5899999141693115,2.5899999141693115,700.0
2026-05-14 15:39:00,GQC.V,,0.49000000953674316,0.49000000953674316,0.49000000953674316,0.49000000953674316,1000.0
2026-05-14 15:39:00,HSTR.V,,2.240000009536743,2.240000009536743,2.240000009536743,2.240000009536743,5500.0
2026-05-14 15:39:00,IFOS.V,,2.549999952316284,2.549999952316284,2.549999952316284,2.549999952316284,500.0
2026-05-14 15:39:00,LMN.V,,20.170000076293945,20.170000076293945,20.079999923706055,20.079999923706055,200.0
2026-05-14 15:39:00,LTH.V,,1.065000057220459,1.0700000524520874,1.065000057220459,1.0700000524520874,800.0
2026-05-14 15:39:00,MMA.V,,1.024999976158142,1.024999976158142,1.024999976158142,1.024999976158142,100.0
2026-05-14 15:39:00,NICU.V,,2.565000057220459,2.565000057220459,2.565000057220459,2.565000057220459,100.0
2026-05-14 15:39:00,PNG.V,,7.400000095367432,7.409999847412109,7.400000095367432,7.409999847412109,460.0
2026-05-14 15:39:00,TUF.V,,0.9100000262260437,0.9100000262260437,0.8999999761581421,0.9100000262260437,4600.0
2026-05-14 15:39:00,ZNG.V,,1.1799999475479126,1.1799999475479126,1.1799999475479126,1.1799999475479126,100.0
2026-05-14 15:40:00,BIG.V,,0.6700000166893005,0.6700000166893005,0.6700000166893005,0.6700000166893005,500.0
2026-05-14 15:40:00,FDR.V,,5.730000019073486,5.730000019073486,5.730000019073486,5.730000019073486,200.0
2026-05-14 15:40:00,FO.V,,0.33500000834465027,0.33500000834465027,0.33500000834465027,0.33500000834465027,24000.0
2026-05-14 15:40:00,FWZ.V,,4.480000019073486,4.480000019073486,4.480000019073486,4.480000019073486,100.0
2026-05-14 15:40:00,GQC.V,,0.49000000953674316,0.49000000953674316,0.49000000953674316,0.49000000953674316,500.0
2026-05-14 15:40:00,GWM.V,,0.6050000190734863,0.6050000190734863,0.6050000190734863,0.6050000190734863,550.0
2026-05-14 15:40:00,HI.V,,0.16500000655651093,0.16500000655651093,0.16500000655651093,0.16500000655651093,500.0
2026-05-14 15:40:00,HITI.V,,3.2300000190734863,3.2300000190734863,3.2300000190734863,3.2300000190734863,400.0
2026-05-14 15:40:00,HME.V,,2.859999895095825,2.859999895095825,2.859999895095825,2.859999895095825,500.0
2026-05-14 15:40:00,HSTR.V,,2.240000009536743,2.240000009536743,2.240000009536743,2.240000009536743,7300.0
2026-05-14 15:40:00,IFOS.V,,2.549999952316284,2.549999952316284,2.549999952316284,2.549999952316284,400.0
2026-05-14 15:40:00,KDK.V,,0.9900000095367432,0.9900000095367432,0.9900000095367432,0.9900000095367432,100.0
2026-05-14 15:40:00,KNG.V,,1.350000023841858,1.350000023841858,1.340000033378601,1.340000033378601,2800.0
2026-05-14 15:40:00,KTN.V,,1.6200000047683716,1.6200000047683716,1.6200000047683716,1.6200000047683716,400.0
2026-05-14 15:40:00,LG.V,,0.42500001192092896,0.42500001192092896,0.42500001192092896,0.42500001192092896,5000.0
2026-05-14 15:40:00,LMG.V,,0.49000000953674316,0.49000000953674316,0.49000000953674316,0.49000000953674316,2000.0
2026-05-14 15:40:00,LMN.V,,20.079999923706055,20.079999923706055,20.079999923706055,20.079999923706055,300.0
2026-05-14 15:40:00,LQWD.V,,1.149999976158142,1.149999976158142,1.149999976158142,1.149999976158142,1100.0
2026-05-14 15:40:00,NICU.V,,2.569999933242798,2.569999933242798,2.565000057220459,2.565000057220459,2900.0
2026-05-14 15:40:00,NURS.V,,4.019999980926514,4.019999980926514,4.019999980926514,4.019999980926514,100.0
2026-05-14 15:40:00,PNG.V,,7.409999847412109,7.409999847412109,7.409999847412109,7.409999847412109,2450.0
2026-05-14 15:40:00,TUF.V,,0.8999999761581421,0.9100000262260437,0.8999999761581421,0.9100000262260437,2500.0
2026-05-14 15:40:00,ZNG.V,,1.1799999475479126,1.1799999475479126,1.1799999475479126,1.1799999475479126,100.0
2026-05-14 15:41:00,FDR.V,,5.78000020980835,5.78000020980835,5.71999979019165,5.730000019073486,4100.0
2026-05-14 15:41:00,FUU.V,,0.16500000655651093,0.16500000655651093,0.16500000655651093,0.16500000655651093,500.0
2026-05-14 15:41:00,GAL.V,,0.5350000262260437,0.5350000262260437,0.5350000262260437,0.5350000262260437,500.0
2026-05-14 15:41:00,GQC.V,,0.48500001430511475,0.48500001430511475,0.48500001430511475,0.48500001430511475,3500.0
2026-05-14 15:41:00,HSTR.V,,2.240000009536743,2.240000009536743,2.240000009536743,2.240000009536743,3300.0
2026-05-14 15:41:00,IFOS.V,,2.549999952316284,2.549999952316284,2.549999952316284,2.549999952316284,1000.0
2026-05-14 15:41:00,LGC.V,,2.0299999713897705,2.0299999713897705,2.0299999713897705,2.0299999713897705,100.0
2026-05-14 15:41:00,LIO.V,,0.1550000011920929,0.1550000011920929,0.15000000596046448,0.1550000011920929,40500.0
2026-05-14 15:41:00,LMN.V,,20.100000381469727,20.1200008392334,20.100000381469727,20.100000381469727,2300.0
2026-05-14 15:41:00,MKO.V,,10.850000381469727,10.869999885559082,10.850000381469727,10.869999885559082,2100.0
2026-05-14 15:41:00,MLP.V,,2.5,2.5,2.5,2.5,500.0
2026-05-14 15:41:00,PNG.V,,7.409999847412109,7.409999847412109,7.409999847412109,7.409999847412109,1810.0
2026-05-14 15:41:00,TUF.V,,0.8949999809265137,0.9100000262260437,0.8949999809265137,0.9100000262260437,1500.0
2026-05-14 15:41:00,ZNG.V,,1.1799999475479126,1.1799999475479126,1.1799999475479126,1.1799999475479126,100.0
2026-05-14 15:42:00,EVER.V,,0.550000011920929,0.550000011920929,0.550000011920929,0.550000011920929,1500.0
2026-05-14 15:42:00,FDR.V,,5.78000020980835,5.78000020980835,5.78000020980835,5.78000020980835,100.0
2026-05-14 15:42:00,FO.V,,0.33000001311302185,0.33000001311302185,0.33000001311302185,0.33000001311302185,14556.0
2026-05-14 15:42:00,FWZ.V,,4.489999771118164,4.489999771118164,4.489999771118164,4.489999771118164,300.0
2026-05-14 15:42:00,GAL.V,,0.5350000262260437,0.5350000262260437,0.5350000262260437,0.5350000262260437,500.0
2026-05-14 15:42:00,GPG.V,,0.3499999940395355,0.3499999940395355,0.3499999940395355,0.3499999940395355,18000.0
2026-05-14 15:42:00,GQC.V,,0.47999998927116394,0.47999998927116394,0.47999998927116394,0.47999998927116394,11500.0
2026-05-14 15:42:00,HITI.V,,3.240000009536743,3.240000009536743,3.240000009536743,3.240000009536743,100.0
2026-05-14 15:42:00,HSTR.V,,2.240000009536743,2.240000009536743,2.240000009536743,2.240000009536743,3500.0
2026-05-14 15:42:00,KDK.V,,0.9900000095367432,0.9900000095367432,0.9900000095367432,0.9900000095367432,400.0
2026-05-14 15:42:00,KTN.V,,1.6200000047683716,1.6200000047683716,1.6200000047683716,1.6200000047683716,200.0
2026-05-14 15:42:00,LG.V,,0.42500001192092896,0.42500001192092896,0.42500001192092896,0.42500001192092896,7500.0
2026-05-14 15:42:00,LMN.V,,20.149999618530273,20.149999618530273,20.1200008392334,20.1299991607666,600.0
2026-05-14 15:42:00,MKO.V,,10.869999885559082,10.869999885559082,10.869999885559082,10.869999885559082,800.0
2026-05-14 15:42:00,NICU.V,,2.5799999237060547,2.5799999237060547,2.575000047683716,2.575000047683716,300.0
2026-05-14 15:42:00,PNG.V,,7.449999809265137,7.449999809265137,7.420000076293945,7.420000076293945,17400.0
2026-05-14 15:42:00,TUF.V,,0.8999999761581421,0.8999999761581421,0.8999999761581421,0.8999999761581421,3500.0
2026-05-14 15:43:00,EQTY.V,,0.33000001311302185,0.33000001311302185,0.33000001311302185,0.33000001311302185,4500.0
2026-05-14 15:43:00,EVER.V,,0.550000011920929,0.550000011920929,0.550000011920929,0.550000011920929,2000.0
2026-05-14 15:43:00,GLD.V,,0.08500000089406967,0.08500000089406967,0.08500000089406967,0.08500000089406967,20000.0
2026-05-14 15:43:00,GOT.V,,1.7200000286102295,1.7200000286102295,1.7200000286102295,1.7200000286102295,100.0
2026-05-14 15:43:00,GPG.V,,0.33500000834465027,0.3499999940395355,0.33500000834465027,0.3499999940395355,27000.0
2026-05-14 15:43:00,GPH.V,,1.1549999713897705,1.1549999713897705,1.1549999713897705,1.1549999713897705,100.0
2026-05-14 15:43:00,GWM.V,,0.6000000238418579,0.6000000238418579,0.6000000238418579,0.6000000238418579,2500.0
2026-05-14 15:43:00,GZD.V,,0.06499999761581421,0.06499999761581421,0.06499999761581421,0.06499999761581421,10000.0
2026-05-14 15:43:00,HSTR.V,,2.240000009536743,2.240000009536743,2.240000009536743,2.240000009536743,3900.0
2026-05-14 15:43:00,IFOS.V,,2.549999952316284,2.549999952316284,2.549999952316284,2.549999952316284,1000.0
2026-05-14 15:43:00,KRY.V,,3.3299999237060547,3.3499999046325684,3.319999933242798,3.3499999046325684,1200.0
2026-05-14 15:43:00,LG.V,,0.42500001192092896,0.4300000071525574,0.42500001192092896,0.42500001192092896,42000.0
2026-05-14 15:43:00,NICU.V,,2.5799999237060547,2.5799999237060547,2.575000047683716,2.575000047683716,200.0
2026-05-14 15:43:00,PNG.V,,7.449999809265137,7.449999809265137,7.429999828338623,7.429999828338623,600.0
2026-05-14 15:43:00,TUF.V,,0.8999999761581421,0.8999999761581421,0.8999999761581421,0.8999999761581421,1000.0
2026-05-14 15:43:00,ZNG.V,,1.1799999475479126,1.1799999475479126,1.1799999475479126,1.1799999475479126,100.0
2026-05-14 15:44:00,FO.V,,0.33500000834465027,0.33500000834465027,0.33500000834465027,0.33500000834465027,56000.0
2026-05-14 15:44:00,FREQ.V,,0.27000001072883606,0.27000001072883606,0.27000001072883606,0.27000001072883606,5500.0
2026-05-14 15:44:00,FUU.V,,0.16500000655651093,0.16500000655651093,0.16500000655651093,0.16500000655651093,1000.0
2026-05-14 15:44:00,FWZ.V,,4.5,4.5,4.5,4.5,200.0
2026-05-14 15:44:00,GG.V,,2.5999999046325684,2.5999999046325684,2.5999999046325684,2.5999999046325684,3200.0
2026-05-14 15:44:00,GOT.V,,1.7200000286102295,1.7200000286102295,1.7200000286102295,1.7200000286102295,3000.0
2026-05-14 15:44:00,GQC.V,,0.47999998927116394,0.47999998927116394,0.47999998927116394,0.47999998927116394,41000.0
2026-05-14 15:44:00,HSTR.V,,2.240000009536743,2.240000009536743,2.240000009536743,2.240000009536743,14500.0
2026-05-14 15:44:00,IFOS.V,,2.549999952316284,2.549999952316284,2.549999952316284,2.549999952316284,1900.0
2026-05-14 15:44:00,KTN.V,,1.6200000047683716,1.6200000047683716,1.6200000047683716,1.6200000047683716,100.0
2026-05-14 15:44:00,LMN.V,,20.1299991607666,20.1299991607666,20.1299991607666,20.1299991607666,100.0
2026-05-14 15:44:00,LTH.V,,1.059999942779541,1.059999942779541,1.059999942779541,1.059999942779541,400.0
2026-05-14 15:44:00,NICU.V,,2.5799999237060547,2.5799999237060547,2.5799999237060547,2.5799999237060547,700.0
2026-05-14 15:44:00,PNG.V,,7.449999809265137,7.449999809265137,7.429999828338623,7.429999828338623,6217.0
2026-05-14 15:44:00,ZNG.V,,1.1799999475479126,1.1799999475479126,1.1799999475479126,1.1799999475479126,100.0
2026-05-14 15:45:00,FWZ.V,,4.519999980926514,4.519999980926514,4.519999980926514,4.519999980926514,200.0
2026-05-14 15:45:00,GOT.V,,1.7200000286102295,1.7200000286102295,1.7200000286102295,1.7200000286102295,100.0
2026-05-14 15:45:00,GPH.V,,1.159999966621399,1.159999966621399,1.159999966621399,1.159999966621399,300.0
2026-05-14 15:45:00,GQC.V,,0.47999998927116394,0.47999998927116394,0.47999998927116394,0.47999998927116394,2500.0
2026-05-14 15:45:00,HEVI.V,,0.25,0.25,0.25,0.25,500.0
2026-05-14 15:45:00,HITI.V,,3.2699999809265137,3.2699999809265137,3.259999990463257,3.259999990463257,200.0
2026-05-14 15:45:00,HSTR.V,,2.240000009536743,2.240000009536743,2.240000009536743,2.240000009536743,2100.0
2026-05-14 15:45:00,IFOS.V,,2.549999952316284,2.549999952316284,2.549999952316284,2.549999952316284,900.0
2026-05-14 15:45:00,IPT.V,,0.29499998688697815,0.29499998688697815,0.29499998688697815,0.29499998688697815,5000.0
2026-05-14 15:45:00,LG.V,,0.42500001192092896,0.42500001192092896,0.42500001192092896,0.42500001192092896,5000.0
2026-05-14 15:45:00,LMN.V,,20.1299991607666,20.139999389648438,20.1299991607666,20.139999389648438,900.0
2026-05-14 15:45:00,LRA.V,,4.019999980926514,4.019999980926514,4.019999980926514,4.019999980926514,3900.0
2026-05-14 15:45:00,LTH.V,,1.059999942779541,1.059999942779541,1.059999942779541,1.059999942779541,500.0
2026-05-14 15:45:00,MKO.V,,10.859999656677246,10.859999656677246,10.859999656677246,10.859999656677246,100.0
2026-05-14 15:45:00,NICU.V,,2.569999933242798,2.575000047683716,2.569999933242798,2.575000047683716,2100.0
2026-05-14 15:45:00,NURS.V,,4.019999980926514,4.019999980926514,4.019999980926514,4.019999980926514,100.0
2026-05-14 15:45:00,PNG.V,,7.440000057220459,7.440000057220459,7.440000057220459,7.440000057220459,7500.0
2026-05-14 15:45:00,TUF.V,,0.8899999856948853,0.8999999761581421,0.8899999856948853,0.8999999761581421,7500.0
2026-05-14 15:45:00,YGT.V,,0.20499999821186066,0.20499999821186066,0.20499999821186066,0.20499999821186066,500.0
2026-05-14 15:45:00,ZNG.V,,1.1699999570846558,1.1799999475479126,1.1699999570846558,1.1799999475479126,900.0
2026-05-14 15:46:00,FDR.V,,5.769999980926514,5.769999980926514,5.744999885559082,5.744999885559082,400.0
2026-05-14 15:46:00,FUU.V,,0.16500000655651093,0.16500000655651093,0.16500000655651093,0.16500000655651093,2000.0
2026-05-14 15:46:00,FWZ.V,,4.519999980926514,4.519999980926514,4.510000228881836,4.519999980926514,12000.0
2026-05-14 15:46:00,GG.V,,2.5999999046325684,2.5999999046325684,2.5999999046325684,2.5999999046325684,2500.0
2026-05-14 15:46:00,HME.V,,2.859999895095825,2.859999895095825,2.859999895095825,2.859999895095825,200.0
2026-05-14 15:46:00,HSTR.V,,2.240000009536743,2.240000009536743,2.240000009536743,2.240000009536743,2400.0
2026-05-14 15:46:00,IFOS.V,,2.549999952316284,2.549999952316284,2.549999952316284,2.549999952316284,900.0
2026-05-14 15:46:00,IPT.V,,0.29499998688697815,0.29499998688697815,0.29499998688697815,0.29499998688697815,500.0
2026-05-14 15:46:00,KTN.V,,1.6100000143051147,1.6100000143051147,1.6100000143051147,1.6100000143051147,1200.0
2026-05-14 15:46:00,LBNK.V,,0.5600000023841858,0.5600000023841858,0.5600000023841858,0.5600000023841858,1000.0
2026-05-14 15:46:00,LGC.V,,2.0299999713897705,2.0299999713897705,2.0299999713897705,2.0299999713897705,100.0
2026-05-14 15:46:00,LVX.V,,0.800000011920929,0.800000011920929,0.800000011920929,0.800000011920929,18500.0
2026-05-14 15:46:00,MLP.V,,2.5,2.5,2.5,2.5,2000.0
2026-05-14 15:46:00,NICU.V,,2.575000047683716,2.575000047683716,2.575000047683716,2.575000047683716,100.0
2026-05-14 15:46:00,NURS.V,,4.0,4.010000228881836,4.0,4.010000228881836,700.0
2026-05-14 15:46:00,PNG.V,,7.429999828338623,7.440000057220459,7.429999828338623,7.440000057220459,5800.0
2026-05-14 15:46:00,TUF.V,,0.8999999761581421,0.8999999761581421,0.8999999761581421,0.8999999761581421,500.0
2026-05-14 15:46:00,ZNG.V,,1.1799999475479126,1.1799999475479126,1.1799999475479126,1.1799999475479126,100.0
2026-05-14 15:47:00,FWZ.V,,4.519999980926514,4.519999980926514,4.519999980926514,4.519999980926514,100.0
2026-05-14 15:47:00,GAL.V,,0.5350000262260437,0.5350000262260437,0.5350000262260437,0.5350000262260437,500.0
2026-05-14 15:47:00,HCH.V,,1.8799999952316284,1.8799999952316284,1.8799999952316284,1.8799999952316284,100.0
2026-05-14 15:47:00,HME.V,,2.859999895095825,2.859999895095825,2.859999895095825,2.859999895095825,500.0
2026-05-14 15:47:00,HSTR.V,,2.240000009536743,2.240000009536743,2.240000009536743,2.240000009536743,4033.0
2026-05-14 15:47:00,IFOS.V,,2.549999952316284,2.549999952316284,2.549999952316284,2.549999952316284,800.0
2026-05-14 15:47:00,KDK.V,,0.9900000095367432,0.9900000095367432,0.9900000095367432,0.9900000095367432,100.0
2026-05-14 15:47:00,LMN.V,,20.09000015258789,20.100000381469727,20.09000015258789,20.09000015258789,800.0
2026-05-14 15:47:00,MKO.V,,10.850000381469727,10.859999656677246,10.850000381469727,10.859999656677246,3450.0
2026-05-14 15:47:00,NICU.V,,2.575000047683716,2.575000047683716,2.569999933242798,2.569999933242798,1539.0
2026-05-14 15:47:00,PNG.V,,7.429999828338623,7.440000057220459,7.429999828338623,7.440000057220459,1000.0
2026-05-14 15:47:00,TUF.V,,0.8999999761581421,0.8999999761581421,0.8999999761581421,0.8999999761581421,1500.0
2026-05-14 15:47:00,ZNG.V,,1.1799999475479126,1.1799999475479126,1.1799999475479126,1.1799999475479126,100.0
2026-05-14 15:48:00,BIG.V,,0.6650000214576721,0.6650000214576721,0.6650000214576721,0.6650000214576721,500.0
2026-05-14 15:48:00,FDR.V,,5.744999885559082,5.744999885559082,5.744999885559082,5.744999885559082,500.0
2026-05-14 15:48:00,FRED.V,,0.7099999785423279,0.7099999785423279,0.7099999785423279,0.7099999785423279,2500.0
2026-05-14 15:48:00,FWZ.V,,4.5,4.5,4.5,4.5,1500.0
2026-05-14 15:48:00,GOT.V,,1.715000033378601,1.715000033378601,1.715000033378601,1.715000033378601,100.0
2026-05-14 15:48:00,GQC.V,,0.48500001430511475,0.48500001430511475,0.48500001430511475,0.48500001430511475,2500.0
2026-05-14 15:48:00,HSTR.V,,2.240000009536743,2.240000009536743,2.2300000190734863,2.240000009536743,12300.0
2026-05-14 15:48:00,IFOS.V,,2.549999952316284,2.549999952316284,2.549999952316284,2.549999952316284,800.0
2026-05-14 15:48:00,KTN.V,,1.6100000143051147,1.6100000143051147,1.6100000143051147,1.6100000143051147,500.0
2026-05-14 15:48:00,LGC.V,,2.0399999618530273,2.0399999618530273,2.0399999618530273,2.0399999618530273,100.0
2026-05-14 15:48:00,LMN.V,,20.100000381469727,20.1299991607666,20.100000381469727,20.110000610351562,400.0
2026-05-14 15:48:00,MGM.V,,3.7249999046325684,3.7300000190734863,3.7249999046325684,3.7300000190734863,1100.0
2026-05-14 15:48:00,MKO.V,,10.819999694824219,10.829999923706055,10.819999694824219,10.829999923706055,678.0
2026-05-14 15:48:00,MLP.V,,2.4700000286102295,2.490000009536743,2.4700000286102295,2.490000009536743,11500.0
2026-05-14 15:48:00,NURS.V,,4.019999980926514,4.039999961853027,4.019999980926514,4.019999980926514,6500.0
2026-05-14 15:48:00,PNG.V,,7.429999828338623,7.434999942779541,7.429999828338623,7.429999828338623,2100.0
2026-05-14 15:48:00,TUF.V,,0.8999999761581421,0.8999999761581421,0.8999999761581421,0.8999999761581421,2500.0
2026-05-14 15:48:00,ZNG.V,,1.1699999570846558,1.1799999475479126,1.1699999570846558,1.1799999475479126,200.0
2026-05-14 15:49:00,FFOX.V,,0.6000000238418579,0.6000000238418579,0.6000000238418579,0.6000000238418579,12150.0
2026-05-14 15:49:00,FWZ.V,,4.510000228881836,4.510000228881836,4.510000228881836,4.510000228881836,700.0
2026-05-14 15:49:00,GOT.V,,1.7100000381469727,1.7200000286102295,1.7100000381469727,1.7200000286102295,1200.0
2026-05-14 15:49:00,GPG.V,,0.3499999940395355,0.3499999940395355,0.3499999940395355,0.3499999940395355,21500.0
2026-05-14 15:49:00,GQC.V,,0.48500001430511475,0.48500001430511475,0.48500001430511475,0.48500001430511475,3000.0
2026-05-14 15:49:00,GSI.V,,1.25,1.25,1.25,1.25,100.0
2026-05-14 15:49:00,HAM.V,,5.099999904632568,5.099999904632568,5.099999904632568,5.099999904632568,100.0
2026-05-14 15:49:00,HITI.V,,3.2699999809265137,3.2699999809265137,3.259999990463257,3.259999990463257,600.0
2026-05-14 15:49:00,HSTR.V,,2.240000009536743,2.240000009536743,2.240000009536743,2.240000009536743,1800.0
2026-05-14 15:49:00,IB.V,,0.20000000298023224,0.20000000298023224,0.20000000298023224,0.20000000298023224,2466.0
2026-05-14 15:49:00,IFOS.V,,2.559999942779541,2.559999942779541,2.549999952316284,2.549999952316284,2000.0
2026-05-14 15:49:00,LG.V,,0.42500001192092896,0.42500001192092896,0.42500001192092896,0.42500001192092896,5000.0
2026-05-14 15:49:00,LMN.V,,20.09000015258789,20.09000015258789,20.09000015258789,20.09000015258789,300.0
2026-05-14 15:49:00,LPS.V,,0.10499999672174454,0.10499999672174454,0.10499999672174454,0.10499999672174454,13000.0
2026-05-14 15:49:00,MLP.V,,2.450000047683716,2.4600000381469727,2.450000047683716,2.4600000381469727,27112.0
2026-05-14 15:49:00,NICU.V,,2.5799999237060547,2.5799999237060547,2.5799999237060547,2.5799999237060547,100.0
2026-05-14 15:49:00,PNG.V,,7.449999809265137,7.449999809265137,7.429999828338623,7.429999828338623,4435.0
2026-05-14 15:49:00,TUF.V,,0.8999999761581421,0.8999999761581421,0.8999999761581421,0.8999999761581421,1000.0
2026-05-14 15:50:00,BIG.V,,0.6700000166893005,0.6700000166893005,0.6700000166893005,0.6700000166893005,600.0
2026-05-14 15:50:00,FDR.V,,5.71999979019165,5.730000019073486,5.71999979019165,5.730000019073486,800.0
2026-05-14 15:50:00,FO.V,,0.33000001311302185,0.33000001311302185,0.33000001311302185,0.33000001311302185,50000.0
2026-05-14 15:50:00,FOR.V,,0.6399999856948853,0.6399999856948853,0.6399999856948853,0.6399999856948853,14500.0
2026-05-14 15:50:00,FUU.V,,0.16500000655651093,0.16500000655651093,0.16500000655651093,0.16500000655651093,500.0
2026-05-14 15:50:00,GQC.V,,0.47999998927116394,0.47999998927116394,0.47999998927116394,0.47999998927116394,14000.0
2026-05-14 15:50:00,GWM.V,,0.6000000238418579,0.6000000238418579,0.6000000238418579,0.6000000238418579,1500.0
2026-05-14 15:50:00,HHH.V,,6.349999904632568,6.389999866485596,6.349999904632568,6.389999866485596,400.0
2026-05-14 15:50:00,HME.V,,2.865000009536743,2.865000009536743,2.865000009536743,2.865000009536743,200.0
2026-05-14 15:50:00,HSTR.V,,2.255000114440918,2.259999990463257,2.240000009536743,2.240000009536743,13800.0
2026-05-14 15:50:00,KDK.V,,0.9900000095367432,0.9900000095367432,0.9900000095367432,0.9900000095367432,100.0
2026-05-14 15:50:00,KRY.V,,3.3299999237060547,3.3399999141693115,3.3299999237060547,3.3299999237060547,1300.0
2026-05-14 15:50:00,LGC.V,,2.0399999618530273,2.0399999618530273,2.0399999618530273,2.0399999618530273,100.0
2026-05-14 15:50:00,LITH.V,,0.7099999785423279,0.7099999785423279,0.7099999785423279,0.7099999785423279,8500.0
2026-05-14 15:50:00,LMN.V,,20.1200008392334,20.1200008392334,20.09000015258789,20.09000015258789,400.0
2026-05-14 15:50:00,MKO.V,,10.829999923706055,10.829999923706055,10.819999694824219,10.819999694824219,1000.0
2026-05-14 15:50:00,MMA.V,,1.0299999713897705,1.0299999713897705,1.0299999713897705,1.0299999713897705,2200.0
2026-05-14 15:50:00,PNG.V,,7.460000038146973,7.46999979019165,7.449999809265137,7.449999809265137,14100.0
2026-05-14 15:50:00,TUF.V,,0.8999999761581421,0.8999999761581421,0.8999999761581421,0.8999999761581421,1000.0
2026-05-14 15:50:00,VAND.V,,0.8600000143051147,0.8600000143051147,0.8600000143051147,0.8600000143051147,2500.0
2026-05-14 15:50:00,ZNG.V,,1.1699999570846558,1.1799999475479126,1.1699999570846558,1.1799999475479126,21500.0
2026-05-14 15:51:00,FL.V,,0.5600000023841858,0.5600000023841858,0.5600000023841858,0.5600000023841858,1000.0
2026-05-14 15:51:00,FWZ.V,,4.510000228881836,4.519999980926514,4.510000228881836,4.510000228881836,1500.0
2026-05-14 15:51:00,GAL.V,,0.5350000262260437,0.5350000262260437,0.5350000262260437,0.5350000262260437,1000.0
2026-05-14 15:51:00,GPH.V,,1.1549999713897705,1.1549999713897705,1.1549999713897705,1.1549999713897705,100.0
2026-05-14 15:51:00,GQC.V,,0.47999998927116394,0.47999998927116394,0.47999998927116394,0.47999998927116394,8500.0
2026-05-14 15:51:00,GSTM.V,,0.19499999284744263,0.19499999284744263,0.19499999284744263,0.19499999284744263,500.0
2026-05-14 15:51:00,GWM.V,,0.6000000238418579,0.6000000238418579,0.6000000238418579,0.6000000238418579,2000.0
2026-05-14 15:51:00,HSTR.V,,2.255000114440918,2.255000114440918,2.255000114440918,2.255000114440918,2000.0
2026-05-14 15:51:00,IFOS.V,,2.549999952316284,2.549999952316284,2.549999952316284,2.549999952316284,100.0
2026-05-14 15:51:00,KRY.V,,3.380000114440918,3.380000114440918,3.380000114440918,3.380000114440918,3600.0
2026-05-14 15:51:00,KTN.V,,1.6100000143051147,1.6100000143051147,1.6100000143051147,1.6100000143051147,1000.0
2026-05-14 15:51:00,LA.V,,14.390000343322754,14.390000343322754,14.390000343322754,14.390000343322754,200.0
2026-05-14 15:51:00,LITH.V,,0.7099999785423279,0.7099999785423279,0.7099999785423279,0.7099999785423279,1500.0
2026-05-14 15:51:00,LMN.V,,20.09000015258789,20.09000015258789,20.09000015258789,20.09000015258789,200.0
2026-05-14 15:51:00,LQWD.V,,1.149999976158142,1.149999976158142,1.149999976158142,1.149999976158142,500.0
2026-05-14 15:51:00,LVX.V,,0.800000011920929,0.800000011920929,0.800000011920929,0.800000011920929,4000.0
2026-05-14 15:51:00,MKO.V,,10.819999694824219,10.829999923706055,10.819999694824219,10.829999923706055,1175.0
2026-05-14 15:51:00,MLP.V,,2.450000047683716,2.450000047683716,2.450000047683716,2.450000047683716,1100.0
2026-05-14 15:51:00,NICU.V,,2.5899999141693115,2.5950000286102295,2.5799999237060547,2.5799999237060547,6200.0
2026-05-14 15:51:00,PNG.V,,7.420000076293945,7.46999979019165,7.420000076293945,7.460000038146973,10150.0
2026-05-14 15:51:00,TUF.V,,0.9100000262260437,0.9100000262260437,0.8999999761581421,0.8999999761581421,18500.0
2026-05-14 15:51:00,ZNG.V,,1.149999976158142,1.159999966621399,1.149999976158142,1.159999966621399,2000.0
2026-05-14 15:52:00,FDR.V,,5.699999809265137,5.71999979019165,5.699999809265137,5.71999979019165,700.0
2026-05-14 15:52:00,FIN.V,,0.19499999284744263,0.19499999284744263,0.1850000023841858,0.1850000023841858,15000.0
2026-05-14 15:52:00,GAL.V,,0.5350000262260437,0.5350000262260437,0.5350000262260437,0.5350000262260437,500.0
2026-05-14 15:52:00,GRG.V,,0.09000000357627869,0.09000000357627869,0.09000000357627869,0.09000000357627869,51000.0
2026-05-14 15:52:00,HHH.V,,6.340000152587891,6.389999866485596,6.340000152587891,6.389999866485596,591.0
2026-05-14 15:52:00,HME.V,,2.859999895095825,2.859999895095825,2.859999895095825,2.859999895095825,500.0
2026-05-14 15:52:00,HSTR.V,,2.259999990463257,2.259999990463257,2.259999990463257,2.259999990463257,2500.0
2026-05-14 15:52:00,IB.V,,0.20000000298023224,0.20000000298023224,0.20000000298023224,0.20000000298023224,49000.0
2026-05-14 15:52:00,IFOS.V,,2.549999952316284,2.549999952316284,2.549999952316284,2.549999952316284,1000.0
2026-05-14 15:52:00,KDK.V,,1.0099999904632568,1.0099999904632568,1.0099999904632568,1.0099999904632568,900.0
2026-05-14 15:52:00,KRY.V,,3.4000000953674316,3.4000000953674316,3.380000114440918,3.380000114440918,2000.0
2026-05-14 15:52:00,KTN.V,,1.6100000143051147,1.6100000143051147,1.6100000143051147,1.6100000143051147,300.0
2026-05-14 15:52:00,LGC.V,,2.0399999618530273,2.0399999618530273,2.0399999618530273,2.0399999618530273,100.0
2026-05-14 15:52:00,LMN.V,,20.079999923706055,20.09000015258789,20.079999923706055,20.079999923706055,300.0
2026-05-14 15:52:00,MKO.V,,10.84000015258789,10.84000015258789,10.84000015258789,10.84000015258789,100.0
2026-05-14 15:52:00,MMA.V,,1.0299999713897705,1.0299999713897705,1.0299999713897705,1.0299999713897705,300.0
2026-05-14 15:52:00,NICU.V,,2.5999999046325684,2.5999999046325684,2.5999999046325684,2.5999999046325684,2700.0
2026-05-14 15:52:00,PNG.V,,7.420000076293945,7.429999828338623,7.420000076293945,7.429999828338623,1600.0
2026-05-14 15:52:00,TUF.V,,0.9200000166893005,0.9200000166893005,0.9049999713897705,0.9100000262260437,57800.0
2026-05-14 15:53:00,FDR.V,,5.710000038146973,5.710000038146973,5.710000038146973,5.710000038146973,100.0
2026-05-14 15:53:00,FWZ.V,,4.519999980926514,4.519999980926514,4.519999980926514,4.519999980926514,200.0
2026-05-14 15:53:00,GOT.V,,1.7200000286102295,1.7200000286102295,1.7200000286102295,1.7200000286102295,100.0
2026-05-14 15:53:00,GPH.V,,1.1549999713897705,1.1549999713897705,1.1549999713897705,1.1549999713897705,100.0
2026-05-14 15:53:00,GQC.V,,0.47999998927116394,0.47999998927116394,0.47999998927116394,0.47999998927116394,3000.0
2026-05-14 15:53:00,HAN.V,,0.6399999856948853,0.6399999856948853,0.6399999856948853,0.6399999856948853,19500.0
2026-05-14 15:53:00,HCH.V,,1.8849999904632568,1.8849999904632568,1.8799999952316284,1.8799999952316284,4800.0
2026-05-14 15:53:00,HSTR.V,,2.2699999809265137,2.2750000953674316,2.259999990463257,2.259999990463257,9400.0
2026-05-14 15:53:00,IFOS.V,,2.549999952316284,2.549999952316284,2.549999952316284,2.549999952316284,1100.0
2026-05-14 15:53:00,KRY.V,,3.4100000858306885,3.4100000858306885,3.4000000953674316,3.4000000953674316,600.0
2026-05-14 15:53:00,LMN.V,,20.09000015258789,20.100000381469727,20.09000015258789,20.09000015258789,1700.0
2026-05-14 15:53:00,LTH.V,,1.059999942779541,1.059999942779541,1.059999942779541,1.059999942779541,100.0
2026-05-14 15:53:00,MKO.V,,10.850000381469727,10.850000381469727,10.84000015258789,10.84000015258789,200.0
2026-05-14 15:53:00,MLP.V,,2.4700000286102295,2.4700000286102295,2.4600000381469727,2.4700000286102295,1500.0
2026-05-14 15:53:00,MMA.V,,1.0299999713897705,1.0299999713897705,1.0299999713897705,1.0299999713897705,4300.0
2026-05-14 15:53:00,NICU.V,,2.5999999046325684,2.6050000190734863,2.5999999046325684,2.5999999046325684,4900.0
2026-05-14 15:53:00,PNG.V,,7.440000057220459,7.440000057220459,7.420000076293945,7.420000076293945,2620.0
2026-05-14 15:53:00,TUF.V,,0.8999999761581421,0.9200000166893005,0.8999999761581421,0.9150000214576721,39000.0
2026-05-14 15:53:00,YGT.V,,0.20499999821186066,0.20499999821186066,0.20499999821186066,0.20499999821186066,500.0
2026-05-14 15:53:00,ZNG.V,,1.149999976158142,1.149999976158142,1.149999976158142,1.149999976158142,1800.0
2026-05-14 15:54:00,FDR.V,,5.699999809265137,5.710000038146973,5.699999809265137,5.699999809265137,600.0
2026-05-14 15:54:00,FL.V,,0.5600000023841858,0.5600000023841858,0.5600000023841858,0.5600000023841858,500.0
2026-05-14 15:54:00,FO.V,,0.33000001311302185,0.33000001311302185,0.33000001311302185,0.33000001311302185,27500.0
2026-05-14 15:54:00,FWZ.V,,4.53000020980835,4.53000020980835,4.519999980926514,4.519999980926514,200.0
2026-05-14 15:54:00,GAL.V,,0.5350000262260437,0.5350000262260437,0.5350000262260437,0.5350000262260437,500.0
2026-05-14 15:54:00,GOT.V,,1.7100000381469727,1.7100000381469727,1.7100000381469727,1.7100000381469727,500.0
2026-05-14 15:54:00,GPH.V,,1.159999966621399,1.159999966621399,1.159999966621399,1.159999966621399,100.0
2026-05-14 15:54:00,GQC.V,,0.47999998927116394,0.47999998927116394,0.47999998927116394,0.47999998927116394,33000.0
2026-05-14 15:54:00,GSTM.V,,0.19499999284744263,0.19499999284744263,0.19499999284744263,0.19499999284744263,12500.0
2026-05-14 15:54:00,HSTR.V,,2.2699999809265137,2.2699999809265137,2.2699999809265137,2.2699999809265137,1200.0
2026-05-14 15:54:00,IFOS.V,,2.549999952316284,2.549999952316284,2.549999952316284,2.549999952316284,1300.0
2026-05-14 15:54:00,KTN.V,,1.600000023841858,1.600000023841858,1.600000023841858,1.600000023841858,2100.0
2026-05-14 15:54:00,LG.V,,0.42750000953674316,0.42750000953674316,0.42750000953674316,0.42750000953674316,500.0
2026-05-14 15:54:00,LMN.V,,20.100000381469727,20.1299991607666,20.100000381469727,20.100000381469727,800.0
2026-05-14 15:54:00,LTH.V,,1.059999942779541,1.059999942779541,1.059999942779541,1.059999942779541,300.0
2026-05-14 15:54:00,MKO.V,,10.850000381469727,10.850000381469727,10.850000381469727,10.850000381469727,100.0
2026-05-14 15:54:00,MLP.V,,2.4800000190734863,2.4800000190734863,2.4600000381469727,2.4800000190734863,1500.0
2026-05-14 15:54:00,MMA.V,,1.0299999713897705,1.0299999713897705,1.0299999713897705,1.0299999713897705,2300.0
2026-05-14 15:54:00,NICU.V,,2.6050000190734863,2.609999895095825,2.6050000190734863,2.609999895095825,700.0
2026-05-14 15:54:00,PNG.V,,7.460000038146973,7.46999979019165,7.440000057220459,7.449999809265137,26030.0
2026-05-14 15:54:00,YGT.V,,0.20499999821186066,0.20499999821186066,0.20499999821186066,0.20499999821186066,500.0
2026-05-14 15:54:00,ZNG.V,,1.159999966621399,1.159999966621399,1.159999966621399,1.159999966621399,100.0
2026-05-14 15:55:00,FO.V,,0.33000001311302185,0.33000001311302185,0.33000001311302185,0.33000001311302185,55500.0
2026-05-14 15:55:00,FOR.V,,0.6299999952316284,0.6299999952316284,0.6299999952316284,0.6299999952316284,25000.0
2026-05-14 15:55:00,FUU.V,,0.16500000655651093,0.16500000655651093,0.16500000655651093,0.16500000655651093,1000.0
2026-05-14 15:55:00,GAL.V,,0.5350000262260437,0.5350000262260437,0.5350000262260437,0.5350000262260437,1000.0
2026-05-14 15:55:00,GGAU.V,,0.3100000023841858,0.3100000023841858,0.3100000023841858,0.3100000023841858,7500.0
2026-05-14 15:55:00,GGO.V,,1.100000023841858,1.100000023841858,1.100000023841858,1.100000023841858,1000.0
2026-05-14 15:55:00,GQC.V,,0.48500001430511475,0.48500001430511475,0.47999998927116394,0.47999998927116394,18500.0
2026-05-14 15:55:00,HAM.V,,5.099999904632568,5.099999904632568,5.099999904632568,5.099999904632568,100.0
2026-05-14 15:55:00,HITI.V,,3.2699999809265137,3.2699999809265137,3.2699999809265137,3.2699999809265137,273.0
2026-05-14 15:55:00,HSTR.V,,2.2699999809265137,2.2699999809265137,2.259999990463257,2.2699999809265137,2600.0
2026-05-14 15:55:00,IFOS.V,,2.549999952316284,2.549999952316284,2.549999952316284,2.549999952316284,4300.0
2026-05-14 15:55:00,KG.V,,0.16500000655651093,0.16500000655651093,0.16500000655651093,0.16500000655651093,6000.0
2026-05-14 15:55:00,LGC.V,,2.0399999618530273,2.0399999618530273,2.0399999618530273,2.0399999618530273,100.0
2026-05-14 15:55:00,LMN.V,,20.18000030517578,20.18000030517578,20.1299991607666,20.1299991607666,700.0
2026-05-14 15:55:00,LTH.V,,1.059999942779541,1.059999942779541,1.059999942779541,1.059999942779541,1900.0
2026-05-14 15:55:00,LVX.V,,0.7900000214576721,0.7900000214576721,0.7900000214576721,0.7900000214576721,5720.0
2026-05-14 15:55:00,MIM.V,,0.1850000023841858,0.1850000023841858,0.1850000023841858,0.1850000023841858,3000.0
2026-05-14 15:55:00,MKO.V,,10.850000381469727,10.850000381469727,10.850000381469727,10.850000381469727,400.0
2026-05-14 15:55:00,MLP.V,,2.4800000190734863,2.4800000190734863,2.4800000190734863,2.4800000190734863,800.0
2026-05-14 15:55:00,NICU.V,,2.5999999046325684,2.6050000190734863,2.5999999046325684,2.5999999046325684,4300.0
2026-05-14 15:55:00,PNG.V,,7.460000038146973,7.480000019073486,7.460000038146973,7.460000038146973,8200.0
2026-05-14 15:55:00,VAND.V,,0.8600000143051147,0.8600000143051147,0.8600000143051147,0.8600000143051147,4000.0
2026-05-14 15:56:00,BIG.V,,0.6700000166893005,0.6700000166893005,0.6700000166893005,0.6700000166893005,500.0
2026-05-14 15:56:00,FDR.V,,5.710000038146973,5.710000038146973,5.710000038146973,5.710000038146973,100.0
2026-05-14 15:56:00,FO.V,,0.33000001311302185,0.33000001311302185,0.33000001311302185,0.33000001311302185,17000.0
2026-05-14 15:56:00,FOR.V,,0.6299999952316284,0.6299999952316284,0.6299999952316284,0.6299999952316284,10000.0
2026-05-14 15:56:00,FWZ.V,,4.519999980926514,4.519999980926514,4.519999980926514,4.519999980926514,100.0
2026-05-14 15:56:00,GOT.V,,1.7100000381469727,1.7100000381469727,1.7100000381469727,1.7100000381469727,200.0
2026-05-14 15:56:00,GPG.V,,0.3499999940395355,0.3499999940395355,0.3499999940395355,0.3499999940395355,1500.0
2026-05-14 15:56:00,GPH.V,,1.1549999713897705,1.1549999713897705,1.1549999713897705,1.1549999713897705,100.0
2026-05-14 15:56:00,GQC.V,,0.48249998688697815,0.48500001430511475,0.48249998688697815,0.48500001430511475,2500.0
2026-05-14 15:56:00,HME.V,,2.859999895095825,2.859999895095825,2.859999895095825,2.859999895095825,1100.0
2026-05-14 15:56:00,HMR.V,,0.8899999856948853,0.8899999856948853,0.8899999856948853,0.8899999856948853,2500.0
2026-05-14 15:56:00,HSTR.V,,2.2750000953674316,2.2750000953674316,2.2699999809265137,2.2699999809265137,14300.0
2026-05-14 15:56:00,IFOS.V,,2.549999952316284,2.549999952316284,2.549999952316284,2.549999952316284,1500.0
2026-05-14 15:56:00,KDK.V,,1.0,1.0,1.0,1.0,100.0
2026-05-14 15:56:00,KRY.V,,3.4000000953674316,3.4000000953674316,3.4000000953674316,3.4000000953674316,1100.0
2026-05-14 15:56:00,KTN.V,,1.6100000143051147,1.6100000143051147,1.6100000143051147,1.6100000143051147,1600.0
2026-05-14 15:56:00,LG.V,,0.42500001192092896,0.42500001192092896,0.42500001192092896,0.42500001192092896,26100.0
2026-05-14 15:56:00,LGC.V,,2.0299999713897705,2.0299999713897705,2.0299999713897705,2.0299999713897705,100.0
2026-05-14 15:56:00,LIFT.V,,6.349999904632568,6.360000133514404,6.349999904632568,6.360000133514404,200.0
2026-05-14 15:56:00,LITH.V,,0.7099999785423279,0.7099999785423279,0.7099999785423279,0.7099999785423279,500.0
2026-05-14 15:56:00,LMN.V,,20.149999618530273,20.18000030517578,20.149999618530273,20.18000030517578,600.0
2026-05-14 15:56:00,LSL.V,,0.35499998927116394,0.35499998927116394,0.35499998927116394,0.35499998927116394,1000.0
2026-05-14 15:56:00,LTH.V,,1.059999942779541,1.059999942779541,1.059999942779541,1.059999942779541,5400.0
2026-05-14 15:56:00,MLP.V,,2.4800000190734863,2.4800000190734863,2.4800000190734863,2.4800000190734863,900.0
2026-05-14 15:56:00,PNG.V,,7.449999809265137,7.460000038146973,7.449999809265137,7.449999809265137,6392.0
2026-05-14 15:56:00,TUF.V,,0.9100000262260437,0.9200000166893005,0.9100000262260437,0.9200000166893005,16500.0
2026-05-14 15:56:00,YGT.V,,0.20499999821186066,0.20499999821186066,0.20499999821186066,0.20499999821186066,500.0
2026-05-14 15:56:00,ZNG.V,,1.1699999570846558,1.1699999570846558,1.1699999570846558,1.1699999570846558,300.0
2026-05-14 15:57:00,FDR.V,,5.710000038146973,5.710000038146973,5.710000038146973,5.710000038146973,100.0
2026-05-14 15:57:00,FL.V,,0.5699999928474426,0.5699999928474426,0.5649999976158142,0.5649999976158142,4500.0
2026-05-14 15:57:00,FWZ.V,,4.519999980926514,4.519999980926514,4.519999980926514,4.519999980926514,100.0
2026-05-14 15:57:00,GAL.V,,0.5350000262260437,0.5350000262260437,0.5350000262260437,0.5350000262260437,2000.0
2026-05-14 15:57:00,GGAU.V,,0.3050000071525574,0.3050000071525574,0.3050000071525574,0.3050000071525574,500.0
2026-05-14 15:57:00,GOT.V,,1.7100000381469727,1.7100000381469727,1.7100000381469727,1.7100000381469727,100.0
2026-05-14 15:57:00,GQC.V,,0.48500001430511475,0.48500001430511475,0.48249998688697815,0.48249998688697815,11000.0
2026-05-14 15:57:00,HEVI.V,,0.25,0.25,0.25,0.25,1000.0
2026-05-14 15:57:00,HITI.V,,3.2799999713897705,3.2799999713897705,3.2799999713897705,3.2799999713897705,100.0
2026-05-14 15:57:00,HSTR.V,,2.25,2.2750000953674316,2.25,2.2750000953674316,19600.0
2026-05-14 15:57:00,IFOS.V,,2.549999952316284,2.549999952316284,2.549999952316284,2.549999952316284,3700.0
2026-05-14 15:57:00,JUGR.V,,1.2300000190734863,1.2300000190734863,1.2300000190734863,1.2300000190734863,1300.0
2026-05-14 15:57:00,KDK.V,,1.0,1.0,1.0,1.0,100.0
2026-05-14 15:57:00,KRY.V,,3.440000057220459,3.440000057220459,3.4000000953674316,3.4000000953674316,6000.0
2026-05-14 15:57:00,KTN.V,,1.6100000143051147,1.6100000143051147,1.6100000143051147,1.6100000143051147,2200.0
2026-05-14 15:57:00,LG.V,,0.42500001192092896,0.42500001192092896,0.42500001192092896,0.42500001192092896,15000.0
2026-05-14 15:57:00,LGC.V,,2.0399999618530273,2.0399999618530273,2.0399999618530273,2.0399999618530273,100.0
2026-05-14 15:57:00,LMN.V,,20.110000610351562,20.149999618530273,20.110000610351562,20.149999618530273,800.0
2026-05-14 15:57:00,LTH.V,,1.059999942779541,1.059999942779541,1.059999942779541,1.059999942779541,600.0
2026-05-14 15:57:00,LXE.V,,0.15000000596046448,0.15000000596046448,0.15000000596046448,0.15000000596046448,1000.0
2026-05-14 15:57:00,MKO.V,,10.859999656677246,10.859999656677246,10.859999656677246,10.859999656677246,100.0
2026-05-14 15:57:00,MLP.V,,2.4700000286102295,2.4800000190734863,2.4600000381469727,2.4800000190734863,700.0
2026-05-14 15:57:00,MMA.V,,1.0299999713897705,1.034999966621399,1.0299999713897705,1.034999966621399,5200.0
2026-05-14 15:57:00,NICU.V,,2.609999895095825,2.609999895095825,2.6050000190734863,2.6050000190734863,12900.0
2026-05-14 15:57:00,NURS.V,,4.010000228881836,4.010000228881836,4.010000228881836,4.010000228881836,200.0
2026-05-14 15:57:00,PNG.V,,7.46999979019165,7.480000019073486,7.460000038146973,7.460000038146973,4000.0
2026-05-14 15:57:00,TUF.V,,0.9100000262260437,0.9100000262260437,0.9100000262260437,0.9100000262260437,1500.0
2026-05-14 15:57:00,YGT.V,,0.20499999821186066,0.20499999821186066,0.20499999821186066,0.20499999821186066,500.0
2026-05-14 15:58:00,BIG.V,,0.6700000166893005,0.6700000166893005,0.6700000166893005,0.6700000166893005,500.0
2026-05-14 15:58:00,FAIR.V,,0.06499999761581421,0.06499999761581421,0.06499999761581421,0.06499999761581421,75000.0
2026-05-14 15:58:00,FDR.V,,5.710000038146973,5.710000038146973,5.710000038146973,5.710000038146973,300.0
2026-05-14 15:58:00,FO.V,,0.33500000834465027,0.33500000834465027,0.33500000834465027,0.33500000834465027,1000.0
2026-05-14 15:58:00,FWZ.V,,4.519999980926514,4.519999980926514,4.519999980926514,4.519999980926514,142.0
2026-05-14 15:58:00,GAL.V,,0.5350000262260437,0.5350000262260437,0.5350000262260437,0.5350000262260437,2000.0
2026-05-14 15:58:00,GPH.V,,1.1699999570846558,1.1699999570846558,1.1549999713897705,1.1549999713897705,8600.0
2026-05-14 15:58:00,GQC.V,,0.49000000953674316,0.49000000953674316,0.48500001430511475,0.48500001430511475,3500.0
2026-05-14 15:58:00,HEVI.V,,0.25,0.25,0.25,0.25,13500.0
2026-05-14 15:58:00,HHH.V,,6.389999866485596,6.389999866485596,6.389999866485596,6.389999866485596,100.0
2026-05-14 15:58:00,HI.V,,0.16500000655651093,0.16500000655651093,0.16500000655651093,0.16500000655651093,63500.0
2026-05-14 15:58:00,HITI.V,,3.2799999713897705,3.2799999713897705,3.2799999713897705,3.2799999713897705,100.0
2026-05-14 15:58:00,HSTR.V,,2.255000114440918,2.259999990463257,2.25,2.255000114440918,3800.0
2026-05-14 15:58:00,IFOS.V,,2.549999952316284,2.549999952316284,2.549999952316284,2.549999952316284,3970.0
2026-05-14 15:58:00,KDK.V,,1.0,1.0,1.0,1.0,100.0
2026-05-14 15:58:00,KRI.V,,0.2549999952316284,0.2549999952316284,0.2549999952316284,0.2549999952316284,0.0
2026-05-14 15:58:00,KRY.V,,3.440000057220459,3.440000057220459,3.440000057220459,3.440000057220459,100.0
2026-05-14 15:58:00,LMN.V,,20.149999618530273,20.149999618530273,20.149999618530273,20.149999618530273,200.0
2026-05-14 15:58:00,LVG.V,,0.3499999940395355,0.3499999940395355,0.3449999988079071,0.3449999988079071,4500.0
2026-05-14 15:58:00,MKO.V,,10.859999656677246,10.859999656677246,10.829999923706055,10.829999923706055,300.0
2026-05-14 15:58:00,MLP.V,,2.4600000381469727,2.4700000286102295,2.4600000381469727,2.4700000286102295,800.0
2026-05-14 15:58:00,NICU.V,,2.609999895095825,2.619999885559082,2.5999999046325684,2.6050000190734863,25800.0
2026-05-14 15:58:00,NURS.V,,4.019999980926514,4.019999980926514,4.019999980926514,4.019999980926514,200.0
2026-05-14 15:58:00,PNG.V,,7.46999979019165,7.480000019073486,7.460000038146973,7.480000019073486,770.0
2026-05-14 15:58:00,TUF.V,,0.9200000166893005,0.9200000166893005,0.9100000262260437,0.9100000262260437,36500.0
2026-05-14 15:58:00,ZNG.V,,1.1699999570846558,1.1699999570846558,1.1699999570846558,1.1699999570846558,1800.0
2026-05-14 15:59:00,BIG.V,,0.6650000214576721,0.6650000214576721,0.6600000262260437,0.6650000214576721,5500.0
2026-05-14 15:59:00,EQTY.V,,0.33000001311302185,0.33000001311302185,0.33000001311302185,0.33000001311302185,2000.0
2026-05-14 15:59:00,FCLI.V,,0.44999998807907104,0.44999998807907104,0.44999998807907104,0.44999998807907104,6500.0
2026-05-14 15:59:00,FDR.V,,5.739999771118164,5.75,5.710000038146973,5.710000038146973,3013.0
2026-05-14 15:59:00,FL.V,,0.5600000023841858,0.5699999928474426,0.5600000023841858,0.5699999928474426,5000.0
2026-05-14 15:59:00,FO.V,,0.33000001311302185,0.33000001311302185,0.33000001311302185,0.33000001311302185,150000.0
2026-05-14 15:59:00,FPX.V,,0.5199999809265137,0.5199999809265137,0.5199999809265137,0.5199999809265137,2000.0
2026-05-14 15:59:00,FRED.V,,0.7200000286102295,0.7200000286102295,0.7200000286102295,0.7200000286102295,500.0
2026-05-14 15:59:00,FREQ.V,,0.27000001072883606,0.27000001072883606,0.27000001072883606,0.27000001072883606,500.0
2026-05-14 15:59:00,FUU.V,,0.16500000655651093,0.16500000655651093,0.1599999964237213,0.1599999964237213,38000.0
2026-05-14 15:59:00,FWZ.V,,4.550000190734863,4.550000190734863,4.489999771118164,4.519999980926514,545.0
2026-05-14 15:59:00,GAL.V,,0.5400000214576721,0.5400000214576721,0.5299999713897705,0.5350000262260437,4000.0
2026-05-14 15:59:00,GFG.V,,0.1899999976158142,0.19499999284744263,0.1899999976158142,0.19499999284744263,5500.0
2026-05-14 15:59:00,GGO.V,,1.100000023841858,1.100000023841858,1.100000023841858,1.100000023841858,1800.0
2026-05-14 15:59:00,GOT.V,,1.7100000381469727,1.7100000381469727,1.7100000381469727,1.7100000381469727,1500.0
2026-05-14 15:59:00,GPH.V,,1.1749999523162842,1.1749999523162842,1.1699999570846558,1.1699999570846558,2103.0
2026-05-14 15:59:00,GQC.V,,0.47999998927116394,0.49000000953674316,0.47999998927116394,0.49000000953674316,8500.0
2026-05-14 15:59:00,GRZ.V,,6.53000020980835,6.53000020980835,6.53000020980835,6.53000020980835,1000.0
2026-05-14 15:59:00,GSI.V,,1.2549999952316284,1.2549999952316284,1.2549999952316284,1.2549999952316284,1400.0
2026-05-14 15:59:00,GSR.V,,0.6100000143051147,0.6100000143051147,0.6100000143051147,0.6100000143051147,1500.0
2026-05-14 15:59:00,GWM.V,,0.6100000143051147,0.6100000143051147,0.6100000143051147,0.6100000143051147,1000.0
2026-05-14 15:59:00,HAM.V,,5.099999904632568,5.099999904632568,5.099999904632568,5.099999904632568,100.0
2026-05-14 15:59:00,HAR.V,,0.05000000074505806,0.05000000074505806,0.05000000074505806,0.05000000074505806,25000.0
2026-05-14 15:59:00,HCH.V,,1.8849999904632568,1.8849999904632568,1.8849999904632568,1.8849999904632568,200.0
2026-05-14 15:59:00,HEVI.V,,0.25,0.25,0.25,0.25,9000.0
2026-05-14 15:59:00,HHH.V,,6.389999866485596,6.389999866485596,6.389999866485596,6.389999866485596,100.0
2026-05-14 15:59:00,HITI.V,,3.2699999809265137,3.2699999809265137,3.2699999809265137,3.2699999809265137,200.0
2026-05-14 15:59:00,HME.V,,2.8499999046325684,2.859999895095825,2.8499999046325684,2.859999895095825,1800.0
2026-05-14 15:59:00,HMR.V,,0.8999999761581421,0.8999999761581421,0.8999999761581421,0.8999999761581421,1000.0
2026-05-14 15:59:00,HSTR.V,,2.25,2.259999990463257,2.240000009536743,2.255000114440918,15217.0
2026-05-14 15:59:00,IFOS.V,,2.549999952316284,2.549999952316284,2.549999952316284,2.549999952316284,7700.0
2026-05-14 15:59:00,IPT.V,,0.29499998688697815,0.3050000071525574,0.29499998688697815,0.30000001192092896,65500.0
2026-05-14 15:59:00,KNG.V,,1.350000023841858,1.350000023841858,1.350000023841858,1.350000023841858,3300.0
2026-05-14 15:59:00,KRY.V,,3.4100000858306885,3.450000047683716,3.4100000858306885,3.440000057220459,2655.0
2026-05-14 15:59:00,KTN.V,,1.6100000143051147,1.6200000047683716,1.6050000190734863,1.6050000190734863,2800.0
2026-05-14 15:59:00,LG.V,,0.4300000071525574,0.4300000071525574,0.4300000071525574,0.4300000071525574,10000.0
2026-05-14 15:59:00,LIO.V,,0.15000000596046448,0.15000000596046448,0.15000000596046448,0.15000000596046448,6000.0
2026-05-14 15:59:00,LITH.V,,0.7099999785423279,0.7099999785423279,0.7099999785423279,0.7099999785423279,1500.0
2026-05-14 15:59:00,LMN.V,,20.09000015258789,20.170000076293945,20.079999923706055,20.170000076293945,1963.0
2026-05-14 15:59:00,LQWD.V,,1.1399999856948853,1.1399999856948853,1.1399999856948853,1.1399999856948853,100.0
2026-05-14 15:59:00,LTH.V,,1.059999942779541,1.065000057220459,1.0499999523162842,1.065000057220459,17372.0
2026-05-14 15:59:00,MGM.V,,3.7300000190734863,3.7300000190734863,3.7100000381469727,3.7100000381469727,17200.0
2026-05-14 15:59:00,MJS.V,,0.14499999582767487,0.14499999582767487,0.14499999582767487,0.14499999582767487,500.0
2026-05-14 15:59:00,MKO.V,,10.850000381469727,10.890000343322754,10.850000381469727,10.850000381469727,1817.0
2026-05-14 15:59:00,MLP.V,,2.450000047683716,2.4700000286102295,2.450000047683716,2.4600000381469727,400.0
2026-05-14 15:59:00,MMA.V,,1.0299999713897705,1.0299999713897705,1.0199999809265137,1.0299999713897705,13100.0
2026-05-14 15:59:00,NICU.V,,2.609999895095825,2.619999885559082,2.6050000190734863,2.609999895095825,12500.0
2026-05-14 15:59:00,NURS.V,,4.010000228881836,4.019999980926514,4.010000228881836,4.019999980926514,400.0
2026-05-14 15:59:00,PNG.V,,7.449999809265137,7.46999979019165,7.445000171661377,7.449999809265137,14355.0
2026-05-14 15:59:00,TUF.V,,0.9200000166893005,0.9200000166893005,0.9100000262260437,0.9200000166893005,10000.0
2026-05-14 15:59:00,YGT.V,,0.20000000298023224,0.20499999821186066,0.20000000298023224,0.20499999821186066,2000.0
2026-05-14 15:59:00,ZNG.V,,1.1699999570846558,1.1799999475479126,1.1699999570846558,1.1699999570846558,400.0
