Datetime,Ticker,Adj Close,Close,High,Low,Open,Volume
2026-07-06 09:30:00,AUMB.V,,0.7049999833106995,0.7099999785423279,0.7049999833106995,0.7099999785423279,0.0
2026-07-06 09:30:00,NILI.V,,0.7400000095367432,0.7400000095367432,0.7400000095367432,0.7400000095367432,0.0
2026-07-06 09:30:00,ONE.V,,0.550000011920929,0.550000011920929,0.550000011920929,0.550000011920929,0.0
2026-07-06 09:30:00,RARE.V,,7.650000095367432,7.699999809265137,7.650000095367432,7.699999809265137,0.0
2026-07-06 09:30:00,SURG.V,,0.6100000143051147,0.6200000047683716,0.6100000143051147,0.6200000047683716,0.0
2026-07-06 09:30:00,TAO.V,,0.09000000357627869,0.09000000357627869,0.09000000357627869,0.09000000357627869,0.0
2026-07-06 09:30:00,TBIX.V,,0.009999999776482582,0.009999999776482582,0.009999999776482582,0.009999999776482582,0.0
2026-07-06 09:30:00,TCG-P.V,,0.07500000298023224,0.07500000298023224,0.07500000298023224,0.07500000298023224,0.0
2026-07-06 09:30:00,TDG.V,,0.5299999713897705,0.5299999713897705,0.5199999809265137,0.5199999809265137,0.0
2026-07-06 09:30:00,TECT.V,,2.3499999046325684,2.3499999046325684,2.3499999046325684,2.3499999046325684,0.0
2026-07-06 09:30:00,TELO.V,,0.04500000178813934,0.04500000178813934,0.04500000178813934,0.04500000178813934,0.0
2026-07-06 09:30:00,TGOL.V,,0.10999999940395355,0.10999999940395355,0.10999999940395355,0.10999999940395355,0.0
2026-07-06 09:30:00,THM.V,,1.1399999856948853,1.1399999856948853,1.1399999856948853,1.1399999856948853,0.0
2026-07-06 09:30:00,THRM.V,,0.04500000178813934,0.04500000178813934,0.04500000178813934,0.04500000178813934,0.0
2026-07-06 09:30:00,THX.V,,1.149999976158142,1.149999976158142,1.149999976158142,1.149999976158142,0.0
2026-07-06 09:30:00,TIG.V,,0.6399999856948853,0.6399999856948853,0.6399999856948853,0.6399999856948853,0.0
2026-07-06 09:30:00,TLT.V,,0.25999999046325684,0.25999999046325684,0.25999999046325684,0.25999999046325684,0.0
2026-07-06 09:30:00,TMG.V,,0.1550000011920929,0.1550000011920929,0.1550000011920929,0.1550000011920929,0.0
2026-07-06 09:30:00,TOI.V,,94.23999786376953,94.26000213623047,94.23999786376953,94.25,0.0
2026-07-06 09:30:00,TRO.V,,0.11999999731779099,0.11999999731779099,0.11999999731779099,0.11999999731779099,0.0
2026-07-06 09:30:00,TSLV.V,,0.0949999988079071,0.0949999988079071,0.09000000357627869,0.09000000357627869,0.0
2026-07-06 09:30:00,TTS.V,,3.059999942779541,3.0799999237060547,3.059999942779541,3.0799999237060547,0.0
2026-07-06 09:30:00,TTZ.V,,0.5199999809265137,0.5199999809265137,0.5199999809265137,0.5199999809265137,0.0
2026-07-06 09:30:00,TUD.V,,0.8999999761581421,0.9200000166893005,0.8999999761581421,0.9200000166893005,0.0
2026-07-06 09:30:00,TUK.V,,0.019999999552965164,0.019999999552965164,0.019999999552965164,0.019999999552965164,0.0
2026-07-06 09:30:00,TVI.V,,0.054999999701976776,0.054999999701976776,0.054999999701976776,0.054999999701976776,0.0
2026-07-06 09:30:00,TWO.V,,0.4099999964237213,0.4099999964237213,0.4099999964237213,0.4099999964237213,0.0
2026-07-06 09:30:00,UCU.V,,4.949999809265137,4.949999809265137,4.909999847412109,4.909999847412109,0.0
2026-07-06 09:30:00,USCU.V,,0.15000000596046448,0.15000000596046448,0.15000000596046448,0.15000000596046448,0.0
2026-07-06 09:30:00,USHA.V,,0.054999999701976776,0.054999999701976776,0.054999999701976776,0.054999999701976776,0.0
2026-07-06 09:30:00,VCT.V,,0.11999999731779099,0.11999999731779099,0.11999999731779099,0.11999999731779099,0.0
2026-07-06 09:30:00,VCU.V,,1.1399999856948853,1.149999976158142,1.1399999856948853,1.1399999856948853,0.0
2026-07-06 09:30:00,VIO.V,,0.10999999940395355,0.10999999940395355,0.10999999940395355,0.10999999940395355,0.0
2026-07-06 09:30:00,VLC.V,,0.1899999976158142,0.1899999976158142,0.1899999976158142,0.1899999976158142,0.0
2026-07-06 09:30:00,VLI.V,,0.014999999664723873,0.014999999664723873,0.014999999664723873,0.014999999664723873,0.0
2026-07-06 09:30:00,VLX.V,,0.03500000014901161,0.03500000014901161,0.03500000014901161,0.03500000014901161,0.0
2026-07-06 09:30:00,VM.V,,0.13500000536441803,0.13500000536441803,0.13500000536441803,0.13500000536441803,0.0
2026-07-06 09:30:00,VML.V,,0.3499999940395355,0.36000001430511475,0.3499999940395355,0.36000001430511475,0.0
2026-07-06 09:30:00,VMXX.V,,1.1799999475479126,1.1799999475479126,1.1799999475479126,1.1799999475479126,0.0
2026-07-06 09:30:00,VO.V,,0.07500000298023224,0.07500000298023224,0.07500000298023224,0.07500000298023224,0.0
2026-07-06 09:30:00,VPT.V,,0.10999999940395355,0.10999999940395355,0.10999999940395355,0.10999999940395355,0.0
2026-07-06 09:30:00,VQS.V,,0.09000000357627869,0.09000000357627869,0.09000000357627869,0.09000000357627869,0.0
2026-07-06 09:30:00,VRB.V,,0.0949999988079071,0.0949999988079071,0.0949999988079071,0.0949999988079071,0.0
2026-07-06 09:30:00,VRR.V,,0.0949999988079071,0.0949999988079071,0.0949999988079071,0.0949999988079071,0.0
2026-07-06 09:30:00,VUL.V,,0.45500001311302185,0.45500001311302185,0.45500001311302185,0.45500001311302185,0.0
2026-07-06 09:30:00,VZZ.V,,0.18000000715255737,0.18000000715255737,0.18000000715255737,0.18000000715255737,0.0
2026-07-06 09:30:00,WAM.V,,0.6600000262260437,0.6600000262260437,0.6600000262260437,0.6600000262260437,0.0
2026-07-06 09:30:00,WCU.V,,0.009999999776482582,0.009999999776482582,0.009999999776482582,0.009999999776482582,0.0
2026-07-06 09:30:00,WEX.V,,0.5799999833106995,0.5799999833106995,0.5799999833106995,0.5799999833106995,0.0
2026-07-06 09:30:00,WGO.V,,1.7999999523162842,1.7999999523162842,1.7899999618530273,1.7899999618530273,0.0
2026-07-06 09:30:00,WHN.V,,0.30000001192092896,0.30000001192092896,0.30000001192092896,0.30000001192092896,0.0
2026-07-06 09:30:00,WI.V,,1.0299999713897705,1.0299999713897705,1.0299999713897705,1.0299999713897705,0.0
2026-07-06 09:30:00,WIL.V,,0.38999998569488525,0.38999998569488525,0.38999998569488525,0.38999998569488525,0.0
2026-07-06 09:30:00,WLF.V,,0.06499999761581421,0.06499999761581421,0.06499999761581421,0.06499999761581421,0.0
2026-07-06 09:30:00,WRLG.V,,0.6700000166893005,0.6800000071525574,0.6700000166893005,0.6800000071525574,0.0
2026-07-06 09:30:00,WSK.V,,0.10999999940395355,0.10999999940395355,0.10999999940395355,0.10999999940395355,0.0
2026-07-06 09:30:00,WVM.V,,1.5499999523162842,1.5499999523162842,1.5499999523162842,1.5499999523162842,0.0
2026-07-06 09:30:00,XGC.V,,0.2549999952316284,0.2549999952316284,0.2549999952316284,0.2549999952316284,0.0
2026-07-06 09:30:00,XPLR.V,,0.019999999552965164,0.019999999552965164,0.019999999552965164,0.019999999552965164,0.0
2026-07-06 09:30:00,XTM.V,,0.07500000298023224,0.07500000298023224,0.07500000298023224,0.07500000298023224,0.0
2026-07-06 09:30:00,YNV.V,,0.10000000149011612,0.10000000149011612,0.10000000149011612,0.10000000149011612,0.0
2026-07-06 09:30:00,ZAC.V,,0.07500000298023224,0.07500000298023224,0.07500000298023224,0.07500000298023224,0.0
2026-07-06 09:30:00,ZDC.V,,5.46999979019165,5.46999979019165,5.46999979019165,5.46999979019165,0.0
2026-07-06 09:30:00,ZEN.V,,0.6399999856948853,0.6499999761581421,0.6399999856948853,0.6499999761581421,0.0
2026-07-06 09:30:00,ZMA.V,,0.07000000029802322,0.07000000029802322,0.07000000029802322,0.07000000029802322,0.0
2026-07-06 09:30:00,ZOMD.V,,0.5199999809265137,0.5199999809265137,0.5099999904632568,0.5099999904632568,0.0
2026-07-06 09:31:00,TDG.V,,0.5299999713897705,0.5299999713897705,0.5299999713897705,0.5299999713897705,25000.0
2026-07-06 09:31:00,TGOL.V,,0.11500000208616257,0.11500000208616257,0.11500000208616257,0.11500000208616257,500.0
2026-07-06 09:31:00,TMG.V,,0.16500000655651093,0.16500000655651093,0.1599999964237213,0.1599999964237213,43506.0
2026-07-06 09:31:00,UCU.V,,4.909999847412109,4.909999847412109,4.909999847412109,4.909999847412109,1000.0
2026-07-06 09:31:00,WEB.V,,1.0499999523162842,1.0499999523162842,1.0499999523162842,1.0499999523162842,0.0
2026-07-06 09:31:00,WHN.V,,0.29499998688697815,0.29499998688697815,0.29499998688697815,0.29499998688697815,3000.0
2026-07-06 09:31:00,WRLG.V,,0.6600000262260437,0.6600000262260437,0.6600000262260437,0.6600000262260437,4000.0
2026-07-06 09:31:00,ZOMD.V,,0.5299999713897705,0.5299999713897705,0.5299999713897705,0.5299999713897705,10175.0
2026-07-06 09:32:00,TECT.V,,2.3499999046325684,2.3499999046325684,2.3499999046325684,2.3499999046325684,6700.0
2026-07-06 09:32:00,TGOL.V,,0.10999999940395355,0.10999999940395355,0.10999999940395355,0.10999999940395355,30000.0
2026-07-06 09:32:00,TLT.V,,0.25999999046325684,0.25999999046325684,0.25999999046325684,0.25999999046325684,23500.0
2026-07-06 09:32:00,UCU.V,,4.889999866485596,4.900000095367432,4.889999866485596,4.900000095367432,200.0
2026-07-06 09:32:00,VCU.V,,1.0700000524520874,1.0800000429153442,1.0700000524520874,1.0800000429153442,6000.0
2026-07-06 09:32:00,WEB.V,,1.0499999523162842,1.0499999523162842,1.0499999523162842,1.0499999523162842,1057.0
2026-07-06 09:32:00,WEX.V,,0.5699999928474426,0.5699999928474426,0.5699999928474426,0.5699999928474426,13500.0
2026-07-06 09:32:00,WGO.V,,1.809999942779541,1.809999942779541,1.809999942779541,1.809999942779541,100.0
2026-07-06 09:32:00,WIL.V,,0.3499999940395355,0.36000001430511475,0.3499999940395355,0.36000001430511475,4000.0
2026-07-06 09:32:00,WP.V,,0.12999999523162842,0.12999999523162842,0.12999999523162842,0.12999999523162842,0.0
2026-07-06 09:32:00,WRLG.V,,0.6600000262260437,0.6700000166893005,0.6600000262260437,0.6700000166893005,42600.0
2026-07-06 09:32:00,ZOMD.V,,0.5400000214576721,0.5400000214576721,0.5400000214576721,0.5400000214576721,5000.0
2026-07-06 09:33:00,AUMB.V,,0.7049999833106995,0.7049999833106995,0.7049999833106995,0.7049999833106995,2500.0
2026-07-06 09:33:00,NILI.V,,0.7300000190734863,0.7300000190734863,0.7300000190734863,0.7300000190734863,1000.0
2026-07-06 09:33:00,SURG.V,,0.6000000238418579,0.6000000238418579,0.6000000238418579,0.6000000238418579,5500.0
2026-07-06 09:33:00,TECT.V,,2.3399999141693115,2.3399999141693115,2.3399999141693115,2.3399999141693115,100.0
2026-07-06 09:33:00,TOI.V,,94.0,94.23999786376953,94.0,94.23999786376953,966.0
2026-07-06 09:33:00,ZEN.V,,0.6600000262260437,0.6600000262260437,0.6600000262260437,0.6600000262260437,8230.0
2026-07-06 09:33:00,ZOMD.V,,0.550000011920929,0.550000011920929,0.5400000214576721,0.5400000214576721,18800.0
2026-07-06 09:34:00,THX.V,,1.1299999952316284,1.1299999952316284,1.1299999952316284,1.1299999952316284,1000.0
2026-07-06 09:34:00,VCT.V,,0.10499999672174454,0.10499999672174454,0.10499999672174454,0.10499999672174454,15000.0
2026-07-06 09:35:00,AUMB.V,,0.6949999928474426,0.699999988079071,0.6949999928474426,0.699999988079071,33742.0
2026-07-06 09:35:00,ONE.V,,0.5400000214576721,0.5400000214576721,0.5400000214576721,0.5400000214576721,1034.0
2026-07-06 09:35:00,THX.V,,1.1299999952316284,1.1299999952316284,1.1299999952316284,1.1299999952316284,900.0
2026-07-06 09:35:00,UCU.V,,4.849999904632568,4.909999847412109,4.849999904632568,4.909999847412109,8587.0
2026-07-06 09:35:00,VCT.V,,0.10499999672174454,0.10499999672174454,0.10499999672174454,0.10499999672174454,5000.0
2026-07-06 09:35:00,VCV.V,,0.05999999865889549,0.05999999865889549,0.05999999865889549,0.05999999865889549,0.0
2026-07-06 09:36:00,AUMB.V,,0.6949999928474426,0.6949999928474426,0.6949999928474426,0.6949999928474426,2000.0
2026-07-06 09:36:00,WHN.V,,0.30000001192092896,0.30000001192092896,0.30000001192092896,0.30000001192092896,15500.0
2026-07-06 09:37:00,TOI.V,,92.55999755859375,92.55999755859375,92.55999755859375,92.55999755859375,100.0
2026-07-06 09:37:00,TUD.V,,0.8999999761581421,0.8999999761581421,0.8999999761581421,0.8999999761581421,80016.0
2026-07-06 09:37:00,TUO.V,,1.8899999856948853,1.8899999856948853,1.8899999856948853,1.8899999856948853,0.0
2026-07-06 09:37:00,UCU.V,,4.840000152587891,4.849999904632568,4.840000152587891,4.849999904632568,800.0
2026-07-06 09:37:00,UGD.V,,0.22499999403953552,0.23000000417232513,0.22499999403953552,0.23000000417232513,0.0
2026-07-06 09:37:00,WGO.V,,1.7999999523162842,1.7999999523162842,1.7999999523162842,1.7999999523162842,4100.0
2026-07-06 09:37:00,Z-H.V,,0.1899999976158142,0.1899999976158142,0.1899999976158142,0.1899999976158142,0.0
2026-07-06 09:38:00,AUMB.V,,0.6899999976158142,0.6899999976158142,0.6899999976158142,0.6899999976158142,16500.0
2026-07-06 09:38:00,NILI.V,,0.7300000190734863,0.7300000190734863,0.7300000190734863,0.7300000190734863,1000.0
2026-07-06 09:38:00,TOI.V,,91.7300033569336,92.54000091552734,91.7300033569336,92.54000091552734,1425.0
2026-07-06 09:38:00,TUD.V,,0.8999999761581421,0.8999999761581421,0.8999999761581421,0.8999999761581421,1500.0
2026-07-06 09:38:00,VCU.V,,1.090000033378601,1.090000033378601,1.090000033378601,1.090000033378601,1200.0
2026-07-06 09:38:00,VIO.V,,0.10999999940395355,0.10999999940395355,0.10999999940395355,0.10999999940395355,2000.0
2026-07-06 09:38:00,ZOMD.V,,0.5600000023841858,0.5600000023841858,0.5600000023841858,0.5600000023841858,2200.0
2026-07-06 09:39:00,TMET.V,,0.10000000149011612,0.10000000149011612,0.10000000149011612,0.10000000149011612,0.0
2026-07-06 09:39:00,TOI.V,,91.73999786376953,91.73999786376953,91.73999786376953,91.73999786376953,147.0
2026-07-06 09:39:00,TUD.V,,0.8999999761581421,0.8999999761581421,0.8999999761581421,0.8999999761581421,33500.0
2026-07-06 09:39:00,VCT.V,,0.10499999672174454,0.10499999672174454,0.10499999672174454,0.10499999672174454,5000.0
2026-07-06 09:39:00,VIZ.V,,0.23999999463558197,0.23999999463558197,0.23999999463558197,0.23999999463558197,0.0
2026-07-06 09:39:00,WRLG.V,,0.6700000166893005,0.6700000166893005,0.6650000214576721,0.6650000214576721,14000.0
2026-07-06 09:40:00,AUMB.V,,0.6899999976158142,0.6899999976158142,0.6899999976158142,0.6899999976158142,500.0
2026-07-06 09:40:00,NILI.V,,0.7400000095367432,0.7400000095367432,0.7400000095367432,0.7400000095367432,6000.0
2026-07-06 09:40:00,THX.V,,1.1200000047683716,1.1200000047683716,1.1200000047683716,1.1200000047683716,15120.0
2026-07-06 09:40:00,TTS.V,,3.049999952316284,3.049999952316284,3.049999952316284,3.049999952316284,1000.0
2026-07-06 09:41:00,AUMB.V,,0.6850000023841858,0.6899999976158142,0.6850000023841858,0.6899999976158142,6000.0
2026-07-06 09:41:00,TUD.V,,0.8999999761581421,0.8999999761581421,0.8999999761581421,0.8999999761581421,7800.0
2026-07-06 09:41:00,UCU.V,,4.860000133514404,4.869999885559082,4.855000019073486,4.869999885559082,1700.0
2026-07-06 09:41:00,UFC.V,,0.8600000143051147,0.8600000143051147,0.8600000143051147,0.8600000143051147,0.0
2026-07-06 09:41:00,VZZ.V,,0.18000000715255737,0.18000000715255737,0.18000000715255737,0.18000000715255737,560.0
2026-07-06 09:42:00,AUMB.V,,0.6850000023841858,0.6899999976158142,0.6850000023841858,0.6899999976158142,6000.0
2026-07-06 09:42:00,TAJ.V,,0.20499999821186066,0.20499999821186066,0.20499999821186066,0.20499999821186066,0.0
2026-07-06 09:42:00,TVI.V,,0.05999999865889549,0.05999999865889549,0.05999999865889549,0.05999999865889549,50000.0
2026-07-06 09:42:00,UCU.V,,4.849999904632568,4.849999904632568,4.849999904632568,4.849999904632568,230.0
2026-07-06 09:42:00,ZDC.V,,5.489999771118164,5.489999771118164,5.489999771118164,5.489999771118164,25000.0
2026-07-06 09:43:00,TIG.V,,0.6499999761581421,0.6499999761581421,0.6499999761581421,0.6499999761581421,500.0
2026-07-06 09:43:00,TLT.V,,0.2549999952316284,0.25999999046325684,0.2549999952316284,0.25999999046325684,5500.0
2026-07-06 09:43:00,UCU.V,,4.820000171661377,4.840000152587891,4.820000171661377,4.840000152587891,2799.0
2026-07-06 09:43:00,VML.V,,0.36000001430511475,0.36000001430511475,0.35499998927116394,0.35499998927116394,114500.0
2026-07-06 09:43:00,WGO.V,,1.7999999523162842,1.7999999523162842,1.7999999523162842,1.7999999523162842,300.0
2026-07-06 09:43:00,XPLR.V,,0.019999999552965164,0.019999999552965164,0.019999999552965164,0.019999999552965164,21000.0
2026-07-06 09:44:00,AUMB.V,,0.6899999976158142,0.6899999976158142,0.6899999976158142,0.6899999976158142,500.0
2026-07-06 09:44:00,TOI.V,,92.72000122070312,92.7300033569336,92.72000122070312,92.7300033569336,250.0
2026-07-06 09:44:00,TUD.V,,0.8999999761581421,0.8999999761581421,0.8999999761581421,0.8999999761581421,7500.0
2026-07-06 09:44:00,UCU.V,,4.860000133514404,4.860000133514404,4.820000171661377,4.820000171661377,400.0
2026-07-06 09:44:00,WCU.V,,0.009999999776482582,0.009999999776482582,0.009999999776482582,0.009999999776482582,1000.0
2026-07-06 09:44:00,WHY.V,,0.32499998807907104,0.32499998807907104,0.32499998807907104,0.32499998807907104,0.0
2026-07-06 09:44:00,WRLG.V,,0.6600000262260437,0.6600000262260437,0.6600000262260437,0.6600000262260437,1800.0
2026-07-06 09:45:00,TMG.V,,0.1599999964237213,0.1599999964237213,0.1599999964237213,0.1599999964237213,943.0
2026-07-06 09:45:00,WGO.V,,1.7999999523162842,1.7999999523162842,1.7999999523162842,1.7999999523162842,1900.0
2026-07-06 09:46:00,AUMB.V,,0.6899999976158142,0.6899999976158142,0.6899999976158142,0.6899999976158142,500.0
2026-07-06 09:46:00,TTS.V,,3.0,3.049999952316284,3.0,3.049999952316284,402.0
2026-07-06 09:46:00,UCU.V,,4.849999904632568,4.849999904632568,4.829999923706055,4.840000152587891,1000.0
2026-07-06 09:46:00,WGO.V,,1.7899999618530273,1.7999999523162842,1.7799999713897705,1.7999999523162842,10274.0
2026-07-06 09:46:00,WHY.V,,0.32499998807907104,0.32499998807907104,0.32499998807907104,0.32499998807907104,2500.0
2026-07-06 09:46:00,ZDC.V,,5.5,5.510000228881836,5.5,5.510000228881836,300.0
2026-07-06 09:47:00,TIG.V,,0.6399999856948853,0.6399999856948853,0.6399999856948853,0.6399999856948853,500.0
2026-07-06 09:47:00,TTS.V,,2.950000047683716,2.950000047683716,2.950000047683716,2.950000047683716,1000.0
2026-07-06 09:47:00,UCU.V,,4.849999904632568,4.849999904632568,4.849999904632568,4.849999904632568,200.0
2026-07-06 09:48:00,SURG.V,,0.5899999737739563,0.5899999737739563,0.5899999737739563,0.5899999737739563,500.0
2026-07-06 09:48:00,TLT.V,,0.25999999046325684,0.25999999046325684,0.25999999046325684,0.25999999046325684,3000.0
2026-07-06 09:48:00,TWR.V,,0.16500000655651093,0.16500000655651093,0.16500000655651093,0.16500000655651093,0.0
2026-07-06 09:48:00,ZOMD.V,,0.5600000023841858,0.5600000023841858,0.5600000023841858,0.5600000023841858,1000.0
2026-07-06 09:49:00,AUMB.V,,0.6899999976158142,0.6899999976158142,0.6899999976158142,0.6899999976158142,5000.0
2026-07-06 09:49:00,SURG.V,,0.5899999737739563,0.5899999737739563,0.5899999737739563,0.5899999737739563,4500.0
2026-07-06 09:49:00,TAO.V,,0.08500000089406967,0.08500000089406967,0.08500000089406967,0.08500000089406967,80000.0
2026-07-06 09:49:00,UCU.V,,4.840000152587891,4.840000152587891,4.840000152587891,4.840000152587891,300.0
2026-07-06 09:49:00,ZDC.V,,5.5,5.519999980926514,5.5,5.519999980926514,2900.0
2026-07-06 09:50:00,AUMB.V,,0.6899999976158142,0.6899999976158142,0.6899999976158142,0.6899999976158142,1000.0
2026-07-06 09:50:00,THX.V,,1.1050000190734863,1.1150000095367432,1.1050000190734863,1.1150000095367432,7400.0
2026-07-06 09:50:00,TK.V,,0.4050000011920929,0.4050000011920929,0.4050000011920929,0.4050000011920929,0.0
2026-07-06 09:50:00,ZEN.V,,0.6800000071525574,0.6800000071525574,0.6800000071525574,0.6800000071525574,3000.0
2026-07-06 09:50:00,ZOMD.V,,0.5649999976158142,0.5649999976158142,0.5600000023841858,0.5600000023841858,16000.0
2026-07-06 09:51:00,TK.V,,0.4000000059604645,0.4000000059604645,0.4000000059604645,0.4000000059604645,4000.0
2026-07-06 09:51:00,ZOMD.V,,0.5600000023841858,0.5600000023841858,0.5600000023841858,0.5600000023841858,3000.0
2026-07-06 09:52:00,AUMB.V,,0.6899999976158142,0.6899999976158142,0.6850000023841858,0.6899999976158142,3505.0
2026-07-06 09:52:00,THX.V,,1.1050000190734863,1.1050000190734863,1.1050000190734863,1.1050000190734863,3700.0
2026-07-06 09:52:00,TOI.V,,93.4000015258789,93.4000015258789,93.4000015258789,93.4000015258789,117.0
2026-07-06 09:52:00,UCU.V,,4.860000133514404,4.860000133514404,4.860000133514404,4.860000133514404,179.0
2026-07-06 09:53:00,THX.V,,1.1050000190734863,1.1050000190734863,1.1050000190734863,1.1050000190734863,200.0
2026-07-06 09:53:00,TUD.V,,0.8999999761581421,0.8999999761581421,0.8999999761581421,0.8999999761581421,12129.0
2026-07-06 09:53:00,WGO.V,,1.7999999523162842,1.7999999523162842,1.7899999618530273,1.7899999618530273,4673.0
2026-07-06 09:53:00,WHN.V,,0.30000001192092896,0.30000001192092896,0.30000001192092896,0.30000001192092896,50000.0
2026-07-06 09:53:00,ZEN.V,,0.6700000166893005,0.6700000166893005,0.6700000166893005,0.6700000166893005,1000.0
2026-07-06 09:53:00,ZOMD.V,,0.5600000023841858,0.5600000023841858,0.5600000023841858,0.5600000023841858,500.0
2026-07-06 09:54:00,TOI.V,,92.72000122070312,92.72000122070312,92.72000122070312,92.72000122070312,105.0
2026-07-06 09:54:00,VO.V,,0.07999999821186066,0.07999999821186066,0.07999999821186066,0.07999999821186066,1000.0
2026-07-06 09:54:00,WAM.V,,0.6600000262260437,0.6600000262260437,0.6600000262260437,0.6600000262260437,4000.0
2026-07-06 09:54:00,WRLG.V,,0.6650000214576721,0.6650000214576721,0.6650000214576721,0.6650000214576721,1000.0
2026-07-06 09:54:00,ZOMD.V,,0.550000011920929,0.550000011920929,0.550000011920929,0.550000011920929,2500.0
2026-07-06 09:55:00,TECT.V,,2.3499999046325684,2.3499999046325684,2.3499999046325684,2.3499999046325684,700.0
2026-07-06 09:55:00,ZOMD.V,,0.550000011920929,0.550000011920929,0.550000011920929,0.550000011920929,1500.0
2026-07-06 09:56:00,AUMB.V,,0.6899999976158142,0.6899999976158142,0.6899999976158142,0.6899999976158142,3025.0
2026-07-06 09:56:00,THX.V,,1.100000023841858,1.100000023841858,1.100000023841858,1.100000023841858,1000.0
2026-07-06 09:56:00,TK.V,,0.38999998569488525,0.38999998569488525,0.38999998569488525,0.38999998569488525,1000.0
2026-07-06 09:56:00,UCU.V,,4.829999923706055,4.829999923706055,4.78000020980835,4.820000171661377,1300.0
2026-07-06 09:56:00,WIL.V,,0.36000001430511475,0.36000001430511475,0.36000001430511475,0.36000001430511475,2500.0
2026-07-06 09:57:00,NILI.V,,0.7300000190734863,0.7300000190734863,0.7300000190734863,0.7300000190734863,18650.0
2026-07-06 09:57:00,SURG.V,,0.5799999833106995,0.5799999833106995,0.5799999833106995,0.5799999833106995,11000.0
2026-07-06 09:57:00,TMET.V,,0.10000000149011612,0.10000000149011612,0.10000000149011612,0.10000000149011612,1000.0
2026-07-06 09:57:00,TWR.V,,0.16500000655651093,0.16500000655651093,0.16500000655651093,0.16500000655651093,3500.0
2026-07-06 09:57:00,VCU.V,,1.090000033378601,1.090000033378601,1.090000033378601,1.090000033378601,500.0
2026-07-06 09:57:00,WHN.V,,0.30000001192092896,0.30000001192092896,0.30000001192092896,0.30000001192092896,25000.0
2026-07-06 09:57:00,WHY.V,,0.32499998807907104,0.32499998807907104,0.32499998807907104,0.32499998807907104,5000.0
2026-07-06 09:58:00,SURG.V,,0.5699999928474426,0.5799999833106995,0.5699999928474426,0.5799999833106995,37500.0
2026-07-06 09:58:00,SYG.V,,0.04500000178813934,0.04500000178813934,0.04500000178813934,0.04500000178813934,0.0
2026-07-06 09:58:00,THX.V,,1.100000023841858,1.100000023841858,1.100000023841858,1.100000023841858,800.0
2026-07-06 09:58:00,WRLG.V,,0.6650000214576721,0.6650000214576721,0.6650000214576721,0.6650000214576721,500.0
2026-07-06 09:58:00,ZDC.V,,5.480000019073486,5.480000019073486,5.480000019073486,5.480000019073486,900.0
2026-07-06 09:59:00,WMK.V,,0.13500000536441803,0.13500000536441803,0.13500000536441803,0.13500000536441803,0.0
2026-07-06 10:01:00,UCU.V,,4.75,4.820000171661377,4.75,4.820000171661377,10600.0
2026-07-06 10:02:00,NILI.V,,0.7300000190734863,0.7300000190734863,0.7300000190734863,0.7300000190734863,4941.0
2026-07-06 10:02:00,THX.V,,1.100000023841858,1.100000023841858,1.100000023841858,1.100000023841858,3700.0
2026-07-06 10:02:00,TOI.V,,92.66000366210938,92.66000366210938,92.66000366210938,92.66000366210938,100.0
2026-07-06 10:02:00,UCU.V,,4.75,4.75,4.75,4.75,100.0
2026-07-06 10:02:00,VCT.V,,0.10499999672174454,0.10499999672174454,0.10499999672174454,0.10499999672174454,3000.0
2026-07-06 10:02:00,VCU.V,,1.090000033378601,1.090000033378601,1.090000033378601,1.090000033378601,100.0
2026-07-06 10:03:00,UCU.V,,4.730000019073486,4.75,4.730000019073486,4.75,4700.0
2026-07-06 10:03:00,VCT.V,,0.10499999672174454,0.10499999672174454,0.10499999672174454,0.10499999672174454,2000.0
2026-07-06 10:04:00,THX.V,,1.100000023841858,1.100000023841858,1.100000023841858,1.100000023841858,700.0
2026-07-06 10:04:00,TUD.V,,0.8999999761581421,0.8999999761581421,0.8999999761581421,0.8999999761581421,1000.0
2026-07-06 10:04:00,VM.V,,0.13500000536441803,0.13500000536441803,0.13500000536441803,0.13500000536441803,10000.0
2026-07-06 10:04:00,WRLG.V,,0.6600000262260437,0.6650000214576721,0.6600000262260437,0.6650000214576721,15000.0
2026-07-06 10:05:00,TNR.V,,0.2549999952316284,0.2549999952316284,0.2549999952316284,0.2549999952316284,0.0
2026-07-06 10:05:00,TTG.V,,0.125,0.125,0.125,0.125,0.0
2026-07-06 10:05:00,TVI.V,,0.05999999865889549,0.05999999865889549,0.05999999865889549,0.05999999865889549,4000.0
2026-07-06 10:05:00,WRLG.V,,0.6600000262260437,0.6600000262260437,0.6600000262260437,0.6600000262260437,15500.0
2026-07-06 10:05:00,ZEN.V,,0.6600000262260437,0.6600000262260437,0.6600000262260437,0.6600000262260437,8500.0
2026-07-06 10:06:00,TDG.V,,0.5,0.5,0.5,0.5,4000.0
2026-07-06 10:06:00,TECT.V,,2.3499999046325684,2.3499999046325684,2.3499999046325684,2.3499999046325684,1400.0
2026-07-06 10:06:00,THX.V,,1.1050000190734863,1.1050000190734863,1.1050000190734863,1.1050000190734863,100.0
2026-07-06 10:06:00,TOI.V,,92.75,92.76000213623047,92.75,92.76000213623047,700.0
2026-07-06 10:06:00,UCU.V,,4.739999771118164,4.75,4.739999771118164,4.75,900.0
2026-07-06 10:06:00,ZDC.V,,5.5,5.5,5.5,5.5,500.0
2026-07-06 10:06:00,ZOMD.V,,0.550000011920929,0.550000011920929,0.550000011920929,0.550000011920929,500.0
2026-07-06 10:07:00,AUMB.V,,0.6850000023841858,0.6850000023841858,0.6850000023841858,0.6850000023841858,1000.0
2026-07-06 10:07:00,TOI.V,,92.75,92.75,92.75,92.75,207.0
2026-07-06 10:07:00,UCU.V,,4.730000019073486,4.730000019073486,4.730000019073486,4.730000019073486,500.0
2026-07-06 10:07:00,WHN.V,,0.30000001192092896,0.30000001192092896,0.30000001192092896,0.30000001192092896,50000.0
2026-07-06 10:07:00,WRLG.V,,0.6600000262260437,0.6650000214576721,0.6600000262260437,0.6650000214576721,58460.0
2026-07-06 10:07:00,ZDC.V,,5.510000228881836,5.519999980926514,5.5,5.5,5700.0
2026-07-06 10:08:00,SURG.V,,0.5699999928474426,0.5699999928474426,0.5699999928474426,0.5699999928474426,21000.0
2026-07-06 10:08:00,UCU.V,,4.71999979019165,4.71999979019165,4.71999979019165,4.71999979019165,300.0
2026-07-06 10:08:00,VCU.V,,1.0800000429153442,1.0800000429153442,1.0800000429153442,1.0800000429153442,15000.0
2026-07-06 10:08:00,WGO.V,,1.7899999618530273,1.7899999618530273,1.7899999618530273,1.7899999618530273,4600.0
2026-07-06 10:08:00,WRLG.V,,0.6549999713897705,0.6600000262260437,0.6549999713897705,0.6600000262260437,1500.0
2026-07-06 10:08:00,ZOMD.V,,0.5400000214576721,0.550000011920929,0.5400000214576721,0.550000011920929,6000.0
2026-07-06 10:09:00,AUMB.V,,0.6899999976158142,0.6899999976158142,0.6899999976158142,0.6899999976158142,4000.0
2026-07-06 10:09:00,TUD.V,,0.8999999761581421,0.8999999761581421,0.8999999761581421,0.8999999761581421,500.0
2026-07-06 10:09:00,UCU.V,,4.71999979019165,4.71999979019165,4.71999979019165,4.71999979019165,162.0
2026-07-06 10:09:00,VCT.V,,0.10499999672174454,0.10499999672174454,0.10499999672174454,0.10499999672174454,1000.0
2026-07-06 10:09:00,WHN.V,,0.30000001192092896,0.30000001192092896,0.30000001192092896,0.30000001192092896,25000.0
2026-07-06 10:09:00,ZDC.V,,5.5,5.5,5.5,5.5,1000.0
2026-07-06 10:09:00,ZOMD.V,,0.550000011920929,0.550000011920929,0.550000011920929,0.550000011920929,10500.0
2026-07-06 10:10:00,THX.V,,1.100000023841858,1.100000023841858,1.100000023841858,1.100000023841858,4700.0
2026-07-06 10:10:00,UCU.V,,4.71999979019165,4.71999979019165,4.710000038146973,4.71999979019165,13763.0
2026-07-06 10:10:00,VM.V,,0.13500000536441803,0.13500000536441803,0.13500000536441803,0.13500000536441803,9500.0
2026-07-06 10:10:00,WAM.V,,0.6700000166893005,0.6700000166893005,0.6700000166893005,0.6700000166893005,1000.0
2026-07-06 10:11:00,UCU.V,,4.679999828338623,4.710000038146973,4.679999828338623,4.710000038146973,2900.0
2026-07-06 10:11:00,WGO.V,,1.7899999618530273,1.7899999618530273,1.7899999618530273,1.7899999618530273,1500.0
2026-07-06 10:11:00,WRLG.V,,0.6600000262260437,0.6600000262260437,0.6499999761581421,0.6499999761581421,8000.0
2026-07-06 10:12:00,TSLV.V,,0.0949999988079071,0.0949999988079071,0.0949999988079071,0.0949999988079071,15000.0
2026-07-06 10:12:00,UCU.V,,4.690000057220459,4.690000057220459,4.690000057220459,4.690000057220459,281.0
2026-07-06 10:12:00,WRLG.V,,0.6549999713897705,0.6549999713897705,0.6549999713897705,0.6549999713897705,500.0
2026-07-06 10:12:00,ZOMD.V,,0.5699999928474426,0.5699999928474426,0.5600000023841858,0.5600000023841858,24800.0
2026-07-06 10:13:00,TMG.V,,0.1599999964237213,0.1599999964237213,0.1599999964237213,0.1599999964237213,1000.0
2026-07-06 10:13:00,UCU.V,,4.690000057220459,4.699999809265137,4.690000057220459,4.699999809265137,1799.0
2026-07-06 10:14:00,SURG.V,,0.5699999928474426,0.5699999928474426,0.5699999928474426,0.5699999928474426,6000.0
2026-07-06 10:14:00,UCU.V,,4.690000057220459,4.690000057220459,4.690000057220459,4.690000057220459,800.0
2026-07-06 10:15:00,UCU.V,,4.690000057220459,4.690000057220459,4.690000057220459,4.690000057220459,500.0
2026-07-06 10:15:00,WCU.V,,0.009999999776482582,0.009999999776482582,0.009999999776482582,0.009999999776482582,118000.0
2026-07-06 10:15:00,ZDC.V,,5.5,5.510000228881836,5.5,5.510000228881836,1700.0
2026-07-06 10:15:00,ZOMD.V,,0.5699999928474426,0.5699999928474426,0.5699999928474426,0.5699999928474426,4000.0
2026-07-06 10:16:00,AUMB.V,,0.6850000023841858,0.6850000023841858,0.6850000023841858,0.6850000023841858,500.0
2026-07-06 10:16:00,THX.V,,1.090000033378601,1.100000023841858,1.090000033378601,1.100000023841858,24516.0
2026-07-06 10:16:00,UCU.V,,4.679999828338623,4.679999828338623,4.679999828338623,4.679999828338623,3319.0
2026-07-06 10:17:00,AUMB.V,,0.6850000023841858,0.6850000023841858,0.6850000023841858,0.6850000023841858,500.0
2026-07-06 10:17:00,UCU.V,,4.679999828338623,4.679999828338623,4.679999828338623,4.679999828338623,1000.0
2026-07-06 10:17:00,ZDC.V,,5.5,5.510000228881836,5.5,5.510000228881836,5400.0
2026-07-06 10:17:00,ZOMD.V,,0.5699999928474426,0.5699999928474426,0.5699999928474426,0.5699999928474426,5000.0
2026-07-06 10:18:00,TDG.V,,0.5099999904632568,0.5099999904632568,0.5099999904632568,0.5099999904632568,500.0
2026-07-06 10:18:00,TMET.V,,0.10000000149011612,0.10000000149011612,0.10000000149011612,0.10000000149011612,4500.0
2026-07-06 10:18:00,TNR.V,,0.2549999952316284,0.2549999952316284,0.2549999952316284,0.2549999952316284,500.0
2026-07-06 10:18:00,TOI.V,,92.5,92.75,92.5,92.75,436.0
2026-07-06 10:18:00,TSLV.V,,0.10000000149011612,0.10000000149011612,0.0949999988079071,0.0949999988079071,8000.0
2026-07-06 10:18:00,UCU.V,,4.679999828338623,4.679999828338623,4.679999828338623,4.679999828338623,7000.0
2026-07-06 10:18:00,XIM.V,,0.09000000357627869,0.09000000357627869,0.09000000357627869,0.09000000357627869,0.0
2026-07-06 10:18:00,ZOMD.V,,0.5699999928474426,0.5699999928474426,0.5699999928474426,0.5699999928474426,1000.0
2026-07-06 10:19:00,TECT.V,,2.3299999237060547,2.3299999237060547,2.3299999237060547,2.3299999237060547,500.0
2026-07-06 10:19:00,TMET.V,,0.10999999940395355,0.10999999940395355,0.10499999672174454,0.10499999672174454,119500.0
2026-07-06 10:19:00,VCU.V,,1.0700000524520874,1.0700000524520874,1.0700000524520874,1.0700000524520874,1000.0
2026-07-06 10:20:00,AUMB.V,,0.6899999976158142,0.6899999976158142,0.6850000023841858,0.6899999976158142,2000.0
2026-07-06 10:20:00,TOI.V,,92.56999969482422,92.56999969482422,92.56999969482422,92.56999969482422,324.0
2026-07-06 10:20:00,UCU.V,,4.690000057220459,4.690000057220459,4.679999828338623,4.679999828338623,1300.0
2026-07-06 10:20:00,USCU.V,,0.1550000011920929,0.1550000011920929,0.1550000011920929,0.1550000011920929,20000.0
2026-07-06 10:21:00,AUMB.V,,0.6899999976158142,0.6899999976158142,0.6899999976158142,0.6899999976158142,500.0
2026-07-06 10:21:00,XGC.V,,0.25,0.25,0.25,0.25,4000.0
2026-07-06 10:21:00,ZDC.V,,5.489999771118164,5.5,5.489999771118164,5.5,400.0
2026-07-06 10:21:00,ZOMD.V,,0.5699999928474426,0.5699999928474426,0.5699999928474426,0.5699999928474426,2000.0
2026-07-06 10:22:00,NILI.V,,0.7300000190734863,0.7300000190734863,0.7300000190734863,0.7300000190734863,18500.0
2026-07-06 10:22:00,UCU.V,,4.699999809265137,4.699999809265137,4.699999809265137,4.699999809265137,600.0
2026-07-06 10:22:00,ZDC.V,,5.489999771118164,5.489999771118164,5.489999771118164,5.489999771118164,100.0
2026-07-06 10:22:00,ZOMD.V,,0.5699999928474426,0.5699999928474426,0.5699999928474426,0.5699999928474426,6500.0
2026-07-06 10:23:00,AUMB.V,,0.6899999976158142,0.6899999976158142,0.6899999976158142,0.6899999976158142,3500.0
2026-07-06 10:23:00,WRLG.V,,0.6499999761581421,0.6549999713897705,0.6499999761581421,0.6549999713897705,30000.0
2026-07-06 10:23:00,ZDC.V,,5.489999771118164,5.489999771118164,5.489999771118164,5.489999771118164,861.0
2026-07-06 10:24:00,AUMB.V,,0.6850000023841858,0.6899999976158142,0.6850000023841858,0.6899999976158142,8000.0
2026-07-06 10:24:00,NILI.V,,0.7300000190734863,0.7300000190734863,0.7300000190734863,0.7300000190734863,4500.0
2026-07-06 10:24:00,SURG.V,,0.5699999928474426,0.5699999928474426,0.5699999928474426,0.5699999928474426,10000.0
2026-07-06 10:24:00,UCU.V,,4.699999809265137,4.710000038146973,4.699999809265137,4.710000038146973,4200.0
2026-07-06 10:24:00,WRLG.V,,0.6499999761581421,0.6499999761581421,0.6499999761581421,0.6499999761581421,35000.0
2026-07-06 10:25:00,AUMB.V,,0.6899999976158142,0.6899999976158142,0.6899999976158142,0.6899999976158142,1000.0
2026-07-06 10:25:00,TLT.V,,0.25999999046325684,0.25999999046325684,0.25999999046325684,0.25999999046325684,1000.0
2026-07-06 10:25:00,TOI.V,,91.72000122070312,92.0,91.72000122070312,92.0,1455.0
2026-07-06 10:25:00,VCU.V,,1.0700000524520874,1.0700000524520874,1.0700000524520874,1.0700000524520874,5000.0
2026-07-06 10:25:00,ZEN.V,,0.6499999761581421,0.6499999761581421,0.6499999761581421,0.6499999761581421,3000.0
2026-07-06 10:26:00,AUMB.V,,0.6899999976158142,0.6899999976158142,0.6899999976158142,0.6899999976158142,500.0
2026-07-06 10:26:00,NILI.V,,0.7300000190734863,0.7300000190734863,0.7300000190734863,0.7300000190734863,1000.0
2026-07-06 10:27:00,AUMB.V,,0.6850000023841858,0.6899999976158142,0.6850000023841858,0.6899999976158142,1000.0
2026-07-06 10:27:00,WRLG.V,,0.6549999713897705,0.6549999713897705,0.6549999713897705,0.6549999713897705,500.0
2026-07-06 10:28:00,TOI.V,,92.0,92.01000213623047,91.88999938964844,91.88999938964844,406.0
2026-07-06 10:28:00,TUD.V,,0.8999999761581421,0.8999999761581421,0.8999999761581421,0.8999999761581421,500.0
2026-07-06 10:28:00,ZOMD.V,,0.574999988079071,0.574999988079071,0.5699999928474426,0.5699999928474426,1500.0
2026-07-06 10:29:00,NILI.V,,0.7300000190734863,0.7300000190734863,0.7300000190734863,0.7300000190734863,13000.0
2026-07-06 10:29:00,WEX.V,,0.5699999928474426,0.5699999928474426,0.5699999928474426,0.5699999928474426,2000.0
2026-07-06 10:30:00,SURG.V,,0.5699999928474426,0.5699999928474426,0.5699999928474426,0.5699999928474426,37500.0
2026-07-06 10:30:00,TECT.V,,2.3299999237060547,2.3299999237060547,2.3299999237060547,2.3299999237060547,100.0
2026-07-06 10:30:00,UCU.V,,4.650000095367432,4.679999828338623,4.639999866485596,4.679999828338623,9681.0
2026-07-06 10:30:00,VCU.V,,1.0800000429153442,1.0800000429153442,1.0800000429153442,1.0800000429153442,3000.0
2026-07-06 10:30:00,WRLG.V,,0.6549999713897705,0.6549999713897705,0.6549999713897705,0.6549999713897705,500.0
2026-07-06 10:30:00,ZOMD.V,,0.5699999928474426,0.5699999928474426,0.5699999928474426,0.5699999928474426,3500.0
2026-07-06 10:31:00,AUMB.V,,0.6899999976158142,0.6899999976158142,0.6899999976158142,0.6899999976158142,500.0
2026-07-06 10:31:00,THX.V,,1.100000023841858,1.100000023841858,1.100000023841858,1.100000023841858,200.0
2026-07-06 10:31:00,VIO.V,,0.10999999940395355,0.10999999940395355,0.10999999940395355,0.10999999940395355,2000.0
2026-07-06 10:31:00,ZOMD.V,,0.5600000023841858,0.5699999928474426,0.5600000023841858,0.5699999928474426,2000.0
2026-07-06 10:33:00,AUMB.V,,0.6899999976158142,0.6899999976158142,0.6899999976158142,0.6899999976158142,500.0
2026-07-06 10:33:00,THX.V,,1.100000023841858,1.100000023841858,1.100000023841858,1.100000023841858,3600.0
2026-07-06 10:33:00,UCU.V,,4.659999847412109,4.670000076293945,4.644999980926514,4.670000076293945,600.0
2026-07-06 10:33:00,WHN.V,,0.30000001192092896,0.30000001192092896,0.30000001192092896,0.30000001192092896,15557.0
2026-07-06 10:33:00,ZAC.V,,0.07500000298023224,0.07500000298023224,0.07500000298023224,0.07500000298023224,127000.0
2026-07-06 10:34:00,NILI.V,,0.7300000190734863,0.7300000190734863,0.7300000190734863,0.7300000190734863,5500.0
2026-07-06 10:34:00,SURG.V,,0.5699999928474426,0.5699999928474426,0.5699999928474426,0.5699999928474426,10500.0
2026-07-06 10:34:00,WHN.V,,0.30000001192092896,0.30000001192092896,0.30000001192092896,0.30000001192092896,1500.0
2026-07-06 10:35:00,AUMB.V,,0.6850000023841858,0.6850000023841858,0.6850000023841858,0.6850000023841858,1500.0
2026-07-06 10:35:00,LOT.V,,0.03500000014901161,0.03500000014901161,0.03500000014901161,0.03500000014901161,0.0
2026-07-06 10:35:00,THX.V,,1.100000023841858,1.100000023841858,1.100000023841858,1.100000023841858,19500.0
2026-07-06 10:35:00,UCU.V,,4.650000095367432,4.650000095367432,4.650000095367432,4.650000095367432,3600.0
2026-07-06 10:35:00,VCT.V,,0.10499999672174454,0.10499999672174454,0.10499999672174454,0.10499999672174454,1000.0
2026-07-06 10:35:00,WGO.V,,1.7799999713897705,1.7799999713897705,1.7799999713897705,1.7799999713897705,100.0
2026-07-06 10:35:00,WHY.V,,0.3199999928474426,0.32499998807907104,0.3199999928474426,0.32499998807907104,2500.0
2026-07-06 10:36:00,AUMB.V,,0.6850000023841858,0.6850000023841858,0.6850000023841858,0.6850000023841858,2500.0
2026-07-06 10:36:00,NILI.V,,0.7300000190734863,0.7300000190734863,0.7300000190734863,0.7300000190734863,9000.0
2026-07-06 10:36:00,UCU.V,,4.610000133514404,4.650000095367432,4.610000133514404,4.650000095367432,4108.0
2026-07-06 10:36:00,ZDC.V,,5.480000019073486,5.480000019073486,5.480000019073486,5.480000019073486,200.0
2026-07-06 10:37:00,THX.V,,1.100000023841858,1.100000023841858,1.100000023841858,1.100000023841858,400.0
2026-07-06 10:37:00,TSG.V,,0.1550000011920929,0.1550000011920929,0.1550000011920929,0.1550000011920929,0.0
2026-07-06 10:37:00,UCU.V,,4.610000133514404,4.610000133514404,4.610000133514404,4.610000133514404,2400.0
2026-07-06 10:37:00,VCV.V,,0.05999999865889549,0.05999999865889549,0.05999999865889549,0.05999999865889549,44000.0
2026-07-06 10:37:00,WRLG.V,,0.6549999713897705,0.6549999713897705,0.6549999713897705,0.6549999713897705,500.0
2026-07-06 10:38:00,TUD.V,,0.9100000262260437,0.9100000262260437,0.9049999713897705,0.9049999713897705,115500.0
2026-07-06 10:38:00,UCU.V,,4.619999885559082,4.619999885559082,4.619999885559082,4.619999885559082,100.0
2026-07-06 10:38:00,ZOMD.V,,0.5600000023841858,0.5600000023841858,0.5600000023841858,0.5600000023841858,500.0
2026-07-06 10:39:00,TECT.V,,2.3299999237060547,2.3299999237060547,2.3299999237060547,2.3299999237060547,600.0
2026-07-06 10:39:00,UCU.V,,4.619999885559082,4.619999885559082,4.619999885559082,4.619999885559082,200.0
2026-07-06 10:39:00,VRR.V,,0.0949999988079071,0.0949999988079071,0.0949999988079071,0.0949999988079071,75000.0
2026-07-06 10:39:00,WGF.V,,0.20999999344348907,0.20999999344348907,0.20999999344348907,0.20999999344348907,0.0
2026-07-06 10:39:00,ZOMD.V,,0.5600000023841858,0.5600000023841858,0.5600000023841858,0.5600000023841858,500.0
2026-07-06 10:40:00,UCU.V,,4.630000114440918,4.630000114440918,4.619999885559082,4.619999885559082,500.0
2026-07-06 10:41:00,NILI.V,,0.7300000190734863,0.7300000190734863,0.7300000190734863,0.7300000190734863,42500.0
2026-07-06 10:41:00,SURG.V,,0.5699999928474426,0.5699999928474426,0.5699999928474426,0.5699999928474426,31000.0
2026-07-06 10:41:00,TOI.V,,91.48999786376953,91.54000091552734,91.48999786376953,91.54000091552734,1040.0
2026-07-06 10:41:00,VCV.V,,0.05999999865889549,0.05999999865889549,0.05999999865889549,0.05999999865889549,3000.0
2026-07-06 10:42:00,UCU.V,,4.619999885559082,4.619999885559082,4.619999885559082,4.619999885559082,400.0
2026-07-06 10:42:00,ZON.V,,0.125,0.125,0.125,0.125,0.0
2026-07-06 10:43:00,TOI.V,,91.26000213623047,91.26000213623047,91.26000213623047,91.26000213623047,106.0
2026-07-06 10:43:00,UCU.V,,4.630000114440918,4.630000114440918,4.630000114440918,4.630000114440918,800.0
2026-07-06 10:43:00,VO.V,,0.07999999821186066,0.07999999821186066,0.07500000298023224,0.07500000298023224,479000.0
2026-07-06 10:43:00,WGO.V,,1.7799999713897705,1.7799999713897705,1.7799999713897705,1.7799999713897705,200.0
2026-07-06 10:43:00,WINS.V,,0.10999999940395355,0.11500000208616257,0.10999999940395355,0.11500000208616257,0.0
2026-07-06 10:44:00,AUMB.V,,0.6850000023841858,0.6850000023841858,0.6850000023841858,0.6850000023841858,500.0
2026-07-06 10:44:00,TUD.V,,0.9100000262260437,0.9100000262260437,0.9100000262260437,0.9100000262260437,3000.0
2026-07-06 10:45:00,THX.V,,1.100000023841858,1.100000023841858,1.100000023841858,1.100000023841858,100.0
2026-07-06 10:45:00,TUD.V,,0.9100000262260437,0.9100000262260437,0.9100000262260437,0.9100000262260437,1500.0
2026-07-06 10:45:00,YEG.V,,0.1599999964237213,0.1599999964237213,0.1599999964237213,0.1599999964237213,0.0
2026-07-06 10:46:00,THX.V,,1.100000023841858,1.100000023841858,1.100000023841858,1.100000023841858,100.0
2026-07-06 10:46:00,TOI.V,,91.25,91.25,91.25,91.25,180.0
2026-07-06 10:47:00,AUMB.V,,0.6850000023841858,0.6850000023841858,0.6850000023841858,0.6850000023841858,500.0
2026-07-06 10:47:00,THX.V,,1.100000023841858,1.100000023841858,1.100000023841858,1.100000023841858,100.0
2026-07-06 10:47:00,TSLV.V,,0.09000000357627869,0.09000000357627869,0.09000000357627869,0.09000000357627869,2000.0
2026-07-06 10:48:00,THX.V,,1.100000023841858,1.100000023841858,1.100000023841858,1.100000023841858,100.0
2026-07-06 10:48:00,UCU.V,,4.610000133514404,4.630000114440918,4.610000133514404,4.630000114440918,1600.0
2026-07-06 10:48:00,WVM.V,,1.5499999523162842,1.5499999523162842,1.5499999523162842,1.5499999523162842,8300.0
2026-07-06 10:48:00,ZDC.V,,5.489999771118164,5.489999771118164,5.489999771118164,5.489999771118164,100.0
2026-07-06 10:49:00,THX.V,,1.100000023841858,1.100000023841858,1.100000023841858,1.100000023841858,100.0
2026-07-06 10:49:00,UCU.V,,4.639999866485596,4.639999866485596,4.639999866485596,4.639999866485596,100.0
2026-07-06 10:50:00,AUMB.V,,0.6850000023841858,0.6850000023841858,0.6850000023841858,0.6850000023841858,500.0
2026-07-06 10:50:00,SURG.V,,0.5699999928474426,0.5699999928474426,0.5699999928474426,0.5699999928474426,8000.0
2026-07-06 10:50:00,THX.V,,1.100000023841858,1.100000023841858,1.100000023841858,1.100000023841858,100.0
2026-07-06 10:50:00,TOI.V,,91.58000183105469,91.58000183105469,91.36000061035156,91.36000061035156,200.0
2026-07-06 10:50:00,UCU.V,,4.619999885559082,4.619999885559082,4.599999904632568,4.619999885559082,1200.0
2026-07-06 10:50:00,WGO.V,,1.7649999856948853,1.7699999809265137,1.7649999856948853,1.7699999809265137,2300.0
2026-07-06 10:51:00,THX.V,,1.100000023841858,1.100000023841858,1.100000023841858,1.100000023841858,100.0
2026-07-06 10:51:00,TUD.V,,0.9100000262260437,0.9100000262260437,0.9100000262260437,0.9100000262260437,500.0
2026-07-06 10:51:00,UCU.V,,4.639999866485596,4.639999866485596,4.639999866485596,4.639999866485596,500.0
2026-07-06 10:51:00,VUL.V,,0.41499999165534973,0.42500001192092896,0.41499999165534973,0.42500001192092896,6000.0
2026-07-06 10:51:00,WGO.V,,1.7699999809265137,1.7699999809265137,1.7699999809265137,1.7699999809265137,18400.0
2026-07-06 10:51:00,WRLG.V,,0.6549999713897705,0.6549999713897705,0.6549999713897705,0.6549999713897705,1000.0
2026-07-06 10:51:00,ZEN.V,,0.6600000262260437,0.6600000262260437,0.6600000262260437,0.6600000262260437,10500.0
2026-07-06 10:52:00,THX.V,,1.100000023841858,1.100000023841858,1.100000023841858,1.100000023841858,100.0
2026-07-06 10:52:00,TOI.V,,91.66999816894531,91.66999816894531,91.66999816894531,91.66999816894531,140.0
2026-07-06 10:52:00,UCU.V,,4.619999885559082,4.650000095367432,4.599999904632568,4.599999904632568,3902.0
2026-07-06 10:52:00,ZDC.V,,5.5,5.5,5.489999771118164,5.489999771118164,26762.0
2026-07-06 10:53:00,AUMB.V,,0.6850000023841858,0.6850000023841858,0.6850000023841858,0.6850000023841858,500.0
2026-07-06 10:53:00,TELO.V,,0.04500000178813934,0.04500000178813934,0.04500000178813934,0.04500000178813934,4000.0
2026-07-06 10:53:00,THX.V,,1.100000023841858,1.100000023841858,1.100000023841858,1.100000023841858,100.0
2026-07-06 10:53:00,TLT.V,,0.25999999046325684,0.25999999046325684,0.25999999046325684,0.25999999046325684,3500.0
2026-07-06 10:53:00,UCU.V,,4.599999904632568,4.610000133514404,4.599999904632568,4.610000133514404,1100.0
2026-07-06 10:54:00,THX.V,,1.100000023841858,1.100000023841858,1.100000023841858,1.100000023841858,100.0
2026-07-06 10:54:00,WGO.V,,1.7799999713897705,1.7799999713897705,1.7799999713897705,1.7799999713897705,200.0
2026-07-06 10:54:00,ZDC.V,,5.5,5.53000020980835,5.5,5.53000020980835,27200.0
2026-07-06 10:55:00,TUD.V,,0.9100000262260437,0.9100000262260437,0.9100000262260437,0.9100000262260437,1500.0
2026-07-06 10:55:00,WMS.V,,0.03999999910593033,0.03999999910593033,0.029999999329447746,0.029999999329447746,0.0
2026-07-06 10:55:00,ZDC.V,,5.53000020980835,5.53000020980835,5.53000020980835,5.53000020980835,3200.0
2026-07-06 10:56:00,THX.V,,1.100000023841858,1.100000023841858,1.100000023841858,1.100000023841858,100.0
2026-07-06 10:56:00,TLT.V,,0.25999999046325684,0.25999999046325684,0.25999999046325684,0.25999999046325684,500.0
2026-07-06 10:56:00,TUD.V,,0.9100000262260437,0.9100000262260437,0.9100000262260437,0.9100000262260437,500.0
2026-07-06 10:56:00,UCU.V,,4.590000152587891,4.590000152587891,4.590000152587891,4.590000152587891,500.0
2026-07-06 10:56:00,ZEN.V,,0.6600000262260437,0.6600000262260437,0.6600000262260437,0.6600000262260437,1000.0
2026-07-06 10:57:00,AUMB.V,,0.6850000023841858,0.6850000023841858,0.6850000023841858,0.6850000023841858,500.0
2026-07-06 10:57:00,THX.V,,1.100000023841858,1.100000023841858,1.100000023841858,1.100000023841858,100.0
2026-07-06 10:58:00,THX.V,,1.100000023841858,1.100000023841858,1.100000023841858,1.100000023841858,100.0
2026-07-06 10:58:00,WGO.V,,1.7699999809265137,1.7799999713897705,1.7699999809265137,1.7799999713897705,900.0
2026-07-06 10:58:00,ZDC.V,,5.550000190734863,5.550000190734863,5.539999961853027,5.539999961853027,1200.0
2026-07-06 10:59:00,TECT.V,,2.309999942779541,2.309999942779541,2.309999942779541,2.309999942779541,100.0
2026-07-06 10:59:00,UCU.V,,4.590000152587891,4.590000152587891,4.590000152587891,4.590000152587891,100.0
2026-07-06 10:59:00,WGO.V,,1.7799999713897705,1.7799999713897705,1.7799999713897705,1.7799999713897705,100.0
2026-07-06 10:59:00,WRLG.V,,0.6600000262260437,0.6600000262260437,0.6549999713897705,0.6549999713897705,1500.0
2026-07-06 10:59:00,ZDC.V,,5.550000190734863,5.550000190734863,5.550000190734863,5.550000190734863,7102.0
2026-07-06 11:00:00,AUMB.V,,0.6850000023841858,0.6850000023841858,0.6850000023841858,0.6850000023841858,2000.0
2026-07-06 11:00:00,THX.V,,1.100000023841858,1.100000023841858,1.100000023841858,1.100000023841858,100.0
2026-07-06 11:00:00,TOI.V,,91.5250015258789,91.52999877929688,91.5250015258789,91.52999877929688,200.0
2026-07-06 11:00:00,TUD.V,,0.9200000166893005,0.9200000166893005,0.9200000166893005,0.9200000166893005,3500.0
2026-07-06 11:01:00,AUMB.V,,0.6800000071525574,0.6800000071525574,0.6800000071525574,0.6800000071525574,3000.0
2026-07-06 11:01:00,THX.V,,1.100000023841858,1.100000023841858,1.100000023841858,1.100000023841858,100.0
2026-07-06 11:01:00,UCU.V,,4.579999923706055,4.599999904632568,4.579999923706055,4.599999904632568,800.0
2026-07-06 11:01:00,WGO.V,,1.7799999713897705,1.7799999713897705,1.7699999809265137,1.7799999713897705,5300.0
2026-07-06 11:01:00,WML.V,,0.06499999761581421,0.06499999761581421,0.06499999761581421,0.06499999761581421,0.0
2026-07-06 11:01:00,WP.V,,0.12999999523162842,0.12999999523162842,0.12999999523162842,0.12999999523162842,3000.0
2026-07-06 11:02:00,THX.V,,1.100000023841858,1.100000023841858,1.100000023841858,1.100000023841858,200.0
2026-07-06 11:02:00,TTG.V,,0.11500000208616257,0.11500000208616257,0.11500000208616257,0.11500000208616257,19500.0
2026-07-06 11:03:00,AUMB.V,,0.6850000023841858,0.6850000023841858,0.6850000023841858,0.6850000023841858,500.0
2026-07-06 11:03:00,THX.V,,1.100000023841858,1.100000023841858,1.100000023841858,1.100000023841858,200.0
2026-07-06 11:03:00,TUD.V,,0.9150000214576721,0.9150000214576721,0.9150000214576721,0.9150000214576721,500.0
2026-07-06 11:04:00,THX.V,,1.100000023841858,1.100000023841858,1.100000023841858,1.100000023841858,100.0
2026-07-06 11:04:00,WHY.V,,0.32499998807907104,0.32499998807907104,0.32499998807907104,0.32499998807907104,500.0
2026-07-06 11:04:00,WRLG.V,,0.6600000262260437,0.6600000262260437,0.6600000262260437,0.6600000262260437,90473.0
2026-07-06 11:04:00,ZDC.V,,5.550000190734863,5.550000190734863,5.550000190734863,5.550000190734863,3300.0
2026-07-06 11:05:00,THX.V,,1.100000023841858,1.100000023841858,1.100000023841858,1.100000023841858,600.0
2026-07-06 11:05:00,TUD.V,,0.9150000214576721,0.9150000214576721,0.9150000214576721,0.9150000214576721,500.0
2026-07-06 11:05:00,UCU.V,,4.590000152587891,4.590000152587891,4.590000152587891,4.590000152587891,100.0
2026-07-06 11:06:00,THX.V,,1.100000023841858,1.100000023841858,1.100000023841858,1.100000023841858,800.0
2026-07-06 11:06:00,TOI.V,,91.5250015258789,91.5250015258789,91.5250015258789,91.5250015258789,107.0
2026-07-06 11:06:00,TUD.V,,0.9150000214576721,0.9150000214576721,0.9150000214576721,0.9150000214576721,500.0
2026-07-06 11:06:00,VCT.V,,0.10499999672174454,0.10499999672174454,0.10499999672174454,0.10499999672174454,500.0
2026-07-06 11:07:00,AUMB.V,,0.6850000023841858,0.6850000023841858,0.6850000023841858,0.6850000023841858,500.0
2026-07-06 11:07:00,SURG.V,,0.5799999833106995,0.5799999833106995,0.574999988079071,0.574999988079071,22000.0
2026-07-06 11:07:00,TOI.V,,92.04000091552734,92.04000091552734,91.5250015258789,91.77999877929688,879.0
2026-07-06 11:07:00,UCU.V,,4.599999904632568,4.599999904632568,4.599999904632568,4.599999904632568,1410.0
2026-07-06 11:07:00,ZDC.V,,5.550000190734863,5.550000190734863,5.550000190734863,5.550000190734863,3300.0
2026-07-06 11:08:00,TECT.V,,2.309999942779541,2.319999933242798,2.309999942779541,2.319999933242798,1000.0
2026-07-06 11:08:00,TOI.V,,91.80999755859375,91.80999755859375,91.80999755859375,91.80999755859375,118.0
2026-07-06 11:09:00,VCT.V,,0.10499999672174454,0.10499999672174454,0.10499999672174454,0.10499999672174454,1000.0
2026-07-06 11:09:00,ZDC.V,,5.550000190734863,5.550000190734863,5.550000190734863,5.550000190734863,9100.0
2026-07-06 11:10:00,UCU.V,,4.599999904632568,4.599999904632568,4.599999904632568,4.599999904632568,609.0
2026-07-06 11:10:00,ZDC.V,,5.550000190734863,5.550000190734863,5.550000190734863,5.550000190734863,5800.0
2026-07-06 11:11:00,TECT.V,,2.299999952316284,2.309999942779541,2.299999952316284,2.309999942779541,1300.0
2026-07-06 11:11:00,VCV.V,,0.07000000029802322,0.07000000029802322,0.07000000029802322,0.07000000029802322,30000.0
2026-07-06 11:11:00,ZDC.V,,5.559999942779541,5.559999942779541,5.550000190734863,5.550000190734863,300.0
2026-07-06 11:12:00,TOI.V,,92.11000061035156,92.11000061035156,92.0999984741211,92.0999984741211,303.0
2026-07-06 11:13:00,TNR.V,,0.25999999046325684,0.25999999046325684,0.25999999046325684,0.25999999046325684,15000.0
2026-07-06 11:14:00,AUMB.V,,0.6800000071525574,0.6800000071525574,0.675000011920929,0.6800000071525574,46759.0
2026-07-06 11:14:00,TTS.V,,2.9000000953674316,2.9000000953674316,2.9000000953674316,2.9000000953674316,200.0
2026-07-06 11:14:00,WGO.V,,1.7799999713897705,1.784999966621399,1.7699999809265137,1.784999966621399,4500.0
2026-07-06 11:15:00,NILI.V,,0.7400000095367432,0.7400000095367432,0.7400000095367432,0.7400000095367432,19000.0
2026-07-06 11:15:00,UCU.V,,4.590000152587891,4.590000152587891,4.590000152587891,4.590000152587891,100.0
2026-07-06 11:15:00,VCT.V,,0.10499999672174454,0.10499999672174454,0.10499999672174454,0.10499999672174454,40000.0
2026-07-06 11:15:00,WHY.V,,0.32499998807907104,0.32499998807907104,0.32499998807907104,0.32499998807907104,500.0
2026-07-06 11:16:00,THX.V,,1.0950000286102295,1.0950000286102295,1.0950000286102295,1.0950000286102295,100.0
2026-07-06 11:16:00,TUD.V,,0.9150000214576721,0.9150000214576721,0.9150000214576721,0.9150000214576721,500.0
2026-07-06 11:16:00,UCU.V,,4.610000133514404,4.610000133514404,4.610000133514404,4.610000133514404,1700.0
2026-07-06 11:16:00,VZZ.V,,0.17499999701976776,0.17499999701976776,0.17499999701976776,0.17499999701976776,2000.0
2026-07-06 11:17:00,THX.V,,1.0950000286102295,1.0950000286102295,1.0950000286102295,1.0950000286102295,100.0
2026-07-06 11:17:00,UCU.V,,4.630000114440918,4.650000095367432,4.619999885559082,4.619999885559082,1824.0
2026-07-06 11:17:00,VCT.V,,0.10499999672174454,0.10499999672174454,0.10499999672174454,0.10499999672174454,1000.0
2026-07-06 11:17:00,VZZ.V,,0.17499999701976776,0.17499999701976776,0.17499999701976776,0.17499999701976776,8000.0
2026-07-06 11:17:00,WRLG.V,,0.6650000214576721,0.6650000214576721,0.6650000214576721,0.6650000214576721,500.0
2026-07-06 11:18:00,AUMB.V,,0.6800000071525574,0.6800000071525574,0.675000011920929,0.6800000071525574,17500.0
2026-07-06 11:18:00,TGOL.V,,0.10999999940395355,0.10999999940395355,0.10999999940395355,0.10999999940395355,12500.0
2026-07-06 11:18:00,THX.V,,1.0950000286102295,1.0950000286102295,1.0950000286102295,1.0950000286102295,100.0
2026-07-06 11:18:00,TNR.V,,0.2549999952316284,0.2549999952316284,0.2549999952316284,0.2549999952316284,4500.0
2026-07-06 11:18:00,TUD.V,,0.9100000262260437,0.9150000214576721,0.9100000262260437,0.9150000214576721,1000.0
2026-07-06 11:18:00,UCU.V,,4.610000133514404,4.610000133514404,4.610000133514404,4.610000133514404,500.0
2026-07-06 11:18:00,ZDC.V,,5.590000152587891,5.590000152587891,5.590000152587891,5.590000152587891,228.0
2026-07-06 11:19:00,THX.V,,1.0950000286102295,1.0950000286102295,1.0950000286102295,1.0950000286102295,100.0
2026-07-06 11:19:00,VCT.V,,0.10499999672174454,0.10499999672174454,0.10499999672174454,0.10499999672174454,17000.0
2026-07-06 11:20:00,THX.V,,1.0950000286102295,1.0950000286102295,1.0950000286102295,1.0950000286102295,100.0
2026-07-06 11:20:00,WCU.V,,0.009999999776482582,0.009999999776482582,0.009999999776482582,0.009999999776482582,20000.0
2026-07-06 11:21:00,NILI.V,,0.7300000190734863,0.7300000190734863,0.7300000190734863,0.7300000190734863,500.0
2026-07-06 11:21:00,THX.V,,1.0950000286102295,1.0950000286102295,1.0950000286102295,1.0950000286102295,100.0
2026-07-06 11:21:00,UCU.V,,4.590000152587891,4.599999904632568,4.579999923706055,4.599999904632568,5600.0
2026-07-06 11:21:00,WRLG.V,,0.6650000214576721,0.6650000214576721,0.6650000214576721,0.6650000214576721,644.0
2026-07-06 11:22:00,SYG.V,,0.04500000178813934,0.04500000178813934,0.04500000178813934,0.04500000178813934,20000.0
2026-07-06 11:22:00,TMG.V,,0.1550000011920929,0.1599999964237213,0.1550000011920929,0.1599999964237213,2500.0
2026-07-06 11:22:00,TOI.V,,92.29000091552734,92.29000091552734,92.29000091552734,92.29000091552734,142.0
2026-07-06 11:22:00,TVI.V,,0.05999999865889549,0.05999999865889549,0.05999999865889549,0.05999999865889549,11000.0
2026-07-06 11:22:00,WHY.V,,0.32499998807907104,0.32499998807907104,0.32499998807907104,0.32499998807907104,500.0
2026-07-06 11:23:00,THX.V,,1.0950000286102295,1.0950000286102295,1.0950000286102295,1.0950000286102295,100.0
2026-07-06 11:23:00,TVI.V,,0.05999999865889549,0.05999999865889549,0.05999999865889549,0.05999999865889549,5871.0
2026-07-06 11:23:00,UCU.V,,4.59499979019165,4.59499979019165,4.59499979019165,4.59499979019165,300.0
2026-07-06 11:23:00,VUL.V,,0.4449999928474426,0.4449999928474426,0.4449999928474426,0.4449999928474426,1608.0
2026-07-06 11:23:00,WMK.V,,0.13500000536441803,0.13500000536441803,0.13500000536441803,0.13500000536441803,9000.0
2026-07-06 11:23:00,ZOMD.V,,0.5600000023841858,0.5600000023841858,0.5600000023841858,0.5600000023841858,2000.0
2026-07-06 11:24:00,AUMB.V,,0.675000011920929,0.675000011920929,0.675000011920929,0.675000011920929,500.0
2026-07-06 11:24:00,THX.V,,1.0950000286102295,1.0950000286102295,1.0950000286102295,1.0950000286102295,100.0
2026-07-06 11:25:00,VCT.V,,0.10499999672174454,0.10499999672174454,0.10499999672174454,0.10499999672174454,13000.0
2026-07-06 11:25:00,WML.V,,0.06499999761581421,0.06499999761581421,0.06499999761581421,0.06499999761581421,5000.0
2026-07-06 11:26:00,AUMB.V,,0.675000011920929,0.675000011920929,0.675000011920929,0.675000011920929,500.0
2026-07-06 11:26:00,NILI.V,,0.7300000190734863,0.7300000190734863,0.7300000190734863,0.7300000190734863,500.0
2026-07-06 11:26:00,THX.V,,1.0950000286102295,1.0950000286102295,1.0950000286102295,1.0950000286102295,100.0
2026-07-06 11:26:00,TOI.V,,92.33499908447266,92.33499908447266,92.33499908447266,92.33499908447266,104.0
2026-07-06 11:26:00,TUD.V,,0.9150000214576721,0.9150000214576721,0.9150000214576721,0.9150000214576721,500.0
2026-07-06 11:26:00,UCU.V,,4.599999904632568,4.599999904632568,4.599999904632568,4.599999904632568,100.0
2026-07-06 11:27:00,THX.V,,1.0950000286102295,1.0950000286102295,1.0950000286102295,1.0950000286102295,100.0
2026-07-06 11:27:00,UCU.V,,4.610000133514404,4.610000133514404,4.610000133514404,4.610000133514404,4500.0
2026-07-06 11:27:00,WAM.V,,0.6800000071525574,0.6800000071525574,0.6800000071525574,0.6800000071525574,3000.0
2026-07-06 11:28:00,NILI.V,,0.7300000190734863,0.7300000190734863,0.7300000190734863,0.7300000190734863,9500.0
2026-07-06 11:28:00,SURG.V,,0.5799999833106995,0.5799999833106995,0.5799999833106995,0.5799999833106995,9000.0
2026-07-06 11:29:00,NILI.V,,0.7300000190734863,0.7300000190734863,0.7300000190734863,0.7300000190734863,51000.0
2026-07-06 11:29:00,THX.V,,1.0950000286102295,1.0950000286102295,1.0950000286102295,1.0950000286102295,100.0
2026-07-06 11:29:00,WRLG.V,,0.6700000166893005,0.6700000166893005,0.6700000166893005,0.6700000166893005,2000.0
2026-07-06 11:30:00,BIRD.V,,0.18000000715255737,0.18000000715255737,0.18000000715255737,0.18000000715255737,0.0
2026-07-06 11:30:00,WHY.V,,0.32499998807907104,0.32499998807907104,0.32499998807907104,0.32499998807907104,500.0
2026-07-06 11:30:00,WRLG.V,,0.6700000166893005,0.6700000166893005,0.6700000166893005,0.6700000166893005,500.0
2026-07-06 11:31:00,USCU.V,,0.1599999964237213,0.1599999964237213,0.1599999964237213,0.1599999964237213,1000.0
2026-07-06 11:31:00,VCT.V,,0.10499999672174454,0.10499999672174454,0.10499999672174454,0.10499999672174454,4000.0
2026-07-06 11:31:00,WEX.V,,0.5699999928474426,0.5699999928474426,0.5699999928474426,0.5699999928474426,3500.0
2026-07-06 11:32:00,THX.V,,1.0950000286102295,1.0950000286102295,1.0950000286102295,1.0950000286102295,100.0
2026-07-06 11:32:00,TTS.V,,2.799999952316284,2.8499999046325684,2.799999952316284,2.8499999046325684,400.0
2026-07-06 11:32:00,UCU.V,,4.610000133514404,4.610000133514404,4.610000133514404,4.610000133514404,600.0
2026-07-06 11:32:00,VCV.V,,0.07000000029802322,0.07000000029802322,0.07000000029802322,0.07000000029802322,11000.0
2026-07-06 11:32:00,WIL.V,,0.36000001430511475,0.36000001430511475,0.36000001430511475,0.36000001430511475,7500.0
2026-07-06 11:33:00,TBK.V,,0.3799999952316284,0.3799999952316284,0.3799999952316284,0.3799999952316284,0.0
2026-07-06 11:33:00,TNR.V,,0.24500000476837158,0.24500000476837158,0.24500000476837158,0.24500000476837158,5500.0
2026-07-06 11:33:00,TUD.V,,0.9150000214576721,0.9150000214576721,0.9150000214576721,0.9150000214576721,500.0
2026-07-06 11:33:00,UCU.V,,4.590000152587891,4.590000152587891,4.590000152587891,4.590000152587891,210.0
2026-07-06 11:34:00,THX.V,,1.0950000286102295,1.0950000286102295,1.0950000286102295,1.0950000286102295,100.0
2026-07-06 11:34:00,UCU.V,,4.559999942779541,4.570000171661377,4.559999942779541,4.559999942779541,900.0
2026-07-06 11:34:00,ZDC.V,,5.599999904632568,5.599999904632568,5.599999904632568,5.599999904632568,601.0
2026-07-06 11:35:00,TLT.V,,0.27000001072883606,0.27000001072883606,0.27000001072883606,0.27000001072883606,500.0
2026-07-06 11:35:00,TOI.V,,92.25,92.25,92.25,92.25,200.0
2026-07-06 11:35:00,UCU.V,,4.550000190734863,4.550000190734863,4.550000190734863,4.550000190734863,3908.0
2026-07-06 11:36:00,THX.V,,1.0950000286102295,1.0950000286102295,1.0950000286102295,1.0950000286102295,100.0
2026-07-06 11:36:00,UCU.V,,4.539999961853027,4.539999961853027,4.539999961853027,4.539999961853027,9900.0
2026-07-06 11:37:00,AUMB.V,,0.675000011920929,0.675000011920929,0.675000011920929,0.675000011920929,500.0
2026-07-06 11:37:00,TTGI.V,,0.04500000178813934,0.04500000178813934,0.04500000178813934,0.04500000178813934,0.0
2026-07-06 11:37:00,UCU.V,,4.489999771118164,4.519999980926514,4.489999771118164,4.519999980926514,20708.0
2026-07-06 11:37:00,ZOMD.V,,0.5699999928474426,0.5699999928474426,0.5699999928474426,0.5699999928474426,1000.0
2026-07-06 11:38:00,UCU.V,,4.460000038146973,4.5,4.460000038146973,4.46999979019165,3202.0
2026-07-06 11:39:00,NILI.V,,0.7200000286102295,0.7200000286102295,0.7200000286102295,0.7200000286102295,500.0
2026-07-06 11:39:00,THX.V,,1.0950000286102295,1.0950000286102295,1.0950000286102295,1.0950000286102295,100.0
2026-07-06 11:39:00,TUD.V,,0.9150000214576721,0.9150000214576721,0.9150000214576721,0.9150000214576721,500.0
2026-07-06 11:39:00,VCT.V,,0.10499999672174454,0.10499999672174454,0.10499999672174454,0.10499999672174454,20000.0
2026-07-06 11:40:00,NILI.V,,0.7200000286102295,0.7200000286102295,0.7200000286102295,0.7200000286102295,500.0
2026-07-06 11:40:00,TECT.V,,2.3399999141693115,2.3399999141693115,2.3399999141693115,2.3399999141693115,300.0
2026-07-06 11:40:00,UCU.V,,4.449999809265137,4.510000228881836,4.449999809265137,4.489999771118164,3000.0
2026-07-06 11:40:00,WRLG.V,,0.6700000166893005,0.6700000166893005,0.6700000166893005,0.6700000166893005,1000.0
2026-07-06 11:41:00,UCU.V,,4.510000228881836,4.510000228881836,4.480000019073486,4.480000019073486,1200.0
2026-07-06 11:41:00,VCT.V,,0.10499999672174454,0.10499999672174454,0.10499999672174454,0.10499999672174454,500.0
2026-07-06 11:42:00,AUMB.V,,0.675000011920929,0.675000011920929,0.675000011920929,0.675000011920929,500.0
2026-07-06 11:42:00,NILI.V,,0.7200000286102295,0.7200000286102295,0.7200000286102295,0.7200000286102295,500.0
2026-07-06 11:42:00,THX.V,,1.0950000286102295,1.0950000286102295,1.0950000286102295,1.0950000286102295,100.0
2026-07-06 11:42:00,UCU.V,,4.53000020980835,4.53000020980835,4.519999980926514,4.519999980926514,1100.0
2026-07-06 11:42:00,WRLG.V,,0.6600000262260437,0.6700000166893005,0.6600000262260437,0.6700000166893005,30500.0
2026-07-06 11:43:00,NILI.V,,0.7200000286102295,0.7200000286102295,0.7200000286102295,0.7200000286102295,500.0
2026-07-06 11:43:00,UCU.V,,4.53000020980835,4.53000020980835,4.53000020980835,4.53000020980835,1111.0
2026-07-06 11:43:00,WGO.V,,1.7799999713897705,1.7799999713897705,1.7699999809265137,1.7699999809265137,300.0
2026-07-06 11:44:00,TGOL.V,,0.10999999940395355,0.10999999940395355,0.10999999940395355,0.10999999940395355,121000.0
2026-07-06 11:44:00,UCU.V,,4.539999961853027,4.539999961853027,4.539999961853027,4.539999961853027,600.0
2026-07-06 11:45:00,NILI.V,,0.7200000286102295,0.7200000286102295,0.7200000286102295,0.7200000286102295,500.0
2026-07-06 11:45:00,THX.V,,1.0950000286102295,1.0950000286102295,1.0950000286102295,1.0950000286102295,100.0
2026-07-06 11:45:00,TOI.V,,92.33499908447266,92.33499908447266,92.33499908447266,92.33499908447266,175.0
2026-07-06 11:45:00,TTS.V,,2.8499999046325684,2.8499999046325684,2.8499999046325684,2.8499999046325684,100.0
2026-07-06 11:45:00,WHY.V,,0.32499998807907104,0.32499998807907104,0.32499998807907104,0.32499998807907104,500.0
2026-07-06 11:46:00,AUMB.V,,0.675000011920929,0.675000011920929,0.675000011920929,0.675000011920929,500.0
2026-07-06 11:46:00,VCV.V,,0.07000000029802322,0.07000000029802322,0.07000000029802322,0.07000000029802322,1000.0
2026-07-06 11:47:00,TECT.V,,2.319999933242798,2.319999933242798,2.319999933242798,2.319999933242798,100.0
2026-07-06 11:48:00,UCU.V,,4.550000190734863,4.559999942779541,4.550000190734863,4.550000190734863,2500.0
2026-07-06 11:48:00,ZOMD.V,,0.5699999928474426,0.5699999928474426,0.5699999928474426,0.5699999928474426,1500.0
2026-07-06 11:49:00,THX.V,,1.0950000286102295,1.0950000286102295,1.0950000286102295,1.0950000286102295,100.0
2026-07-06 11:49:00,WEX.V,,0.574999988079071,0.574999988079071,0.574999988079071,0.574999988079071,500.0
2026-07-06 11:49:00,ZOMD.V,,0.5699999928474426,0.5699999928474426,0.5699999928474426,0.5699999928474426,7000.0
2026-07-06 11:50:00,AUMB.V,,0.675000011920929,0.675000011920929,0.675000011920929,0.675000011920929,1500.0
2026-07-06 11:50:00,NILI.V,,0.7200000286102295,0.7200000286102295,0.7200000286102295,0.7200000286102295,500.0
2026-07-06 11:50:00,TAO.V,,0.08500000089406967,0.08500000089406967,0.08500000089406967,0.08500000089406967,25000.0
2026-07-06 11:50:00,TOI.V,,92.5,92.5,92.5,92.5,100.0
2026-07-06 11:50:00,TUD.V,,0.9200000166893005,0.9200000166893005,0.9200000166893005,0.9200000166893005,3000.0
2026-07-06 11:50:00,WGLD.V,,0.1899999976158142,0.20999999344348907,0.1899999976158142,0.20999999344348907,0.0
2026-07-06 11:50:00,WGO.V,,1.7799999713897705,1.784999966621399,1.7799999713897705,1.784999966621399,200.0
2026-07-06 11:50:00,WRLG.V,,0.6600000262260437,0.6650000214576721,0.6600000262260437,0.6650000214576721,20000.0
2026-07-06 11:51:00,TUD.V,,0.9100000262260437,0.9150000214576721,0.9100000262260437,0.9150000214576721,15500.0
2026-07-06 11:51:00,WRLG.V,,0.6600000262260437,0.6650000214576721,0.6600000262260437,0.6650000214576721,50000.0
2026-07-06 11:51:00,ZOMD.V,,0.5600000023841858,0.5600000023841858,0.5600000023841858,0.5600000023841858,2000.0
2026-07-06 11:52:00,THX.V,,1.0950000286102295,1.0950000286102295,1.0950000286102295,1.0950000286102295,100.0
2026-07-06 11:52:00,UCU.V,,4.559999942779541,4.559999942779541,4.559999942779541,4.559999942779541,100.0
2026-07-06 11:52:00,WGO.V,,1.7799999713897705,1.7799999713897705,1.7799999713897705,1.7799999713897705,100.0
2026-07-06 11:53:00,TTZ.V,,0.5400000214576721,0.5400000214576721,0.5400000214576721,0.5400000214576721,500.0
2026-07-06 11:53:00,TUD.V,,0.9049999713897705,0.9049999713897705,0.9049999713897705,0.9049999713897705,500.0
2026-07-06 11:53:00,USCU.V,,0.1599999964237213,0.1599999964237213,0.1599999964237213,0.1599999964237213,10000.0
2026-07-06 11:53:00,VCT.V,,0.10499999672174454,0.10499999672174454,0.10499999672174454,0.10499999672174454,500.0
2026-07-06 11:53:00,WHY.V,,0.32499998807907104,0.32499998807907104,0.32499998807907104,0.32499998807907104,500.0
2026-07-06 11:54:00,AUMB.V,,0.675000011920929,0.675000011920929,0.675000011920929,0.675000011920929,500.0
2026-07-06 11:54:00,TOI.V,,92.13999938964844,92.13999938964844,92.13999938964844,92.13999938964844,200.0
2026-07-06 11:54:00,VM.V,,0.13500000536441803,0.13500000536441803,0.13500000536441803,0.13500000536441803,15000.0
2026-07-06 11:54:00,WRLG.V,,0.6600000262260437,0.6650000214576721,0.6600000262260437,0.6650000214576721,32500.0
2026-07-06 11:54:00,ZOMD.V,,0.5600000023841858,0.5600000023841858,0.5600000023841858,0.5600000023841858,500.0
2026-07-06 11:55:00,TTZ.V,,0.5400000214576721,0.5400000214576721,0.5400000214576721,0.5400000214576721,3500.0
2026-07-06 11:55:00,TUD.V,,0.9049999713897705,0.9049999713897705,0.9049999713897705,0.9049999713897705,2000.0
2026-07-06 11:56:00,NILI.V,,0.7200000286102295,0.7200000286102295,0.7200000286102295,0.7200000286102295,500.0
2026-07-06 11:56:00,SURG.V,,0.5699999928474426,0.5699999928474426,0.5699999928474426,0.5699999928474426,18000.0
2026-07-06 11:56:00,THX.V,,1.0950000286102295,1.0950000286102295,1.0950000286102295,1.0950000286102295,100.0
2026-07-06 11:56:00,TTG.V,,0.10999999940395355,0.10999999940395355,0.10999999940395355,0.10999999940395355,45000.0
2026-07-06 11:56:00,TUD.V,,0.9049999713897705,0.9049999713897705,0.9049999713897705,0.9049999713897705,1500.0
2026-07-06 11:56:00,VCU.V,,1.0800000429153442,1.0800000429153442,1.0800000429153442,1.0800000429153442,300.0
2026-07-06 11:57:00,TOI.V,,92.12999725341797,92.12999725341797,92.12999725341797,92.12999725341797,170.0
2026-07-06 11:57:00,TUD.V,,0.9049999713897705,0.9049999713897705,0.9049999713897705,0.9049999713897705,1500.0
2026-07-06 11:57:00,UCU.V,,4.539999961853027,4.539999961853027,4.539999961853027,4.539999961853027,100.0
2026-07-06 11:57:00,VCU.V,,1.0800000429153442,1.0800000429153442,1.0800000429153442,1.0800000429153442,100.0
2026-07-06 11:57:00,WHY.V,,0.3199999928474426,0.32499998807907104,0.3199999928474426,0.32499998807907104,5500.0
2026-07-06 11:57:00,WRLG.V,,0.6600000262260437,0.6650000214576721,0.6600000262260437,0.6650000214576721,6000.0
2026-07-06 11:58:00,RARE.V,,7.5,7.650000095367432,7.5,7.650000095367432,400.0
2026-07-06 11:58:00,TUD.V,,0.9049999713897705,0.9049999713897705,0.9049999713897705,0.9049999713897705,1500.0
2026-07-06 11:58:00,UCU.V,,4.539999961853027,4.539999961853027,4.480000019073486,4.539999961853027,13910.0
2026-07-06 11:58:00,UFC.V,,0.8600000143051147,0.8600000143051147,0.8600000143051147,0.8600000143051147,500.0
2026-07-06 11:58:00,WGO.V,,1.7799999713897705,1.7799999713897705,1.7799999713897705,1.7799999713897705,300.0
2026-07-06 11:59:00,AUMB.V,,0.675000011920929,0.675000011920929,0.675000011920929,0.675000011920929,500.0
2026-07-06 11:59:00,RARE.V,,7.449999809265137,7.449999809265137,7.449999809265137,7.449999809265137,364.0
2026-07-06 11:59:00,THX.V,,1.0950000286102295,1.0950000286102295,1.0950000286102295,1.0950000286102295,100.0
2026-07-06 11:59:00,TUD.V,,0.9049999713897705,0.9049999713897705,0.9049999713897705,0.9049999713897705,500.0
2026-07-06 11:59:00,UGD.V,,0.23000000417232513,0.23000000417232513,0.23000000417232513,0.23000000417232513,500.0
2026-07-06 11:59:00,VCT.V,,0.10499999672174454,0.10499999672174454,0.10499999672174454,0.10499999672174454,1000.0
2026-07-06 11:59:00,VCV.V,,0.07000000029802322,0.07000000029802322,0.07000000029802322,0.07000000029802322,3000.0
2026-07-06 11:59:00,WGO.V,,1.7699999809265137,1.7799999713897705,1.7699999809265137,1.7799999713897705,5400.0
2026-07-06 11:59:00,WHN.V,,0.30000001192092896,0.30000001192092896,0.30000001192092896,0.30000001192092896,2000.0
2026-07-06 11:59:00,WHY.V,,0.32499998807907104,0.32499998807907104,0.32499998807907104,0.32499998807907104,1000.0
2026-07-06 11:59:00,ZOMD.V,,0.5600000023841858,0.5600000023841858,0.5600000023841858,0.5600000023841858,500.0
2026-07-06 12:00:00,TGX.V,,0.6299999952316284,0.6299999952316284,0.6299999952316284,0.6299999952316284,0.0
2026-07-06 12:00:00,TOI.V,,92.3949966430664,92.3949966430664,92.25,92.25,200.0
2026-07-06 12:00:00,TUD.V,,0.8999999761581421,0.9049999713897705,0.8999999761581421,0.9049999713897705,1000.0
2026-07-06 12:00:00,UCU.V,,4.53000020980835,4.539999961853027,4.449999809265137,4.519999980926514,9216.0
2026-07-06 12:00:00,VCT.V,,0.10499999672174454,0.10499999672174454,0.10499999672174454,0.10499999672174454,83500.0
2026-07-06 12:01:00,RARE.V,,7.449999809265137,7.449999809265137,7.449999809265137,7.449999809265137,200.0
2026-07-06 12:01:00,TAO.V,,0.08500000089406967,0.08500000089406967,0.08500000089406967,0.08500000089406967,40000.0
2026-07-06 12:01:00,TTZ.V,,0.5400000214576721,0.5400000214576721,0.5400000214576721,0.5400000214576721,2000.0
2026-07-06 12:01:00,TUD.V,,0.8999999761581421,0.9049999713897705,0.8999999761581421,0.9049999713897705,1000.0
2026-07-06 12:01:00,VCT.V,,0.10499999672174454,0.10499999672174454,0.10499999672174454,0.10499999672174454,67500.0
2026-07-06 12:02:00,NILI.V,,0.7200000286102295,0.7200000286102295,0.7200000286102295,0.7200000286102295,500.0
2026-07-06 12:02:00,TAJ.V,,0.20999999344348907,0.20999999344348907,0.20999999344348907,0.20999999344348907,500.0
2026-07-06 12:02:00,TUD.V,,0.9049999713897705,0.9049999713897705,0.9049999713897705,0.9049999713897705,1000.0
2026-07-06 12:02:00,WHN.V,,0.30000001192092896,0.30000001192092896,0.30000001192092896,0.30000001192092896,50500.0
2026-07-06 12:02:00,WHY.V,,0.3199999928474426,0.32499998807907104,0.3199999928474426,0.32499998807907104,7500.0
2026-07-06 12:03:00,AUMB.V,,0.675000011920929,0.675000011920929,0.675000011920929,0.675000011920929,500.0
2026-07-06 12:03:00,THX.V,,1.0950000286102295,1.0950000286102295,1.0950000286102295,1.0950000286102295,100.0
2026-07-06 12:03:00,TTZ.V,,0.5400000214576721,0.5400000214576721,0.5400000214576721,0.5400000214576721,3500.0
2026-07-06 12:03:00,WHY.V,,0.3199999928474426,0.3199999928474426,0.3199999928474426,0.3199999928474426,6000.0
2026-07-06 12:04:00,TOI.V,,92.18000030517578,92.18000030517578,92.18000030517578,92.18000030517578,115.0
2026-07-06 12:04:00,TUD.V,,0.9049999713897705,0.9049999713897705,0.9049999713897705,0.9049999713897705,1000.0
2026-07-06 12:04:00,VCU.V,,1.0700000524520874,1.0700000524520874,1.0700000524520874,1.0700000524520874,100.0
2026-07-06 12:04:00,WGO.V,,1.7699999809265137,1.7699999809265137,1.7699999809265137,1.7699999809265137,700.0
2026-07-06 12:04:00,ZOMD.V,,0.5600000023841858,0.5600000023841858,0.5600000023841858,0.5600000023841858,500.0
2026-07-06 12:05:00,SURG.V,,0.5649999976158142,0.5649999976158142,0.5649999976158142,0.5649999976158142,500.0
2026-07-06 12:05:00,TTZ.V,,0.5199999809265137,0.5299999713897705,0.5199999809265137,0.5299999713897705,10000.0
2026-07-06 12:05:00,TUD.V,,0.9049999713897705,0.9049999713897705,0.9049999713897705,0.9049999713897705,500.0
2026-07-06 12:06:00,THX.V,,1.0950000286102295,1.0950000286102295,1.0950000286102295,1.0950000286102295,100.0
2026-07-06 12:06:00,TTZ.V,,0.5400000214576721,0.5400000214576721,0.5400000214576721,0.5400000214576721,7000.0
2026-07-06 12:06:00,TUD.V,,0.9049999713897705,0.9049999713897705,0.9049999713897705,0.9049999713897705,500.0
2026-07-06 12:06:00,UCU.V,,4.514999866485596,4.514999866485596,4.514999866485596,4.514999866485596,200.0
2026-07-06 12:06:00,ZDC.V,,5.579999923706055,5.579999923706055,5.579999923706055,5.579999923706055,1200.0
2026-07-06 12:07:00,TUD.V,,0.8999999761581421,0.9049999713897705,0.8999999761581421,0.9049999713897705,1000.0
2026-07-06 12:07:00,UCU.V,,4.5,4.5,4.5,4.5,100.0
2026-07-06 12:07:00,WEX.V,,0.5799999833106995,0.5799999833106995,0.5799999833106995,0.5799999833106995,2000.0
2026-07-06 12:07:00,WGO.V,,1.7599999904632568,1.7699999809265137,1.7599999904632568,1.7699999809265137,7100.0
2026-07-06 12:07:00,WVM.V,,1.690000057220459,1.690000057220459,1.690000057220459,1.690000057220459,100.0
2026-07-06 12:07:00,ZDC.V,,5.519999980926514,5.579999923706055,5.519999980926514,5.579999923706055,4700.0
2026-07-06 12:08:00,AUMB.V,,0.675000011920929,0.675000011920929,0.675000011920929,0.675000011920929,500.0
2026-07-06 12:08:00,NILI.V,,0.7200000286102295,0.7200000286102295,0.7200000286102295,0.7200000286102295,500.0
2026-07-06 12:08:00,TTZ.V,,0.5400000214576721,0.5400000214576721,0.5400000214576721,0.5400000214576721,1000.0
2026-07-06 12:08:00,UCU.V,,4.53000020980835,4.53000020980835,4.519999980926514,4.53000020980835,600.0
2026-07-06 12:08:00,UGD.V,,0.22499999403953552,0.22499999403953552,0.22499999403953552,0.22499999403953552,500.0
2026-07-06 12:08:00,VO.V,,0.07500000298023224,0.07500000298023224,0.07500000298023224,0.07500000298023224,65000.0
2026-07-06 12:09:00,TECT.V,,2.3399999141693115,2.3399999141693115,2.3399999141693115,2.3399999141693115,100.0
2026-07-06 12:09:00,THX.V,,1.0950000286102295,1.0950000286102295,1.0950000286102295,1.0950000286102295,100.0
2026-07-06 12:09:00,TUD.V,,0.8999999761581421,0.8999999761581421,0.8999999761581421,0.8999999761581421,500.0
2026-07-06 12:09:00,TUK.V,,0.014999999664723873,0.014999999664723873,0.014999999664723873,0.014999999664723873,495000.0
2026-07-06 12:09:00,ZDC.V,,5.579999923706055,5.579999923706055,5.539999961853027,5.539999961853027,1500.0
2026-07-06 12:10:00,TOI.V,,91.9000015258789,92.1500015258789,91.9000015258789,92.1500015258789,600.0
2026-07-06 12:10:00,TUD.V,,0.9049999713897705,0.9049999713897705,0.9049999713897705,0.9049999713897705,500.0
2026-07-06 12:10:00,UCU.V,,4.559999942779541,4.579999923706055,4.539999961853027,4.539999961853027,2700.0
2026-07-06 12:11:00,TGOL.V,,0.10999999940395355,0.10999999940395355,0.10999999940395355,0.10999999940395355,29000.0
2026-07-06 12:11:00,THX.V,,1.0950000286102295,1.0950000286102295,1.0950000286102295,1.0950000286102295,100.0
2026-07-06 12:11:00,TOI.V,,91.70999908447266,91.70999908447266,91.70999908447266,91.70999908447266,185.0
2026-07-06 12:11:00,WVM.V,,1.690000057220459,1.690000057220459,1.690000057220459,1.690000057220459,100.0
2026-07-06 12:12:00,AUMB.V,,0.675000011920929,0.675000011920929,0.675000011920929,0.675000011920929,500.0
2026-07-06 12:12:00,TUD.V,,0.8999999761581421,0.8999999761581421,0.8999999761581421,0.8999999761581421,500.0
2026-07-06 12:12:00,UCU.V,,4.539999961853027,4.539999961853027,4.539999961853027,4.539999961853027,400.0
2026-07-06 12:13:00,WVM.V,,1.690000057220459,1.690000057220459,1.690000057220459,1.690000057220459,100.0
2026-07-06 12:14:00,AUMB.V,,0.6650000214576721,0.6700000166893005,0.6650000214576721,0.6700000166893005,148299.0
2026-07-06 12:14:00,SURG.V,,0.5600000023841858,0.5600000023841858,0.5600000023841858,0.5600000023841858,500.0
2026-07-06 12:14:00,THX.V,,1.090000033378601,1.0950000286102295,1.090000033378601,1.0950000286102295,17705.0
2026-07-06 12:14:00,TUD.V,,0.8999999761581421,0.8999999761581421,0.8999999761581421,0.8999999761581421,3500.0
2026-07-06 12:14:00,UCU.V,,4.53000020980835,4.53000020980835,4.53000020980835,4.53000020980835,400.0
2026-07-06 12:14:00,WRLG.V,,0.6600000262260437,0.6600000262260437,0.6600000262260437,0.6600000262260437,2000.0
2026-07-06 12:14:00,WVM.V,,1.7000000476837158,1.7000000476837158,1.690000057220459,1.690000057220459,567.0
2026-07-06 12:15:00,NILI.V,,0.7200000286102295,0.7200000286102295,0.7200000286102295,0.7200000286102295,500.0
2026-07-06 12:15:00,UCU.V,,4.579999923706055,4.579999923706055,4.539999961853027,4.539999961853027,1500.0
2026-07-06 12:15:00,VM.V,,0.14000000059604645,0.14000000059604645,0.14000000059604645,0.14000000059604645,26500.0
2026-07-06 12:16:00,NILI.V,,0.7200000286102295,0.7200000286102295,0.7200000286102295,0.7200000286102295,68761.0
2026-07-06 12:16:00,THX.V,,1.090000033378601,1.090000033378601,1.090000033378601,1.090000033378601,100.0
2026-07-06 12:16:00,TTS.V,,2.799999952316284,2.809999942779541,2.799999952316284,2.809999942779541,10350.0
2026-07-06 12:16:00,TTZ.V,,0.5400000214576721,0.5400000214576721,0.5400000214576721,0.5400000214576721,16500.0
2026-07-06 12:16:00,UCU.V,,4.590000152587891,4.590000152587891,4.590000152587891,4.590000152587891,100.0
2026-07-06 12:16:00,WRLG.V,,0.6600000262260437,0.6600000262260437,0.6600000262260437,0.6600000262260437,644.0
2026-07-06 12:17:00,NILI.V,,0.7200000286102295,0.7200000286102295,0.7200000286102295,0.7200000286102295,7000.0
2026-07-06 12:17:00,THX.V,,1.090000033378601,1.090000033378601,1.090000033378601,1.090000033378601,100.0
2026-07-06 12:17:00,UCU.V,,4.579999923706055,4.59499979019165,4.579999923706055,4.59499979019165,1200.0
2026-07-06 12:18:00,TECT.V,,2.319999933242798,2.319999933242798,2.319999933242798,2.319999933242798,700.0
2026-07-06 12:18:00,TGOL.V,,0.10999999940395355,0.10999999940395355,0.10999999940395355,0.10999999940395355,25000.0
2026-07-06 12:18:00,THX.V,,1.090000033378601,1.090000033378601,1.090000033378601,1.090000033378601,100.0
2026-07-06 12:18:00,TOI.V,,91.62000274658203,91.62000274658203,91.62000274658203,91.62000274658203,100.0
2026-07-06 12:18:00,TTS.V,,2.75,2.75,2.75,2.75,600.0
2026-07-06 12:18:00,TUD.V,,0.8999999761581421,0.8999999761581421,0.8999999761581421,0.8999999761581421,500.0
2026-07-06 12:19:00,THX.V,,1.090000033378601,1.090000033378601,1.090000033378601,1.090000033378601,100.0
2026-07-06 12:19:00,TOI.V,,91.58999633789062,91.58999633789062,91.58999633789062,91.58999633789062,100.0
2026-07-06 12:19:00,TTS.V,,2.75,2.75,2.75,2.75,9400.0
2026-07-06 12:20:00,TMG.V,,0.16500000655651093,0.16500000655651093,0.16500000655651093,0.16500000655651093,1000.0
2026-07-06 12:20:00,TOI.V,,91.94000244140625,91.94000244140625,91.94000244140625,91.94000244140625,500.0
2026-07-06 12:20:00,TSG.V,,0.1599999964237213,0.1599999964237213,0.1599999964237213,0.1599999964237213,72000.0
2026-07-06 12:20:00,VRR.V,,0.0949999988079071,0.0949999988079071,0.0949999988079071,0.0949999988079071,80000.0
2026-07-06 12:21:00,THX.V,,1.090000033378601,1.090000033378601,1.090000033378601,1.090000033378601,100.0
2026-07-06 12:21:00,TUD.V,,0.8899999856948853,0.8899999856948853,0.8899999856948853,0.8899999856948853,1000.0
2026-07-06 12:21:00,WGO.V,,1.7649999856948853,1.7649999856948853,1.7649999856948853,1.7649999856948853,100.0
2026-07-06 12:21:00,ZOMD.V,,0.5600000023841858,0.5600000023841858,0.5600000023841858,0.5600000023841858,500.0
2026-07-06 12:22:00,SURG.V,,0.5649999976158142,0.5649999976158142,0.5649999976158142,0.5649999976158142,500.0
2026-07-06 12:22:00,THX.V,,1.090000033378601,1.090000033378601,1.090000033378601,1.090000033378601,100.0
2026-07-06 12:23:00,THX.V,,1.090000033378601,1.090000033378601,1.090000033378601,1.090000033378601,5000.0
2026-07-06 12:23:00,TOI.V,,91.98999786376953,91.98999786376953,91.98999786376953,91.98999786376953,218.0
2026-07-06 12:23:00,TUD.V,,0.8899999856948853,0.8899999856948853,0.8899999856948853,0.8899999856948853,500.0
2026-07-06 12:23:00,UCU.V,,4.539999961853027,4.559999942779541,4.539999961853027,4.559999942779541,600.0
2026-07-06 12:24:00,THX.V,,1.090000033378601,1.090000033378601,1.090000033378601,1.090000033378601,100.0
2026-07-06 12:24:00,USCU.V,,0.16500000655651093,0.16500000655651093,0.1599999964237213,0.1599999964237213,42000.0
2026-07-06 12:24:00,ZDC.V,,5.579999923706055,5.579999923706055,5.579999923706055,5.579999923706055,400.0
2026-07-06 12:24:00,ZOMD.V,,0.5600000023841858,0.5600000023841858,0.5600000023841858,0.5600000023841858,500.0
2026-07-06 12:25:00,THX.V,,1.090000033378601,1.090000033378601,1.090000033378601,1.090000033378601,100.0
2026-07-06 12:25:00,TUO.V,,1.8899999856948853,1.8899999856948853,1.8799999952316284,1.8799999952316284,5800.0
2026-07-06 12:26:00,NILI.V,,0.7200000286102295,0.7200000286102295,0.7200000286102295,0.7200000286102295,1500.0
2026-07-06 12:26:00,THX.V,,1.090000033378601,1.090000033378601,1.090000033378601,1.090000033378601,400.0
2026-07-06 12:26:00,TUD.V,,0.8999999761581421,0.8999999761581421,0.8999999761581421,0.8999999761581421,500.0
2026-07-06 12:26:00,WRLG.V,,0.6600000262260437,0.6600000262260437,0.6600000262260437,0.6600000262260437,500.0
2026-07-06 12:27:00,THX.V,,1.090000033378601,1.090000033378601,1.090000033378601,1.090000033378601,100.0
2026-07-06 12:27:00,TUD.V,,0.8949999809265137,0.8949999809265137,0.8949999809265137,0.8949999809265137,500.0
2026-07-06 12:27:00,UCU.V,,4.539999961853027,4.550000190734863,4.539999961853027,4.539999961853027,400.0
2026-07-06 12:27:00,ZAC.V,,0.07500000298023224,0.07500000298023224,0.07500000298023224,0.07500000298023224,2000.0
2026-07-06 12:28:00,AUMB.V,,0.6600000262260437,0.6600000262260437,0.6600000262260437,0.6600000262260437,1000.0
2026-07-06 12:28:00,THX.V,,1.090000033378601,1.090000033378601,1.090000033378601,1.090000033378601,100.0
2026-07-06 12:28:00,UCU.V,,4.53000020980835,4.53000020980835,4.53000020980835,4.53000020980835,800.0
2026-07-06 12:28:00,USCU.V,,0.17000000178813934,0.17000000178813934,0.17000000178813934,0.17000000178813934,500.0
2026-07-06 12:28:00,VCT.V,,0.10999999940395355,0.10999999940395355,0.10999999940395355,0.10999999940395355,500.0
2026-07-06 12:28:00,WCU.V,,0.009999999776482582,0.009999999776482582,0.009999999776482582,0.009999999776482582,1000.0
2026-07-06 12:28:00,WRLG.V,,0.6700000166893005,0.6700000166893005,0.6700000166893005,0.6700000166893005,5750.0
2026-07-06 12:29:00,AUMB.V,,0.6600000262260437,0.6600000262260437,0.6600000262260437,0.6600000262260437,10000.0
2026-07-06 12:29:00,UCU.V,,4.519999980926514,4.519999980926514,4.519999980926514,4.519999980926514,100.0
2026-07-06 12:29:00,VCI.V,,6.230000019073486,6.230000019073486,6.230000019073486,6.230000019073486,0.0
2026-07-06 12:30:00,THX.V,,1.090000033378601,1.090000033378601,1.090000033378601,1.090000033378601,100.0
2026-07-06 12:31:00,AUMB.V,,0.6650000214576721,0.6650000214576721,0.6650000214576721,0.6650000214576721,500.0
2026-07-06 12:31:00,TUD.V,,0.8949999809265137,0.8949999809265137,0.8949999809265137,0.8949999809265137,500.0
2026-07-06 12:31:00,VCT.V,,0.10999999940395355,0.10999999940395355,0.10999999940395355,0.10999999940395355,4000.0
2026-07-06 12:31:00,VLI.V,,0.009999999776482582,0.009999999776482582,0.009999999776482582,0.009999999776482582,25000.0
2026-07-06 12:31:00,WGO.V,,1.7649999856948853,1.7649999856948853,1.7649999856948853,1.7649999856948853,100.0
2026-07-06 12:31:00,WRLG.V,,0.6600000262260437,0.6600000262260437,0.6600000262260437,0.6600000262260437,10620.0
2026-07-06 12:31:00,ZDC.V,,5.619999885559082,5.619999885559082,5.619999885559082,5.619999885559082,100.0
2026-07-06 12:32:00,AUMB.V,,0.6650000214576721,0.6650000214576721,0.6650000214576721,0.6650000214576721,500.0
2026-07-06 12:32:00,THX.V,,1.090000033378601,1.090000033378601,1.090000033378601,1.090000033378601,100.0
2026-07-06 12:32:00,UCU.V,,4.579999923706055,4.579999923706055,4.545000076293945,4.545000076293945,800.0
2026-07-06 12:33:00,ZDC.V,,5.590000152587891,5.590000152587891,5.590000152587891,5.590000152587891,700.0
2026-07-06 12:34:00,THX.V,,1.090000033378601,1.090000033378601,1.090000033378601,1.090000033378601,100.0
2026-07-06 12:35:00,NILI.V,,0.7200000286102295,0.7200000286102295,0.7200000286102295,0.7200000286102295,500.0
2026-07-06 12:35:00,TUD.V,,0.8949999809265137,0.8949999809265137,0.8949999809265137,0.8949999809265137,500.0
2026-07-06 12:35:00,VCT.V,,0.10999999940395355,0.10999999940395355,0.10999999940395355,0.10999999940395355,37000.0
2026-07-06 12:35:00,ZDC.V,,5.599999904632568,5.599999904632568,5.599999904632568,5.599999904632568,100000.0
2026-07-06 12:36:00,SURG.V,,0.5699999928474426,0.5699999928474426,0.5699999928474426,0.5699999928474426,4000.0
2026-07-06 12:36:00,THX.V,,1.090000033378601,1.090000033378601,1.090000033378601,1.090000033378601,200.0
2026-07-06 12:36:00,TSG.V,,0.1550000011920929,0.1550000011920929,0.1550000011920929,0.1550000011920929,18963.0
2026-07-06 12:36:00,ZDC.V,,5.650000095367432,5.650000095367432,5.639999866485596,5.639999866485596,1502.0
2026-07-06 12:36:00,ZOMD.V,,0.5600000023841858,0.5600000023841858,0.5600000023841858,0.5600000023841858,50617.0
2026-07-06 12:37:00,AUMB.V,,0.6700000166893005,0.6700000166893005,0.6700000166893005,0.6700000166893005,15000.0
2026-07-06 12:37:00,ZDC.V,,5.659999847412109,5.659999847412109,5.650000095367432,5.650000095367432,1002.0
2026-07-06 12:38:00,THX.V,,1.090000033378601,1.090000033378601,1.090000033378601,1.090000033378601,100.0
2026-07-06 12:39:00,TUD.V,,0.8999999761581421,0.8999999761581421,0.8949999809265137,0.8949999809265137,1500.0
2026-07-06 12:39:00,UCU.V,,4.539999961853027,4.550000190734863,4.539999961853027,4.550000190734863,600.0
2026-07-06 12:40:00,THX.V,,1.090000033378601,1.090000033378601,1.090000033378601,1.090000033378601,100.0
2026-07-06 12:40:00,TUD.V,,0.8999999761581421,0.8999999761581421,0.8999999761581421,0.8999999761581421,3000.0
2026-07-06 12:40:00,UCU.V,,4.559999942779541,4.559999942779541,4.559999942779541,4.559999942779541,2000.0
2026-07-06 12:40:00,VCT.V,,0.10999999940395355,0.10999999940395355,0.10999999940395355,0.10999999940395355,500.0
2026-07-06 12:40:00,ZDC.V,,5.650000095367432,5.650000095367432,5.650000095367432,5.650000095367432,100.0
2026-07-06 12:41:00,NILI.V,,0.7200000286102295,0.7200000286102295,0.7200000286102295,0.7200000286102295,500.0
2026-07-06 12:41:00,UCU.V,,4.550000190734863,4.559999942779541,4.550000190734863,4.559999942779541,600.0
2026-07-06 12:41:00,ZDC.V,,5.650000095367432,5.650000095367432,5.650000095367432,5.650000095367432,272.0
2026-07-06 12:42:00,AUMB.V,,0.675000011920929,0.675000011920929,0.675000011920929,0.675000011920929,500.0
2026-07-06 12:42:00,TAJ.V,,0.20499999821186066,0.20499999821186066,0.20499999821186066,0.20499999821186066,4000.0
2026-07-06 12:42:00,THX.V,,1.090000033378601,1.090000033378601,1.090000033378601,1.090000033378601,2900.0
2026-07-06 12:42:00,VCT.V,,0.10499999672174454,0.10499999672174454,0.10499999672174454,0.10499999672174454,105000.0
2026-07-06 12:42:00,ZDC.V,,5.650000095367432,5.650000095367432,5.650000095367432,5.650000095367432,1100.0
2026-07-06 12:43:00,THX.V,,1.090000033378601,1.090000033378601,1.090000033378601,1.090000033378601,100.0
2026-07-06 12:44:00,THX.V,,1.090000033378601,1.090000033378601,1.090000033378601,1.090000033378601,100.0
2026-07-06 12:44:00,UCU.V,,4.570000171661377,4.570000171661377,4.570000171661377,4.570000171661377,200.0
2026-07-06 12:44:00,WHY.V,,0.3199999928474426,0.3199999928474426,0.3199999928474426,0.3199999928474426,5000.0
2026-07-06 12:44:00,ZDC.V,,5.650000095367432,5.650000095367432,5.650000095367432,5.650000095367432,100.0
2026-07-06 12:44:00,ZEN.V,,0.6600000262260437,0.6600000262260437,0.6600000262260437,0.6600000262260437,500.0
2026-07-06 12:45:00,NILI.V,,0.7300000190734863,0.7300000190734863,0.7300000190734863,0.7300000190734863,2000.0
2026-07-06 12:45:00,TOI.V,,91.94999694824219,91.94999694824219,91.94999694824219,91.94999694824219,125.0
2026-07-06 12:45:00,TUD.V,,0.8999999761581421,0.8999999761581421,0.8999999761581421,0.8999999761581421,1000.0
2026-07-06 12:45:00,UCU.V,,4.550000190734863,4.550000190734863,4.550000190734863,4.550000190734863,200.0
2026-07-06 12:45:00,ZDC.V,,5.650000095367432,5.650000095367432,5.650000095367432,5.650000095367432,100.0
2026-07-06 12:46:00,TOI.V,,91.94999694824219,92.05999755859375,91.94999694824219,91.94999694824219,300.0
2026-07-06 12:46:00,VCU.V,,1.0800000429153442,1.0800000429153442,1.0800000429153442,1.0800000429153442,200.0
2026-07-06 12:46:00,WHY.V,,0.3199999928474426,0.3199999928474426,0.3199999928474426,0.3199999928474426,1500.0
2026-07-06 12:47:00,THX.V,,1.090000033378601,1.090000033378601,1.090000033378601,1.090000033378601,200.0
2026-07-06 12:47:00,TUD.V,,0.8949999809265137,0.8949999809265137,0.8949999809265137,0.8949999809265137,500.0
2026-07-06 12:47:00,WHN.V,,0.30000001192092896,0.30000001192092896,0.30000001192092896,0.30000001192092896,7500.0
2026-07-06 12:48:00,AUMB.V,,0.675000011920929,0.675000011920929,0.675000011920929,0.675000011920929,500.0
2026-07-06 12:49:00,TOI.V,,92.13999938964844,92.13999938964844,92.13999938964844,92.13999938964844,400.0
2026-07-06 12:49:00,TUD.V,,0.8999999761581421,0.8999999761581421,0.8999999761581421,0.8999999761581421,2000.0
2026-07-06 12:49:00,ZDC.V,,5.650000095367432,5.650000095367432,5.650000095367432,5.650000095367432,100.0
2026-07-06 12:50:00,THX.V,,1.090000033378601,1.090000033378601,1.090000033378601,1.090000033378601,100.0
2026-07-06 12:52:00,THX.V,,1.0850000381469727,1.0850000381469727,1.0850000381469727,1.0850000381469727,800.0
2026-07-06 12:52:00,TOI.V,,92.22000122070312,92.22000122070312,92.22000122070312,92.22000122070312,100.0
2026-07-06 12:52:00,WGO.V,,1.7699999809265137,1.7699999809265137,1.7699999809265137,1.7699999809265137,100.0
2026-07-06 12:53:00,AUMB.V,,0.675000011920929,0.675000011920929,0.675000011920929,0.675000011920929,500.0
2026-07-06 12:53:00,THX.V,,1.090000033378601,1.090000033378601,1.090000033378601,1.090000033378601,100.0
2026-07-06 12:53:00,TUD.V,,0.8999999761581421,0.8999999761581421,0.8999999761581421,0.8999999761581421,500.0
2026-07-06 12:53:00,WEX.V,,0.5799999833106995,0.5799999833106995,0.5799999833106995,0.5799999833106995,12000.0
2026-07-06 12:53:00,ZDC.V,,5.650000095367432,5.650000095367432,5.650000095367432,5.650000095367432,100.0
2026-07-06 12:54:00,THX.V,,1.090000033378601,1.090000033378601,1.090000033378601,1.090000033378601,5000.0
2026-07-06 12:54:00,ZDC.V,,5.650000095367432,5.650000095367432,5.650000095367432,5.650000095367432,34600.0
2026-07-06 12:55:00,TDG.V,,0.5,0.5,0.5,0.5,6000.0
2026-07-06 12:55:00,THX.V,,1.090000033378601,1.090000033378601,1.090000033378601,1.090000033378601,100.0
2026-07-06 12:55:00,TUD.V,,0.8999999761581421,0.8999999761581421,0.8999999761581421,0.8999999761581421,1000.0
2026-07-06 12:55:00,VCU.V,,1.0800000429153442,1.0800000429153442,1.0800000429153442,1.0800000429153442,700.0
2026-07-06 12:55:00,ZDC.V,,5.650000095367432,5.650000095367432,5.650000095367432,5.650000095367432,1800.0
2026-07-06 12:56:00,AUMB.V,,0.6800000071525574,0.6800000071525574,0.675000011920929,0.675000011920929,9000.0
2026-07-06 12:56:00,NILI.V,,0.7200000286102295,0.7200000286102295,0.7200000286102295,0.7200000286102295,500.0
2026-07-06 12:56:00,TUD.V,,0.8999999761581421,0.8999999761581421,0.8999999761581421,0.8999999761581421,500.0
2026-07-06 12:56:00,VCU.V,,1.0800000429153442,1.0800000429153442,1.0800000429153442,1.0800000429153442,100.0
2026-07-06 12:56:00,XTM.V,,0.07000000029802322,0.07000000029802322,0.07000000029802322,0.07000000029802322,103000.0
2026-07-06 12:57:00,THX.V,,1.090000033378601,1.090000033378601,1.090000033378601,1.090000033378601,5300.0
2026-07-06 12:57:00,TUD.V,,0.8999999761581421,0.8999999761581421,0.8999999761581421,0.8999999761581421,500.0
2026-07-06 12:57:00,VO.V,,0.07500000298023224,0.07500000298023224,0.07500000298023224,0.07500000298023224,1000.0
2026-07-06 12:57:00,WRR.V,,0.23999999463558197,0.24500000476837158,0.23999999463558197,0.24500000476837158,0.0
2026-07-06 12:57:00,ZDC.V,,5.650000095367432,5.650000095367432,5.650000095367432,5.650000095367432,100.0
2026-07-06 12:58:00,AUMB.V,,0.675000011920929,0.675000011920929,0.675000011920929,0.675000011920929,500.0
2026-07-06 12:58:00,TSG.V,,0.1550000011920929,0.1550000011920929,0.1550000011920929,0.1550000011920929,700.0
2026-07-06 12:58:00,TUD.V,,0.8999999761581421,0.8999999761581421,0.8999999761581421,0.8999999761581421,500.0
2026-07-06 12:58:00,VCV.V,,0.07000000029802322,0.07000000029802322,0.07000000029802322,0.07000000029802322,30000.0
2026-07-06 12:58:00,WGO.V,,1.7699999809265137,1.7699999809265137,1.7699999809265137,1.7699999809265137,100.0
2026-07-06 12:59:00,TOI.V,,91.93000030517578,91.94999694824219,91.93000030517578,91.94999694824219,210.0
2026-07-06 12:59:00,TUD.V,,0.8999999761581421,0.8999999761581421,0.8999999761581421,0.8999999761581421,500.0
2026-07-06 12:59:00,UCU.V,,4.559999942779541,4.559999942779541,4.559999942779541,4.559999942779541,200.0
2026-07-06 13:00:00,TUD.V,,0.8999999761581421,0.8999999761581421,0.8999999761581421,0.8999999761581421,500.0
2026-07-06 13:01:00,TECT.V,,2.309999942779541,2.309999942779541,2.309999942779541,2.309999942779541,300.0
2026-07-06 13:01:00,TUD.V,,0.8999999761581421,0.8999999761581421,0.8999999761581421,0.8999999761581421,500.0
2026-07-06 13:01:00,UCU.V,,4.570000171661377,4.570000171661377,4.559999942779541,4.559999942779541,353.0
2026-07-06 13:02:00,TUD.V,,0.9200000166893005,0.9200000166893005,0.8999999761581421,0.8999999761581421,44000.0
2026-07-06 13:03:00,AUMB.V,,0.675000011920929,0.675000011920929,0.675000011920929,0.675000011920929,2500.0
2026-07-06 13:03:00,UCU.V,,4.550000190734863,4.550000190734863,4.550000190734863,4.550000190734863,800.0
2026-07-06 13:03:00,WRLG.V,,0.6499999761581421,0.6499999761581421,0.6499999761581421,0.6499999761581421,5500.0
2026-07-06 13:03:00,ZEN.V,,0.6600000262260437,0.6600000262260437,0.6600000262260437,0.6600000262260437,5500.0
2026-07-06 13:04:00,AUMB.V,,0.675000011920929,0.675000011920929,0.675000011920929,0.675000011920929,500.0
2026-07-06 13:04:00,TGOL.V,,0.10999999940395355,0.10999999940395355,0.10999999940395355,0.10999999940395355,1904.0
2026-07-06 13:05:00,THX.V,,1.100000023841858,1.100000023841858,1.100000023841858,1.100000023841858,100.0
2026-07-06 13:05:00,UCU.V,,4.559999942779541,4.559999942779541,4.559999942779541,4.559999942779541,100.0
2026-07-06 13:05:00,VCU.V,,1.0800000429153442,1.0800000429153442,1.0800000429153442,1.0800000429153442,100.0
2026-07-06 13:06:00,AUMB.V,,0.6700000166893005,0.6700000166893005,0.6700000166893005,0.6700000166893005,5000.0
2026-07-06 13:06:00,THX.V,,1.100000023841858,1.100000023841858,1.100000023841858,1.100000023841858,100.0
2026-07-06 13:06:00,TUD.V,,0.9100000262260437,0.9100000262260437,0.9100000262260437,0.9100000262260437,2000.0
2026-07-06 13:06:00,WRLG.V,,0.6600000262260437,0.6600000262260437,0.6600000262260437,0.6600000262260437,500.0
2026-07-06 13:07:00,TECT.V,,2.299999952316284,2.309999942779541,2.299999952316284,2.309999942779541,1200.0
2026-07-06 13:07:00,TUD.V,,0.9100000262260437,0.9100000262260437,0.9100000262260437,0.9100000262260437,4000.0
2026-07-06 13:08:00,THX.V,,1.100000023841858,1.100000023841858,1.100000023841858,1.100000023841858,100.0
2026-07-06 13:08:00,TUD.V,,0.9100000262260437,0.9100000262260437,0.9100000262260437,0.9100000262260437,1000.0
2026-07-06 13:09:00,AUMB.V,,0.675000011920929,0.675000011920929,0.675000011920929,0.675000011920929,500.0
2026-07-06 13:09:00,SURG.V,,0.5649999976158142,0.5649999976158142,0.5649999976158142,0.5649999976158142,500.0
2026-07-06 13:09:00,TUD.V,,0.9100000262260437,0.9100000262260437,0.9100000262260437,0.9100000262260437,1500.0
2026-07-06 13:09:00,UCU.V,,4.579999923706055,4.579999923706055,4.579999923706055,4.579999923706055,500.0
2026-07-06 13:10:00,THX.V,,1.100000023841858,1.100000023841858,1.100000023841858,1.100000023841858,100.0
2026-07-06 13:10:00,TUD.V,,0.9100000262260437,0.9100000262260437,0.9100000262260437,0.9100000262260437,500.0
2026-07-06 13:11:00,TIG.V,,0.6499999761581421,0.6499999761581421,0.6499999761581421,0.6499999761581421,500.0
2026-07-06 13:11:00,TOI.V,,91.80999755859375,91.80999755859375,91.80999755859375,91.80999755859375,100.0
2026-07-06 13:11:00,TUD.V,,0.9100000262260437,0.9100000262260437,0.9100000262260437,0.9100000262260437,1500.0
2026-07-06 13:12:00,THX.V,,1.100000023841858,1.100000023841858,1.100000023841858,1.100000023841858,100.0
2026-07-06 13:12:00,TUD.V,,0.9100000262260437,0.9100000262260437,0.9100000262260437,0.9100000262260437,1000.0
2026-07-06 13:13:00,THX.V,,1.100000023841858,1.100000023841858,1.100000023841858,1.100000023841858,100.0
2026-07-06 13:13:00,TOI.V,,92.0,92.19999694824219,92.0,92.1500015258789,1700.0
2026-07-06 13:13:00,TUD.V,,0.9100000262260437,0.9100000262260437,0.9100000262260437,0.9100000262260437,1500.0
2026-07-06 13:13:00,WRLG.V,,0.6499999761581421,0.6549999713897705,0.6499999761581421,0.6549999713897705,63705.0
2026-07-06 13:14:00,TUD.V,,0.9100000262260437,0.9100000262260437,0.9100000262260437,0.9100000262260437,1000.0
2026-07-06 13:14:00,VCT.V,,0.10499999672174454,0.10499999672174454,0.10499999672174454,0.10499999672174454,2500.0
2026-07-06 13:14:00,WRLG.V,,0.6449999809265137,0.6499999761581421,0.6449999809265137,0.6499999761581421,71500.0
2026-07-06 13:15:00,AUMB.V,,0.675000011920929,0.675000011920929,0.675000011920929,0.675000011920929,500.0
2026-07-06 13:15:00,TIG.V,,0.6499999761581421,0.6499999761581421,0.6499999761581421,0.6499999761581421,3000.0
2026-07-06 13:15:00,TUD.V,,0.9100000262260437,0.9100000262260437,0.9100000262260437,0.9100000262260437,1000.0
2026-07-06 13:15:00,UCU.V,,4.550000190734863,4.559999942779541,4.550000190734863,4.559999942779541,900.0
2026-07-06 13:15:00,WMS.V,,0.03999999910593033,0.03999999910593033,0.03999999910593033,0.03999999910593033,10000.0
2026-07-06 13:15:00,WRLG.V,,0.6499999761581421,0.6499999761581421,0.6499999761581421,0.6499999761581421,138400.0
2026-07-06 13:16:00,THX.V,,1.100000023841858,1.100000023841858,1.100000023841858,1.100000023841858,100.0
2026-07-06 13:16:00,TLT.V,,0.27000001072883606,0.27000001072883606,0.27000001072883606,0.27000001072883606,4000.0
2026-07-06 13:16:00,TUD.V,,0.9100000262260437,0.9100000262260437,0.9100000262260437,0.9100000262260437,1000.0
2026-07-06 13:17:00,TGOL.V,,0.10999999940395355,0.10999999940395355,0.10999999940395355,0.10999999940395355,19500.0
2026-07-06 13:17:00,TUD.V,,0.9100000262260437,0.9100000262260437,0.9100000262260437,0.9100000262260437,1000.0
2026-07-06 13:17:00,UCU.V,,4.550000190734863,4.550000190734863,4.550000190734863,4.550000190734863,100.0
2026-07-06 13:17:00,WEB.V,,1.0399999618530273,1.0399999618530273,1.0399999618530273,1.0399999618530273,100.0
2026-07-06 13:18:00,TECT.V,,2.309999942779541,2.309999942779541,2.309999942779541,2.309999942779541,100.0
2026-07-06 13:18:00,THX.V,,1.100000023841858,1.100000023841858,1.100000023841858,1.100000023841858,100.0
2026-07-06 13:18:00,TUD.V,,0.9100000262260437,0.9100000262260437,0.9100000262260437,0.9100000262260437,500.0
2026-07-06 13:18:00,UCU.V,,4.550000190734863,4.550000190734863,4.550000190734863,4.550000190734863,213.0
2026-07-06 13:19:00,AUMB.V,,0.675000011920929,0.675000011920929,0.675000011920929,0.675000011920929,1000.0
2026-07-06 13:19:00,TGOL.V,,0.10999999940395355,0.10999999940395355,0.10999999940395355,0.10999999940395355,72000.0
2026-07-06 13:19:00,TUD.V,,0.9100000262260437,0.9100000262260437,0.9100000262260437,0.9100000262260437,1500.0
2026-07-06 13:19:00,VCU.V,,1.0700000524520874,1.0800000429153442,1.0700000524520874,1.0800000429153442,5400.0
2026-07-06 13:19:00,VM.V,,0.14000000059604645,0.14000000059604645,0.14000000059604645,0.14000000059604645,3000.0
2026-07-06 13:19:00,WRLG.V,,0.6499999761581421,0.6499999761581421,0.6499999761581421,0.6499999761581421,6100.0
2026-07-06 13:20:00,THX.V,,1.100000023841858,1.100000023841858,1.100000023841858,1.100000023841858,267.0
2026-07-06 13:20:00,TOI.V,,92.25,92.25,92.25,92.25,227.0
2026-07-06 13:20:00,TUD.V,,0.9100000262260437,0.9100000262260437,0.9100000262260437,0.9100000262260437,500.0
2026-07-06 13:20:00,UGD.V,,0.2199999988079071,0.22499999403953552,0.2199999988079071,0.22499999403953552,9500.0
2026-07-06 13:20:00,WRLG.V,,0.6499999761581421,0.6499999761581421,0.6499999761581421,0.6499999761581421,1000.0
2026-07-06 13:21:00,AUMB.V,,0.675000011920929,0.675000011920929,0.675000011920929,0.675000011920929,500.0
2026-07-06 13:21:00,TMET.V,,0.10999999940395355,0.10999999940395355,0.10999999940395355,0.10999999940395355,500.0
2026-07-06 13:21:00,TUD.V,,0.9100000262260437,0.9100000262260437,0.9100000262260437,0.9100000262260437,1300.0
2026-07-06 13:21:00,USS.V,,0.6200000047683716,0.6299999952316284,0.6200000047683716,0.6299999952316284,0.0
2026-07-06 13:22:00,SURG.V,,0.5699999928474426,0.5699999928474426,0.5699999928474426,0.5699999928474426,2500.0
2026-07-06 13:22:00,TOI.V,,92.18000030517578,92.18000030517578,92.18000030517578,92.18000030517578,409.0
2026-07-06 13:22:00,TUD.V,,0.9100000262260437,0.9100000262260437,0.9100000262260437,0.9100000262260437,500.0
2026-07-06 13:23:00,SURG.V,,0.5649999976158142,0.5649999976158142,0.5649999976158142,0.5649999976158142,500.0
2026-07-06 13:23:00,THX.V,,1.100000023841858,1.100000023841858,1.100000023841858,1.100000023841858,100.0
2026-07-06 13:23:00,TIG.V,,0.6399999856948853,0.6399999856948853,0.6399999856948853,0.6399999856948853,6500.0
2026-07-06 13:23:00,TUD.V,,0.9100000262260437,0.9100000262260437,0.9100000262260437,0.9100000262260437,500.0
2026-07-06 13:23:00,WRLG.V,,0.6499999761581421,0.6499999761581421,0.6499999761581421,0.6499999761581421,5000.0
2026-07-06 13:24:00,NILI.V,,0.7200000286102295,0.7200000286102295,0.7200000286102295,0.7200000286102295,500.0
2026-07-06 13:24:00,THX.V,,1.100000023841858,1.100000023841858,1.100000023841858,1.100000023841858,100.0
2026-07-06 13:24:00,TIG.V,,0.6399999856948853,0.6399999856948853,0.6399999856948853,0.6399999856948853,3500.0
2026-07-06 13:24:00,TUD.V,,0.9100000262260437,0.9100000262260437,0.9100000262260437,0.9100000262260437,500.0
2026-07-06 13:24:00,XIM.V,,0.09000000357627869,0.09000000357627869,0.09000000357627869,0.09000000357627869,30000.0
2026-07-06 13:24:00,ZEN.V,,0.6499999761581421,0.6499999761581421,0.6499999761581421,0.6499999761581421,1000.0
2026-07-06 13:25:00,NILI.V,,0.7300000190734863,0.7300000190734863,0.7300000190734863,0.7300000190734863,17500.0
2026-07-06 13:25:00,TUD.V,,0.9100000262260437,0.9100000262260437,0.9100000262260437,0.9100000262260437,1000.0
2026-07-06 13:25:00,WEB.V,,1.0299999713897705,1.0299999713897705,1.0299999713897705,1.0299999713897705,5078.0
2026-07-06 13:26:00,AUMB.V,,0.675000011920929,0.675000011920929,0.675000011920929,0.675000011920929,500.0
2026-07-06 13:26:00,THX.V,,1.100000023841858,1.100000023841858,1.100000023841858,1.100000023841858,100.0
2026-07-06 13:26:00,TUD.V,,0.9100000262260437,0.9100000262260437,0.9100000262260437,0.9100000262260437,500.0
2026-07-06 13:26:00,VCV.V,,0.09000000357627869,0.09000000357627869,0.07000000029802322,0.07000000029802322,30500.0
2026-07-06 13:26:00,VUL.V,,0.44999998807907104,0.44999998807907104,0.44999998807907104,0.44999998807907104,5500.0
2026-07-06 13:26:00,ZOMD.V,,0.5649999976158142,0.5649999976158142,0.5649999976158142,0.5649999976158142,500.0
2026-07-06 13:27:00,THX.V,,1.100000023841858,1.100000023841858,1.100000023841858,1.100000023841858,100.0
2026-07-06 13:27:00,TUD.V,,0.9100000262260437,0.9100000262260437,0.9100000262260437,0.9100000262260437,1000.0
2026-07-06 13:28:00,THX.V,,1.100000023841858,1.100000023841858,1.100000023841858,1.100000023841858,100.0
2026-07-06 13:28:00,UCU.V,,4.550000190734863,4.550000190734863,4.550000190734863,4.550000190734863,300.0
2026-07-06 13:29:00,TUD.V,,0.9100000262260437,0.9100000262260437,0.9100000262260437,0.9100000262260437,500.0
2026-07-06 13:29:00,VAU.V,,0.15000000596046448,0.15000000596046448,0.14000000059604645,0.14000000059604645,0.0
2026-07-06 13:29:00,ZDC.V,,5.650000095367432,5.650000095367432,5.650000095367432,5.650000095367432,5750.0
2026-07-06 13:30:00,THX.V,,1.100000023841858,1.100000023841858,1.100000023841858,1.100000023841858,100.0
2026-07-06 13:30:00,TUD.V,,0.9100000262260437,0.9100000262260437,0.9100000262260437,0.9100000262260437,1000.0
2026-07-06 13:31:00,LOT.V,,0.03999999910593033,0.03999999910593033,0.03999999910593033,0.03999999910593033,10000.0
2026-07-06 13:31:00,VO.V,,0.07500000298023224,0.07500000298023224,0.07500000298023224,0.07500000298023224,3000.0
2026-07-06 13:32:00,AUMB.V,,0.675000011920929,0.675000011920929,0.675000011920929,0.675000011920929,500.0
2026-07-06 13:32:00,RARE.V,,7.449999809265137,7.53000020980835,7.449999809265137,7.53000020980835,1000.0
2026-07-06 13:32:00,SYG.V,,0.04500000178813934,0.04500000178813934,0.04500000178813934,0.04500000178813934,50000.0
2026-07-06 13:32:00,THX.V,,1.100000023841858,1.100000023841858,1.100000023841858,1.100000023841858,200.0
2026-07-06 13:32:00,TUD.V,,0.9100000262260437,0.9100000262260437,0.9100000262260437,0.9100000262260437,500.0
2026-07-06 13:32:00,ZDC.V,,5.650000095367432,5.650000095367432,5.650000095367432,5.650000095367432,200.0
2026-07-06 13:33:00,TUD.V,,0.9100000262260437,0.9100000262260437,0.9100000262260437,0.9100000262260437,500.0
2026-07-06 13:33:00,TVI.V,,0.05999999865889549,0.05999999865889549,0.05999999865889549,0.05999999865889549,36000.0
2026-07-06 13:33:00,ZDC.V,,5.650000095367432,5.650000095367432,5.650000095367432,5.650000095367432,300.0
2026-07-06 13:34:00,NILI.V,,0.7200000286102295,0.7200000286102295,0.7200000286102295,0.7200000286102295,500.0
2026-07-06 13:34:00,THX.V,,1.100000023841858,1.100000023841858,1.100000023841858,1.100000023841858,100.0
2026-07-06 13:34:00,TUD.V,,0.9100000262260437,0.9100000262260437,0.9100000262260437,0.9100000262260437,500.0
2026-07-06 13:34:00,ZDC.V,,5.650000095367432,5.650000095367432,5.630000114440918,5.630000114440918,1400.0
2026-07-06 13:35:00,TTGI.V,,0.04500000178813934,0.04500000178813934,0.04500000178813934,0.04500000178813934,49000.0
2026-07-06 13:35:00,UCU.V,,4.559999942779541,4.559999942779541,4.550000190734863,4.550000190734863,200.0
2026-07-06 13:35:00,VIO.V,,0.10999999940395355,0.10999999940395355,0.10999999940395355,0.10999999940395355,2000.0
2026-07-06 13:35:00,WEX.V,,0.5699999928474426,0.5699999928474426,0.5699999928474426,0.5699999928474426,500.0
2026-07-06 13:35:00,WRLG.V,,0.6499999761581421,0.6499999761581421,0.6499999761581421,0.6499999761581421,3500.0
2026-07-06 13:36:00,SURG.V,,0.5649999976158142,0.5649999976158142,0.5649999976158142,0.5649999976158142,500.0
2026-07-06 13:36:00,SYG.V,,0.04500000178813934,0.04500000178813934,0.04500000178813934,0.04500000178813934,4000.0
2026-07-06 13:36:00,THX.V,,1.100000023841858,1.100000023841858,1.100000023841858,1.100000023841858,100.0
2026-07-06 13:36:00,TUD.V,,0.9100000262260437,0.9100000262260437,0.9100000262260437,0.9100000262260437,500.0
2026-07-06 13:37:00,TTS.V,,2.799999952316284,2.799999952316284,2.799999952316284,2.799999952316284,300.0
2026-07-06 13:37:00,TUD.V,,0.9100000262260437,0.9100000262260437,0.9100000262260437,0.9100000262260437,500.0
2026-07-06 13:38:00,AUMB.V,,0.675000011920929,0.675000011920929,0.675000011920929,0.675000011920929,500.0
2026-07-06 13:38:00,THX.V,,1.100000023841858,1.100000023841858,1.100000023841858,1.100000023841858,100.0
2026-07-06 13:38:00,TUD.V,,0.9100000262260437,0.9100000262260437,0.9100000262260437,0.9100000262260437,500.0
2026-07-06 13:38:00,TUK.V,,0.019999999552965164,0.019999999552965164,0.019999999552965164,0.019999999552965164,10000.0
2026-07-06 13:38:00,ZDC.V,,5.639999866485596,5.650000095367432,5.639999866485596,5.650000095367432,400.0
2026-07-06 13:39:00,TOI.V,,92.0,92.01000213623047,92.0,92.01000213623047,500.0
2026-07-06 13:39:00,ZDC.V,,5.630000114440918,5.650000095367432,5.630000114440918,5.639999866485596,700.0
2026-07-06 13:40:00,SURG.V,,0.5699999928474426,0.5699999928474426,0.5699999928474426,0.5699999928474426,500.0
2026-07-06 13:40:00,THX.V,,1.100000023841858,1.100000023841858,1.100000023841858,1.100000023841858,100.0
2026-07-06 13:40:00,VUL.V,,0.45500001311302185,0.45500001311302185,0.45500001311302185,0.45500001311302185,500.0
2026-07-06 13:40:00,XGC.V,,0.24500000476837158,0.24500000476837158,0.24500000476837158,0.24500000476837158,11000.0
2026-07-06 13:40:00,ZDC.V,,5.639999866485596,5.639999866485596,5.639999866485596,5.639999866485596,100.0
2026-07-06 13:41:00,AUMB.V,,0.6700000166893005,0.6700000166893005,0.6700000166893005,0.6700000166893005,500.0
2026-07-06 13:41:00,TUD.V,,0.9100000262260437,0.9100000262260437,0.9100000262260437,0.9100000262260437,500.0
2026-07-06 13:41:00,ZDC.V,,5.630000114440918,5.639999866485596,5.630000114440918,5.639999866485596,200.0
2026-07-06 13:42:00,TUD.V,,0.9100000262260437,0.9100000262260437,0.9100000262260437,0.9100000262260437,1000.0
2026-07-06 13:42:00,UCU.V,,4.53000020980835,4.53000020980835,4.53000020980835,4.53000020980835,1101.0
2026-07-06 13:42:00,ZDC.V,,5.639999866485596,5.639999866485596,5.639999866485596,5.639999866485596,100.0
2026-07-06 13:43:00,AUMB.V,,0.6700000166893005,0.6700000166893005,0.6700000166893005,0.6700000166893005,500.0
2026-07-06 13:43:00,NILI.V,,0.7200000286102295,0.7200000286102295,0.7200000286102295,0.7200000286102295,500.0
2026-07-06 13:43:00,THX.V,,1.100000023841858,1.100000023841858,1.100000023841858,1.100000023841858,100.0
2026-07-06 13:43:00,VCV.V,,0.07000000029802322,0.07000000029802322,0.07000000029802322,0.07000000029802322,45000.0
2026-07-06 13:43:00,WGO.V,,1.7699999809265137,1.7699999809265137,1.7649999856948853,1.7649999856948853,4000.0
2026-07-06 13:43:00,ZDC.V,,5.639999866485596,5.639999866485596,5.639999866485596,5.639999866485596,100.0
2026-07-06 13:44:00,AUMB.V,,0.675000011920929,0.675000011920929,0.675000011920929,0.675000011920929,500.0
2026-07-06 13:44:00,TUD.V,,0.9100000262260437,0.9100000262260437,0.9100000262260437,0.9100000262260437,1500.0
2026-07-06 13:44:00,VCT.V,,0.10499999672174454,0.10499999672174454,0.10499999672174454,0.10499999672174454,1000.0
2026-07-06 13:44:00,VUL.V,,0.44999998807907104,0.44999998807907104,0.44999998807907104,0.44999998807907104,10000.0
2026-07-06 13:44:00,ZDC.V,,5.630000114440918,5.639999866485596,5.630000114440918,5.639999866485596,200.0
2026-07-06 13:45:00,AUMB.V,,0.6700000166893005,0.6700000166893005,0.6700000166893005,0.6700000166893005,1000.0
2026-07-06 13:45:00,TUD.V,,0.9100000262260437,0.9100000262260437,0.9100000262260437,0.9100000262260437,1000.0
2026-07-06 13:45:00,ZDC.V,,5.639999866485596,5.639999866485596,5.639999866485596,5.639999866485596,100.0
2026-07-06 13:46:00,AUMB.V,,0.6700000166893005,0.6700000166893005,0.6700000166893005,0.6700000166893005,500.0
2026-07-06 13:46:00,THX.V,,1.100000023841858,1.100000023841858,1.100000023841858,1.100000023841858,100.0
2026-07-06 13:46:00,UCU.V,,4.53000020980835,4.53000020980835,4.53000020980835,4.53000020980835,100.0
2026-07-06 13:46:00,ZDC.V,,5.639999866485596,5.639999866485596,5.639999866485596,5.639999866485596,100.0
2026-07-06 13:47:00,TOI.V,,92.08499908447266,92.08499908447266,92.08499908447266,92.08499908447266,100.0
2026-07-06 13:47:00,TUD.V,,0.9150000214576721,0.9150000214576721,0.9150000214576721,0.9150000214576721,500.0
2026-07-06 13:47:00,ZDC.V,,5.639999866485596,5.639999866485596,5.639999866485596,5.639999866485596,100.0
2026-07-06 13:48:00,AUMB.V,,0.6700000166893005,0.6700000166893005,0.6700000166893005,0.6700000166893005,1500.0
2026-07-06 13:48:00,TOI.V,,92.16999816894531,92.16999816894531,92.0999984741211,92.0999984741211,502.0
2026-07-06 13:48:00,TUD.V,,0.9150000214576721,0.9150000214576721,0.9150000214576721,0.9150000214576721,500.0
2026-07-06 13:48:00,VCV.V,,0.07000000029802322,0.07000000029802322,0.07000000029802322,0.07000000029802322,10000.0
2026-07-06 13:48:00,ZDC.V,,5.630000114440918,5.630000114440918,5.630000114440918,5.630000114440918,100.0
2026-07-06 13:49:00,THX.V,,1.100000023841858,1.100000023841858,1.100000023841858,1.100000023841858,100.0
2026-07-06 13:49:00,VCU.V,,1.0700000524520874,1.0700000524520874,1.059999942779541,1.059999942779541,1200.0
2026-07-06 13:49:00,ZDC.V,,5.630000114440918,5.630000114440918,5.630000114440918,5.630000114440918,200.0
2026-07-06 13:50:00,AUMB.V,,0.675000011920929,0.675000011920929,0.6700000166893005,0.6700000166893005,1000.0
2026-07-06 13:50:00,TECT.V,,2.299999952316284,2.309999942779541,2.299999952316284,2.309999942779541,1000.0
2026-07-06 13:50:00,THX.V,,1.100000023841858,1.100000023841858,1.100000023841858,1.100000023841858,100.0
2026-07-06 13:50:00,TUD.V,,0.9100000262260437,0.9100000262260437,0.9100000262260437,0.9100000262260437,500.0
2026-07-06 13:50:00,VCV.V,,0.07000000029802322,0.07000000029802322,0.07000000029802322,0.07000000029802322,10000.0
2026-07-06 13:50:00,WGF.V,,0.20000000298023224,0.20000000298023224,0.20000000298023224,0.20000000298023224,11000.0
2026-07-06 13:50:00,ZDC.V,,5.639999866485596,5.639999866485596,5.639999866485596,5.639999866485596,100.0
2026-07-06 13:51:00,UCU.V,,4.559999942779541,4.559999942779541,4.559999942779541,4.559999942779541,100.0
2026-07-06 13:51:00,VCU.V,,1.0800000429153442,1.0800000429153442,1.0700000524520874,1.0700000524520874,1600.0
2026-07-06 13:51:00,VO.V,,0.07500000298023224,0.07500000298023224,0.07500000298023224,0.07500000298023224,4000.0
2026-07-06 13:51:00,ZDC.V,,5.630000114440918,5.630000114440918,5.630000114440918,5.630000114440918,100.0
2026-07-06 13:52:00,THX.V,,1.100000023841858,1.100000023841858,1.100000023841858,1.100000023841858,100.0
2026-07-06 13:52:00,VCT.V,,0.10499999672174454,0.10499999672174454,0.10499999672174454,0.10499999672174454,10500.0
2026-07-06 13:52:00,ZDC.V,,5.630000114440918,5.630000114440918,5.630000114440918,5.630000114440918,100.0
2026-07-06 13:53:00,TUD.V,,0.9100000262260437,0.9100000262260437,0.9100000262260437,0.9100000262260437,500.0
2026-07-06 13:53:00,UCU.V,,4.539999961853027,4.539999961853027,4.539999961853027,4.539999961853027,606.0
2026-07-06 13:53:00,VCT.V,,0.10499999672174454,0.10499999672174454,0.10499999672174454,0.10499999672174454,20000.0
2026-07-06 13:53:00,ZDC.V,,5.639999866485596,5.639999866485596,5.639999866485596,5.639999866485596,100.0
2026-07-06 13:54:00,BIRD.V,,0.18000000715255737,0.18000000715255737,0.18000000715255737,0.18000000715255737,5000.0
2026-07-06 13:54:00,THX.V,,1.100000023841858,1.100000023841858,1.100000023841858,1.100000023841858,144.0
2026-07-06 13:54:00,ZDC.V,,5.639999866485596,5.639999866485596,5.639999866485596,5.639999866485596,100.0
2026-07-06 13:55:00,AUMB.V,,0.675000011920929,0.675000011920929,0.675000011920929,0.675000011920929,500.0
2026-07-06 13:55:00,TUD.V,,0.9100000262260437,0.9100000262260437,0.9100000262260437,0.9100000262260437,500.0
2026-07-06 13:55:00,ZDC.V,,5.639999866485596,5.639999866485596,5.639999866485596,5.639999866485596,100.0
2026-07-06 13:56:00,TOI.V,,91.80000305175781,92.36000061035156,91.80000305175781,92.0999984741211,2105.0
2026-07-06 13:56:00,ZDC.V,,5.639999866485596,5.639999866485596,5.639999866485596,5.639999866485596,100.0
2026-07-06 13:57:00,THX.V,,1.100000023841858,1.100000023841858,1.100000023841858,1.100000023841858,100.0
2026-07-06 13:57:00,TMET.V,,0.10999999940395355,0.10999999940395355,0.10999999940395355,0.10999999940395355,4867.0
2026-07-06 13:57:00,WEB.V,,1.0,1.0,1.0,1.0,1086.0
2026-07-06 13:57:00,ZDC.V,,5.639999866485596,5.639999866485596,5.639999866485596,5.639999866485596,100.0
2026-07-06 13:58:00,TUD.V,,0.9100000262260437,0.9100000262260437,0.9100000262260437,0.9100000262260437,1000.0
2026-07-06 13:58:00,ZDC.V,,5.630000114440918,5.650000095367432,5.630000114440918,5.650000095367432,500.0
2026-07-06 13:59:00,THX.V,,1.100000023841858,1.100000023841858,1.100000023841858,1.100000023841858,100.0
2026-07-06 13:59:00,TOI.V,,91.80000305175781,91.80000305175781,91.80000305175781,91.80000305175781,200.0
2026-07-06 13:59:00,ZDC.V,,5.650000095367432,5.650000095367432,5.639999866485596,5.639999866485596,800.0
2026-07-06 14:00:00,TOI.V,,91.81999969482422,91.81999969482422,91.81999969482422,91.81999969482422,100.0
2026-07-06 14:00:00,TTS.V,,2.700000047683716,2.75,2.700000047683716,2.75,900.0
2026-07-06 14:00:00,USCU.V,,0.16500000655651093,0.16500000655651093,0.16500000655651093,0.16500000655651093,500.0
2026-07-06 14:00:00,ZDC.V,,5.639999866485596,5.639999866485596,5.639999866485596,5.639999866485596,100.0
2026-07-06 14:01:00,AUMB.V,,0.6700000166893005,0.6700000166893005,0.6700000166893005,0.6700000166893005,500.0
2026-07-06 14:01:00,TIG.V,,0.6399999856948853,0.6399999856948853,0.6399999856948853,0.6399999856948853,500.0
2026-07-06 14:02:00,AUMB.V,,0.6700000166893005,0.6700000166893005,0.6700000166893005,0.6700000166893005,500.0
2026-07-06 14:02:00,THX.V,,1.100000023841858,1.100000023841858,1.100000023841858,1.100000023841858,100.0
2026-07-06 14:02:00,TOI.V,,92.08000183105469,92.0999984741211,91.9000015258789,91.9000015258789,686.0
2026-07-06 14:02:00,WRLG.V,,0.6499999761581421,0.6499999761581421,0.6499999761581421,0.6499999761581421,500.0
2026-07-06 14:02:00,ZDC.V,,5.639999866485596,5.639999866485596,5.639999866485596,5.639999866485596,100.0
2026-07-06 14:03:00,AUMB.V,,0.6700000166893005,0.6700000166893005,0.6700000166893005,0.6700000166893005,500.0
2026-07-06 14:03:00,THX.V,,1.100000023841858,1.100000023841858,1.100000023841858,1.100000023841858,100.0
2026-07-06 14:03:00,ZDC.V,,5.639999866485596,5.639999866485596,5.639999866485596,5.639999866485596,200.0
2026-07-06 14:04:00,AUMB.V,,0.6700000166893005,0.6700000166893005,0.6700000166893005,0.6700000166893005,500.0
2026-07-06 14:04:00,THX.V,,1.100000023841858,1.100000023841858,1.100000023841858,1.100000023841858,100.0
2026-07-06 14:04:00,TUD.V,,0.9100000262260437,0.9100000262260437,0.9100000262260437,0.9100000262260437,1000.0
2026-07-06 14:04:00,ZDC.V,,5.639999866485596,5.639999866485596,5.639999866485596,5.639999866485596,100.0
2026-07-06 14:05:00,TECT.V,,2.299999952316284,2.299999952316284,2.299999952316284,2.299999952316284,100.0
2026-07-06 14:05:00,TOI.V,,92.23999786376953,92.23999786376953,92.23999786376953,92.23999786376953,295.0
2026-07-06 14:05:00,ZDC.V,,5.650000095367432,5.650000095367432,5.639999866485596,5.639999866485596,400.0
2026-07-06 14:06:00,AUMB.V,,0.6700000166893005,0.6700000166893005,0.6700000166893005,0.6700000166893005,1000.0
2026-07-06 14:06:00,THX.V,,1.100000023841858,1.100000023841858,1.100000023841858,1.100000023841858,100.0
2026-07-06 14:06:00,TTS.V,,2.5,2.6600000858306885,2.5,2.6600000858306885,2600.0
2026-07-06 14:06:00,ZDC.V,,5.639999866485596,5.639999866485596,5.639999866485596,5.639999866485596,100.0
2026-07-06 14:07:00,AUMB.V,,0.6700000166893005,0.6700000166893005,0.6700000166893005,0.6700000166893005,1000.0
2026-07-06 14:07:00,TLA.V,,0.5199999809265137,0.5400000214576721,0.5199999809265137,0.5400000214576721,0.0
2026-07-06 14:07:00,TOI.V,,92.20999908447266,92.20999908447266,92.20999908447266,92.20999908447266,200.0
2026-07-06 14:07:00,ZDC.V,,5.639999866485596,5.639999866485596,5.639999866485596,5.639999866485596,100.0
2026-07-06 14:08:00,THX.V,,1.100000023841858,1.100000023841858,1.100000023841858,1.100000023841858,100.0
2026-07-06 14:08:00,TOI.V,,91.94999694824219,92.0199966430664,91.94999694824219,92.0199966430664,1205.0
2026-07-06 14:08:00,TUD.V,,0.9100000262260437,0.9100000262260437,0.9100000262260437,0.9100000262260437,500.0
2026-07-06 14:08:00,USS.V,,0.6200000047683716,0.6200000047683716,0.6200000047683716,0.6200000047683716,500.0
2026-07-06 14:08:00,ZDC.V,,5.639999866485596,5.639999866485596,5.639999866485596,5.639999866485596,100.0
2026-07-06 14:09:00,AUMB.V,,0.6700000166893005,0.6700000166893005,0.6700000166893005,0.6700000166893005,2000.0
2026-07-06 14:09:00,LOT.V,,0.03999999910593033,0.03999999910593033,0.03999999910593033,0.03999999910593033,150000.0
2026-07-06 14:09:00,TOI.V,,91.95999908447266,91.95999908447266,91.95999908447266,91.95999908447266,200.0
2026-07-06 14:09:00,TORR.V,,0.550000011920929,0.550000011920929,0.550000011920929,0.550000011920929,0.0
2026-07-06 14:09:00,USS.V,,0.6200000047683716,0.6200000047683716,0.6200000047683716,0.6200000047683716,500.0
2026-07-06 14:10:00,SURG.V,,0.5649999976158142,0.5649999976158142,0.5649999976158142,0.5649999976158142,1000.0
2026-07-06 14:10:00,THX.V,,1.100000023841858,1.100000023841858,1.100000023841858,1.100000023841858,100.0
2026-07-06 14:10:00,TOI.V,,91.87999725341797,91.91000366210938,91.87999725341797,91.91000366210938,202.0
2026-07-06 14:10:00,VUL.V,,0.44999998807907104,0.45500001311302185,0.44999998807907104,0.45500001311302185,10400.0
2026-07-06 14:10:00,WHN.V,,0.29499998688697815,0.29499998688697815,0.29499998688697815,0.29499998688697815,1500.0
2026-07-06 14:10:00,ZDC.V,,5.650000095367432,5.650000095367432,5.650000095367432,5.650000095367432,200.0
2026-07-06 14:10:00,ZOMD.V,,0.5600000023841858,0.5600000023841858,0.550000011920929,0.5600000023841858,18500.0
2026-07-06 14:11:00,THX.V,,1.100000023841858,1.100000023841858,1.100000023841858,1.100000023841858,100.0
2026-07-06 14:12:00,TOI.V,,91.77999877929688,91.77999877929688,91.77999877929688,91.77999877929688,135.0
2026-07-06 14:12:00,TSLV.V,,0.0949999988079071,0.0949999988079071,0.0949999988079071,0.0949999988079071,1000.0
2026-07-06 14:12:00,TUD.V,,0.9100000262260437,0.9100000262260437,0.9100000262260437,0.9100000262260437,500.0
2026-07-06 14:12:00,ZDC.V,,5.650000095367432,5.650000095367432,5.650000095367432,5.650000095367432,100.0
2026-07-06 14:13:00,AUMB.V,,0.6700000166893005,0.6700000166893005,0.6700000166893005,0.6700000166893005,1500.0
2026-07-06 14:13:00,THX.V,,1.100000023841858,1.100000023841858,1.100000023841858,1.100000023841858,100.0
2026-07-06 14:13:00,UCU.V,,4.570000171661377,4.570000171661377,4.570000171661377,4.570000171661377,150.0
2026-07-06 14:14:00,AUMB.V,,0.6700000166893005,0.6700000166893005,0.6700000166893005,0.6700000166893005,500.0
2026-07-06 14:14:00,TUD.V,,0.9100000262260437,0.9100000262260437,0.9100000262260437,0.9100000262260437,500.0
2026-07-06 14:14:00,UCU.V,,4.579999923706055,4.579999923706055,4.579999923706055,4.579999923706055,100.0
2026-07-06 14:14:00,WED.V,,22.670000076293945,22.670000076293945,22.670000076293945,22.670000076293945,0.0
2026-07-06 14:15:00,AUMB.V,,0.6700000166893005,0.6700000166893005,0.6700000166893005,0.6700000166893005,500.0
2026-07-06 14:15:00,THX.V,,1.100000023841858,1.100000023841858,1.100000023841858,1.100000023841858,100.0
2026-07-06 14:15:00,TOI.V,,91.86000061035156,91.86000061035156,91.76000213623047,91.76000213623047,308.0
2026-07-06 14:16:00,AUMB.V,,0.6700000166893005,0.6700000166893005,0.6700000166893005,0.6700000166893005,500.0
2026-07-06 14:17:00,AUMB.V,,0.6700000166893005,0.6700000166893005,0.6700000166893005,0.6700000166893005,1000.0
2026-07-06 14:17:00,THX.V,,1.100000023841858,1.100000023841858,1.100000023841858,1.100000023841858,100.0
2026-07-06 14:17:00,TOI.V,,91.69999694824219,91.69999694824219,91.69999694824219,91.69999694824219,200.0
2026-07-06 14:17:00,WCU.V,,0.009999999776482582,0.009999999776482582,0.009999999776482582,0.009999999776482582,10000.0
2026-07-06 14:18:00,AUMB.V,,0.6700000166893005,0.6700000166893005,0.6700000166893005,0.6700000166893005,1000.0
2026-07-06 14:18:00,THX.V,,1.100000023841858,1.100000023841858,1.100000023841858,1.100000023841858,100.0
2026-07-06 14:18:00,TOI.V,,91.70999908447266,91.70999908447266,91.63999938964844,91.63999938964844,400.0
2026-07-06 14:18:00,TUD.V,,0.9100000262260437,0.9100000262260437,0.9100000262260437,0.9100000262260437,500.0
2026-07-06 14:19:00,AUMB.V,,0.6700000166893005,0.6700000166893005,0.6700000166893005,0.6700000166893005,500.0
2026-07-06 14:20:00,SURG.V,,0.5649999976158142,0.5649999976158142,0.5649999976158142,0.5649999976158142,500.0
2026-07-06 14:20:00,THX.V,,1.100000023841858,1.100000023841858,1.100000023841858,1.100000023841858,200.0
2026-07-06 14:20:00,TOI.V,,91.9000015258789,91.9000015258789,91.83000183105469,91.88999938964844,400.0
2026-07-06 14:20:00,TUD.V,,0.9100000262260437,0.9100000262260437,0.9100000262260437,0.9100000262260437,500.0
2026-07-06 14:20:00,WGO.V,,1.7699999809265137,1.7699999809265137,1.7699999809265137,1.7699999809265137,100.0
2026-07-06 14:20:00,WRLG.V,,0.6499999761581421,0.6499999761581421,0.6499999761581421,0.6499999761581421,500.0
2026-07-06 14:21:00,TOI.V,,91.72000122070312,91.7300033569336,91.72000122070312,91.7300033569336,350.0
2026-07-06 14:22:00,THX.V,,1.100000023841858,1.100000023841858,1.100000023841858,1.100000023841858,100.0
2026-07-06 14:22:00,TOI.V,,91.87000274658203,91.87000274658203,91.87000274658203,91.87000274658203,200.0
2026-07-06 14:22:00,VCU.V,,1.0700000524520874,1.0700000524520874,1.0700000524520874,1.0700000524520874,300.0
2026-07-06 14:23:00,TOI.V,,91.79000091552734,91.79000091552734,91.79000091552734,91.79000091552734,100.0
2026-07-06 14:23:00,TUD.V,,0.9150000214576721,0.9150000214576721,0.9150000214576721,0.9150000214576721,1000.0
2026-07-06 14:23:00,VRR.V,,0.0949999988079071,0.0949999988079071,0.0949999988079071,0.0949999988079071,50000.0
2026-07-06 14:23:00,WGO.V,,1.7699999809265137,1.7799999713897705,1.7699999809265137,1.7699999809265137,7100.0
2026-07-06 14:23:00,ZDC.V,,5.679999828338623,5.679999828338623,5.659999847412109,5.659999847412109,400.0
2026-07-06 14:24:00,AUMB.V,,0.675000011920929,0.675000011920929,0.675000011920929,0.675000011920929,500.0
2026-07-06 14:24:00,TGOL.V,,0.10999999940395355,0.10999999940395355,0.10999999940395355,0.10999999940395355,25000.0
2026-07-06 14:24:00,THX.V,,1.100000023841858,1.100000023841858,1.100000023841858,1.100000023841858,100.0
2026-07-06 14:24:00,TOI.V,,91.93000030517578,91.93000030517578,91.91000366210938,91.91000366210938,300.0
2026-07-06 14:24:00,UCU.V,,4.590000152587891,4.590000152587891,4.590000152587891,4.590000152587891,100.0
2026-07-06 14:25:00,TOI.V,,92.05999755859375,92.05999755859375,92.05999755859375,92.05999755859375,250.0
2026-07-06 14:25:00,TUD.V,,0.9150000214576721,0.9150000214576721,0.9100000262260437,0.9100000262260437,1000.0
2026-07-06 14:25:00,ZDC.V,,5.650000095367432,5.699999809265137,5.630000114440918,5.639999866485596,252400.0
2026-07-06 14:26:00,AUMB.V,,0.6700000166893005,0.6700000166893005,0.6700000166893005,0.6700000166893005,19800.0
2026-07-06 14:26:00,THX.V,,1.100000023841858,1.100000023841858,1.100000023841858,1.100000023841858,100.0
2026-07-06 14:26:00,TUD.V,,0.9150000214576721,0.9150000214576721,0.9150000214576721,0.9150000214576721,500.0
2026-07-06 14:27:00,THX.V,,1.100000023841858,1.100000023841858,1.100000023841858,1.100000023841858,100.0
2026-07-06 14:27:00,TOI.V,,92.08000183105469,92.08000183105469,92.0,92.0,300.0
2026-07-06 14:27:00,VAU.V,,0.14499999582767487,0.14499999582767487,0.14499999582767487,0.14499999582767487,14000.0
2026-07-06 14:27:00,WRLG.V,,0.6499999761581421,0.6499999761581421,0.6499999761581421,0.6499999761581421,46000.0
2026-07-06 14:28:00,VCT.V,,0.10499999672174454,0.10499999672174454,0.10499999672174454,0.10499999672174454,500.0
2026-07-06 14:28:00,VCU.V,,1.0499999523162842,1.0700000524520874,1.0499999523162842,1.0700000524520874,19800.0
2026-07-06 14:28:00,WMK.V,,0.13500000536441803,0.13500000536441803,0.13500000536441803,0.13500000536441803,2500.0
2026-07-06 14:28:00,ZDC.V,,5.639999866485596,5.639999866485596,5.639999866485596,5.639999866485596,700.0
2026-07-06 14:29:00,THX.V,,1.100000023841858,1.100000023841858,1.100000023841858,1.100000023841858,100.0
2026-07-06 14:30:00,AUMB.V,,0.6700000166893005,0.6700000166893005,0.6700000166893005,0.6700000166893005,5000.0
2026-07-06 14:30:00,SURG.V,,0.5649999976158142,0.5649999976158142,0.5649999976158142,0.5649999976158142,500.0
2026-07-06 14:30:00,TOI.V,,92.0199966430664,92.0199966430664,92.0199966430664,92.0199966430664,200.0
2026-07-06 14:30:00,TUD.V,,0.9100000262260437,0.9100000262260437,0.9100000262260437,0.9100000262260437,500.0
2026-07-06 14:30:00,WGO.V,,1.7649999856948853,1.7699999809265137,1.7649999856948853,1.7699999809265137,4365.0
2026-07-06 14:30:00,ZDC.V,,5.639999866485596,5.639999866485596,5.639999866485596,5.639999866485596,700.0
2026-07-06 14:31:00,THX.V,,1.100000023841858,1.100000023841858,1.100000023841858,1.100000023841858,100.0
2026-07-06 14:32:00,TIG.V,,0.6600000262260437,0.6600000262260437,0.6499999761581421,0.6499999761581421,8000.0
2026-07-06 14:32:00,TOI.V,,91.94000244140625,92.0,91.94000244140625,91.9800033569336,2335.0
2026-07-06 14:33:00,AUMB.V,,0.6700000166893005,0.6700000166893005,0.6700000166893005,0.6700000166893005,15500.0
2026-07-06 14:33:00,THX.V,,1.100000023841858,1.100000023841858,1.100000023841858,1.100000023841858,100.0
2026-07-06 14:33:00,TOI.V,,91.88999938964844,91.88999938964844,91.88999938964844,91.88999938964844,100.0
2026-07-06 14:33:00,TUD.V,,0.9150000214576721,0.9150000214576721,0.9150000214576721,0.9150000214576721,500.0
2026-07-06 14:33:00,ZDC.V,,5.639999866485596,5.639999866485596,5.639999866485596,5.639999866485596,100.0
2026-07-06 14:33:00,ZEN.V,,0.6499999761581421,0.6499999761581421,0.6499999761581421,0.6499999761581421,1000.0
2026-07-06 14:34:00,VCT.V,,0.10999999940395355,0.10999999940395355,0.10999999940395355,0.10999999940395355,13000.0
2026-07-06 14:35:00,AUMB.V,,0.6700000166893005,0.6700000166893005,0.6700000166893005,0.6700000166893005,7500.0
2026-07-06 14:35:00,THX.V,,1.100000023841858,1.100000023841858,1.100000023841858,1.100000023841858,100.0
2026-07-06 14:35:00,TOI.V,,91.9000015258789,92.16999816894531,91.9000015258789,92.16999816894531,2867.0
2026-07-06 14:35:00,UCU.V,,4.570000171661377,4.570000171661377,4.570000171661377,4.570000171661377,300.0
2026-07-06 14:35:00,VCU.V,,1.0700000524520874,1.0700000524520874,1.059999942779541,1.059999942779541,4400.0
2026-07-06 14:35:00,WEX.V,,0.5799999833106995,0.5799999833106995,0.5799999833106995,0.5799999833106995,1000.0
2026-07-06 14:36:00,VCI.V,,6.230000019073486,6.230000019073486,6.230000019073486,6.230000019073486,100.0
2026-07-06 14:36:00,WGO.V,,1.7599999904632568,1.7799999713897705,1.7599999904632568,1.774999976158142,36600.0
2026-07-06 14:36:00,ZDC.V,,5.599999904632568,5.619999885559082,5.599999904632568,5.619999885559082,10900.0
2026-07-06 14:37:00,AUMB.V,,0.6700000166893005,0.6700000166893005,0.6700000166893005,0.6700000166893005,2500.0
2026-07-06 14:37:00,THX.V,,1.100000023841858,1.100000023841858,1.100000023841858,1.100000023841858,100.0
2026-07-06 14:37:00,TUD.V,,0.9150000214576721,0.9150000214576721,0.9150000214576721,0.9150000214576721,1000.0
2026-07-06 14:37:00,WRLG.V,,0.6499999761581421,0.6499999761581421,0.6499999761581421,0.6499999761581421,500.0
2026-07-06 14:37:00,ZDC.V,,5.599999904632568,5.599999904632568,5.599999904632568,5.599999904632568,600.0
2026-07-06 14:38:00,AUMB.V,,0.6700000166893005,0.6700000166893005,0.6700000166893005,0.6700000166893005,2500.0
2026-07-06 14:38:00,THX.V,,1.100000023841858,1.100000023841858,1.100000023841858,1.100000023841858,100.0
2026-07-06 14:38:00,TOI.V,,92.12000274658203,92.12000274658203,92.12000274658203,92.12000274658203,200.0
2026-07-06 14:38:00,XIM.V,,0.08500000089406967,0.08500000089406967,0.08500000089406967,0.08500000089406967,110500.0
2026-07-06 14:39:00,SURG.V,,0.5649999976158142,0.5649999976158142,0.5649999976158142,0.5649999976158142,500.0
2026-07-06 14:39:00,TGOL.V,,0.10999999940395355,0.10999999940395355,0.10999999940395355,0.10999999940395355,15000.0
2026-07-06 14:39:00,TSG.V,,0.1550000011920929,0.1550000011920929,0.1550000011920929,0.1550000011920929,1000.0
2026-07-06 14:39:00,UCU.V,,4.590000152587891,4.590000152587891,4.590000152587891,4.590000152587891,400.0
2026-07-06 14:39:00,UGD.V,,0.2199999988079071,0.2199999988079071,0.2199999988079071,0.2199999988079071,1100.0
2026-07-06 14:39:00,WMS.V,,0.03999999910593033,0.03999999910593033,0.03999999910593033,0.03999999910593033,2000.0
2026-07-06 14:39:00,ZDC.V,,5.599999904632568,5.599999904632568,5.599999904632568,5.599999904632568,900.0
2026-07-06 14:40:00,THX.V,,1.100000023841858,1.100000023841858,1.100000023841858,1.100000023841858,100.0
2026-07-06 14:40:00,TOI.V,,92.01000213623047,92.08999633789062,92.01000213623047,92.08999633789062,300.0
2026-07-06 14:40:00,TPL.V,,0.8999999761581421,0.8999999761581421,0.8999999761581421,0.8999999761581421,0.0
2026-07-06 14:40:00,ZDC.V,,5.590000152587891,5.605000019073486,5.590000152587891,5.599999904632568,2500.0
2026-07-06 14:41:00,TPL.V,,0.9100000262260437,0.9100000262260437,0.9100000262260437,0.9100000262260437,1500.0
2026-07-06 14:41:00,TUD.V,,0.9150000214576721,0.9150000214576721,0.9150000214576721,0.9150000214576721,500.0
2026-07-06 14:41:00,VCI.V,,6.230000019073486,6.230000019073486,6.230000019073486,6.230000019073486,600.0
2026-07-06 14:41:00,ZDC.V,,5.605000019073486,5.605000019073486,5.599999904632568,5.599999904632568,600.0
2026-07-06 14:42:00,AUMB.V,,0.6650000214576721,0.6650000214576721,0.6650000214576721,0.6650000214576721,500.0
2026-07-06 14:42:00,THX.V,,1.100000023841858,1.100000023841858,1.100000023841858,1.100000023841858,100.0
2026-07-06 14:42:00,TOI.V,,91.88999938964844,91.88999938964844,91.88999938964844,91.88999938964844,205.0
2026-07-06 14:42:00,TSG.V,,0.1550000011920929,0.1550000011920929,0.1550000011920929,0.1550000011920929,500.0
2026-07-06 14:42:00,VCT.V,,0.10999999940395355,0.10999999940395355,0.10999999940395355,0.10999999940395355,100000.0
2026-07-06 14:42:00,ZDC.V,,5.590000152587891,5.605000019073486,5.590000152587891,5.605000019073486,7000.0
2026-07-06 14:43:00,TOI.V,,92.0199966430664,92.0199966430664,92.0199966430664,92.0199966430664,200.0
2026-07-06 14:43:00,TUD.V,,0.9150000214576721,0.9150000214576721,0.9150000214576721,0.9150000214576721,500.0
2026-07-06 14:43:00,WAM.V,,0.6700000166893005,0.6800000071525574,0.6700000166893005,0.6800000071525574,1500.0
2026-07-06 14:43:00,ZDC.V,,5.590000152587891,5.605000019073486,5.590000152587891,5.605000019073486,1000.0
2026-07-06 14:44:00,AUMB.V,,0.6700000166893005,0.6700000166893005,0.6700000166893005,0.6700000166893005,2000.0
2026-07-06 14:44:00,THX.V,,1.100000023841858,1.100000023841858,1.100000023841858,1.100000023841858,100.0
2026-07-06 14:44:00,VCT.V,,0.10999999940395355,0.10999999940395355,0.10999999940395355,0.10999999940395355,60000.0
2026-07-06 14:44:00,VZZ.V,,0.18000000715255737,0.18000000715255737,0.18000000715255737,0.18000000715255737,10500.0
2026-07-06 14:44:00,ZDC.V,,5.599999904632568,5.599999904632568,5.599999904632568,5.599999904632568,800.0
2026-07-06 14:45:00,TOI.V,,91.95999908447266,91.95999908447266,91.95999908447266,91.95999908447266,200.0
2026-07-06 14:45:00,ZDC.V,,5.590000152587891,5.599999904632568,5.590000152587891,5.590000152587891,2900.0
2026-07-06 14:46:00,THX.V,,1.100000023841858,1.100000023841858,1.100000023841858,1.100000023841858,100.0
2026-07-06 14:46:00,TOI.V,,91.87000274658203,91.87000274658203,91.87000274658203,91.87000274658203,100.0
2026-07-06 14:46:00,XGC.V,,0.23499999940395355,0.23499999940395355,0.23499999940395355,0.23499999940395355,33500.0
2026-07-06 14:47:00,SURG.V,,0.5649999976158142,0.5649999976158142,0.5649999976158142,0.5649999976158142,500.0
2026-07-06 14:47:00,THRM.V,,0.05000000074505806,0.05000000074505806,0.05000000074505806,0.05000000074505806,5000.0
2026-07-06 14:47:00,THX.V,,1.100000023841858,1.100000023841858,1.100000023841858,1.100000023841858,100.0
2026-07-06 14:47:00,TTS.V,,2.6500000953674316,2.6500000953674316,2.6500000953674316,2.6500000953674316,110.0
2026-07-06 14:47:00,ZDC.V,,5.590000152587891,5.599999904632568,5.590000152587891,5.599999904632568,6700.0
2026-07-06 14:48:00,TOI.V,,91.80000305175781,91.87999725341797,91.80000305175781,91.87999725341797,300.0
2026-07-06 14:48:00,TUD.V,,0.9150000214576721,0.9150000214576721,0.9150000214576721,0.9150000214576721,1500.0
2026-07-06 14:48:00,WHN.V,,0.28999999165534973,0.29499998688697815,0.28999999165534973,0.29499998688697815,20340.0
2026-07-06 14:48:00,ZDC.V,,5.590000152587891,5.590000152587891,5.590000152587891,5.590000152587891,2900.0
2026-07-06 14:49:00,THX.V,,1.100000023841858,1.100000023841858,1.100000023841858,1.100000023841858,100.0
2026-07-06 14:49:00,UCU.V,,4.579999923706055,4.579999923706055,4.579999923706055,4.579999923706055,100.0
2026-07-06 14:49:00,WGO.V,,1.7699999809265137,1.7699999809265137,1.7699999809265137,1.7699999809265137,1700.0
2026-07-06 14:49:00,ZDC.V,,5.579999923706055,5.579999923706055,5.579999923706055,5.579999923706055,900.0
2026-07-06 14:50:00,AUMB.V,,0.6700000166893005,0.6700000166893005,0.6700000166893005,0.6700000166893005,500.0
2026-07-06 14:50:00,NILI.V,,0.7200000286102295,0.7200000286102295,0.7200000286102295,0.7200000286102295,8000.0
2026-07-06 14:50:00,TOI.V,,91.91999816894531,91.91999816894531,91.91999816894531,91.91999816894531,200.0
2026-07-06 14:50:00,TSLV.V,,0.0949999988079071,0.0949999988079071,0.0949999988079071,0.0949999988079071,1000.0
2026-07-06 14:50:00,TUD.V,,0.9100000262260437,0.9100000262260437,0.9100000262260437,0.9100000262260437,500.0
2026-07-06 14:50:00,WGO.V,,1.7599999904632568,1.7599999904632568,1.7599999904632568,1.7599999904632568,1000.0
2026-07-06 14:50:00,WRLG.V,,0.6499999761581421,0.6499999761581421,0.6499999761581421,0.6499999761581421,17500.0
2026-07-06 14:51:00,THX.V,,1.100000023841858,1.100000023841858,1.100000023841858,1.100000023841858,100.0
2026-07-06 14:51:00,TOI.V,,92.01000213623047,92.01000213623047,92.01000213623047,92.01000213623047,200.0
2026-07-06 14:51:00,VCU.V,,1.0700000524520874,1.0700000524520874,1.0700000524520874,1.0700000524520874,5105.0
2026-07-06 14:51:00,WGO.V,,1.7699999809265137,1.7699999809265137,1.7699999809265137,1.7699999809265137,800.0
2026-07-06 14:52:00,WCE.V,,0.08500000089406967,0.08500000089406967,0.08500000089406967,0.08500000089406967,0.0
2026-07-06 14:52:00,ZDC.V,,5.599999904632568,5.599999904632568,5.599999904632568,5.599999904632568,100.0
2026-07-06 14:53:00,THX.V,,1.100000023841858,1.100000023841858,1.100000023841858,1.100000023841858,100.0
2026-07-06 14:53:00,TOI.V,,91.91999816894531,92.05000305175781,91.91000366210938,91.91000366210938,300.0
2026-07-06 14:53:00,UCU.V,,4.579999923706055,4.579999923706055,4.579999923706055,4.579999923706055,200.0
2026-07-06 14:53:00,VAU.V,,0.14499999582767487,0.14499999582767487,0.14499999582767487,0.14499999582767487,2000.0
2026-07-06 14:54:00,SURG.V,,0.5649999976158142,0.5649999976158142,0.5649999976158142,0.5649999976158142,500.0
2026-07-06 14:54:00,TK.V,,0.4050000011920929,0.4050000011920929,0.4050000011920929,0.4050000011920929,1000.0
2026-07-06 14:54:00,TWO.V,,0.4300000071525574,0.4300000071525574,0.4300000071525574,0.4300000071525574,1500.0
2026-07-06 14:54:00,WRLG.V,,0.6499999761581421,0.6499999761581421,0.6499999761581421,0.6499999761581421,500.0
2026-07-06 14:54:00,ZDC.V,,5.590000152587891,5.599999904632568,5.590000152587891,5.599999904632568,2300.0
2026-07-06 14:55:00,SURG.V,,0.5649999976158142,0.5649999976158142,0.5649999976158142,0.5649999976158142,500.0
2026-07-06 14:55:00,THX.V,,1.100000023841858,1.100000023841858,1.100000023841858,1.100000023841858,100.0
2026-07-06 14:55:00,TOI.V,,92.06999969482422,92.06999969482422,92.06999969482422,92.06999969482422,200.0
2026-07-06 14:55:00,UCU.V,,4.579999923706055,4.579999923706055,4.579999923706055,4.579999923706055,1100.0
2026-07-06 14:55:00,VCI.V,,6.230000019073486,6.230000019073486,6.230000019073486,6.230000019073486,100.0
2026-07-06 14:55:00,WGO.V,,1.7599999904632568,1.7699999809265137,1.7599999904632568,1.7699999809265137,2300.0
2026-07-06 14:56:00,THX.V,,1.100000023841858,1.100000023841858,1.100000023841858,1.100000023841858,100.0
2026-07-06 14:56:00,TUD.V,,0.9150000214576721,0.9150000214576721,0.9150000214576721,0.9150000214576721,500.0
2026-07-06 14:56:00,VAU.V,,0.14749999344348907,0.14749999344348907,0.14499999582767487,0.14499999582767487,17000.0
2026-07-06 14:57:00,TOI.V,,91.83999633789062,91.98999786376953,91.83999633789062,91.98999786376953,600.0
2026-07-06 14:57:00,TUD.V,,0.9150000214576721,0.9150000214576721,0.9150000214576721,0.9150000214576721,500.0
2026-07-06 14:57:00,VAU.V,,0.14499999582767487,0.14499999582767487,0.14499999582767487,0.14499999582767487,339099.0
2026-07-06 14:57:00,VCT.V,,0.11500000208616257,0.11500000208616257,0.11500000208616257,0.11500000208616257,1000.0
2026-07-06 14:57:00,VRR.V,,0.0949999988079071,0.0949999988079071,0.0949999988079071,0.0949999988079071,25000.0
2026-07-06 14:57:00,WGO.V,,1.7599999904632568,1.7599999904632568,1.75,1.7599999904632568,28500.0
2026-07-06 14:57:00,WIL.V,,0.36000001430511475,0.36000001430511475,0.36000001430511475,0.36000001430511475,500.0
2026-07-06 14:57:00,ZOMD.V,,0.5600000023841858,0.5600000023841858,0.5600000023841858,0.5600000023841858,2520.0
2026-07-06 14:58:00,AUMB.V,,0.6700000166893005,0.6700000166893005,0.6700000166893005,0.6700000166893005,500.0
2026-07-06 14:58:00,THX.V,,1.100000023841858,1.100000023841858,1.100000023841858,1.100000023841858,100.0
2026-07-06 14:58:00,TOI.V,,92.01000213623047,92.01000213623047,92.01000213623047,92.01000213623047,200.0
2026-07-06 14:59:00,AUMB.V,,0.6700000166893005,0.6700000166893005,0.6700000166893005,0.6700000166893005,500.0
2026-07-06 14:59:00,SURG.V,,0.5600000023841858,0.5600000023841858,0.5600000023841858,0.5600000023841858,57392.0
2026-07-06 14:59:00,THX.V,,1.100000023841858,1.100000023841858,1.100000023841858,1.100000023841858,100.0
2026-07-06 14:59:00,TUD.V,,0.9100000262260437,0.9150000214576721,0.9100000262260437,0.9150000214576721,12600.0
2026-07-06 14:59:00,XGC.V,,0.25,0.25,0.25,0.25,39000.0
2026-07-06 14:59:00,ZDC.V,,5.599999904632568,5.599999904632568,5.599999904632568,5.599999904632568,300.0
2026-07-06 15:00:00,NILI.V,,0.7200000286102295,0.7200000286102295,0.7200000286102295,0.7200000286102295,500.0
2026-07-06 15:00:00,THX.V,,1.100000023841858,1.100000023841858,1.100000023841858,1.100000023841858,100.0
2026-07-06 15:00:00,TOI.V,,91.83000183105469,91.83000183105469,91.83000183105469,91.83000183105469,100.0
2026-07-06 15:00:00,ZDC.V,,5.599999904632568,5.599999904632568,5.599999904632568,5.599999904632568,400.0
2026-07-06 15:01:00,SURG.V,,0.550000011920929,0.550000011920929,0.550000011920929,0.550000011920929,1000.0
2026-07-06 15:01:00,TOI.V,,91.9800033569336,91.9800033569336,91.9800033569336,91.9800033569336,243.0
2026-07-06 15:01:00,TPL.V,,0.8999999761581421,0.8999999761581421,0.8999999761581421,0.8999999761581421,1000.0
2026-07-06 15:01:00,TUD.V,,0.9100000262260437,0.9100000262260437,0.9100000262260437,0.9100000262260437,1500.0
2026-07-06 15:01:00,UCU.V,,4.570000171661377,4.570000171661377,4.570000171661377,4.570000171661377,100.0
2026-07-06 15:01:00,ZDC.V,,5.599999904632568,5.599999904632568,5.599999904632568,5.599999904632568,200.0
2026-07-06 15:02:00,AUMB.V,,0.6700000166893005,0.6700000166893005,0.6700000166893005,0.6700000166893005,500.0
2026-07-06 15:02:00,THX.V,,1.100000023841858,1.100000023841858,1.100000023841858,1.100000023841858,200.0
2026-07-06 15:02:00,TLT.V,,0.2750000059604645,0.2750000059604645,0.2750000059604645,0.2750000059604645,4500.0
2026-07-06 15:02:00,TUD.V,,0.9100000262260437,0.9100000262260437,0.9100000262260437,0.9100000262260437,500.0
2026-07-06 15:02:00,UCU.V,,4.570000171661377,4.570000171661377,4.570000171661377,4.570000171661377,1028.0
2026-07-06 15:02:00,ZDC.V,,5.599999904632568,5.599999904632568,5.599999904632568,5.599999904632568,400.0
2026-07-06 15:03:00,SURG.V,,0.5550000071525574,0.5550000071525574,0.550000011920929,0.550000011920929,1000.0
2026-07-06 15:03:00,TECT.V,,2.299999952316284,2.299999952316284,2.299999952316284,2.299999952316284,100.0
2026-07-06 15:03:00,THX.V,,1.100000023841858,1.100000023841858,1.100000023841858,1.100000023841858,100.0
2026-07-06 15:03:00,TOI.V,,91.87999725341797,91.87999725341797,91.87999725341797,91.87999725341797,200.0
2026-07-06 15:03:00,TUD.V,,0.9100000262260437,0.9100000262260437,0.9100000262260437,0.9100000262260437,500.0
2026-07-06 15:03:00,ZDC.V,,5.599999904632568,5.599999904632568,5.599999904632568,5.599999904632568,200.0
2026-07-06 15:04:00,TAJ.V,,0.20000000298023224,0.20499999821186066,0.20000000298023224,0.20499999821186066,43000.0
2026-07-06 15:04:00,THX.V,,1.100000023841858,1.100000023841858,1.100000023841858,1.100000023841858,100.0
2026-07-06 15:04:00,ZDC.V,,5.599999904632568,5.599999904632568,5.599999904632568,5.599999904632568,200.0
2026-07-06 15:05:00,RARE.V,,7.400000095367432,7.400000095367432,7.400000095367432,7.400000095367432,100.0
2026-07-06 15:05:00,TECT.V,,2.309999942779541,2.309999942779541,2.309999942779541,2.309999942779541,100.0
2026-07-06 15:05:00,THRM.V,,0.05000000074505806,0.05000000074505806,0.05000000074505806,0.05000000074505806,22000.0
2026-07-06 15:05:00,THX.V,,1.100000023841858,1.100000023841858,1.100000023841858,1.100000023841858,100.0
2026-07-06 15:05:00,TUD.V,,0.9100000262260437,0.9100000262260437,0.9100000262260437,0.9100000262260437,500.0
2026-07-06 15:05:00,UCU.V,,4.619999885559082,4.619999885559082,4.590000152587891,4.590000152587891,1700.0
2026-07-06 15:05:00,ZDC.V,,5.599999904632568,5.599999904632568,5.599999904632568,5.599999904632568,300.0
2026-07-06 15:06:00,THX.V,,1.100000023841858,1.100000023841858,1.100000023841858,1.100000023841858,100.0
2026-07-06 15:06:00,TOI.V,,91.86000061035156,91.86000061035156,91.86000061035156,91.86000061035156,270.0
2026-07-06 15:06:00,TUD.V,,0.9100000262260437,0.9100000262260437,0.9100000262260437,0.9100000262260437,500.0
2026-07-06 15:06:00,ZDC.V,,5.599999904632568,5.599999904632568,5.590000152587891,5.590000152587891,200.0
2026-07-06 15:07:00,AUMB.V,,0.6700000166893005,0.6700000166893005,0.6700000166893005,0.6700000166893005,500.0
2026-07-06 15:07:00,SURG.V,,0.5550000071525574,0.5550000071525574,0.5550000071525574,0.5550000071525574,500.0
2026-07-06 15:07:00,TUD.V,,0.9100000262260437,0.9100000262260437,0.9100000262260437,0.9100000262260437,500.0
2026-07-06 15:07:00,ZDC.V,,5.599999904632568,5.599999904632568,5.599999904632568,5.599999904632568,100.0
2026-07-06 15:08:00,AUMB.V,,0.675000011920929,0.675000011920929,0.675000011920929,0.675000011920929,500.0
2026-07-06 15:08:00,THX.V,,1.100000023841858,1.100000023841858,1.100000023841858,1.100000023841858,100.0
2026-07-06 15:08:00,TOI.V,,91.88999938964844,91.88999938964844,91.88999938964844,91.88999938964844,200.0
2026-07-06 15:08:00,TUD.V,,0.9200000166893005,0.9200000166893005,0.9100000262260437,0.9100000262260437,10893.0
2026-07-06 15:08:00,ZDC.V,,5.599999904632568,5.599999904632568,5.599999904632568,5.599999904632568,300.0
2026-07-06 15:09:00,NILI.V,,0.7200000286102295,0.7200000286102295,0.7200000286102295,0.7200000286102295,500.0
2026-07-06 15:09:00,SURG.V,,0.550000011920929,0.550000011920929,0.550000011920929,0.550000011920929,1000.0
2026-07-06 15:09:00,TECT.V,,2.299999952316284,2.299999952316284,2.299999952316284,2.299999952316284,100.0
2026-07-06 15:09:00,THX.V,,1.100000023841858,1.100000023841858,1.100000023841858,1.100000023841858,200.0
2026-07-06 15:09:00,WEB.V,,1.0,1.0049999952316284,1.0,1.0049999952316284,2290.0
2026-07-06 15:09:00,WRLG.V,,0.6499999761581421,0.6499999761581421,0.6499999761581421,0.6499999761581421,500.0
2026-07-06 15:09:00,ZDC.V,,5.599999904632568,5.599999904632568,5.599999904632568,5.599999904632568,400.0
2026-07-06 15:10:00,THX.V,,1.100000023841858,1.100000023841858,1.100000023841858,1.100000023841858,300.0
2026-07-06 15:10:00,TUD.V,,0.9200000166893005,0.9200000166893005,0.9200000166893005,0.9200000166893005,500.0
2026-07-06 15:10:00,VAU.V,,0.15000000596046448,0.15000000596046448,0.15000000596046448,0.15000000596046448,12000.0
2026-07-06 15:10:00,ZDC.V,,5.570000171661377,5.579999923706055,5.570000171661377,5.579999923706055,2800.0
2026-07-06 15:11:00,SURG.V,,0.550000011920929,0.550000011920929,0.550000011920929,0.550000011920929,500.0
2026-07-06 15:11:00,THX.V,,1.100000023841858,1.100000023841858,1.100000023841858,1.100000023841858,200.0
2026-07-06 15:11:00,TOI.V,,91.69000244140625,91.69000244140625,91.69000244140625,91.69000244140625,200.0
2026-07-06 15:12:00,THX.V,,1.100000023841858,1.100000023841858,1.100000023841858,1.100000023841858,100.0
2026-07-06 15:12:00,UCU.V,,4.599999904632568,4.599999904632568,4.599999904632568,4.599999904632568,500.0
2026-07-06 15:12:00,WEB.V,,0.9900000095367432,0.9900000095367432,0.9900000095367432,0.9900000095367432,1500.0
2026-07-06 15:12:00,ZEN.V,,0.6600000262260437,0.6600000262260437,0.6600000262260437,0.6600000262260437,500.0
2026-07-06 15:13:00,AUMB.V,,0.675000011920929,0.675000011920929,0.675000011920929,0.675000011920929,500.0
2026-07-06 15:13:00,SURG.V,,0.550000011920929,0.550000011920929,0.550000011920929,0.550000011920929,500.0
2026-07-06 15:13:00,THX.V,,1.100000023841858,1.100000023841858,1.100000023841858,1.100000023841858,200.0
2026-07-06 15:13:00,TOI.V,,91.8499984741211,91.93000030517578,91.8499984741211,91.86000061035156,400.0
2026-07-06 15:13:00,TTZ.V,,0.5400000214576721,0.5400000214576721,0.5400000214576721,0.5400000214576721,955.0
2026-07-06 15:13:00,TUD.V,,0.9150000214576721,0.9150000214576721,0.9150000214576721,0.9150000214576721,1000.0
2026-07-06 15:14:00,AUMB.V,,0.6700000166893005,0.6700000166893005,0.6700000166893005,0.6700000166893005,700.0
2026-07-06 15:14:00,BIRD.V,,0.16500000655651093,0.16500000655651093,0.16500000655651093,0.16500000655651093,1500.0
2026-07-06 15:14:00,TECT.V,,2.299999952316284,2.299999952316284,2.299999952316284,2.299999952316284,4400.0
2026-07-06 15:14:00,THX.V,,1.100000023841858,1.100000023841858,1.100000023841858,1.100000023841858,200.0
2026-07-06 15:14:00,TOI.V,,91.95999908447266,91.95999908447266,91.95999908447266,91.95999908447266,200.0
2026-07-06 15:14:00,TUD.V,,0.9150000214576721,0.9150000214576721,0.9150000214576721,0.9150000214576721,1000.0
2026-07-06 15:14:00,TWR.V,,0.16500000655651093,0.16500000655651093,0.16500000655651093,0.16500000655651093,20000.0
2026-07-06 15:15:00,SURG.V,,0.550000011920929,0.550000011920929,0.550000011920929,0.550000011920929,500.0
2026-07-06 15:15:00,THX.V,,1.100000023841858,1.100000023841858,1.100000023841858,1.100000023841858,100.0
2026-07-06 15:15:00,TLT.V,,0.2750000059604645,0.2750000059604645,0.2750000059604645,0.2750000059604645,4500.0
2026-07-06 15:15:00,TUD.V,,0.9150000214576721,0.9150000214576721,0.9150000214576721,0.9150000214576721,500.0
2026-07-06 15:15:00,VCU.V,,1.0700000524520874,1.0700000524520874,1.0700000524520874,1.0700000524520874,200.0
2026-07-06 15:15:00,WHN.V,,0.28999999165534973,0.28999999165534973,0.28999999165534973,0.28999999165534973,94500.0
2026-07-06 15:15:00,WRLG.V,,0.6499999761581421,0.6499999761581421,0.6499999761581421,0.6499999761581421,930.0
2026-07-06 15:16:00,THX.V,,1.100000023841858,1.100000023841858,1.100000023841858,1.100000023841858,200.0
2026-07-06 15:16:00,TOI.V,,92.23999786376953,92.23999786376953,92.04000091552734,92.04000091552734,600.0
2026-07-06 15:16:00,TUD.V,,0.9100000262260437,0.9100000262260437,0.9100000262260437,0.9100000262260437,500.0
2026-07-06 15:16:00,UCU.V,,4.590000152587891,4.590000152587891,4.590000152587891,4.590000152587891,400.0
2026-07-06 15:16:00,ZDC.V,,5.599999904632568,5.599999904632568,5.599999904632568,5.599999904632568,100.0
2026-07-06 15:17:00,SURG.V,,0.550000011920929,0.550000011920929,0.550000011920929,0.550000011920929,500.0
2026-07-06 15:17:00,THX.V,,1.100000023841858,1.100000023841858,1.100000023841858,1.100000023841858,200.0
2026-07-06 15:17:00,TUD.V,,0.9100000262260437,0.9150000214576721,0.9100000262260437,0.9150000214576721,11000.0
2026-07-06 15:17:00,ZDC.V,,5.599999904632568,5.599999904632568,5.599999904632568,5.599999904632568,100.0
2026-07-06 15:18:00,AUMB.V,,0.675000011920929,0.675000011920929,0.6700000166893005,0.6700000166893005,1500.0
2026-07-06 15:18:00,NILI.V,,0.7250000238418579,0.7250000238418579,0.7250000238418579,0.7250000238418579,500.0
2026-07-06 15:18:00,SURG.V,,0.550000011920929,0.550000011920929,0.550000011920929,0.550000011920929,500.0
2026-07-06 15:18:00,TGOL.V,,0.10999999940395355,0.10999999940395355,0.10999999940395355,0.10999999940395355,16500.0
2026-07-06 15:18:00,THX.V,,1.100000023841858,1.100000023841858,1.100000023841858,1.100000023841858,100.0
2026-07-06 15:18:00,TOI.V,,92.11000061035156,92.11000061035156,92.11000061035156,92.11000061035156,300.0
2026-07-06 15:18:00,TUD.V,,0.8999999761581421,0.9100000262260437,0.8999999761581421,0.9100000262260437,3500.0
2026-07-06 15:18:00,ZDC.V,,5.599999904632568,5.599999904632568,5.599999904632568,5.599999904632568,100.0
2026-07-06 15:19:00,THX.V,,1.100000023841858,1.100000023841858,1.100000023841858,1.100000023841858,200.0
2026-07-06 15:19:00,TOI.V,,92.20999908447266,92.20999908447266,92.20999908447266,92.20999908447266,200.0
2026-07-06 15:19:00,TTZ.V,,0.5400000214576721,0.5400000214576721,0.5400000214576721,0.5400000214576721,5000.0
2026-07-06 15:19:00,TUD.V,,0.8999999761581421,0.8999999761581421,0.8999999761581421,0.8999999761581421,500.0
2026-07-06 15:19:00,UCU.V,,4.579999923706055,4.590000152587891,4.579999923706055,4.590000152587891,304.0
2026-07-06 15:19:00,ZDC.V,,5.599999904632568,5.599999904632568,5.599999904632568,5.599999904632568,200.0
2026-07-06 15:20:00,AUMB.V,,0.6700000166893005,0.6700000166893005,0.6700000166893005,0.6700000166893005,500.0
2026-07-06 15:20:00,THX.V,,1.100000023841858,1.100000023841858,1.100000023841858,1.100000023841858,100.0
2026-07-06 15:20:00,TUD.V,,0.8999999761581421,0.8999999761581421,0.8999999761581421,0.8999999761581421,500.0
2026-07-06 15:20:00,UCU.V,,4.570000171661377,4.570000171661377,4.570000171661377,4.570000171661377,100.0
2026-07-06 15:20:00,ZDC.V,,5.599999904632568,5.599999904632568,5.599999904632568,5.599999904632568,100.0
2026-07-06 15:21:00,SURG.V,,0.550000011920929,0.550000011920929,0.550000011920929,0.550000011920929,500.0
2026-07-06 15:21:00,THX.V,,1.100000023841858,1.100000023841858,1.100000023841858,1.100000023841858,100.0
2026-07-06 15:21:00,TOI.V,,92.11000061035156,92.11000061035156,92.11000061035156,92.11000061035156,222.0
2026-07-06 15:21:00,TUD.V,,0.9100000262260437,0.9100000262260437,0.8999999761581421,0.8999999761581421,1000.0
2026-07-06 15:21:00,UFC.V,,0.8600000143051147,0.8600000143051147,0.8600000143051147,0.8600000143051147,1500.0
2026-07-06 15:21:00,WGO.V,,1.7899999618530273,1.7899999618530273,1.7649999856948853,1.7649999856948853,8000.0
2026-07-06 15:21:00,ZDC.V,,5.599999904632568,5.599999904632568,5.599999904632568,5.599999904632568,100.0
2026-07-06 15:22:00,THX.V,,1.100000023841858,1.100000023841858,1.100000023841858,1.100000023841858,100.0
2026-07-06 15:22:00,TLT.V,,0.2750000059604645,0.2750000059604645,0.2750000059604645,0.2750000059604645,500.0
2026-07-06 15:22:00,TSG.V,,0.1599999964237213,0.1599999964237213,0.1599999964237213,0.1599999964237213,1000.0
2026-07-06 15:22:00,TUD.V,,0.9100000262260437,0.9100000262260437,0.9100000262260437,0.9100000262260437,500.0
2026-07-06 15:22:00,WGO.V,,1.7999999523162842,1.7999999523162842,1.7999999523162842,1.7999999523162842,100.0
2026-07-06 15:22:00,WRLG.V,,0.6499999761581421,0.6499999761581421,0.6499999761581421,0.6499999761581421,1500.0
2026-07-06 15:22:00,XGC.V,,0.2549999952316284,0.2549999952316284,0.2549999952316284,0.2549999952316284,500.0
2026-07-06 15:22:00,ZDC.V,,5.599999904632568,5.599999904632568,5.599999904632568,5.599999904632568,100.0
2026-07-06 15:23:00,AUMB.V,,0.675000011920929,0.675000011920929,0.675000011920929,0.675000011920929,500.0
2026-07-06 15:23:00,THX.V,,1.100000023841858,1.100000023841858,1.100000023841858,1.100000023841858,200.0
2026-07-06 15:23:00,TLT-WT.V,,0.17499999701976776,0.17499999701976776,0.17499999701976776,0.17499999701976776,0.0
2026-07-06 15:23:00,TSG.V,,0.1599999964237213,0.1599999964237213,0.1599999964237213,0.1599999964237213,28000.0
2026-07-06 15:23:00,TUD.V,,0.9100000262260437,0.9100000262260437,0.9100000262260437,0.9100000262260437,500.0
2026-07-06 15:23:00,UCU.V,,4.590000152587891,4.590000152587891,4.590000152587891,4.590000152587891,100.0
2026-07-06 15:23:00,ZDC.V,,5.599999904632568,5.599999904632568,5.599999904632568,5.599999904632568,100.0
2026-07-06 15:24:00,SURG.V,,0.5550000071525574,0.5550000071525574,0.5550000071525574,0.5550000071525574,500.0
2026-07-06 15:24:00,TOI.V,,92.12000274658203,92.12000274658203,92.12000274658203,92.12000274658203,200.0
2026-07-06 15:24:00,TUD.V,,0.9100000262260437,0.9100000262260437,0.9100000262260437,0.9100000262260437,500.0
2026-07-06 15:24:00,UCU.V,,4.579999923706055,4.579999923706055,4.579999923706055,4.579999923706055,100.0
2026-07-06 15:24:00,ZDC.V,,5.599999904632568,5.599999904632568,5.599999904632568,5.599999904632568,700.0
2026-07-06 15:25:00,THX.V,,1.100000023841858,1.100000023841858,1.100000023841858,1.100000023841858,200.0
2026-07-06 15:25:00,TUD.V,,0.9100000262260437,0.9100000262260437,0.9100000262260437,0.9100000262260437,7500.0
2026-07-06 15:25:00,UCU.V,,4.574999809265137,4.574999809265137,4.574999809265137,4.574999809265137,100.0
2026-07-06 15:25:00,UGD.V,,0.2150000035762787,0.2150000035762787,0.2150000035762787,0.2150000035762787,11000.0
2026-07-06 15:25:00,WGO.V,,1.809999942779541,1.809999942779541,1.7999999523162842,1.7999999523162842,400.0
2026-07-06 15:25:00,ZDC.V,,5.599999904632568,5.599999904632568,5.599999904632568,5.599999904632568,100.0
2026-07-06 15:25:00,ZEN.V,,0.6600000262260437,0.6600000262260437,0.6600000262260437,0.6600000262260437,1500.0
2026-07-06 15:26:00,THX.V,,1.100000023841858,1.100000023841858,1.100000023841858,1.100000023841858,100.0
2026-07-06 15:26:00,TTZ.V,,0.5299999713897705,0.5299999713897705,0.5299999713897705,0.5299999713897705,3000.0
2026-07-06 15:26:00,TUD.V,,0.8999999761581421,0.8999999761581421,0.8999999761581421,0.8999999761581421,500.0
2026-07-06 15:26:00,UCU.V,,4.590000152587891,4.590000152587891,4.590000152587891,4.590000152587891,700.0
2026-07-06 15:26:00,UGD.V,,0.20999999344348907,0.20999999344348907,0.20999999344348907,0.20999999344348907,5500.0
2026-07-06 15:26:00,VCU.V,,1.065000057220459,1.065000057220459,1.065000057220459,1.065000057220459,100.0
2026-07-06 15:26:00,WGO.V,,1.809999942779541,1.809999942779541,1.809999942779541,1.809999942779541,100.0
2026-07-06 15:26:00,ZDC.V,,5.59499979019165,5.59499979019165,5.59499979019165,5.59499979019165,100.0
2026-07-06 15:27:00,SURG.V,,0.5550000071525574,0.5550000071525574,0.5550000071525574,0.5550000071525574,500.0
2026-07-06 15:27:00,THX.V,,1.100000023841858,1.100000023841858,1.100000023841858,1.100000023841858,200.0
2026-07-06 15:27:00,TUD.V,,0.9100000262260437,0.9100000262260437,0.9100000262260437,0.9100000262260437,500.0
2026-07-06 15:27:00,WRLG.V,,0.6499999761581421,0.6499999761581421,0.6499999761581421,0.6499999761581421,12500.0
2026-07-06 15:27:00,ZDC.V,,5.59499979019165,5.59499979019165,5.59499979019165,5.59499979019165,300.0
2026-07-06 15:28:00,AUMB.V,,0.675000011920929,0.675000011920929,0.675000011920929,0.675000011920929,500.0
2026-07-06 15:28:00,SURG.V,,0.5550000071525574,0.5550000071525574,0.5550000071525574,0.5550000071525574,500.0
2026-07-06 15:28:00,THX.V,,1.100000023841858,1.100000023841858,1.100000023841858,1.100000023841858,100.0
2026-07-06 15:28:00,TTS.V,,2.7300000190734863,2.7300000190734863,2.7300000190734863,2.7300000190734863,500.0
2026-07-06 15:28:00,TUD.V,,0.9100000262260437,0.9100000262260437,0.9100000262260437,0.9100000262260437,500.0
2026-07-06 15:28:00,WRLG.V,,0.6499999761581421,0.6499999761581421,0.6499999761581421,0.6499999761581421,600.0
2026-07-06 15:28:00,ZDC.V,,5.599999904632568,5.599999904632568,5.599999904632568,5.599999904632568,200.0
2026-07-06 15:29:00,THX.V,,1.100000023841858,1.100000023841858,1.100000023841858,1.100000023841858,100.0
2026-07-06 15:29:00,TOI.V,,91.95999908447266,91.98999786376953,91.95999908447266,91.98999786376953,500.0
2026-07-06 15:30:00,TUD.V,,0.8999999761581421,0.9100000262260437,0.8999999761581421,0.9100000262260437,1000.0
2026-07-06 15:30:00,WEB.V,,1.0,1.0,1.0,1.0,137.0
2026-07-06 15:30:00,ZDC.V,,5.599999904632568,5.599999904632568,5.599999904632568,5.599999904632568,100.0
2026-07-06 15:31:00,SURG.V,,0.550000011920929,0.550000011920929,0.550000011920929,0.550000011920929,500.0
2026-07-06 15:31:00,THX.V,,1.100000023841858,1.100000023841858,1.090000033378601,1.090000033378601,800.0
2026-07-06 15:31:00,TUD.V,,0.9100000262260437,0.9100000262260437,0.9100000262260437,0.9100000262260437,500.0
2026-07-06 15:32:00,THX.V,,1.100000023841858,1.100000023841858,1.100000023841858,1.100000023841858,200.0
2026-07-06 15:32:00,TOI.V,,91.79000091552734,91.9000015258789,91.79000091552734,91.9000015258789,400.0
2026-07-06 15:32:00,TSG.V,,0.1599999964237213,0.1599999964237213,0.1599999964237213,0.1599999964237213,80000.0
2026-07-06 15:32:00,UCU.V,,4.550000190734863,4.590000152587891,4.550000190734863,4.590000152587891,2200.0
2026-07-06 15:32:00,WRLG.V,,0.6499999761581421,0.6499999761581421,0.6499999761581421,0.6499999761581421,500.0
2026-07-06 15:32:00,ZDC.V,,5.59499979019165,5.59499979019165,5.59499979019165,5.59499979019165,100.0
2026-07-06 15:33:00,AUMB.V,,0.675000011920929,0.675000011920929,0.675000011920929,0.675000011920929,500.0
2026-07-06 15:33:00,NILI.V,,0.7300000190734863,0.7300000190734863,0.7300000190734863,0.7300000190734863,1000.0
2026-07-06 15:33:00,THX.V,,1.100000023841858,1.100000023841858,1.100000023841858,1.100000023841858,200.0
2026-07-06 15:33:00,TUD.V,,0.9100000262260437,0.9100000262260437,0.9100000262260437,0.9100000262260437,500.0
2026-07-06 15:33:00,WRLG.V,,0.6499999761581421,0.6499999761581421,0.6499999761581421,0.6499999761581421,500.0
2026-07-06 15:33:00,ZDC.V,,5.59499979019165,5.59499979019165,5.59499979019165,5.59499979019165,100.0
2026-07-06 15:34:00,SURG.V,,0.550000011920929,0.550000011920929,0.550000011920929,0.550000011920929,500.0
2026-07-06 15:34:00,THX.V,,1.090000033378601,1.100000023841858,1.090000033378601,1.100000023841858,400.0
2026-07-06 15:34:00,TOI.V,,91.9000015258789,91.9000015258789,91.9000015258789,91.9000015258789,200.0
2026-07-06 15:34:00,TUD.V,,0.9100000262260437,0.9100000262260437,0.9100000262260437,0.9100000262260437,500.0
2026-07-06 15:34:00,VCV.V,,0.07500000298023224,0.07500000298023224,0.07500000298023224,0.07500000298023224,5000.0
2026-07-06 15:35:00,THX.V,,1.100000023841858,1.100000023841858,1.100000023841858,1.100000023841858,200.0
2026-07-06 15:35:00,TOI.V,,91.69999694824219,91.69999694824219,91.69999694824219,91.69999694824219,100.0
2026-07-06 15:35:00,TUD.V,,0.9100000262260437,0.9100000262260437,0.9100000262260437,0.9100000262260437,1000.0
2026-07-06 15:35:00,TUO.V,,1.899999976158142,1.899999976158142,1.899999976158142,1.899999976158142,1000.0
2026-07-06 15:35:00,VZZ.V,,0.1899999976158142,0.1899999976158142,0.1899999976158142,0.1899999976158142,26500.0
2026-07-06 15:36:00,UCU.V,,4.550000190734863,4.550000190734863,4.550000190734863,4.550000190734863,100.0
2026-07-06 15:36:00,ZEN.V,,0.6600000262260437,0.6600000262260437,0.6600000262260437,0.6600000262260437,500.0
2026-07-06 15:37:00,AUMB.V,,0.675000011920929,0.675000011920929,0.675000011920929,0.675000011920929,500.0
2026-07-06 15:37:00,NILI.V,,0.7250000238418579,0.7300000190734863,0.7250000238418579,0.7300000190734863,33000.0
2026-07-06 15:37:00,SURG.V,,0.550000011920929,0.550000011920929,0.550000011920929,0.550000011920929,500.0
2026-07-06 15:37:00,TOI.V,,91.81999969482422,91.9000015258789,91.81999969482422,91.9000015258789,400.0
2026-07-06 15:37:00,WGO.V,,1.7999999523162842,1.7999999523162842,1.7999999523162842,1.7999999523162842,3100.0
2026-07-06 15:38:00,AUMB.V,,0.6700000166893005,0.6700000166893005,0.6700000166893005,0.6700000166893005,3000.0
2026-07-06 15:38:00,NILI.V,,0.7250000238418579,0.7250000238418579,0.7250000238418579,0.7250000238418579,500.0
2026-07-06 15:38:00,SURG.V,,0.550000011920929,0.550000011920929,0.550000011920929,0.550000011920929,500.0
2026-07-06 15:38:00,TELO.V,,0.04500000178813934,0.04500000178813934,0.04500000178813934,0.04500000178813934,10000.0
2026-07-06 15:38:00,WGO.V,,1.7999999523162842,1.7999999523162842,1.7999999523162842,1.7999999523162842,100.0
2026-07-06 15:38:00,ZDC.V,,5.59499979019165,5.59499979019165,5.59499979019165,5.59499979019165,100.0
2026-07-06 15:39:00,NILI.V,,0.7300000190734863,0.7300000190734863,0.7300000190734863,0.7300000190734863,500.0
2026-07-06 15:39:00,TOI.V,,91.97000122070312,91.97000122070312,91.97000122070312,91.97000122070312,200.0
2026-07-06 15:39:00,TTS.V,,2.700000047683716,2.700000047683716,2.700000047683716,2.700000047683716,100.0
2026-07-06 15:39:00,TUD.V,,0.9100000262260437,0.9100000262260437,0.9100000262260437,0.9100000262260437,500.0
2026-07-06 15:39:00,UCU.V,,4.550000190734863,4.550000190734863,4.550000190734863,4.550000190734863,200.0
2026-07-06 15:39:00,ZEN.V,,0.6499999761581421,0.6499999761581421,0.6499999761581421,0.6499999761581421,500.0
2026-07-06 15:40:00,TECT.V,,2.299999952316284,2.299999952316284,2.299999952316284,2.299999952316284,700.0
2026-07-06 15:40:00,TTS.V,,2.700000047683716,2.700000047683716,2.690000057220459,2.700000047683716,400.0
2026-07-06 15:40:00,TVI.V,,0.05999999865889549,0.05999999865889549,0.05999999865889549,0.05999999865889549,64000.0
2026-07-06 15:41:00,AUMB.V,,0.675000011920929,0.675000011920929,0.675000011920929,0.675000011920929,500.0
2026-07-06 15:41:00,SURG.V,,0.550000011920929,0.550000011920929,0.550000011920929,0.550000011920929,500.0
2026-07-06 15:41:00,TTS.V,,2.700000047683716,2.700000047683716,2.700000047683716,2.700000047683716,100.0
2026-07-06 15:41:00,TUD.V,,0.9100000262260437,0.9100000262260437,0.9100000262260437,0.9100000262260437,500.0
2026-07-06 15:41:00,UCU.V,,4.554999828338623,4.554999828338623,4.554999828338623,4.554999828338623,200.0
2026-07-06 15:41:00,ZDC.V,,5.570000171661377,5.579999923706055,5.570000171661377,5.579999923706055,900.0
2026-07-06 15:42:00,THX.V,,1.090000033378601,1.100000023841858,1.090000033378601,1.100000023841858,600.0
2026-07-06 15:42:00,TOI.V,,91.93000030517578,92.0,91.93000030517578,92.0,800.0
2026-07-06 15:42:00,UCU.V,,4.570000171661377,4.570000171661377,4.570000171661377,4.570000171661377,700.0
2026-07-06 15:42:00,WCU.V,,0.009999999776482582,0.009999999776482582,0.009999999776482582,0.009999999776482582,69000.0
2026-07-06 15:42:00,WGO.V,,1.7999999523162842,1.7999999523162842,1.7999999523162842,1.7999999523162842,100.0
2026-07-06 15:43:00,AUMB.V,,0.6800000071525574,0.6800000071525574,0.6800000071525574,0.6800000071525574,1500.0
2026-07-06 15:43:00,SURG.V,,0.550000011920929,0.550000011920929,0.550000011920929,0.550000011920929,500.0
2026-07-06 15:43:00,TLT.V,,0.2750000059604645,0.2750000059604645,0.27000001072883606,0.27000001072883606,11000.0
2026-07-06 15:43:00,WRLG.V,,0.6499999761581421,0.6499999761581421,0.6499999761581421,0.6499999761581421,500.0
2026-07-06 15:44:00,AUMB.V,,0.6800000071525574,0.6800000071525574,0.6800000071525574,0.6800000071525574,21000.0
2026-07-06 15:44:00,SURG.V,,0.550000011920929,0.550000011920929,0.550000011920929,0.550000011920929,500.0
2026-07-06 15:44:00,THX.V,,1.100000023841858,1.100000023841858,1.100000023841858,1.100000023841858,100.0
2026-07-06 15:44:00,TOI.V,,92.0,92.0,91.91999816894531,91.91999816894531,303.0
2026-07-06 15:44:00,TTGI.V,,0.04500000178813934,0.04500000178813934,0.04500000178813934,0.04500000178813934,60000.0
2026-07-06 15:44:00,WGO.V,,1.7999999523162842,1.7999999523162842,1.7999999523162842,1.7999999523162842,1900.0
2026-07-06 15:45:00,THX.V,,1.100000023841858,1.100000023841858,1.100000023841858,1.100000023841858,100.0
2026-07-06 15:45:00,TTGI.V,,0.03999999910593033,0.03999999910593033,0.03999999910593033,0.03999999910593033,88000.0
2026-07-06 15:45:00,TUD.V,,0.9100000262260437,0.9100000262260437,0.9100000262260437,0.9100000262260437,1000.0
2026-07-06 15:45:00,VAU.V,,0.15000000596046448,0.15000000596046448,0.15000000596046448,0.15000000596046448,16000.0
2026-07-06 15:45:00,ZOMD.V,,0.5649999976158142,0.5649999976158142,0.5649999976158142,0.5649999976158142,1500.0
2026-07-06 15:46:00,SURG.V,,0.550000011920929,0.550000011920929,0.550000011920929,0.550000011920929,1000.0
2026-07-06 15:47:00,SURG.V,,0.550000011920929,0.550000011920929,0.550000011920929,0.550000011920929,500.0
2026-07-06 15:47:00,THX.V,,1.100000023841858,1.100000023841858,1.100000023841858,1.100000023841858,100.0
2026-07-06 15:47:00,TOI.V,,92.0,92.0,92.0,92.0,200.0
2026-07-06 15:47:00,TUD.V,,0.9100000262260437,0.9100000262260437,0.9100000262260437,0.9100000262260437,500.0
2026-07-06 15:47:00,UCU.V,,4.565000057220459,4.565000057220459,4.565000057220459,4.565000057220459,200.0
2026-07-06 15:47:00,VAU.V,,0.15000000596046448,0.15000000596046448,0.15000000596046448,0.15000000596046448,3500.0
2026-07-06 15:47:00,WGO.V,,1.809999942779541,1.809999942779541,1.809999942779541,1.809999942779541,170.0
2026-07-06 15:48:00,AUMB.V,,0.6800000071525574,0.6800000071525574,0.6800000071525574,0.6800000071525574,500.0
2026-07-06 15:48:00,NILI.V,,0.7250000238418579,0.7250000238418579,0.7250000238418579,0.7250000238418579,500.0
2026-07-06 15:48:00,SURG.V,,0.550000011920929,0.550000011920929,0.550000011920929,0.550000011920929,500.0
2026-07-06 15:48:00,THX.V,,1.100000023841858,1.100000023841858,1.100000023841858,1.100000023841858,100.0
2026-07-06 15:48:00,TOI.V,,91.94999694824219,91.94999694824219,91.94999694824219,91.94999694824219,100.0
2026-07-06 15:48:00,TUD.V,,0.9100000262260437,0.9100000262260437,0.9100000262260437,0.9100000262260437,500.0
2026-07-06 15:48:00,WEB.V,,1.0,1.0,1.0,1.0,1000.0
2026-07-06 15:48:00,ZDC.V,,5.590000152587891,5.590000152587891,5.590000152587891,5.590000152587891,200.0
2026-07-06 15:49:00,AWE.V,,0.14499999582767487,0.14499999582767487,0.14499999582767487,0.14499999582767487,0.0
2026-07-06 15:49:00,SURG.V,,0.5600000023841858,0.5600000023841858,0.5600000023841858,0.5600000023841858,30000.0
2026-07-06 15:49:00,THX.V,,1.100000023841858,1.100000023841858,1.090000033378601,1.090000033378601,500.0
2026-07-06 15:49:00,TOI.V,,91.9800033569336,92.04000091552734,91.9800033569336,92.04000091552734,800.0
2026-07-06 15:49:00,TUD.V,,0.8999999761581421,0.9100000262260437,0.8999999761581421,0.9100000262260437,1500.0
2026-07-06 15:49:00,UCU.V,,4.559999942779541,4.565000057220459,4.559999942779541,4.565000057220459,900.0
2026-07-06 15:49:00,USCU.V,,0.17000000178813934,0.17000000178813934,0.17000000178813934,0.17000000178813934,33500.0
2026-07-06 15:49:00,WGO.V,,1.809999942779541,1.809999942779541,1.809999942779541,1.809999942779541,600.0
2026-07-06 15:50:00,AUMB.V,,0.6800000071525574,0.6850000023841858,0.6800000071525574,0.6850000023841858,1000.0
2026-07-06 15:50:00,AWE.V,,0.14499999582767487,0.14499999582767487,0.14499999582767487,0.14499999582767487,18000.0
2026-07-06 15:50:00,NILI.V,,0.7250000238418579,0.7250000238418579,0.7250000238418579,0.7250000238418579,500.0
2026-07-06 15:50:00,THX.V,,1.090000033378601,1.100000023841858,1.090000033378601,1.100000023841858,200.0
2026-07-06 15:50:00,TOI.V,,91.9800033569336,91.9800033569336,91.94999694824219,91.9800033569336,1810.0
2026-07-06 15:50:00,TUD.V,,0.9100000262260437,0.9100000262260437,0.8999999761581421,0.8999999761581421,1000.0
2026-07-06 15:50:00,VML.V,,0.3449999988079071,0.3499999940395355,0.3449999988079071,0.3499999940395355,26500.0
2026-07-06 15:50:00,VZZ.V,,0.1899999976158142,0.1899999976158142,0.1899999976158142,0.1899999976158142,1000.0
2026-07-06 15:50:00,WGO.V,,1.809999942779541,1.809999942779541,1.809999942779541,1.809999942779541,100.0
2026-07-06 15:50:00,ZDC.V,,5.585000038146973,5.585000038146973,5.585000038146973,5.585000038146973,100.0
2026-07-06 15:51:00,THX.V,,1.100000023841858,1.100000023841858,1.100000023841858,1.100000023841858,300.0
2026-07-06 15:51:00,TOI.V,,91.8499984741211,91.8499984741211,91.8499984741211,91.8499984741211,129.0
2026-07-06 15:51:00,TUD.V,,0.9100000262260437,0.9100000262260437,0.9100000262260437,0.9100000262260437,500.0
2026-07-06 15:51:00,UCU.V,,4.559999942779541,4.559999942779541,4.559999942779541,4.559999942779541,200.0
2026-07-06 15:51:00,VCU.V,,1.065000057220459,1.065000057220459,1.065000057220459,1.065000057220459,400.0
2026-07-06 15:51:00,VZZ.V,,0.1899999976158142,0.1899999976158142,0.1899999976158142,0.1899999976158142,2000.0
2026-07-06 15:51:00,WGO.V,,1.7999999523162842,1.7999999523162842,1.7999999523162842,1.7999999523162842,300.0
2026-07-06 15:52:00,AUMB.V,,0.6850000023841858,0.6850000023841858,0.6850000023841858,0.6850000023841858,500.0
2026-07-06 15:52:00,AWE.V,,0.15000000596046448,0.15000000596046448,0.15000000596046448,0.15000000596046448,6000.0
2026-07-06 15:52:00,NILI.V,,0.7250000238418579,0.7250000238418579,0.7250000238418579,0.7250000238418579,500.0
2026-07-06 15:52:00,THX.V,,1.100000023841858,1.100000023841858,1.100000023841858,1.100000023841858,100.0
2026-07-06 15:52:00,TOI.V,,91.87000274658203,91.91999816894531,91.87000274658203,91.91999816894531,600.0
2026-07-06 15:52:00,TUD.V,,0.9100000262260437,0.9100000262260437,0.9100000262260437,0.9100000262260437,500.0
2026-07-06 15:52:00,UGD.V,,0.20499999821186066,0.20499999821186066,0.20499999821186066,0.20499999821186066,2500.0
2026-07-06 15:52:00,VIZ.V,,0.23999999463558197,0.23999999463558197,0.23999999463558197,0.23999999463558197,2000.0
2026-07-06 15:52:00,WGO.V,,1.809999942779541,1.809999942779541,1.809999942779541,1.809999942779541,100.0
2026-07-06 15:52:00,ZDC.V,,5.585000038146973,5.585000038146973,5.585000038146973,5.585000038146973,100.0
2026-07-06 15:53:00,SURG.V,,0.5600000023841858,0.5600000023841858,0.5600000023841858,0.5600000023841858,2500.0
2026-07-06 15:53:00,TLT.V,,0.27000001072883606,0.27000001072883606,0.27000001072883606,0.27000001072883606,3000.0
2026-07-06 15:53:00,UGD.V,,0.20499999821186066,0.20499999821186066,0.20499999821186066,0.20499999821186066,16500.0
2026-07-06 15:53:00,VCI.V,,6.25,6.25,6.25,6.25,200.0
2026-07-06 15:53:00,WRLG.V,,0.6499999761581421,0.6499999761581421,0.6499999761581421,0.6499999761581421,500.0
2026-07-06 15:53:00,ZDC.V,,5.585000038146973,5.585000038146973,5.585000038146973,5.585000038146973,100.0
2026-07-06 15:54:00,AUMB.V,,0.6850000023841858,0.6850000023841858,0.6850000023841858,0.6850000023841858,500.0
2026-07-06 15:54:00,SURG.V,,0.5550000071525574,0.5550000071525574,0.5550000071525574,0.5550000071525574,500.0
2026-07-06 15:54:00,TOI.V,,91.95999908447266,91.95999908447266,91.87000274658203,91.87000274658203,800.0
2026-07-06 15:54:00,TUD.V,,0.9100000262260437,0.9100000262260437,0.9100000262260437,0.9100000262260437,1500.0
2026-07-06 15:54:00,UCU.V,,4.550000190734863,4.550000190734863,4.550000190734863,4.550000190734863,1000.0
2026-07-06 15:54:00,VCU.V,,1.059999942779541,1.059999942779541,1.059999942779541,1.059999942779541,200.0
2026-07-06 15:54:00,VG.V,,0.07500000298023224,0.07500000298023224,0.07500000298023224,0.07500000298023224,0.0
2026-07-06 15:54:00,WGF.V,,0.19499999284744263,0.19499999284744263,0.19499999284744263,0.19499999284744263,1000.0
2026-07-06 15:54:00,WGO.V,,1.809999942779541,1.809999942779541,1.809999942779541,1.809999942779541,100.0
2026-07-06 15:54:00,ZDC.V,,5.585000038146973,5.585000038146973,5.585000038146973,5.585000038146973,100.0
2026-07-06 15:55:00,AUMB.V,,0.6850000023841858,0.6850000023841858,0.6800000071525574,0.6800000071525574,1000.0
2026-07-06 15:55:00,SURG.V,,0.5600000023841858,0.5600000023841858,0.5600000023841858,0.5600000023841858,11500.0
2026-07-06 15:55:00,TECT.V,,2.2899999618530273,2.2899999618530273,2.2899999618530273,2.2899999618530273,500.0
2026-07-06 15:55:00,TOI.V,,91.76000213623047,91.88999938964844,91.76000213623047,91.88999938964844,1249.0
2026-07-06 15:55:00,TUD.V,,0.9100000262260437,0.9100000262260437,0.9100000262260437,0.9100000262260437,500.0
2026-07-06 15:55:00,UCU.V,,4.550000190734863,4.550000190734863,4.539999961853027,4.539999961853027,400.0
2026-07-06 15:55:00,VG.V,,0.07000000029802322,0.07000000029802322,0.07000000029802322,0.07000000029802322,2000.0
2026-07-06 15:55:00,VZZ.V,,0.1899999976158142,0.1899999976158142,0.1899999976158142,0.1899999976158142,2000.0
2026-07-06 15:55:00,WEB.V,,0.9900000095367432,0.9900000095367432,0.9900000095367432,0.9900000095367432,2600.0
2026-07-06 15:55:00,WGO.V,,1.8049999475479126,1.809999942779541,1.8049999475479126,1.809999942779541,200.0
2026-07-06 15:55:00,ZDC.V,,5.570000171661377,5.570000171661377,5.570000171661377,5.570000171661377,1000.0
2026-07-06 15:56:00,AUMB.V,,0.6850000023841858,0.6850000023841858,0.6850000023841858,0.6850000023841858,500.0
2026-07-06 15:56:00,TELO.V,,0.04500000178813934,0.04500000178813934,0.04500000178813934,0.04500000178813934,20000.0
2026-07-06 15:56:00,THX.V,,1.100000023841858,1.100000023841858,1.100000023841858,1.100000023841858,300.0
2026-07-06 15:56:00,TUD.V,,0.9100000262260437,0.9100000262260437,0.9100000262260437,0.9100000262260437,954.0
2026-07-06 15:56:00,UCU.V,,4.539999961853027,4.550000190734863,4.539999961853027,4.539999961853027,1400.0
2026-07-06 15:56:00,USCU.V,,0.17000000178813934,0.17000000178813934,0.17000000178813934,0.17000000178813934,5000.0
2026-07-06 15:56:00,WRLG.V,,0.6449999809265137,0.6449999809265137,0.6449999809265137,0.6449999809265137,1000.0
2026-07-06 15:56:00,ZDC.V,,5.559999942779541,5.570000171661377,5.559999942779541,5.570000171661377,400.0
2026-07-06 15:57:00,AUMB.V,,0.6850000023841858,0.6850000023841858,0.6800000071525574,0.6800000071525574,1500.0
2026-07-06 15:57:00,THX.V,,1.100000023841858,1.100000023841858,1.100000023841858,1.100000023841858,100.0
2026-07-06 15:57:00,TOI.V,,91.7699966430664,91.7699966430664,91.72000122070312,91.72000122070312,383.0
2026-07-06 15:57:00,TTS.V,,2.700000047683716,2.700000047683716,2.700000047683716,2.700000047683716,100.0
2026-07-06 15:57:00,TUD.V,,0.8999999761581421,0.9200000166893005,0.8999999761581421,0.9100000262260437,20500.0
2026-07-06 15:57:00,UCU.V,,4.539999961853027,4.539999961853027,4.539999961853027,4.539999961853027,600.0
2026-07-06 15:57:00,USCU.V,,0.17000000178813934,0.17000000178813934,0.17000000178813934,0.17000000178813934,35000.0
2026-07-06 15:57:00,VAU.V,,0.15000000596046448,0.15000000596046448,0.15000000596046448,0.15000000596046448,15000.0
2026-07-06 15:57:00,VCU.V,,1.059999942779541,1.059999942779541,1.059999942779541,1.059999942779541,100.0
2026-07-06 15:57:00,VZZ.V,,0.1899999976158142,0.1899999976158142,0.1899999976158142,0.1899999976158142,2000.0
2026-07-06 15:57:00,WGO.V,,1.7999999523162842,1.7999999523162842,1.7999999523162842,1.7999999523162842,100.0
2026-07-06 15:57:00,XGC.V,,0.2549999952316284,0.2549999952316284,0.2549999952316284,0.2549999952316284,1000.0
2026-07-06 15:57:00,ZDC.V,,5.579999923706055,5.579999923706055,5.559999942779541,5.559999942779541,200.0
2026-07-06 15:58:00,AUMB.V,,0.6800000071525574,0.6800000071525574,0.6800000071525574,0.6800000071525574,1871.0
2026-07-06 15:58:00,TDG.V,,0.4950000047683716,0.4950000047683716,0.4950000047683716,0.4950000047683716,1000.0
2026-07-06 15:58:00,THX.V,,1.100000023841858,1.100000023841858,1.100000023841858,1.100000023841858,800.0
2026-07-06 15:58:00,TOI.V,,91.66999816894531,91.66999816894531,91.66999816894531,91.66999816894531,151.0
2026-07-06 15:58:00,TTS.V,,2.700000047683716,2.700000047683716,2.700000047683716,2.700000047683716,100.0
2026-07-06 15:58:00,UCU.V,,4.539999961853027,4.539999961853027,4.539999961853027,4.539999961853027,1500.0
2026-07-06 15:58:00,WGO.V,,1.8049999475479126,1.8049999475479126,1.7999999523162842,1.7999999523162842,800.0
2026-07-06 15:58:00,WRLG.V,,0.6449999809265137,0.6449999809265137,0.6399999856948853,0.6399999856948853,1806.0
2026-07-06 15:58:00,ZDC.V,,5.559999942779541,5.579999923706055,5.559999942779541,5.559999942779541,600.0
2026-07-06 15:59:00,AUMB.V,,0.6700000166893005,0.6800000071525574,0.6700000166893005,0.6800000071525574,14000.0
2026-07-06 15:59:00,NILI.V,,0.7200000286102295,0.7200000286102295,0.7200000286102295,0.7200000286102295,1000.0
2026-07-06 15:59:00,SURG.V,,0.5699999928474426,0.5699999928474426,0.5649999976158142,0.5649999976158142,16000.0
2026-07-06 15:59:00,TDG.V,,0.49000000953674316,0.49000000953674316,0.49000000953674316,0.49000000953674316,4000.0
2026-07-06 15:59:00,TECT.V,,2.2899999618530273,2.2899999618530273,2.259999990463257,2.2899999618530273,800.0
2026-07-06 15:59:00,THX.V,,1.100000023841858,1.100000023841858,1.090000033378601,1.100000023841858,1400.0
2026-07-06 15:59:00,TIG.V,,0.6499999761581421,0.6499999761581421,0.6499999761581421,0.6499999761581421,500.0
2026-07-06 15:59:00,TNR.V,,0.25999999046325684,0.25999999046325684,0.2549999952316284,0.2549999952316284,12000.0
2026-07-06 15:59:00,TOI.V,,91.69999694824219,91.7699966430664,91.5999984741211,91.73999786376953,708.0
2026-07-06 15:59:00,TRO.V,,0.125,0.125,0.125,0.125,500.0
2026-07-06 15:59:00,TUD.V,,0.9100000262260437,0.9100000262260437,0.9049999713897705,0.9049999713897705,3500.0
2026-07-06 15:59:00,TUO.V,,1.9299999475479126,1.9299999475479126,1.7999999523162842,1.809999942779541,955.0
2026-07-06 15:59:00,TVI.V,,0.05999999865889549,0.05999999865889549,0.05999999865889549,0.05999999865889549,1000.0
2026-07-06 15:59:00,TWR.V,,0.16500000655651093,0.16500000655651093,0.16500000655651093,0.16500000655651093,500.0
2026-07-06 15:59:00,UCU.V,,4.550000190734863,4.550000190734863,4.53000020980835,4.539999961853027,3400.0
2026-07-06 15:59:00,USCU.V,,0.17000000178813934,0.17000000178813934,0.17000000178813934,0.17000000178813934,500.0
2026-07-06 15:59:00,VCU.V,,1.059999942779541,1.059999942779541,1.059999942779541,1.059999942779541,900.0
2026-07-06 15:59:00,VM.V,,0.14000000059604645,0.14000000059604645,0.14000000059604645,0.14000000059604645,1500.0
2026-07-06 15:59:00,VZZ.V,,0.1899999976158142,0.1899999976158142,0.1899999976158142,0.1899999976158142,1000.0
2026-07-06 15:59:00,WGO.V,,1.809999942779541,1.809999942779541,1.7999999523162842,1.7999999523162842,5400.0
2026-07-06 15:59:00,WHY.V,,0.3149999976158142,0.3149999976158142,0.3149999976158142,0.3149999976158142,7000.0
2026-07-06 15:59:00,WI.V,,1.0199999809265137,1.0199999809265137,1.0199999809265137,1.0199999809265137,400.0
2026-07-06 15:59:00,WRLG.V,,0.6499999761581421,0.6499999761581421,0.6299999952316284,0.6399999856948853,90744.0
2026-07-06 15:59:00,XGC.V,,0.2549999952316284,0.2549999952316284,0.2549999952316284,0.2549999952316284,1500.0
2026-07-06 15:59:00,ZDC.V,,5.570000171661377,5.599999904632568,5.559999942779541,5.579999923706055,900.0
2026-07-06 15:59:00,ZEN.V,,0.6700000166893005,0.699999988079071,0.6700000166893005,0.6700000166893005,8500.0
2026-07-06 15:59:00,ZOMD.V,,0.5600000023841858,0.5600000023841858,0.5600000023841858,0.5600000023841858,500.0
