Datetime,Ticker,Adj Close,Close,High,Low,Open,Volume
2026-09-23 09:30:00,BIG.V,,1.4500000476837158,1.4800000190734863,1.4500000476837158,1.4800000190734863,0.0
2026-09-23 09:30:00,EMN.V,,0.08500000089406967,0.08500000089406967,0.08500000089406967,0.08500000089406967,0.0
2026-09-23 09:30:00,EPF.V,,0.3799999952316284,0.3799999952316284,0.3799999952316284,0.3799999952316284,0.0
2026-09-23 09:30:00,EQTY.V,,0.11500000208616257,0.11500000208616257,0.11500000208616257,0.11500000208616257,0.0
2026-09-23 09:30:00,EVGN.V,,0.5299999713897705,0.5299999713897705,0.5299999713897705,0.5299999713897705,0.0
2026-09-23 09:30:00,FDR.V,,6.71999979019165,6.800000190734863,6.710000038146973,6.800000190734863,0.0
2026-09-23 09:30:00,FL.V,,0.47999998927116394,0.47999998927116394,0.47999998927116394,0.47999998927116394,0.0
2026-09-23 09:30:00,FMAN.V,,0.39500001072883606,0.39500001072883606,0.39500001072883606,0.39500001072883606,0.0
2026-09-23 09:30:00,FMM.V,,0.03500000014901161,0.03500000014901161,0.03500000014901161,0.03500000014901161,1000.0
2026-09-23 09:30:00,FMS.V,,0.42500001192092896,0.42500001192092896,0.42500001192092896,0.42500001192092896,0.0
2026-09-23 09:30:00,FOR.V,,0.8600000143051147,0.8600000143051147,0.8600000143051147,0.8600000143051147,0.0
2026-09-23 09:30:00,FPC.V,,0.5799999833106995,0.5799999833106995,0.5799999833106995,0.5799999833106995,0.0
2026-09-23 09:30:00,FRNT.V,,0.029999999329447746,0.029999999329447746,0.029999999329447746,0.029999999329447746,0.0
2026-09-23 09:30:00,FUU.V,,0.12999999523162842,0.12999999523162842,0.12999999523162842,0.12999999523162842,0.0
2026-09-23 09:30:00,FWZ.V,,3.25,3.25,3.25,3.25,0.0
2026-09-23 09:30:00,FYL.V,,0.10000000149011612,0.10000000149011612,0.10000000149011612,0.10000000149011612,5000.0
2026-09-23 09:30:00,GAL.V,,0.5600000023841858,0.5600000023841858,0.5600000023841858,0.5600000023841858,0.0
2026-09-23 09:30:00,GEL.V,,0.10000000149011612,0.10000000149011612,0.10000000149011612,0.10000000149011612,0.0
2026-09-23 09:30:00,GFG.V,,0.23499999940395355,0.23499999940395355,0.23499999940395355,0.23499999940395355,0.0
2026-09-23 09:30:00,GGI.V,,0.07500000298023224,0.07500000298023224,0.07500000298023224,0.07500000298023224,90000.0
2026-09-23 09:30:00,GGM.V,,0.03999999910593033,0.03999999910593033,0.03999999910593033,0.03999999910593033,0.0
2026-09-23 09:30:00,GGO.V,,1.2100000381469727,1.2100000381469727,1.2100000381469727,1.2100000381469727,0.0
2026-09-23 09:30:00,GLDN.V,,0.08500000089406967,0.08500000089406967,0.08500000089406967,0.08500000089406967,0.0
2026-09-23 09:30:00,GMA.V,,0.25,0.25,0.25,0.25,0.0
2026-09-23 09:30:00,GMG.V,,2.5299999713897705,2.569999933242798,2.5,2.5299999713897705,0.0
2026-09-23 09:30:00,GOT.V,,1.7899999618530273,1.8300000429153442,1.7899999618530273,1.809999942779541,0.0
2026-09-23 09:30:00,GPAC.V,,0.20499999821186066,0.20499999821186066,0.20499999821186066,0.20499999821186066,0.0
2026-09-23 09:30:00,GPG.V,,0.3199999928474426,0.3199999928474426,0.3199999928474426,0.3199999928474426,0.0
2026-09-23 09:30:00,GPH.V,,0.9200000166893005,0.9200000166893005,0.8999999761581421,0.8999999761581421,0.0
2026-09-23 09:30:00,GR.V,,0.07000000029802322,0.07000000029802322,0.07000000029802322,0.07000000029802322,0.0
2026-09-23 09:30:00,GRSL.V,,0.36500000953674316,0.36500000953674316,0.36500000953674316,0.36500000953674316,0.0
2026-09-23 09:30:00,GRZ.V,,6.849999904632568,6.849999904632568,6.849999904632568,6.849999904632568,0.0
2026-09-23 09:30:00,GSPR.V,,0.12999999523162842,0.12999999523162842,0.12999999523162842,0.12999999523162842,0.0
2026-09-23 09:30:00,GSR.V,,0.4449999928474426,0.4449999928474426,0.4449999928474426,0.4449999928474426,0.0
2026-09-23 09:30:00,GSTM.V,,0.16500000655651093,0.16500000655651093,0.16500000655651093,0.16500000655651093,0.0
2026-09-23 09:30:00,GWM.V,,0.8799999952316284,0.8799999952316284,0.8700000047683716,0.8700000047683716,0.0
2026-09-23 09:30:00,HCH.V,,1.649999976158142,1.649999976158142,1.649999976158142,1.649999976158142,0.0
2026-09-23 09:30:00,HELI.V,,0.02500000037252903,0.02500000037252903,0.02500000037252903,0.02500000037252903,0.0
2026-09-23 09:30:00,HHH.V,,5.340000152587891,5.340000152587891,5.340000152587891,5.340000152587891,0.0
2026-09-23 09:30:00,HI.V,,0.1599999964237213,0.1599999964237213,0.1599999964237213,0.1599999964237213,0.0
2026-09-23 09:30:00,HITI.V,,3.869999885559082,3.9000000953674316,3.869999885559082,3.9000000953674316,0.0
2026-09-23 09:30:00,HMR.V,,0.5600000023841858,0.5600000023841858,0.5600000023841858,0.5600000023841858,0.0
2026-09-23 09:30:00,HPQ.V,,0.14499999582767487,0.14499999582767487,0.14499999582767487,0.14499999582767487,0.0
2026-09-23 09:30:00,IB.V,,0.17000000178813934,0.17000000178813934,0.17000000178813934,0.17000000178813934,0.0
2026-09-23 09:30:00,ICM.V,,0.07500000298023224,0.07500000298023224,0.07500000298023224,0.07500000298023224,0.0
2026-09-23 09:30:00,ILC.V,,0.02500000037252903,0.02500000037252903,0.02500000037252903,0.02500000037252903,0.0
2026-09-23 09:30:00,ILI.V,,0.014999999664723873,0.014999999664723873,0.014999999664723873,0.014999999664723873,41914.0
2026-09-23 09:30:00,IMI.V,,0.07500000298023224,0.07500000298023224,0.07500000298023224,0.07500000298023224,0.0
2026-09-23 09:30:00,INTR.V,,0.8899999856948853,0.8899999856948853,0.8899999856948853,0.8899999856948853,0.0
2026-09-23 09:30:00,IPT.V,,0.30000001192092896,0.30000001192092896,0.30000001192092896,0.30000001192092896,0.0
2026-09-23 09:30:00,ITR.V,,3.940000057220459,3.990000009536743,3.940000057220459,3.9700000286102295,0.0
2026-09-23 09:30:00,JEV.V,,0.23999999463558197,0.23999999463558197,0.23999999463558197,0.23999999463558197,2100.0
2026-09-23 09:30:00,JUGR.V,,0.4749999940395355,0.47999998927116394,0.4749999940395355,0.47999998927116394,0.0
2026-09-23 09:30:00,KC.V,,0.3400000035762787,0.3400000035762787,0.3400000035762787,0.3400000035762787,0.0
2026-09-23 09:30:00,KCC.V,,1.100000023841858,1.100000023841858,1.100000023841858,1.100000023841858,0.0
2026-09-23 09:30:00,KDK.V,,0.7699999809265137,0.7699999809265137,0.7699999809265137,0.7699999809265137,0.0
2026-09-23 09:30:00,KG.V,,0.1550000011920929,0.1550000011920929,0.1550000011920929,0.1550000011920929,0.0
2026-09-23 09:30:00,KIP.V,,0.23000000417232513,0.23000000417232513,0.22499999403953552,0.22499999403953552,0.0
2026-09-23 09:30:00,KLD.V,,2.3299999237060547,2.3299999237060547,2.3299999237060547,2.3299999237060547,0.0
2026-09-23 09:30:00,KLDC.V,,0.3799999952316284,0.3799999952316284,0.3799999952316284,0.3799999952316284,0.0
2026-09-23 09:30:00,KRY.V,,3.6700000762939453,3.6700000762939453,3.6600000858306885,3.6600000858306885,0.0
2026-09-23 09:30:00,KTN.V,,1.2300000190734863,1.2300000190734863,1.2300000190734863,1.2300000190734863,0.0
2026-09-23 09:30:00,LCX.V,,1.899999976158142,1.909999966621399,1.899999976158142,1.909999966621399,0.0
2026-09-23 09:30:00,LGC.V,,3.680000066757202,3.680000066757202,3.680000066757202,3.680000066757202,0.0
2026-09-23 09:30:00,LMS.V,,0.2199999988079071,0.2199999988079071,0.2199999988079071,0.2199999988079071,0.0
2026-09-23 09:30:00,LPS.V,,0.18000000715255737,0.18000000715255737,0.18000000715255737,0.18000000715255737,0.0
2026-09-23 09:30:00,LRA.V,,4.090000152587891,4.090000152587891,4.090000152587891,4.090000152587891,0.0
2026-09-23 09:30:00,LUCA.V,,1.1699999570846558,1.190000057220459,1.1699999570846558,1.190000057220459,0.0
2026-09-23 09:30:00,LVG.V,,0.3050000071525574,0.3050000071525574,0.3050000071525574,0.3050000071525574,0.0
2026-09-23 09:30:00,LVX.V,,0.5299999713897705,0.5299999713897705,0.5299999713897705,0.5299999713897705,0.0
2026-09-23 09:30:00,MAH.V,,0.1599999964237213,0.1599999964237213,0.1599999964237213,0.1599999964237213,0.0
2026-09-23 09:30:00,MASS.V,,0.05000000074505806,0.05000000074505806,0.04500000178813934,0.05000000074505806,143000.0
2026-09-23 09:30:00,MCM-A.V,,0.25999999046325684,0.25999999046325684,0.25999999046325684,0.25999999046325684,1000.0
2026-09-23 09:30:00,MERG.V,,0.7799999713897705,0.7799999713897705,0.7799999713897705,0.7799999713897705,0.0
2026-09-23 09:30:00,MGM.V,,3.190000057220459,3.2200000286102295,3.190000057220459,3.2200000286102295,0.0
2026-09-23 09:30:00,MIM.V,,0.17000000178813934,0.17000000178813934,0.17000000178813934,0.17000000178813934,0.0
2026-09-23 09:30:00,MJS.V,,0.10499999672174454,0.10499999672174454,0.10499999672174454,0.10499999672174454,0.0
2026-09-23 09:30:00,MKO.V,,14.369999885559082,14.5,14.369999885559082,14.5,0.0
2026-09-23 09:30:00,MLP.V,,2.6700000762939453,2.6700000762939453,2.6700000762939453,2.6700000762939453,0.0
2026-09-23 09:30:00,MMX.V,,0.054999999701976776,0.054999999701976776,0.054999999701976776,0.054999999701976776,0.0
2026-09-23 09:30:00,MQM.V,,0.17000000178813934,0.17000000178813934,0.17000000178813934,0.17000000178813934,0.0
2026-09-23 09:30:00,MRVL.V,,0.15000000596046448,0.15000000596046448,0.15000000596046448,0.15000000596046448,0.0
2026-09-23 09:30:00,MTA.V,,14.40999984741211,14.600000381469727,14.399999618530273,14.600000381469727,0.0
2026-09-23 09:30:00,MTLO.V,,0.004999999888241291,0.004999999888241291,0.004999999888241291,0.004999999888241291,0.0
2026-09-23 09:30:00,MTS.V,,0.14499999582767487,0.14499999582767487,0.14000000059604645,0.14000000059604645,0.0
2026-09-23 09:30:00,MTT.V,,0.27000001072883606,0.27000001072883606,0.27000001072883606,0.27000001072883606,0.0
2026-09-23 09:30:00,NHHH.V,,0.06499999761581421,0.06499999761581421,0.06499999761581421,0.06499999761581421,0.0
2026-09-23 09:30:00,PNG.V,,4.579999923706055,4.619999885559082,4.579999923706055,4.599999904632568,0.0
2026-09-23 09:30:00,ROAR.V,,0.27000001072883606,0.27000001072883606,0.27000001072883606,0.27000001072883606,0.0
2026-09-23 09:30:00,TUF.V,,0.9200000166893005,0.9300000071525574,0.9200000166893005,0.9300000071525574,0.0
2026-09-23 09:30:00,ZNG.V,,0.8600000143051147,0.8600000143051147,0.8399999737739563,0.8399999737739563,0.0
2026-09-23 09:31:00,BIG.V,,1.4299999475479126,1.4500000476837158,1.4299999475479126,1.4500000476837158,15106.0
2026-09-23 09:31:00,FDR.V,,6.650000095367432,6.71999979019165,6.650000095367432,6.71999979019165,12400.0
2026-09-23 09:31:00,FPC.V,,0.5699999928474426,0.5699999928474426,0.5699999928474426,0.5699999928474426,500.0
2026-09-23 09:31:00,GMG.V,,2.5299999713897705,2.549999952316284,2.5299999713897705,2.549999952316284,3050.0
2026-09-23 09:31:00,GOT.V,,1.7599999904632568,1.8200000524520874,1.7599999904632568,1.7899999618530273,17017.0
2026-09-23 09:31:00,GRSL.V,,0.36000001430511475,0.36000001430511475,0.36000001430511475,0.36000001430511475,3000.0
2026-09-23 09:31:00,GWM.V,,0.8899999856948853,0.8899999856948853,0.8799999952316284,0.8799999952316284,40556.0
2026-09-23 09:31:00,HITI.V,,3.8550000190734863,3.859999895095825,3.8499999046325684,3.859999895095825,300.0
2026-09-23 09:31:00,HPQ.V,,0.14499999582767487,0.14499999582767487,0.14499999582767487,0.14499999582767487,1000.0
2026-09-23 09:31:00,INTR.V,,0.8700000047683716,0.8799999952316284,0.8700000047683716,0.8799999952316284,7000.0
2026-09-23 09:31:00,IPT.V,,0.30000001192092896,0.30000001192092896,0.30000001192092896,0.30000001192092896,3885.0
2026-09-23 09:31:00,ITR.V,,3.950000047683716,3.950000047683716,3.950000047683716,3.950000047683716,1400.0
2026-09-23 09:31:00,KDK.V,,0.7699999809265137,0.7699999809265137,0.7699999809265137,0.7699999809265137,4500.0
2026-09-23 09:31:00,KIP.V,,0.20999999344348907,0.20999999344348907,0.20999999344348907,0.20999999344348907,6000.0
2026-09-23 09:31:00,KRY.V,,3.6500000953674316,3.6500000953674316,3.6500000953674316,3.6500000953674316,300.0
2026-09-23 09:31:00,LUCA.V,,1.1799999475479126,1.1799999475479126,1.1799999475479126,1.1799999475479126,1800.0
2026-09-23 09:31:00,MLP.V,,2.6549999713897705,2.6600000858306885,2.6549999713897705,2.6600000858306885,3000.0
2026-09-23 09:31:00,MQM.V,,0.17000000178813934,0.17000000178813934,0.17000000178813934,0.17000000178813934,6000.0
2026-09-23 09:31:00,PNG.V,,4.570000171661377,4.570000171661377,4.559999942779541,4.570000171661377,2400.0
2026-09-23 09:32:00,FDR.V,,6.650000095367432,6.650000095367432,6.650000095367432,6.650000095367432,500.0
2026-09-23 09:32:00,GQC.V,,0.6700000166893005,0.6700000166893005,0.6700000166893005,0.6700000166893005,0.0
2026-09-23 09:32:00,GSR.V,,0.4399999976158142,0.4399999976158142,0.4399999976158142,0.4399999976158142,10000.0
2026-09-23 09:32:00,GWM.V,,0.9049999713897705,0.9100000262260437,0.8899999856948853,0.8899999856948853,152875.0
2026-09-23 09:32:00,HITI.V,,3.8299999237060547,3.8399999141693115,3.8299999237060547,3.8399999141693115,500.0
2026-09-23 09:32:00,HPQ.V,,0.14499999582767487,0.14499999582767487,0.14499999582767487,0.14499999582767487,2090.0
2026-09-23 09:32:00,IPT.V,,0.29499998688697815,0.29499998688697815,0.29499998688697815,0.29499998688697815,4000.0
2026-09-23 09:32:00,ITR.V,,3.940000057220459,3.940000057220459,3.940000057220459,3.940000057220459,100.0
2026-09-23 09:32:00,KIP.V,,0.20999999344348907,0.20999999344348907,0.20999999344348907,0.20999999344348907,4000.0
2026-09-23 09:32:00,MLP.V,,2.6600000858306885,2.6700000762939453,2.6600000858306885,2.6600000858306885,1094.0
2026-09-23 09:32:00,PNG.V,,4.570000171661377,4.590000152587891,4.559999942779541,4.590000152587891,4800.0
2026-09-23 09:32:00,TUF.V,,0.8999999761581421,0.9100000262260437,0.8999999761581421,0.9100000262260437,50450.0
2026-09-23 09:33:00,BIG.V,,1.4199999570846558,1.4199999570846558,1.4199999570846558,1.4199999570846558,2000.0
2026-09-23 09:33:00,FPC.V,,0.5600000023841858,0.5600000023841858,0.5600000023841858,0.5600000023841858,13500.0
2026-09-23 09:33:00,GAL.V,,0.5699999928474426,0.5699999928474426,0.5699999928474426,0.5699999928474426,1500.0
2026-09-23 09:33:00,GGO.V,,1.190000057220459,1.190000057220459,1.190000057220459,1.190000057220459,1100.0
2026-09-23 09:33:00,GPAC.V,,0.20999999344348907,0.20999999344348907,0.20499999821186066,0.20499999821186066,39500.0
2026-09-23 09:33:00,GRSL.V,,0.36000001430511475,0.36000001430511475,0.36000001430511475,0.36000001430511475,1500.0
2026-09-23 09:33:00,GWM.V,,0.9100000262260437,0.9100000262260437,0.9049999713897705,0.9049999713897705,45000.0
2026-09-23 09:33:00,ITR.V,,3.9100000858306885,3.9100000858306885,3.9000000953674316,3.9100000858306885,6400.0
2026-09-23 09:33:00,KNG.V,,1.149999976158142,1.149999976158142,1.149999976158142,1.149999976158142,0.0
2026-09-23 09:33:00,LCX.V,,1.899999976158142,1.899999976158142,1.899999976158142,1.899999976158142,600.0
2026-09-23 09:33:00,LUCA.V,,1.1699999570846558,1.1699999570846558,1.1699999570846558,1.1699999570846558,13000.0
2026-09-23 09:33:00,MIM.V,,0.18000000715255737,0.18000000715255737,0.18000000715255737,0.18000000715255737,1000.0
2026-09-23 09:33:00,MLP.V,,2.619999885559082,2.6549999713897705,2.619999885559082,2.6549999713897705,6101.0
2026-09-23 09:33:00,MTA.V,,14.229999542236328,14.229999542236328,14.229999542236328,14.229999542236328,100.0
2026-09-23 09:33:00,PNG.V,,4.550000190734863,4.550000190734863,4.545000076293945,4.550000190734863,2600.0
2026-09-23 09:34:00,FHYD.V,,0.3499999940395355,0.3499999940395355,0.3499999940395355,0.3499999940395355,0.0
2026-09-23 09:34:00,FPC.V,,0.5600000023841858,0.5600000023841858,0.5600000023841858,0.5600000023841858,500.0
2026-09-23 09:34:00,GG.V,,3.059999942779541,3.059999942779541,3.059999942779541,3.059999942779541,0.0
2026-09-23 09:34:00,GRSL.V,,0.35499998927116394,0.35499998927116394,0.35499998927116394,0.35499998927116394,500.0
2026-09-23 09:34:00,GWM.V,,0.9100000262260437,0.9100000262260437,0.9049999713897705,0.9049999713897705,10350.0
2026-09-23 09:34:00,LUCA.V,,1.159999966621399,1.159999966621399,1.159999966621399,1.159999966621399,6800.0
2026-09-23 09:34:00,PNG.V,,4.559999942779541,4.570000171661377,4.550000190734863,4.550000190734863,4700.0
2026-09-23 09:34:00,TUF.V,,0.8999999761581421,0.8999999761581421,0.8999999761581421,0.8999999761581421,15500.0
2026-09-23 09:34:00,ZNG.V,,0.8500000238418579,0.8600000143051147,0.8399999737739563,0.8500000238418579,9000.0
2026-09-23 09:35:00,EQTY.V,,0.11500000208616257,0.11500000208616257,0.11500000208616257,0.11500000208616257,24500.0
2026-09-23 09:35:00,FDR.V,,6.599999904632568,6.610000133514404,6.599999904632568,6.610000133514404,1100.0
2026-09-23 09:35:00,FWZ.V,,3.1600000858306885,3.180000066757202,3.1500000953674316,3.180000066757202,6800.0
2026-09-23 09:35:00,GGO.V,,1.190000057220459,1.190000057220459,1.190000057220459,1.190000057220459,100.0
2026-09-23 09:35:00,GWM.V,,0.9200000166893005,0.9300000071525574,0.9150000214576721,0.9150000214576721,120505.0
2026-09-23 09:35:00,HMR.V,,0.5600000023841858,0.5600000023841858,0.5600000023841858,0.5600000023841858,6000.0
2026-09-23 09:35:00,HPQ.V,,0.14499999582767487,0.14499999582767487,0.14499999582767487,0.14499999582767487,500.0
2026-09-23 09:35:00,IB.V,,0.17000000178813934,0.17000000178813934,0.17000000178813934,0.17000000178813934,5276.0
2026-09-23 09:35:00,IRR.V,,1.350000023841858,1.350000023841858,1.350000023841858,1.350000023841858,0.0
2026-09-23 09:35:00,ITR.V,,3.930000066757202,3.930000066757202,3.930000066757202,3.930000066757202,100.0
2026-09-23 09:35:00,KRY.V,,3.6500000953674316,3.6500000953674316,3.6500000953674316,3.6500000953674316,1100.0
2026-09-23 09:35:00,LUCA.V,,1.159999966621399,1.159999966621399,1.159999966621399,1.159999966621399,2000.0
2026-09-23 09:35:00,MKO.V,,14.079999923706055,14.180000305175781,14.079999923706055,14.180000305175781,1100.0
2026-09-23 09:35:00,MLP.V,,2.609999895095825,2.609999895095825,2.609999895095825,2.609999895095825,401.0
2026-09-23 09:35:00,PNG.V,,4.570000171661377,4.590000152587891,4.570000171661377,4.579999923706055,2100.0
2026-09-23 09:36:00,FDR.V,,6.599999904632568,6.599999904632568,6.599999904632568,6.599999904632568,500.0
2026-09-23 09:36:00,FOR.V,,0.8600000143051147,0.8600000143051147,0.8600000143051147,0.8600000143051147,2500.0
2026-09-23 09:36:00,GGO.V,,1.1950000524520874,1.1950000524520874,1.1950000524520874,1.1950000524520874,950.0
2026-09-23 09:36:00,GMA.V,,0.24500000476837158,0.24500000476837158,0.24500000476837158,0.24500000476837158,3116.0
2026-09-23 09:36:00,GOT.V,,1.7599999904632568,1.7599999904632568,1.7599999904632568,1.7599999904632568,2400.0
2026-09-23 09:36:00,HAWK.V,,0.02500000037252903,0.02500000037252903,0.02500000037252903,0.02500000037252903,0.0
2026-09-23 09:36:00,HITI.V,,3.819999933242798,3.819999933242798,3.819999933242798,3.819999933242798,121.0
2026-09-23 09:36:00,KTN.V,,1.1799999475479126,1.2000000476837158,1.1799999475479126,1.2000000476837158,8911.0
2026-09-23 09:36:00,LUCA.V,,1.1399999856948853,1.149999976158142,1.1399999856948853,1.149999976158142,136051.0
2026-09-23 09:36:00,MKO.V,,14.0,14.0600004196167,14.0,14.0600004196167,1400.0
2026-09-23 09:36:00,PNG.V,,4.599999904632568,4.599999904632568,4.590000152587891,4.590000152587891,4900.0
2026-09-23 09:37:00,FOR.V,,0.8500000238418579,0.8500000238418579,0.8500000238418579,0.8500000238418579,500.0
2026-09-23 09:37:00,GSR.V,,0.4399999976158142,0.4399999976158142,0.4399999976158142,0.4399999976158142,62000.0
2026-09-23 09:37:00,GWM.V,,0.925000011920929,0.925000011920929,0.925000011920929,0.925000011920929,500.0
2026-09-23 09:37:00,KC.V,,0.32499998807907104,0.32499998807907104,0.32499998807907104,0.32499998807907104,500.0
2026-09-23 09:37:00,KRY.V,,3.6500000953674316,3.6500000953674316,3.6500000953674316,3.6500000953674316,200.0
2026-09-23 09:37:00,MGM.V,,3.0999999046325684,3.1600000858306885,3.0999999046325684,3.1600000858306885,1300.0
2026-09-23 09:37:00,MKO.V,,14.09000015258789,14.09000015258789,14.069999694824219,14.069999694824219,300.0
2026-09-23 09:37:00,PNG.V,,4.570000171661377,4.590000152587891,4.570000171661377,4.579999923706055,12700.0
2026-09-23 09:38:00,GFG.V,,0.23499999940395355,0.23499999940395355,0.23499999940395355,0.23499999940395355,15000.0
2026-09-23 09:38:00,GWM.V,,0.9300000071525574,0.9300000071525574,0.9300000071525574,0.9300000071525574,15435.0
2026-09-23 09:38:00,JUGR.V,,0.4749999940395355,0.4749999940395355,0.4749999940395355,0.4749999940395355,2000.0
2026-09-23 09:38:00,KTN.V,,1.190000057220459,1.190000057220459,1.190000057220459,1.190000057220459,5000.0
2026-09-23 09:38:00,LSTR.V,,0.07000000029802322,0.07000000029802322,0.07000000029802322,0.07000000029802322,0.0
2026-09-23 09:38:00,MIM.V,,0.18000000715255737,0.18000000715255737,0.17499999701976776,0.17499999701976776,6500.0
2026-09-23 09:38:00,MKO.V,,14.119999885559082,14.119999885559082,14.119999885559082,14.119999885559082,100.0
2026-09-23 09:38:00,MLP.V,,2.5899999141693115,2.609999895095825,2.5899999141693115,2.609999895095825,10300.0
2026-09-23 09:38:00,PNG.V,,4.590000152587891,4.590000152587891,4.579999923706055,4.579999923706055,200.0
2026-09-23 09:39:00,FOR.V,,0.8500000238418579,0.8500000238418579,0.8500000238418579,0.8500000238418579,500.0
2026-09-23 09:39:00,GAL.V,,0.5699999928474426,0.5699999928474426,0.5699999928474426,0.5699999928474426,48500.0
2026-09-23 09:39:00,GWM.V,,0.9399999976158142,0.9399999976158142,0.9350000023841858,0.9350000023841858,1000.0
2026-09-23 09:39:00,HCH.V,,1.6200000047683716,1.6200000047683716,1.6200000047683716,1.6200000047683716,200.0
2026-09-23 09:39:00,KRY.V,,3.6500000953674316,3.6500000953674316,3.6500000953674316,3.6500000953674316,200.0
2026-09-23 09:39:00,LXE.V,,0.25,0.25,0.25,0.25,0.0
2026-09-23 09:39:00,MGM.V,,3.0999999046325684,3.0999999046325684,3.009999990463257,3.049999952316284,1400.0
2026-09-23 09:39:00,MLP.V,,2.5999999046325684,2.5999999046325684,2.5899999141693115,2.5899999141693115,2000.0
2026-09-23 09:39:00,MQM.V,,0.17000000178813934,0.17000000178813934,0.17000000178813934,0.17000000178813934,1000.0
2026-09-23 09:39:00,MTT.V,,0.26499998569488525,0.26499998569488525,0.26499998569488525,0.26499998569488525,2000.0
2026-09-23 09:39:00,PNG.V,,4.590000152587891,4.590000152587891,4.579999923706055,4.579999923706055,1100.0
2026-09-23 09:40:00,FMS.V,,0.41499999165534973,0.41499999165534973,0.41499999165534973,0.41499999165534973,1000.0
2026-09-23 09:40:00,FOR.V,,0.8500000238418579,0.8500000238418579,0.8500000238418579,0.8500000238418579,500.0
2026-09-23 09:40:00,GOT.V,,1.7799999713897705,1.7799999713897705,1.7599999904632568,1.7599999904632568,5200.0
2026-09-23 09:40:00,GRZ.V,,6.849999904632568,6.849999904632568,6.849999904632568,6.849999904632568,500.0
2026-09-23 09:40:00,GWM.V,,0.9399999976158142,0.9399999976158142,0.9350000023841858,0.9350000023841858,4000.0
2026-09-23 09:40:00,HHH.V,,5.380000114440918,5.380000114440918,5.380000114440918,5.380000114440918,100.0
2026-09-23 09:40:00,HI.V,,0.1599999964237213,0.1599999964237213,0.1599999964237213,0.1599999964237213,5000.0
2026-09-23 09:40:00,HITI.V,,3.819999933242798,3.819999933242798,3.819999933242798,3.819999933242798,200.0
2026-09-23 09:40:00,ITR.V,,3.9000000953674316,3.9000000953674316,3.9000000953674316,3.9000000953674316,5000.0
2026-09-23 09:40:00,KDK.V,,0.7699999809265137,0.7699999809265137,0.7699999809265137,0.7699999809265137,500.0
2026-09-23 09:40:00,LUCA.V,,1.149999976158142,1.149999976158142,1.149999976158142,1.149999976158142,6400.0
2026-09-23 09:40:00,MKO.V,,14.09000015258789,14.140000343322754,14.09000015258789,14.140000343322754,500.0
2026-09-23 09:40:00,MLP.V,,2.5899999141693115,2.5899999141693115,2.5899999141693115,2.5899999141693115,100.0
2026-09-23 09:40:00,MTA.V,,14.220000267028809,14.220000267028809,14.220000267028809,14.220000267028809,300.0
2026-09-23 09:40:00,PNG.V,,4.579999923706055,4.579999923706055,4.579999923706055,4.579999923706055,200.0
2026-09-23 09:41:00,FDR.V,,6.599999904632568,6.599999904632568,6.599999904632568,6.599999904632568,800.0
2026-09-23 09:41:00,GOT.V,,1.7799999713897705,1.7799999713897705,1.7799999713897705,1.7799999713897705,100.0
2026-09-23 09:41:00,GWM.V,,0.949999988079071,0.9599999785423279,0.9399999976158142,0.9399999976158142,82696.0
2026-09-23 09:41:00,HITI.V,,3.809999942779541,3.809999942779541,3.809999942779541,3.809999942779541,100.0
2026-09-23 09:41:00,HVG.V,,0.05000000074505806,0.05000000074505806,0.05000000074505806,0.05000000074505806,0.0
2026-09-23 09:41:00,ITR.V,,3.9100000858306885,3.9100000858306885,3.9100000858306885,3.9100000858306885,800.0
2026-09-23 09:41:00,JUGR.V,,0.47999998927116394,0.47999998927116394,0.4749999940395355,0.47999998927116394,12500.0
2026-09-23 09:41:00,KG.V,,0.15000000596046448,0.15000000596046448,0.15000000596046448,0.15000000596046448,1000.0
2026-09-23 09:41:00,MKO.V,,14.09000015258789,14.09000015258789,14.09000015258789,14.09000015258789,100.0
2026-09-23 09:41:00,MLP.V,,2.5899999141693115,2.5899999141693115,2.5899999141693115,2.5899999141693115,100.0
2026-09-23 09:41:00,TUF.V,,0.8999999761581421,0.8999999761581421,0.8999999761581421,0.8999999761581421,9275.0
2026-09-23 09:42:00,EQTY.V,,0.11500000208616257,0.11500000208616257,0.11500000208616257,0.11500000208616257,47500.0
2026-09-23 09:42:00,FDR.V,,6.579999923706055,6.579999923706055,6.579999923706055,6.579999923706055,100.0
2026-09-23 09:42:00,FG.V,,0.02500000037252903,0.029999999329447746,0.02500000037252903,0.029999999329447746,0.0
2026-09-23 09:42:00,FOR.V,,0.8500000238418579,0.8500000238418579,0.8500000238418579,0.8500000238418579,500.0
2026-09-23 09:42:00,GOT.V,,1.7599999904632568,1.7699999809265137,1.7599999904632568,1.7599999904632568,14850.0
2026-09-23 09:42:00,GWM.V,,0.9399999976158142,0.9399999976158142,0.9399999976158142,0.9399999976158142,3500.0
2026-09-23 09:42:00,IPT.V,,0.29499998688697815,0.29499998688697815,0.29499998688697815,0.29499998688697815,500.0
2026-09-23 09:42:00,ITR.V,,3.880000114440918,3.890000104904175,3.880000114440918,3.890000104904175,1400.0
2026-09-23 09:42:00,LUCA.V,,1.1349999904632568,1.1399999856948853,1.1299999952316284,1.1399999856948853,21201.0
2026-09-23 09:42:00,MKO.V,,14.09000015258789,14.09000015258789,14.09000015258789,14.09000015258789,200.0
2026-09-23 09:42:00,MLP.V,,2.5999999046325684,2.5999999046325684,2.5899999141693115,2.5899999141693115,3800.0
2026-09-23 09:42:00,MTA.V,,14.239999771118164,14.239999771118164,14.194999694824219,14.239999771118164,1500.0
2026-09-23 09:42:00,TUF.V,,0.8899999856948853,0.8899999856948853,0.8899999856948853,0.8899999856948853,24000.0
2026-09-23 09:43:00,FDR.V,,6.570000171661377,6.570000171661377,6.570000171661377,6.570000171661377,800.0
2026-09-23 09:43:00,GGO.V,,1.190000057220459,1.190000057220459,1.190000057220459,1.190000057220459,6200.0
2026-09-23 09:43:00,GPH.V,,0.8999999761581421,0.8999999761581421,0.8999999761581421,0.8999999761581421,1000.0
2026-09-23 09:43:00,GWM.V,,0.9399999976158142,0.9399999976158142,0.9399999976158142,0.9399999976158142,1000.0
2026-09-23 09:43:00,HMR.V,,0.5600000023841858,0.5600000023841858,0.5600000023841858,0.5600000023841858,2000.0
2026-09-23 09:43:00,HPQ.V,,0.14499999582767487,0.14499999582767487,0.14499999582767487,0.14499999582767487,1000.0
2026-09-23 09:43:00,LSTR.V,,0.07000000029802322,0.07000000029802322,0.07000000029802322,0.07000000029802322,2000.0
2026-09-23 09:43:00,MLP.V,,2.5899999141693115,2.5899999141693115,2.5899999141693115,2.5899999141693115,100.0
2026-09-23 09:43:00,MQM.V,,0.17000000178813934,0.17000000178813934,0.17000000178813934,0.17000000178813934,9172.0
2026-09-23 09:43:00,PNG.V,,4.570000171661377,4.570000171661377,4.570000171661377,4.570000171661377,4800.0
2026-09-23 09:43:00,TUF.V,,0.8899999856948853,0.8899999856948853,0.8899999856948853,0.8899999856948853,4000.0
2026-09-23 09:44:00,FOR.V,,0.8500000238418579,0.8500000238418579,0.8500000238418579,0.8500000238418579,500.0
2026-09-23 09:44:00,GOT.V,,1.7599999904632568,1.7699999809265137,1.7599999904632568,1.7699999809265137,6100.0
2026-09-23 09:44:00,GWM.V,,0.9399999976158142,0.9449999928474426,0.9399999976158142,0.9449999928474426,5700.0
2026-09-23 09:44:00,HMR.V,,0.5600000023841858,0.5600000023841858,0.5600000023841858,0.5600000023841858,500.0
2026-09-23 09:44:00,LUCA.V,,1.1299999952316284,1.1299999952316284,1.1299999952316284,1.1299999952316284,5200.0
2026-09-23 09:44:00,MKO.V,,14.09000015258789,14.09000015258789,14.09000015258789,14.09000015258789,100.0
2026-09-23 09:44:00,MTS.V,,0.14499999582767487,0.14499999582767487,0.14499999582767487,0.14499999582767487,10000.0
2026-09-23 09:44:00,MTT.V,,0.26499998569488525,0.26499998569488525,0.26499998569488525,0.26499998569488525,2000.0
2026-09-23 09:45:00,BIG.V,,1.4199999570846558,1.4299999475479126,1.4199999570846558,1.4299999475479126,13250.0
2026-09-23 09:45:00,FDR.V,,6.550000190734863,6.550000190734863,6.550000190734863,6.550000190734863,1200.0
2026-09-23 09:45:00,FOR.V,,0.8500000238418579,0.8500000238418579,0.8500000238418579,0.8500000238418579,500.0
2026-09-23 09:45:00,GAL.V,,0.550000011920929,0.550000011920929,0.550000011920929,0.550000011920929,20000.0
2026-09-23 09:45:00,GGO.V,,1.190000057220459,1.190000057220459,1.190000057220459,1.190000057220459,4200.0
2026-09-23 09:45:00,GWM.V,,0.949999988079071,0.949999988079071,0.949999988079071,0.949999988079071,5000.0
2026-09-23 09:45:00,PNG.V,,4.590000152587891,4.590000152587891,4.579999923706055,4.579999923706055,850.0
2026-09-23 09:46:00,EQTY.V,,0.11500000208616257,0.11500000208616257,0.11500000208616257,0.11500000208616257,11000.0
2026-09-23 09:46:00,FDR.V,,6.550000190734863,6.550000190734863,6.550000190734863,6.550000190734863,590.0
2026-09-23 09:46:00,GG.V,,3.0299999713897705,3.0299999713897705,3.0299999713897705,3.0299999713897705,500.0
2026-09-23 09:46:00,GOT.V,,1.75,1.75,1.75,1.75,5630.0
2026-09-23 09:46:00,GRSL.V,,0.3499999940395355,0.35499998927116394,0.3499999940395355,0.35499998927116394,46300.0
2026-09-23 09:46:00,GSI.V,,1.7100000381469727,1.7100000381469727,1.7100000381469727,1.7100000381469727,0.0
2026-09-23 09:46:00,ITR.V,,3.880000114440918,3.880000114440918,3.880000114440918,3.880000114440918,3400.0
2026-09-23 09:46:00,KRY.V,,3.5999999046325684,3.6500000953674316,3.5999999046325684,3.6500000953674316,5100.0
2026-09-23 09:46:00,KTN.V,,1.190000057220459,1.190000057220459,1.190000057220459,1.190000057220459,6400.0
2026-09-23 09:46:00,MIM.V,,0.18000000715255737,0.18000000715255737,0.18000000715255737,0.18000000715255737,2500.0
2026-09-23 09:46:00,MKO.V,,14.050000190734863,14.050000190734863,14.050000190734863,14.050000190734863,100.0
2026-09-23 09:46:00,MLP.V,,2.5899999141693115,2.5899999141693115,2.5899999141693115,2.5899999141693115,1000.0
2026-09-23 09:46:00,ROAR.V,,0.2800000011920929,0.2800000011920929,0.2800000011920929,0.2800000011920929,26500.0
2026-09-23 09:47:00,FDR.V,,6.550000190734863,6.550000190734863,6.550000190734863,6.550000190734863,200.0
2026-09-23 09:47:00,FWZ.V,,3.130000114440918,3.1500000953674316,3.130000114440918,3.1500000953674316,1437.0
2026-09-23 09:47:00,GAL.V,,0.550000011920929,0.550000011920929,0.550000011920929,0.550000011920929,11000.0
2026-09-23 09:47:00,GGO.V,,1.190000057220459,1.190000057220459,1.190000057220459,1.190000057220459,1620.0
2026-09-23 09:47:00,GOT.V,,1.75,1.75,1.75,1.75,900.0
2026-09-23 09:47:00,GWM.V,,0.9300000071525574,0.9399999976158142,0.9300000071525574,0.9399999976158142,123000.0
2026-09-23 09:47:00,HI.V,,0.1599999964237213,0.1599999964237213,0.1599999964237213,0.1599999964237213,1000.0
2026-09-23 09:47:00,HMR.V,,0.550000011920929,0.550000011920929,0.550000011920929,0.550000011920929,6500.0
2026-09-23 09:47:00,KTN.V,,1.190000057220459,1.190000057220459,1.190000057220459,1.190000057220459,14423.0
2026-09-23 09:47:00,LUCA.V,,1.1200000047683716,1.1299999952316284,1.1200000047683716,1.1299999952316284,77800.0
2026-09-23 09:47:00,MJS.V,,0.10499999672174454,0.10499999672174454,0.10499999672174454,0.10499999672174454,14000.0
2026-09-23 09:47:00,MLP.V,,2.5999999046325684,2.5999999046325684,2.5999999046325684,2.5999999046325684,1001.0
2026-09-23 09:47:00,PNG.V,,4.570000171661377,4.590000152587891,4.570000171661377,4.579999923706055,7211.0
2026-09-23 09:47:00,TUF.V,,0.8999999761581421,0.8999999761581421,0.8999999761581421,0.8999999761581421,27500.0
2026-09-23 09:48:00,EQTY.V,,0.11500000208616257,0.11500000208616257,0.11500000208616257,0.11500000208616257,2000.0
2026-09-23 09:48:00,GOT.V,,1.75,1.75,1.75,1.75,1500.0
2026-09-23 09:48:00,GRSL.V,,0.3449999988079071,0.3499999940395355,0.3449999988079071,0.3499999940395355,15000.0
2026-09-23 09:48:00,GWM.V,,0.9200000166893005,0.9300000071525574,0.9200000166893005,0.9300000071525574,17680.0
2026-09-23 09:48:00,HMR.V,,0.550000011920929,0.550000011920929,0.550000011920929,0.550000011920929,2000.0
2026-09-23 09:48:00,ITR.V,,3.880000114440918,3.9000000953674316,3.880000114440918,3.880000114440918,26000.0
2026-09-23 09:48:00,KNG.V,,1.2799999713897705,1.2799999713897705,1.2200000286102295,1.2200000286102295,2700.0
2026-09-23 09:48:00,KTN.V,,1.190000057220459,1.190000057220459,1.190000057220459,1.190000057220459,1900.0
2026-09-23 09:48:00,LUCA.V,,1.1150000095367432,1.1150000095367432,1.1150000095367432,1.1150000095367432,3900.0
2026-09-23 09:48:00,MKO.V,,14.0600004196167,14.0600004196167,14.0600004196167,14.0600004196167,212.0
2026-09-23 09:48:00,PNG.V,,4.550000190734863,4.550000190734863,4.550000190734863,4.550000190734863,1000.0
2026-09-23 09:49:00,FDR.V,,6.550000190734863,6.550000190734863,6.550000190734863,6.550000190734863,300.0
2026-09-23 09:49:00,FWZ.V,,3.140000104904175,3.140000104904175,3.140000104904175,3.140000104904175,800.0
2026-09-23 09:49:00,GMG.V,,2.5,2.5,2.5,2.5,2000.0
2026-09-23 09:49:00,GPAC.V,,0.20999999344348907,0.20999999344348907,0.20999999344348907,0.20999999344348907,1500.0
2026-09-23 09:49:00,GWM.V,,0.9150000214576721,0.9200000166893005,0.9150000214576721,0.9200000166893005,28000.0
2026-09-23 09:49:00,KLDC.V,,0.3700000047683716,0.3700000047683716,0.3700000047683716,0.3700000047683716,5000.0
2026-09-23 09:49:00,KTN.V,,1.190000057220459,1.190000057220459,1.190000057220459,1.190000057220459,200.0
2026-09-23 09:49:00,LGC.V,,3.509999990463257,3.509999990463257,3.5,3.5,200.0
2026-09-23 09:49:00,PNG.V,,4.570000171661377,4.570000171661377,4.570000171661377,4.570000171661377,2800.0
2026-09-23 09:50:00,FDR.V,,6.550000190734863,6.550000190734863,6.550000190734863,6.550000190734863,2500.0
2026-09-23 09:50:00,FRNT.V,,0.029999999329447746,0.029999999329447746,0.029999999329447746,0.029999999329447746,10000.0
2026-09-23 09:50:00,FWZ.V,,3.140000104904175,3.140000104904175,3.140000104904175,3.140000104904175,300.0
2026-09-23 09:50:00,GGO.V,,1.190000057220459,1.190000057220459,1.190000057220459,1.190000057220459,1900.0
2026-09-23 09:50:00,GOT.V,,1.75,1.75,1.75,1.75,3100.0
2026-09-23 09:50:00,GWM.V,,0.9100000262260437,0.9150000214576721,0.9100000262260437,0.9150000214576721,6500.0
2026-09-23 09:50:00,KDK.V,,0.7599999904632568,0.7599999904632568,0.7599999904632568,0.7599999904632568,1000.0
2026-09-23 09:50:00,MKO.V,,14.079999923706055,14.079999923706055,14.079999923706055,14.079999923706055,200.0
2026-09-23 09:50:00,TUF.V,,0.8949999809265137,0.8949999809265137,0.8949999809265137,0.8949999809265137,875.0
2026-09-23 09:51:00,BIG.V,,1.409999966621399,1.4199999570846558,1.409999966621399,1.4199999570846558,3500.0
2026-09-23 09:51:00,FOR.V,,0.8899999856948853,0.8899999856948853,0.8700000047683716,0.8700000047683716,42000.0
2026-09-23 09:51:00,FRNT.V,,0.029999999329447746,0.029999999329447746,0.029999999329447746,0.029999999329447746,20000.0
2026-09-23 09:51:00,GOT.V,,1.7400000095367432,1.7400000095367432,1.7400000095367432,1.7400000095367432,2900.0
2026-09-23 09:51:00,GWM.V,,0.9100000262260437,0.9100000262260437,0.9100000262260437,0.9100000262260437,7000.0
2026-09-23 09:51:00,HITI.V,,3.799999952316284,3.799999952316284,3.799999952316284,3.799999952316284,100.0
2026-09-23 09:51:00,ITR.V,,3.880000114440918,3.880000114440918,3.880000114440918,3.880000114440918,100.0
2026-09-23 09:51:00,KRY.V,,3.6500000953674316,3.6500000953674316,3.640000104904175,3.640000104904175,600.0
2026-09-23 09:51:00,LUCA.V,,1.1200000047683716,1.1200000047683716,1.1200000047683716,1.1200000047683716,100.0
2026-09-23 09:51:00,MKO.V,,14.010000228881836,14.039999961853027,14.0,14.039999961853027,2400.0
2026-09-23 09:51:00,MLP.V,,2.609999895095825,2.609999895095825,2.609999895095825,2.609999895095825,700.0
2026-09-23 09:51:00,MTT.V,,0.25999999046325684,0.25999999046325684,0.25999999046325684,0.25999999046325684,2000.0
2026-09-23 09:51:00,PNG.V,,4.570000171661377,4.579999923706055,4.550000190734863,4.579999923706055,19700.0
2026-09-23 09:51:00,TUF.V,,0.8899999856948853,0.8899999856948853,0.8899999856948853,0.8899999856948853,21000.0
2026-09-23 09:52:00,BIG.V,,1.409999966621399,1.409999966621399,1.409999966621399,1.409999966621399,10000.0
2026-09-23 09:52:00,EXG.V,,0.13500000536441803,0.13500000536441803,0.13500000536441803,0.13500000536441803,0.0
2026-09-23 09:52:00,FRNT.V,,0.029999999329447746,0.029999999329447746,0.029999999329447746,0.029999999329447746,20000.0
2026-09-23 09:52:00,FWZ.V,,3.1500000953674316,3.1500000953674316,3.1500000953674316,3.1500000953674316,545.0
2026-09-23 09:52:00,GWM.V,,0.8999999761581421,0.8999999761581421,0.8999999761581421,0.8999999761581421,6500.0
2026-09-23 09:52:00,JUGR.V,,0.47999998927116394,0.47999998927116394,0.47999998927116394,0.47999998927116394,15000.0
2026-09-23 09:52:00,LUCA.V,,1.1200000047683716,1.1200000047683716,1.1200000047683716,1.1200000047683716,800.0
2026-09-23 09:52:00,MLP.V,,2.5999999046325684,2.5999999046325684,2.5999999046325684,2.5999999046325684,2900.0
2026-09-23 09:52:00,TUF.V,,0.8999999761581421,0.8999999761581421,0.8999999761581421,0.8999999761581421,36340.0
2026-09-23 09:53:00,FOR.V,,0.8999999761581421,0.9100000262260437,0.8999999761581421,0.8999999761581421,30000.0
2026-09-23 09:53:00,GMG.V,,2.5,2.5,2.5,2.5,302.0
2026-09-23 09:53:00,HHH.V,,5.380000114440918,5.380000114440918,5.380000114440918,5.380000114440918,100.0
2026-09-23 09:53:00,IPT.V,,0.29499998688697815,0.29750001430511475,0.29499998688697815,0.29750001430511475,3500.0
2026-09-23 09:53:00,LUCA.V,,1.1200000047683716,1.1200000047683716,1.1200000047683716,1.1200000047683716,3500.0
2026-09-23 09:53:00,MKO.V,,13.979999542236328,13.979999542236328,13.979999542236328,13.979999542236328,500.0
2026-09-23 09:53:00,PNG.V,,4.599999904632568,4.599999904632568,4.579999923706055,4.579999923706055,17300.0
2026-09-23 09:54:00,GFG.V,,0.23000000417232513,0.23000000417232513,0.23000000417232513,0.23000000417232513,15000.0
2026-09-23 09:54:00,GG.V,,2.9600000381469727,2.9600000381469727,2.9600000381469727,2.9600000381469727,540.0
2026-09-23 09:54:00,GOT.V,,1.7300000190734863,1.7300000190734863,1.7300000190734863,1.7300000190734863,100.0
2026-09-23 09:54:00,GRSL.V,,0.3499999940395355,0.3499999940395355,0.3499999940395355,0.3499999940395355,500.0
2026-09-23 09:54:00,KRY.V,,3.630000114440918,3.640000104904175,3.630000114440918,3.640000104904175,1200.0
2026-09-23 09:54:00,MGM.V,,3.069999933242798,3.069999933242798,3.069999933242798,3.069999933242798,700.0
2026-09-23 09:54:00,PNG.V,,4.639999866485596,4.639999866485596,4.599999904632568,4.599999904632568,15674.0
2026-09-23 09:54:00,ZNG.V,,0.8199999928474426,0.8399999737739563,0.8199999928474426,0.8299999833106995,23500.0
2026-09-23 09:55:00,BIG.V,,1.4199999570846558,1.4199999570846558,1.4199999570846558,1.4199999570846558,100.0
2026-09-23 09:55:00,EQTY.V,,0.11500000208616257,0.11500000208616257,0.11500000208616257,0.11500000208616257,4500.0
2026-09-23 09:55:00,FMAN.V,,0.4000000059604645,0.4000000059604645,0.4000000059604645,0.4000000059604645,500.0
2026-09-23 09:55:00,FUU.V,,0.13500000536441803,0.13500000536441803,0.13500000536441803,0.13500000536441803,5000.0
2026-09-23 09:55:00,ITR.V,,3.859999895095825,3.869999885559082,3.859999895095825,3.869999885559082,400.0
2026-09-23 09:55:00,KTN.V,,1.190000057220459,1.190000057220459,1.190000057220459,1.190000057220459,1200.0
2026-09-23 09:55:00,MLP.V,,2.5999999046325684,2.5999999046325684,2.5999999046325684,2.5999999046325684,153.0
2026-09-23 09:55:00,MTT.V,,0.2549999952316284,0.2549999952316284,0.2549999952316284,0.2549999952316284,500.0
2026-09-23 09:55:00,PNG.V,,4.639999866485596,4.639999866485596,4.639999866485596,4.639999866485596,100.0
2026-09-23 09:56:00,GG.V,,3.009999990463257,3.009999990463257,3.009999990463257,3.009999990463257,400.0
2026-09-23 09:56:00,GGO.V,,1.1799999475479126,1.1799999475479126,1.1799999475479126,1.1799999475479126,1100.0
2026-09-23 09:56:00,GMG.V,,2.5,2.5,2.5,2.5,263.0
2026-09-23 09:56:00,GWM.V,,0.8999999761581421,0.8999999761581421,0.8999999761581421,0.8999999761581421,25000.0
2026-09-23 09:56:00,KCC.V,,1.0499999523162842,1.059999942779541,1.0499999523162842,1.059999942779541,300.0
2026-09-23 09:56:00,LCX.V,,1.899999976158142,1.899999976158142,1.899999976158142,1.899999976158142,1000.0
2026-09-23 09:56:00,PNG.V,,4.639999866485596,4.659999847412109,4.639999866485596,4.650000095367432,3137.0
2026-09-23 09:56:00,TUF.V,,0.8999999761581421,0.8999999761581421,0.8999999761581421,0.8999999761581421,19000.0
2026-09-23 09:57:00,BIG.V,,1.4199999570846558,1.4199999570846558,1.4199999570846558,1.4199999570846558,800.0
2026-09-23 09:57:00,EMN.V,,0.09000000357627869,0.09000000357627869,0.09000000357627869,0.09000000357627869,47173.0
2026-09-23 09:57:00,GOT.V,,1.7350000143051147,1.7350000143051147,1.7350000143051147,1.7350000143051147,100.0
2026-09-23 09:57:00,HITI.V,,3.7899999618530273,3.7899999618530273,3.7899999618530273,3.7899999618530273,200.0
2026-09-23 09:57:00,IRR.V,,1.3700000047683716,1.3700000047683716,1.3700000047683716,1.3700000047683716,500.0
2026-09-23 09:57:00,KDK.V,,0.7599999904632568,0.7599999904632568,0.7599999904632568,0.7599999904632568,500.0
2026-09-23 09:57:00,MKO.V,,13.989999771118164,13.989999771118164,13.989999771118164,13.989999771118164,100.0
2026-09-23 09:57:00,MTA.V,,14.1899995803833,14.1899995803833,14.1899995803833,14.1899995803833,100.0
2026-09-23 09:57:00,PNG.V,,4.639999866485596,4.650000095367432,4.639999866485596,4.650000095367432,1560.0
2026-09-23 09:57:00,TUF.V,,0.8999999761581421,0.8999999761581421,0.8999999761581421,0.8999999761581421,500.0
2026-09-23 09:58:00,BIG.V,,1.4199999570846558,1.4199999570846558,1.409999966621399,1.4199999570846558,2500.0
2026-09-23 09:58:00,GAL.V,,0.5600000023841858,0.5600000023841858,0.5600000023841858,0.5600000023841858,29000.0
2026-09-23 09:58:00,GGO.V,,1.1799999475479126,1.1799999475479126,1.1799999475479126,1.1799999475479126,600.0
2026-09-23 09:58:00,GOT.V,,1.7400000095367432,1.7400000095367432,1.7400000095367432,1.7400000095367432,100.0
2026-09-23 09:58:00,GWM.V,,0.8999999761581421,0.8999999761581421,0.8999999761581421,0.8999999761581421,2500.0
2026-09-23 09:58:00,IPT.V,,0.29499998688697815,0.29499998688697815,0.29499998688697815,0.29499998688697815,16500.0
2026-09-23 09:58:00,ITR.V,,3.880000114440918,3.880000114440918,3.880000114440918,3.880000114440918,1400.0
2026-09-23 09:58:00,PNG.V,,4.650000095367432,4.650000095367432,4.650000095367432,4.650000095367432,1900.0
2026-09-23 09:59:00,EQTY.V,,0.11500000208616257,0.11500000208616257,0.11500000208616257,0.11500000208616257,28500.0
2026-09-23 09:59:00,GWM.V,,0.9200000166893005,0.9200000166893005,0.8999999761581421,0.8999999761581421,27000.0
2026-09-23 09:59:00,PNG.V,,4.650000095367432,4.650000095367432,4.650000095367432,4.650000095367432,100.0
2026-09-23 09:59:00,TUF.V,,0.8999999761581421,0.8999999761581421,0.8999999761581421,0.8999999761581421,20125.0
2026-09-23 10:00:00,BIG.V,,1.4199999570846558,1.4199999570846558,1.409999966621399,1.409999966621399,3400.0
2026-09-23 10:00:00,FUU.V,,0.13249999284744263,0.13249999284744263,0.13249999284744263,0.13249999284744263,1000.0
2026-09-23 10:00:00,GOT.V,,1.7300000190734863,1.7400000095367432,1.7300000190734863,1.7400000095367432,2900.0
2026-09-23 10:00:00,GRSL.V,,0.35249999165534973,0.35249999165534973,0.35249999165534973,0.35249999165534973,1330.0
2026-09-23 10:00:00,GSI.V,,1.7300000190734863,1.7300000190734863,1.7200000286102295,1.7200000286102295,3000.0
2026-09-23 10:00:00,LUCA.V,,1.1100000143051147,1.1100000143051147,1.1100000143051147,1.1100000143051147,10100.0
2026-09-23 10:00:00,MGM.V,,3.049999952316284,3.049999952316284,3.049999952316284,3.049999952316284,500.0
2026-09-23 10:00:00,MKO.V,,13.970000267028809,13.979999542236328,13.970000267028809,13.979999542236328,400.0
2026-09-23 10:00:00,PNG.V,,4.650000095367432,4.650000095367432,4.650000095367432,4.650000095367432,1800.0
2026-09-23 10:00:00,TUF.V,,0.9100000262260437,0.9100000262260437,0.8999999761581421,0.8999999761581421,16500.0
2026-09-23 10:01:00,BIG.V,,1.4149999618530273,1.4149999618530273,1.409999966621399,1.409999966621399,1800.0
2026-09-23 10:01:00,GWM.V,,0.9200000166893005,0.9200000166893005,0.9200000166893005,0.9200000166893005,5000.0
2026-09-23 10:01:00,HI.V,,0.1599999964237213,0.1599999964237213,0.1599999964237213,0.1599999964237213,1000.0
2026-09-23 10:01:00,ITR.V,,3.869999885559082,3.869999885559082,3.869999885559082,3.869999885559082,600.0
2026-09-23 10:01:00,KRY.V,,3.630000114440918,3.630000114440918,3.630000114440918,3.630000114440918,100.0
2026-09-23 10:01:00,MKO.V,,13.979999542236328,13.979999542236328,13.979999542236328,13.979999542236328,300.0
2026-09-23 10:01:00,PNG.V,,4.679999828338623,4.679999828338623,4.65500020980835,4.65500020980835,10324.0
2026-09-23 10:01:00,TUF.V,,0.9100000262260437,0.9100000262260437,0.9100000262260437,0.9100000262260437,6000.0
2026-09-23 10:02:00,GWM.V,,0.9200000166893005,0.9200000166893005,0.9200000166893005,0.9200000166893005,2500.0
2026-09-23 10:02:00,HITI.V,,3.7899999618530273,3.7899999618530273,3.7899999618530273,3.7899999618530273,100.0
2026-09-23 10:02:00,ITR.V,,3.880000114440918,3.880000114440918,3.880000114440918,3.880000114440918,2100.0
2026-09-23 10:02:00,LUCA.V,,1.1150000095367432,1.1150000095367432,1.1100000143051147,1.1100000143051147,21100.0
2026-09-23 10:02:00,MKO.V,,14.010000228881836,14.020000457763672,14.010000228881836,14.020000457763672,200.0
2026-09-23 10:02:00,PNG.V,,4.639999866485596,4.690000057220459,4.639999866485596,4.679999828338623,9100.0
2026-09-23 10:02:00,TUF.V,,0.9200000166893005,0.9200000166893005,0.9100000262260437,0.9150000214576721,3000.0
2026-09-23 10:03:00,GZD.V,,0.054999999701976776,0.054999999701976776,0.054999999701976776,0.054999999701976776,0.0
2026-09-23 10:03:00,LSTR.V,,0.07000000029802322,0.07000000029802322,0.07000000029802322,0.07000000029802322,2000.0
2026-09-23 10:03:00,MLP.V,,2.5999999046325684,2.5999999046325684,2.5999999046325684,2.5999999046325684,100.0
2026-09-23 10:03:00,PNG.V,,4.630000114440918,4.639999866485596,4.630000114440918,4.639999866485596,900.0
2026-09-23 10:04:00,BIG.V,,1.409999966621399,1.4149999618530273,1.409999966621399,1.4149999618530273,7300.0
2026-09-23 10:04:00,GWM.V,,0.9100000262260437,0.9200000166893005,0.9100000262260437,0.9200000166893005,11500.0
2026-09-23 10:04:00,GZD.V,,0.054999999701976776,0.054999999701976776,0.054999999701976776,0.054999999701976776,136000.0
2026-09-23 10:04:00,ITR.V,,3.880000114440918,3.880000114440918,3.875,3.875,1200.0
2026-09-23 10:04:00,KCC.V,,1.0399999618530273,1.0399999618530273,1.0399999618530273,1.0399999618530273,1200.0
2026-09-23 10:04:00,KRY.V,,3.6600000858306885,3.6600000858306885,3.6600000858306885,3.6600000858306885,1000.0
2026-09-23 10:04:00,KTN.V,,1.190000057220459,1.190000057220459,1.190000057220459,1.190000057220459,1220.0
2026-09-23 10:04:00,MGM.V,,3.0299999713897705,3.0399999618530273,3.0299999713897705,3.0399999618530273,600.0
2026-09-23 10:04:00,MIM.V,,0.18000000715255737,0.18000000715255737,0.18000000715255737,0.18000000715255737,1000.0
2026-09-23 10:04:00,MLP.V,,2.5999999046325684,2.619999885559082,2.5999999046325684,2.609999895095825,7100.0
2026-09-23 10:04:00,MTT.V,,0.25999999046325684,0.25999999046325684,0.25999999046325684,0.25999999046325684,1500.0
2026-09-23 10:04:00,PNG.V,,4.619999885559082,4.630000114440918,4.619999885559082,4.630000114440918,3300.0
2026-09-23 10:05:00,FOR.V,,0.8899999856948853,0.8899999856948853,0.8899999856948853,0.8899999856948853,500.0
2026-09-23 10:05:00,FPC.V,,0.5600000023841858,0.5600000023841858,0.5600000023841858,0.5600000023841858,5784.0
2026-09-23 10:05:00,GGO.V,,1.1699999570846558,1.1699999570846558,1.1699999570846558,1.1699999570846558,1008.0
2026-09-23 10:05:00,ITR.V,,3.880000114440918,3.880000114440918,3.880000114440918,3.880000114440918,700.0
2026-09-23 10:05:00,LUCA.V,,1.1150000095367432,1.1150000095367432,1.1150000095367432,1.1150000095367432,16200.0
2026-09-23 10:05:00,MGM.V,,3.0799999237060547,3.0799999237060547,3.0799999237060547,3.0799999237060547,200.0
2026-09-23 10:05:00,MIM.V,,0.1899999976158142,0.1899999976158142,0.1899999976158142,0.1899999976158142,1000.0
2026-09-23 10:05:00,MKO.V,,13.979999542236328,13.989999771118164,13.979999542236328,13.989999771118164,800.0
2026-09-23 10:06:00,GGO.V,,1.1699999570846558,1.1699999570846558,1.1699999570846558,1.1699999570846558,2100.0
2026-09-23 10:06:00,GOT.V,,1.7300000190734863,1.7300000190734863,1.7300000190734863,1.7300000190734863,11700.0
2026-09-23 10:06:00,IPT.V,,0.28999999165534973,0.28999999165534973,0.28999999165534973,0.28999999165534973,60000.0
2026-09-23 10:06:00,KCC.V,,1.0299999713897705,1.0299999713897705,1.0299999713897705,1.0299999713897705,500.0
2026-09-23 10:06:00,KTN.V,,1.190000057220459,1.190000057220459,1.190000057220459,1.190000057220459,600.0
2026-09-23 10:06:00,LUCA.V,,1.1150000095367432,1.1150000095367432,1.1150000095367432,1.1150000095367432,9400.0
2026-09-23 10:06:00,MIM.V,,0.1899999976158142,0.1899999976158142,0.1850000023841858,0.1850000023841858,2000.0
2026-09-23 10:06:00,MLP.V,,2.5899999141693115,2.5899999141693115,2.5899999141693115,2.5899999141693115,1266.0
2026-09-23 10:06:00,PNG.V,,4.599999904632568,4.610000133514404,4.599999904632568,4.610000133514404,6430.0
2026-09-23 10:07:00,EPF.V,,0.3700000047683716,0.3700000047683716,0.3700000047683716,0.3700000047683716,7000.0
2026-09-23 10:07:00,ITR.V,,3.880000114440918,3.880000114440918,3.880000114440918,3.880000114440918,1000.0
2026-09-23 10:07:00,KDA.V,,0.07000000029802322,0.07000000029802322,0.07000000029802322,0.07000000029802322,0.0
2026-09-23 10:07:00,KRY.V,,3.6500000953674316,3.6600000858306885,3.6500000953674316,3.6600000858306885,200.0
2026-09-23 10:07:00,MKO.V,,14.0,14.0,14.0,14.0,300.0
2026-09-23 10:08:00,EQTY.V,,0.11999999731779099,0.11999999731779099,0.11500000208616257,0.11500000208616257,25125.0
2026-09-23 10:08:00,FDR.V,,6.550000190734863,6.550000190734863,6.539999961853027,6.539999961853027,800.0
2026-09-23 10:08:00,GWM.V,,0.9100000262260437,0.9100000262260437,0.9100000262260437,0.9100000262260437,27500.0
2026-09-23 10:08:00,MKO.V,,14.010000228881836,14.010000228881836,14.010000228881836,14.010000228881836,210.0
2026-09-23 10:08:00,PNG.V,,4.599999904632568,4.605000019073486,4.599999904632568,4.605000019073486,3102.0
2026-09-23 10:09:00,FDR.V,,6.550000190734863,6.550000190734863,6.550000190734863,6.550000190734863,500.0
2026-09-23 10:09:00,FWZ.V,,3.1500000953674316,3.1500000953674316,3.1500000953674316,3.1500000953674316,200.0
2026-09-23 10:09:00,GOT.V,,1.7300000190734863,1.7300000190734863,1.7300000190734863,1.7300000190734863,300.0
2026-09-23 10:09:00,GWM.V,,0.9100000262260437,0.9100000262260437,0.9100000262260437,0.9100000262260437,5000.0
2026-09-23 10:09:00,ITR.V,,3.880000114440918,3.880000114440918,3.880000114440918,3.880000114440918,1300.0
2026-09-23 10:09:00,KCC.V,,1.0199999809265137,1.0199999809265137,1.0199999809265137,1.0199999809265137,4000.0
2026-09-23 10:09:00,KLD.V,,2.2899999618530273,2.2899999618530273,2.2899999618530273,2.2899999618530273,100.0
2026-09-23 10:09:00,MGM.V,,3.069999933242798,3.069999933242798,3.069999933242798,3.069999933242798,1400.0
2026-09-23 10:09:00,MLP.V,,2.5999999046325684,2.5999999046325684,2.5999999046325684,2.5999999046325684,1001.0
2026-09-23 10:10:00,GOT.V,,1.7300000190734863,1.7300000190734863,1.7300000190734863,1.7300000190734863,13800.0
2026-09-23 10:10:00,GWM.V,,0.9100000262260437,0.9100000262260437,0.9100000262260437,0.9100000262260437,17000.0
2026-09-23 10:10:00,HITI.V,,3.759999990463257,3.7799999713897705,3.759999990463257,3.7799999713897705,407.0
2026-09-23 10:10:00,KRY.V,,3.6600000858306885,3.6600000858306885,3.6600000858306885,3.6600000858306885,100.0
2026-09-23 10:10:00,LUCA.V,,1.1150000095367432,1.1150000095367432,1.1150000095367432,1.1150000095367432,2000.0
2026-09-23 10:10:00,MKO.V,,14.0,14.0,14.0,14.0,100.0
2026-09-23 10:11:00,FDR.V,,6.53000020980835,6.53000020980835,6.53000020980835,6.53000020980835,100.0
2026-09-23 10:11:00,HITI.V,,3.759999990463257,3.759999990463257,3.759999990463257,3.759999990463257,200.0
2026-09-23 10:11:00,ILC.V,,0.019999999552965164,0.019999999552965164,0.019999999552965164,0.019999999552965164,62000.0
2026-09-23 10:11:00,ITR.V,,3.859999895095825,3.869999885559082,3.859999895095825,3.869999885559082,7400.0
2026-09-23 10:11:00,KCC.V,,1.0099999904632568,1.0099999904632568,1.0099999904632568,1.0099999904632568,200.0
2026-09-23 10:11:00,MKO.V,,14.0,14.0,13.960000038146973,13.979999542236328,1300.0
2026-09-23 10:11:00,MLP.V,,2.5899999141693115,2.5999999046325684,2.5899999141693115,2.5899999141693115,3171.0
2026-09-23 10:11:00,MTA.V,,14.15999984741211,14.194999694824219,14.15999984741211,14.194999694824219,1100.0
2026-09-23 10:11:00,TUF.V,,0.9100000262260437,0.9150000214576721,0.9100000262260437,0.9100000262260437,34500.0
2026-09-23 10:12:00,EVGN.V,,0.5299999713897705,0.5299999713897705,0.5299999713897705,0.5299999713897705,9000.0
2026-09-23 10:12:00,GOT.V,,1.7300000190734863,1.7300000190734863,1.7300000190734863,1.7300000190734863,1900.0
2026-09-23 10:12:00,GRDM.V,,0.14000000059604645,0.14000000059604645,0.14000000059604645,0.14000000059604645,0.0
2026-09-23 10:12:00,GSI.V,,1.7100000381469727,1.7200000286102295,1.7100000381469727,1.7200000286102295,1300.0
2026-09-23 10:12:00,GWM.V,,0.9100000262260437,0.9100000262260437,0.9100000262260437,0.9100000262260437,2000.0
2026-09-23 10:12:00,HCH.V,,1.6299999952316284,1.6299999952316284,1.6299999952316284,1.6299999952316284,800.0
2026-09-23 10:12:00,HPL.V,,0.3199999928474426,0.3199999928474426,0.3199999928474426,0.3199999928474426,0.0
2026-09-23 10:12:00,IPT.V,,0.28999999165534973,0.28999999165534973,0.28999999165534973,0.28999999165534973,6000.0
2026-09-23 10:12:00,LUCA.V,,1.1200000047683716,1.1200000047683716,1.1200000047683716,1.1200000047683716,600.0
2026-09-23 10:12:00,MKO.V,,14.010000228881836,14.010000228881836,14.010000228881836,14.010000228881836,200.0
2026-09-23 10:12:00,MTT.V,,0.25999999046325684,0.25999999046325684,0.25999999046325684,0.25999999046325684,1000.0
2026-09-23 10:12:00,PNG.V,,4.599999904632568,4.599999904632568,4.599999904632568,4.599999904632568,200.0
2026-09-23 10:12:00,TUF.V,,0.9100000262260437,0.9200000166893005,0.9100000262260437,0.9200000166893005,8500.0
2026-09-23 10:13:00,FMS.V,,0.41499999165534973,0.41499999165534973,0.41499999165534973,0.41499999165534973,1000.0
2026-09-23 10:13:00,FOR.V,,0.8799999952316284,0.8799999952316284,0.8799999952316284,0.8799999952316284,500.0
2026-09-23 10:13:00,GG.V,,2.9000000953674316,2.9000000953674316,2.9000000953674316,2.9000000953674316,3000.0
2026-09-23 10:13:00,HPL.V,,0.3199999928474426,0.3199999928474426,0.3199999928474426,0.3199999928474426,2500.0
2026-09-23 10:13:00,ITR.V,,3.8499999046325684,3.859999895095825,3.8499999046325684,3.859999895095825,19500.0
2026-09-23 10:13:00,PNG.V,,4.599999904632568,4.599999904632568,4.599999904632568,4.599999904632568,400.0
2026-09-23 10:14:00,FDR.V,,6.550000190734863,6.550000190734863,6.539999961853027,6.539999961853027,800.0
2026-09-23 10:14:00,GOT.V,,1.7300000190734863,1.7300000190734863,1.7300000190734863,1.7300000190734863,1400.0
2026-09-23 10:14:00,IPT.V,,0.28999999165534973,0.28999999165534973,0.28999999165534973,0.28999999165534973,5000.0
2026-09-23 10:14:00,KTN.V,,1.190000057220459,1.190000057220459,1.190000057220459,1.190000057220459,100.0
2026-09-23 10:14:00,LUCA.V,,1.1150000095367432,1.1200000047683716,1.1150000095367432,1.1200000047683716,300.0
2026-09-23 10:14:00,MKO.V,,13.960000038146973,13.979999542236328,13.960000038146973,13.979999542236328,1463.0
2026-09-23 10:14:00,TUF.V,,0.9100000262260437,0.9100000262260437,0.9100000262260437,0.9100000262260437,1000.0
2026-09-23 10:15:00,FDR.V,,6.550000190734863,6.550000190734863,6.539999961853027,6.539999961853027,3600.0
2026-09-23 10:15:00,GG.V,,2.890000104904175,2.890000104904175,2.880000114440918,2.880000114440918,200.0
2026-09-23 10:15:00,GPAC.V,,0.20000000298023224,0.20000000298023224,0.20000000298023224,0.20000000298023224,14500.0
2026-09-23 10:15:00,GWM.V,,0.9100000262260437,0.9100000262260437,0.9100000262260437,0.9100000262260437,19000.0
2026-09-23 10:15:00,MKO.V,,13.979999542236328,13.979999542236328,13.979999542236328,13.979999542236328,292.0
2026-09-23 10:16:00,FDR.V,,6.550000190734863,6.550000190734863,6.539999961853027,6.539999961853027,600.0
2026-09-23 10:16:00,FL.V,,0.4699999988079071,0.4699999988079071,0.4699999988079071,0.4699999988079071,1000.0
2026-09-23 10:16:00,FOR.V,,0.8899999856948853,0.8899999856948853,0.8899999856948853,0.8899999856948853,500.0
2026-09-23 10:16:00,FWZ.V,,3.1500000953674316,3.1500000953674316,3.1500000953674316,3.1500000953674316,100.0
2026-09-23 10:16:00,GEL.V,,0.10499999672174454,0.10499999672174454,0.10499999672174454,0.10499999672174454,3000.0
2026-09-23 10:16:00,GMG.V,,2.5299999713897705,2.5299999713897705,2.5299999713897705,2.5299999713897705,2250.0
2026-09-23 10:16:00,GOT.V,,1.7300000190734863,1.7300000190734863,1.7300000190734863,1.7300000190734863,1300.0
2026-09-23 10:16:00,GRG.V,,0.10999999940395355,0.10999999940395355,0.10999999940395355,0.10999999940395355,8500.0
2026-09-23 10:16:00,ITR.V,,3.869999885559082,3.869999885559082,3.869999885559082,3.869999885559082,2000.0
2026-09-23 10:16:00,KLDC.V,,0.3700000047683716,0.3700000047683716,0.3700000047683716,0.3700000047683716,500.0
2026-09-23 10:16:00,MLP.V,,2.609999895095825,2.609999895095825,2.5999999046325684,2.5999999046325684,20400.0
2026-09-23 10:17:00,BIG.V,,1.409999966621399,1.409999966621399,1.409999966621399,1.409999966621399,20388.0
2026-09-23 10:17:00,FWZ.V,,3.119999885559082,3.119999885559082,3.119999885559082,3.119999885559082,2600.0
2026-09-23 10:17:00,GEL.V,,0.10499999672174454,0.10499999672174454,0.10499999672174454,0.10499999672174454,2000.0
2026-09-23 10:17:00,GWM.V,,0.9100000262260437,0.9100000262260437,0.9100000262260437,0.9100000262260437,683.0
2026-09-23 10:17:00,ITR.V,,3.859999895095825,3.859999895095825,3.859999895095825,3.859999895095825,200.0
2026-09-23 10:17:00,LUCA.V,,1.1100000143051147,1.1100000143051147,1.1100000143051147,1.1100000143051147,1200.0
2026-09-23 10:17:00,MKO.V,,13.9399995803833,13.970000267028809,13.9399995803833,13.970000267028809,10500.0
2026-09-23 10:17:00,MTA.V,,14.140000343322754,14.154999732971191,14.119999885559082,14.119999885559082,1000.0
2026-09-23 10:17:00,PNG.V,,4.590000152587891,4.590000152587891,4.590000152587891,4.590000152587891,15183.0
2026-09-23 10:18:00,FDR.V,,6.570000171661377,6.570000171661377,6.570000171661377,6.570000171661377,100.0
2026-09-23 10:18:00,FWZ.V,,3.130000114440918,3.130000114440918,3.130000114440918,3.130000114440918,300.0
2026-09-23 10:18:00,GOT.V,,1.7200000286102295,1.7200000286102295,1.7200000286102295,1.7200000286102295,19100.0
2026-09-23 10:18:00,GWM.V,,0.9100000262260437,0.9100000262260437,0.9100000262260437,0.9100000262260437,25450.0
2026-09-23 10:18:00,ITR.V,,3.8499999046325684,3.8499999046325684,3.8499999046325684,3.8499999046325684,7300.0
2026-09-23 10:18:00,LUCA.V,,1.1150000095367432,1.1150000095367432,1.1150000095367432,1.1150000095367432,13200.0
2026-09-23 10:18:00,PNG.V,,4.590000152587891,4.590000152587891,4.579999923706055,4.579999923706055,300.0
2026-09-23 10:19:00,FDR.V,,6.550000190734863,6.550000190734863,6.550000190734863,6.550000190734863,500.0
2026-09-23 10:19:00,FOR.V,,0.8799999952316284,0.8799999952316284,0.8799999952316284,0.8799999952316284,500.0
2026-09-23 10:19:00,FWZ.V,,3.140000104904175,3.140000104904175,3.140000104904175,3.140000104904175,100.0
2026-09-23 10:19:00,IRR.V,,1.350000023841858,1.350000023841858,1.350000023841858,1.350000023841858,200.0
2026-09-23 10:19:00,ITR.V,,3.8499999046325684,3.8499999046325684,3.8499999046325684,3.8499999046325684,100.0
2026-09-23 10:19:00,KDK.V,,0.75,0.75,0.75,0.75,7000.0
2026-09-23 10:19:00,LPS.V,,0.17499999701976776,0.17499999701976776,0.17499999701976776,0.17499999701976776,800.0
2026-09-23 10:19:00,MKO.V,,13.979999542236328,13.979999542236328,13.979999542236328,13.979999542236328,100.0
2026-09-23 10:20:00,GOT.V,,1.7200000286102295,1.7200000286102295,1.7200000286102295,1.7200000286102295,100.0
2026-09-23 10:20:00,GSI.V,,1.7100000381469727,1.7100000381469727,1.7100000381469727,1.7100000381469727,2000.0
2026-09-23 10:20:00,JUGR.V,,0.4749999940395355,0.4749999940395355,0.4749999940395355,0.4749999940395355,7500.0
2026-09-23 10:20:00,KLDC.V,,0.3700000047683716,0.3700000047683716,0.3700000047683716,0.3700000047683716,3000.0
2026-09-23 10:20:00,LUCA.V,,1.1200000047683716,1.1200000047683716,1.1150000095367432,1.1150000095367432,1400.0
2026-09-23 10:20:00,MKO.V,,14.0,14.0,13.979999542236328,13.979999542236328,300.0
2026-09-23 10:20:00,MLP.V,,2.5999999046325684,2.5999999046325684,2.5999999046325684,2.5999999046325684,100.0
2026-09-23 10:20:00,PNG.V,,4.599999904632568,4.599999904632568,4.599999904632568,4.599999904632568,200.0
2026-09-23 10:20:00,TUF.V,,0.9100000262260437,0.9150000214576721,0.9100000262260437,0.9150000214576721,5900.0
2026-09-23 10:20:00,ZNG.V,,0.8100000023841858,0.8100000023841858,0.8100000023841858,0.8100000023841858,5500.0
2026-09-23 10:21:00,FDR.V,,6.590000152587891,6.590000152587891,6.579999923706055,6.579999923706055,660.0
2026-09-23 10:21:00,FWZ.V,,3.140000104904175,3.140000104904175,3.140000104904175,3.140000104904175,400.0
2026-09-23 10:21:00,GOT.V,,1.7200000286102295,1.7200000286102295,1.7200000286102295,1.7200000286102295,2400.0
2026-09-23 10:21:00,MKO.V,,14.010000228881836,14.010000228881836,14.010000228881836,14.010000228881836,100.0
2026-09-23 10:22:00,BIG.V,,1.409999966621399,1.409999966621399,1.409999966621399,1.409999966621399,1600.0
2026-09-23 10:22:00,JUGR.V,,0.4749999940395355,0.4749999940395355,0.4749999940395355,0.4749999940395355,500.0
2026-09-23 10:22:00,KCC.V,,1.0299999713897705,1.0299999713897705,1.0099999904632568,1.0099999904632568,6200.0
2026-09-23 10:22:00,MIM.V,,0.1899999976158142,0.1899999976158142,0.1899999976158142,0.1899999976158142,1000.0
2026-09-23 10:22:00,MLP.V,,2.5999999046325684,2.5999999046325684,2.5999999046325684,2.5999999046325684,3700.0
2026-09-23 10:22:00,PNG.V,,4.599999904632568,4.599999904632568,4.599999904632568,4.599999904632568,700.0
2026-09-23 10:23:00,FRI.V,,0.054999999701976776,0.054999999701976776,0.054999999701976776,0.054999999701976776,0.0
2026-09-23 10:23:00,IRR.V,,1.3300000429153442,1.350000023841858,1.3300000429153442,1.350000023841858,28100.0
2026-09-23 10:23:00,JUGR.V,,0.4749999940395355,0.4749999940395355,0.4749999940395355,0.4749999940395355,12000.0
2026-09-23 10:23:00,KCC.V,,1.0399999618530273,1.0399999618530273,1.0399999618530273,1.0399999618530273,1800.0
2026-09-23 10:23:00,MKO.V,,14.010000228881836,14.010000228881836,14.010000228881836,14.010000228881836,100.0
2026-09-23 10:23:00,PNG.V,,4.599999904632568,4.599999904632568,4.599999904632568,4.599999904632568,1130.0
2026-09-23 10:23:00,TUF.V,,0.9100000262260437,0.9100000262260437,0.9100000262260437,0.9100000262260437,6500.0
2026-09-23 10:24:00,FUU.V,,0.13500000536441803,0.13500000536441803,0.13500000536441803,0.13500000536441803,67500.0
2026-09-23 10:24:00,JUGR.V,,0.4699999988079071,0.4699999988079071,0.4699999988079071,0.4699999988079071,20724.0
2026-09-23 10:24:00,KRY.V,,3.640000104904175,3.6500000953674316,3.640000104904175,3.6500000953674316,500.0
2026-09-23 10:24:00,LUCA.V,,1.1200000047683716,1.1200000047683716,1.1200000047683716,1.1200000047683716,100.0
2026-09-23 10:24:00,MKO.V,,14.0,14.010000228881836,14.0,14.010000228881836,700.0
2026-09-23 10:24:00,MLP.V,,2.5899999141693115,2.5899999141693115,2.5899999141693115,2.5899999141693115,100.0
2026-09-23 10:24:00,TUF.V,,0.8999999761581421,0.9049999713897705,0.8999999761581421,0.8999999761581421,58000.0
2026-09-23 10:25:00,FOR.V,,0.8899999856948853,0.8899999856948853,0.8899999856948853,0.8899999856948853,500.0
2026-09-23 10:25:00,GMA.V,,0.24500000476837158,0.24500000476837158,0.24500000476837158,0.24500000476837158,500.0
2026-09-23 10:25:00,GWM.V,,0.9200000166893005,0.9200000166893005,0.9200000166893005,0.9200000166893005,8000.0
2026-09-23 10:25:00,INTR.V,,0.8600000143051147,0.875,0.8600000143051147,0.8700000047683716,12000.0
2026-09-23 10:25:00,JZR.V,,0.2750000059604645,0.2750000059604645,0.2750000059604645,0.2750000059604645,0.0
2026-09-23 10:25:00,LSTR.V,,0.07000000029802322,0.07000000029802322,0.07000000029802322,0.07000000029802322,73000.0
2026-09-23 10:25:00,LUCA.V,,1.1100000143051147,1.1100000143051147,1.1100000143051147,1.1100000143051147,6420.0
2026-09-23 10:25:00,MKO.V,,14.029999732971191,14.029999732971191,14.029999732971191,14.029999732971191,600.0
2026-09-23 10:25:00,MTA.V,,14.1899995803833,14.1899995803833,14.1899995803833,14.1899995803833,300.0
2026-09-23 10:26:00,FDR.V,,6.599999904632568,6.599999904632568,6.590000152587891,6.590000152587891,600.0
2026-09-23 10:26:00,FWZ.V,,3.130000114440918,3.130000114440918,3.130000114440918,3.130000114440918,400.0
2026-09-23 10:26:00,GSI.V,,1.7100000381469727,1.7100000381469727,1.7100000381469727,1.7100000381469727,1700.0
2026-09-23 10:26:00,GWM.V,,0.9200000166893005,0.9200000166893005,0.9200000166893005,0.9200000166893005,500.0
2026-09-23 10:26:00,HMR.V,,0.5400000214576721,0.5400000214576721,0.5400000214576721,0.5400000214576721,4000.0
2026-09-23 10:26:00,LUCA.V,,1.1100000143051147,1.1100000143051147,1.1050000190734863,1.1050000190734863,5100.0
2026-09-23 10:26:00,MLP.V,,2.5899999141693115,2.5999999046325684,2.5899999141693115,2.5999999046325684,5100.0
2026-09-23 10:27:00,FWZ.V,,3.130000114440918,3.130000114440918,3.130000114440918,3.130000114440918,100.0
2026-09-23 10:27:00,GMG.V,,2.559999942779541,2.559999942779541,2.549999952316284,2.549999952316284,3700.0
2026-09-23 10:27:00,GWM.V,,0.9200000166893005,0.9200000166893005,0.9200000166893005,0.9200000166893005,11700.0
2026-09-23 10:27:00,HMR.V,,0.550000011920929,0.550000011920929,0.5400000214576721,0.5400000214576721,7500.0
2026-09-23 10:27:00,LUCA.V,,1.1100000143051147,1.1100000143051147,1.1100000143051147,1.1100000143051147,1000.0
2026-09-23 10:27:00,PNG.V,,4.579999923706055,4.590000152587891,4.579999923706055,4.590000152587891,11100.0
2026-09-23 10:28:00,GMG.V,,2.549999952316284,2.549999952316284,2.549999952316284,2.549999952316284,100.0
2026-09-23 10:28:00,GSPR.V,,0.125,0.125,0.125,0.125,4500.0
2026-09-23 10:28:00,GWM.V,,0.9200000166893005,0.9200000166893005,0.9200000166893005,0.9200000166893005,27700.0
2026-09-23 10:28:00,KLD.V,,2.2699999809265137,2.2699999809265137,2.2699999809265137,2.2699999809265137,500.0
2026-09-23 10:28:00,KNG.V,,1.149999976158142,1.149999976158142,1.149999976158142,1.149999976158142,8800.0
2026-09-23 10:28:00,LUCA.V,,1.1100000143051147,1.1100000143051147,1.1100000143051147,1.1100000143051147,2400.0
2026-09-23 10:28:00,PNG.V,,4.590000152587891,4.590000152587891,4.590000152587891,4.590000152587891,200.0
2026-09-23 10:28:00,TUF.V,,0.8999999761581421,0.9049999713897705,0.8999999761581421,0.9049999713897705,5500.0
2026-09-23 10:28:00,ZNG.V,,0.8100000023841858,0.8100000023841858,0.8100000023841858,0.8100000023841858,500.0
2026-09-23 10:29:00,GMG.V,,2.549999952316284,2.549999952316284,2.5399999618530273,2.5399999618530273,1500.0
2026-09-23 10:29:00,GWM.V,,0.9200000166893005,0.9200000166893005,0.9200000166893005,0.9200000166893005,13000.0
2026-09-23 10:29:00,HITI.V,,3.7699999809265137,3.7699999809265137,3.7699999809265137,3.7699999809265137,100.0
2026-09-23 10:29:00,LUCA.V,,1.1150000095367432,1.1150000095367432,1.1100000143051147,1.1100000143051147,25600.0
2026-09-23 10:29:00,MLP.V,,2.5899999141693115,2.5899999141693115,2.5899999141693115,2.5899999141693115,100.0
2026-09-23 10:29:00,PNG.V,,4.590000152587891,4.590000152587891,4.590000152587891,4.590000152587891,200.0
2026-09-23 10:29:00,ROAR.V,,0.2750000059604645,0.2750000059604645,0.2750000059604645,0.2750000059604645,2500.0
2026-09-23 10:30:00,GWM.V,,0.9200000166893005,0.9200000166893005,0.9200000166893005,0.9200000166893005,6000.0
2026-09-23 10:30:00,HITI.V,,3.7699999809265137,3.7699999809265137,3.7699999809265137,3.7699999809265137,200.0
2026-09-23 10:30:00,LUCA.V,,1.125,1.125,1.1150000095367432,1.1150000095367432,64800.0
2026-09-23 10:30:00,MTT.V,,0.2549999952316284,0.2549999952316284,0.2549999952316284,0.2549999952316284,1000.0
2026-09-23 10:30:00,PNG.V,,4.590000152587891,4.590000152587891,4.590000152587891,4.590000152587891,100.0
2026-09-23 10:30:00,TUF.V,,0.8999999761581421,0.8999999761581421,0.8999999761581421,0.8999999761581421,28000.0
2026-09-23 10:31:00,BIG.V,,1.399999976158142,1.399999976158142,1.399999976158142,1.399999976158142,8700.0
2026-09-23 10:31:00,FOR.V,,0.8899999856948853,0.8899999856948853,0.8899999856948853,0.8899999856948853,500.0
2026-09-23 10:31:00,GMG.V,,2.5299999713897705,2.5299999713897705,2.5299999713897705,2.5299999713897705,3400.0
2026-09-23 10:31:00,KLD.V,,2.25,2.25,2.25,2.25,800.0
2026-09-23 10:31:00,LUCA.V,,1.1150000095367432,1.125,1.1150000095367432,1.1200000047683716,21500.0
2026-09-23 10:31:00,PNG.V,,4.599999904632568,4.599999904632568,4.599999904632568,4.599999904632568,100.0
2026-09-23 10:31:00,TUF.V,,0.8999999761581421,0.8999999761581421,0.8999999761581421,0.8999999761581421,2000.0
2026-09-23 10:32:00,GOT.V,,1.7300000190734863,1.7300000190734863,1.7300000190734863,1.7300000190734863,1800.0
2026-09-23 10:32:00,KG.V,,0.15000000596046448,0.15000000596046448,0.15000000596046448,0.15000000596046448,70000.0
2026-09-23 10:32:00,LSTR.V,,0.07000000029802322,0.07000000029802322,0.07000000029802322,0.07000000029802322,1000.0
2026-09-23 10:32:00,MLP.V,,2.5999999046325684,2.5999999046325684,2.5799999237060547,2.5899999141693115,2300.0
2026-09-23 10:32:00,MTT.V,,0.25999999046325684,0.25999999046325684,0.25999999046325684,0.25999999046325684,500.0
2026-09-23 10:32:00,TUF.V,,0.8999999761581421,0.8999999761581421,0.8999999761581421,0.8999999761581421,29000.0
2026-09-23 10:33:00,EQTY.V,,0.11999999731779099,0.11999999731779099,0.11999999731779099,0.11999999731779099,90500.0
2026-09-23 10:33:00,GWM.V,,0.9200000166893005,0.9200000166893005,0.9200000166893005,0.9200000166893005,6000.0
2026-09-23 10:33:00,ITR.V,,3.880000114440918,3.880000114440918,3.880000114440918,3.880000114440918,100.0
2026-09-23 10:33:00,MKO.V,,14.050000190734863,14.050000190734863,14.029999732971191,14.029999732971191,800.0
2026-09-23 10:33:00,MTA.V,,14.25,14.25,14.25,14.25,100.0
2026-09-23 10:33:00,MTT.V,,0.25999999046325684,0.25999999046325684,0.25999999046325684,0.25999999046325684,4500.0
2026-09-23 10:33:00,PNG.V,,4.590000152587891,4.590000152587891,4.590000152587891,4.590000152587891,400.0
2026-09-23 10:33:00,TUF.V,,0.9049999713897705,0.9049999713897705,0.8999999761581421,0.8999999761581421,1500.0
2026-09-23 10:34:00,KG.V,,0.15000000596046448,0.15000000596046448,0.15000000596046448,0.15000000596046448,9500.0
2026-09-23 10:34:00,LSTR.V,,0.07500000298023224,0.07500000298023224,0.07500000298023224,0.07500000298023224,2000.0
2026-09-23 10:34:00,MERG.V,,0.7400000095367432,0.75,0.7400000095367432,0.75,28500.0
2026-09-23 10:34:00,MKO.V,,14.039999961853027,14.039999961853027,14.039999961853027,14.039999961853027,200.0
2026-09-23 10:34:00,PNG.V,,4.599999904632568,4.599999904632568,4.599999904632568,4.599999904632568,200.0
2026-09-23 10:35:00,FRSH.V,,0.75,0.75,0.75,0.75,500.0
2026-09-23 10:35:00,GOT.V,,1.7400000095367432,1.7400000095367432,1.7400000095367432,1.7400000095367432,7200.0
2026-09-23 10:35:00,HMR.V,,0.5400000214576721,0.5400000214576721,0.5400000214576721,0.5400000214576721,2000.0
2026-09-23 10:35:00,MERG.V,,0.7400000095367432,0.7400000095367432,0.7400000095367432,0.7400000095367432,4500.0
2026-09-23 10:35:00,PNG.V,,4.599999904632568,4.599999904632568,4.599999904632568,4.599999904632568,3500.0
2026-09-23 10:35:00,TUF.V,,0.8999999761581421,0.8999999761581421,0.8999999761581421,0.8999999761581421,8000.0
2026-09-23 10:36:00,GOT.V,,1.7450000047683716,1.7450000047683716,1.7450000047683716,1.7450000047683716,100.0
2026-09-23 10:36:00,PNG.V,,4.610000133514404,4.610000133514404,4.610000133514404,4.610000133514404,700.0
2026-09-23 10:36:00,TUF.V,,0.8999999761581421,0.8999999761581421,0.8999999761581421,0.8999999761581421,1000.0
2026-09-23 10:37:00,FAIR.V,,0.04500000178813934,0.04500000178813934,0.04500000178813934,0.04500000178813934,0.0
2026-09-23 10:37:00,FDR.V,,6.619999885559082,6.619999885559082,6.619999885559082,6.619999885559082,200.0
2026-09-23 10:37:00,GMG.V,,2.509999990463257,2.509999990463257,2.509999990463257,2.509999990463257,1000.0
2026-09-23 10:37:00,GRDM.V,,0.13500000536441803,0.13500000536441803,0.13500000536441803,0.13500000536441803,23000.0
2026-09-23 10:37:00,MKO.V,,14.079999923706055,14.079999923706055,14.069999694824219,14.069999694824219,400.0
2026-09-23 10:38:00,FDR.V,,6.599999904632568,6.599999904632568,6.599999904632568,6.599999904632568,1206.0
2026-09-23 10:38:00,GOT.V,,1.7400000095367432,1.7400000095367432,1.7400000095367432,1.7400000095367432,1700.0
2026-09-23 10:38:00,GWM.V,,0.9200000166893005,0.9200000166893005,0.9200000166893005,0.9200000166893005,29000.0
2026-09-23 10:38:00,KRY.V,,3.640000104904175,3.640000104904175,3.630000114440918,3.640000104904175,1200.0
2026-09-23 10:38:00,MKO.V,,14.029999732971191,14.039999961853027,14.029999732971191,14.039999961853027,600.0
2026-09-23 10:39:00,EXG.V,,0.12999999523162842,0.13500000536441803,0.12999999523162842,0.13500000536441803,118500.0
2026-09-23 10:39:00,GRSL.V,,0.3499999940395355,0.3499999940395355,0.3499999940395355,0.3499999940395355,36411.0
2026-09-23 10:39:00,GWM.V,,0.9200000166893005,0.9200000166893005,0.9200000166893005,0.9200000166893005,2000.0
2026-09-23 10:39:00,HCH.V,,1.7300000190734863,1.7300000190734863,1.6200000047683716,1.6200000047683716,8211.0
2026-09-23 10:39:00,MKO.V,,14.029999732971191,14.029999732971191,14.029999732971191,14.029999732971191,300.0
2026-09-23 10:39:00,MLP.V,,2.5799999237060547,2.5799999237060547,2.5799999237060547,2.5799999237060547,3201.0
2026-09-23 10:39:00,MTT.V,,0.27000001072883606,0.27000001072883606,0.26499998569488525,0.26499998569488525,9000.0
2026-09-23 10:39:00,NHHH.V,,0.05999999865889549,0.05999999865889549,0.05999999865889549,0.05999999865889549,2000.0
2026-09-23 10:40:00,GGO.V,,1.159999966621399,1.159999966621399,1.159999966621399,1.159999966621399,100.0
2026-09-23 10:40:00,GMA.V,,0.25,0.25,0.24500000476837158,0.24500000476837158,1000.0
2026-09-23 10:40:00,JZR.V,,0.27000001072883606,0.27000001072883606,0.27000001072883606,0.27000001072883606,5000.0
2026-09-23 10:40:00,KNG.V,,1.1100000143051147,1.1100000143051147,1.1100000143051147,1.1100000143051147,100.0
2026-09-23 10:40:00,MKO.V,,14.0600004196167,14.0600004196167,14.0600004196167,14.0600004196167,100.0
2026-09-23 10:40:00,MLP.V,,2.5899999141693115,2.5899999141693115,2.5899999141693115,2.5899999141693115,100.0
2026-09-23 10:40:00,PNG.V,,4.619999885559082,4.619999885559082,4.619999885559082,4.619999885559082,200.0
2026-09-23 10:41:00,FOR.V,,0.8899999856948853,0.8899999856948853,0.8899999856948853,0.8899999856948853,500.0
2026-09-23 10:41:00,FUU.V,,0.13500000536441803,0.13500000536441803,0.13500000536441803,0.13500000536441803,3000.0
2026-09-23 10:41:00,GGO.V,,1.159999966621399,1.159999966621399,1.159999966621399,1.159999966621399,200.0
2026-09-23 10:41:00,ITR.V,,3.880000114440918,3.880000114440918,3.880000114440918,3.880000114440918,2000.0
2026-09-23 10:41:00,MKO.V,,14.079999923706055,14.079999923706055,14.079999923706055,14.079999923706055,200.0
2026-09-23 10:41:00,TUF.V,,0.8999999761581421,0.8999999761581421,0.8999999761581421,0.8999999761581421,7000.0
2026-09-23 10:42:00,GWM.V,,0.9200000166893005,0.9200000166893005,0.9200000166893005,0.9200000166893005,18471.0
2026-09-23 10:42:00,ITR.V,,3.880000114440918,3.880000114440918,3.880000114440918,3.880000114440918,200.0
2026-09-23 10:42:00,MKR.V,,0.11500000208616257,0.11500000208616257,0.11500000208616257,0.11500000208616257,7500.0
2026-09-23 10:42:00,MLP.V,,2.5799999237060547,2.5799999237060547,2.5799999237060547,2.5799999237060547,2100.0
2026-09-23 10:42:00,PNG.V,,4.614999771118164,4.614999771118164,4.610000133514404,4.610000133514404,900.0
2026-09-23 10:42:00,TUF.V,,0.8999999761581421,0.8999999761581421,0.8999999761581421,0.8999999761581421,1000.0
2026-09-23 10:43:00,GMG.V,,2.5,2.5,2.5,2.5,100.0
2026-09-23 10:43:00,GWM.V,,0.9300000071525574,0.9300000071525574,0.9300000071525574,0.9300000071525574,14500.0
2026-09-23 10:43:00,HHH.V,,5.389999866485596,5.389999866485596,5.389999866485596,5.389999866485596,100.0
2026-09-23 10:43:00,IPT.V,,0.28999999165534973,0.28999999165534973,0.28999999165534973,0.28999999165534973,1000.0
2026-09-23 10:43:00,ITR.V,,3.890000104904175,3.890000104904175,3.890000104904175,3.890000104904175,364.0
2026-09-23 10:43:00,LUCA.V,,1.1200000047683716,1.1200000047683716,1.1200000047683716,1.1200000047683716,100.0
2026-09-23 10:43:00,MLP.V,,2.5899999141693115,2.5899999141693115,2.5899999141693115,2.5899999141693115,600.0
2026-09-23 10:43:00,MMX.V,,0.054999999701976776,0.054999999701976776,0.054999999701976776,0.054999999701976776,10900.0
2026-09-23 10:43:00,TUF.V,,0.8999999761581421,0.8999999761581421,0.8999999761581421,0.8999999761581421,1500.0
2026-09-23 10:44:00,AAA-P.V,,0.07999999821186066,0.07999999821186066,0.07999999821186066,0.07999999821186066,1000.0
2026-09-23 10:44:00,GMG.V,,2.509999990463257,2.509999990463257,2.509999990463257,2.509999990463257,938.0
2026-09-23 10:44:00,GOT.V,,1.7400000095367432,1.7400000095367432,1.7400000095367432,1.7400000095367432,100.0
2026-09-23 10:44:00,GWM.V,,0.9300000071525574,0.9300000071525574,0.9300000071525574,0.9300000071525574,6500.0
2026-09-23 10:44:00,LUCA.V,,1.125,1.125,1.1200000047683716,1.1200000047683716,11000.0
2026-09-23 10:44:00,MIM.V,,0.1850000023841858,0.1850000023841858,0.1850000023841858,0.1850000023841858,1000.0
2026-09-23 10:44:00,MKO.V,,14.119999885559082,14.119999885559082,14.119999885559082,14.119999885559082,200.0
2026-09-23 10:44:00,MLP.V,,2.5899999141693115,2.5899999141693115,2.5899999141693115,2.5899999141693115,1100.0
2026-09-23 10:45:00,GOT.V,,1.7400000095367432,1.7400000095367432,1.7400000095367432,1.7400000095367432,1300.0
2026-09-23 10:45:00,GWM.V,,0.949999988079071,0.949999988079071,0.9300000071525574,0.9300000071525574,93550.0
2026-09-23 10:45:00,PNG.V,,4.610000133514404,4.614999771118164,4.610000133514404,4.610000133514404,1600.0
2026-09-23 10:46:00,MLP.V,,2.5899999141693115,2.5899999141693115,2.5899999141693115,2.5899999141693115,100.0
2026-09-23 10:47:00,FDR.V,,6.590000152587891,6.590000152587891,6.590000152587891,6.590000152587891,300.0
2026-09-23 10:47:00,GEL.V,,0.11500000208616257,0.11500000208616257,0.10499999672174454,0.10499999672174454,116000.0
2026-09-23 10:47:00,GWM.V,,0.9399999976158142,0.9399999976158142,0.9399999976158142,0.9399999976158142,7500.0
2026-09-23 10:47:00,HMR.V,,0.550000011920929,0.550000011920929,0.5400000214576721,0.5400000214576721,10000.0
2026-09-23 10:47:00,KRY.V,,3.6500000953674316,3.6500000953674316,3.6500000953674316,3.6500000953674316,550.0
2026-09-23 10:47:00,LUCA.V,,1.125,1.125,1.125,1.125,100.0
2026-09-23 10:47:00,PNG.V,,4.610000133514404,4.610000133514404,4.610000133514404,4.610000133514404,300.0
2026-09-23 10:47:00,TUF.V,,0.8999999761581421,0.8999999761581421,0.8999999761581421,0.8999999761581421,10000.0
2026-09-23 10:48:00,BIG.V,,1.409999966621399,1.409999966621399,1.409999966621399,1.409999966621399,300.0
2026-09-23 10:48:00,FOR.V,,0.8899999856948853,0.8899999856948853,0.8899999856948853,0.8899999856948853,500.0
2026-09-23 10:48:00,GSI.V,,1.7000000476837158,1.7000000476837158,1.7000000476837158,1.7000000476837158,2758.0
2026-09-23 10:48:00,LUCA.V,,1.1299999952316284,1.1299999952316284,1.1299999952316284,1.1299999952316284,100.0
2026-09-23 10:48:00,MGM.V,,3.0999999046325684,3.0999999046325684,3.069999933242798,3.069999933242798,1900.0
2026-09-23 10:48:00,PNG.V,,4.619999885559082,4.619999885559082,4.619999885559082,4.619999885559082,207.0
2026-09-23 10:49:00,FHYD.V,,0.3499999940395355,0.3499999940395355,0.3499999940395355,0.3499999940395355,500.0
2026-09-23 10:49:00,GWM.V,,0.949999988079071,0.949999988079071,0.949999988079071,0.949999988079071,6000.0
2026-09-23 10:49:00,MTA.V,,14.1899995803833,14.1899995803833,14.1899995803833,14.1899995803833,200.0
2026-09-23 10:50:00,BIG.V,,1.409999966621399,1.409999966621399,1.409999966621399,1.409999966621399,22800.0
2026-09-23 10:50:00,GEL.V,,0.11500000208616257,0.11500000208616257,0.11500000208616257,0.11500000208616257,30200.0
2026-09-23 10:50:00,GRD.V,,0.06499999761581421,0.06499999761581421,0.06499999761581421,0.06499999761581421,0.0
2026-09-23 10:50:00,GWM.V,,0.9599999785423279,0.9599999785423279,0.949999988079071,0.9599999785423279,75900.0
2026-09-23 10:50:00,KRY.V,,3.6500000953674316,3.6500000953674316,3.6500000953674316,3.6500000953674316,100.0
2026-09-23 10:50:00,MLP.V,,2.5899999141693115,2.5899999141693115,2.5899999141693115,2.5899999141693115,100.0
2026-09-23 10:50:00,TUF.V,,0.8999999761581421,0.8999999761581421,0.8999999761581421,0.8999999761581421,10536.0
2026-09-23 10:51:00,BIG.V,,1.4049999713897705,1.409999966621399,1.399999976158142,1.409999966621399,10500.0
2026-09-23 10:51:00,FOR.V,,0.8899999856948853,0.8899999856948853,0.8899999856948853,0.8899999856948853,500.0
2026-09-23 10:51:00,FWZ.V,,3.140000104904175,3.140000104904175,3.140000104904175,3.140000104904175,600.0
2026-09-23 10:51:00,GRSL.V,,0.3499999940395355,0.3499999940395355,0.3499999940395355,0.3499999940395355,10500.0
2026-09-23 10:51:00,GWM.V,,0.9599999785423279,0.9599999785423279,0.9599999785423279,0.9599999785423279,2000.0
2026-09-23 10:51:00,HITI.V,,3.7799999713897705,3.7799999713897705,3.7699999809265137,3.7699999809265137,3000.0
2026-09-23 10:51:00,ITR.V,,3.9000000953674316,3.9000000953674316,3.9000000953674316,3.9000000953674316,2800.0
2026-09-23 10:51:00,LUCA.V,,1.125,1.125,1.125,1.125,100.0
2026-09-23 10:51:00,MKO.V,,14.140000343322754,14.140000343322754,14.109999656677246,14.109999656677246,415.0
2026-09-23 10:51:00,MTA.V,,14.210000038146973,14.210000038146973,14.1899995803833,14.1899995803833,500.0
2026-09-23 10:51:00,PNG.V,,4.619999885559082,4.619999885559082,4.610000133514404,4.610000133514404,2800.0
2026-09-23 10:51:00,TUF.V,,0.8999999761581421,0.8999999761581421,0.8999999761581421,0.8999999761581421,68500.0
2026-09-23 10:52:00,FWZ.V,,3.140000104904175,3.140000104904175,3.140000104904175,3.140000104904175,325.0
2026-09-23 10:52:00,HITI.V,,3.799999952316284,3.799999952316284,3.799999952316284,3.799999952316284,200.0
2026-09-23 10:52:00,HMR.V,,0.5600000023841858,0.5600000023841858,0.5600000023841858,0.5600000023841858,2000.0
2026-09-23 10:52:00,LCX.V,,1.899999976158142,1.899999976158142,1.899999976158142,1.899999976158142,1000.0
2026-09-23 10:52:00,LUCA.V,,1.1299999952316284,1.1299999952316284,1.1299999952316284,1.1299999952316284,100.0
2026-09-23 10:53:00,FL.V,,0.4650000035762787,0.4650000035762787,0.4650000035762787,0.4650000035762787,500.0
2026-09-23 10:53:00,GOT.V,,1.7549999952316284,1.7549999952316284,1.75,1.75,1300.0
2026-09-23 10:53:00,GSR.V,,0.4300000071525574,0.4300000071525574,0.4300000071525574,0.4300000071525574,3500.0
2026-09-23 10:53:00,GWM.V,,0.9599999785423279,0.9599999785423279,0.9599999785423279,0.9599999785423279,3500.0
2026-09-23 10:53:00,HMR.V,,0.5600000023841858,0.5600000023841858,0.5600000023841858,0.5600000023841858,500.0
2026-09-23 10:53:00,ITR.V,,3.9100000858306885,3.9100000858306885,3.9100000858306885,3.9100000858306885,900.0
2026-09-23 10:53:00,JUGR.V,,0.4699999988079071,0.4699999988079071,0.4699999988079071,0.4699999988079071,7000.0
2026-09-23 10:53:00,MLP.V,,2.5999999046325684,2.5999999046325684,2.5999999046325684,2.5999999046325684,600.0
2026-09-23 10:53:00,MTA.V,,14.239999771118164,14.239999771118164,14.239999771118164,14.239999771118164,100.0
2026-09-23 10:53:00,PNG.V,,4.630000114440918,4.630000114440918,4.599999904632568,4.610000133514404,13115.0
2026-09-23 10:53:00,TUF.V,,0.8999999761581421,0.8999999761581421,0.8999999761581421,0.8999999761581421,2500.0
2026-09-23 10:54:00,GWM.V,,0.9599999785423279,0.9700000286102295,0.9599999785423279,0.9700000286102295,4000.0
2026-09-23 10:54:00,MKO.V,,14.140000343322754,14.140000343322754,14.140000343322754,14.140000343322754,100.0
2026-09-23 10:55:00,GRSL.V,,0.3499999940395355,0.3499999940395355,0.3499999940395355,0.3499999940395355,25000.0
2026-09-23 10:55:00,HMR.V,,0.5600000023841858,0.5600000023841858,0.5600000023841858,0.5600000023841858,2000.0
2026-09-23 10:55:00,LUCA.V,,1.1299999952316284,1.1299999952316284,1.1299999952316284,1.1299999952316284,100.0
2026-09-23 10:55:00,MLP.V,,2.5899999141693115,2.5999999046325684,2.5899999141693115,2.5999999046325684,3700.0
2026-09-23 10:55:00,MTA.V,,14.289999961853027,14.289999961853027,14.289999961853027,14.289999961853027,100.0
2026-09-23 10:55:00,MTT.V,,0.26499998569488525,0.26499998569488525,0.26499998569488525,0.26499998569488525,2500.0
2026-09-23 10:56:00,GOT.V,,1.75,1.75,1.75,1.75,100.0
2026-09-23 10:56:00,GPAC.V,,0.20000000298023224,0.20000000298023224,0.20000000298023224,0.20000000298023224,14000.0
2026-09-23 10:56:00,GSI.V,,1.7000000476837158,1.7000000476837158,1.7000000476837158,1.7000000476837158,500.0
2026-09-23 10:56:00,ITR.V,,3.9100000858306885,3.9100000858306885,3.9100000858306885,3.9100000858306885,200.0
2026-09-23 10:56:00,KRY.V,,3.6600000858306885,3.6600000858306885,3.6600000858306885,3.6600000858306885,100.0
2026-09-23 10:56:00,LSTR.V,,0.07500000298023224,0.07500000298023224,0.07500000298023224,0.07500000298023224,2000.0
2026-09-23 10:56:00,MTS.V,,0.14499999582767487,0.14499999582767487,0.14499999582767487,0.14499999582767487,12000.0
2026-09-23 10:56:00,MTX.V,,0.014999999664723873,0.014999999664723873,0.014999999664723873,0.014999999664723873,0.0
2026-09-23 10:57:00,GPAC.V,,0.20000000298023224,0.20000000298023224,0.20000000298023224,0.20000000298023224,9500.0
2026-09-23 10:57:00,ITR.V,,3.9100000858306885,3.9100000858306885,3.9100000858306885,3.9100000858306885,300.0
2026-09-23 10:57:00,KCC.V,,1.0399999618530273,1.0399999618530273,1.0399999618530273,1.0399999618530273,1500.0
2026-09-23 10:57:00,TUF.V,,0.8999999761581421,0.9100000262260437,0.8999999761581421,0.9100000262260437,1000.0
2026-09-23 10:58:00,GOT.V,,1.7400000095367432,1.7400000095367432,1.7400000095367432,1.7400000095367432,1300.0
2026-09-23 10:58:00,GPAC.V,,0.20000000298023224,0.20000000298023224,0.20000000298023224,0.20000000298023224,500.0
2026-09-23 10:58:00,GRDM.V,,0.13500000536441803,0.13500000536441803,0.13500000536441803,0.13500000536441803,17500.0
2026-09-23 10:58:00,GWM.V,,0.949999988079071,0.949999988079071,0.949999988079071,0.949999988079071,650.0
2026-09-23 10:58:00,KLDC.V,,0.3700000047683716,0.3700000047683716,0.3700000047683716,0.3700000047683716,1500.0
2026-09-23 10:58:00,LUCA.V,,1.1299999952316284,1.1299999952316284,1.1299999952316284,1.1299999952316284,100.0
2026-09-23 10:58:00,MJS.V,,0.10000000149011612,0.10000000149011612,0.10000000149011612,0.10000000149011612,16500.0
2026-09-23 10:58:00,PNG.V,,4.650000095367432,4.650000095367432,4.639999866485596,4.639999866485596,2000.0
2026-09-23 10:58:00,TUF.V,,0.8999999761581421,0.8999999761581421,0.8999999761581421,0.8999999761581421,1500.0
2026-09-23 10:59:00,EQTY.V,,0.11999999731779099,0.11999999731779099,0.11999999731779099,0.11999999731779099,20000.0
2026-09-23 10:59:00,GAL.V,,0.5699999928474426,0.5699999928474426,0.5699999928474426,0.5699999928474426,629.0
2026-09-23 10:59:00,GZD.V,,0.054999999701976776,0.054999999701976776,0.054999999701976776,0.054999999701976776,21000.0
2026-09-23 10:59:00,MGM.V,,3.130000114440918,3.130000114440918,3.130000114440918,3.130000114440918,100.0
2026-09-23 10:59:00,MKO.V,,14.109999656677246,14.119999885559082,14.109999656677246,14.119999885559082,200.0
2026-09-23 10:59:00,MLP.V,,2.5899999141693115,2.5899999141693115,2.5899999141693115,2.5899999141693115,200.0
2026-09-23 10:59:00,PNG.V,,4.639999866485596,4.639999866485596,4.639999866485596,4.639999866485596,100.0
2026-09-23 10:59:00,TUF.V,,0.8999999761581421,0.8999999761581421,0.8999999761581421,0.8999999761581421,33500.0
2026-09-23 11:00:00,GWM.V,,0.9449999928474426,0.9449999928474426,0.9449999928474426,0.9449999928474426,1500.0
2026-09-23 11:00:00,GZD.V,,0.054999999701976776,0.054999999701976776,0.054999999701976776,0.054999999701976776,30000.0
2026-09-23 11:00:00,ITR.V,,3.9000000953674316,3.9000000953674316,3.9000000953674316,3.9000000953674316,100.0
2026-09-23 11:00:00,LUCA.V,,1.1299999952316284,1.1299999952316284,1.1299999952316284,1.1299999952316284,100.0
2026-09-23 11:00:00,MGM.V,,3.130000114440918,3.130000114440918,3.130000114440918,3.130000114440918,100.0
2026-09-23 11:00:00,PNG.V,,4.639999866485596,4.639999866485596,4.639999866485596,4.639999866485596,300.0
2026-09-23 11:01:00,GGO.V,,1.1699999570846558,1.1699999570846558,1.1699999570846558,1.1699999570846558,500.0
2026-09-23 11:01:00,GRSL.V,,0.35499998927116394,0.35499998927116394,0.35499998927116394,0.35499998927116394,500.0
2026-09-23 11:01:00,KG.V,,0.15000000596046448,0.15000000596046448,0.15000000596046448,0.15000000596046448,4000.0
2026-09-23 11:01:00,LUCA.V,,1.125,1.125,1.125,1.125,100.0
2026-09-23 11:01:00,PNG.V,,4.639999866485596,4.639999866485596,4.630000114440918,4.639999866485596,350.0
2026-09-23 11:02:00,FL.V,,0.4699999988079071,0.4699999988079071,0.4699999988079071,0.4699999988079071,500.0
2026-09-23 11:02:00,FMN.V,,0.27000001072883606,0.27000001072883606,0.27000001072883606,0.27000001072883606,0.0
2026-09-23 11:02:00,FOR.V,,0.8899999856948853,0.8899999856948853,0.8899999856948853,0.8899999856948853,500.0
2026-09-23 11:02:00,GWM.V,,0.9399999976158142,0.949999988079071,0.9399999976158142,0.949999988079071,39500.0
2026-09-23 11:02:00,HANS.V,,0.019999999552965164,0.019999999552965164,0.019999999552965164,0.019999999552965164,1000.0
2026-09-23 11:02:00,KRY.V,,3.6600000858306885,3.6600000858306885,3.6600000858306885,3.6600000858306885,100.0
2026-09-23 11:02:00,LUCA.V,,1.1299999952316284,1.1299999952316284,1.1299999952316284,1.1299999952316284,100.0
2026-09-23 11:02:00,MGM.V,,3.130000114440918,3.130000114440918,3.130000114440918,3.130000114440918,600.0
2026-09-23 11:02:00,MIM.V,,0.1850000023841858,0.1850000023841858,0.1850000023841858,0.1850000023841858,1500.0
2026-09-23 11:02:00,PNG.V,,4.639999866485596,4.639999866485596,4.639999866485596,4.639999866485596,100.0
2026-09-23 11:03:00,FOR.V,,0.8999999761581421,0.8999999761581421,0.8999999761581421,0.8999999761581421,1000.0
2026-09-23 11:03:00,FWZ.V,,3.130000114440918,3.140000104904175,3.130000114440918,3.140000104904175,2900.0
2026-09-23 11:03:00,KTN.V,,1.1950000524520874,1.1950000524520874,1.1950000524520874,1.1950000524520874,500.0
2026-09-23 11:03:00,LMS.V,,0.22499999403953552,0.22499999403953552,0.22499999403953552,0.22499999403953552,3000.0
2026-09-23 11:03:00,LUCA.V,,1.125,1.125,1.125,1.125,100.0
2026-09-23 11:03:00,MLP.V,,2.5899999141693115,2.5899999141693115,2.5899999141693115,2.5899999141693115,325.0
2026-09-23 11:03:00,MTH.V,,0.029999999329447746,0.029999999329447746,0.029999999329447746,0.029999999329447746,3000.0
2026-09-23 11:03:00,MTLO.V,,0.004999999888241291,0.004999999888241291,0.004999999888241291,0.004999999888241291,20000.0
2026-09-23 11:03:00,PNG.V,,4.635000228881836,4.635000228881836,4.635000228881836,4.635000228881836,200.0
2026-09-23 11:03:00,TUF.V,,0.8999999761581421,0.8999999761581421,0.8999999761581421,0.8999999761581421,4500.0
2026-09-23 11:04:00,EQTY.V,,0.11999999731779099,0.11999999731779099,0.11999999731779099,0.11999999731779099,107727.0
2026-09-23 11:04:00,EXG.V,,0.12999999523162842,0.12999999523162842,0.12999999523162842,0.12999999523162842,19500.0
2026-09-23 11:04:00,FMN.V,,0.27000001072883606,0.27000001072883606,0.27000001072883606,0.27000001072883606,500.0
2026-09-23 11:04:00,FOR.V,,0.8999999761581421,0.8999999761581421,0.8999999761581421,0.8999999761581421,2000.0
2026-09-23 11:04:00,FWZ.V,,3.130000114440918,3.130000114440918,3.130000114440918,3.130000114440918,400.0
2026-09-23 11:04:00,GPAC.V,,0.19499999284744263,0.19499999284744263,0.19499999284744263,0.19499999284744263,2000.0
2026-09-23 11:04:00,ITR.V,,3.9000000953674316,3.9000000953674316,3.9000000953674316,3.9000000953674316,200.0
2026-09-23 11:04:00,MKO.V,,14.09000015258789,14.109999656677246,14.09000015258789,14.109999656677246,500.0
2026-09-23 11:04:00,MLP.V,,2.5899999141693115,2.5899999141693115,2.5899999141693115,2.5899999141693115,1300.0
2026-09-23 11:04:00,PNG.V,,4.630000114440918,4.635000228881836,4.630000114440918,4.635000228881836,16600.0
2026-09-23 11:05:00,GGO.V,,1.159999966621399,1.159999966621399,1.159999966621399,1.159999966621399,200.0
2026-09-23 11:05:00,LUCA.V,,1.125,1.125,1.125,1.125,100.0
2026-09-23 11:05:00,MLP.V,,2.609999895095825,2.609999895095825,2.5999999046325684,2.5999999046325684,1673.0
2026-09-23 11:05:00,PNG.V,,4.610000133514404,4.610000133514404,4.610000133514404,4.610000133514404,500.0
2026-09-23 11:05:00,TUF.V,,0.8899999856948853,0.8899999856948853,0.8899999856948853,0.8899999856948853,500.0
2026-09-23 11:06:00,GRSL.V,,0.35499998927116394,0.35499998927116394,0.35499998927116394,0.35499998927116394,46400.0
2026-09-23 11:06:00,HI.V,,0.1599999964237213,0.1599999964237213,0.1599999964237213,0.1599999964237213,20000.0
2026-09-23 11:06:00,ITR.V,,3.9000000953674316,3.9000000953674316,3.9000000953674316,3.9000000953674316,100.0
2026-09-23 11:06:00,TUF.V,,0.8899999856948853,0.8899999856948853,0.8899999856948853,0.8899999856948853,53000.0
2026-09-23 11:07:00,EQTY.V,,0.11999999731779099,0.11999999731779099,0.11999999731779099,0.11999999731779099,4000.0
2026-09-23 11:07:00,FDR.V,,6.599999904632568,6.599999904632568,6.599999904632568,6.599999904632568,1200.0
2026-09-23 11:07:00,GGO.V,,1.159999966621399,1.159999966621399,1.159999966621399,1.159999966621399,500.0
2026-09-23 11:07:00,GWM.V,,0.949999988079071,0.949999988079071,0.9399999976158142,0.9399999976158142,23000.0
2026-09-23 11:07:00,ITR.V,,3.9000000953674316,3.9000000953674316,3.9000000953674316,3.9000000953674316,700.0
2026-09-23 11:07:00,LUCA.V,,1.125,1.125,1.125,1.125,100.0
2026-09-23 11:07:00,TUF.V,,0.8949999809265137,0.8949999809265137,0.8899999856948853,0.8899999856948853,1500.0
2026-09-23 11:08:00,HI.V,,0.1599999964237213,0.1599999964237213,0.1599999964237213,0.1599999964237213,10000.0
2026-09-23 11:08:00,KRY.V,,3.6600000858306885,3.6600000858306885,3.6600000858306885,3.6600000858306885,100.0
2026-09-23 11:08:00,KTN.V,,1.2000000476837158,1.2000000476837158,1.2000000476837158,1.2000000476837158,1000.0
2026-09-23 11:08:00,LUCA.V,,1.1299999952316284,1.1299999952316284,1.1299999952316284,1.1299999952316284,249.0
2026-09-23 11:08:00,MKO.V,,14.100000381469727,14.100000381469727,14.100000381469727,14.100000381469727,200.0
2026-09-23 11:08:00,ZNG.V,,0.8199999928474426,0.8199999928474426,0.8199999928474426,0.8199999928474426,500.0
2026-09-23 11:09:00,GRSL.V,,0.35499998927116394,0.35499998927116394,0.35499998927116394,0.35499998927116394,9500.0
2026-09-23 11:09:00,MKO.V,,14.0600004196167,14.0600004196167,14.0600004196167,14.0600004196167,100.0
2026-09-23 11:09:00,PNG.V,,4.610000133514404,4.610000133514404,4.610000133514404,4.610000133514404,100.0
2026-09-23 11:10:00,GAL.V,,0.5699999928474426,0.5699999928474426,0.5699999928474426,0.5699999928474426,1000.0
2026-09-23 11:10:00,GEL.V,,0.11500000208616257,0.11500000208616257,0.11500000208616257,0.11500000208616257,1500.0
2026-09-23 11:10:00,KNG.V,,1.1100000143051147,1.1100000143051147,1.1100000143051147,1.1100000143051147,100.0
2026-09-23 11:10:00,KTN.V,,1.1950000524520874,1.1950000524520874,1.1950000524520874,1.1950000524520874,1000.0
2026-09-23 11:10:00,LCX.V,,1.8799999952316284,1.8799999952316284,1.8799999952316284,1.8799999952316284,16300.0
2026-09-23 11:10:00,LUCA.V,,1.1299999952316284,1.1299999952316284,1.125,1.125,351.0
2026-09-23 11:10:00,PNG.V,,4.625,4.625,4.610000133514404,4.610000133514404,400.0
2026-09-23 11:11:00,EXG.V,,0.12999999523162842,0.12999999523162842,0.12999999523162842,0.12999999523162842,155510.0
2026-09-23 11:11:00,GAL.V,,0.5699999928474426,0.5699999928474426,0.5699999928474426,0.5699999928474426,3000.0
2026-09-23 11:11:00,GEL.V,,0.10499999672174454,0.10999999940395355,0.10499999672174454,0.10999999940395355,13000.0
2026-09-23 11:11:00,HHH.V,,5.21999979019165,5.389999866485596,5.21999979019165,5.389999866485596,7000.0
2026-09-23 11:11:00,IPT.V,,0.29499998688697815,0.29499998688697815,0.29499998688697815,0.29499998688697815,2500.0
2026-09-23 11:11:00,LUCA.V,,1.125,1.125,1.125,1.125,100.0
2026-09-23 11:11:00,PNG.V,,4.619999885559082,4.619999885559082,4.619999885559082,4.619999885559082,400.0
2026-09-23 11:12:00,EQTY.V,,0.11999999731779099,0.11999999731779099,0.11999999731779099,0.11999999731779099,50000.0
2026-09-23 11:12:00,GAL.V,,0.5699999928474426,0.5699999928474426,0.5699999928474426,0.5699999928474426,1000.0
2026-09-23 11:12:00,GRSL.V,,0.36000001430511475,0.36000001430511475,0.36000001430511475,0.36000001430511475,500.0
2026-09-23 11:12:00,PNG.V,,4.625,4.625,4.625,4.625,200.0
2026-09-23 11:12:00,TUF.V,,0.8999999761581421,0.8999999761581421,0.8999999761581421,0.8999999761581421,500.0
2026-09-23 11:13:00,FWZ.V,,3.140000104904175,3.140000104904175,3.140000104904175,3.140000104904175,2413.0
2026-09-23 11:13:00,GAL.V,,0.5699999928474426,0.5699999928474426,0.5699999928474426,0.5699999928474426,1000.0
2026-09-23 11:13:00,GPG.V,,0.3199999928474426,0.3199999928474426,0.3199999928474426,0.3199999928474426,6000.0
2026-09-23 11:13:00,GRZ.V,,6.849999904632568,6.849999904632568,6.849999904632568,6.849999904632568,9000.0
2026-09-23 11:13:00,GWM.V,,0.949999988079071,0.949999988079071,0.949999988079071,0.949999988079071,3000.0
2026-09-23 11:13:00,HHH.V,,5.369999885559082,5.369999885559082,5.369999885559082,5.369999885559082,100.0
2026-09-23 11:13:00,HI.V,,0.1599999964237213,0.1599999964237213,0.1599999964237213,0.1599999964237213,12500.0
2026-09-23 11:13:00,LUCA.V,,1.1200000047683716,1.1299999952316284,1.1200000047683716,1.1299999952316284,28500.0
2026-09-23 11:13:00,PNG.V,,4.630000114440918,4.630000114440918,4.625,4.625,200.0
2026-09-23 11:13:00,WOLF.V,,1.6100000143051147,1.6100000143051147,1.6100000143051147,1.6100000143051147,400.0
2026-09-23 11:14:00,FMN.V,,0.24500000476837158,0.25,0.24500000476837158,0.25,24000.0
2026-09-23 11:14:00,FOR.V,,0.8899999856948853,0.8899999856948853,0.8899999856948853,0.8899999856948853,500.0
2026-09-23 11:14:00,GAL.V,,0.5699999928474426,0.5699999928474426,0.5699999928474426,0.5699999928474426,1000.0
2026-09-23 11:14:00,JUGR.V,,0.4749999940395355,0.4749999940395355,0.4749999940395355,0.4749999940395355,3000.0
2026-09-23 11:14:00,LUCA.V,,1.125,1.125,1.125,1.125,700.0
2026-09-23 11:14:00,PNG.V,,4.639999866485596,4.639999866485596,4.625,4.625,1600.0
2026-09-23 11:15:00,FWZ.V,,3.140000104904175,3.140000104904175,3.140000104904175,3.140000104904175,1000.0
2026-09-23 11:15:00,GAL.V,,0.5699999928474426,0.5699999928474426,0.5699999928474426,0.5699999928474426,1000.0
2026-09-23 11:15:00,GGO.V,,1.159999966621399,1.159999966621399,1.159999966621399,1.159999966621399,300.0
2026-09-23 11:15:00,GWM.V,,0.9599999785423279,0.9599999785423279,0.9599999785423279,0.9599999785423279,500.0
2026-09-23 11:15:00,KRY.V,,3.6600000858306885,3.6600000858306885,3.6600000858306885,3.6600000858306885,100.0
2026-09-23 11:15:00,PNG.V,,4.639999866485596,4.639999866485596,4.639999866485596,4.639999866485596,1600.0
2026-09-23 11:15:00,TUF.V,,0.8999999761581421,0.8999999761581421,0.8999999761581421,0.8999999761581421,3000.0
2026-09-23 11:16:00,EQTY.V,,0.11999999731779099,0.11999999731779099,0.11999999731779099,0.11999999731779099,3000.0
2026-09-23 11:16:00,GAL.V,,0.5699999928474426,0.5699999928474426,0.5699999928474426,0.5699999928474426,1000.0
2026-09-23 11:16:00,GWM.V,,0.949999988079071,0.949999988079071,0.949999988079071,0.949999988079071,500.0
2026-09-23 11:16:00,HITI.V,,3.799999952316284,3.799999952316284,3.799999952316284,3.799999952316284,2400.0
2026-09-23 11:16:00,KLDC.V,,0.3799999952316284,0.3799999952316284,0.3799999952316284,0.3799999952316284,1000.0
2026-09-23 11:16:00,MKO.V,,14.0600004196167,14.069999694824219,14.0600004196167,14.069999694824219,280.0
2026-09-23 11:16:00,PNG.V,,4.650000095367432,4.650000095367432,4.650000095367432,4.650000095367432,500.0
2026-09-23 11:17:00,EQTY.V,,0.11999999731779099,0.11999999731779099,0.11999999731779099,0.11999999731779099,56533.0
2026-09-23 11:17:00,GAL.V,,0.5699999928474426,0.5699999928474426,0.5699999928474426,0.5699999928474426,1000.0
2026-09-23 11:17:00,GEL.V,,0.11500000208616257,0.11500000208616257,0.11500000208616257,0.11500000208616257,1000.0
2026-09-23 11:17:00,GRSL.V,,0.36000001430511475,0.36000001430511475,0.36000001430511475,0.36000001430511475,500.0
2026-09-23 11:17:00,HI.V,,0.1599999964237213,0.1599999964237213,0.1599999964237213,0.1599999964237213,26000.0
2026-09-23 11:17:00,ITR.V,,3.9000000953674316,3.9000000953674316,3.9000000953674316,3.9000000953674316,2900.0
2026-09-23 11:17:00,MKO.V,,14.0600004196167,14.0600004196167,14.0600004196167,14.0600004196167,100.0
2026-09-23 11:18:00,FWZ.V,,3.130000114440918,3.130000114440918,3.130000114440918,3.130000114440918,1700.0
2026-09-23 11:18:00,GAL.V,,0.5699999928474426,0.5699999928474426,0.5699999928474426,0.5699999928474426,1000.0
2026-09-23 11:18:00,GPAC.V,,0.20000000298023224,0.20000000298023224,0.20000000298023224,0.20000000298023224,2000.0
2026-09-23 11:18:00,HI.V,,0.1599999964237213,0.1599999964237213,0.1599999964237213,0.1599999964237213,23500.0
2026-09-23 11:18:00,MGM.V,,3.0999999046325684,3.119999885559082,3.0999999046325684,3.109999895095825,5800.0
2026-09-23 11:18:00,MKO.V,,14.050000190734863,14.050000190734863,14.050000190734863,14.050000190734863,300.0
2026-09-23 11:18:00,MLP.V,,2.5899999141693115,2.5999999046325684,2.5899999141693115,2.5999999046325684,5325.0
2026-09-23 11:19:00,FWZ.V,,3.130000114440918,3.130000114440918,3.130000114440918,3.130000114440918,1100.0
2026-09-23 11:19:00,GAL.V,,0.5699999928474426,0.5699999928474426,0.5699999928474426,0.5699999928474426,500.0
2026-09-23 11:19:00,GOT.V,,1.7400000095367432,1.7400000095367432,1.7400000095367432,1.7400000095367432,640.0
2026-09-23 11:19:00,GPAC.V,,0.20000000298023224,0.20000000298023224,0.20000000298023224,0.20000000298023224,8000.0
2026-09-23 11:20:00,GAL.V,,0.5699999928474426,0.5699999928474426,0.5699999928474426,0.5699999928474426,1000.0
2026-09-23 11:20:00,KTN.V,,1.2000000476837158,1.2000000476837158,1.2000000476837158,1.2000000476837158,200.0
2026-09-23 11:21:00,GEL.V,,0.10499999672174454,0.10499999672174454,0.10499999672174454,0.10499999672174454,31156.0
2026-09-23 11:21:00,GGO.V,,1.159999966621399,1.159999966621399,1.159999966621399,1.159999966621399,200.0
2026-09-23 11:21:00,GOT.V,,1.7400000095367432,1.7400000095367432,1.7400000095367432,1.7400000095367432,2500.0
2026-09-23 11:21:00,GPAC.V,,0.20000000298023224,0.20000000298023224,0.20000000298023224,0.20000000298023224,12000.0
2026-09-23 11:21:00,GQC.V,,0.6600000262260437,0.6600000262260437,0.6600000262260437,0.6600000262260437,5884.0
2026-09-23 11:21:00,GSR.V,,0.4300000071525574,0.4300000071525574,0.4300000071525574,0.4300000071525574,3000.0
2026-09-23 11:21:00,GWM.V,,0.949999988079071,0.949999988079071,0.949999988079071,0.949999988079071,3000.0
2026-09-23 11:21:00,KRY.V,,3.6600000858306885,3.6600000858306885,3.6600000858306885,3.6600000858306885,100.0
2026-09-23 11:21:00,MKO.V,,14.100000381469727,14.100000381469727,14.09000015258789,14.09000015258789,500.0
2026-09-23 11:22:00,FDR.V,,6.590000152587891,6.590000152587891,6.579999923706055,6.579999923706055,800.0
2026-09-23 11:22:00,GPAC.V,,0.20000000298023224,0.20000000298023224,0.20000000298023224,0.20000000298023224,13000.0
2026-09-23 11:22:00,GRSL.V,,0.36000001430511475,0.36000001430511475,0.36000001430511475,0.36000001430511475,500.0
2026-09-23 11:22:00,GWM.V,,0.949999988079071,0.949999988079071,0.949999988079071,0.949999988079071,1000.0
2026-09-23 11:22:00,INTR.V,,0.875,0.8799999952316284,0.8700000047683716,0.8700000047683716,12300.0
2026-09-23 11:22:00,LUCA.V,,1.125,1.125,1.125,1.125,500.0
2026-09-23 11:23:00,FL.V,,0.4650000035762787,0.4650000035762787,0.4650000035762787,0.4650000035762787,800.0
2026-09-23 11:23:00,GMG.V,,2.490000009536743,2.490000009536743,2.490000009536743,2.490000009536743,100.0
2026-09-23 11:23:00,INTR.V,,0.875,0.875,0.875,0.875,1000.0
2026-09-23 11:23:00,KLDC.V,,0.39500001072883606,0.39500001072883606,0.39500001072883606,0.39500001072883606,500.0
2026-09-23 11:23:00,TUF.V,,0.8899999856948853,0.8899999856948853,0.8899999856948853,0.8899999856948853,10000.0
2026-09-23 11:24:00,GAL.V,,0.5699999928474426,0.5699999928474426,0.5699999928474426,0.5699999928474426,1000.0
2026-09-23 11:24:00,GWM.V,,0.949999988079071,0.949999988079071,0.949999988079071,0.949999988079071,500.0
2026-09-23 11:24:00,LUCA.V,,1.125,1.125,1.125,1.125,100.0
2026-09-23 11:25:00,FWZ.V,,3.140000104904175,3.140000104904175,3.140000104904175,3.140000104904175,1200.0
2026-09-23 11:25:00,GAL.V,,0.5699999928474426,0.5699999928474426,0.5699999928474426,0.5699999928474426,1000.0
2026-09-23 11:25:00,GWM.V,,0.949999988079071,0.949999988079071,0.949999988079071,0.949999988079071,4500.0
2026-09-23 11:25:00,LUCA.V,,1.125,1.125,1.125,1.125,100.0
2026-09-23 11:25:00,TUF.V,,0.8899999856948853,0.8899999856948853,0.8899999856948853,0.8899999856948853,1000.0
2026-09-23 11:26:00,FWZ.V,,3.140000104904175,3.140000104904175,3.140000104904175,3.140000104904175,100.0
2026-09-23 11:26:00,GAL.V,,0.5699999928474426,0.5699999928474426,0.5699999928474426,0.5699999928474426,1000.0
2026-09-23 11:26:00,GMG.V,,2.490000009536743,2.490000009536743,2.490000009536743,2.490000009536743,100.0
2026-09-23 11:26:00,GRSL.V,,0.35499998927116394,0.35499998927116394,0.35499998927116394,0.35499998927116394,9500.0
2026-09-23 11:26:00,HMR.V,,0.550000011920929,0.550000011920929,0.550000011920929,0.550000011920929,2750.0
2026-09-23 11:26:00,TUF.V,,0.8899999856948853,0.8899999856948853,0.8899999856948853,0.8899999856948853,1500.0
2026-09-23 11:27:00,FRNT.V,,0.029999999329447746,0.029999999329447746,0.029999999329447746,0.029999999329447746,50000.0
2026-09-23 11:27:00,FWZ.V,,3.140000104904175,3.140000104904175,3.140000104904175,3.140000104904175,1000.0
2026-09-23 11:27:00,GAL.V,,0.5699999928474426,0.5699999928474426,0.5699999928474426,0.5699999928474426,1000.0
2026-09-23 11:27:00,JUGR.V,,0.4699999988079071,0.4749999940395355,0.4699999988079071,0.4749999940395355,40000.0
2026-09-23 11:27:00,LUCA.V,,1.125,1.125,1.125,1.125,100.0
2026-09-23 11:27:00,PNG.V,,4.65500020980835,4.65500020980835,4.650000095367432,4.650000095367432,5940.0
2026-09-23 11:27:00,TUF.V,,0.8899999856948853,0.8899999856948853,0.8899999856948853,0.8899999856948853,1000.0
2026-09-23 11:28:00,FWZ.V,,3.140000104904175,3.140000104904175,3.140000104904175,3.140000104904175,100.0
2026-09-23 11:28:00,GAL.V,,0.5699999928474426,0.5699999928474426,0.5699999928474426,0.5699999928474426,1000.0
2026-09-23 11:28:00,GOT.V,,1.7400000095367432,1.7400000095367432,1.7400000095367432,1.7400000095367432,4100.0
2026-09-23 11:28:00,ITR.V,,3.9000000953674316,3.9000000953674316,3.9000000953674316,3.9000000953674316,2202.0
2026-09-23 11:28:00,LUCA.V,,1.125,1.125,1.125,1.125,400.0
2026-09-23 11:28:00,PNG.V,,4.650000095367432,4.65500020980835,4.650000095367432,4.65500020980835,1000.0
2026-09-23 11:28:00,TUF.V,,0.8899999856948853,0.8899999856948853,0.8899999856948853,0.8899999856948853,47437.0
2026-09-23 11:28:00,ZNG.V,,0.8199999928474426,0.8199999928474426,0.8199999928474426,0.8199999928474426,610.0
2026-09-23 11:29:00,BIG.V,,1.399999976158142,1.399999976158142,1.399999976158142,1.399999976158142,10610.0
2026-09-23 11:29:00,GAL.V,,0.5699999928474426,0.5699999928474426,0.5699999928474426,0.5699999928474426,1000.0
2026-09-23 11:29:00,GWM.V,,0.949999988079071,0.949999988079071,0.949999988079071,0.949999988079071,8000.0
2026-09-23 11:29:00,HITI.V,,3.8299999237060547,3.8299999237060547,3.809999942779541,3.809999942779541,200.0
2026-09-23 11:29:00,HPL.V,,0.3050000071525574,0.3100000023841858,0.3050000071525574,0.3100000023841858,34500.0
2026-09-23 11:29:00,KDK.V,,0.7699999809265137,0.7699999809265137,0.7699999809265137,0.7699999809265137,1000.0
2026-09-23 11:29:00,LUCA.V,,1.125,1.1299999952316284,1.125,1.1299999952316284,6100.0
2026-09-23 11:29:00,MKO.V,,14.069999694824219,14.069999694824219,14.069999694824219,14.069999694824219,300.0
2026-09-23 11:29:00,MTA.V,,14.210000038146973,14.220000267028809,14.210000038146973,14.220000267028809,1000.0
2026-09-23 11:29:00,PNG.V,,4.650000095367432,4.650000095367432,4.650000095367432,4.650000095367432,100.0
2026-09-23 11:30:00,FMS.V,,0.42500001192092896,0.42500001192092896,0.42500001192092896,0.42500001192092896,5500.0
2026-09-23 11:30:00,FOR.V,,0.8899999856948853,0.8899999856948853,0.8899999856948853,0.8899999856948853,500.0
2026-09-23 11:30:00,FWZ.V,,3.130000114440918,3.130000114440918,3.130000114440918,3.130000114440918,100.0
2026-09-23 11:30:00,GAL.V,,0.5699999928474426,0.5699999928474426,0.5699999928474426,0.5699999928474426,500.0
2026-09-23 11:30:00,GWM.V,,0.949999988079071,0.949999988079071,0.949999988079071,0.949999988079071,4475.0
2026-09-23 11:30:00,HPQ.V,,0.14499999582767487,0.14499999582767487,0.14499999582767487,0.14499999582767487,20000.0
2026-09-23 11:30:00,KNG.V,,1.1100000143051147,1.1100000143051147,1.1100000143051147,1.1100000143051147,100.0
2026-09-23 11:30:00,LSL.V,,0.32499998807907104,0.32499998807907104,0.32499998807907104,0.32499998807907104,0.0
2026-09-23 11:30:00,LUCA.V,,1.1299999952316284,1.1299999952316284,1.125,1.125,2800.0
2026-09-23 11:30:00,MKO.V,,14.039999961853027,14.039999961853027,14.039999961853027,14.039999961853027,500.0
2026-09-23 11:30:00,MLP.V,,2.5899999141693115,2.5899999141693115,2.5899999141693115,2.5899999141693115,100.0
2026-09-23 11:30:00,PNG.V,,4.639999866485596,4.639999866485596,4.639999866485596,4.639999866485596,1300.0
2026-09-23 11:31:00,GAL.V,,0.5699999928474426,0.5699999928474426,0.5699999928474426,0.5699999928474426,1000.0
2026-09-23 11:31:00,GMG.V,,2.490000009536743,2.490000009536743,2.490000009536743,2.490000009536743,200.0
2026-09-23 11:31:00,GWM.V,,0.949999988079071,0.949999988079071,0.949999988079071,0.949999988079071,13000.0
2026-09-23 11:31:00,KLDC.V,,0.38999998569488525,0.38999998569488525,0.38999998569488525,0.38999998569488525,500.0
2026-09-23 11:31:00,LUCA.V,,1.125,1.125,1.125,1.125,800.0
2026-09-23 11:31:00,MKO.V,,14.010000228881836,14.039999961853027,14.010000228881836,14.039999961853027,800.0
2026-09-23 11:31:00,PNG.V,,4.639999866485596,4.639999866485596,4.639999866485596,4.639999866485596,100.0
2026-09-23 11:31:00,TUF.V,,0.8799999952316284,0.8799999952316284,0.8799999952316284,0.8799999952316284,20500.0
2026-09-23 11:32:00,GAL.V,,0.5699999928474426,0.5699999928474426,0.5699999928474426,0.5699999928474426,1000.0
2026-09-23 11:32:00,JZR.V,,0.27000001072883606,0.27000001072883606,0.27000001072883606,0.27000001072883606,15000.0
2026-09-23 11:32:00,KLDC.V,,0.38999998569488525,0.38999998569488525,0.38999998569488525,0.38999998569488525,500.0
2026-09-23 11:32:00,LUCA.V,,1.1299999952316284,1.1299999952316284,1.1299999952316284,1.1299999952316284,100.0
2026-09-23 11:32:00,PNG.V,,4.639999866485596,4.639999866485596,4.639999866485596,4.639999866485596,400.0
2026-09-23 11:32:00,TUF.V,,0.8849999904632568,0.8849999904632568,0.8799999952316284,0.8799999952316284,2500.0
2026-09-23 11:33:00,GAL.V,,0.5699999928474426,0.5699999928474426,0.5699999928474426,0.5699999928474426,1000.0
2026-09-23 11:33:00,GMG.V,,2.490000009536743,2.490000009536743,2.490000009536743,2.490000009536743,100.0
2026-09-23 11:33:00,GWM.V,,0.949999988079071,0.949999988079071,0.949999988079071,0.949999988079071,500.0
2026-09-23 11:33:00,HI.V,,0.1599999964237213,0.1599999964237213,0.1599999964237213,0.1599999964237213,26825.0
2026-09-23 11:33:00,ITR.V,,3.890000104904175,3.890000104904175,3.890000104904175,3.890000104904175,100.0
2026-09-23 11:34:00,FOR.V,,0.8899999856948853,0.8899999856948853,0.8899999856948853,0.8899999856948853,500.0
2026-09-23 11:34:00,GAL.V,,0.5699999928474426,0.5699999928474426,0.5699999928474426,0.5699999928474426,1000.0
2026-09-23 11:34:00,GRSL.V,,0.35499998927116394,0.35499998927116394,0.35499998927116394,0.35499998927116394,500.0
2026-09-23 11:34:00,LUCA.V,,1.125,1.125,1.125,1.125,100.0
2026-09-23 11:34:00,PNG.V,,4.639999866485596,4.644999980926514,4.639999866485596,4.644999980926514,500.0
2026-09-23 11:34:00,TUF.V,,0.8899999856948853,0.8899999856948853,0.8899999856948853,0.8899999856948853,1500.0
2026-09-23 11:35:00,GAL.V,,0.5699999928474426,0.5699999928474426,0.5699999928474426,0.5699999928474426,1000.0
2026-09-23 11:35:00,GWM.V,,0.949999988079071,0.949999988079071,0.949999988079071,0.949999988079071,86500.0
2026-09-23 11:35:00,HPQ.V,,0.14499999582767487,0.14499999582767487,0.14499999582767487,0.14499999582767487,500.0
2026-09-23 11:35:00,KTN.V,,1.190000057220459,1.190000057220459,1.190000057220459,1.190000057220459,750.0
2026-09-23 11:35:00,LCX.V,,1.8799999952316284,1.8799999952316284,1.8799999952316284,1.8799999952316284,500.0
2026-09-23 11:35:00,LUCA.V,,1.1299999952316284,1.1299999952316284,1.125,1.125,800.0
2026-09-23 11:35:00,MIM.V,,0.18000000715255737,0.18000000715255737,0.18000000715255737,0.18000000715255737,4000.0
2026-09-23 11:35:00,PNG.V,,4.639999866485596,4.639999866485596,4.639999866485596,4.639999866485596,100.0
2026-09-23 11:35:00,TUF.V,,0.8799999952316284,0.8899999856948853,0.8799999952316284,0.8899999856948853,1250.0
2026-09-23 11:36:00,GAL.V,,0.5699999928474426,0.5699999928474426,0.5699999928474426,0.5699999928474426,1000.0
2026-09-23 11:36:00,GGO.V,,1.159999966621399,1.159999966621399,1.159999966621399,1.159999966621399,3000.0
2026-09-23 11:36:00,GOT.V,,1.7400000095367432,1.7400000095367432,1.7400000095367432,1.7400000095367432,3300.0
2026-09-23 11:36:00,GRSL.V,,0.3449999988079071,0.3499999940395355,0.3449999988079071,0.3499999940395355,140000.0
2026-09-23 11:36:00,GSPR.V,,0.11999999731779099,0.11999999731779099,0.11999999731779099,0.11999999731779099,5000.0
2026-09-23 11:36:00,GWM.V,,0.9399999976158142,0.9399999976158142,0.9399999976158142,0.9399999976158142,9100.0
2026-09-23 11:36:00,ITR.V,,3.890000104904175,3.890000104904175,3.890000104904175,3.890000104904175,900.0
2026-09-23 11:36:00,LUCA.V,,1.125,1.125,1.125,1.125,600.0
2026-09-23 11:36:00,PNG.V,,4.639999866485596,4.639999866485596,4.639999866485596,4.639999866485596,1800.0
2026-09-23 11:36:00,TUF.V,,0.8799999952316284,0.8899999856948853,0.8799999952316284,0.8799999952316284,1500.0
2026-09-23 11:37:00,GAL.V,,0.5699999928474426,0.5699999928474426,0.5699999928474426,0.5699999928474426,1000.0
2026-09-23 11:37:00,GGO.V,,1.159999966621399,1.159999966621399,1.159999966621399,1.159999966621399,10100.0
2026-09-23 11:37:00,GOT.V,,1.7300000190734863,1.7300000190734863,1.7300000190734863,1.7300000190734863,1400.0
2026-09-23 11:37:00,GRSL.V,,0.3449999988079071,0.3449999988079071,0.3449999988079071,0.3449999988079071,11000.0
2026-09-23 11:37:00,GSPR.V,,0.11500000208616257,0.11500000208616257,0.11500000208616257,0.11500000208616257,10000.0
2026-09-23 11:37:00,ITR.V,,3.880000114440918,3.880000114440918,3.880000114440918,3.880000114440918,2000.0
2026-09-23 11:37:00,KTN.V,,1.1950000524520874,1.1950000524520874,1.1950000524520874,1.1950000524520874,500.0
2026-09-23 11:37:00,LUCA.V,,1.1299999952316284,1.1299999952316284,1.1299999952316284,1.1299999952316284,100.0
2026-09-23 11:37:00,MKO.V,,14.039999961853027,14.039999961853027,14.039999961853027,14.039999961853027,100.0
2026-09-23 11:37:00,MLP.V,,2.5799999237060547,2.5799999237060547,2.5799999237060547,2.5799999237060547,15621.0
2026-09-23 11:37:00,PNG.V,,4.630000114440918,4.630000114440918,4.630000114440918,4.630000114440918,100.0
2026-09-23 11:37:00,TUF.V,,0.8799999952316284,0.8799999952316284,0.8799999952316284,0.8799999952316284,18500.0
2026-09-23 11:38:00,FDR.V,,6.579999923706055,6.579999923706055,6.559999942779541,6.579999923706055,3500.0
2026-09-23 11:38:00,HI.V,,0.1599999964237213,0.1599999964237213,0.1599999964237213,0.1599999964237213,24000.0
2026-09-23 11:38:00,KLDC.V,,0.38999998569488525,0.38999998569488525,0.38999998569488525,0.38999998569488525,500.0
2026-09-23 11:38:00,MGM.V,,3.0799999237060547,3.0799999237060547,3.0799999237060547,3.0799999237060547,100.0
2026-09-23 11:38:00,PNG.V,,4.619999885559082,4.630000114440918,4.619999885559082,4.630000114440918,491.0
2026-09-23 11:38:00,TUF.V,,0.8799999952316284,0.8799999952316284,0.8799999952316284,0.8799999952316284,1000.0
2026-09-23 11:39:00,FOR.V,,0.8899999856948853,0.8899999856948853,0.8899999856948853,0.8899999856948853,656.0
2026-09-23 11:39:00,GRSL.V,,0.3449999988079071,0.3449999988079071,0.3449999988079071,0.3449999988079071,9500.0
2026-09-23 11:39:00,HHH.V,,5.349999904632568,5.380000114440918,5.349999904632568,5.380000114440918,10200.0
2026-09-23 11:39:00,IRR.V,,1.2999999523162842,1.3300000429153442,1.2999999523162842,1.3300000429153442,22000.0
2026-09-23 11:39:00,LUCA.V,,1.125,1.125,1.125,1.125,729.0
2026-09-23 11:39:00,MKO.V,,14.020000457763672,14.020000457763672,14.020000457763672,14.020000457763672,100.0
2026-09-23 11:39:00,PNG.V,,4.619999885559082,4.619999885559082,4.619999885559082,4.619999885559082,100.0
2026-09-23 11:39:00,TUF.V,,0.8799999952316284,0.8799999952316284,0.8799999952316284,0.8799999952316284,1000.0
2026-09-23 11:40:00,BIG.V,,1.3949999809265137,1.3949999809265137,1.3949999809265137,1.3949999809265137,2000.0
2026-09-23 11:40:00,GAL.V,,0.5699999928474426,0.5699999928474426,0.5699999928474426,0.5699999928474426,1000.0
2026-09-23 11:40:00,GGO.V,,1.159999966621399,1.159999966621399,1.159999966621399,1.159999966621399,900.0
2026-09-23 11:40:00,GWM.V,,0.9300000071525574,0.9300000071525574,0.9300000071525574,0.9300000071525574,4250.0
2026-09-23 11:40:00,LCX.V,,1.8899999856948853,1.8899999856948853,1.8899999856948853,1.8899999856948853,2000.0
2026-09-23 11:40:00,LUCA.V,,1.1299999952316284,1.1299999952316284,1.1299999952316284,1.1299999952316284,100.0
2026-09-23 11:40:00,TUF.V,,0.8799999952316284,0.8799999952316284,0.8799999952316284,0.8799999952316284,1500.0
2026-09-23 11:41:00,GAL.V,,0.5699999928474426,0.5699999928474426,0.5699999928474426,0.5699999928474426,1000.0
2026-09-23 11:41:00,GWM.V,,0.925000011920929,0.925000011920929,0.925000011920929,0.925000011920929,600.0
2026-09-23 11:41:00,KDK.V,,0.75,0.75,0.75,0.75,500.0
2026-09-23 11:41:00,MTT.V,,0.26499998569488525,0.26499998569488525,0.26499998569488525,0.26499998569488525,7500.0
2026-09-23 11:41:00,TUF.V,,0.8899999856948853,0.8899999856948853,0.8799999952316284,0.8799999952316284,7000.0
2026-09-23 11:42:00,GAL.V,,0.5699999928474426,0.5699999928474426,0.5699999928474426,0.5699999928474426,1000.0
2026-09-23 11:42:00,GMG.V,,2.5,2.5,2.5,2.5,5701.0
2026-09-23 11:42:00,IRR.V,,1.2999999523162842,1.309999942779541,1.2999999523162842,1.2999999523162842,2700.0
2026-09-23 11:42:00,LUCA.V,,1.1299999952316284,1.1299999952316284,1.1299999952316284,1.1299999952316284,100.0
2026-09-23 11:42:00,MLP.V,,2.5899999141693115,2.5899999141693115,2.5899999141693115,2.5899999141693115,3131.0
2026-09-23 11:42:00,TUF.V,,0.8899999856948853,0.8899999856948853,0.8849999904632568,0.8849999904632568,1000.0
2026-09-23 11:43:00,FOR.V,,0.8799999952316284,0.8799999952316284,0.8799999952316284,0.8799999952316284,500.0
2026-09-23 11:43:00,GAL.V,,0.5699999928474426,0.5699999928474426,0.5699999928474426,0.5699999928474426,500.0
2026-09-23 11:43:00,GEL.V,,0.10499999672174454,0.10499999672174454,0.10499999672174454,0.10499999672174454,5000.0
2026-09-23 11:43:00,HMR.V,,0.5400000214576721,0.5400000214576721,0.5400000214576721,0.5400000214576721,150000.0
2026-09-23 11:43:00,LUCA.V,,1.125,1.125,1.125,1.125,1600.0
2026-09-23 11:43:00,MKO.V,,14.050000190734863,14.050000190734863,14.050000190734863,14.050000190734863,300.0
2026-09-23 11:43:00,PNG.V,,4.630000114440918,4.630000114440918,4.630000114440918,4.630000114440918,300.0
2026-09-23 11:44:00,GAL.V,,0.5699999928474426,0.5699999928474426,0.5699999928474426,0.5699999928474426,500.0
2026-09-23 11:44:00,GMA.V,,0.25,0.25,0.25,0.25,38000.0
2026-09-23 11:44:00,GOT.V,,1.7400000095367432,1.7400000095367432,1.7400000095367432,1.7400000095367432,103.0
2026-09-23 11:44:00,LRA.V,,4.110000133514404,4.110000133514404,4.099999904632568,4.110000133514404,1705.0
2026-09-23 11:44:00,LUCA.V,,1.125,1.125,1.125,1.125,100.0
2026-09-23 11:44:00,MGM.V,,3.0999999046325684,3.0999999046325684,3.0999999046325684,3.0999999046325684,7500.0
2026-09-23 11:44:00,MTLO.V,,0.009999999776482582,0.009999999776482582,0.009999999776482582,0.009999999776482582,1000.0
2026-09-23 11:44:00,MTT.V,,0.27000001072883606,0.27000001072883606,0.27000001072883606,0.27000001072883606,3000.0
2026-09-23 11:44:00,PNG.V,,4.639999866485596,4.639999866485596,4.639999866485596,4.639999866485596,500.0
2026-09-23 11:45:00,GAL.V,,0.5699999928474426,0.5699999928474426,0.5699999928474426,0.5699999928474426,500.0
2026-09-23 11:45:00,GWM.V,,0.925000011920929,0.925000011920929,0.925000011920929,0.925000011920929,4500.0
2026-09-23 11:45:00,PNG.V,,4.639999866485596,4.639999866485596,4.639999866485596,4.639999866485596,100.0
2026-09-23 11:46:00,GAL.V,,0.5699999928474426,0.5699999928474426,0.5699999928474426,0.5699999928474426,1000.0
2026-09-23 11:46:00,GGO.V,,1.159999966621399,1.159999966621399,1.159999966621399,1.159999966621399,900.0
2026-09-23 11:46:00,GMG.V,,2.4800000190734863,2.4800000190734863,2.4800000190734863,2.4800000190734863,100.0
2026-09-23 11:46:00,GRSL.V,,0.3449999988079071,0.3449999988079071,0.3449999988079071,0.3449999988079071,14500.0
2026-09-23 11:46:00,HMR.V,,0.5400000214576721,0.5400000214576721,0.5400000214576721,0.5400000214576721,1500.0
2026-09-23 11:46:00,KDK.V,,0.7599999904632568,0.7599999904632568,0.7599999904632568,0.7599999904632568,11500.0
2026-09-23 11:46:00,LUCA.V,,1.125,1.125,1.125,1.125,100.0
2026-09-23 11:46:00,LVX.V,,0.5699999928474426,0.5699999928474426,0.5600000023841858,0.5600000023841858,30037.0
2026-09-23 11:46:00,PNG.V,,4.639999866485596,4.639999866485596,4.630000114440918,4.630000114440918,1200.0
2026-09-23 11:47:00,FMAN.V,,0.4000000059604645,0.4000000059604645,0.4000000059604645,0.4000000059604645,2520.0
2026-09-23 11:47:00,FOR.V,,0.8799999952316284,0.8799999952316284,0.8799999952316284,0.8799999952316284,500.0
2026-09-23 11:47:00,FUU.V,,0.13500000536441803,0.13500000536441803,0.13500000536441803,0.13500000536441803,4000.0
2026-09-23 11:47:00,FWZ.V,,3.130000114440918,3.130000114440918,3.130000114440918,3.130000114440918,1400.0
2026-09-23 11:47:00,GAL.V,,0.5699999928474426,0.5699999928474426,0.5699999928474426,0.5699999928474426,500.0
2026-09-23 11:47:00,HMR.V,,0.5400000214576721,0.5400000214576721,0.5400000214576721,0.5400000214576721,3000.0
2026-09-23 11:47:00,MKO.V,,14.050000190734863,14.069999694824219,14.050000190734863,14.069999694824219,700.0
2026-09-23 11:47:00,PNG.V,,4.639999866485596,4.639999866485596,4.630000114440918,4.630000114440918,800.0
2026-09-23 11:47:00,TUF.V,,0.8799999952316284,0.8799999952316284,0.8799999952316284,0.8799999952316284,500.0
2026-09-23 11:48:00,GAL.V,,0.5699999928474426,0.5699999928474426,0.5699999928474426,0.5699999928474426,1000.0
2026-09-23 11:48:00,GGO.V,,1.159999966621399,1.159999966621399,1.159999966621399,1.159999966621399,900.0
2026-09-23 11:48:00,GWM.V,,0.925000011920929,0.925000011920929,0.925000011920929,0.925000011920929,1000.0
2026-09-23 11:48:00,HITI.V,,3.8299999237060547,3.8299999237060547,3.819999933242798,3.819999933242798,900.0
2026-09-23 11:48:00,ITR.V,,3.890000104904175,3.890000104904175,3.890000104904175,3.890000104904175,5000.0
2026-09-23 11:48:00,KDK.V,,0.75,0.75,0.75,0.75,750.0
2026-09-23 11:48:00,MKO.V,,14.050000190734863,14.050000190734863,14.050000190734863,14.050000190734863,100.0
2026-09-23 11:48:00,TUF.V,,0.8799999952316284,0.8799999952316284,0.8799999952316284,0.8799999952316284,1000.0
2026-09-23 11:49:00,GAL.V,,0.5699999928474426,0.5699999928474426,0.5699999928474426,0.5699999928474426,1000.0
2026-09-23 11:49:00,GGO.V,,1.159999966621399,1.159999966621399,1.159999966621399,1.159999966621399,900.0
2026-09-23 11:49:00,GSR.V,,0.42500001192092896,0.4300000071525574,0.42500001192092896,0.4300000071525574,3500.0
2026-09-23 11:49:00,PNG.V,,4.630000114440918,4.630000114440918,4.630000114440918,4.630000114440918,2000.0
2026-09-23 11:49:00,TUF.V,,0.8899999856948853,0.8899999856948853,0.8799999952316284,0.8799999952316284,2000.0
2026-09-23 11:50:00,FWZ.V,,3.119999885559082,3.130000114440918,3.119999885559082,3.130000114440918,1700.0
2026-09-23 11:50:00,GRSL.V,,0.3499999940395355,0.3499999940395355,0.3499999940395355,0.3499999940395355,500.0
2026-09-23 11:50:00,LUCA.V,,1.125,1.125,1.125,1.125,800.0
2026-09-23 11:50:00,MKO.V,,14.039999961853027,14.039999961853027,14.039999961853027,14.039999961853027,100.0
2026-09-23 11:50:00,MTT.V,,0.2750000059604645,0.2750000059604645,0.2750000059604645,0.2750000059604645,2000.0
2026-09-23 11:50:00,TUF.V,,0.8799999952316284,0.8799999952316284,0.8799999952316284,0.8799999952316284,1000.0
2026-09-23 11:51:00,GAL.V,,0.5699999928474426,0.5699999928474426,0.5699999928474426,0.5699999928474426,500.0
2026-09-23 11:51:00,GEL.V,,0.10499999672174454,0.10499999672174454,0.10499999672174454,0.10499999672174454,15000.0
2026-09-23 11:51:00,GRDM.V,,0.13500000536441803,0.13500000536441803,0.13500000536441803,0.13500000536441803,2000.0
2026-09-23 11:51:00,GRSL.V,,0.3499999940395355,0.3499999940395355,0.3449999988079071,0.3449999988079071,1500.0
2026-09-23 11:51:00,GWM.V,,0.9200000166893005,0.9300000071525574,0.9200000166893005,0.9300000071525574,4500.0
2026-09-23 11:51:00,MTA.V,,14.079999923706055,14.079999923706055,14.079999923706055,14.079999923706055,100.0
2026-09-23 11:51:00,TUF.V,,0.8799999952316284,0.8799999952316284,0.8799999952316284,0.8799999952316284,22000.0
2026-09-23 11:52:00,EPF.V,,0.36500000953674316,0.36500000953674316,0.36500000953674316,0.36500000953674316,1500.0
2026-09-23 11:52:00,FOR.V,,0.8799999952316284,0.8799999952316284,0.8799999952316284,0.8799999952316284,500.0
2026-09-23 11:52:00,FWZ.V,,3.130000114440918,3.130000114440918,3.130000114440918,3.130000114440918,1000.0
2026-09-23 11:52:00,GWM.V,,0.9200000166893005,0.9200000166893005,0.9200000166893005,0.9200000166893005,6500.0
2026-09-23 11:52:00,HPQ.V,,0.14499999582767487,0.14499999582767487,0.14499999582767487,0.14499999582767487,96000.0
2026-09-23 11:52:00,PNG.V,,4.619999885559082,4.630000114440918,4.619999885559082,4.619999885559082,10820.0
2026-09-23 11:52:00,TUF.V,,0.8799999952316284,0.8799999952316284,0.8799999952316284,0.8799999952316284,1000.0
2026-09-23 11:53:00,GGO.V,,1.159999966621399,1.159999966621399,1.159999966621399,1.159999966621399,1000.0
2026-09-23 11:53:00,GLDN.V,,0.09000000357627869,0.09000000357627869,0.09000000357627869,0.09000000357627869,45309.0
2026-09-23 11:53:00,GRSL.V,,0.3499999940395355,0.3499999940395355,0.3499999940395355,0.3499999940395355,500.0
2026-09-23 11:53:00,GWM.V,,0.9200000166893005,0.9200000166893005,0.9200000166893005,0.9200000166893005,24030.0
2026-09-23 11:53:00,HI.V,,0.1599999964237213,0.1599999964237213,0.1599999964237213,0.1599999964237213,3000.0
2026-09-23 11:53:00,ITR.V,,3.880000114440918,3.880000114440918,3.880000114440918,3.880000114440918,400.0
2026-09-23 11:54:00,HITI.V,,3.7899999618530273,3.809999942779541,3.7899999618530273,3.809999942779541,5700.0
2026-09-23 11:54:00,HMR.V,,0.5400000214576721,0.5400000214576721,0.5400000214576721,0.5400000214576721,29500.0
2026-09-23 11:54:00,KTN.V,,1.190000057220459,1.190000057220459,1.190000057220459,1.190000057220459,9100.0
2026-09-23 11:54:00,LUCA.V,,1.1200000047683716,1.125,1.1200000047683716,1.1200000047683716,6904.0
2026-09-23 11:54:00,MTA.V,,14.109999656677246,14.109999656677246,14.109999656677246,14.109999656677246,200.0
2026-09-23 11:55:00,GOT.V,,1.7400000095367432,1.7400000095367432,1.7400000095367432,1.7400000095367432,7800.0
2026-09-23 11:55:00,GRSL.V,,0.3499999940395355,0.3499999940395355,0.3499999940395355,0.3499999940395355,500.0
2026-09-23 11:55:00,GSI.V,,1.7000000476837158,1.7000000476837158,1.7000000476837158,1.7000000476837158,4975.0
2026-09-23 11:55:00,LUCA.V,,1.1299999952316284,1.1299999952316284,1.1200000047683716,1.125,58900.0
2026-09-23 11:56:00,EPF.V,,0.36500000953674316,0.36500000953674316,0.36500000953674316,0.36500000953674316,1000.0
2026-09-23 11:56:00,GGO.V,,1.159999966621399,1.159999966621399,1.159999966621399,1.159999966621399,1000.0
2026-09-23 11:56:00,GMG.V,,2.4700000286102295,2.5,2.4700000286102295,2.4700000286102295,5400.0
2026-09-23 11:56:00,GOT.V,,1.7400000095367432,1.7400000095367432,1.7400000095367432,1.7400000095367432,100.0
2026-09-23 11:56:00,GRSL.V,,0.3499999940395355,0.3499999940395355,0.3499999940395355,0.3499999940395355,500.0
2026-09-23 11:56:00,GRZ.V,,6.920000076293945,6.920000076293945,6.920000076293945,6.920000076293945,9000.0
2026-09-23 11:56:00,GWM.V,,0.9200000166893005,0.9200000166893005,0.9200000166893005,0.9200000166893005,20250.0
2026-09-23 11:56:00,HITI.V,,3.7899999618530273,3.7899999618530273,3.7899999618530273,3.7899999618530273,500.0
2026-09-23 11:56:00,KRY.V,,3.640000104904175,3.640000104904175,3.640000104904175,3.640000104904175,300.0
2026-09-23 11:57:00,FOR.V,,0.8899999856948853,0.8899999856948853,0.8899999856948853,0.8899999856948853,500.0
2026-09-23 11:57:00,FUU.V,,0.12999999523162842,0.12999999523162842,0.12999999523162842,0.12999999523162842,30000.0
2026-09-23 11:57:00,GMG.V,,2.4800000190734863,2.4800000190734863,2.4700000286102295,2.4700000286102295,500.0
2026-09-23 11:57:00,GRZ.V,,6.96999979019165,6.96999979019165,6.920000076293945,6.920000076293945,1700.0
2026-09-23 11:57:00,GWM.V,,0.9200000166893005,0.9200000166893005,0.9200000166893005,0.9200000166893005,9000.0
2026-09-23 11:57:00,LUCA.V,,1.1299999952316284,1.1299999952316284,1.1299999952316284,1.1299999952316284,100.0
2026-09-23 11:58:00,BIG.V,,1.409999966621399,1.409999966621399,1.399999976158142,1.399999976158142,8400.0
2026-09-23 11:58:00,EPF.V,,0.36500000953674316,0.36500000953674316,0.36500000953674316,0.36500000953674316,500.0
2026-09-23 11:58:00,GGO.V,,1.159999966621399,1.159999966621399,1.159999966621399,1.159999966621399,3300.0
2026-09-23 11:58:00,GRSL.V,,0.3499999940395355,0.3499999940395355,0.3499999940395355,0.3499999940395355,500.0
2026-09-23 11:58:00,GRZ.V,,6.96999979019165,6.96999979019165,6.96999979019165,6.96999979019165,15500.0
2026-09-23 11:58:00,KLD.V,,2.259999990463257,2.259999990463257,2.259999990463257,2.259999990463257,1100.0
2026-09-23 11:58:00,KRY.V,,3.630000114440918,3.630000114440918,3.630000114440918,3.630000114440918,200.0
2026-09-23 11:58:00,PNG.V,,4.630000114440918,4.630000114440918,4.630000114440918,4.630000114440918,100.0
2026-09-23 11:58:00,TUF.V,,0.8799999952316284,0.8799999952316284,0.8799999952316284,0.8799999952316284,1500.0
2026-09-23 11:59:00,LUCA.V,,1.1299999952316284,1.1299999952316284,1.1299999952316284,1.1299999952316284,100.0
2026-09-23 11:59:00,PNG.V,,4.614999771118164,4.619999885559082,4.614999771118164,4.619999885559082,789.0
2026-09-23 11:59:00,TUF.V,,0.8799999952316284,0.8799999952316284,0.8799999952316284,0.8799999952316284,1000.0
2026-09-23 12:00:00,GEL.V,,0.10999999940395355,0.10999999940395355,0.10999999940395355,0.10999999940395355,37000.0
2026-09-23 12:00:00,GMG.V,,2.5,2.5,2.5,2.5,200.0
2026-09-23 12:00:00,GRSL.V,,0.3499999940395355,0.3499999940395355,0.3499999940395355,0.3499999940395355,500.0
2026-09-23 12:00:00,HITI.V,,3.799999952316284,3.799999952316284,3.799999952316284,3.799999952316284,300.0
2026-09-23 12:00:00,KNG.V,,1.1100000143051147,1.1100000143051147,1.1100000143051147,1.1100000143051147,100.0
2026-09-23 12:00:00,MGM.V,,3.059999942779541,3.059999942779541,3.059999942779541,3.059999942779541,1200.0
2026-09-23 12:00:00,PNG.V,,4.610000133514404,4.610000133514404,4.610000133514404,4.610000133514404,200.0
2026-09-23 12:00:00,TUF.V,,0.8799999952316284,0.8799999952316284,0.8799999952316284,0.8799999952316284,1000.0
2026-09-23 12:01:00,FOR.V,,0.8899999856948853,0.8899999856948853,0.8899999856948853,0.8899999856948853,500.0
2026-09-23 12:01:00,GG.V,,3.0199999809265137,3.0199999809265137,3.009999990463257,3.009999990463257,200.0
2026-09-23 12:01:00,KLDC.V,,0.3799999952316284,0.3799999952316284,0.3799999952316284,0.3799999952316284,500.0
2026-09-23 12:01:00,LUCA.V,,1.1299999952316284,1.1299999952316284,1.1299999952316284,1.1299999952316284,100.0
2026-09-23 12:01:00,MKO.V,,14.029999732971191,14.029999732971191,14.029999732971191,14.029999732971191,500.0
2026-09-23 12:01:00,PNG.V,,4.610000133514404,4.610000133514404,4.610000133514404,4.610000133514404,400.0
2026-09-23 12:01:00,TUF.V,,0.8799999952316284,0.8799999952316284,0.8799999952316284,0.8799999952316284,500.0
2026-09-23 12:02:00,BIG.V,,1.409999966621399,1.409999966621399,1.399999976158142,1.409999966621399,89100.0
2026-09-23 12:02:00,FDR.V,,6.579999923706055,6.579999923706055,6.579999923706055,6.579999923706055,1100.0
2026-09-23 12:02:00,FUU.V,,0.12999999523162842,0.12999999523162842,0.12999999523162842,0.12999999523162842,7000.0
2026-09-23 12:02:00,FWZ.V,,3.130000114440918,3.130000114440918,3.130000114440918,3.130000114440918,300.0
2026-09-23 12:02:00,GGO.V,,1.159999966621399,1.159999966621399,1.159999966621399,1.159999966621399,15000.0
2026-09-23 12:02:00,GMG.V,,2.5299999713897705,2.5299999713897705,2.490000009536743,2.490000009536743,9950.0
2026-09-23 12:02:00,GRSL.V,,0.3499999940395355,0.3499999940395355,0.3499999940395355,0.3499999940395355,500.0
2026-09-23 12:02:00,HMR.V,,0.5400000214576721,0.5400000214576721,0.5400000214576721,0.5400000214576721,2000.0
2026-09-23 12:02:00,KDK.V,,0.75,0.75,0.75,0.75,3000.0
2026-09-23 12:02:00,MRVL.V,,0.14499999582767487,0.14499999582767487,0.14499999582767487,0.14499999582767487,1500.0
2026-09-23 12:02:00,PNG.V,,4.610000133514404,4.619999885559082,4.610000133514404,4.610000133514404,400.0
2026-09-23 12:03:00,BIG.V,,1.409999966621399,1.409999966621399,1.409999966621399,1.409999966621399,2100.0
2026-09-23 12:03:00,EPF.V,,0.36500000953674316,0.36500000953674316,0.36500000953674316,0.36500000953674316,1500.0
2026-09-23 12:03:00,FDR.V,,6.619999885559082,6.619999885559082,6.599999904632568,6.599999904632568,1700.0
2026-09-23 12:03:00,GMG.V,,2.549999952316284,2.549999952316284,2.5350000858306885,2.549999952316284,3500.0
2026-09-23 12:03:00,GOT.V,,1.7400000095367432,1.7400000095367432,1.7400000095367432,1.7400000095367432,1500.0
2026-09-23 12:03:00,GRSL.V,,0.3499999940395355,0.3499999940395355,0.3499999940395355,0.3499999940395355,500.0
2026-09-23 12:03:00,HITI.V,,3.799999952316284,3.799999952316284,3.799999952316284,3.799999952316284,100.0
2026-09-23 12:03:00,KLDC.V,,0.375,0.375,0.375,0.375,500.0
2026-09-23 12:03:00,LUCA.V,,1.125,1.125,1.1200000047683716,1.125,5600.0
2026-09-23 12:03:00,PNG.V,,4.610000133514404,4.610000133514404,4.610000133514404,4.610000133514404,100.0
2026-09-23 12:04:00,BIG.V,,1.409999966621399,1.409999966621399,1.409999966621399,1.409999966621399,3000.0
2026-09-23 12:04:00,FWZ.V,,3.119999885559082,3.119999885559082,3.119999885559082,3.119999885559082,2011.0
2026-09-23 12:04:00,GMG.V,,2.569999933242798,2.569999933242798,2.559999942779541,2.559999942779541,900.0
2026-09-23 12:04:00,GRSL.V,,0.3449999988079071,0.3449999988079071,0.3449999988079071,0.3449999988079071,500.0
2026-09-23 12:04:00,KLDC.V,,0.3700000047683716,0.3700000047683716,0.3700000047683716,0.3700000047683716,19000.0
2026-09-23 12:04:00,MKO.V,,14.010000228881836,14.010000228881836,14.010000228881836,14.010000228881836,540.0
2026-09-23 12:04:00,PNG.V,,4.619999885559082,4.619999885559082,4.619999885559082,4.619999885559082,900.0
2026-09-23 12:05:00,FAIR.V,,0.05000000074505806,0.05000000074505806,0.05000000074505806,0.05000000074505806,1000.0
2026-09-23 12:05:00,LUCA.V,,1.1299999952316284,1.1299999952316284,1.125,1.125,23300.0
2026-09-23 12:06:00,FOR.V,,0.8899999856948853,0.8899999856948853,0.8899999856948853,0.8899999856948853,500.0
2026-09-23 12:06:00,GEL.V,,0.10999999940395355,0.10999999940395355,0.10999999940395355,0.10999999940395355,35000.0
2026-09-23 12:06:00,HMR.V,,0.5400000214576721,0.5400000214576721,0.5400000214576721,0.5400000214576721,2500.0
2026-09-23 12:06:00,IPT.V,,0.28999999165534973,0.28999999165534973,0.28999999165534973,0.28999999165534973,7500.0
2026-09-23 12:06:00,LMS.V,,0.23000000417232513,0.23000000417232513,0.23000000417232513,0.23000000417232513,53000.0
2026-09-23 12:06:00,TUF.V,,0.8799999952316284,0.8799999952316284,0.8799999952316284,0.8799999952316284,16000.0
2026-09-23 12:07:00,FMAN.V,,0.38999998569488525,0.38999998569488525,0.38999998569488525,0.38999998569488525,2500.0
2026-09-23 12:07:00,GFG.V,,0.22499999403953552,0.22499999403953552,0.22499999403953552,0.22499999403953552,4600.0
2026-09-23 12:07:00,GSR.V,,0.4300000071525574,0.4300000071525574,0.4300000071525574,0.4300000071525574,1000.0
2026-09-23 12:07:00,GWM.V,,0.9100000262260437,0.9150000214576721,0.9100000262260437,0.9150000214576721,45464.0
2026-09-23 12:07:00,HMR.V,,0.5400000214576721,0.5400000214576721,0.5400000214576721,0.5400000214576721,8000.0
2026-09-23 12:07:00,ITR.V,,3.880000114440918,3.880000114440918,3.880000114440918,3.880000114440918,2900.0
2026-09-23 12:07:00,LUCA.V,,1.1299999952316284,1.1299999952316284,1.1299999952316284,1.1299999952316284,100.0
2026-09-23 12:07:00,MKO.V,,14.029999732971191,14.029999732971191,14.029999732971191,14.029999732971191,200.0
2026-09-23 12:07:00,TUF.V,,0.8799999952316284,0.8799999952316284,0.8799999952316284,0.8799999952316284,1500.0
2026-09-23 12:08:00,GAL.V,,0.5600000023841858,0.5600000023841858,0.5600000023841858,0.5600000023841858,22000.0
2026-09-23 12:08:00,GEL.V,,0.10999999940395355,0.10999999940395355,0.10999999940395355,0.10999999940395355,27000.0
2026-09-23 12:08:00,GMG.V,,2.549999952316284,2.549999952316284,2.549999952316284,2.549999952316284,100.0
2026-09-23 12:08:00,GRSL.V,,0.3499999940395355,0.3499999940395355,0.3499999940395355,0.3499999940395355,500.0
2026-09-23 12:08:00,GWM.V,,0.9100000262260437,0.9100000262260437,0.9100000262260437,0.9100000262260437,4000.0
2026-09-23 12:08:00,PNG.V,,4.599999904632568,4.614999771118164,4.599999904632568,4.610000133514404,7700.0
2026-09-23 12:08:00,TUF.V,,0.8799999952316284,0.8899999856948853,0.8799999952316284,0.8899999856948853,1000.0
2026-09-23 12:09:00,BIG.V,,1.409999966621399,1.409999966621399,1.409999966621399,1.409999966621399,1100.0
2026-09-23 12:09:00,FWZ.V,,3.130000114440918,3.130000114440918,3.130000114440918,3.130000114440918,2700.0
2026-09-23 12:09:00,GGO.V,,1.1699999570846558,1.1699999570846558,1.1699999570846558,1.1699999570846558,5000.0
2026-09-23 12:09:00,GMG.V,,2.5299999713897705,2.549999952316284,2.5299999713897705,2.549999952316284,1100.0
2026-09-23 12:09:00,LUCA.V,,1.1299999952316284,1.1299999952316284,1.1299999952316284,1.1299999952316284,100.0
2026-09-23 12:09:00,PNG.V,,4.599999904632568,4.610000133514404,4.599999904632568,4.599999904632568,16200.0
2026-09-23 12:09:00,ZNG.V,,0.8199999928474426,0.8199999928474426,0.8199999928474426,0.8199999928474426,2000.0
2026-09-23 12:10:00,BIG.V,,1.4049999713897705,1.4049999713897705,1.4049999713897705,1.4049999713897705,100.0
2026-09-23 12:10:00,FWZ.V,,3.1500000953674316,3.1500000953674316,3.140000104904175,3.140000104904175,4100.0
2026-09-23 12:10:00,GMG.V,,2.5399999618530273,2.5399999618530273,2.5399999618530273,2.5399999618530273,200.0
2026-09-23 12:10:00,GOT.V,,1.75,1.75,1.75,1.75,10600.0
2026-09-23 12:10:00,LCX.V,,1.8799999952316284,1.8799999952316284,1.8799999952316284,1.8799999952316284,700.0
2026-09-23 12:10:00,LSTR.V,,0.07500000298023224,0.07500000298023224,0.07500000298023224,0.07500000298023224,2000.0
2026-09-23 12:10:00,LUCA.V,,1.1299999952316284,1.1299999952316284,1.1299999952316284,1.1299999952316284,100.0
2026-09-23 12:10:00,PNG.V,,4.599999904632568,4.599999904632568,4.599999904632568,4.599999904632568,1800.0
2026-09-23 12:11:00,FOR.V,,0.8899999856948853,0.8899999856948853,0.8899999856948853,0.8899999856948853,500.0
2026-09-23 12:11:00,GOT.V,,1.7599999904632568,1.7599999904632568,1.75,1.75,3100.0
2026-09-23 12:11:00,HITI.V,,3.819999933242798,3.819999933242798,3.819999933242798,3.819999933242798,700.0
2026-09-23 12:11:00,HMR.V,,0.5400000214576721,0.5400000214576721,0.5400000214576721,0.5400000214576721,12000.0
2026-09-23 12:11:00,IPT.V,,0.28999999165534973,0.28999999165534973,0.28999999165534973,0.28999999165534973,13000.0
2026-09-23 12:11:00,LUCA.V,,1.1299999952316284,1.1299999952316284,1.1299999952316284,1.1299999952316284,300.0
2026-09-23 12:11:00,PNG.V,,4.590000152587891,4.599999904632568,4.590000152587891,4.599999904632568,6178.0
2026-09-23 12:11:00,TUF.V,,0.8899999856948853,0.8899999856948853,0.8899999856948853,0.8899999856948853,500.0
2026-09-23 12:12:00,BIG.V,,1.4049999713897705,1.4049999713897705,1.4049999713897705,1.4049999713897705,100.0
2026-09-23 12:12:00,GRSL.V,,0.3499999940395355,0.3499999940395355,0.3499999940395355,0.3499999940395355,500.0
2026-09-23 12:12:00,ITR.V,,3.9000000953674316,3.9000000953674316,3.9000000953674316,3.9000000953674316,800.0
2026-09-23 12:13:00,GOT.V,,1.75,1.75,1.75,1.75,100.0
2026-09-23 12:13:00,HAN.V,,0.6899999976158142,0.6899999976158142,0.6899999976158142,0.6899999976158142,0.0
2026-09-23 12:13:00,IRO.V,,1.149999976158142,1.149999976158142,1.149999976158142,1.149999976158142,0.0
2026-09-23 12:13:00,KLDC.V,,0.375,0.375,0.375,0.375,1053.0
2026-09-23 12:13:00,LUCA.V,,1.1299999952316284,1.1299999952316284,1.1299999952316284,1.1299999952316284,100.0
2026-09-23 12:13:00,PNG.V,,4.590000152587891,4.590000152587891,4.590000152587891,4.590000152587891,100.0
2026-09-23 12:13:00,TUF.V,,0.8899999856948853,0.8899999856948853,0.8899999856948853,0.8899999856948853,500.0
2026-09-23 12:14:00,BIG.V,,1.409999966621399,1.409999966621399,1.409999966621399,1.409999966621399,3200.0
2026-09-23 12:14:00,GOT.V,,1.75,1.75,1.75,1.75,100.0
2026-09-23 12:14:00,GWM.V,,0.9100000262260437,0.9200000166893005,0.9100000262260437,0.9200000166893005,18500.0
2026-09-23 12:14:00,ITR.V,,3.9000000953674316,3.9000000953674316,3.9000000953674316,3.9000000953674316,200.0
2026-09-23 12:14:00,KDK.V,,0.7400000095367432,0.7400000095367432,0.7400000095367432,0.7400000095367432,500.0
2026-09-23 12:14:00,LUCA.V,,1.1299999952316284,1.1299999952316284,1.1299999952316284,1.1299999952316284,100.0
2026-09-23 12:14:00,PNG.V,,4.590000152587891,4.590000152587891,4.590000152587891,4.590000152587891,300.0
2026-09-23 12:15:00,GWM.V,,0.8999999761581421,0.9100000262260437,0.8999999761581421,0.9100000262260437,27510.0
2026-09-23 12:15:00,IPT.V,,0.29249998927116394,0.29249998927116394,0.29249998927116394,0.29249998927116394,1500.0
2026-09-23 12:15:00,LUCA.V,,1.1299999952316284,1.1299999952316284,1.1299999952316284,1.1299999952316284,100.0
2026-09-23 12:15:00,MKO.V,,14.039999961853027,14.050000190734863,14.039999961853027,14.050000190734863,200.0
2026-09-23 12:15:00,PNG.V,,4.579999923706055,4.599999904632568,4.579999923706055,4.579999923706055,3200.0
2026-09-23 12:16:00,FOR.V,,0.8899999856948853,0.8899999856948853,0.8899999856948853,0.8899999856948853,500.0
2026-09-23 12:16:00,GSI.V,,1.7000000476837158,1.7000000476837158,1.7000000476837158,1.7000000476837158,700.0
2026-09-23 12:16:00,GWM.V,,0.8949999809265137,0.8949999809265137,0.8949999809265137,0.8949999809265137,1500.0
2026-09-23 12:16:00,HITI.V,,3.819999933242798,3.819999933242798,3.819999933242798,3.819999933242798,700.0
2026-09-23 12:16:00,KCC.V,,1.059999942779541,1.059999942779541,1.0499999523162842,1.0499999523162842,3600.0
2026-09-23 12:16:00,PNG.V,,4.579999923706055,4.579999923706055,4.579999923706055,4.579999923706055,400.0
2026-09-23 12:16:00,TUF.V,,0.8849999904632568,0.8849999904632568,0.8849999904632568,0.8849999904632568,1000.0
2026-09-23 12:17:00,FWZ.V,,3.1549999713897705,3.1600000858306885,3.1549999713897705,3.1600000858306885,3900.0
2026-09-23 12:17:00,GMG.V,,2.5399999618530273,2.5399999618530273,2.5399999618530273,2.5399999618530273,900.0
2026-09-23 12:17:00,GRD.V,,0.07500000298023224,0.07500000298023224,0.06499999761581421,0.06499999761581421,45000.0
2026-09-23 12:17:00,GRSL.V,,0.3499999940395355,0.3499999940395355,0.3499999940395355,0.3499999940395355,500.0
2026-09-23 12:17:00,GWM.V,,0.8999999761581421,0.8999999761581421,0.8999999761581421,0.8999999761581421,5000.0
2026-09-23 12:17:00,LUCA.V,,1.125,1.1299999952316284,1.125,1.1299999952316284,1273.0
2026-09-23 12:17:00,MTLO.V,,0.004999999888241291,0.004999999888241291,0.004999999888241291,0.004999999888241291,29000.0
2026-09-23 12:17:00,PNG.V,,4.590000152587891,4.590000152587891,4.579999923706055,4.579999923706055,400.0
2026-09-23 12:18:00,FG.V,,0.029999999329447746,0.029999999329447746,0.029999999329447746,0.029999999329447746,1000.0
2026-09-23 12:18:00,GMG.V,,2.5399999618530273,2.549999952316284,2.5399999618530273,2.549999952316284,2600.0
2026-09-23 12:18:00,HPQ.V,,0.14499999582767487,0.14499999582767487,0.14499999582767487,0.14499999582767487,150105.0
2026-09-23 12:18:00,INTR.V,,0.8700000047683716,0.8700000047683716,0.8700000047683716,0.8700000047683716,500.0
2026-09-23 12:18:00,MRVL.V,,0.15000000596046448,0.15000000596046448,0.15000000596046448,0.15000000596046448,5000.0
2026-09-23 12:18:00,PNG.V,,4.579999923706055,4.579999923706055,4.579999923706055,4.579999923706055,400.0
2026-09-23 12:19:00,FWZ.V,,3.1700000762939453,3.1700000762939453,3.1700000762939453,3.1700000762939453,200.0
2026-09-23 12:19:00,KLD.V,,2.259999990463257,2.259999990463257,2.259999990463257,2.259999990463257,300.0
2026-09-23 12:19:00,KRY.V,,3.6600000858306885,3.6600000858306885,3.6600000858306885,3.6600000858306885,100.0
2026-09-23 12:19:00,LUCA.V,,1.125,1.1299999952316284,1.125,1.1299999952316284,1000.0
2026-09-23 12:19:00,MGM.V,,3.109999895095825,3.109999895095825,3.109999895095825,3.109999895095825,200.0
2026-09-23 12:19:00,MKO.V,,14.050000190734863,14.050000190734863,14.050000190734863,14.050000190734863,100.0
2026-09-23 12:19:00,PNG.V,,4.579999923706055,4.579999923706055,4.579999923706055,4.579999923706055,500.0
2026-09-23 12:20:00,BIG.V,,1.409999966621399,1.409999966621399,1.409999966621399,1.409999966621399,500.0
2026-09-23 12:20:00,EVGN.V,,0.5600000023841858,0.5600000023841858,0.5600000023841858,0.5600000023841858,3000.0
2026-09-23 12:20:00,FMS.V,,0.42500001192092896,0.42500001192092896,0.42500001192092896,0.42500001192092896,1500.0
2026-09-23 12:20:00,FWZ.V,,3.1700000762939453,3.1700000762939453,3.1700000762939453,3.1700000762939453,300.0
2026-09-23 12:20:00,GWM.V,,0.9100000262260437,0.9100000262260437,0.9100000262260437,0.9100000262260437,500.0
2026-09-23 12:20:00,ITR.V,,3.9000000953674316,3.9000000953674316,3.890000104904175,3.890000104904175,2200.0
2026-09-23 12:20:00,KNG.V,,1.1100000143051147,1.1100000143051147,1.1100000143051147,1.1100000143051147,100.0
2026-09-23 12:20:00,PNG.V,,4.599999904632568,4.599999904632568,4.579999923706055,4.579999923706055,800.0
2026-09-23 12:20:00,TUF.V,,0.8799999952316284,0.8799999952316284,0.8799999952316284,0.8799999952316284,500.0
2026-09-23 12:21:00,FOR.V,,0.8899999856948853,0.8899999856948853,0.8899999856948853,0.8899999856948853,500.0
2026-09-23 12:21:00,FWZ.V,,3.1700000762939453,3.1700000762939453,3.1700000762939453,3.1700000762939453,300.0
2026-09-23 12:21:00,GMG.V,,2.5199999809265137,2.5199999809265137,2.5199999809265137,2.5199999809265137,400.0
2026-09-23 12:21:00,GRSL.V,,0.3499999940395355,0.3499999940395355,0.3499999940395355,0.3499999940395355,500.0
2026-09-23 12:21:00,GWM.V,,0.9200000166893005,0.9200000166893005,0.9100000262260437,0.9100000262260437,22000.0
2026-09-23 12:21:00,LUCA.V,,1.1299999952316284,1.1299999952316284,1.1299999952316284,1.1299999952316284,100.0
2026-09-23 12:21:00,PNG.V,,4.590000152587891,4.590000152587891,4.590000152587891,4.590000152587891,1400.0
2026-09-23 12:21:00,TUF.V,,0.8700000047683716,0.8799999952316284,0.8700000047683716,0.8799999952316284,75502.0
2026-09-23 12:22:00,BIG.V,,1.409999966621399,1.4199999570846558,1.409999966621399,1.409999966621399,13000.0
2026-09-23 12:22:00,FWZ.V,,3.1700000762939453,3.1700000762939453,3.1700000762939453,3.1700000762939453,100.0
2026-09-23 12:22:00,GMG.V,,2.5199999809265137,2.5299999713897705,2.5199999809265137,2.5199999809265137,1500.0
2026-09-23 12:22:00,GWM.V,,0.9200000166893005,0.9200000166893005,0.9200000166893005,0.9200000166893005,500.0
2026-09-23 12:22:00,KCC.V,,1.0499999523162842,1.0499999523162842,1.0499999523162842,1.0499999523162842,100.0
2026-09-23 12:22:00,PNG.V,,4.590000152587891,4.590000152587891,4.579999923706055,4.590000152587891,6201.0
2026-09-23 12:23:00,FWZ.V,,3.1600000858306885,3.1700000762939453,3.1600000858306885,3.1700000762939453,10100.0
2026-09-23 12:23:00,GWM.V,,0.8999999761581421,0.8999999761581421,0.8999999761581421,0.8999999761581421,22107.0
2026-09-23 12:23:00,LGC.V,,3.490000009536743,3.5,3.490000009536743,3.5,875.0
2026-09-23 12:23:00,LUCA.V,,1.1299999952316284,1.1299999952316284,1.1299999952316284,1.1299999952316284,100.0
2026-09-23 12:23:00,PNG.V,,4.579999923706055,4.579999923706055,4.579999923706055,4.579999923706055,200.0
2026-09-23 12:24:00,MKO.V,,14.020000457763672,14.029999732971191,14.020000457763672,14.029999732971191,200.0
2026-09-23 12:24:00,PNG.V,,4.579999923706055,4.579999923706055,4.579999923706055,4.579999923706055,100.0
2026-09-23 12:24:00,TUF.V,,0.8799999952316284,0.8799999952316284,0.8799999952316284,0.8799999952316284,500.0
2026-09-23 12:25:00,FL.V,,0.46000000834465027,0.46000000834465027,0.46000000834465027,0.46000000834465027,3500.0
2026-09-23 12:25:00,FWZ.V,,3.1700000762939453,3.1700000762939453,3.1700000762939453,3.1700000762939453,100.0
2026-09-23 12:25:00,GWM.V,,0.8999999761581421,0.8999999761581421,0.8999999761581421,0.8999999761581421,17500.0
2026-09-23 12:25:00,LUCA.V,,1.125,1.1299999952316284,1.125,1.1299999952316284,400.0
2026-09-23 12:25:00,MLP.V,,2.5999999046325684,2.5999999046325684,2.5999999046325684,2.5999999046325684,292.0
2026-09-23 12:25:00,PNG.V,,4.599999904632568,4.599999904632568,4.579999923706055,4.579999923706055,400.0
2026-09-23 12:25:00,TUF.V,,0.8799999952316284,0.8799999952316284,0.875,0.875,1000.0
2026-09-23 12:26:00,FMS.V,,0.42500001192092896,0.42500001192092896,0.42500001192092896,0.42500001192092896,1000.0
2026-09-23 12:26:00,FOR.V,,0.8899999856948853,0.8899999856948853,0.8899999856948853,0.8899999856948853,500.0
2026-09-23 12:26:00,FWZ.V,,3.1700000762939453,3.1700000762939453,3.1700000762939453,3.1700000762939453,300.0
2026-09-23 12:26:00,GWM.V,,0.8999999761581421,0.8999999761581421,0.8999999761581421,0.8999999761581421,10000.0
2026-09-23 12:26:00,PNG.V,,4.579999923706055,4.590000152587891,4.579999923706055,4.590000152587891,3700.0
2026-09-23 12:26:00,TUF.V,,0.8799999952316284,0.8799999952316284,0.8799999952316284,0.8799999952316284,500.0
2026-09-23 12:27:00,FWZ.V,,3.1700000762939453,3.1700000762939453,3.1700000762939453,3.1700000762939453,400.0
2026-09-23 12:27:00,GGO.V,,1.2000000476837158,1.2000000476837158,1.190000057220459,1.190000057220459,16650.0
2026-09-23 12:27:00,GPAC.V,,0.19499999284744263,0.19499999284744263,0.19499999284744263,0.19499999284744263,25000.0
2026-09-23 12:27:00,GWM.V,,0.8949999809265137,0.8949999809265137,0.8949999809265137,0.8949999809265137,500.0
2026-09-23 12:27:00,KRY.V,,3.640000104904175,3.6600000858306885,3.640000104904175,3.6600000858306885,200.0
2026-09-23 12:27:00,LUCA.V,,1.1299999952316284,1.1299999952316284,1.125,1.125,1000.0
2026-09-23 12:27:00,PNG.V,,4.579999923706055,4.579999923706055,4.579999923706055,4.579999923706055,200.0
2026-09-23 12:27:00,TUF.V,,0.8799999952316284,0.8799999952316284,0.8799999952316284,0.8799999952316284,1000.0
2026-09-23 12:28:00,FWZ.V,,3.1700000762939453,3.1700000762939453,3.1700000762939453,3.1700000762939453,100.0
2026-09-23 12:28:00,GGO.V,,1.2100000381469727,1.2100000381469727,1.2100000381469727,1.2100000381469727,15400.0
2026-09-23 12:28:00,PNG.V,,4.579999923706055,4.579999923706055,4.579999923706055,4.579999923706055,100.0
2026-09-23 12:28:00,TUF.V,,0.8799999952316284,0.8799999952316284,0.8799999952316284,0.8799999952316284,500.0
2026-09-23 12:29:00,FUU.V,,0.12999999523162842,0.12999999523162842,0.12999999523162842,0.12999999523162842,500.0
2026-09-23 12:29:00,FWZ.V,,3.1700000762939453,3.1700000762939453,3.1700000762939453,3.1700000762939453,200.0
2026-09-23 12:29:00,HITI.V,,3.819999933242798,3.819999933242798,3.819999933242798,3.819999933242798,1100.0
2026-09-23 12:29:00,KDK.V,,0.75,0.75,0.75,0.75,2000.0
2026-09-23 12:29:00,LUCA.V,,1.1299999952316284,1.1299999952316284,1.1299999952316284,1.1299999952316284,200.0
2026-09-23 12:29:00,PNG.V,,4.579999923706055,4.579999923706055,4.579999923706055,4.579999923706055,100.0
2026-09-23 12:29:00,TUF.V,,0.8799999952316284,0.8799999952316284,0.8799999952316284,0.8799999952316284,500.0
2026-09-23 12:30:00,FWZ.V,,3.180000066757202,3.180000066757202,3.1700000762939453,3.1700000762939453,400.0
2026-09-23 12:30:00,GWM.V,,0.8999999761581421,0.8999999761581421,0.8999999761581421,0.8999999761581421,14400.0
2026-09-23 12:30:00,HPL.V,,0.3050000071525574,0.3050000071525574,0.3050000071525574,0.3050000071525574,3000.0
2026-09-23 12:30:00,MKO.V,,14.029999732971191,14.029999732971191,14.029999732971191,14.029999732971191,600.0
2026-09-23 12:30:00,PNG.V,,4.599999904632568,4.599999904632568,4.579999923706055,4.590000152587891,400.0
2026-09-23 12:30:00,TUF.V,,0.8799999952316284,0.8799999952316284,0.8799999952316284,0.8799999952316284,1000.0
2026-09-23 12:31:00,FWZ.V,,3.180000066757202,3.180000066757202,3.180000066757202,3.180000066757202,100.0
2026-09-23 12:31:00,LUCA.V,,1.1299999952316284,1.1299999952316284,1.1299999952316284,1.1299999952316284,100.0
2026-09-23 12:31:00,MKO.V,,14.029999732971191,14.029999732971191,14.020000457763672,14.020000457763672,700.0
2026-09-23 12:31:00,PNG.V,,4.599999904632568,4.599999904632568,4.590000152587891,4.590000152587891,2200.0
2026-09-23 12:31:00,TUF.V,,0.8799999952316284,0.8799999952316284,0.8799999952316284,0.8799999952316284,500.0
2026-09-23 12:32:00,FDR.V,,6.639999866485596,6.639999866485596,6.639999866485596,6.639999866485596,100.0
2026-09-23 12:32:00,FWZ.V,,3.1600000858306885,3.180000066757202,3.1600000858306885,3.1700000762939453,847.0
2026-09-23 12:32:00,GMG.V,,2.509999990463257,2.509999990463257,2.509999990463257,2.509999990463257,100.0
2026-09-23 12:32:00,ITR.V,,3.9100000858306885,3.9100000858306885,3.9100000858306885,3.9100000858306885,100.0
2026-09-23 12:32:00,PNG.V,,4.610000133514404,4.610000133514404,4.610000133514404,4.610000133514404,700.0
2026-09-23 12:32:00,TUF.V,,0.8799999952316284,0.8799999952316284,0.8799999952316284,0.8799999952316284,500.0
2026-09-23 12:33:00,BIG.V,,1.409999966621399,1.409999966621399,1.409999966621399,1.409999966621399,2200.0
2026-09-23 12:33:00,GGO.V,,1.2100000381469727,1.2100000381469727,1.2100000381469727,1.2100000381469727,2500.0
2026-09-23 12:33:00,ITR.V,,3.9100000858306885,3.9100000858306885,3.9100000858306885,3.9100000858306885,100.0
2026-09-23 12:33:00,LUCA.V,,1.1299999952316284,1.1299999952316284,1.1299999952316284,1.1299999952316284,100.0
2026-09-23 12:33:00,MKO.V,,14.029999732971191,14.029999732971191,14.029999732971191,14.029999732971191,400.0
2026-09-23 12:33:00,TUF.V,,0.8799999952316284,0.8799999952316284,0.8799999952316284,0.8799999952316284,500.0
2026-09-23 12:34:00,FWZ.V,,3.1700000762939453,3.1700000762939453,3.1600000858306885,3.1600000858306885,200.0
2026-09-23 12:34:00,MKO.V,,14.020000457763672,14.029999732971191,14.020000457763672,14.029999732971191,400.0
2026-09-23 12:34:00,PNG.V,,4.610000133514404,4.614999771118164,4.610000133514404,4.614999771118164,200.0
2026-09-23 12:34:00,TUF.V,,0.8799999952316284,0.8799999952316284,0.8799999952316284,0.8799999952316284,500.0
2026-09-23 12:35:00,FUU.V,,0.12999999523162842,0.12999999523162842,0.12999999523162842,0.12999999523162842,500.0
2026-09-23 12:35:00,GGAU.V,,0.15000000596046448,0.15000000596046448,0.15000000596046448,0.15000000596046448,0.0
2026-09-23 12:35:00,LUCA.V,,1.1299999952316284,1.1299999952316284,1.1299999952316284,1.1299999952316284,100.0
2026-09-23 12:35:00,MGM.V,,3.109999895095825,3.109999895095825,3.109999895095825,3.109999895095825,2000.0
2026-09-23 12:35:00,TUF.V,,0.8799999952316284,0.8799999952316284,0.8799999952316284,0.8799999952316284,500.0
2026-09-23 12:36:00,BIG.V,,1.409999966621399,1.409999966621399,1.409999966621399,1.409999966621399,2400.0
2026-09-23 12:36:00,FDR.V,,6.639999866485596,6.639999866485596,6.639999866485596,6.639999866485596,300.0
2026-09-23 12:36:00,FOR.V,,0.8899999856948853,0.8899999856948853,0.8899999856948853,0.8899999856948853,500.0
2026-09-23 12:36:00,FWZ.V,,3.180000066757202,3.180000066757202,3.180000066757202,3.180000066757202,100.0
2026-09-23 12:36:00,GMG.V,,2.509999990463257,2.509999990463257,2.509999990463257,2.509999990463257,100.0
2026-09-23 12:36:00,GUN.V,,0.8999999761581421,0.8999999761581421,0.8999999761581421,0.8999999761581421,0.0
2026-09-23 12:36:00,GWM.V,,0.9100000262260437,0.9100000262260437,0.9100000262260437,0.9100000262260437,15000.0
2026-09-23 12:36:00,ITR.V,,3.9200000762939453,3.9200000762939453,3.9100000858306885,3.9100000858306885,10600.0
2026-09-23 12:36:00,LUCA.V,,1.125,1.125,1.125,1.125,900.0
2026-09-23 12:36:00,MKO.V,,14.050000190734863,14.050000190734863,14.050000190734863,14.050000190734863,100.0
2026-09-23 12:36:00,PNG.V,,4.590000152587891,4.599999904632568,4.590000152587891,4.599999904632568,2400.0
2026-09-23 12:36:00,TUF.V,,0.8799999952316284,0.8799999952316284,0.8799999952316284,0.8799999952316284,500.0
2026-09-23 12:37:00,BIG.V,,1.409999966621399,1.409999966621399,1.409999966621399,1.409999966621399,3000.0
2026-09-23 12:37:00,FWZ.V,,3.180000066757202,3.190000057220459,3.1700000762939453,3.180000066757202,4000.0
2026-09-23 12:37:00,HHH.V,,5.349999904632568,5.349999904632568,5.349999904632568,5.349999904632568,200.0
2026-09-23 12:37:00,HITI.V,,3.8299999237060547,3.8299999237060547,3.8299999237060547,3.8299999237060547,100.0
2026-09-23 12:37:00,LUCA.V,,1.1299999952316284,1.1299999952316284,1.1299999952316284,1.1299999952316284,100.0
2026-09-23 12:37:00,MKO.V,,14.109999656677246,14.109999656677246,14.109999656677246,14.109999656677246,100.0
2026-09-23 12:37:00,TUF.V,,0.8799999952316284,0.8799999952316284,0.8799999952316284,0.8799999952316284,500.0
2026-09-23 12:38:00,FWZ.V,,3.180000066757202,3.180000066757202,3.180000066757202,3.180000066757202,100.0
2026-09-23 12:38:00,HHH.V,,5.400000095367432,5.400000095367432,5.400000095367432,5.400000095367432,100.0
2026-09-23 12:38:00,HMR.V,,0.5400000214576721,0.5400000214576721,0.5400000214576721,0.5400000214576721,10000.0
2026-09-23 12:38:00,TUF.V,,0.8799999952316284,0.8799999952316284,0.8799999952316284,0.8799999952316284,500.0
2026-09-23 12:39:00,FWZ.V,,3.180000066757202,3.180000066757202,3.180000066757202,3.180000066757202,100.0
2026-09-23 12:39:00,HMR.V,,0.5400000214576721,0.5400000214576721,0.5400000214576721,0.5400000214576721,10000.0
2026-09-23 12:39:00,LUCA.V,,1.1299999952316284,1.1299999952316284,1.1299999952316284,1.1299999952316284,300.0
2026-09-23 12:39:00,PNG.V,,4.599999904632568,4.599999904632568,4.590000152587891,4.590000152587891,1700.0
2026-09-23 12:40:00,FWZ.V,,3.180000066757202,3.180000066757202,3.180000066757202,3.180000066757202,100.0
2026-09-23 12:40:00,GPAC.V,,0.19499999284744263,0.19499999284744263,0.19499999284744263,0.19499999284744263,7200.0
2026-09-23 12:40:00,GWM.V,,0.9200000166893005,0.9200000166893005,0.9200000166893005,0.9200000166893005,37000.0
2026-09-23 12:40:00,KDK.V,,0.7400000095367432,0.7400000095367432,0.7400000095367432,0.7400000095367432,500.0
2026-09-23 12:40:00,TUF.V,,0.8799999952316284,0.8799999952316284,0.8799999952316284,0.8799999952316284,500.0
2026-09-23 12:41:00,FWZ.V,,3.180000066757202,3.180000066757202,3.180000066757202,3.180000066757202,200.0
2026-09-23 12:41:00,GMG.V,,2.509999990463257,2.509999990463257,2.509999990463257,2.509999990463257,100.0
2026-09-23 12:41:00,GWM.V,,0.9300000071525574,0.9300000071525574,0.9300000071525574,0.9300000071525574,10000.0
2026-09-23 12:41:00,LUCA.V,,1.1299999952316284,1.1299999952316284,1.1299999952316284,1.1299999952316284,100.0
2026-09-23 12:42:00,FWZ.V,,3.180000066757202,3.180000066757202,3.180000066757202,3.180000066757202,100.0
2026-09-23 12:42:00,GRD.V,,0.07500000298023224,0.07500000298023224,0.07500000298023224,0.07500000298023224,10000.0
2026-09-23 12:42:00,GWM.V,,0.9399999976158142,0.9399999976158142,0.9300000071525574,0.9300000071525574,39000.0
2026-09-23 12:42:00,KRY.V,,3.630000114440918,3.6700000762939453,3.630000114440918,3.6700000762939453,300.0
2026-09-23 12:42:00,MGM.V,,3.109999895095825,3.109999895095825,3.109999895095825,3.109999895095825,17500.0
2026-09-23 12:42:00,TUF.V,,0.8799999952316284,0.8799999952316284,0.8799999952316284,0.8799999952316284,1500.0
2026-09-23 12:43:00,FWZ.V,,3.180000066757202,3.180000066757202,3.180000066757202,3.180000066757202,200.0
2026-09-23 12:43:00,GWM.V,,0.9399999976158142,0.9399999976158142,0.9399999976158142,0.9399999976158142,1000.0
2026-09-23 12:43:00,TUF.V,,0.8799999952316284,0.8799999952316284,0.8799999952316284,0.8799999952316284,500.0
2026-09-23 12:44:00,FWZ.V,,3.180000066757202,3.180000066757202,3.180000066757202,3.180000066757202,100.0
2026-09-23 12:44:00,HHH.V,,5.480000019073486,5.480000019073486,5.400000095367432,5.400000095367432,5100.0
2026-09-23 12:44:00,HWY.V,,0.7699999809265137,0.7699999809265137,0.7699999809265137,0.7699999809265137,3050.0
2026-09-23 12:44:00,LUCA.V,,1.1299999952316284,1.1299999952316284,1.1299999952316284,1.1299999952316284,200.0
2026-09-23 12:45:00,BIG.V,,1.409999966621399,1.409999966621399,1.409999966621399,1.409999966621399,200.0
2026-09-23 12:45:00,FRNT.V,,0.029999999329447746,0.029999999329447746,0.029999999329447746,0.029999999329447746,50000.0
2026-09-23 12:45:00,FWZ.V,,3.180000066757202,3.180000066757202,3.180000066757202,3.180000066757202,300.0
2026-09-23 12:45:00,GGO.V,,1.2100000381469727,1.2100000381469727,1.2100000381469727,1.2100000381469727,4100.0
2026-09-23 12:45:00,GLDN.V,,0.09000000357627869,0.09000000357627869,0.09000000357627869,0.09000000357627869,68000.0
2026-09-23 12:45:00,GWM.V,,0.9399999976158142,0.9399999976158142,0.9399999976158142,0.9399999976158142,2750.0
2026-09-23 12:45:00,ITR.V,,3.9149999618530273,3.9149999618530273,3.9149999618530273,3.9149999618530273,800.0
2026-09-23 12:45:00,MKO.V,,14.069999694824219,14.069999694824219,14.069999694824219,14.069999694824219,300.0
2026-09-23 12:45:00,MLP.V,,2.5899999141693115,2.5899999141693115,2.5899999141693115,2.5899999141693115,2800.0
2026-09-23 12:45:00,MTA.V,,14.199999809265137,14.199999809265137,14.199999809265137,14.199999809265137,200.0
2026-09-23 12:45:00,PNG.V,,4.590000152587891,4.590000152587891,4.590000152587891,4.590000152587891,1100.0
2026-09-23 12:45:00,TUF.V,,0.8799999952316284,0.8799999952316284,0.8799999952316284,0.8799999952316284,500.0
2026-09-23 12:46:00,FWZ.V,,3.180000066757202,3.180000066757202,3.180000066757202,3.180000066757202,100.0
2026-09-23 12:46:00,GMG.V,,2.509999990463257,2.509999990463257,2.509999990463257,2.509999990463257,100.0
2026-09-23 12:46:00,GRSL.V,,0.3499999940395355,0.3499999940395355,0.3499999940395355,0.3499999940395355,50000.0
2026-09-23 12:46:00,GSI.V,,1.7000000476837158,1.7000000476837158,1.7000000476837158,1.7000000476837158,600.0
2026-09-23 12:46:00,GUN.V,,0.8999999761581421,0.8999999761581421,0.8999999761581421,0.8999999761581421,3000.0
2026-09-23 12:46:00,GWM.V,,0.9449999928474426,0.9449999928474426,0.9399999976158142,0.9399999976158142,1000.0
2026-09-23 12:46:00,LUCA.V,,1.1299999952316284,1.1299999952316284,1.1299999952316284,1.1299999952316284,100.0
2026-09-23 12:46:00,TUF.V,,0.8799999952316284,0.8799999952316284,0.8799999952316284,0.8799999952316284,3500.0
2026-09-23 12:47:00,FMS.V,,0.4300000071525574,0.4300000071525574,0.4300000071525574,0.4300000071525574,3500.0
2026-09-23 12:47:00,FWZ.V,,3.180000066757202,3.180000066757202,3.180000066757202,3.180000066757202,1500.0
2026-09-23 12:47:00,GSI.V,,1.7000000476837158,1.7000000476837158,1.7000000476837158,1.7000000476837158,700.0
2026-09-23 12:47:00,IPT.V,,0.28999999165534973,0.28999999165534973,0.28999999165534973,0.28999999165534973,10000.0
2026-09-23 12:47:00,LUCA.V,,1.1299999952316284,1.1299999952316284,1.1299999952316284,1.1299999952316284,200.0
2026-09-23 12:47:00,MLP.V,,2.5799999237060547,2.5799999237060547,2.5799999237060547,2.5799999237060547,100.0
2026-09-23 12:47:00,TUF.V,,0.8799999952316284,0.8799999952316284,0.8799999952316284,0.8799999952316284,8500.0
2026-09-23 12:48:00,FWZ.V,,3.180000066757202,3.180000066757202,3.180000066757202,3.180000066757202,100.0
2026-09-23 12:48:00,GMG.V,,2.5,2.509999990463257,2.5,2.509999990463257,800.0
2026-09-23 12:48:00,GRSL.V,,0.3499999940395355,0.3499999940395355,0.3499999940395355,0.3499999940395355,5000.0
2026-09-23 12:48:00,LUCA.V,,1.1299999952316284,1.1299999952316284,1.1299999952316284,1.1299999952316284,300.0
2026-09-23 12:48:00,MKO.V,,14.079999923706055,14.079999923706055,14.079999923706055,14.079999923706055,100.0
2026-09-23 12:48:00,PNG.V,,4.599999904632568,4.599999904632568,4.599999904632568,4.599999904632568,1905.0
2026-09-23 12:48:00,TUF.V,,0.8799999952316284,0.8799999952316284,0.8799999952316284,0.8799999952316284,500.0
2026-09-23 12:49:00,GGO.V,,1.2100000381469727,1.2100000381469727,1.2100000381469727,1.2100000381469727,2000.0
2026-09-23 12:49:00,GRSL.V,,0.3499999940395355,0.3499999940395355,0.3499999940395355,0.3499999940395355,10000.0
2026-09-23 12:49:00,LME.V,,0.14499999582767487,0.14499999582767487,0.14499999582767487,0.14499999582767487,0.0
2026-09-23 12:49:00,LUCA.V,,1.1299999952316284,1.1299999952316284,1.1299999952316284,1.1299999952316284,100.0
2026-09-23 12:49:00,TUF.V,,0.8799999952316284,0.8799999952316284,0.8799999952316284,0.8799999952316284,5500.0
2026-09-23 12:50:00,FWZ.V,,3.180000066757202,3.180000066757202,3.180000066757202,3.180000066757202,200.0
2026-09-23 12:50:00,GWM.V,,0.9399999976158142,0.9399999976158142,0.9399999976158142,0.9399999976158142,5500.0
2026-09-23 12:50:00,KNG.V,,1.1100000143051147,1.1100000143051147,1.1100000143051147,1.1100000143051147,100.0
2026-09-23 12:50:00,LUCA.V,,1.1299999952316284,1.1349999904632568,1.1299999952316284,1.1299999952316284,45276.0
2026-09-23 12:50:00,TUF.V,,0.8799999952316284,0.8799999952316284,0.8799999952316284,0.8799999952316284,2730.0
2026-09-23 12:51:00,FWZ.V,,3.180000066757202,3.180000066757202,3.180000066757202,3.180000066757202,100.0
2026-09-23 12:51:00,GWM.V,,0.9399999976158142,0.9399999976158142,0.9399999976158142,0.9399999976158142,2000.0
2026-09-23 12:51:00,LUCA.V,,1.1349999904632568,1.1349999904632568,1.1349999904632568,1.1349999904632568,17400.0
2026-09-23 12:51:00,PNG.V,,4.590000152587891,4.590000152587891,4.590000152587891,4.590000152587891,3022.0
2026-09-23 12:52:00,FWZ.V,,3.180000066757202,3.180000066757202,3.180000066757202,3.180000066757202,100.0
2026-09-23 12:52:00,GGAU.V,,0.15000000596046448,0.15000000596046448,0.15000000596046448,0.15000000596046448,2500.0
2026-09-23 12:52:00,GRSL.V,,0.3499999940395355,0.3499999940395355,0.3499999940395355,0.3499999940395355,500.0
2026-09-23 12:52:00,ITR.V,,3.9100000858306885,3.9100000858306885,3.9100000858306885,3.9100000858306885,800.0
2026-09-23 12:52:00,LUCA.V,,1.1399999856948853,1.1399999856948853,1.1349999904632568,1.1349999904632568,200.0
2026-09-23 12:52:00,MTA.V,,14.170000076293945,14.170000076293945,14.170000076293945,14.170000076293945,100.0
2026-09-23 12:52:00,TUF.V,,0.8899999856948853,0.8899999856948853,0.8899999856948853,0.8899999856948853,500.0
2026-09-23 12:53:00,BIG.V,,1.409999966621399,1.409999966621399,1.409999966621399,1.409999966621399,500.0
2026-09-23 12:53:00,FWZ.V,,3.140000104904175,3.1600000858306885,3.140000104904175,3.1600000858306885,3816.0
2026-09-23 12:53:00,PNG.V,,4.579999923706055,4.579999923706055,4.579999923706055,4.579999923706055,600.0
2026-09-23 12:54:00,HITI.V,,3.819999933242798,3.819999933242798,3.819999933242798,3.819999933242798,1000.0
2026-09-23 12:54:00,LUCA.V,,1.1299999952316284,1.1399999856948853,1.1299999952316284,1.1399999856948853,13900.0
2026-09-23 12:54:00,TUF.V,,0.8899999856948853,0.8899999856948853,0.8899999856948853,0.8899999856948853,500.0
2026-09-23 12:55:00,EQTY.V,,0.11999999731779099,0.11999999731779099,0.11999999731779099,0.11999999731779099,61500.0
2026-09-23 12:55:00,GMG.V,,2.5,2.5,2.5,2.5,217.0
2026-09-23 12:55:00,GWM.V,,0.949999988079071,0.949999988079071,0.949999988079071,0.949999988079071,500.0
2026-09-23 12:55:00,LUCA.V,,1.1299999952316284,1.1299999952316284,1.125,1.125,7000.0
2026-09-23 12:55:00,TUF.V,,0.8899999856948853,0.8899999856948853,0.8899999856948853,0.8899999856948853,500.0
2026-09-23 12:56:00,FHYD.V,,0.3799999952316284,0.3799999952316284,0.375,0.375,9000.0
2026-09-23 12:56:00,FMS.V,,0.4300000071525574,0.4300000071525574,0.4300000071525574,0.4300000071525574,4000.0
2026-09-23 12:56:00,FRI.V,,0.054999999701976776,0.054999999701976776,0.054999999701976776,0.054999999701976776,99000.0
2026-09-23 12:56:00,GEL.V,,0.10499999672174454,0.10999999940395355,0.10499999672174454,0.10999999940395355,53500.0
2026-09-23 12:56:00,GLDN.V,,0.09000000357627869,0.09000000357627869,0.09000000357627869,0.09000000357627869,32000.0
2026-09-23 12:56:00,GWM.V,,0.9399999976158142,0.949999988079071,0.9399999976158142,0.949999988079071,49005.0
2026-09-23 12:56:00,HMR.V,,0.5299999713897705,0.5400000214576721,0.5299999713897705,0.5400000214576721,7000.0
2026-09-23 12:56:00,ICM.V,,0.07000000029802322,0.07000000029802322,0.07000000029802322,0.07000000029802322,8000.0
2026-09-23 12:56:00,IPT.V,,0.29499998688697815,0.29499998688697815,0.29499998688697815,0.29499998688697815,20000.0
2026-09-23 12:56:00,LCX.V,,1.8799999952316284,1.8799999952316284,1.8799999952316284,1.8799999952316284,12300.0
2026-09-23 12:56:00,LUCA.V,,1.1299999952316284,1.1299999952316284,1.1299999952316284,1.1299999952316284,900.0
2026-09-23 12:56:00,MGM.V,,3.119999885559082,3.119999885559082,3.119999885559082,3.119999885559082,200.0
2026-09-23 12:56:00,MIM.V,,0.17000000178813934,0.17499999701976776,0.17000000178813934,0.17499999701976776,14500.0
2026-09-23 12:56:00,MN.V,,0.10000000149011612,0.10000000149011612,0.10000000149011612,0.10000000149011612,0.0
2026-09-23 12:56:00,PNG.V,,4.590000152587891,4.590000152587891,4.590000152587891,4.590000152587891,100.0
2026-09-23 12:56:00,TUF.V,,0.8799999952316284,0.8799999952316284,0.8799999952316284,0.8799999952316284,10500.0
2026-09-23 12:57:00,FWZ.V,,3.1700000762939453,3.1700000762939453,3.1600000858306885,3.1600000858306885,1300.0
2026-09-23 12:57:00,GBML.V,,0.25,0.25,0.24500000476837158,0.25,8000.0
2026-09-23 12:57:00,GRSL.V,,0.3499999940395355,0.3499999940395355,0.3499999940395355,0.3499999940395355,500.0
2026-09-23 12:57:00,GWM.V,,0.9399999976158142,0.9399999976158142,0.9399999976158142,0.9399999976158142,2000.0
2026-09-23 12:57:00,KIP.V,,0.20999999344348907,0.20999999344348907,0.20999999344348907,0.20999999344348907,22116.0
2026-09-23 12:57:00,LUCA.V,,1.1299999952316284,1.1299999952316284,1.1299999952316284,1.1299999952316284,200.0
2026-09-23 12:57:00,TUF.V,,0.8899999856948853,0.8899999856948853,0.8899999856948853,0.8899999856948853,500.0
2026-09-23 12:58:00,FWZ.V,,3.1700000762939453,3.1700000762939453,3.1700000762939453,3.1700000762939453,200.0
2026-09-23 12:58:00,GSI.V,,1.690000057220459,1.690000057220459,1.690000057220459,1.690000057220459,2000.0
2026-09-23 12:58:00,ITR.V,,3.9200000762939453,3.9200000762939453,3.9200000762939453,3.9200000762939453,1300.0
2026-09-23 12:58:00,KDK.V,,0.7400000095367432,0.7400000095367432,0.7400000095367432,0.7400000095367432,500.0
2026-09-23 12:58:00,LUCA.V,,1.1299999952316284,1.1299999952316284,1.1299999952316284,1.1299999952316284,300.0
2026-09-23 12:58:00,PNG.V,,4.590000152587891,4.590000152587891,4.590000152587891,4.590000152587891,200.0
2026-09-23 12:58:00,TUF.V,,0.8799999952316284,0.8799999952316284,0.8799999952316284,0.8799999952316284,500.0
2026-09-23 12:59:00,BIG.V,,1.4049999713897705,1.4049999713897705,1.4049999713897705,1.4049999713897705,500.0
2026-09-23 12:59:00,FWZ.V,,3.1600000858306885,3.1700000762939453,3.1600000858306885,3.1700000762939453,400.0
2026-09-23 12:59:00,LUCA.V,,1.1299999952316284,1.1299999952316284,1.1299999952316284,1.1299999952316284,700.0
2026-09-23 12:59:00,PNG.V,,4.579999923706055,4.579999923706055,4.579999923706055,4.579999923706055,100.0
2026-09-23 12:59:00,TUF.V,,0.8899999856948853,0.8899999856948853,0.8899999856948853,0.8899999856948853,600.0
2026-09-23 13:00:00,EQTY.V,,0.11500000208616257,0.11749999970197678,0.11500000208616257,0.11749999970197678,20500.0
2026-09-23 13:00:00,FTEC.V,,0.02500000037252903,0.02500000037252903,0.02500000037252903,0.02500000037252903,71000.0
2026-09-23 13:00:00,FWZ.V,,3.1700000762939453,3.1700000762939453,3.1700000762939453,3.1700000762939453,700.0
2026-09-23 13:00:00,GLDN.V,,0.09000000357627869,0.09000000357627869,0.09000000357627869,0.09000000357627869,50000.0
2026-09-23 13:00:00,GPG.V,,0.32499998807907104,0.32499998807907104,0.32499998807907104,0.32499998807907104,500.0
2026-09-23 13:00:00,GRSL.V,,0.3499999940395355,0.3499999940395355,0.3499999940395355,0.3499999940395355,30000.0
2026-09-23 13:00:00,GZD.V,,0.05000000074505806,0.05000000074505806,0.05000000074505806,0.05000000074505806,44000.0
2026-09-23 13:00:00,HAWK.V,,0.02500000037252903,0.02500000037252903,0.02500000037252903,0.02500000037252903,86000.0
2026-09-23 13:00:00,HI.V,,0.16500000655651093,0.16500000655651093,0.16500000655651093,0.16500000655651093,16000.0
2026-09-23 13:00:00,LUCA.V,,1.1299999952316284,1.1299999952316284,1.1299999952316284,1.1299999952316284,1900.0
2026-09-23 13:00:00,MCF.V,,0.014999999664723873,0.014999999664723873,0.014999999664723873,0.014999999664723873,0.0
2026-09-23 13:00:00,MN.V,,0.10000000149011612,0.10000000149011612,0.10000000149011612,0.10000000149011612,1528.0
2026-09-23 13:00:00,PNG.V,,4.590000152587891,4.590000152587891,4.590000152587891,4.590000152587891,700.0
2026-09-23 13:00:00,TUF.V,,0.8799999952316284,0.8799999952316284,0.875,0.875,4500.0
2026-09-23 13:01:00,FWZ.V,,3.1700000762939453,3.1700000762939453,3.1700000762939453,3.1700000762939453,200.0
2026-09-23 13:01:00,GMG.V,,2.5,2.5,2.5,2.5,300.0
2026-09-23 13:01:00,GWM.V,,0.9399999976158142,0.9399999976158142,0.9399999976158142,0.9399999976158142,1500.0
2026-09-23 13:01:00,ITR.V,,3.9100000858306885,3.9100000858306885,3.9100000858306885,3.9100000858306885,700.0
2026-09-23 13:01:00,KG.V,,0.15000000596046448,0.15000000596046448,0.15000000596046448,0.15000000596046448,120500.0
2026-09-23 13:01:00,LUCA.V,,1.1299999952316284,1.1299999952316284,1.1299999952316284,1.1299999952316284,1700.0
2026-09-23 13:01:00,MKO.V,,14.079999923706055,14.079999923706055,14.079999923706055,14.079999923706055,100.0
2026-09-23 13:01:00,PNG.V,,4.599999904632568,4.599999904632568,4.599999904632568,4.599999904632568,500.0
2026-09-23 13:02:00,BIG.V,,1.399999976158142,1.409999966621399,1.399999976158142,1.409999966621399,18200.0
2026-09-23 13:02:00,FDR.V,,6.619999885559082,6.619999885559082,6.619999885559082,6.619999885559082,1600.0
2026-09-23 13:02:00,FL.V,,0.46000000834465027,0.4650000035762787,0.46000000834465027,0.4650000035762787,3500.0
2026-09-23 13:02:00,FOR.V,,0.8899999856948853,0.8899999856948853,0.8899999856948853,0.8899999856948853,500.0
2026-09-23 13:02:00,FWZ.V,,3.1500000953674316,3.1500000953674316,3.1500000953674316,3.1500000953674316,1800.0
2026-09-23 13:02:00,GOT.V,,1.7400000095367432,1.7400000095367432,1.7400000095367432,1.7400000095367432,100.0
2026-09-23 13:02:00,HITI.V,,3.799999952316284,3.809999942779541,3.799999952316284,3.809999942779541,700.0
2026-09-23 13:02:00,ITR.V,,3.9100000858306885,3.9100000858306885,3.9100000858306885,3.9100000858306885,500.0
2026-09-23 13:02:00,LUCA.V,,1.1200000047683716,1.1200000047683716,1.1200000047683716,1.1200000047683716,15100.0
2026-09-23 13:02:00,MKO.V,,14.020000457763672,14.050000190734863,14.020000457763672,14.050000190734863,300.0
2026-09-23 13:02:00,MLP.V,,2.569999933242798,2.569999933242798,2.569999933242798,2.569999933242798,1701.0
2026-09-23 13:02:00,MTA.V,,14.180000305175781,14.180000305175781,14.180000305175781,14.180000305175781,1000.0
2026-09-23 13:02:00,PNG.V,,4.590000152587891,4.590000152587891,4.590000152587891,4.590000152587891,2108.0
2026-09-23 13:03:00,BIG.V,,1.3899999856948853,1.3899999856948853,1.3899999856948853,1.3899999856948853,1100.0
2026-09-23 13:03:00,FUU.V,,0.13500000536441803,0.13500000536441803,0.13500000536441803,0.13500000536441803,12105.0
2026-09-23 13:03:00,GOT.V,,1.7400000095367432,1.7400000095367432,1.7400000095367432,1.7400000095367432,500.0
2026-09-23 13:03:00,GRSL.V,,0.3449999988079071,0.3499999940395355,0.3449999988079071,0.3499999940395355,5000.0
2026-09-23 13:03:00,GSPR.V,,0.11999999731779099,0.11999999731779099,0.11999999731779099,0.11999999731779099,1500.0
2026-09-23 13:03:00,GUN.V,,0.9100000262260437,0.9100000262260437,0.8999999761581421,0.9100000262260437,14000.0
2026-09-23 13:03:00,GZD.V,,0.054999999701976776,0.054999999701976776,0.054999999701976776,0.054999999701976776,4000.0
2026-09-23 13:03:00,HELI.V,,0.02500000037252903,0.02500000037252903,0.02500000037252903,0.02500000037252903,103160.0
2026-09-23 13:03:00,HI.V,,0.16500000655651093,0.16500000655651093,0.16500000655651093,0.16500000655651093,6000.0
2026-09-23 13:03:00,HPL.V,,0.3100000023841858,0.3100000023841858,0.3100000023841858,0.3100000023841858,7000.0
2026-09-23 13:03:00,ILC.V,,0.019999999552965164,0.019999999552965164,0.019999999552965164,0.019999999552965164,372937.0
2026-09-23 13:03:00,INTR.V,,0.8700000047683716,0.8700000047683716,0.8700000047683716,0.8700000047683716,3500.0
2026-09-23 13:03:00,LUCA.V,,1.1200000047683716,1.1200000047683716,1.1200000047683716,1.1200000047683716,500.0
2026-09-23 13:03:00,MGM.V,,3.109999895095825,3.109999895095825,3.109999895095825,3.109999895095825,400.0
2026-09-23 13:03:00,MKO.V,,14.0600004196167,14.0600004196167,14.050000190734863,14.050000190734863,200.0
2026-09-23 13:03:00,MTA.V,,14.15999984741211,14.15999984741211,14.15999984741211,14.15999984741211,200.0
2026-09-23 13:04:00,GSPR.V,,0.11500000208616257,0.11500000208616257,0.11500000208616257,0.11500000208616257,12500.0
2026-09-23 13:04:00,KRY.V,,3.619999885559082,3.640000104904175,3.619999885559082,3.630000114440918,3400.0
2026-09-23 13:04:00,LUCA.V,,1.1200000047683716,1.1200000047683716,1.1200000047683716,1.1200000047683716,1000.0
2026-09-23 13:04:00,MKO.V,,14.0600004196167,14.0600004196167,14.0600004196167,14.0600004196167,100.0
2026-09-23 13:04:00,PNG.V,,4.579999923706055,4.579999923706055,4.579999923706055,4.579999923706055,5677.0
2026-09-23 13:04:00,TUF.V,,0.8799999952316284,0.8799999952316284,0.8799999952316284,0.8799999952316284,500.0
2026-09-23 13:05:00,LUCA.V,,1.1200000047683716,1.1200000047683716,1.1200000047683716,1.1200000047683716,500.0
2026-09-23 13:05:00,MGM.V,,3.0999999046325684,3.0999999046325684,3.0999999046325684,3.0999999046325684,400.0
2026-09-23 13:05:00,PNG.V,,4.570000171661377,4.570000171661377,4.570000171661377,4.570000171661377,100.0
2026-09-23 13:06:00,GWM.V,,0.9300000071525574,0.9300000071525574,0.9300000071525574,0.9300000071525574,500.0
2026-09-23 13:06:00,LSTR.V,,0.07000000029802322,0.07000000029802322,0.07000000029802322,0.07000000029802322,7000.0
2026-09-23 13:06:00,LUCA.V,,1.1200000047683716,1.1200000047683716,1.1200000047683716,1.1200000047683716,1000.0
2026-09-23 13:06:00,MKO.V,,14.069999694824219,14.069999694824219,14.069999694824219,14.069999694824219,100.0
2026-09-23 13:06:00,MTA.V,,14.170000076293945,14.170000076293945,14.170000076293945,14.170000076293945,100.0
2026-09-23 13:06:00,PNG.V,,4.579999923706055,4.579999923706055,4.570000171661377,4.570000171661377,200.0
2026-09-23 13:07:00,FOR.V,,0.8899999856948853,0.8899999856948853,0.8899999856948853,0.8899999856948853,500.0
2026-09-23 13:07:00,FWZ.V,,3.1600000858306885,3.1600000858306885,3.1600000858306885,3.1600000858306885,100.0
2026-09-23 13:07:00,GOT.V,,1.7400000095367432,1.7400000095367432,1.7400000095367432,1.7400000095367432,2300.0
2026-09-23 13:07:00,JUGR.V,,0.47999998927116394,0.47999998927116394,0.47999998927116394,0.47999998927116394,5010.0
2026-09-23 13:07:00,LUCA.V,,1.1200000047683716,1.1200000047683716,1.1200000047683716,1.1200000047683716,400.0
2026-09-23 13:07:00,PNG.V,,4.570000171661377,4.570000171661377,4.570000171661377,4.570000171661377,100.0
2026-09-23 13:08:00,FWZ.V,,3.1600000858306885,3.1600000858306885,3.1600000858306885,3.1600000858306885,200.0
2026-09-23 13:08:00,GOT.V,,1.7350000143051147,1.7400000095367432,1.7300000190734863,1.7350000143051147,10900.0
2026-09-23 13:08:00,GRSL.V,,0.3499999940395355,0.3499999940395355,0.3499999940395355,0.3499999940395355,500.0
2026-09-23 13:08:00,KTN.V,,1.190000057220459,1.190000057220459,1.190000057220459,1.190000057220459,900.0
2026-09-23 13:08:00,LUCA.V,,1.1200000047683716,1.1200000047683716,1.1200000047683716,1.1200000047683716,500.0
2026-09-23 13:08:00,LVG.V,,0.30000001192092896,0.30000001192092896,0.30000001192092896,0.30000001192092896,500.0
2026-09-23 13:08:00,MIM.V,,0.17499999701976776,0.17499999701976776,0.17499999701976776,0.17499999701976776,500.0
2026-09-23 13:09:00,FWZ.V,,3.1600000858306885,3.1600000858306885,3.1600000858306885,3.1600000858306885,200.0
2026-09-23 13:09:00,GGO.V,,1.2200000286102295,1.2200000286102295,1.215000033378601,1.2200000286102295,1637.0
2026-09-23 13:09:00,GWM.V,,0.9300000071525574,0.9300000071525574,0.9300000071525574,0.9300000071525574,1500.0
2026-09-23 13:09:00,LUCA.V,,1.1200000047683716,1.1200000047683716,1.1200000047683716,1.1200000047683716,900.0
2026-09-23 13:09:00,LXE.V,,0.24500000476837158,0.24500000476837158,0.24500000476837158,0.24500000476837158,6002.0
2026-09-23 13:09:00,PNG.V,,4.579999923706055,4.590000152587891,4.579999923706055,4.579999923706055,1600.0
2026-09-23 13:10:00,FMS.V,,0.4350000023841858,0.4350000023841858,0.4350000023841858,0.4350000023841858,3500.0
2026-09-23 13:10:00,FWZ.V,,3.1600000858306885,3.1600000858306885,3.1600000858306885,3.1600000858306885,100.0
2026-09-23 13:10:00,GGO.V,,1.225000023841858,1.225000023841858,1.225000023841858,1.225000023841858,100.0
2026-09-23 13:10:00,GWM.V,,0.9300000071525574,0.9300000071525574,0.9300000071525574,0.9300000071525574,2000.0
2026-09-23 13:10:00,KNG.V,,1.1100000143051147,1.1100000143051147,1.1100000143051147,1.1100000143051147,100.0
2026-09-23 13:10:00,KTN.V,,1.190000057220459,1.190000057220459,1.190000057220459,1.190000057220459,1000.0
2026-09-23 13:10:00,MIM.V,,0.17499999701976776,0.17499999701976776,0.17499999701976776,0.17499999701976776,2000.0
2026-09-23 13:10:00,PNG.V,,4.570000171661377,4.570000171661377,4.570000171661377,4.570000171661377,100.0
2026-09-23 13:10:00,TUF.V,,0.8799999952316284,0.8799999952316284,0.8799999952316284,0.8799999952316284,500.0
2026-09-23 13:11:00,BIG.V,,1.399999976158142,1.399999976158142,1.399999976158142,1.399999976158142,1000.0
2026-09-23 13:11:00,FWZ.V,,3.1500000953674316,3.1600000858306885,3.1500000953674316,3.1600000858306885,2800.0
2026-09-23 13:11:00,GGO.V,,1.2300000190734863,1.2300000190734863,1.225000023841858,1.225000023841858,19400.0
2026-09-23 13:11:00,GOT.V,,1.7400000095367432,1.7400000095367432,1.7400000095367432,1.7400000095367432,3800.0
2026-09-23 13:11:00,KDK.V,,0.7400000095367432,0.7400000095367432,0.7400000095367432,0.7400000095367432,500.0
2026-09-23 13:11:00,KTN.V,,1.1950000524520874,1.1950000524520874,1.1950000524520874,1.1950000524520874,600.0
2026-09-23 13:11:00,LUCA.V,,1.1200000047683716,1.1200000047683716,1.1200000047683716,1.1200000047683716,1600.0
2026-09-23 13:11:00,MLP.V,,2.5899999141693115,2.5899999141693115,2.5799999237060547,2.5799999237060547,2900.0
2026-09-23 13:11:00,PNG.V,,4.570000171661377,4.579999923706055,4.570000171661377,4.579999923706055,1500.0
2026-09-23 13:12:00,FDR.V,,6.619999885559082,6.619999885559082,6.619999885559082,6.619999885559082,100.0
2026-09-23 13:12:00,FRNT.V,,0.03500000014901161,0.03500000014901161,0.03500000014901161,0.03500000014901161,182257.0
2026-09-23 13:12:00,FWZ.V,,3.1600000858306885,3.1600000858306885,3.1600000858306885,3.1600000858306885,100.0
2026-09-23 13:12:00,GWM.V,,0.9300000071525574,0.9300000071525574,0.9300000071525574,0.9300000071525574,3500.0
2026-09-23 13:12:00,HITI.V,,3.809999942779541,3.809999942779541,3.809999942779541,3.809999942779541,100.0
2026-09-23 13:12:00,ITR.V,,3.9000000953674316,3.9000000953674316,3.9000000953674316,3.9000000953674316,300.0
2026-09-23 13:12:00,LUCA.V,,1.1200000047683716,1.1200000047683716,1.1200000047683716,1.1200000047683716,400.0
2026-09-23 13:12:00,PNG.V,,4.570000171661377,4.570000171661377,4.570000171661377,4.570000171661377,200.0
2026-09-23 13:13:00,FOR.V,,0.8899999856948853,0.8899999856948853,0.8899999856948853,0.8899999856948853,500.0
2026-09-23 13:13:00,FWZ.V,,3.140000104904175,3.1600000858306885,3.140000104904175,3.1600000858306885,7000.0
2026-09-23 13:13:00,GRSL.V,,0.3499999940395355,0.3499999940395355,0.3499999940395355,0.3499999940395355,500.0
2026-09-23 13:13:00,PNG.V,,4.570000171661377,4.579999923706055,4.570000171661377,4.579999923706055,1700.0
2026-09-23 13:14:00,KTN.V,,1.190000057220459,1.190000057220459,1.190000057220459,1.190000057220459,9900.0
2026-09-23 13:14:00,LUCA.V,,1.1200000047683716,1.1200000047683716,1.1200000047683716,1.1200000047683716,100.0
2026-09-23 13:14:00,PNG.V,,4.570000171661377,4.570000171661377,4.570000171661377,4.570000171661377,100.0
2026-09-23 13:15:00,GMG.V,,2.450000047683716,2.4800000190734863,2.450000047683716,2.4800000190734863,1500.0
2026-09-23 13:15:00,GRSL.V,,0.3499999940395355,0.3499999940395355,0.3499999940395355,0.3499999940395355,500.0
2026-09-23 13:15:00,MGM.V,,3.0899999141693115,3.0899999141693115,3.0899999141693115,3.0899999141693115,200.0
2026-09-23 13:16:00,BIG.V,,1.399999976158142,1.399999976158142,1.399999976158142,1.399999976158142,1700.0
2026-09-23 13:16:00,LUCA.V,,1.1200000047683716,1.1200000047683716,1.1200000047683716,1.1200000047683716,100.0
2026-09-23 13:16:00,MIM.V,,0.18000000715255737,0.18000000715255737,0.18000000715255737,0.18000000715255737,10500.0
2026-09-23 13:16:00,NHHH.V,,0.07000000029802322,0.07000000029802322,0.06499999761581421,0.06499999761581421,19000.0
2026-09-23 13:16:00,PNG.V,,4.570000171661377,4.570000171661377,4.570000171661377,4.570000171661377,200.0
2026-09-23 13:17:00,FWZ.V,,3.1600000858306885,3.1600000858306885,3.1600000858306885,3.1600000858306885,130.0
2026-09-23 13:17:00,GRSL.V,,0.3499999940395355,0.3499999940395355,0.3499999940395355,0.3499999940395355,500.0
2026-09-23 13:17:00,LUCA.V,,1.1150000095367432,1.1150000095367432,1.1100000143051147,1.1150000095367432,26100.0
2026-09-23 13:18:00,FWZ.V,,3.1600000858306885,3.1600000858306885,3.1600000858306885,3.1600000858306885,100.0
2026-09-23 13:18:00,GGO.V,,1.2200000286102295,1.2200000286102295,1.2200000286102295,1.2200000286102295,6900.0
2026-09-23 13:18:00,GWM.V,,0.9399999976158142,0.9399999976158142,0.9399999976158142,0.9399999976158142,4000.0
2026-09-23 13:18:00,HITI.V,,3.809999942779541,3.809999942779541,3.809999942779541,3.809999942779541,100.0
2026-09-23 13:18:00,LUCA.V,,1.1200000047683716,1.1200000047683716,1.1200000047683716,1.1200000047683716,500.0
2026-09-23 13:19:00,FOR.V,,0.8899999856948853,0.8899999856948853,0.8899999856948853,0.8899999856948853,500.0
2026-09-23 13:19:00,FWZ.V,,3.1500000953674316,3.1600000858306885,3.1500000953674316,3.1600000858306885,800.0
2026-09-23 13:19:00,GOT.V,,1.7400000095367432,1.7400000095367432,1.7400000095367432,1.7400000095367432,3600.0
2026-09-23 13:19:00,GRSL.V,,0.3499999940395355,0.3499999940395355,0.3499999940395355,0.3499999940395355,500.0
2026-09-23 13:19:00,GWM.V,,0.9399999976158142,0.9399999976158142,0.9399999976158142,0.9399999976158142,500.0
2026-09-23 13:19:00,LUCA.V,,1.1200000047683716,1.1200000047683716,1.1200000047683716,1.1200000047683716,300.0
2026-09-23 13:19:00,LXE.V,,0.23999999463558197,0.23999999463558197,0.23999999463558197,0.23999999463558197,2500.0
2026-09-23 13:19:00,PNG.V,,4.570000171661377,4.585000038146973,4.570000171661377,4.579999923706055,1500.0
2026-09-23 13:19:00,TUF.V,,0.8799999952316284,0.8799999952316284,0.8799999952316284,0.8799999952316284,500.0
2026-09-23 13:20:00,GOT.V,,1.7350000143051147,1.7350000143051147,1.7350000143051147,1.7350000143051147,115.0
2026-09-23 13:20:00,GWM.V,,0.9399999976158142,0.9399999976158142,0.9399999976158142,0.9399999976158142,500.0
2026-09-23 13:20:00,LUCA.V,,1.1200000047683716,1.1200000047683716,1.1200000047683716,1.1200000047683716,800.0
2026-09-23 13:20:00,PNG.V,,4.570000171661377,4.570000171661377,4.570000171661377,4.570000171661377,100.0
2026-09-23 13:20:00,TUF.V,,0.8700000047683716,0.8700000047683716,0.8700000047683716,0.8700000047683716,501.0
2026-09-23 13:21:00,BIG.V,,1.399999976158142,1.399999976158142,1.399999976158142,1.399999976158142,9900.0
2026-09-23 13:21:00,FPC.V,,0.5600000023841858,0.5600000023841858,0.5600000023841858,0.5600000023841858,21000.0
2026-09-23 13:21:00,GRSL.V,,0.3499999940395355,0.3499999940395355,0.3499999940395355,0.3499999940395355,500.0
2026-09-23 13:21:00,LUCA.V,,1.1200000047683716,1.1200000047683716,1.1200000047683716,1.1200000047683716,500.0
2026-09-23 13:21:00,PNG.V,,4.570000171661377,4.570000171661377,4.570000171661377,4.570000171661377,100.0
2026-09-23 13:21:00,TUF.V,,0.875,0.875,0.875,0.875,500.0
2026-09-23 13:22:00,BIG.V,,1.4049999713897705,1.4049999713897705,1.4049999713897705,1.4049999713897705,1300.0
2026-09-23 13:22:00,FPC.V,,0.5600000023841858,0.5600000023841858,0.5600000023841858,0.5600000023841858,500.0
2026-09-23 13:22:00,GMG.V,,2.450000047683716,2.450000047683716,2.450000047683716,2.450000047683716,200.0
2026-09-23 13:22:00,LUCA.V,,1.1200000047683716,1.1200000047683716,1.1200000047683716,1.1200000047683716,300.0
2026-09-23 13:23:00,FDR.V,,6.650000095367432,6.650000095367432,6.650000095367432,6.650000095367432,100.0
2026-09-23 13:23:00,FMS.V,,0.4350000023841858,0.4350000023841858,0.4350000023841858,0.4350000023841858,1000.0
2026-09-23 13:23:00,FWZ.V,,3.1500000953674316,3.1500000953674316,3.1500000953674316,3.1500000953674316,100.0
2026-09-23 13:23:00,GPG.V,,0.3149999976158142,0.3149999976158142,0.3149999976158142,0.3149999976158142,2000.0
2026-09-23 13:23:00,GRSL.V,,0.3499999940395355,0.3499999940395355,0.3499999940395355,0.3499999940395355,500.0
2026-09-23 13:23:00,GWM.V,,0.9399999976158142,0.9399999976158142,0.9399999976158142,0.9399999976158142,3000.0
2026-09-23 13:23:00,LAB.V,,0.054999999701976776,0.054999999701976776,0.054999999701976776,0.054999999701976776,33000.0
2026-09-23 13:23:00,LUCA.V,,1.1200000047683716,1.1200000047683716,1.1200000047683716,1.1200000047683716,400.0
2026-09-23 13:23:00,MKO.V,,14.0600004196167,14.0600004196167,14.0600004196167,14.0600004196167,100.0
2026-09-23 13:23:00,TUF.V,,0.875,0.875,0.875,0.875,500.0
2026-09-23 13:24:00,FOR.V,,0.9100000262260437,0.9100000262260437,0.8899999856948853,0.8899999856948853,5500.0
2026-09-23 13:24:00,FWZ.V,,3.1500000953674316,3.1500000953674316,3.1500000953674316,3.1500000953674316,500.0
2026-09-23 13:24:00,GWM.V,,0.9399999976158142,0.9399999976158142,0.9399999976158142,0.9399999976158142,1500.0
2026-09-23 13:24:00,PNG.V,,4.570000171661377,4.570000171661377,4.570000171661377,4.570000171661377,100.0
2026-09-23 13:25:00,GRSL.V,,0.3499999940395355,0.3499999940395355,0.3499999940395355,0.3499999940395355,500.0
2026-09-23 13:25:00,KDK.V,,0.75,0.75,0.75,0.75,500.0
2026-09-23 13:25:00,LUCA.V,,1.1200000047683716,1.1200000047683716,1.1200000047683716,1.1200000047683716,100.0
2026-09-23 13:25:00,MKO.V,,14.069999694824219,14.069999694824219,14.069999694824219,14.069999694824219,100.0
2026-09-23 13:25:00,PNG.V,,4.570000171661377,4.570000171661377,4.570000171661377,4.570000171661377,100.0
2026-09-23 13:25:00,TUF.V,,0.875,0.875,0.875,0.875,500.0
2026-09-23 13:26:00,FRI.V,,0.054999999701976776,0.054999999701976776,0.054999999701976776,0.054999999701976776,5000.0
2026-09-23 13:26:00,FWZ.V,,3.140000104904175,3.140000104904175,3.140000104904175,3.140000104904175,4400.0
2026-09-23 13:26:00,GMG.V,,2.4600000381469727,2.4600000381469727,2.4600000381469727,2.4600000381469727,200.0
2026-09-23 13:26:00,GOT.V,,1.7350000143051147,1.7350000143051147,1.7300000190734863,1.7300000190734863,10400.0
2026-09-23 13:26:00,GWM.V,,0.949999988079071,0.949999988079071,0.949999988079071,0.949999988079071,500.0
2026-09-23 13:26:00,ITR.V,,3.9100000858306885,3.9100000858306885,3.9100000858306885,3.9100000858306885,300.0
2026-09-23 13:26:00,KDK.V,,0.75,0.75,0.75,0.75,1000.0
2026-09-23 13:26:00,MKO.V,,14.069999694824219,14.069999694824219,14.069999694824219,14.069999694824219,100.0
2026-09-23 13:26:00,PNG.V,,4.570000171661377,4.570000171661377,4.570000171661377,4.570000171661377,2000.0
2026-09-23 13:27:00,GRSL.V,,0.3499999940395355,0.3499999940395355,0.3499999940395355,0.3499999940395355,500.0
2026-09-23 13:27:00,GWM.V,,0.949999988079071,0.949999988079071,0.949999988079071,0.949999988079071,2000.0
2026-09-23 13:27:00,HITI.V,,3.809999942779541,3.809999942779541,3.809999942779541,3.809999942779541,600.0
2026-09-23 13:27:00,LUCA.V,,1.1200000047683716,1.1200000047683716,1.1200000047683716,1.1200000047683716,100.0
2026-09-23 13:27:00,PNG.V,,4.570000171661377,4.570000171661377,4.570000171661377,4.570000171661377,200.0
2026-09-23 13:27:00,TUF.V,,0.875,0.875,0.8700000047683716,0.8700000047683716,1000.0
2026-09-23 13:28:00,GMG.V,,2.4600000381469727,2.4600000381469727,2.4600000381469727,2.4600000381469727,100.0
2026-09-23 13:28:00,GSI.V,,1.684999942779541,1.684999942779541,1.684999942779541,1.684999942779541,200.0
2026-09-23 13:28:00,GWM.V,,0.949999988079071,0.949999988079071,0.949999988079071,0.949999988079071,20500.0
2026-09-23 13:28:00,PNG.V,,4.570000171661377,4.570000171661377,4.570000171661377,4.570000171661377,200.0
2026-09-23 13:29:00,FDR.V,,6.650000095367432,6.650000095367432,6.650000095367432,6.650000095367432,400.0
2026-09-23 13:29:00,GRSL.V,,0.3499999940395355,0.3499999940395355,0.3499999940395355,0.3499999940395355,500.0
2026-09-23 13:29:00,GWM.V,,0.9700000286102295,0.9700000286102295,0.9549999833106995,0.9549999833106995,48000.0
2026-09-23 13:29:00,MGM.V,,3.0899999141693115,3.0899999141693115,3.0899999141693115,3.0899999141693115,3900.0
2026-09-23 13:29:00,PNG.V,,4.574999809265137,4.574999809265137,4.570000171661377,4.574999809265137,600.0
2026-09-23 13:30:00,BIG.V,,1.3949999809265137,1.399999976158142,1.3949999809265137,1.399999976158142,8200.0
2026-09-23 13:30:00,FRI.V,,0.054999999701976776,0.054999999701976776,0.054999999701976776,0.054999999701976776,40000.0
2026-09-23 13:30:00,FWZ.V,,3.1500000953674316,3.1500000953674316,3.1500000953674316,3.1500000953674316,100.0
2026-09-23 13:30:00,GRZ.V,,6.900000095367432,6.900000095367432,6.900000095367432,6.900000095367432,10900.0
2026-09-23 13:30:00,GWM.V,,0.9700000286102295,0.9700000286102295,0.9649999737739563,0.9649999737739563,2200.0
2026-09-23 13:30:00,LUCA.V,,1.1200000047683716,1.1200000047683716,1.1200000047683716,1.1200000047683716,100.0
2026-09-23 13:30:00,MKO.V,,14.079999923706055,14.079999923706055,14.079999923706055,14.079999923706055,400.0
2026-09-23 13:30:00,TUF.V,,0.875,0.875,0.875,0.875,500.0
2026-09-23 13:31:00,EQTY.V,,0.11999999731779099,0.11999999731779099,0.11999999731779099,0.11999999731779099,33500.0
2026-09-23 13:31:00,FWZ.V,,3.140000104904175,3.1500000953674316,3.140000104904175,3.1500000953674316,2700.0
2026-09-23 13:31:00,GWM.V,,0.9800000190734863,0.9800000190734863,0.9800000190734863,0.9800000190734863,19200.0
2026-09-23 13:31:00,HHH.V,,5.360000133514404,5.400000095367432,5.360000133514404,5.400000095367432,10200.0
2026-09-23 13:31:00,LUCA.V,,1.1200000047683716,1.1200000047683716,1.1200000047683716,1.1200000047683716,300.0
2026-09-23 13:31:00,PNG.V,,4.570000171661377,4.570000171661377,4.570000171661377,4.570000171661377,200.0
2026-09-23 13:32:00,FDR.V,,6.690000057220459,6.690000057220459,6.690000057220459,6.690000057220459,200.0
2026-09-23 13:32:00,GOT.V,,1.7300000190734863,1.7300000190734863,1.7300000190734863,1.7300000190734863,3900.0
2026-09-23 13:32:00,LUCA.V,,1.1200000047683716,1.1200000047683716,1.1200000047683716,1.1200000047683716,100.0
2026-09-23 13:33:00,FWZ.V,,3.1449999809265137,3.1449999809265137,3.1449999809265137,3.1449999809265137,100.0
2026-09-23 13:33:00,GWM.V,,1.0,1.0,0.9900000095367432,0.9900000095367432,44016.0
2026-09-23 13:33:00,MGM.V,,3.0999999046325684,3.0999999046325684,3.0999999046325684,3.0999999046325684,100.0
2026-09-23 13:33:00,MKO.V,,14.079999923706055,14.079999923706055,14.079999923706055,14.079999923706055,100.0
2026-09-23 13:33:00,PNG.V,,4.579999923706055,4.579999923706055,4.579999923706055,4.579999923706055,700.0
2026-09-23 13:33:00,TUF.V,,0.875,0.875,0.875,0.875,500.0
2026-09-23 13:34:00,FWZ.V,,3.140000104904175,3.1449999809265137,3.140000104904175,3.1449999809265137,10000.0
2026-09-23 13:34:00,GMG.V,,2.450000047683716,2.4700000286102295,2.450000047683716,2.4700000286102295,5700.0
2026-09-23 13:34:00,HHH.V,,5.360000133514404,5.360000133514404,5.360000133514404,5.360000133514404,600.0
2026-09-23 13:35:00,GGO.V,,1.2200000286102295,1.2200000286102295,1.2200000286102295,1.2200000286102295,5400.0
2026-09-23 13:35:00,HHH.V,,5.349999904632568,5.349999904632568,5.349999904632568,5.349999904632568,9800.0
2026-09-23 13:35:00,ITR.V,,3.890000104904175,3.890000104904175,3.890000104904175,3.890000104904175,800.0
2026-09-23 13:35:00,LUCA.V,,1.1200000047683716,1.1200000047683716,1.1200000047683716,1.1200000047683716,100.0
2026-09-23 13:35:00,MKO.V,,14.050000190734863,14.050000190734863,14.050000190734863,14.050000190734863,100.0
2026-09-23 13:35:00,PNG.V,,4.559999942779541,4.570000171661377,4.550000190734863,4.570000171661377,26077.0
2026-09-23 13:35:00,TUF.V,,0.875,0.875,0.875,0.875,500.0
2026-09-23 13:36:00,FMS.V,,0.4300000071525574,0.4300000071525574,0.4300000071525574,0.4300000071525574,2500.0
2026-09-23 13:36:00,GMG.V,,2.450000047683716,2.450000047683716,2.450000047683716,2.450000047683716,103.0
2026-09-23 13:36:00,GWM.V,,1.0,1.0,1.0,1.0,3500.0
2026-09-23 13:36:00,PNG.V,,4.559999942779541,4.559999942779541,4.559999942779541,4.559999942779541,500.0
2026-09-23 13:37:00,GEL.V,,0.10000000149011612,0.10499999672174454,0.10000000149011612,0.10499999672174454,64242.0
2026-09-23 13:37:00,GGO.V,,1.2200000286102295,1.2200000286102295,1.2200000286102295,1.2200000286102295,1100.0
2026-09-23 13:37:00,GWM.V,,1.0,1.0099999904632568,1.0,1.0099999904632568,4500.0
2026-09-23 13:37:00,KRY.V,,3.5999999046325684,3.609999895095825,3.5999999046325684,3.609999895095825,4400.0
2026-09-23 13:37:00,LUCA.V,,1.1200000047683716,1.1200000047683716,1.1200000047683716,1.1200000047683716,100.0
2026-09-23 13:38:00,GMG.V,,2.4600000381469727,2.4600000381469727,2.4600000381469727,2.4600000381469727,200.0
2026-09-23 13:38:00,GPH.V,,0.9100000262260437,0.9100000262260437,0.9100000262260437,0.9100000262260437,2500.0
2026-09-23 13:38:00,GWM.V,,1.0099999904632568,1.0099999904632568,1.0099999904632568,1.0099999904632568,500.0
2026-09-23 13:38:00,HITI.V,,3.819999933242798,3.819999933242798,3.819999933242798,3.819999933242798,700.0
2026-09-23 13:38:00,MTT.V,,0.2750000059604645,0.2750000059604645,0.2750000059604645,0.2750000059604645,11000.0
2026-09-23 13:38:00,TUF.V,,0.8700000047683716,0.875,0.8700000047683716,0.875,1000.0
2026-09-23 13:39:00,FWZ.V,,3.1449999809265137,3.1449999809265137,3.1449999809265137,3.1449999809265137,100.0
2026-09-23 13:39:00,GMG.V,,2.4600000381469727,2.4600000381469727,2.4600000381469727,2.4600000381469727,200.0
2026-09-23 13:39:00,GSPR.V,,0.11500000208616257,0.11500000208616257,0.11500000208616257,0.11500000208616257,11000.0
2026-09-23 13:39:00,GSTM.V,,0.16500000655651093,0.16500000655651093,0.16500000655651093,0.16500000655651093,18644.0
2026-09-23 13:39:00,GWM.V,,1.0199999809265137,1.0199999809265137,1.0099999904632568,1.0099999904632568,20000.0
2026-09-23 13:39:00,ITR.V,,3.890000104904175,3.8949999809265137,3.890000104904175,3.890000104904175,1600.0
2026-09-23 13:39:00,LME.V,,0.14499999582767487,0.14499999582767487,0.14499999582767487,0.14499999582767487,3000.0
2026-09-23 13:39:00,LUCA.V,,1.1200000047683716,1.1200000047683716,1.1200000047683716,1.1200000047683716,100.0
2026-09-23 13:39:00,NHHH.V,,0.07000000029802322,0.07000000029802322,0.06499999761581421,0.07000000029802322,101011.0
2026-09-23 13:39:00,ZNG.V,,0.8199999928474426,0.8199999928474426,0.8199999928474426,0.8199999928474426,500.0
2026-09-23 13:40:00,FMS.V,,0.4399999976158142,0.4399999976158142,0.4399999976158142,0.4399999976158142,3500.0
2026-09-23 13:40:00,FWZ.V,,3.140000104904175,3.140000104904175,3.140000104904175,3.140000104904175,2600.0
2026-09-23 13:40:00,GOT.V,,1.7300000190734863,1.7300000190734863,1.7300000190734863,1.7300000190734863,1800.0
2026-09-23 13:40:00,GWM.V,,1.0199999809265137,1.0199999809265137,1.0199999809265137,1.0199999809265137,16500.0
2026-09-23 13:40:00,ITR.V,,3.890000104904175,3.890000104904175,3.890000104904175,3.890000104904175,1300.0
2026-09-23 13:40:00,KNG.V,,1.1100000143051147,1.1100000143051147,1.1100000143051147,1.1100000143051147,100.0
2026-09-23 13:40:00,PNG.V,,4.550000190734863,4.550000190734863,4.550000190734863,4.550000190734863,5700.0
2026-09-23 13:41:00,GRSL.V,,0.3449999988079071,0.3449999988079071,0.3449999988079071,0.3449999988079071,28500.0
2026-09-23 13:41:00,GWM.V,,1.0199999809265137,1.0199999809265137,1.0199999809265137,1.0199999809265137,2000.0
2026-09-23 13:41:00,MKO.V,,14.079999923706055,14.079999923706055,14.079999923706055,14.079999923706055,300.0
2026-09-23 13:41:00,MTA.V,,14.149999618530273,14.149999618530273,14.140000343322754,14.140000343322754,400.0
2026-09-23 13:41:00,PNG.V,,4.550000190734863,4.550000190734863,4.550000190734863,4.550000190734863,2800.0
2026-09-23 13:42:00,FMS.V,,0.4300000071525574,0.4300000071525574,0.4300000071525574,0.4300000071525574,1000.0
2026-09-23 13:42:00,GAL.V,,0.550000011920929,0.550000011920929,0.550000011920929,0.550000011920929,2500.0
2026-09-23 13:42:00,GWM.V,,1.0199999809265137,1.0199999809265137,1.0199999809265137,1.0199999809265137,3500.0
2026-09-23 13:42:00,LUCA.V,,1.1200000047683716,1.1200000047683716,1.1200000047683716,1.1200000047683716,100.0
2026-09-23 13:43:00,FWZ.V,,3.1500000953674316,3.1500000953674316,3.1449999809265137,3.1449999809265137,1100.0
2026-09-23 13:43:00,GOT.V,,1.7300000190734863,1.7300000190734863,1.7300000190734863,1.7300000190734863,1800.0
2026-09-23 13:43:00,GSR.V,,0.4375,0.4375,0.4375,0.4375,72000.0
2026-09-23 13:43:00,GWM.V,,1.0299999713897705,1.0299999713897705,1.0199999809265137,1.0199999809265137,13000.0
2026-09-23 13:43:00,LUCA.V,,1.1200000047683716,1.1200000047683716,1.1200000047683716,1.1200000047683716,100.0
2026-09-23 13:43:00,PNG.V,,4.559999942779541,4.559999942779541,4.559999942779541,4.559999942779541,100.0
2026-09-23 13:44:00,FWZ.V,,3.140000104904175,3.140000104904175,3.140000104904175,3.140000104904175,3217.0
2026-09-23 13:44:00,GEL.V,,0.10000000149011612,0.10000000149011612,0.10000000149011612,0.10000000149011612,25000.0
2026-09-23 13:44:00,GGM.V,,0.03500000014901161,0.03500000014901161,0.03500000014901161,0.03500000014901161,6000.0
2026-09-23 13:44:00,GRSL.V,,0.3499999940395355,0.3499999940395355,0.3499999940395355,0.3499999940395355,5000.0
2026-09-23 13:44:00,GSR.V,,0.4399999976158142,0.4449999928474426,0.4399999976158142,0.4399999976158142,171000.0
2026-09-23 13:44:00,GWM.V,,1.0299999713897705,1.0299999713897705,1.0299999713897705,1.0299999713897705,5000.0
2026-09-23 13:44:00,ITR.V,,3.9100000858306885,3.9100000858306885,3.9100000858306885,3.9100000858306885,4600.0
2026-09-23 13:44:00,LUCA.V,,1.1200000047683716,1.1200000047683716,1.1200000047683716,1.1200000047683716,300.0
2026-09-23 13:44:00,MKO.V,,14.039999961853027,14.0600004196167,14.039999961853027,14.0600004196167,400.0
2026-09-23 13:44:00,PNG.V,,4.559999942779541,4.559999942779541,4.559999942779541,4.559999942779541,2100.0
2026-09-23 13:45:00,FRI.V,,0.054999999701976776,0.054999999701976776,0.054999999701976776,0.054999999701976776,79000.0
2026-09-23 13:45:00,FWZ.V,,3.140000104904175,3.140000104904175,3.140000104904175,3.140000104904175,150.0
2026-09-23 13:45:00,GSI.V,,1.690000057220459,1.690000057220459,1.690000057220459,1.690000057220459,700.0
2026-09-23 13:45:00,GSR.V,,0.4399999976158142,0.4399999976158142,0.4399999976158142,0.4399999976158142,158000.0
2026-09-23 13:45:00,GWM.V,,1.0299999713897705,1.0399999618530273,1.0299999713897705,1.0299999713897705,20000.0
2026-09-23 13:45:00,ITR.V,,3.9100000858306885,3.9100000858306885,3.9100000858306885,3.9100000858306885,900.0
2026-09-23 13:45:00,KRY.V,,3.5999999046325684,3.609999895095825,3.5999999046325684,3.609999895095825,1900.0
2026-09-23 13:45:00,LUCA.V,,1.1200000047683716,1.1200000047683716,1.1200000047683716,1.1200000047683716,100.0
2026-09-23 13:46:00,FDR.V,,6.699999809265137,6.699999809265137,6.670000076293945,6.670000076293945,700.0
2026-09-23 13:46:00,FL.V,,0.4650000035762787,0.4650000035762787,0.4650000035762787,0.4650000035762787,500.0
2026-09-23 13:46:00,GSR.V,,0.4399999976158142,0.4399999976158142,0.4399999976158142,0.4399999976158142,62000.0
2026-09-23 13:46:00,GWM.V,,1.0299999713897705,1.0299999713897705,1.0299999713897705,1.0299999713897705,13500.0
2026-09-23 13:46:00,ITR.V,,3.9100000858306885,3.9100000858306885,3.9100000858306885,3.9100000858306885,1800.0
2026-09-23 13:46:00,LUCA.V,,1.1150000095367432,1.1150000095367432,1.1150000095367432,1.1150000095367432,100.0
2026-09-23 13:46:00,TUF.V,,0.8799999952316284,0.8799999952316284,0.8799999952316284,0.8799999952316284,500.0
2026-09-23 13:47:00,FOR.V,,0.8899999856948853,0.8899999856948853,0.8899999856948853,0.8899999856948853,500.0
2026-09-23 13:47:00,FWZ.V,,3.1500000953674316,3.1500000953674316,3.1500000953674316,3.1500000953674316,100.0
2026-09-23 13:47:00,GSR.V,,0.4399999976158142,0.4399999976158142,0.4399999976158142,0.4399999976158142,10000.0
2026-09-23 13:47:00,GWM.V,,1.0399999618530273,1.0399999618530273,1.0299999713897705,1.0299999713897705,4000.0
2026-09-23 13:47:00,HITI.V,,3.819999933242798,3.819999933242798,3.819999933242798,3.819999933242798,800.0
2026-09-23 13:47:00,MTA.V,,14.170000076293945,14.170000076293945,14.170000076293945,14.170000076293945,200.0
2026-09-23 13:48:00,FWZ.V,,3.1500000953674316,3.1500000953674316,3.1500000953674316,3.1500000953674316,100.0
2026-09-23 13:48:00,GAL.V,,0.550000011920929,0.550000011920929,0.550000011920929,0.550000011920929,1100.0
2026-09-23 13:48:00,GWM.V,,1.034999966621399,1.0399999618530273,1.034999966621399,1.0399999618530273,6000.0
2026-09-23 13:48:00,LUCA.V,,1.1150000095367432,1.1150000095367432,1.1150000095367432,1.1150000095367432,100.0
2026-09-23 13:48:00,TUF.V,,0.8799999952316284,0.8799999952316284,0.875,0.875,5000.0
2026-09-23 13:49:00,FWZ.V,,3.140000104904175,3.1500000953674316,3.140000104904175,3.1500000953674316,700.0
2026-09-23 13:49:00,GGO.V,,1.2200000286102295,1.2200000286102295,1.2200000286102295,1.2200000286102295,4000.0
2026-09-23 13:49:00,GWM.V,,1.0399999618530273,1.0399999618530273,1.034999966621399,1.0399999618530273,12500.0
2026-09-23 13:49:00,LSTR.V,,0.07500000298023224,0.07500000298023224,0.07500000298023224,0.07500000298023224,1000.0
2026-09-23 13:49:00,LUCA.V,,1.1200000047683716,1.1200000047683716,1.1150000095367432,1.1150000095367432,700.0
2026-09-23 13:49:00,PNG.V,,4.570000171661377,4.570000171661377,4.570000171661377,4.570000171661377,1000.0
2026-09-23 13:50:00,GMG.V,,2.4600000381469727,2.4600000381469727,2.4600000381469727,2.4600000381469727,7000.0
2026-09-23 13:50:00,GWM.V,,1.0499999523162842,1.0499999523162842,1.034999966621399,1.034999966621399,24198.0
2026-09-23 13:50:00,HITI.V,,3.819999933242798,3.819999933242798,3.819999933242798,3.819999933242798,4600.0
2026-09-23 13:50:00,MGM.V,,3.1050000190734863,3.1050000190734863,3.1050000190734863,3.1050000190734863,400.0
2026-09-23 13:50:00,MKO.V,,14.100000381469727,14.100000381469727,14.100000381469727,14.100000381469727,100.0
2026-09-23 13:50:00,PNG.V,,4.570000171661377,4.570000171661377,4.570000171661377,4.570000171661377,1300.0
2026-09-23 13:50:00,TUF.V,,0.8799999952316284,0.8799999952316284,0.8799999952316284,0.8799999952316284,500.0
2026-09-23 13:50:00,ZNG.V,,0.8199999928474426,0.8199999928474426,0.8199999928474426,0.8199999928474426,2000.0
2026-09-23 13:51:00,FMS.V,,0.4399999976158142,0.4399999976158142,0.4399999976158142,0.4399999976158142,1500.0
2026-09-23 13:51:00,GMG.V,,2.4600000381469727,2.4600000381469727,2.4600000381469727,2.4600000381469727,100.0
2026-09-23 13:51:00,GWM.V,,1.0399999618530273,1.0399999618530273,1.0399999618530273,1.0399999618530273,1000.0
2026-09-23 13:51:00,HITI.V,,3.8299999237060547,3.8299999237060547,3.8299999237060547,3.8299999237060547,100.0
2026-09-23 13:51:00,KDK.V,,0.7400000095367432,0.7400000095367432,0.7400000095367432,0.7400000095367432,500.0
2026-09-23 13:51:00,LUCA.V,,1.1150000095367432,1.1150000095367432,1.1150000095367432,1.1150000095367432,100.0
2026-09-23 13:51:00,MGM.V,,3.0899999141693115,3.109999895095825,3.0899999141693115,3.109999895095825,400.0
2026-09-23 13:51:00,MIM.V,,0.1850000023841858,0.1850000023841858,0.1850000023841858,0.1850000023841858,1000.0
2026-09-23 13:51:00,PNG.V,,4.590000152587891,4.590000152587891,4.579999923706055,4.579999923706055,400.0
2026-09-23 13:52:00,FWZ.V,,3.140000104904175,3.140000104904175,3.140000104904175,3.140000104904175,2100.0
2026-09-23 13:52:00,GGO.V,,1.2200000286102295,1.2200000286102295,1.2200000286102295,1.2200000286102295,1100.0
2026-09-23 13:52:00,GWM.V,,1.0499999523162842,1.0499999523162842,1.0399999618530273,1.0399999618530273,20100.0
2026-09-23 13:52:00,ITR.V,,3.9200000762939453,3.9200000762939453,3.9100000858306885,3.9100000858306885,2700.0
2026-09-23 13:52:00,PNG.V,,4.590000152587891,4.590000152587891,4.590000152587891,4.590000152587891,100.0
2026-09-23 13:53:00,FOR.V,,0.8899999856948853,0.8899999856948853,0.8899999856948853,0.8899999856948853,500.0
2026-09-23 13:53:00,FWZ.V,,3.1500000953674316,3.1500000953674316,3.1500000953674316,3.1500000953674316,2800.0
2026-09-23 13:53:00,GSR.V,,0.4399999976158142,0.4399999976158142,0.4399999976158142,0.4399999976158142,2000.0
2026-09-23 13:53:00,GWM.V,,1.0499999523162842,1.0499999523162842,1.0499999523162842,1.0499999523162842,12500.0
2026-09-23 13:53:00,MKO.V,,14.119999885559082,14.119999885559082,14.119999885559082,14.119999885559082,200.0
2026-09-23 13:53:00,TUF.V,,0.8799999952316284,0.8799999952316284,0.8799999952316284,0.8799999952316284,500.0
2026-09-23 13:54:00,GWM.V,,1.0499999523162842,1.0499999523162842,1.0499999523162842,1.0499999523162842,4000.0
2026-09-23 13:54:00,HPL.V,,0.3100000023841858,0.3100000023841858,0.3100000023841858,0.3100000023841858,10500.0
2026-09-23 13:54:00,ITR.V,,3.9100000858306885,3.9100000858306885,3.9100000858306885,3.9100000858306885,1500.0
2026-09-23 13:54:00,LUCA.V,,1.1200000047683716,1.1200000047683716,1.1200000047683716,1.1200000047683716,300.0
2026-09-23 13:54:00,PNG.V,,4.579999923706055,4.579999923706055,4.579999923706055,4.579999923706055,200.0
2026-09-23 13:55:00,FRI.V,,0.054999999701976776,0.054999999701976776,0.054999999701976776,0.054999999701976776,244000.0
2026-09-23 13:55:00,GGM.V,,0.03500000014901161,0.03500000014901161,0.03500000014901161,0.03500000014901161,36000.0
2026-09-23 13:55:00,GMG.V,,2.4600000381469727,2.4600000381469727,2.4600000381469727,2.4600000381469727,200.0
2026-09-23 13:55:00,GWM.V,,1.0499999523162842,1.0499999523162842,1.0499999523162842,1.0499999523162842,6000.0
2026-09-23 13:55:00,HITI.V,,3.819999933242798,3.819999933242798,3.819999933242798,3.819999933242798,100.0
2026-09-23 13:55:00,PNG.V,,4.579999923706055,4.590000152587891,4.579999923706055,4.590000152587891,600.0
2026-09-23 13:56:00,FWZ.V,,3.1500000953674316,3.1500000953674316,3.1500000953674316,3.1500000953674316,2800.0
2026-09-23 13:56:00,GWM.V,,1.0399999618530273,1.0499999523162842,1.0399999618530273,1.0499999523162842,50500.0
2026-09-23 13:56:00,HITI.V,,3.8299999237060547,3.8299999237060547,3.8299999237060547,3.8299999237060547,500.0
2026-09-23 13:56:00,LUCA.V,,1.1150000095367432,1.1150000095367432,1.1150000095367432,1.1150000095367432,100.0
2026-09-23 13:56:00,PNG.V,,4.670000076293945,4.670000076293945,4.590000152587891,4.590000152587891,51433.0
2026-09-23 13:56:00,TUF.V,,0.8799999952316284,0.8799999952316284,0.8799999952316284,0.8799999952316284,500.0
2026-09-23 13:57:00,FWZ.V,,3.1600000858306885,3.1600000858306885,3.1600000858306885,3.1600000858306885,200.0
2026-09-23 13:57:00,GWM.V,,1.0199999809265137,1.0399999618530273,1.0199999809265137,1.0399999618530273,97000.0
2026-09-23 13:57:00,MLP.V,,2.569999933242798,2.569999933242798,2.569999933242798,2.569999933242798,100.0
2026-09-23 13:57:00,PNG.V,,4.650000095367432,4.679999828338623,4.650000095367432,4.670000076293945,23639.0
2026-09-23 13:58:00,FOR.V,,0.8899999856948853,0.8899999856948853,0.8899999856948853,0.8899999856948853,500.0
2026-09-23 13:58:00,FWZ.V,,3.1600000858306885,3.1600000858306885,3.1600000858306885,3.1600000858306885,100.0
2026-09-23 13:58:00,GPAC.V,,0.20000000298023224,0.20000000298023224,0.20000000298023224,0.20000000298023224,38000.0
2026-09-23 13:58:00,HITI.V,,3.8299999237060547,3.8299999237060547,3.8299999237060547,3.8299999237060547,130.0
2026-09-23 13:58:00,LUCA.V,,1.1150000095367432,1.1150000095367432,1.1150000095367432,1.1150000095367432,100.0
2026-09-23 13:58:00,MTA.V,,14.170000076293945,14.170000076293945,14.170000076293945,14.170000076293945,100.0
2026-09-23 13:58:00,PNG.V,,4.610000133514404,4.639999866485596,4.590000152587891,4.639999866485596,28305.0
2026-09-23 13:59:00,FWZ.V,,3.1600000858306885,3.1600000858306885,3.1600000858306885,3.1600000858306885,100.0
2026-09-23 13:59:00,GGO.V,,1.2200000286102295,1.2200000286102295,1.2200000286102295,1.2200000286102295,1100.0
2026-09-23 13:59:00,GWM.V,,1.0199999809265137,1.0199999809265137,1.0199999809265137,1.0199999809265137,5500.0
2026-09-23 13:59:00,MKO.V,,14.119999885559082,14.119999885559082,14.119999885559082,14.119999885559082,700.0
2026-09-23 13:59:00,TUF.V,,0.8799999952316284,0.8799999952316284,0.8799999952316284,0.8799999952316284,500.0
2026-09-23 14:00:00,FMS.V,,0.4399999976158142,0.4399999976158142,0.4399999976158142,0.4399999976158142,2000.0
2026-09-23 14:00:00,FWZ.V,,3.1600000858306885,3.1600000858306885,3.1600000858306885,3.1600000858306885,100.0
2026-09-23 14:00:00,GMG.V,,2.4600000381469727,2.4600000381469727,2.4600000381469727,2.4600000381469727,100.0
2026-09-23 14:00:00,GRSL.V,,0.3499999940395355,0.3499999940395355,0.3499999940395355,0.3499999940395355,500.0
2026-09-23 14:00:00,GWM.V,,1.0199999809265137,1.0199999809265137,1.0199999809265137,1.0199999809265137,52000.0
2026-09-23 14:00:00,IRO.V,,1.159999966621399,1.159999966621399,1.159999966621399,1.159999966621399,700.0
2026-09-23 14:00:00,KNG.V,,1.1100000143051147,1.1100000143051147,1.1100000143051147,1.1100000143051147,160.0
2026-09-23 14:00:00,PNG.V,,4.650000095367432,4.650000095367432,4.619999885559082,4.619999885559082,7713.0
2026-09-23 14:01:00,FWZ.V,,3.1600000858306885,3.1600000858306885,3.1600000858306885,3.1600000858306885,200.0
2026-09-23 14:01:00,GMG.V,,2.4600000381469727,2.4600000381469727,2.4600000381469727,2.4600000381469727,100.0
2026-09-23 14:01:00,GRSL.V,,0.3499999940395355,0.3499999940395355,0.3499999940395355,0.3499999940395355,5500.0
2026-09-23 14:01:00,GWM.V,,1.0199999809265137,1.024999976158142,1.0199999809265137,1.024999976158142,6500.0
2026-09-23 14:01:00,IRO.V,,1.159999966621399,1.159999966621399,1.159999966621399,1.159999966621399,6000.0
2026-09-23 14:01:00,LUCA.V,,1.1150000095367432,1.1150000095367432,1.1150000095367432,1.1150000095367432,100.0
2026-09-23 14:01:00,PNG.V,,4.639999866485596,4.639999866485596,4.639999866485596,4.639999866485596,1200.0
2026-09-23 14:02:00,FWZ.V,,3.1600000858306885,3.1600000858306885,3.1600000858306885,3.1600000858306885,200.0
2026-09-23 14:02:00,GWM.V,,1.0199999809265137,1.0199999809265137,1.0199999809265137,1.0199999809265137,41500.0
2026-09-23 14:02:00,KDK.V,,0.75,0.75,0.75,0.75,500.0
2026-09-23 14:02:00,LGC.V,,3.4700000286102295,3.4700000286102295,3.4700000286102295,3.4700000286102295,200.0
2026-09-23 14:02:00,LUCA.V,,1.1200000047683716,1.1200000047683716,1.1200000047683716,1.1200000047683716,100.0
2026-09-23 14:02:00,PNG.V,,4.619999885559082,4.630000114440918,4.610000133514404,4.630000114440918,7800.0
2026-09-23 14:02:00,TUF.V,,0.8799999952316284,0.8799999952316284,0.8799999952316284,0.8799999952316284,500.0
2026-09-23 14:03:00,FWZ.V,,3.1600000858306885,3.1600000858306885,3.1600000858306885,3.1600000858306885,100.0
2026-09-23 14:03:00,GRSL.V,,0.3499999940395355,0.3499999940395355,0.3499999940395355,0.3499999940395355,25000.0
2026-09-23 14:03:00,GWM.V,,1.0199999809265137,1.0199999809265137,1.0199999809265137,1.0199999809265137,3000.0
2026-09-23 14:03:00,ITR.V,,3.9100000858306885,3.9100000858306885,3.9100000858306885,3.9100000858306885,1400.0
2026-09-23 14:03:00,LUCA.V,,1.1200000047683716,1.1200000047683716,1.1200000047683716,1.1200000047683716,100.0
2026-09-23 14:03:00,MTA.V,,14.1899995803833,14.1899995803833,14.1899995803833,14.1899995803833,100.0
2026-09-23 14:03:00,PNG.V,,4.650000095367432,4.650000095367432,4.630000114440918,4.630000114440918,9900.0
2026-09-23 14:04:00,FWZ.V,,3.1600000858306885,3.1600000858306885,3.1600000858306885,3.1600000858306885,200.0
2026-09-23 14:04:00,GOT.V,,1.7400000095367432,1.7400000095367432,1.7400000095367432,1.7400000095367432,6800.0
2026-09-23 14:04:00,KTN.V,,1.190000057220459,1.190000057220459,1.190000057220459,1.190000057220459,3000.0
2026-09-23 14:04:00,LVX.V,,0.550000011920929,0.550000011920929,0.550000011920929,0.550000011920929,2500.0
2026-09-23 14:04:00,MKO.V,,14.100000381469727,14.100000381469727,14.100000381469727,14.100000381469727,200.0
2026-09-23 14:05:00,FWZ.V,,3.1600000858306885,3.1600000858306885,3.1600000858306885,3.1600000858306885,100.0
2026-09-23 14:05:00,GGO.V,,1.2200000286102295,1.2200000286102295,1.2200000286102295,1.2200000286102295,200.0
2026-09-23 14:05:00,GMG.V,,2.4600000381469727,2.4600000381469727,2.4600000381469727,2.4600000381469727,100.0
2026-09-23 14:05:00,GWM.V,,1.0199999809265137,1.0199999809265137,1.0199999809265137,1.0199999809265137,7000.0
2026-09-23 14:05:00,INTR.V,,0.8600000143051147,0.8650000095367432,0.8600000143051147,0.8650000095367432,4500.0
2026-09-23 14:05:00,KTN.V,,1.190000057220459,1.190000057220459,1.190000057220459,1.190000057220459,2200.0
2026-09-23 14:05:00,LUCA.V,,1.1150000095367432,1.1150000095367432,1.1150000095367432,1.1150000095367432,100.0
2026-09-23 14:05:00,PNG.V,,4.630000114440918,4.630000114440918,4.630000114440918,4.630000114440918,400.0
2026-09-23 14:05:00,TUF.V,,0.8799999952316284,0.8799999952316284,0.8799999952316284,0.8799999952316284,2000.0
2026-09-23 14:06:00,FDR.V,,6.739999771118164,6.739999771118164,6.730000019073486,6.730000019073486,2084.0
2026-09-23 14:06:00,FOR.V,,0.9200000166893005,0.9200000166893005,0.8999999761581421,0.8999999761581421,2500.0
2026-09-23 14:06:00,FWZ.V,,3.119999885559082,3.1500000953674316,3.119999885559082,3.1500000953674316,6900.0
2026-09-23 14:06:00,GMG.V,,2.450000047683716,2.450000047683716,2.450000047683716,2.450000047683716,125.0
2026-09-23 14:06:00,GRSL.V,,0.3499999940395355,0.3499999940395355,0.3499999940395355,0.3499999940395355,500.0
2026-09-23 14:06:00,GWM.V,,1.0399999618530273,1.0399999618530273,1.0299999713897705,1.0299999713897705,26500.0
2026-09-23 14:07:00,FWZ.V,,3.130000114440918,3.134999990463257,3.130000114440918,3.134999990463257,2500.0
2026-09-23 14:07:00,GGO.V,,1.2200000286102295,1.2200000286102295,1.2200000286102295,1.2200000286102295,1100.0
2026-09-23 14:07:00,GWM.V,,1.0499999523162842,1.0499999523162842,1.0399999618530273,1.0399999618530273,20000.0
2026-09-23 14:07:00,PNG.V,,4.650000095367432,4.650000095367432,4.650000095367432,4.650000095367432,100.0
2026-09-23 14:07:00,TUF.V,,0.8799999952316284,0.8799999952316284,0.8799999952316284,0.8799999952316284,500.0
2026-09-23 14:08:00,GWM.V,,1.0399999618530273,1.0399999618530273,1.0399999618530273,1.0399999618530273,26700.0
2026-09-23 14:08:00,LUCA.V,,1.1150000095367432,1.1150000095367432,1.1150000095367432,1.1150000095367432,100.0
2026-09-23 14:08:00,MKO.V,,14.109999656677246,14.109999656677246,14.109999656677246,14.109999656677246,100.0
2026-09-23 14:08:00,MLP.V,,2.569999933242798,2.569999933242798,2.569999933242798,2.569999933242798,1900.0
2026-09-23 14:09:00,FDR.V,,6.75,6.75,6.739999771118164,6.739999771118164,2000.0
2026-09-23 14:09:00,FOR.V,,0.9200000166893005,0.9200000166893005,0.9200000166893005,0.9200000166893005,1000.0
2026-09-23 14:09:00,GRSL.V,,0.3499999940395355,0.3499999940395355,0.3499999940395355,0.3499999940395355,500.0
2026-09-23 14:09:00,HITI.V,,3.8299999237060547,3.8299999237060547,3.8299999237060547,3.8299999237060547,100.0
2026-09-23 14:09:00,PNG.V,,4.630000114440918,4.639999866485596,4.630000114440918,4.639999866485596,2900.0
2026-09-23 14:09:00,TUF.V,,0.8700000047683716,0.8799999952316284,0.8700000047683716,0.8799999952316284,2000.0
2026-09-23 14:10:00,FDR.V,,6.789999961853027,6.800000190734863,6.739999771118164,6.739999771118164,8000.0
2026-09-23 14:10:00,LUCA.V,,1.1150000095367432,1.1150000095367432,1.1150000095367432,1.1150000095367432,100.0
2026-09-23 14:10:00,MKO.V,,14.109999656677246,14.109999656677246,14.109999656677246,14.109999656677246,120.0
2026-09-23 14:10:00,TUF.V,,0.8799999952316284,0.8799999952316284,0.875,0.875,1500.0
2026-09-23 14:11:00,FWZ.V,,3.1500000953674316,3.1500000953674316,3.1500000953674316,3.1500000953674316,100.0
2026-09-23 14:11:00,GMG.V,,2.450000047683716,2.450000047683716,2.450000047683716,2.450000047683716,200.0
2026-09-23 14:11:00,LCX.V,,1.8600000143051147,1.8600000143051147,1.8600000143051147,1.8600000143051147,11600.0
2026-09-23 14:12:00,FWZ.V,,3.1500000953674316,3.1500000953674316,3.1500000953674316,3.1500000953674316,200.0
2026-09-23 14:12:00,GRSL.V,,0.3499999940395355,0.3499999940395355,0.3499999940395355,0.3499999940395355,1000.0
2026-09-23 14:12:00,GWM.V,,1.0399999618530273,1.0399999618530273,1.0399999618530273,1.0399999618530273,6500.0
2026-09-23 14:12:00,PNG.V,,4.619999885559082,4.619999885559082,4.619999885559082,4.619999885559082,1100.0
2026-09-23 14:12:00,TUF.V,,0.875,0.875,0.875,0.875,1000.0
2026-09-23 14:13:00,EQTY.V,,0.11999999731779099,0.11999999731779099,0.11999999731779099,0.11999999731779099,17500.0
2026-09-23 14:13:00,FDR.V,,6.800000190734863,6.800000190734863,6.800000190734863,6.800000190734863,100.0
2026-09-23 14:13:00,FWZ.V,,3.1500000953674316,3.1500000953674316,3.1500000953674316,3.1500000953674316,100.0
2026-09-23 14:13:00,GWM.V,,1.0399999618530273,1.0399999618530273,1.0399999618530273,1.0399999618530273,3000.0
2026-09-23 14:13:00,HITI.V,,3.8499999046325684,3.8499999046325684,3.8299999237060547,3.8299999237060547,26873.0
2026-09-23 14:14:00,FDR.V,,6.829999923706055,6.829999923706055,6.800000190734863,6.800000190734863,800.0
2026-09-23 14:14:00,FWZ.V,,3.1500000953674316,3.1500000953674316,3.1500000953674316,3.1500000953674316,200.0
2026-09-23 14:14:00,GPH.V,,0.9100000262260437,0.9100000262260437,0.9100000262260437,0.9100000262260437,5500.0
2026-09-23 14:14:00,GRSL.V,,0.3499999940395355,0.3499999940395355,0.3499999940395355,0.3499999940395355,500.0
2026-09-23 14:14:00,GWM.V,,1.0399999618530273,1.0399999618530273,1.0399999618530273,1.0399999618530273,2000.0
2026-09-23 14:14:00,LUCA.V,,1.1150000095367432,1.1150000095367432,1.1150000095367432,1.1150000095367432,290.0
2026-09-23 14:14:00,PNG.V,,4.639999866485596,4.639999866485596,4.639999866485596,4.639999866485596,800.0
2026-09-23 14:14:00,TUF.V,,0.875,0.875,0.875,0.875,500.0
2026-09-23 14:15:00,FDR.V,,6.820000171661377,6.820000171661377,6.820000171661377,6.820000171661377,200.0
2026-09-23 14:15:00,FWZ.V,,3.1500000953674316,3.1500000953674316,3.1500000953674316,3.1500000953674316,100.0
2026-09-23 14:15:00,GGO.V,,1.2200000286102295,1.2200000286102295,1.2200000286102295,1.2200000286102295,1100.0
2026-09-23 14:15:00,GPH.V,,0.9100000262260437,0.9100000262260437,0.9100000262260437,0.9100000262260437,1500.0
2026-09-23 14:15:00,GRSL.V,,0.3499999940395355,0.3499999940395355,0.3499999940395355,0.3499999940395355,8000.0
2026-09-23 14:15:00,GSPR.V,,0.10999999940395355,0.11500000208616257,0.10999999940395355,0.11500000208616257,42500.0
2026-09-23 14:15:00,GSR.V,,0.4350000023841858,0.4350000023841858,0.4350000023841858,0.4350000023841858,580500.0
2026-09-23 14:15:00,GWM.V,,1.0399999618530273,1.0399999618530273,1.0399999618530273,1.0399999618530273,1000.0
2026-09-23 14:15:00,LUCA.V,,1.1150000095367432,1.1150000095367432,1.1150000095367432,1.1150000095367432,100.0
2026-09-23 14:15:00,MTA.V,,14.1899995803833,14.1899995803833,14.1899995803833,14.1899995803833,100.0
2026-09-23 14:16:00,EQTY.V,,0.11999999731779099,0.11999999731779099,0.11999999731779099,0.11999999731779099,500.0
2026-09-23 14:16:00,FDR.V,,6.800000190734863,6.820000171661377,6.800000190734863,6.820000171661377,200.0
2026-09-23 14:16:00,FWZ.V,,3.140000104904175,3.140000104904175,3.140000104904175,3.140000104904175,400.0
2026-09-23 14:16:00,GMG.V,,2.450000047683716,2.450000047683716,2.450000047683716,2.450000047683716,100.0
2026-09-23 14:16:00,GWM.V,,1.0299999713897705,1.0399999618530273,1.0299999713897705,1.0399999618530273,33000.0
2026-09-23 14:16:00,HITI.V,,3.8399999141693115,3.8399999141693115,3.8399999141693115,3.8399999141693115,100.0
2026-09-23 14:16:00,LUCA.V,,1.1100000143051147,1.1150000095367432,1.1100000143051147,1.1150000095367432,110200.0
2026-09-23 14:16:00,MKO.V,,14.109999656677246,14.109999656677246,14.109999656677246,14.109999656677246,200.0
2026-09-23 14:16:00,PNG.V,,4.670000076293945,4.670000076293945,4.650000095367432,4.650000095367432,6770.0
2026-09-23 14:16:00,TUF.V,,0.875,0.875,0.875,0.875,500.0
2026-09-23 14:17:00,FDR.V,,6.820000171661377,6.820000171661377,6.820000171661377,6.820000171661377,100.0
2026-09-23 14:17:00,FWZ.V,,3.140000104904175,3.140000104904175,3.140000104904175,3.140000104904175,300.0
2026-09-23 14:17:00,GOT.V,,1.7400000095367432,1.7400000095367432,1.7400000095367432,1.7400000095367432,500.0
2026-09-23 14:17:00,GWM.V,,1.0299999713897705,1.0299999713897705,1.0299999713897705,1.0299999713897705,5000.0
2026-09-23 14:17:00,KDA.V,,0.07000000029802322,0.07000000029802322,0.07000000029802322,0.07000000029802322,6000.0
2026-09-23 14:17:00,LCX.V,,1.8600000143051147,1.8600000143051147,1.8600000143051147,1.8600000143051147,11700.0
2026-09-23 14:17:00,LUCA.V,,1.1100000143051147,1.1100000143051147,1.1100000143051147,1.1100000143051147,43600.0
2026-09-23 14:17:00,MKO.V,,14.114999771118164,14.114999771118164,14.114999771118164,14.114999771118164,180.0
2026-09-23 14:17:00,PNG.V,,4.670000076293945,4.670000076293945,4.670000076293945,4.670000076293945,200.0
2026-09-23 14:17:00,TUF.V,,0.875,0.875,0.875,0.875,2500.0
2026-09-23 14:18:00,FDR.V,,6.809999942779541,6.809999942779541,6.809999942779541,6.809999942779541,100.0
2026-09-23 14:18:00,FOR.V,,0.9200000166893005,0.9200000166893005,0.9200000166893005,0.9200000166893005,1000.0
2026-09-23 14:18:00,FWZ.V,,3.140000104904175,3.140000104904175,3.140000104904175,3.140000104904175,100.0
2026-09-23 14:18:00,GGO.V,,1.2200000286102295,1.2200000286102295,1.2200000286102295,1.2200000286102295,5100.0
2026-09-23 14:18:00,GRSL.V,,0.3449999988079071,0.3449999988079071,0.3449999988079071,0.3449999988079071,138521.0
2026-09-23 14:18:00,GWM.V,,1.0299999713897705,1.0299999713897705,1.0299999713897705,1.0299999713897705,13500.0
2026-09-23 14:18:00,IMI.V,,0.07500000298023224,0.07500000298023224,0.07500000298023224,0.07500000298023224,3000.0
2026-09-23 14:19:00,BIG.V,,1.399999976158142,1.399999976158142,1.399999976158142,1.399999976158142,3400.0
2026-09-23 14:19:00,FWZ.V,,3.140000104904175,3.140000104904175,3.140000104904175,3.140000104904175,800.0
2026-09-23 14:19:00,GGO.V,,1.2200000286102295,1.2200000286102295,1.2200000286102295,1.2200000286102295,8600.0
2026-09-23 14:19:00,GSI.V,,1.7000000476837158,1.7000000476837158,1.7000000476837158,1.7000000476837158,100.0
2026-09-23 14:19:00,GWM.V,,1.0299999713897705,1.0299999713897705,1.0299999713897705,1.0299999713897705,1200.0
2026-09-23 14:19:00,TUF.V,,0.8799999952316284,0.8799999952316284,0.8799999952316284,0.8799999952316284,500.0
2026-09-23 14:20:00,GAL.V,,0.5600000023841858,0.5600000023841858,0.5600000023841858,0.5600000023841858,12000.0
2026-09-23 14:20:00,GFG.V,,0.22499999403953552,0.22499999403953552,0.22499999403953552,0.22499999403953552,500.0
2026-09-23 14:20:00,GOT.V,,1.7400000095367432,1.7400000095367432,1.7400000095367432,1.7400000095367432,600.0
2026-09-23 14:20:00,GWM.V,,1.0299999713897705,1.0299999713897705,1.0299999713897705,1.0299999713897705,3700.0
2026-09-23 14:20:00,HHH.V,,5.309999942779541,5.309999942779541,5.309999942779541,5.309999942779541,100.0
2026-09-23 14:20:00,LUCA.V,,1.1150000095367432,1.1150000095367432,1.1150000095367432,1.1150000095367432,2200.0
2026-09-23 14:21:00,FMAN.V,,0.39500001072883606,0.39500001072883606,0.39500001072883606,0.39500001072883606,24180.0
2026-09-23 14:21:00,FOR.V,,0.9200000166893005,0.9200000166893005,0.8999999761581421,0.8999999761581421,4000.0
2026-09-23 14:21:00,FPC.V,,0.5600000023841858,0.5600000023841858,0.5600000023841858,0.5600000023841858,4000.0
2026-09-23 14:21:00,GMG.V,,2.450000047683716,2.450000047683716,2.450000047683716,2.450000047683716,100.0
2026-09-23 14:21:00,GWM.V,,1.0399999618530273,1.0399999618530273,1.034999966621399,1.034999966621399,9000.0
2026-09-23 14:21:00,LUCA.V,,1.1150000095367432,1.1150000095367432,1.1150000095367432,1.1150000095367432,1700.0
2026-09-23 14:21:00,MKO.V,,14.100000381469727,14.100000381469727,14.100000381469727,14.100000381469727,700.0
2026-09-23 14:21:00,TUF.V,,0.8799999952316284,0.8799999952316284,0.8799999952316284,0.8799999952316284,500.0
2026-09-23 14:22:00,BIG.V,,1.399999976158142,1.399999976158142,1.399999976158142,1.399999976158142,2900.0
2026-09-23 14:22:00,FPC.V,,0.5699999928474426,0.5699999928474426,0.5699999928474426,0.5699999928474426,500.0
2026-09-23 14:22:00,FWZ.V,,3.1500000953674316,3.1500000953674316,3.1500000953674316,3.1500000953674316,100.0
2026-09-23 14:22:00,GGO.V,,1.2100000381469727,1.2100000381469727,1.2100000381469727,1.2100000381469727,4000.0
2026-09-23 14:22:00,GSI.V,,1.7000000476837158,1.7000000476837158,1.7000000476837158,1.7000000476837158,500.0
2026-09-23 14:22:00,GWM.V,,1.0399999618530273,1.0399999618530273,1.0399999618530273,1.0399999618530273,2000.0
2026-09-23 14:22:00,LUCA.V,,1.1150000095367432,1.1150000095367432,1.1150000095367432,1.1150000095367432,1000.0
2026-09-23 14:22:00,PNG.V,,4.670000076293945,4.670000076293945,4.670000076293945,4.670000076293945,1309.0
2026-09-23 14:23:00,FWZ.V,,3.1500000953674316,3.1500000953674316,3.1500000953674316,3.1500000953674316,100.0
2026-09-23 14:23:00,GAL.V,,0.5600000023841858,0.5600000023841858,0.5600000023841858,0.5600000023841858,1500.0
2026-09-23 14:23:00,GSPR.V,,0.10999999940395355,0.10999999940395355,0.10999999940395355,0.10999999940395355,15010.0
2026-09-23 14:23:00,GWM.V,,1.059999942779541,1.059999942779541,1.0499999523162842,1.0499999523162842,56501.0
2026-09-23 14:23:00,LCX.V,,1.8799999952316284,1.8799999952316284,1.8799999952316284,1.8799999952316284,1000.0
2026-09-23 14:23:00,LUCA.V,,1.1150000095367432,1.1150000095367432,1.1150000095367432,1.1150000095367432,1100.0
2026-09-23 14:23:00,MKO.V,,14.119999885559082,14.119999885559082,14.119999885559082,14.119999885559082,100.0
2026-09-23 14:23:00,TUF.V,,0.8799999952316284,0.8799999952316284,0.8799999952316284,0.8799999952316284,500.0
2026-09-23 14:24:00,BLOK-H.V,,0.18000000715255737,0.18000000715255737,0.17000000178813934,0.17000000178813934,0.0
2026-09-23 14:24:00,FWZ.V,,3.1500000953674316,3.1500000953674316,3.1500000953674316,3.1500000953674316,100.0
2026-09-23 14:24:00,GRSL.V,,0.3474999964237213,0.3474999964237213,0.3474999964237213,0.3474999964237213,500.0
2026-09-23 14:24:00,GWM.V,,1.0700000524520874,1.0700000524520874,1.0700000524520874,1.0700000524520874,5286.0
2026-09-23 14:24:00,HITI.V,,3.8299999237060547,3.8299999237060547,3.8299999237060547,3.8299999237060547,1700.0
2026-09-23 14:24:00,KTN.V,,1.190000057220459,1.190000057220459,1.190000057220459,1.190000057220459,8800.0
2026-09-23 14:24:00,LUCA.V,,1.1150000095367432,1.1200000047683716,1.1150000095367432,1.1200000047683716,900.0
2026-09-23 14:24:00,PNG.V,,4.659999847412109,4.659999847412109,4.650000095367432,4.650000095367432,900.0
2026-09-23 14:24:00,TUF.V,,0.8700000047683716,0.875,0.8700000047683716,0.875,1500.0
2026-09-23 14:25:00,FDR.V,,6.840000152587891,6.840000152587891,6.840000152587891,6.840000152587891,200.0
2026-09-23 14:25:00,GAL.V,,0.5649999976158142,0.5649999976158142,0.5649999976158142,0.5649999976158142,1000.0
2026-09-23 14:25:00,GMG.V,,2.450000047683716,2.450000047683716,2.450000047683716,2.450000047683716,100.0
2026-09-23 14:25:00,GWM.V,,1.0700000524520874,1.0700000524520874,1.0700000524520874,1.0700000524520874,6000.0
2026-09-23 14:25:00,LUCA.V,,1.1150000095367432,1.1200000047683716,1.1150000095367432,1.1200000047683716,600.0
2026-09-23 14:25:00,MTA.V,,14.210000038146973,14.210000038146973,14.210000038146973,14.210000038146973,100.0
2026-09-23 14:25:00,TUF.V,,0.8799999952316284,0.8799999952316284,0.8799999952316284,0.8799999952316284,500.0
2026-09-23 14:26:00,FWZ.V,,3.1500000953674316,3.1500000953674316,3.1500000953674316,3.1500000953674316,100.0
2026-09-23 14:26:00,GGO.V,,1.2100000381469727,1.2100000381469727,1.2100000381469727,1.2100000381469727,4000.0
2026-09-23 14:26:00,GRSL.V,,0.3474999964237213,0.3474999964237213,0.3474999964237213,0.3474999964237213,500.0
2026-09-23 14:26:00,GWM.V,,1.059999942779541,1.059999942779541,1.059999942779541,1.059999942779541,7700.0
2026-09-23 14:26:00,HITI.V,,3.8299999237060547,3.8299999237060547,3.8299999237060547,3.8299999237060547,100.0
2026-09-23 14:26:00,LUCA.V,,1.1200000047683716,1.1200000047683716,1.1150000095367432,1.1200000047683716,900.0
2026-09-23 14:26:00,MKO.V,,14.119999885559082,14.119999885559082,14.119999885559082,14.119999885559082,200.0
2026-09-23 14:26:00,PNG.V,,4.670000076293945,4.670000076293945,4.670000076293945,4.670000076293945,200.0
2026-09-23 14:26:00,TUF.V,,0.875,0.875,0.875,0.875,500.0
2026-09-23 14:27:00,FDR.V,,6.829999923706055,6.840000152587891,6.829999923706055,6.840000152587891,200.0
2026-09-23 14:27:00,FOR.V,,0.8999999761581421,0.8999999761581421,0.8999999761581421,0.8999999761581421,500.0
2026-09-23 14:27:00,FWZ.V,,3.1500000953674316,3.1500000953674316,3.1500000953674316,3.1500000953674316,100.0
2026-09-23 14:27:00,KLDC.V,,0.3799999952316284,0.3799999952316284,0.3799999952316284,0.3799999952316284,500.0
2026-09-23 14:27:00,LUCA.V,,1.1150000095367432,1.1200000047683716,1.1150000095367432,1.1150000095367432,700.0
2026-09-23 14:27:00,MLP.V,,2.569999933242798,2.569999933242798,2.569999933242798,2.569999933242798,100.0
2026-09-23 14:27:00,ROAR.V,,0.2750000059604645,0.2750000059604645,0.2750000059604645,0.2750000059604645,8500.0
2026-09-23 14:28:00,FWZ.V,,3.1500000953674316,3.1500000953674316,3.1500000953674316,3.1500000953674316,100.0
2026-09-23 14:28:00,GGO.V,,1.2100000381469727,1.2100000381469727,1.2100000381469727,1.2100000381469727,3400.0
2026-09-23 14:28:00,GMG.V,,2.4700000286102295,2.4700000286102295,2.4600000381469727,2.4600000381469727,1300.0
2026-09-23 14:28:00,GRSL.V,,0.3474999964237213,0.3474999964237213,0.3474999964237213,0.3474999964237213,500.0
2026-09-23 14:28:00,GWM.V,,1.059999942779541,1.059999942779541,1.059999942779541,1.059999942779541,7000.0
2026-09-23 14:28:00,IRR.V,,1.3200000524520874,1.3200000524520874,1.3200000524520874,1.3200000524520874,5000.0
2026-09-23 14:28:00,ITR.V,,3.9200000762939453,3.9200000762939453,3.9100000858306885,3.9100000858306885,3100.0
2026-09-23 14:28:00,KLD.V,,2.3399999141693115,2.3399999141693115,2.3299999237060547,2.3399999141693115,10016.0
2026-09-23 14:28:00,KLDC.V,,0.3799999952316284,0.3799999952316284,0.3799999952316284,0.3799999952316284,1000.0
2026-09-23 14:28:00,LUCA.V,,1.1150000095367432,1.1200000047683716,1.1150000095367432,1.1150000095367432,900.0
2026-09-23 14:28:00,PNG.V,,4.659999847412109,4.664999961853027,4.659999847412109,4.664999961853027,500.0
2026-09-23 14:28:00,TUF.V,,0.875,0.8799999952316284,0.875,0.8799999952316284,2500.0
2026-09-23 14:29:00,FDR.V,,6.840000152587891,6.840000152587891,6.840000152587891,6.840000152587891,100.0
2026-09-23 14:29:00,FWZ.V,,3.1500000953674316,3.1500000953674316,3.1500000953674316,3.1500000953674316,100.0
2026-09-23 14:29:00,GAL.V,,0.5649999976158142,0.5649999976158142,0.5649999976158142,0.5649999976158142,500.0
2026-09-23 14:29:00,HHH.V,,5.309999942779541,5.309999942779541,5.309999942779541,5.309999942779541,100.0
2026-09-23 14:29:00,IPT.V,,0.29499998688697815,0.29499998688697815,0.29499998688697815,0.29499998688697815,4500.0
2026-09-23 14:29:00,LUCA.V,,1.1150000095367432,1.1200000047683716,1.1150000095367432,1.1200000047683716,600.0
2026-09-23 14:29:00,TUF.V,,0.875,0.875,0.8700000047683716,0.875,8500.0
2026-09-23 14:30:00,FOR.V,,0.9200000166893005,0.9200000166893005,0.9200000166893005,0.9200000166893005,2000.0
2026-09-23 14:30:00,GAL.V,,0.5649999976158142,0.5649999976158142,0.5649999976158142,0.5649999976158142,1000.0
2026-09-23 14:30:00,GGO.V,,1.2100000381469727,1.2100000381469727,1.2100000381469727,1.2100000381469727,100.0
2026-09-23 14:30:00,GRSL.V,,0.3474999964237213,0.3474999964237213,0.3474999964237213,0.3474999964237213,500.0
2026-09-23 14:30:00,GWM.V,,1.0499999523162842,1.0549999475479126,1.0499999523162842,1.0549999475479126,5000.0
2026-09-23 14:30:00,LUCA.V,,1.1200000047683716,1.1200000047683716,1.1150000095367432,1.1200000047683716,800.0
2026-09-23 14:30:00,TUF.V,,0.875,0.875,0.875,0.875,500.0
2026-09-23 14:31:00,FWZ.V,,3.1500000953674316,3.1500000953674316,3.1500000953674316,3.1500000953674316,100.0
2026-09-23 14:31:00,GAL.V,,0.5649999976158142,0.5649999976158142,0.5649999976158142,0.5649999976158142,1000.0
2026-09-23 14:31:00,GGO.V,,1.2100000381469727,1.2100000381469727,1.2100000381469727,1.2100000381469727,1100.0
2026-09-23 14:31:00,GSI.V,,1.7000000476837158,1.7000000476837158,1.7000000476837158,1.7000000476837158,1700.0
2026-09-23 14:31:00,LUCA.V,,1.1150000095367432,1.1200000047683716,1.1150000095367432,1.1150000095367432,700.0
2026-09-23 14:31:00,MAH.V,,0.1599999964237213,0.1599999964237213,0.1599999964237213,0.1599999964237213,9701.0
2026-09-23 14:31:00,MKO.V,,14.109999656677246,14.109999656677246,14.109999656677246,14.109999656677246,100.0
2026-09-23 14:31:00,PNG.V,,4.670000076293945,4.670000076293945,4.670000076293945,4.670000076293945,286.0
2026-09-23 14:31:00,TUF.V,,0.8799999952316284,0.8799999952316284,0.8799999952316284,0.8799999952316284,500.0
2026-09-23 14:32:00,FDR.V,,6.840000152587891,6.840000152587891,6.840000152587891,6.840000152587891,100.0
2026-09-23 14:32:00,FOR.V,,0.9200000166893005,0.9200000166893005,0.9200000166893005,0.9200000166893005,1000.0
2026-09-23 14:32:00,FPC.V,,0.5600000023841858,0.5600000023841858,0.5600000023841858,0.5600000023841858,123000.0
2026-09-23 14:32:00,GAL.V,,0.5649999976158142,0.5649999976158142,0.5649999976158142,0.5649999976158142,1000.0
2026-09-23 14:32:00,GRSL.V,,0.3474999964237213,0.3474999964237213,0.3474999964237213,0.3474999964237213,500.0
2026-09-23 14:32:00,GWM.V,,1.0499999523162842,1.0499999523162842,1.0449999570846558,1.0499999523162842,32960.0
2026-09-23 14:32:00,LUCA.V,,1.1150000095367432,1.1150000095367432,1.1150000095367432,1.1150000095367432,700.0
2026-09-23 14:33:00,FWZ.V,,3.1500000953674316,3.1500000953674316,3.1500000953674316,3.1500000953674316,100.0
2026-09-23 14:33:00,GAL.V,,0.5649999976158142,0.5649999976158142,0.5649999976158142,0.5649999976158142,500.0
2026-09-23 14:33:00,GGO.V,,1.2100000381469727,1.2100000381469727,1.2100000381469727,1.2100000381469727,1100.0
2026-09-23 14:33:00,GWM.V,,1.0499999523162842,1.0499999523162842,1.0499999523162842,1.0499999523162842,500.0
2026-09-23 14:33:00,ITR.V,,3.9100000858306885,3.9100000858306885,3.9100000858306885,3.9100000858306885,100.0
2026-09-23 14:33:00,LUCA.V,,1.1150000095367432,1.1150000095367432,1.1150000095367432,1.1150000095367432,200.0
2026-09-23 14:33:00,MKO.V,,14.130000114440918,14.130000114440918,14.130000114440918,14.130000114440918,400.0
2026-09-23 14:33:00,PNG.V,,4.659999847412109,4.659999847412109,4.659999847412109,4.659999847412109,1100.0
2026-09-23 14:33:00,TUF.V,,0.875,0.875,0.875,0.875,500.0
2026-09-23 14:34:00,FDR.V,,6.849999904632568,6.849999904632568,6.849999904632568,6.849999904632568,100.0
2026-09-23 14:34:00,GWM.V,,1.0499999523162842,1.0499999523162842,1.0499999523162842,1.0499999523162842,500.0
2026-09-23 14:34:00,LUCA.V,,1.1100000143051147,1.1150000095367432,1.1100000143051147,1.1100000143051147,1200.0
2026-09-23 14:34:00,PNG.V,,4.659999847412109,4.659999847412109,4.659999847412109,4.659999847412109,200.0
2026-09-23 14:34:00,TUF.V,,0.875,0.875,0.875,0.875,2500.0
2026-09-23 14:35:00,EQTY.V,,0.125,0.125,0.11999999731779099,0.11999999731779099,133358.0
2026-09-23 14:35:00,FWZ.V,,3.1500000953674316,3.1500000953674316,3.1500000953674316,3.1500000953674316,100.0
2026-09-23 14:35:00,GGO.V,,1.2100000381469727,1.2100000381469727,1.2100000381469727,1.2100000381469727,1000.0
2026-09-23 14:35:00,GOT.V,,1.7400000095367432,1.7400000095367432,1.7400000095367432,1.7400000095367432,6000.0
2026-09-23 14:35:00,GRSL.V,,0.3474999964237213,0.3474999964237213,0.3474999964237213,0.3474999964237213,500.0
2026-09-23 14:35:00,GWM.V,,1.0549999475479126,1.059999942779541,1.0399999618530273,1.0399999618530273,30000.0
2026-09-23 14:35:00,IRR.V,,1.3200000524520874,1.3200000524520874,1.3200000524520874,1.3200000524520874,500.0
2026-09-23 14:35:00,LUCA.V,,1.1150000095367432,1.1150000095367432,1.1150000095367432,1.1150000095367432,100.0
2026-09-23 14:35:00,TUF.V,,0.8799999952316284,0.8799999952316284,0.8799999952316284,0.8799999952316284,500.0
2026-09-23 14:36:00,BIG.V,,1.399999976158142,1.399999976158142,1.399999976158142,1.399999976158142,100.0
2026-09-23 14:36:00,FPC.V,,0.5649999976158142,0.5649999976158142,0.5649999976158142,0.5649999976158142,6000.0
2026-09-23 14:36:00,FWZ.V,,3.1500000953674316,3.1500000953674316,3.1500000953674316,3.1500000953674316,100.0
2026-09-23 14:36:00,GWM.V,,1.059999942779541,1.059999942779541,1.059999942779541,1.059999942779541,2934.0
2026-09-23 14:36:00,LUCA.V,,1.1150000095367432,1.1150000095367432,1.1150000095367432,1.1150000095367432,200.0
2026-09-23 14:36:00,PNG.V,,4.659999847412109,4.659999847412109,4.659999847412109,4.659999847412109,100.0
2026-09-23 14:37:00,ESK.V,,0.2800000011920929,0.2800000011920929,0.2800000011920929,0.2800000011920929,4898.0
2026-09-23 14:37:00,GMG.V,,2.4600000381469727,2.4600000381469727,2.4600000381469727,2.4600000381469727,100.0
2026-09-23 14:37:00,GRSL.V,,0.3474999964237213,0.3474999964237213,0.3474999964237213,0.3474999964237213,500.0
2026-09-23 14:37:00,ICM.V,,0.07500000298023224,0.07500000298023224,0.07500000298023224,0.07500000298023224,26543.0
2026-09-23 14:37:00,LUCA.V,,1.1150000095367432,1.1150000095367432,1.1150000095367432,1.1150000095367432,200.0
2026-09-23 14:37:00,TUF.V,,0.8799999952316284,0.8799999952316284,0.8799999952316284,0.8799999952316284,1000.0
2026-09-23 14:38:00,FDR.V,,6.849999904632568,6.849999904632568,6.849999904632568,6.849999904632568,1000.0
2026-09-23 14:38:00,FINV-P.V,,0.07000000029802322,0.07000000029802322,0.07000000029802322,0.07000000029802322,0.0
2026-09-23 14:38:00,FOR.V,,0.9200000166893005,0.9200000166893005,0.9200000166893005,0.9200000166893005,500.0
2026-09-23 14:38:00,GGO.V,,1.2100000381469727,1.2100000381469727,1.2100000381469727,1.2100000381469727,1400.0
2026-09-23 14:38:00,GWM.V,,1.0700000524520874,1.0700000524520874,1.0700000524520874,1.0700000524520874,5000.0
2026-09-23 14:38:00,LUCA.V,,1.1150000095367432,1.1150000095367432,1.1100000143051147,1.1150000095367432,2200.0
2026-09-23 14:38:00,MLP.V,,2.569999933242798,2.569999933242798,2.569999933242798,2.569999933242798,100.0
2026-09-23 14:38:00,MTT.V,,0.2750000059604645,0.2750000059604645,0.2750000059604645,0.2750000059604645,500.0
2026-09-23 14:38:00,PNG.V,,4.679999828338623,4.679999828338623,4.650000095367432,4.650000095367432,2700.0
2026-09-23 14:38:00,TUF.V,,0.8799999952316284,0.8799999952316284,0.8799999952316284,0.8799999952316284,500.0
2026-09-23 14:39:00,FPC.V,,0.5649999976158142,0.5649999976158142,0.5649999976158142,0.5649999976158142,500.0
2026-09-23 14:39:00,FWZ.V,,3.1500000953674316,3.1500000953674316,3.1500000953674316,3.1500000953674316,3300.0
2026-09-23 14:39:00,GMG.V,,2.4600000381469727,2.4600000381469727,2.4600000381469727,2.4600000381469727,100.0
2026-09-23 14:39:00,GRSL.V,,0.3474999964237213,0.3474999964237213,0.3474999964237213,0.3474999964237213,500.0
2026-09-23 14:39:00,GWM.V,,1.0800000429153442,1.0800000429153442,1.0800000429153442,1.0800000429153442,4000.0
2026-09-23 14:39:00,KRY.V,,3.5899999141693115,3.5899999141693115,3.5899999141693115,3.5899999141693115,1300.0
2026-09-23 14:39:00,LUCA.V,,1.1150000095367432,1.1150000095367432,1.1100000143051147,1.1150000095367432,1600.0
2026-09-23 14:39:00,MN.V,,0.0949999988079071,0.10000000149011612,0.0949999988079071,0.10000000149011612,5000.0
2026-09-23 14:39:00,PNG.V,,4.679999828338623,4.679999828338623,4.679999828338623,4.679999828338623,2250.0
2026-09-23 14:39:00,TUF.V,,0.8799999952316284,0.8799999952316284,0.8799999952316284,0.8799999952316284,500.0
2026-09-23 14:40:00,GGO.V,,1.2100000381469727,1.2100000381469727,1.2100000381469727,1.2100000381469727,2600.0
2026-09-23 14:40:00,GWM.V,,1.090000033378601,1.090000033378601,1.0800000429153442,1.0800000429153442,6000.0
2026-09-23 14:40:00,INTR.V,,0.875,0.875,0.8700000047683716,0.8700000047683716,1500.0
2026-09-23 14:40:00,LUCA.V,,1.1150000095367432,1.1150000095367432,1.1100000143051147,1.1100000143051147,1300.0
2026-09-23 14:40:00,MLP.V,,2.5999999046325684,2.5999999046325684,2.5799999237060547,2.5799999237060547,2900.0
2026-09-23 14:40:00,TUF.V,,0.8799999952316284,0.8799999952316284,0.8799999952316284,0.8799999952316284,500.0
2026-09-23 14:41:00,FDR.V,,6.840000152587891,6.840000152587891,6.840000152587891,6.840000152587891,200.0
2026-09-23 14:41:00,FWZ.V,,3.1500000953674316,3.1500000953674316,3.1500000953674316,3.1500000953674316,100.0
2026-09-23 14:41:00,GRSL.V,,0.3474999964237213,0.3474999964237213,0.3474999964237213,0.3474999964237213,500.0
2026-09-23 14:41:00,GWM.V,,1.090000033378601,1.090000033378601,1.090000033378601,1.090000033378601,14500.0
2026-09-23 14:41:00,HITI.V,,3.8299999237060547,3.8299999237060547,3.8299999237060547,3.8299999237060547,100.0
2026-09-23 14:41:00,ITR.V,,3.9100000858306885,3.9100000858306885,3.9100000858306885,3.9100000858306885,100.0
2026-09-23 14:41:00,LUCA.V,,1.1100000143051147,1.1150000095367432,1.1100000143051147,1.1100000143051147,2500.0
2026-09-23 14:41:00,MKO.V,,14.109999656677246,14.109999656677246,14.109999656677246,14.109999656677246,395.0
2026-09-23 14:41:00,TUF.V,,0.8799999952316284,0.8799999952316284,0.8799999952316284,0.8799999952316284,500.0
2026-09-23 14:42:00,GMG.V,,2.4600000381469727,2.4600000381469727,2.4600000381469727,2.4600000381469727,100.0
2026-09-23 14:42:00,GWM.V,,1.100000023841858,1.100000023841858,1.0850000381469727,1.090000033378601,12107.0
2026-09-23 14:42:00,LUCA.V,,1.1100000143051147,1.1150000095367432,1.1100000143051147,1.1100000143051147,12435.0
2026-09-23 14:42:00,MCF.V,,0.014999999664723873,0.014999999664723873,0.014999999664723873,0.014999999664723873,195100.0
2026-09-23 14:42:00,PNG.V,,4.679999828338623,4.690000057220459,4.679999828338623,4.679999828338623,14000.0
2026-09-23 14:42:00,TUF.V,,0.8799999952316284,0.8799999952316284,0.8799999952316284,0.8799999952316284,1000.0
2026-09-23 14:43:00,FWZ.V,,3.1500000953674316,3.1500000953674316,3.1500000953674316,3.1500000953674316,100.0
2026-09-23 14:43:00,GMG.V,,2.4600000381469727,2.4600000381469727,2.4600000381469727,2.4600000381469727,100.0
2026-09-23 14:43:00,GRSL.V,,0.3474999964237213,0.3474999964237213,0.3474999964237213,0.3474999964237213,500.0
2026-09-23 14:43:00,GWM.V,,1.100000023841858,1.100000023841858,1.100000023841858,1.100000023841858,31250.0
2026-09-23 14:43:00,HITI.V,,3.8299999237060547,3.8299999237060547,3.8299999237060547,3.8299999237060547,100.0
2026-09-23 14:43:00,KDK.V,,0.75,0.75,0.75,0.75,500.0
2026-09-23 14:43:00,LUCA.V,,1.1100000143051147,1.1100000143051147,1.1050000190734863,1.1050000190734863,600.0
2026-09-23 14:43:00,PNG.V,,4.690000057220459,4.690000057220459,4.690000057220459,4.690000057220459,500.0
2026-09-23 14:43:00,TUF.V,,0.8799999952316284,0.8799999952316284,0.8799999952316284,0.8799999952316284,500.0
2026-09-23 14:44:00,GWM.V,,1.090000033378601,1.090000033378601,1.0800000429153442,1.090000033378601,6400.0
2026-09-23 14:44:00,HITI.V,,3.8299999237060547,3.8299999237060547,3.8299999237060547,3.8299999237060547,100.0
2026-09-23 14:44:00,LUCA.V,,1.1100000143051147,1.1100000143051147,1.1100000143051147,1.1100000143051147,600.0
2026-09-23 14:44:00,PNG.V,,4.679999828338623,4.690000057220459,4.679999828338623,4.690000057220459,800.0
2026-09-23 14:44:00,TUF.V,,0.8799999952316284,0.8799999952316284,0.8799999952316284,0.8799999952316284,500.0
2026-09-23 14:45:00,FDR.V,,6.840000152587891,6.840000152587891,6.840000152587891,6.840000152587891,100.0
2026-09-23 14:45:00,FWZ.V,,3.140000104904175,3.140000104904175,3.140000104904175,3.140000104904175,283.0
2026-09-23 14:45:00,GRSL.V,,0.3474999964237213,0.3474999964237213,0.3474999964237213,0.3474999964237213,3247.0
2026-09-23 14:45:00,LUCA.V,,1.1100000143051147,1.1100000143051147,1.1100000143051147,1.1100000143051147,600.0
2026-09-23 14:45:00,PNG.V,,4.670000076293945,4.679999828338623,4.670000076293945,4.679999828338623,5700.0
2026-09-23 14:45:00,TUF.V,,0.8799999952316284,0.8799999952316284,0.8799999952316284,0.8799999952316284,500.0
2026-09-23 14:46:00,FWZ.V,,3.140000104904175,3.140000104904175,3.140000104904175,3.140000104904175,100.0
2026-09-23 14:46:00,GMG.V,,2.4700000286102295,2.4700000286102295,2.4700000286102295,2.4700000286102295,100.0
2026-09-23 14:46:00,GPAC.V,,0.20000000298023224,0.20000000298023224,0.20000000298023224,0.20000000298023224,21500.0
2026-09-23 14:46:00,GRDM.V,,0.14000000059604645,0.14000000059604645,0.14000000059604645,0.14000000059604645,47304.0
2026-09-23 14:46:00,GWM.V,,1.0850000381469727,1.090000033378601,1.0800000429153442,1.090000033378601,5500.0
2026-09-23 14:46:00,GZD.V,,0.054999999701976776,0.054999999701976776,0.054999999701976776,0.054999999701976776,291000.0
2026-09-23 14:46:00,HITI.V,,3.8299999237060547,3.8299999237060547,3.8299999237060547,3.8299999237060547,200.0
2026-09-23 14:46:00,LUCA.V,,1.1050000190734863,1.1100000143051147,1.1050000190734863,1.1100000143051147,800.0
2026-09-23 14:46:00,PNG.V,,4.670000076293945,4.670000076293945,4.659999847412109,4.659999847412109,2400.0
2026-09-23 14:46:00,TUF.V,,0.875,0.875,0.875,0.875,500.0
2026-09-23 14:47:00,GGL.V,,0.054999999701976776,0.054999999701976776,0.054999999701976776,0.054999999701976776,12040.0
2026-09-23 14:47:00,GMG.V,,2.4700000286102295,2.4700000286102295,2.4700000286102295,2.4700000286102295,100.0
2026-09-23 14:47:00,GSPR.V,,0.10999999940395355,0.10999999940395355,0.10999999940395355,0.10999999940395355,2500.0
2026-09-23 14:47:00,GWM.V,,1.100000023841858,1.100000023841858,1.090000033378601,1.090000033378601,9500.0
2026-09-23 14:47:00,KLDC.V,,0.38499999046325684,0.38499999046325684,0.38499999046325684,0.38499999046325684,2000.0
2026-09-23 14:47:00,LUCA.V,,1.1100000143051147,1.1100000143051147,1.1100000143051147,1.1100000143051147,600.0
2026-09-23 14:47:00,MLP.V,,2.5799999237060547,2.5899999141693115,2.5799999237060547,2.5899999141693115,1200.0
2026-09-23 14:47:00,PNG.V,,4.679999828338623,4.679999828338623,4.670000076293945,4.670000076293945,2900.0
2026-09-23 14:47:00,TUF.V,,0.8799999952316284,0.8799999952316284,0.8799999952316284,0.8799999952316284,500.0
2026-09-23 14:48:00,EQTY.V,,0.125,0.125,0.125,0.125,10762.0
2026-09-23 14:48:00,GOT.V,,1.7300000190734863,1.7300000190734863,1.7300000190734863,1.7300000190734863,1400.0
2026-09-23 14:48:00,GWM.V,,1.100000023841858,1.100000023841858,1.090000033378601,1.090000033378601,4129.0
2026-09-23 14:48:00,LUCA.V,,1.1100000143051147,1.1100000143051147,1.1100000143051147,1.1100000143051147,500.0
2026-09-23 14:48:00,MKO.V,,14.149999618530273,14.149999618530273,14.130000114440918,14.130000114440918,900.0
2026-09-23 14:48:00,PNG.V,,4.690000057220459,4.690000057220459,4.690000057220459,4.690000057220459,5490.0
2026-09-23 14:48:00,TUF.V,,0.8799999952316284,0.8799999952316284,0.8799999952316284,0.8799999952316284,500.0
2026-09-23 14:49:00,BIG.V,,1.399999976158142,1.399999976158142,1.399999976158142,1.399999976158142,200.0
2026-09-23 14:49:00,FMS.V,,0.42500001192092896,0.42500001192092896,0.42500001192092896,0.42500001192092896,35524.0
2026-09-23 14:49:00,FOR.V,,0.9100000262260437,0.9100000262260437,0.9100000262260437,0.9100000262260437,500.0
2026-09-23 14:49:00,GLD.V,,0.03999999910593033,0.03999999910593033,0.03999999910593033,0.03999999910593033,0.0
2026-09-23 14:49:00,GMG.V,,2.4800000190734863,2.4800000190734863,2.4800000190734863,2.4800000190734863,300.0
2026-09-23 14:49:00,GWM.V,,1.0800000429153442,1.090000033378601,1.0800000429153442,1.090000033378601,3515.0
2026-09-23 14:49:00,HITI.V,,3.8299999237060547,3.8299999237060547,3.8299999237060547,3.8299999237060547,1500.0
2026-09-23 14:49:00,LUCA.V,,1.1100000143051147,1.1100000143051147,1.1100000143051147,1.1100000143051147,600.0
2026-09-23 14:49:00,MKO.V,,14.140000343322754,14.140000343322754,14.140000343322754,14.140000343322754,200.0
2026-09-23 14:49:00,MTT.V,,0.2750000059604645,0.2750000059604645,0.2750000059604645,0.2750000059604645,40500.0
2026-09-23 14:49:00,TUF.V,,0.8799999952316284,0.8799999952316284,0.8799999952316284,0.8799999952316284,500.0
2026-09-23 14:50:00,BIG.V,,1.399999976158142,1.399999976158142,1.399999976158142,1.399999976158142,800.0
2026-09-23 14:50:00,FDR.V,,6.840000152587891,6.840000152587891,6.840000152587891,6.840000152587891,100.0
2026-09-23 14:50:00,GMG.V,,2.490000009536743,2.490000009536743,2.490000009536743,2.490000009536743,200.0
2026-09-23 14:50:00,GOT.V,,1.7300000190734863,1.7300000190734863,1.7300000190734863,1.7300000190734863,1100.0
2026-09-23 14:50:00,GWM.V,,1.0800000429153442,1.0800000429153442,1.0750000476837158,1.0800000429153442,9100.0
2026-09-23 14:50:00,LUCA.V,,1.1050000190734863,1.1100000143051147,1.1050000190734863,1.1100000143051147,900.0
2026-09-23 14:50:00,TUF.V,,0.8799999952316284,0.8799999952316284,0.8799999952316284,0.8799999952316284,500.0
2026-09-23 14:51:00,BIG.V,,1.399999976158142,1.399999976158142,1.399999976158142,1.399999976158142,100.0
2026-09-23 14:51:00,GOT.V,,1.7300000190734863,1.7300000190734863,1.7200000286102295,1.7300000190734863,27570.0
2026-09-23 14:51:00,GWM.V,,1.0700000524520874,1.0800000429153442,1.0700000524520874,1.0800000429153442,4000.0
2026-09-23 14:51:00,HITI.V,,3.8299999237060547,3.8299999237060547,3.8299999237060547,3.8299999237060547,3500.0
2026-09-23 14:51:00,KTN.V,,1.190000057220459,1.190000057220459,1.190000057220459,1.190000057220459,53900.0
2026-09-23 14:51:00,LUCA.V,,1.1050000190734863,1.1100000143051147,1.1050000190734863,1.1100000143051147,1100.0
2026-09-23 14:51:00,PNG.V,,4.679999828338623,4.690000057220459,4.679999828338623,4.690000057220459,705.0
2026-09-23 14:51:00,TUF.V,,0.8799999952316284,0.8799999952316284,0.8799999952316284,0.8799999952316284,500.0
2026-09-23 14:52:00,FHYD.V,,0.36000001430511475,0.36000001430511475,0.36000001430511475,0.36000001430511475,14361.0
2026-09-23 14:52:00,GAL.V,,0.5649999976158142,0.5649999976158142,0.5649999976158142,0.5649999976158142,500.0
2026-09-23 14:52:00,GRSL.V,,0.3449999988079071,0.3449999988079071,0.3449999988079071,0.3449999988079071,9500.0
2026-09-23 14:52:00,GRZ.V,,6.900000095367432,6.900000095367432,6.900000095367432,6.900000095367432,48148.0
2026-09-23 14:52:00,GWM.V,,1.090000033378601,1.090000033378601,1.0800000429153442,1.0800000429153442,50000.0
2026-09-23 14:52:00,IPT.V,,0.29499998688697815,0.29499998688697815,0.29499998688697815,0.29499998688697815,1000.0
2026-09-23 14:52:00,IRR.V,,1.3200000524520874,1.3200000524520874,1.3200000524520874,1.3200000524520874,500.0
2026-09-23 14:52:00,LUCA.V,,1.1050000190734863,1.1100000143051147,1.1050000190734863,1.1100000143051147,4200.0
2026-09-23 14:52:00,TUF.V,,0.8799999952316284,0.8799999952316284,0.8799999952316284,0.8799999952316284,500.0
2026-09-23 14:53:00,EPF.V,,0.3700000047683716,0.3700000047683716,0.3700000047683716,0.3700000047683716,13500.0
2026-09-23 14:53:00,GGAU.V,,0.15000000596046448,0.15000000596046448,0.15000000596046448,0.15000000596046448,6000.0
2026-09-23 14:53:00,GOT.V,,1.725000023841858,1.7300000190734863,1.7200000286102295,1.7300000190734863,10700.0
2026-09-23 14:53:00,GRSL.V,,0.3449999988079071,0.3449999988079071,0.3449999988079071,0.3449999988079071,1500.0
2026-09-23 14:53:00,GWM.V,,1.100000023841858,1.100000023841858,1.0800000429153442,1.090000033378601,16000.0
2026-09-23 14:53:00,LUCA.V,,1.1050000190734863,1.1100000143051147,1.1050000190734863,1.1100000143051147,900.0
2026-09-23 14:53:00,MLP.V,,2.5799999237060547,2.5799999237060547,2.5799999237060547,2.5799999237060547,100.0
2026-09-23 14:53:00,PNG.V,,4.690000057220459,4.690000057220459,4.690000057220459,4.690000057220459,100.0
2026-09-23 14:53:00,TUF.V,,0.8799999952316284,0.8799999952316284,0.8799999952316284,0.8799999952316284,500.0
2026-09-23 14:54:00,FOR.V,,0.8999999761581421,0.8999999761581421,0.8999999761581421,0.8999999761581421,500.0
2026-09-23 14:54:00,FWZ.V,,3.1500000953674316,3.1500000953674316,3.1500000953674316,3.1500000953674316,100.0
2026-09-23 14:54:00,GOT.V,,1.7400000095367432,1.7400000095367432,1.7400000095367432,1.7400000095367432,100.0
2026-09-23 14:54:00,GWM.V,,1.090000033378601,1.100000023841858,1.090000033378601,1.0950000286102295,3300.0
2026-09-23 14:54:00,LUCA.V,,1.1050000190734863,1.1100000143051147,1.1050000190734863,1.1100000143051147,1400.0
2026-09-23 14:54:00,TUF.V,,0.8799999952316284,0.8799999952316284,0.8799999952316284,0.8799999952316284,500.0
2026-09-23 14:55:00,BIG.V,,1.399999976158142,1.399999976158142,1.399999976158142,1.399999976158142,7000.0
2026-09-23 14:55:00,EQTY.V,,0.125,0.125,0.125,0.125,28000.0
2026-09-23 14:55:00,FDR.V,,6.900000095367432,6.900000095367432,6.840000152587891,6.849999904632568,19714.0
2026-09-23 14:55:00,GMG.V,,2.4800000190734863,2.4800000190734863,2.4800000190734863,2.4800000190734863,200.0
2026-09-23 14:55:00,GWM.V,,1.100000023841858,1.100000023841858,1.100000023841858,1.100000023841858,1500.0
2026-09-23 14:55:00,LUCA.V,,1.1100000143051147,1.1100000143051147,1.1100000143051147,1.1100000143051147,500.0
2026-09-23 14:55:00,MTT.V,,0.27000001072883606,0.27000001072883606,0.27000001072883606,0.27000001072883606,104081.0
2026-09-23 14:55:00,PNG.V,,4.690000057220459,4.690000057220459,4.690000057220459,4.690000057220459,100.0
2026-09-23 14:55:00,TUF.V,,0.8799999952316284,0.8799999952316284,0.8799999952316284,0.8799999952316284,42000.0
2026-09-23 14:56:00,BIG.V,,1.399999976158142,1.399999976158142,1.399999976158142,1.399999976158142,100.0
2026-09-23 14:56:00,FDR.V,,6.900000095367432,6.900000095367432,6.900000095367432,6.900000095367432,537.0
2026-09-23 14:56:00,GGAU.V,,0.15000000596046448,0.15000000596046448,0.15000000596046448,0.15000000596046448,19500.0
2026-09-23 14:56:00,GRD.V,,0.06499999761581421,0.06499999761581421,0.06499999761581421,0.06499999761581421,15535.0
2026-09-23 14:56:00,HAWK.V,,0.02500000037252903,0.02500000037252903,0.02500000037252903,0.02500000037252903,2000.0
2026-09-23 14:56:00,KCC.V,,1.0499999523162842,1.0499999523162842,1.0499999523162842,1.0499999523162842,800.0
2026-09-23 14:56:00,LUCA.V,,1.1050000190734863,1.1100000143051147,1.1050000190734863,1.1050000190734863,1400.0
2026-09-23 14:56:00,PNG.V,,4.679999828338623,4.690000057220459,4.679999828338623,4.690000057220459,3460.0
2026-09-23 14:56:00,TUF.V,,0.8899999856948853,0.8899999856948853,0.8899999856948853,0.8899999856948853,500.0
2026-09-23 14:57:00,BIG.V,,1.399999976158142,1.399999976158142,1.3949999809265137,1.3949999809265137,9900.0
2026-09-23 14:57:00,FDR.V,,6.940000057220459,6.940000057220459,6.940000057220459,6.940000057220459,200.0
2026-09-23 14:57:00,GEL.V,,0.10000000149011612,0.10000000149011612,0.10000000149011612,0.10000000149011612,175000.0
2026-09-23 14:57:00,GRD.V,,0.06499999761581421,0.06499999761581421,0.06499999761581421,0.06499999761581421,16000.0
2026-09-23 14:57:00,GWM.V,,1.1100000143051147,1.1100000143051147,1.100000023841858,1.100000023841858,13075.0
2026-09-23 14:57:00,LUCA.V,,1.1100000143051147,1.1100000143051147,1.1100000143051147,1.1100000143051147,500.0
2026-09-23 14:57:00,TUF.V,,0.8899999856948853,0.8899999856948853,0.8899999856948853,0.8899999856948853,500.0
2026-09-23 14:58:00,BIG.V,,1.399999976158142,1.399999976158142,1.3949999809265137,1.399999976158142,12790.0
2026-09-23 14:58:00,FWZ.V,,3.1500000953674316,3.1500000953674316,3.1500000953674316,3.1500000953674316,100.0
2026-09-23 14:58:00,GRD.V,,0.06499999761581421,0.06499999761581421,0.06499999761581421,0.06499999761581421,97868.0
2026-09-23 14:58:00,GWM.V,,1.1200000047683716,1.1200000047683716,1.100000023841858,1.1100000143051147,15500.0
2026-09-23 14:58:00,IPT.V,,0.28999999165534973,0.28999999165534973,0.28999999165534973,0.28999999165534973,55020.0
2026-09-23 14:58:00,LUCA.V,,1.1050000190734863,1.1100000143051147,1.1050000190734863,1.1100000143051147,1400.0
2026-09-23 14:58:00,MKO.V,,14.170000076293945,14.170000076293945,14.170000076293945,14.170000076293945,300.0
2026-09-23 14:58:00,TUF.V,,0.8899999856948853,0.8899999856948853,0.8899999856948853,0.8899999856948853,1000.0
2026-09-23 14:59:00,FDR.V,,6.949999809265137,6.949999809265137,6.949999809265137,6.949999809265137,300.0
2026-09-23 14:59:00,GPAC.V,,0.20000000298023224,0.20000000298023224,0.20000000298023224,0.20000000298023224,15000.0
2026-09-23 14:59:00,ITR.V,,3.9100000858306885,3.9149999618530273,3.9100000858306885,3.9149999618530273,2100.0
2026-09-23 14:59:00,LUCA.V,,1.1100000143051147,1.1100000143051147,1.1100000143051147,1.1100000143051147,500.0
2026-09-23 14:59:00,MKO.V,,14.180000305175781,14.180000305175781,14.180000305175781,14.180000305175781,100.0
2026-09-23 14:59:00,PNG.V,,4.699999809265137,4.699999809265137,4.699999809265137,4.699999809265137,1500.0
2026-09-23 14:59:00,TUF.V,,0.8899999856948853,0.8899999856948853,0.8899999856948853,0.8899999856948853,500.0
2026-09-23 15:00:00,BIG.V,,1.3949999809265137,1.3949999809265137,1.3949999809265137,1.3949999809265137,600.0
2026-09-23 15:00:00,FDR.V,,6.949999809265137,6.949999809265137,6.949999809265137,6.949999809265137,200.0
2026-09-23 15:00:00,FOR.V,,0.9100000262260437,0.9100000262260437,0.8999999761581421,0.8999999761581421,2500.0
2026-09-23 15:00:00,GPAC.V,,0.20000000298023224,0.20000000298023224,0.20000000298023224,0.20000000298023224,500.0
2026-09-23 15:00:00,GWM.V,,1.1100000143051147,1.1200000047683716,1.1100000143051147,1.1200000047683716,5500.0
2026-09-23 15:00:00,HVG.V,,0.05000000074505806,0.05000000074505806,0.05000000074505806,0.05000000074505806,7003.0
2026-09-23 15:00:00,LUCA.V,,1.1100000143051147,1.1100000143051147,1.1050000190734863,1.1050000190734863,500.0
2026-09-23 15:00:00,ROAR.V,,0.27000001072883606,0.27000001072883606,0.27000001072883606,0.27000001072883606,3505.0
2026-09-23 15:00:00,TUF.V,,0.8899999856948853,0.8899999856948853,0.8899999856948853,0.8899999856948853,1000.0
2026-09-23 15:01:00,EQTY.V,,0.125,0.125,0.125,0.125,42100.0
2026-09-23 15:01:00,FDR.V,,6.949999809265137,6.949999809265137,6.949999809265137,6.949999809265137,100.0
2026-09-23 15:01:00,GWM.V,,1.1100000143051147,1.1100000143051147,1.1100000143051147,1.1100000143051147,7000.0
2026-09-23 15:01:00,TUF.V,,0.8899999856948853,0.8899999856948853,0.8899999856948853,0.8899999856948853,1000.0
2026-09-23 15:02:00,FDR.V,,6.949999809265137,6.949999809265137,6.949999809265137,6.949999809265137,100.0
2026-09-23 15:02:00,FWZ.V,,3.1500000953674316,3.1500000953674316,3.1500000953674316,3.1500000953674316,100.0
2026-09-23 15:02:00,GFG.V,,0.22499999403953552,0.22499999403953552,0.22499999403953552,0.22499999403953552,2000.0
2026-09-23 15:02:00,GMG.V,,2.4700000286102295,2.4700000286102295,2.4700000286102295,2.4700000286102295,100.0
2026-09-23 15:02:00,GOT.V,,1.7400000095367432,1.7400000095367432,1.7400000095367432,1.7400000095367432,8600.0
2026-09-23 15:02:00,LUCA.V,,1.1100000143051147,1.1100000143051147,1.1050000190734863,1.1050000190734863,1600.0
2026-09-23 15:02:00,PNG.V,,4.699999809265137,4.699999809265137,4.699999809265137,4.699999809265137,100.0
2026-09-23 15:02:00,ROAR.V,,0.27000001072883606,0.27000001072883606,0.27000001072883606,0.27000001072883606,500.0
2026-09-23 15:02:00,TUF.V,,0.8899999856948853,0.8899999856948853,0.8899999856948853,0.8899999856948853,500.0
2026-09-23 15:03:00,BIG.V,,1.399999976158142,1.399999976158142,1.399999976158142,1.399999976158142,20800.0
2026-09-23 15:03:00,FDR.V,,6.900000095367432,6.949999809265137,6.900000095367432,6.940000057220459,3800.0
2026-09-23 15:03:00,GGO.V,,1.2200000286102295,1.2200000286102295,1.2200000286102295,1.2200000286102295,100.0
2026-09-23 15:03:00,GMG.V,,2.4700000286102295,2.4700000286102295,2.4700000286102295,2.4700000286102295,100.0
2026-09-23 15:03:00,GOT.V,,1.7400000095367432,1.7400000095367432,1.7400000095367432,1.7400000095367432,800.0
2026-09-23 15:03:00,GWM.V,,1.1200000047683716,1.1200000047683716,1.1200000047683716,1.1200000047683716,1000.0
2026-09-23 15:03:00,HITI.V,,3.8299999237060547,3.8299999237060547,3.8299999237060547,3.8299999237060547,100.0
2026-09-23 15:03:00,LUCA.V,,1.1050000190734863,1.1050000190734863,1.1050000190734863,1.1050000190734863,500.0
2026-09-23 15:03:00,PNG.V,,4.699999809265137,4.699999809265137,4.699999809265137,4.699999809265137,1100.0
2026-09-23 15:03:00,TUF.V,,0.8700000047683716,0.8899999856948853,0.8700000047683716,0.8899999856948853,54799.0
2026-09-23 15:04:00,GEMC.V,,0.019999999552965164,0.019999999552965164,0.019999999552965164,0.019999999552965164,0.0
2026-09-23 15:04:00,GWM.V,,1.125,1.125,1.1100000143051147,1.1150000095367432,31350.0
2026-09-23 15:04:00,LXE.V,,0.23999999463558197,0.23999999463558197,0.23999999463558197,0.23999999463558197,91502.0
2026-09-23 15:04:00,MKO.V,,14.140000343322754,14.140000343322754,14.140000343322754,14.140000343322754,400.0
2026-09-23 15:04:00,MTLO.V,,0.004999999888241291,0.004999999888241291,0.004999999888241291,0.004999999888241291,65890.0
2026-09-23 15:04:00,TUF.V,,0.8600000143051147,0.8700000047683716,0.8600000143051147,0.8700000047683716,22000.0
2026-09-23 15:05:00,BIG.V,,1.409999966621399,1.409999966621399,1.4049999713897705,1.4049999713897705,27600.0
2026-09-23 15:05:00,FOR.V,,0.9100000262260437,0.9100000262260437,0.9100000262260437,0.9100000262260437,500.0
2026-09-23 15:05:00,FWZ.V,,3.1600000858306885,3.1600000858306885,3.1500000953674316,3.1500000953674316,26650.0
2026-09-23 15:05:00,GEMC.V,,0.019999999552965164,0.019999999552965164,0.019999999552965164,0.019999999552965164,40000.0
2026-09-23 15:05:00,GLD.V,,0.04500000178813934,0.04500000178813934,0.04500000178813934,0.04500000178813934,19579.0
2026-09-23 15:05:00,GWM.V,,1.1299999952316284,1.1299999952316284,1.1200000047683716,1.1200000047683716,8500.0
2026-09-23 15:05:00,LCX.V,,1.8700000047683716,1.8700000047683716,1.8700000047683716,1.8700000047683716,3001.0
2026-09-23 15:05:00,MKO.V,,14.15999984741211,14.15999984741211,14.15999984741211,14.15999984741211,100.0
2026-09-23 15:05:00,PNG.V,,4.699999809265137,4.699999809265137,4.699999809265137,4.699999809265137,200.0
2026-09-23 15:06:00,BIG.V,,1.4049999713897705,1.409999966621399,1.4049999713897705,1.409999966621399,1500.0
2026-09-23 15:06:00,FWZ.V,,3.1700000762939453,3.1700000762939453,3.1700000762939453,3.1700000762939453,200.0
2026-09-23 15:06:00,GEL.V,,0.10499999672174454,0.10499999672174454,0.10499999672174454,0.10499999672174454,1000.0
2026-09-23 15:06:00,GEMC.V,,0.019999999552965164,0.019999999552965164,0.019999999552965164,0.019999999552965164,120000.0
2026-09-23 15:06:00,GOT.V,,1.7200000286102295,1.7300000190734863,1.7200000286102295,1.7300000190734863,15800.0
2026-09-23 15:06:00,GPG.V,,0.3149999976158142,0.3149999976158142,0.3149999976158142,0.3149999976158142,7700.0
2026-09-23 15:06:00,GWM.V,,1.1299999952316284,1.1299999952316284,1.1299999952316284,1.1299999952316284,6600.0
2026-09-23 15:06:00,MKO.V,,14.180000305175781,14.180000305175781,14.15999984741211,14.15999984741211,300.0
2026-09-23 15:06:00,PNG.V,,4.699999809265137,4.699999809265137,4.699999809265137,4.699999809265137,200.0
2026-09-23 15:07:00,GEMC.V,,0.019999999552965164,0.019999999552965164,0.019999999552965164,0.019999999552965164,329000.0
2026-09-23 15:07:00,GMG.V,,2.4700000286102295,2.4700000286102295,2.4700000286102295,2.4700000286102295,100.0
2026-09-23 15:07:00,GWM.V,,1.1100000143051147,1.1200000047683716,1.1100000143051147,1.1200000047683716,75499.0
2026-09-23 15:07:00,IPT.V,,0.28999999165534973,0.28999999165534973,0.28999999165534973,0.28999999165534973,500.0
2026-09-23 15:07:00,LUCA.V,,1.1050000190734863,1.1050000190734863,1.1050000190734863,1.1050000190734863,200.0
2026-09-23 15:07:00,MKO.V,,14.180000305175781,14.180000305175781,14.180000305175781,14.180000305175781,110.0
2026-09-23 15:07:00,PNG.V,,4.699999809265137,4.699999809265137,4.690000057220459,4.695000171661377,42560.0
2026-09-23 15:07:00,TUF.V,,0.8799999952316284,0.8799999952316284,0.8700000047683716,0.8700000047683716,31000.0
2026-09-23 15:08:00,FDR.V,,6.940000057220459,6.940000057220459,6.940000057220459,6.940000057220459,100.0
2026-09-23 15:08:00,GEL.V,,0.10000000149011612,0.10000000149011612,0.10000000149011612,0.10000000149011612,89000.0
2026-09-23 15:08:00,GOT.V,,1.7300000190734863,1.7300000190734863,1.7300000190734863,1.7300000190734863,1700.0
2026-09-23 15:08:00,GSI.V,,1.7000000476837158,1.7000000476837158,1.7000000476837158,1.7000000476837158,24845.0
2026-09-23 15:08:00,GWM.V,,1.1100000143051147,1.1100000143051147,1.1050000190734863,1.1100000143051147,23500.0
2026-09-23 15:08:00,LUCA.V,,1.1050000190734863,1.1050000190734863,1.1050000190734863,1.1050000190734863,300.0
2026-09-23 15:08:00,PNG.V,,4.710000038146973,4.710000038146973,4.699999809265137,4.699999809265137,8451.0
2026-09-23 15:08:00,TUF.V,,0.8799999952316284,0.8799999952316284,0.8799999952316284,0.8799999952316284,2500.0
2026-09-23 15:09:00,EQTY.V,,0.12999999523162842,0.12999999523162842,0.12999999523162842,0.12999999523162842,47301.0
2026-09-23 15:09:00,FDR.V,,6.940000057220459,6.940000057220459,6.909999847412109,6.940000057220459,400.0
2026-09-23 15:09:00,FWZ.V,,3.1700000762939453,3.1700000762939453,3.1700000762939453,3.1700000762939453,200.0
2026-09-23 15:09:00,GWM.V,,1.1200000047683716,1.1299999952316284,1.1200000047683716,1.1200000047683716,5500.0
2026-09-23 15:09:00,LUCA.V,,1.1050000190734863,1.1050000190734863,1.1050000190734863,1.1050000190734863,400.0
2026-09-23 15:09:00,PNG.V,,4.699999809265137,4.710000038146973,4.699999809265137,4.710000038146973,7840.0
2026-09-23 15:09:00,TUF.V,,0.8799999952316284,0.8799999952316284,0.875,0.8799999952316284,58200.0
2026-09-23 15:10:00,FDR.V,,6.940000057220459,6.940000057220459,6.940000057220459,6.940000057220459,200.0
2026-09-23 15:10:00,FWZ.V,,3.1700000762939453,3.1700000762939453,3.1700000762939453,3.1700000762939453,200.0
2026-09-23 15:10:00,GMG.V,,2.4700000286102295,2.4700000286102295,2.4700000286102295,2.4700000286102295,100.0
2026-09-23 15:10:00,GOT.V,,1.7300000190734863,1.7300000190734863,1.7300000190734863,1.7300000190734863,2500.0
2026-09-23 15:10:00,HITI.V,,3.8299999237060547,3.8299999237060547,3.8299999237060547,3.8299999237060547,100.0
2026-09-23 15:10:00,LUCA.V,,1.1050000190734863,1.1050000190734863,1.1050000190734863,1.1050000190734863,3000.0
2026-09-23 15:10:00,PNG.V,,4.71999979019165,4.71999979019165,4.704999923706055,4.710000038146973,26500.0
2026-09-23 15:10:00,TUF.V,,0.8799999952316284,0.8799999952316284,0.8799999952316284,0.8799999952316284,500.0
2026-09-23 15:11:00,FDR.V,,6.940000057220459,6.940000057220459,6.940000057220459,6.940000057220459,200.0
2026-09-23 15:11:00,FWZ.V,,3.1700000762939453,3.1700000762939453,3.1700000762939453,3.1700000762939453,200.0
2026-09-23 15:11:00,GWM.V,,1.1299999952316284,1.1299999952316284,1.1200000047683716,1.1200000047683716,11100.0
2026-09-23 15:11:00,LUCA.V,,1.1050000190734863,1.1050000190734863,1.1050000190734863,1.1050000190734863,400.0
2026-09-23 15:11:00,PNG.V,,4.75,4.75,4.71999979019165,4.71999979019165,40900.0
2026-09-23 15:12:00,FWZ.V,,3.1600000858306885,3.1700000762939453,3.1600000858306885,3.1700000762939453,305.0
2026-09-23 15:12:00,GOT.V,,1.7300000190734863,1.7300000190734863,1.7300000190734863,1.7300000190734863,400.0
2026-09-23 15:12:00,HITI.V,,3.8399999141693115,3.8399999141693115,3.8399999141693115,3.8399999141693115,400.0
2026-09-23 15:12:00,LUCA.V,,1.1050000190734863,1.1050000190734863,1.1050000190734863,1.1050000190734863,300.0
2026-09-23 15:12:00,PNG.V,,4.730000019073486,4.739999771118164,4.730000019073486,4.739999771118164,25700.0
2026-09-23 15:12:00,TUF.V,,0.8600000143051147,0.875,0.8600000143051147,0.875,104500.0
2026-09-23 15:13:00,BIG.V,,1.399999976158142,1.399999976158142,1.399999976158142,1.399999976158142,100.0
2026-09-23 15:13:00,FDR.V,,6.940000057220459,6.940000057220459,6.940000057220459,6.940000057220459,200.0
2026-09-23 15:13:00,GOT.V,,1.7300000190734863,1.7300000190734863,1.7300000190734863,1.7300000190734863,1100.0
2026-09-23 15:13:00,GWM.V,,1.1299999952316284,1.1299999952316284,1.1299999952316284,1.1299999952316284,7000.0
2026-09-23 15:13:00,KTN.V,,1.1950000524520874,1.1950000524520874,1.1950000524520874,1.1950000524520874,900.0
2026-09-23 15:13:00,LUCA.V,,1.1050000190734863,1.1050000190734863,1.1050000190734863,1.1050000190734863,300.0
2026-09-23 15:13:00,PNG.V,,4.739999771118164,4.739999771118164,4.730000019073486,4.730000019073486,2500.0
2026-09-23 15:13:00,TUF.V,,0.8600000143051147,0.8600000143051147,0.8600000143051147,0.8600000143051147,82000.0
2026-09-23 15:14:00,FDR.V,,6.949999809265137,6.949999809265137,6.949999809265137,6.949999809265137,100.0
2026-09-23 15:14:00,FOR.V,,0.9200000166893005,0.9200000166893005,0.9200000166893005,0.9200000166893005,500.0
2026-09-23 15:14:00,GGO.V,,1.2200000286102295,1.2200000286102295,1.2200000286102295,1.2200000286102295,1400.0
2026-09-23 15:14:00,GMG.V,,2.4700000286102295,2.4700000286102295,2.4700000286102295,2.4700000286102295,100.0
2026-09-23 15:14:00,GWM.V,,1.1299999952316284,1.1299999952316284,1.1299999952316284,1.1299999952316284,500.0
2026-09-23 15:14:00,HAWK.V,,0.019999999552965164,0.019999999552965164,0.019999999552965164,0.019999999552965164,219000.0
2026-09-23 15:14:00,INTR.V,,0.875,0.875,0.875,0.875,1000.0
2026-09-23 15:14:00,KRY.V,,3.569999933242798,3.5799999237060547,3.569999933242798,3.5799999237060547,300.0
2026-09-23 15:14:00,LUCA.V,,1.1050000190734863,1.1050000190734863,1.1050000190734863,1.1050000190734863,200.0
2026-09-23 15:14:00,MKO.V,,14.15999984741211,14.15999984741211,14.15999984741211,14.15999984741211,100.0
2026-09-23 15:14:00,MLP.V,,2.5899999141693115,2.5899999141693115,2.5899999141693115,2.5899999141693115,100.0
2026-09-23 15:14:00,PNG.V,,4.739999771118164,4.739999771118164,4.739999771118164,4.739999771118164,749.0
2026-09-23 15:15:00,FDR.V,,6.949999809265137,6.949999809265137,6.949999809265137,6.949999809265137,200.0
2026-09-23 15:15:00,FOR.V,,0.9200000166893005,0.9200000166893005,0.9200000166893005,0.9200000166893005,1000.0
2026-09-23 15:15:00,GAL.V,,0.5600000023841858,0.5600000023841858,0.5600000023841858,0.5600000023841858,1000.0
2026-09-23 15:15:00,GMG.V,,2.4700000286102295,2.4700000286102295,2.4700000286102295,2.4700000286102295,200.0
2026-09-23 15:15:00,GOT.V,,1.7300000190734863,1.7300000190734863,1.7300000190734863,1.7300000190734863,4700.0
2026-09-23 15:15:00,GWM.V,,1.1299999952316284,1.1299999952316284,1.1299999952316284,1.1299999952316284,4000.0
2026-09-23 15:15:00,LUCA.V,,1.1050000190734863,1.1050000190734863,1.1050000190734863,1.1050000190734863,200.0
2026-09-23 15:15:00,MLP.V,,2.5899999141693115,2.5899999141693115,2.5899999141693115,2.5899999141693115,1100.0
2026-09-23 15:15:00,PNG.V,,4.71999979019165,4.739999771118164,4.71999979019165,4.730000019073486,6445.0
2026-09-23 15:15:00,TUF.V,,0.8700000047683716,0.8700000047683716,0.8700000047683716,0.8700000047683716,3500.0
2026-09-23 15:16:00,EQTY.V,,0.12999999523162842,0.12999999523162842,0.12999999523162842,0.12999999523162842,38600.0
2026-09-23 15:16:00,FDR.V,,6.940000057220459,6.940000057220459,6.940000057220459,6.940000057220459,100.0
2026-09-23 15:16:00,FWZ.V,,3.1600000858306885,3.1600000858306885,3.1600000858306885,3.1600000858306885,1000.0
2026-09-23 15:16:00,GEL.V,,0.10000000149011612,0.10000000149011612,0.10000000149011612,0.10000000149011612,25000.0
2026-09-23 15:16:00,GMG.V,,2.4700000286102295,2.4700000286102295,2.4700000286102295,2.4700000286102295,100.0
2026-09-23 15:16:00,GWM.V,,1.1299999952316284,1.1299999952316284,1.1299999952316284,1.1299999952316284,7000.0
2026-09-23 15:16:00,KNG.V,,1.1299999952316284,1.1299999952316284,1.1299999952316284,1.1299999952316284,14260.0
2026-09-23 15:16:00,LUCA.V,,1.1050000190734863,1.1050000190734863,1.1050000190734863,1.1050000190734863,100.0
2026-09-23 15:16:00,PNG.V,,4.699999809265137,4.710000038146973,4.699999809265137,4.710000038146973,4500.0
2026-09-23 15:16:00,TUF.V,,0.8700000047683716,0.8700000047683716,0.8700000047683716,0.8700000047683716,11500.0
2026-09-23 15:17:00,FDR.V,,6.949999809265137,6.949999809265137,6.949999809265137,6.949999809265137,200.0
2026-09-23 15:17:00,FWZ.V,,3.1500000953674316,3.1500000953674316,3.1500000953674316,3.1500000953674316,200.0
2026-09-23 15:17:00,GEL.V,,0.10000000149011612,0.10000000149011612,0.10000000149011612,0.10000000149011612,5000.0
2026-09-23 15:17:00,GWM.V,,1.1100000143051147,1.1299999952316284,1.1100000143051147,1.1299999952316284,24500.0
2026-09-23 15:17:00,HAWK.V,,0.02500000037252903,0.02500000037252903,0.02500000037252903,0.02500000037252903,311000.0
2026-09-23 15:17:00,LCX.V,,1.8700000047683716,1.8700000047683716,1.8700000047683716,1.8700000047683716,1200.0
2026-09-23 15:17:00,LUCA.V,,1.1050000190734863,1.1050000190734863,1.1050000190734863,1.1050000190734863,200.0
2026-09-23 15:17:00,PNG.V,,4.690000057220459,4.710000038146973,4.690000057220459,4.710000038146973,2500.0
2026-09-23 15:17:00,TUF.V,,0.8799999952316284,0.8799999952316284,0.8700000047683716,0.8700000047683716,31000.0
2026-09-23 15:18:00,BIG.V,,1.399999976158142,1.399999976158142,1.399999976158142,1.399999976158142,100.0
2026-09-23 15:18:00,EQTY.V,,0.12999999523162842,0.13500000536441803,0.12999999523162842,0.13500000536441803,94000.0
2026-09-23 15:18:00,FDR.V,,6.949999809265137,6.949999809265137,6.949999809265137,6.949999809265137,4300.0
2026-09-23 15:18:00,FWZ.V,,3.1600000858306885,3.1600000858306885,3.1600000858306885,3.1600000858306885,1600.0
2026-09-23 15:18:00,GMG.V,,2.4700000286102295,2.4700000286102295,2.4700000286102295,2.4700000286102295,100.0
2026-09-23 15:18:00,GR.V,,0.06499999761581421,0.06499999761581421,0.06499999761581421,0.06499999761581421,28870.0
2026-09-23 15:18:00,GWM.V,,1.1150000095367432,1.1150000095367432,1.1150000095367432,1.1150000095367432,500.0
2026-09-23 15:18:00,LUCA.V,,1.1050000190734863,1.1050000190734863,1.1050000190734863,1.1050000190734863,200.0
2026-09-23 15:18:00,MKO.V,,14.140000343322754,14.140000343322754,14.140000343322754,14.140000343322754,300.0
2026-09-23 15:18:00,PNG.V,,4.699999809265137,4.699999809265137,4.699999809265137,4.699999809265137,480.0
2026-09-23 15:18:00,TUF.V,,0.8799999952316284,0.8799999952316284,0.8799999952316284,0.8799999952316284,4500.0
2026-09-23 15:19:00,EQTY.V,,0.12999999523162842,0.12999999523162842,0.12999999523162842,0.12999999523162842,27000.0
2026-09-23 15:19:00,FDR.V,,6.949999809265137,6.949999809265137,6.949999809265137,6.949999809265137,100.0
2026-09-23 15:19:00,FOR.V,,0.8999999761581421,0.8999999761581421,0.8999999761581421,0.8999999761581421,500.0
2026-09-23 15:19:00,GGO.V,,1.2200000286102295,1.2200000286102295,1.2200000286102295,1.2200000286102295,1500.0
2026-09-23 15:19:00,GOT.V,,1.7300000190734863,1.7300000190734863,1.7300000190734863,1.7300000190734863,1100.0
2026-09-23 15:19:00,GPG.V,,0.3100000023841858,0.3100000023841858,0.3100000023841858,0.3100000023841858,19897.0
2026-09-23 15:19:00,LUCA.V,,1.1050000190734863,1.1050000190734863,1.1050000190734863,1.1050000190734863,10400.0
2026-09-23 15:19:00,MLP.V,,2.5999999046325684,2.5999999046325684,2.5999999046325684,2.5999999046325684,800.0
2026-09-23 15:19:00,PNG.V,,4.699999809265137,4.699999809265137,4.699999809265137,4.699999809265137,700.0
2026-09-23 15:19:00,TUF.V,,0.8799999952316284,0.8799999952316284,0.8700000047683716,0.8799999952316284,16500.0
2026-09-23 15:20:00,EQTY.V,,0.125,0.125,0.125,0.125,8000.0
2026-09-23 15:20:00,FDR.V,,6.949999809265137,6.949999809265137,6.949999809265137,6.949999809265137,100.0
2026-09-23 15:20:00,GAL.V,,0.5600000023841858,0.5600000023841858,0.5600000023841858,0.5600000023841858,25000.0
2026-09-23 15:20:00,GOT.V,,1.7300000190734863,1.7300000190734863,1.7300000190734863,1.7300000190734863,600.0
2026-09-23 15:20:00,GWM.V,,1.1200000047683716,1.1200000047683716,1.1200000047683716,1.1200000047683716,4000.0
2026-09-23 15:20:00,KC.V,,0.3199999928474426,0.3199999928474426,0.3199999928474426,0.3199999928474426,16500.0
2026-09-23 15:20:00,KCC.V,,1.0499999523162842,1.0499999523162842,1.0499999523162842,1.0499999523162842,200.0
2026-09-23 15:20:00,LUCA.V,,1.1050000190734863,1.1050000190734863,1.1050000190734863,1.1050000190734863,200.0
2026-09-23 15:20:00,PNG.V,,4.699999809265137,4.699999809265137,4.699999809265137,4.699999809265137,100.0
2026-09-23 15:20:00,TUF.V,,0.8799999952316284,0.8799999952316284,0.8799999952316284,0.8799999952316284,5000.0
2026-09-23 15:21:00,FDR.V,,6.920000076293945,6.929999828338623,6.909999847412109,6.929999828338623,2900.0
2026-09-23 15:21:00,GWM.V,,1.1100000143051147,1.1200000047683716,1.1100000143051147,1.1150000095367432,11000.0
2026-09-23 15:21:00,HPL.V,,0.3100000023841858,0.3100000023841858,0.3100000023841858,0.3100000023841858,79531.0
2026-09-23 15:21:00,LUCA.V,,1.1050000190734863,1.1050000190734863,1.1050000190734863,1.1050000190734863,200.0
2026-09-23 15:21:00,MLP.V,,2.5899999141693115,2.5899999141693115,2.5899999141693115,2.5899999141693115,800.0
2026-09-23 15:21:00,PNG.V,,4.710000038146973,4.710000038146973,4.710000038146973,4.710000038146973,400.0
2026-09-23 15:21:00,TUF.V,,0.8799999952316284,0.8799999952316284,0.8700000047683716,0.8799999952316284,6000.0
2026-09-23 15:22:00,FWZ.V,,3.1700000762939453,3.1700000762939453,3.1700000762939453,3.1700000762939453,100.0
2026-09-23 15:22:00,GRSL.V,,0.3449999988079071,0.3449999988079071,0.3449999988079071,0.3449999988079071,18800.0
2026-09-23 15:22:00,GWM.V,,1.1100000143051147,1.1100000143051147,1.1100000143051147,1.1100000143051147,13200.0
2026-09-23 15:22:00,HITI.V,,3.8299999237060547,3.8299999237060547,3.8299999237060547,3.8299999237060547,100.0
2026-09-23 15:22:00,IRR.V,,1.3200000524520874,1.3200000524520874,1.3200000524520874,1.3200000524520874,49100.0
2026-09-23 15:22:00,LUCA.V,,1.1050000190734863,1.1050000190734863,1.1050000190734863,1.1050000190734863,200.0
2026-09-23 15:22:00,PNG.V,,4.710000038146973,4.710000038146973,4.699999809265137,4.710000038146973,1500.0
2026-09-23 15:22:00,TUF.V,,0.8799999952316284,0.8799999952316284,0.8799999952316284,0.8799999952316284,4500.0
2026-09-23 15:23:00,EQTY.V,,0.12999999523162842,0.12999999523162842,0.12999999523162842,0.12999999523162842,21500.0
2026-09-23 15:23:00,FDR.V,,6.929999828338623,6.929999828338623,6.929999828338623,6.929999828338623,500.0
2026-09-23 15:23:00,FWZ.V,,3.1700000762939453,3.1700000762939453,3.1700000762939453,3.1700000762939453,100.0
2026-09-23 15:23:00,IRR.V,,1.3200000524520874,1.3200000524520874,1.3200000524520874,1.3200000524520874,900.0
2026-09-23 15:23:00,LUCA.V,,1.1050000190734863,1.1050000190734863,1.100000023841858,1.1050000190734863,900.0
2026-09-23 15:23:00,PNG.V,,4.710000038146973,4.710000038146973,4.710000038146973,4.710000038146973,3018.0
2026-09-23 15:23:00,TUF.V,,0.8799999952316284,0.8799999952316284,0.8700000047683716,0.8799999952316284,14000.0
2026-09-23 15:24:00,BIG.V,,1.399999976158142,1.399999976158142,1.399999976158142,1.399999976158142,100.0
2026-09-23 15:24:00,EQTY.V,,0.12999999523162842,0.12999999523162842,0.12999999523162842,0.12999999523162842,3000.0
2026-09-23 15:24:00,FOR.V,,0.8999999761581421,0.8999999761581421,0.8999999761581421,0.8999999761581421,500.0
2026-09-23 15:24:00,FPC.V,,0.5600000023841858,0.5600000023841858,0.5600000023841858,0.5600000023841858,1500.0
2026-09-23 15:24:00,FWZ.V,,3.1500000953674316,3.1700000762939453,3.1500000953674316,3.1700000762939453,2900.0
2026-09-23 15:24:00,GMV.V,,0.15000000596046448,0.15000000596046448,0.15000000596046448,0.15000000596046448,0.0
2026-09-23 15:24:00,GWM.V,,1.100000023841858,1.100000023841858,1.100000023841858,1.100000023841858,15000.0
2026-09-23 15:24:00,HITI.V,,3.8299999237060547,3.8299999237060547,3.8299999237060547,3.8299999237060547,100.0
2026-09-23 15:24:00,IRR.V,,1.3200000524520874,1.3200000524520874,1.3200000524520874,1.3200000524520874,44000.0
2026-09-23 15:24:00,LSL.V,,0.32499998807907104,0.32499998807907104,0.32499998807907104,0.32499998807907104,3000.0
2026-09-23 15:24:00,LUCA.V,,1.1050000190734863,1.1050000190734863,1.100000023841858,1.1050000190734863,4400.0
2026-09-23 15:24:00,PNG.V,,4.71999979019165,4.71999979019165,4.699999809265137,4.710000038146973,2305.0
2026-09-23 15:24:00,TUF.V,,0.8799999952316284,0.8799999952316284,0.8799999952316284,0.8799999952316284,4000.0
2026-09-23 15:25:00,GAL.V,,0.550000011920929,0.5600000023841858,0.550000011920929,0.5600000023841858,79524.0
2026-09-23 15:25:00,GGO.V,,1.2200000286102295,1.2200000286102295,1.2200000286102295,1.2200000286102295,900.0
2026-09-23 15:25:00,GMG.V,,2.4700000286102295,2.4700000286102295,2.4700000286102295,2.4700000286102295,100.0
2026-09-23 15:25:00,GMV.V,,0.15000000596046448,0.15000000596046448,0.15000000596046448,0.15000000596046448,16500.0
2026-09-23 15:25:00,GWM.V,,1.100000023841858,1.100000023841858,1.100000023841858,1.100000023841858,9000.0
2026-09-23 15:25:00,ITR.V,,3.9100000858306885,3.9100000858306885,3.9100000858306885,3.9100000858306885,100.0
2026-09-23 15:25:00,LUCA.V,,1.100000023841858,1.1050000190734863,1.100000023841858,1.100000023841858,1300.0
2026-09-23 15:25:00,PNG.V,,4.710000038146973,4.710000038146973,4.710000038146973,4.710000038146973,500.0
2026-09-23 15:25:00,TUF.V,,0.8799999952316284,0.8799999952316284,0.8700000047683716,0.8799999952316284,11000.0
2026-09-23 15:26:00,GPH.V,,0.9049999713897705,0.9049999713897705,0.9049999713897705,0.9049999713897705,2000.0
2026-09-23 15:26:00,GWM.V,,1.1050000190734863,1.1050000190734863,1.1050000190734863,1.1050000190734863,500.0
2026-09-23 15:26:00,IRR.V,,1.3200000524520874,1.3300000429153442,1.3200000524520874,1.3300000429153442,7200.0
2026-09-23 15:26:00,LUCA.V,,1.1050000190734863,1.1050000190734863,1.100000023841858,1.1050000190734863,900.0
2026-09-23 15:26:00,MKO.V,,14.15999984741211,14.15999984741211,14.15999984741211,14.15999984741211,400.0
2026-09-23 15:26:00,PNG.V,,4.710000038146973,4.710000038146973,4.710000038146973,4.710000038146973,2200.0
2026-09-23 15:26:00,TUF.V,,0.8799999952316284,0.8799999952316284,0.8799999952316284,0.8799999952316284,3000.0
2026-09-23 15:27:00,FDR.V,,6.949999809265137,6.949999809265137,6.949999809265137,6.949999809265137,300.0
2026-09-23 15:27:00,FWZ.V,,3.1500000953674316,3.1500000953674316,3.1500000953674316,3.1500000953674316,1000.0
2026-09-23 15:27:00,GPG.V,,0.3149999976158142,0.3149999976158142,0.3149999976158142,0.3149999976158142,5000.0
2026-09-23 15:27:00,GWM.V,,1.100000023841858,1.100000023841858,1.100000023841858,1.100000023841858,4000.0
2026-09-23 15:27:00,HITI.V,,3.8299999237060547,3.8299999237060547,3.8299999237060547,3.8299999237060547,100.0
2026-09-23 15:27:00,IRR.V,,1.3200000524520874,1.3200000524520874,1.3200000524520874,1.3200000524520874,300.0
2026-09-23 15:27:00,LUCA.V,,1.100000023841858,1.1050000190734863,1.100000023841858,1.100000023841858,1300.0
2026-09-23 15:27:00,PNG.V,,4.710000038146973,4.710000038146973,4.710000038146973,4.710000038146973,1800.0
2026-09-23 15:27:00,TUF.V,,0.8799999952316284,0.8799999952316284,0.8799999952316284,0.8799999952316284,3500.0
2026-09-23 15:28:00,FDR.V,,6.949999809265137,6.949999809265137,6.949999809265137,6.949999809265137,600.0
2026-09-23 15:28:00,FWZ.V,,3.1700000762939453,3.1700000762939453,3.1700000762939453,3.1700000762939453,100.0
2026-09-23 15:28:00,GMG.V,,2.4600000381469727,2.4600000381469727,2.4600000381469727,2.4600000381469727,100.0
2026-09-23 15:28:00,GWM.V,,1.100000023841858,1.100000023841858,1.100000023841858,1.100000023841858,3000.0
2026-09-23 15:28:00,LUCA.V,,1.1050000190734863,1.1050000190734863,1.100000023841858,1.100000023841858,600.0
2026-09-23 15:28:00,MERG.V,,0.7200000286102295,0.7200000286102295,0.7200000286102295,0.7200000286102295,2000.0
2026-09-23 15:28:00,PNG.V,,4.710000038146973,4.71999979019165,4.699999809265137,4.699999809265137,300.0
2026-09-23 15:28:00,TUF.V,,0.8799999952316284,0.8799999952316284,0.8799999952316284,0.8799999952316284,3000.0
2026-09-23 15:29:00,FDR.V,,6.949999809265137,6.949999809265137,6.949999809265137,6.949999809265137,200.0
2026-09-23 15:29:00,FL.V,,0.4699999988079071,0.4699999988079071,0.4699999988079071,0.4699999988079071,514.0
2026-09-23 15:29:00,FOR.V,,0.8999999761581421,0.8999999761581421,0.8999999761581421,0.8999999761581421,500.0
2026-09-23 15:29:00,FWZ.V,,3.1700000762939453,3.1700000762939453,3.1700000762939453,3.1700000762939453,100.0
2026-09-23 15:29:00,GWM.V,,1.100000023841858,1.100000023841858,1.100000023841858,1.100000023841858,500.0
2026-09-23 15:29:00,HAN.V,,0.6899999976158142,0.6899999976158142,0.6899999976158142,0.6899999976158142,4415.0
2026-09-23 15:29:00,LUCA.V,,1.1050000190734863,1.1050000190734863,1.100000023841858,1.100000023841858,1600.0
2026-09-23 15:29:00,MKO.V,,14.154999732971191,14.154999732971191,14.154999732971191,14.154999732971191,100.0
2026-09-23 15:29:00,MLP.V,,2.5999999046325684,2.5999999046325684,2.5999999046325684,2.5999999046325684,300.0
2026-09-23 15:29:00,TUF.V,,0.8700000047683716,0.8799999952316284,0.8700000047683716,0.8799999952316284,12500.0
2026-09-23 15:30:00,FWZ.V,,3.1700000762939453,3.1700000762939453,3.1700000762939453,3.1700000762939453,100.0
2026-09-23 15:30:00,GOT.V,,1.7300000190734863,1.7300000190734863,1.7300000190734863,1.7300000190734863,600.0
2026-09-23 15:30:00,GRSL.V,,0.3449999988079071,0.3449999988079071,0.3449999988079071,0.3449999988079071,1000.0
2026-09-23 15:30:00,GWM.V,,1.100000023841858,1.100000023841858,1.100000023841858,1.100000023841858,6500.0
2026-09-23 15:30:00,HAN.V,,0.6800000071525574,0.6800000071525574,0.6800000071525574,0.6800000071525574,1000.0
2026-09-23 15:30:00,KTN.V,,1.190000057220459,1.190000057220459,1.190000057220459,1.190000057220459,6000.0
2026-09-23 15:30:00,LUCA.V,,1.1050000190734863,1.1050000190734863,1.100000023841858,1.100000023841858,600.0
2026-09-23 15:30:00,PNG.V,,4.690000057220459,4.71999979019165,4.690000057220459,4.71999979019165,14325.0
2026-09-23 15:30:00,TUF.V,,0.8700000047683716,0.8700000047683716,0.8700000047683716,0.8700000047683716,23500.0
2026-09-23 15:31:00,FWZ.V,,3.1700000762939453,3.1700000762939453,3.1700000762939453,3.1700000762939453,100.0
2026-09-23 15:31:00,GMG.V,,2.4600000381469727,2.4600000381469727,2.4600000381469727,2.4600000381469727,100.0
2026-09-23 15:31:00,GRSL.V,,0.3499999940395355,0.3499999940395355,0.3449999988079071,0.3449999988079071,48000.0
2026-09-23 15:31:00,HITI.V,,3.819999933242798,3.819999933242798,3.819999933242798,3.819999933242798,100.0
2026-09-23 15:31:00,HMR.V,,0.5299999713897705,0.5299999713897705,0.5299999713897705,0.5299999713897705,1000.0
2026-09-23 15:31:00,LUCA.V,,1.100000023841858,1.1050000190734863,1.100000023841858,1.100000023841858,1600.0
2026-09-23 15:31:00,MKO.V,,14.140000343322754,14.140000343322754,14.119999885559082,14.140000343322754,900.0
2026-09-23 15:31:00,ROAR.V,,0.27000001072883606,0.27000001072883606,0.27000001072883606,0.27000001072883606,4000.0
2026-09-23 15:31:00,TUF.V,,0.8700000047683716,0.8700000047683716,0.8700000047683716,0.8700000047683716,2500.0
2026-09-23 15:32:00,BIG.V,,1.399999976158142,1.399999976158142,1.399999976158142,1.399999976158142,100.0
2026-09-23 15:32:00,FWZ.V,,3.1700000762939453,3.1700000762939453,3.1700000762939453,3.1700000762939453,100.0
2026-09-23 15:32:00,GMV.V,,0.15000000596046448,0.15000000596046448,0.15000000596046448,0.15000000596046448,5000.0
2026-09-23 15:32:00,GOT.V,,1.7300000190734863,1.7300000190734863,1.7200000286102295,1.7200000286102295,26700.0
2026-09-23 15:32:00,GWM.V,,1.090000033378601,1.090000033378601,1.090000033378601,1.090000033378601,6000.0
2026-09-23 15:32:00,LUCA.V,,1.1050000190734863,1.1050000190734863,1.100000023841858,1.1050000190734863,800.0
2026-09-23 15:33:00,BIG.V,,1.399999976158142,1.399999976158142,1.399999976158142,1.399999976158142,100.0
2026-09-23 15:33:00,FAIR.V,,0.04500000178813934,0.04500000178813934,0.04500000178813934,0.04500000178813934,15000.0
2026-09-23 15:33:00,FDR.V,,6.949999809265137,6.949999809265137,6.949999809265137,6.949999809265137,100.0
2026-09-23 15:33:00,FOR.V,,0.8999999761581421,0.8999999761581421,0.8999999761581421,0.8999999761581421,500.0
2026-09-23 15:33:00,FWZ.V,,3.1700000762939453,3.1700000762939453,3.1700000762939453,3.1700000762939453,200.0
2026-09-23 15:33:00,GMV.V,,0.15000000596046448,0.15000000596046448,0.15000000596046448,0.15000000596046448,1000.0
2026-09-23 15:33:00,KTN.V,,1.190000057220459,1.190000057220459,1.190000057220459,1.190000057220459,150325.0
2026-09-23 15:33:00,LUCA.V,,1.100000023841858,1.1050000190734863,1.100000023841858,1.100000023841858,1500.0
2026-09-23 15:33:00,PNG.V,,4.644999980926514,4.690000057220459,4.644999980926514,4.690000057220459,19830.0
2026-09-23 15:33:00,TUF.V,,0.8700000047683716,0.8700000047683716,0.8700000047683716,0.8700000047683716,20000.0
2026-09-23 15:34:00,FDR.V,,6.949999809265137,6.949999809265137,6.949999809265137,6.949999809265137,100.0
2026-09-23 15:34:00,FWZ.V,,3.1700000762939453,3.1700000762939453,3.1700000762939453,3.1700000762939453,100.0
2026-09-23 15:34:00,GMG.V,,2.4800000190734863,2.4800000190734863,2.4800000190734863,2.4800000190734863,425.0
2026-09-23 15:34:00,GPH.V,,0.9100000262260437,0.9100000262260437,0.9100000262260437,0.9100000262260437,5500.0
2026-09-23 15:34:00,GWM.V,,1.090000033378601,1.090000033378601,1.090000033378601,1.090000033378601,2000.0
2026-09-23 15:34:00,LUCA.V,,1.100000023841858,1.1050000190734863,1.100000023841858,1.1050000190734863,61130.0
2026-09-23 15:34:00,PNG.V,,4.630000114440918,4.639999866485596,4.625,4.639999866485596,5900.0
2026-09-23 15:34:00,TUF.V,,0.8700000047683716,0.8799999952316284,0.8700000047683716,0.8799999952316284,9500.0
2026-09-23 15:35:00,FDR.V,,6.949999809265137,6.949999809265137,6.949999809265137,6.949999809265137,100.0
2026-09-23 15:35:00,FWZ.V,,3.1700000762939453,3.1700000762939453,3.1700000762939453,3.1700000762939453,100.0
2026-09-23 15:35:00,GFG.V,,0.2199999988079071,0.2199999988079071,0.2199999988079071,0.2199999988079071,5000.0
2026-09-23 15:35:00,GG.V,,2.9200000762939453,2.9200000762939453,2.9200000762939453,2.9200000762939453,200.0
2026-09-23 15:35:00,GOT.V,,1.7300000190734863,1.7300000190734863,1.7300000190734863,1.7300000190734863,300.0
2026-09-23 15:35:00,GRSL.V,,0.3499999940395355,0.3499999940395355,0.3499999940395355,0.3499999940395355,500.0
2026-09-23 15:35:00,GWM.V,,1.100000023841858,1.100000023841858,1.090000033378601,1.090000033378601,5000.0
2026-09-23 15:35:00,LUCA.V,,1.100000023841858,1.100000023841858,1.0950000286102295,1.0950000286102295,23200.0
2026-09-23 15:35:00,MERG.V,,0.7300000190734863,0.7300000190734863,0.7300000190734863,0.7300000190734863,500.0
2026-09-23 15:35:00,PNG.V,,4.625,4.630000114440918,4.625,4.630000114440918,3745.0
2026-09-23 15:35:00,TUF.V,,0.8899999856948853,0.8899999856948853,0.8799999952316284,0.8799999952316284,14500.0
2026-09-23 15:36:00,FDR.V,,6.949999809265137,6.949999809265137,6.949999809265137,6.949999809265137,100.0
2026-09-23 15:36:00,FWZ.V,,3.1700000762939453,3.1700000762939453,3.1700000762939453,3.1700000762939453,100.0
2026-09-23 15:36:00,GWM.V,,1.100000023841858,1.100000023841858,1.100000023841858,1.100000023841858,2875.0
2026-09-23 15:36:00,ITR.V,,3.9000000953674316,3.9000000953674316,3.9000000953674316,3.9000000953674316,500.0
2026-09-23 15:36:00,KLDC.V,,0.38499999046325684,0.38499999046325684,0.38499999046325684,0.38499999046325684,5298.0
2026-09-23 15:36:00,LUCA.V,,1.0950000286102295,1.100000023841858,1.0950000286102295,1.0950000286102295,1800.0
2026-09-23 15:36:00,MLP.V,,2.5899999141693115,2.5899999141693115,2.5899999141693115,2.5899999141693115,100.0
2026-09-23 15:36:00,PNG.V,,4.619999885559082,4.619999885559082,4.619999885559082,4.619999885559082,500.0
2026-09-23 15:36:00,TUF.V,,0.8799999952316284,0.8899999856948853,0.8799999952316284,0.8899999856948853,11500.0
2026-09-23 15:37:00,BIG.V,,1.3899999856948853,1.399999976158142,1.3899999856948853,1.399999976158142,4700.0
2026-09-23 15:37:00,FDR.V,,6.949999809265137,6.949999809265137,6.940000057220459,6.949999809265137,500.0
2026-09-23 15:37:00,FOR.V,,0.8999999761581421,0.8999999761581421,0.8999999761581421,0.8999999761581421,500.0
2026-09-23 15:37:00,FWZ.V,,3.1700000762939453,3.1700000762939453,3.1700000762939453,3.1700000762939453,100.0
2026-09-23 15:37:00,GGO.V,,1.2100000381469727,1.2100000381469727,1.2100000381469727,1.2100000381469727,700.0
2026-09-23 15:37:00,GOT.V,,1.7300000190734863,1.7300000190734863,1.7300000190734863,1.7300000190734863,2600.0
2026-09-23 15:37:00,GRSL.V,,0.3499999940395355,0.3499999940395355,0.3499999940395355,0.3499999940395355,500.0
2026-09-23 15:37:00,GWM.V,,1.100000023841858,1.100000023841858,1.100000023841858,1.100000023841858,8000.0
2026-09-23 15:37:00,LSL.V,,0.33000001311302185,0.33000001311302185,0.33000001311302185,0.33000001311302185,13500.0
2026-09-23 15:37:00,LUCA.V,,1.100000023841858,1.100000023841858,1.100000023841858,1.100000023841858,700.0
2026-09-23 15:37:00,LVX.V,,0.550000011920929,0.550000011920929,0.550000011920929,0.550000011920929,34041.0
2026-09-23 15:37:00,MKO.V,,14.135000228881836,14.140000343322754,14.119999885559082,14.140000343322754,1000.0
2026-09-23 15:37:00,PNG.V,,4.610000133514404,4.619999885559082,4.599999904632568,4.619999885559082,6775.0
2026-09-23 15:37:00,TUF.V,,0.8899999856948853,0.8899999856948853,0.8799999952316284,0.8899999856948853,8000.0
2026-09-23 15:38:00,BIG.V,,1.3899999856948853,1.3899999856948853,1.3899999856948853,1.3899999856948853,200.0
2026-09-23 15:38:00,FDR.V,,6.949999809265137,6.949999809265137,6.949999809265137,6.949999809265137,100.0
2026-09-23 15:38:00,FWZ.V,,3.1700000762939453,3.1700000762939453,3.1700000762939453,3.1700000762939453,500.0
2026-09-23 15:38:00,GGO.V,,1.2100000381469727,1.2100000381469727,1.2100000381469727,1.2100000381469727,600.0
2026-09-23 15:38:00,GOT.V,,1.7200000286102295,1.7300000190734863,1.7200000286102295,1.7300000190734863,3900.0
2026-09-23 15:38:00,GRSL.V,,0.3474999964237213,0.3474999964237213,0.3474999964237213,0.3474999964237213,500.0
2026-09-23 15:38:00,GWM.V,,1.100000023841858,1.1050000190734863,1.100000023841858,1.1050000190734863,1500.0
2026-09-23 15:38:00,LME.V,,0.14499999582767487,0.14499999582767487,0.14499999582767487,0.14499999582767487,500.0
2026-09-23 15:38:00,LUCA.V,,1.100000023841858,1.100000023841858,1.100000023841858,1.100000023841858,2300.0
2026-09-23 15:38:00,MKO.V,,14.119999885559082,14.119999885559082,14.119999885559082,14.119999885559082,100.0
2026-09-23 15:38:00,PNG.V,,4.610000133514404,4.610000133514404,4.610000133514404,4.610000133514404,400.0
2026-09-23 15:38:00,TUF.V,,0.8899999856948853,0.8899999856948853,0.8799999952316284,0.8899999856948853,32500.0
2026-09-23 15:39:00,FDR.V,,6.949999809265137,6.949999809265137,6.949999809265137,6.949999809265137,100.0
2026-09-23 15:39:00,GAL.V,,0.5450000166893005,0.5450000166893005,0.5450000166893005,0.5450000166893005,2500.0
2026-09-23 15:39:00,GGO.V,,1.2100000381469727,1.2100000381469727,1.2100000381469727,1.2100000381469727,450.0
2026-09-23 15:39:00,GRSL.V,,0.3474999964237213,0.3474999964237213,0.3474999964237213,0.3474999964237213,500.0
2026-09-23 15:39:00,GWM.V,,1.100000023841858,1.100000023841858,1.100000023841858,1.100000023841858,500.0
2026-09-23 15:39:00,INTR.V,,0.8799999952316284,0.8799999952316284,0.8799999952316284,0.8799999952316284,12500.0
2026-09-23 15:39:00,KRY.V,,3.569999933242798,3.569999933242798,3.569999933242798,3.569999933242798,100.0
2026-09-23 15:39:00,LUCA.V,,1.100000023841858,1.100000023841858,1.100000023841858,1.100000023841858,700.0
2026-09-23 15:39:00,MLP.V,,2.5999999046325684,2.5999999046325684,2.5999999046325684,2.5999999046325684,100.0
2026-09-23 15:39:00,MRVL.V,,0.15000000596046448,0.15000000596046448,0.15000000596046448,0.15000000596046448,5000.0
2026-09-23 15:39:00,PNG.V,,4.625,4.625,4.610000133514404,4.610000133514404,10900.0
2026-09-23 15:39:00,TUF.V,,0.8899999856948853,0.8899999856948853,0.8799999952316284,0.8899999856948853,6000.0
2026-09-23 15:40:00,BIG.V,,1.3899999856948853,1.3899999856948853,1.3899999856948853,1.3899999856948853,100.0
2026-09-23 15:40:00,FDR.V,,6.949999809265137,6.949999809265137,6.949999809265137,6.949999809265137,100.0
2026-09-23 15:40:00,FOR.V,,0.8999999761581421,0.8999999761581421,0.8999999761581421,0.8999999761581421,500.0
2026-09-23 15:40:00,FWZ.V,,3.1500000953674316,3.1700000762939453,3.1500000953674316,3.1700000762939453,200.0
2026-09-23 15:40:00,GMV.V,,0.15000000596046448,0.15000000596046448,0.15000000596046448,0.15000000596046448,6000.0
2026-09-23 15:40:00,GRSL.V,,0.3474999964237213,0.3474999964237213,0.3474999964237213,0.3474999964237213,500.0
2026-09-23 15:40:00,GWM.V,,1.100000023841858,1.100000023841858,1.100000023841858,1.100000023841858,500.0
2026-09-23 15:40:00,INTR.V,,0.8899999856948853,0.8899999856948853,0.8899999856948853,0.8899999856948853,1000.0
2026-09-23 15:40:00,ITR.V,,3.890000104904175,3.890000104904175,3.880000114440918,3.880000114440918,14200.0
2026-09-23 15:40:00,KLDC.V,,0.38499999046325684,0.38499999046325684,0.38499999046325684,0.38499999046325684,500.0
2026-09-23 15:40:00,LUCA.V,,1.0950000286102295,1.100000023841858,1.0950000286102295,1.100000023841858,1900.0
2026-09-23 15:40:00,LVG.V,,0.30000001192092896,0.30000001192092896,0.30000001192092896,0.30000001192092896,11500.0
2026-09-23 15:40:00,MKO.V,,14.119999885559082,14.119999885559082,14.119999885559082,14.119999885559082,500.0
2026-09-23 15:40:00,PNG.V,,4.610000133514404,4.619999885559082,4.610000133514404,4.619999885559082,20104.0
2026-09-23 15:40:00,TUF.V,,0.8899999856948853,0.8899999856948853,0.8899999856948853,0.8899999856948853,2000.0
2026-09-23 15:41:00,FDR.V,,6.949999809265137,6.949999809265137,6.949999809265137,6.949999809265137,4100.0
2026-09-23 15:41:00,GOT.V,,1.7200000286102295,1.725000023841858,1.7200000286102295,1.725000023841858,1400.0
2026-09-23 15:41:00,GRSL.V,,0.3474999964237213,0.3474999964237213,0.3474999964237213,0.3474999964237213,500.0
2026-09-23 15:41:00,GWM.V,,1.0850000381469727,1.100000023841858,1.0850000381469727,1.100000023841858,37800.0
2026-09-23 15:41:00,LUCA.V,,1.1050000190734863,1.1050000190734863,1.100000023841858,1.100000023841858,82100.0
2026-09-23 15:41:00,MERG.V,,0.7300000190734863,0.7300000190734863,0.7300000190734863,0.7300000190734863,3000.0
2026-09-23 15:41:00,MKO.V,,14.114999771118164,14.114999771118164,14.114999771118164,14.114999771118164,200.0
2026-09-23 15:41:00,MLP.V,,2.5999999046325684,2.5999999046325684,2.5999999046325684,2.5999999046325684,100.0
2026-09-23 15:41:00,TUF.V,,0.8799999952316284,0.8899999856948853,0.8799999952316284,0.8899999856948853,10000.0
2026-09-23 15:42:00,FDR.V,,6.949999809265137,6.949999809265137,6.949999809265137,6.949999809265137,100.0
2026-09-23 15:42:00,FINV-P.V,,0.06499999761581421,0.06499999761581421,0.06499999761581421,0.06499999761581421,30000.0
2026-09-23 15:42:00,FWZ.V,,3.1500000953674316,3.1500000953674316,3.1500000953674316,3.1500000953674316,100.0
2026-09-23 15:42:00,GFG.V,,0.22499999403953552,0.22499999403953552,0.22499999403953552,0.22499999403953552,6500.0
2026-09-23 15:42:00,GGO.V,,1.2000000476837158,1.2000000476837158,1.2000000476837158,1.2000000476837158,600.0
2026-09-23 15:42:00,GRSL.V,,0.3474999964237213,0.3474999964237213,0.3474999964237213,0.3474999964237213,500.0
2026-09-23 15:42:00,GWM.V,,1.0700000524520874,1.0800000429153442,1.0700000524520874,1.0800000429153442,37500.0
2026-09-23 15:42:00,ITR.V,,3.9000000953674316,3.9000000953674316,3.9000000953674316,3.9000000953674316,3400.0
2026-09-23 15:42:00,LUCA.V,,1.1150000095367432,1.1150000095367432,1.1050000190734863,1.1050000190734863,27600.0
2026-09-23 15:42:00,TUF.V,,0.8799999952316284,0.8899999856948853,0.8799999952316284,0.8899999856948853,8500.0
2026-09-23 15:43:00,FDR.V,,6.949999809265137,6.949999809265137,6.949999809265137,6.949999809265137,100.0
2026-09-23 15:43:00,FOR.V,,0.8999999761581421,0.8999999761581421,0.8999999761581421,0.8999999761581421,500.0
2026-09-23 15:43:00,GOT.V,,1.7200000286102295,1.7200000286102295,1.7200000286102295,1.7200000286102295,9500.0
2026-09-23 15:43:00,GRSL.V,,0.3474999964237213,0.3474999964237213,0.3474999964237213,0.3474999964237213,1500.0
2026-09-23 15:43:00,GWM.V,,1.059999942779541,1.059999942779541,1.059999942779541,1.059999942779541,13250.0
2026-09-23 15:43:00,IRR.V,,1.309999942779541,1.309999942779541,1.309999942779541,1.309999942779541,100.0
2026-09-23 15:43:00,KCC.V,,1.0499999523162842,1.0499999523162842,1.0499999523162842,1.0499999523162842,28693.0
2026-09-23 15:43:00,LUCA.V,,1.1150000095367432,1.1150000095367432,1.1150000095367432,1.1150000095367432,1500.0
2026-09-23 15:43:00,MKO.V,,14.130000114440918,14.145000457763672,14.130000114440918,14.130000114440918,700.0
2026-09-23 15:43:00,MLP.V,,2.569999933242798,2.5899999141693115,2.569999933242798,2.5799999237060547,4000.0
2026-09-23 15:43:00,PNG.V,,4.599999904632568,4.610000133514404,4.599999904632568,4.610000133514404,14226.0
2026-09-23 15:43:00,TUF.V,,0.8899999856948853,0.8899999856948853,0.8899999856948853,0.8899999856948853,2325.0
2026-09-23 15:44:00,FDR.V,,6.949999809265137,6.949999809265137,6.949999809265137,6.949999809265137,200.0
2026-09-23 15:44:00,FINV-P.V,,0.06499999761581421,0.06499999761581421,0.06499999761581421,0.06499999761581421,20000.0
2026-09-23 15:44:00,FWZ.V,,3.1500000953674316,3.1500000953674316,3.1500000953674316,3.1500000953674316,200.0
2026-09-23 15:44:00,GAL.V,,0.5450000166893005,0.5450000166893005,0.5450000166893005,0.5450000166893005,500.0
2026-09-23 15:44:00,GGO.V,,1.1950000524520874,1.1950000524520874,1.1950000524520874,1.1950000524520874,400.0
2026-09-23 15:44:00,GMG.V,,2.5,2.5,2.490000009536743,2.490000009536743,2400.0
2026-09-23 15:44:00,GOT.V,,1.7200000286102295,1.725000023841858,1.7200000286102295,1.7200000286102295,500.0
2026-09-23 15:44:00,GRSL.V,,0.3474999964237213,0.3474999964237213,0.3474999964237213,0.3474999964237213,500.0
2026-09-23 15:44:00,IPT.V,,0.28999999165534973,0.28999999165534973,0.28999999165534973,0.28999999165534973,2500.0
2026-09-23 15:44:00,ITR.V,,3.9100000858306885,3.9100000858306885,3.9100000858306885,3.9100000858306885,100.0
2026-09-23 15:44:00,KDK.V,,0.75,0.75,0.75,0.75,4500.0
2026-09-23 15:44:00,LUCA.V,,1.1150000095367432,1.1200000047683716,1.1150000095367432,1.1200000047683716,2000.0
2026-09-23 15:44:00,MKO.V,,14.140000343322754,14.140000343322754,14.140000343322754,14.140000343322754,300.0
2026-09-23 15:44:00,MLP.V,,2.559999942779541,2.569999933242798,2.549999952316284,2.569999933242798,19391.0
2026-09-23 15:44:00,PNG.V,,4.610000133514404,4.610000133514404,4.599999904632568,4.610000133514404,700.0
2026-09-23 15:44:00,TUF.V,,0.8899999856948853,0.8899999856948853,0.8899999856948853,0.8899999856948853,2080.0
2026-09-23 15:45:00,BIG.V,,1.3899999856948853,1.3899999856948853,1.3899999856948853,1.3899999856948853,100.0
2026-09-23 15:45:00,EQTY.V,,0.12999999523162842,0.12999999523162842,0.12999999523162842,0.12999999523162842,17000.0
2026-09-23 15:45:00,FDR.V,,6.920000076293945,6.949999809265137,6.920000076293945,6.949999809265137,2800.0
2026-09-23 15:45:00,FWZ.V,,3.1500000953674316,3.1500000953674316,3.1500000953674316,3.1500000953674316,100.0
2026-09-23 15:45:00,GOT.V,,1.7200000286102295,1.7200000286102295,1.7200000286102295,1.7200000286102295,100.0
2026-09-23 15:45:00,GRSL.V,,0.3474999964237213,0.3474999964237213,0.3474999964237213,0.3474999964237213,500.0
2026-09-23 15:45:00,GWM.V,,1.059999942779541,1.059999942779541,1.059999942779541,1.059999942779541,11000.0
2026-09-23 15:45:00,KDK.V,,0.7400000095367432,0.7400000095367432,0.7400000095367432,0.7400000095367432,500.0
2026-09-23 15:45:00,LUCA.V,,1.1150000095367432,1.1200000047683716,1.1150000095367432,1.1200000047683716,6200.0
2026-09-23 15:45:00,LVG.V,,0.30000001192092896,0.30000001192092896,0.30000001192092896,0.30000001192092896,500.0
2026-09-23 15:45:00,MKO.V,,14.130000114440918,14.130000114440918,14.130000114440918,14.130000114440918,200.0
2026-09-23 15:45:00,MLP.V,,2.559999942779541,2.559999942779541,2.559999942779541,2.559999942779541,3750.0
2026-09-23 15:45:00,PNG.V,,4.599999904632568,4.619999885559082,4.599999904632568,4.610000133514404,1300.0
2026-09-23 15:45:00,TUF.V,,0.8799999952316284,0.8799999952316284,0.875,0.875,2500.0
2026-09-23 15:46:00,FOR.V,,0.8999999761581421,0.8999999761581421,0.8999999761581421,0.8999999761581421,500.0
2026-09-23 15:46:00,FWZ.V,,3.1500000953674316,3.1500000953674316,3.1500000953674316,3.1500000953674316,100.0
2026-09-23 15:46:00,GMG.V,,2.490000009536743,2.490000009536743,2.490000009536743,2.490000009536743,100.0
2026-09-23 15:46:00,GOT.V,,1.7200000286102295,1.7200000286102295,1.7200000286102295,1.7200000286102295,200.0
2026-09-23 15:46:00,GRSL.V,,0.3474999964237213,0.3474999964237213,0.3474999964237213,0.3474999964237213,500.0
2026-09-23 15:46:00,GWM.V,,1.059999942779541,1.059999942779541,1.059999942779541,1.059999942779541,1500.0
2026-09-23 15:46:00,HEM.V,,0.05999999865889549,0.07000000029802322,0.05999999865889549,0.07000000029802322,0.0
2026-09-23 15:46:00,INTR.V,,0.8899999856948853,0.8899999856948853,0.8899999856948853,0.8899999856948853,500.0
2026-09-23 15:46:00,ITR.V,,3.9100000858306885,3.9100000858306885,3.9100000858306885,3.9100000858306885,100.0
2026-09-23 15:46:00,LUCA.V,,1.1200000047683716,1.1200000047683716,1.1200000047683716,1.1200000047683716,1400.0
2026-09-23 15:46:00,LVG.V,,0.30000001192092896,0.30000001192092896,0.30000001192092896,0.30000001192092896,500.0
2026-09-23 15:46:00,MLP.V,,2.559999942779541,2.559999942779541,2.559999942779541,2.559999942779541,100.0
2026-09-23 15:46:00,PNG.V,,4.610000133514404,4.610000133514404,4.599999904632568,4.599999904632568,1200.0
2026-09-23 15:46:00,TUF.V,,0.8799999952316284,0.8799999952316284,0.8700000047683716,0.8799999952316284,3000.0
2026-09-23 15:47:00,EVGN.V,,0.550000011920929,0.550000011920929,0.550000011920929,0.550000011920929,19004.0
2026-09-23 15:47:00,FDR.V,,6.940000057220459,6.940000057220459,6.940000057220459,6.940000057220459,100.0
2026-09-23 15:47:00,FWZ.V,,3.1700000762939453,3.1700000762939453,3.1500000953674316,3.1700000762939453,12600.0
2026-09-23 15:47:00,GMG.V,,2.490000009536743,2.490000009536743,2.490000009536743,2.490000009536743,100.0
2026-09-23 15:47:00,GOT.V,,1.7200000286102295,1.7200000286102295,1.7200000286102295,1.7200000286102295,117.0
2026-09-23 15:47:00,GWM.V,,1.059999942779541,1.065000057220459,1.059999942779541,1.059999942779541,4500.0
2026-09-23 15:47:00,HEM.V,,0.05999999865889549,0.07000000029802322,0.05999999865889549,0.07000000029802322,146000.0
2026-09-23 15:47:00,ITR.V,,3.9100000858306885,3.9100000858306885,3.9049999713897705,3.9100000858306885,6200.0
2026-09-23 15:47:00,LUCA.V,,1.1200000047683716,1.1200000047683716,1.1200000047683716,1.1200000047683716,2600.0
2026-09-23 15:47:00,MKO.V,,14.140000343322754,14.149999618530273,14.140000343322754,14.149999618530273,500.0
2026-09-23 15:47:00,MRVL.V,,0.15000000596046448,0.15000000596046448,0.15000000596046448,0.15000000596046448,18200.0
2026-09-23 15:47:00,MTA.V,,14.149999618530273,14.149999618530273,14.149999618530273,14.149999618530273,100.0
2026-09-23 15:47:00,PNG.V,,4.610000133514404,4.619999885559082,4.610000133514404,4.610000133514404,10000.0
2026-09-23 15:47:00,TUF.V,,0.8700000047683716,0.8799999952316284,0.8700000047683716,0.8700000047683716,4634.0
2026-09-23 15:48:00,FDR.V,,6.940000057220459,6.940000057220459,6.940000057220459,6.940000057220459,100.0
2026-09-23 15:48:00,FWZ.V,,3.180000066757202,3.180000066757202,3.180000066757202,3.180000066757202,100.0
2026-09-23 15:48:00,GOT.V,,1.7200000286102295,1.7200000286102295,1.7200000286102295,1.7200000286102295,100.0
2026-09-23 15:48:00,HEM.V,,0.06499999761581421,0.06499999761581421,0.06499999761581421,0.06499999761581421,269482.0
2026-09-23 15:48:00,ITR.V,,3.9200000762939453,3.9200000762939453,3.9100000858306885,3.9100000858306885,3700.0
2026-09-23 15:48:00,LUCA.V,,1.1200000047683716,1.1200000047683716,1.1200000047683716,1.1200000047683716,1100.0
2026-09-23 15:48:00,MLP.V,,2.569999933242798,2.569999933242798,2.569999933242798,2.569999933242798,100.0
2026-09-23 15:48:00,MTA.V,,14.180000305175781,14.180000305175781,14.180000305175781,14.180000305175781,400.0
2026-09-23 15:48:00,PNG.V,,4.610000133514404,4.614999771118164,4.610000133514404,4.610000133514404,1200.0
2026-09-23 15:48:00,TUF.V,,0.8799999952316284,0.8799999952316284,0.8700000047683716,0.8700000047683716,2500.0
2026-09-23 15:49:00,BIG.V,,1.3949999809265137,1.3949999809265137,1.3949999809265137,1.3949999809265137,100.0
2026-09-23 15:49:00,FDR.V,,6.940000057220459,6.940000057220459,6.940000057220459,6.940000057220459,100.0
2026-09-23 15:49:00,FOR.V,,0.8999999761581421,0.8999999761581421,0.8999999761581421,0.8999999761581421,500.0
2026-09-23 15:49:00,FPC.V,,0.5600000023841858,0.5600000023841858,0.5600000023841858,0.5600000023841858,500.0
2026-09-23 15:49:00,FWZ.V,,3.180000066757202,3.180000066757202,3.180000066757202,3.180000066757202,100.0
2026-09-23 15:49:00,GMV.V,,0.15000000596046448,0.15000000596046448,0.15000000596046448,0.15000000596046448,46700.0
2026-09-23 15:49:00,GOT.V,,1.7200000286102295,1.7200000286102295,1.7200000286102295,1.7200000286102295,200.0
2026-09-23 15:49:00,GWM.V,,1.065000057220459,1.065000057220459,1.065000057220459,1.065000057220459,7000.0
2026-09-23 15:49:00,IRR.V,,1.309999942779541,1.309999942779541,1.309999942779541,1.309999942779541,100.0
2026-09-23 15:49:00,ITR.V,,3.930000066757202,3.930000066757202,3.930000066757202,3.930000066757202,100.0
2026-09-23 15:49:00,LUCA.V,,1.1200000047683716,1.1200000047683716,1.1150000095367432,1.1200000047683716,18900.0
2026-09-23 15:49:00,LVG.V,,0.30000001192092896,0.30000001192092896,0.30000001192092896,0.30000001192092896,3500.0
2026-09-23 15:49:00,MERG.V,,0.7200000286102295,0.7300000190734863,0.7200000286102295,0.7300000190734863,1000.0
2026-09-23 15:49:00,MLP.V,,2.559999942779541,2.569999933242798,2.559999942779541,2.569999933242798,600.0
2026-09-23 15:49:00,MTX.V,,0.014999999664723873,0.014999999664723873,0.014999999664723873,0.014999999664723873,15000.0
2026-09-23 15:49:00,PNG.V,,4.610000133514404,4.614999771118164,4.610000133514404,4.610000133514404,1100.0
2026-09-23 15:49:00,TUF.V,,0.8799999952316284,0.8799999952316284,0.8799999952316284,0.8799999952316284,4500.0
2026-09-23 15:50:00,FWZ.V,,3.1600000858306885,3.180000066757202,3.1600000858306885,3.180000066757202,1500.0
2026-09-23 15:50:00,GAL.V,,0.550000011920929,0.550000011920929,0.5450000166893005,0.5450000166893005,6000.0
2026-09-23 15:50:00,GMG.V,,2.5,2.5,2.490000009536743,2.490000009536743,500.0
2026-09-23 15:50:00,GPAC.V,,0.20000000298023224,0.20000000298023224,0.20000000298023224,0.20000000298023224,288700.0
2026-09-23 15:50:00,GWM.V,,1.065000057220459,1.065000057220459,1.065000057220459,1.065000057220459,7000.0
2026-09-23 15:50:00,HITI.V,,3.8399999141693115,3.8399999141693115,3.8399999141693115,3.8399999141693115,300.0
2026-09-23 15:50:00,KDK.V,,0.7400000095367432,0.7400000095367432,0.7400000095367432,0.7400000095367432,525.0
2026-09-23 15:50:00,LME.V,,0.14499999582767487,0.14499999582767487,0.14499999582767487,0.14499999582767487,500.0
2026-09-23 15:50:00,MKO.V,,14.15999984741211,14.170000076293945,14.15999984741211,14.15999984741211,2200.0
2026-09-23 15:50:00,MLP.V,,2.569999933242798,2.569999933242798,2.559999942779541,2.559999942779541,402.0
2026-09-23 15:50:00,MN.V,,0.10000000149011612,0.10000000149011612,0.10000000149011612,0.10000000149011612,49039.0
2026-09-23 15:50:00,PNG.V,,4.614999771118164,4.619999885559082,4.610000133514404,4.610000133514404,1300.0
2026-09-23 15:50:00,TUF.V,,0.8700000047683716,0.8700000047683716,0.8700000047683716,0.8700000047683716,500.0
2026-09-23 15:50:00,ZNG.V,,0.8199999928474426,0.8199999928474426,0.8199999928474426,0.8199999928474426,500.0
2026-09-23 15:51:00,BIG.V,,1.3899999856948853,1.3949999809265137,1.3899999856948853,1.3949999809265137,900.0
2026-09-23 15:51:00,FDR.V,,6.940000057220459,6.940000057220459,6.940000057220459,6.940000057220459,265.0
2026-09-23 15:51:00,FOR.V,,0.8999999761581421,0.8999999761581421,0.8999999761581421,0.8999999761581421,9025.0
2026-09-23 15:51:00,FWZ.V,,3.1600000858306885,3.1600000858306885,3.1600000858306885,3.1600000858306885,2900.0
2026-09-23 15:51:00,GLDN.V,,0.09000000357627869,0.09000000357627869,0.09000000357627869,0.09000000357627869,217489.0
2026-09-23 15:51:00,GOT.V,,1.7200000286102295,1.7200000286102295,1.7200000286102295,1.7200000286102295,1400.0
2026-09-23 15:51:00,GPM.V,,0.07999999821186066,0.07999999821186066,0.07999999821186066,0.07999999821186066,29000.0
2026-09-23 15:51:00,GWM.V,,1.065000057220459,1.065000057220459,1.065000057220459,1.065000057220459,6500.0
2026-09-23 15:51:00,HITI.V,,3.8399999141693115,3.8399999141693115,3.8399999141693115,3.8399999141693115,200.0
2026-09-23 15:51:00,KLDC.V,,0.38499999046325684,0.38499999046325684,0.38499999046325684,0.38499999046325684,500.0
2026-09-23 15:51:00,LPS.V,,0.16500000655651093,0.16500000655651093,0.16500000655651093,0.16500000655651093,2000.0
2026-09-23 15:51:00,LUCA.V,,1.1200000047683716,1.1200000047683716,1.1150000095367432,1.1150000095367432,2300.0
2026-09-23 15:51:00,LVG.V,,0.30000001192092896,0.30000001192092896,0.30000001192092896,0.30000001192092896,21500.0
2026-09-23 15:51:00,PNG.V,,4.625,4.630000114440918,4.614999771118164,4.619999885559082,13700.0
2026-09-23 15:51:00,TUF.V,,0.8899999856948853,0.8899999856948853,0.8700000047683716,0.8700000047683716,28500.0
2026-09-23 15:52:00,BIG.V,,1.3899999856948853,1.3949999809265137,1.3899999856948853,1.3949999809265137,700.0
2026-09-23 15:52:00,FOR.V,,0.9200000166893005,0.9200000166893005,0.9200000166893005,0.9200000166893005,2000.0
2026-09-23 15:52:00,GG.V,,2.9000000953674316,2.9000000953674316,2.9000000953674316,2.9000000953674316,600.0
2026-09-23 15:52:00,GMA.V,,0.25,0.25,0.25,0.25,500.0
2026-09-23 15:52:00,GMG.V,,2.5,2.5,2.5,2.5,3500.0
2026-09-23 15:52:00,GOT.V,,1.7200000286102295,1.7200000286102295,1.7200000286102295,1.7200000286102295,900.0
2026-09-23 15:52:00,GWM.V,,1.065000057220459,1.065000057220459,1.059999942779541,1.065000057220459,13000.0
2026-09-23 15:52:00,IRR.V,,1.2999999523162842,1.2999999523162842,1.2999999523162842,1.2999999523162842,33184.0
2026-09-23 15:52:00,KDK.V,,0.7400000095367432,0.7400000095367432,0.7400000095367432,0.7400000095367432,46425.0
2026-09-23 15:52:00,LUCA.V,,1.1200000047683716,1.1200000047683716,1.1150000095367432,1.1150000095367432,1500.0
2026-09-23 15:52:00,MKO.V,,14.180000305175781,14.1899995803833,14.180000305175781,14.180000305175781,700.0
2026-09-23 15:52:00,PNG.V,,4.625,4.625,4.619999885559082,4.619999885559082,600.0
2026-09-23 15:52:00,TUF.V,,0.8899999856948853,0.8899999856948853,0.8899999856948853,0.8899999856948853,61600.0
2026-09-23 15:53:00,FDR.V,,6.949999809265137,6.949999809265137,6.949999809265137,6.949999809265137,1700.0
2026-09-23 15:53:00,GMG.V,,2.490000009536743,2.490000009536743,2.490000009536743,2.490000009536743,300.0
2026-09-23 15:53:00,GWM.V,,1.059999942779541,1.065000057220459,1.059999942779541,1.065000057220459,18284.0
2026-09-23 15:53:00,HITI.V,,3.8399999141693115,3.8399999141693115,3.8399999141693115,3.8399999141693115,100.0
2026-09-23 15:53:00,IRR.V,,1.2999999523162842,1.2999999523162842,1.2999999523162842,1.2999999523162842,6300.0
2026-09-23 15:53:00,ITR.V,,3.930000066757202,3.930000066757202,3.930000066757202,3.930000066757202,1700.0
2026-09-23 15:53:00,KLDC.V,,0.375,0.3799999952316284,0.375,0.3799999952316284,13500.0
2026-09-23 15:53:00,LPS.V,,0.1599999964237213,0.1599999964237213,0.1599999964237213,0.1599999964237213,52534.0
2026-09-23 15:53:00,LUCA.V,,1.1200000047683716,1.1200000047683716,1.1200000047683716,1.1200000047683716,200.0
2026-09-23 15:53:00,LVG.V,,0.30000001192092896,0.30000001192092896,0.30000001192092896,0.30000001192092896,0.0
2026-09-23 15:53:00,MKO.V,,14.1899995803833,14.1899995803833,14.1899995803833,14.1899995803833,100.0
2026-09-23 15:53:00,MLP.V,,2.569999933242798,2.569999933242798,2.569999933242798,2.569999933242798,100.0
2026-09-23 15:53:00,MTA.V,,14.1899995803833,14.1899995803833,14.1899995803833,14.1899995803833,100.0
2026-09-23 15:53:00,MTX.V,,0.019999999552965164,0.019999999552965164,0.019999999552965164,0.019999999552965164,18000.0
2026-09-23 15:53:00,PNG.V,,4.625,4.630000114440918,4.625,4.625,800.0
2026-09-23 15:53:00,TUF.V,,0.8899999856948853,0.8899999856948853,0.8899999856948853,0.8899999856948853,1000.0
2026-09-23 15:54:00,BIG.V,,1.3949999809265137,1.3949999809265137,1.3949999809265137,1.3949999809265137,1000.0
2026-09-23 15:54:00,FDR.V,,6.949999809265137,6.949999809265137,6.949999809265137,6.949999809265137,400.0
2026-09-23 15:54:00,GMG.V,,2.490000009536743,2.490000009536743,2.490000009536743,2.490000009536743,100.0
2026-09-23 15:54:00,GWM.V,,1.059999942779541,1.059999942779541,1.059999942779541,1.059999942779541,6500.0
2026-09-23 15:54:00,ITR.V,,3.9200000762939453,3.9200000762939453,3.9200000762939453,3.9200000762939453,200.0
2026-09-23 15:54:00,LUCA.V,,1.125,1.125,1.125,1.125,200.0
2026-09-23 15:54:00,LVG.V,,0.30000001192092896,0.30000001192092896,0.30000001192092896,0.30000001192092896,41600.0
2026-09-23 15:54:00,MKO.V,,14.180000305175781,14.199999809265137,14.180000305175781,14.199999809265137,600.0
2026-09-23 15:54:00,MLP.V,,2.559999942779541,2.569999933242798,2.559999942779541,2.559999942779541,300.0
2026-09-23 15:54:00,TUF.V,,0.8899999856948853,0.8899999856948853,0.8899999856948853,0.8899999856948853,2000.0
2026-09-23 15:54:00,VAND.V,,0.7900000214576721,0.7900000214576721,0.7900000214576721,0.7900000214576721,1000.0
2026-09-23 15:55:00,BIG.V,,1.399999976158142,1.399999976158142,1.399999976158142,1.399999976158142,7000.0
2026-09-23 15:55:00,EQTY.V,,0.12999999523162842,0.12999999523162842,0.12999999523162842,0.12999999523162842,500.0
2026-09-23 15:55:00,FDR.V,,6.949999809265137,6.949999809265137,6.949999809265137,6.949999809265137,100.0
2026-09-23 15:55:00,FL.V,,0.4699999988079071,0.4699999988079071,0.4699999988079071,0.4699999988079071,1500.0
2026-09-23 15:55:00,FWZ.V,,3.1500000953674316,3.1700000762939453,3.1500000953674316,3.1700000762939453,6000.0
2026-09-23 15:55:00,GGO.V,,1.190000057220459,1.190000057220459,1.190000057220459,1.190000057220459,300.0
2026-09-23 15:55:00,GOT.V,,1.7200000286102295,1.7200000286102295,1.7200000286102295,1.7200000286102295,300.0
2026-09-23 15:55:00,GSPR.V,,0.10999999940395355,0.10999999940395355,0.10999999940395355,0.10999999940395355,108010.0
2026-09-23 15:55:00,GWM.V,,1.0399999618530273,1.059999942779541,1.0399999618530273,1.059999942779541,55659.0
2026-09-23 15:55:00,IRR.V,,1.2999999523162842,1.309999942779541,1.2999999523162842,1.309999942779541,2300.0
2026-09-23 15:55:00,ITR.V,,3.940000057220459,3.940000057220459,3.930000066757202,3.930000066757202,400.0
2026-09-23 15:55:00,KC.V,,0.3199999928474426,0.3199999928474426,0.3199999928474426,0.3199999928474426,1500.0
2026-09-23 15:55:00,KLDC.V,,0.38499999046325684,0.38499999046325684,0.38499999046325684,0.38499999046325684,500.0
2026-09-23 15:55:00,LUCA.V,,1.1150000095367432,1.125,1.1150000095367432,1.125,24700.0
2026-09-23 15:55:00,MKO.V,,14.229999542236328,14.25,14.1850004196167,14.1850004196167,2380.0
2026-09-23 15:55:00,MLP.V,,2.559999942779541,2.559999942779541,2.559999942779541,2.559999942779541,1100.0
2026-09-23 15:55:00,MTA.V,,14.210000038146973,14.210000038146973,14.210000038146973,14.210000038146973,125.0
2026-09-23 15:55:00,PNG.V,,4.625,4.630000114440918,4.625,4.630000114440918,1100.0
2026-09-23 15:55:00,TUF.V,,0.8849999904632568,0.8899999856948853,0.8799999952316284,0.8899999856948853,11500.0
2026-09-23 15:56:00,BIG.V,,1.399999976158142,1.399999976158142,1.399999976158142,1.399999976158142,1845.0
2026-09-23 15:56:00,FDR.V,,6.920000076293945,6.920000076293945,6.920000076293945,6.920000076293945,1800.0
2026-09-23 15:56:00,FWZ.V,,3.1600000858306885,3.1600000858306885,3.1500000953674316,3.1500000953674316,9800.0
2026-09-23 15:56:00,GGO.V,,1.190000057220459,1.190000057220459,1.190000057220459,1.190000057220459,600.0
2026-09-23 15:56:00,GMG.V,,2.490000009536743,2.490000009536743,2.490000009536743,2.490000009536743,481.0
2026-09-23 15:56:00,GOT.V,,1.7200000286102295,1.7200000286102295,1.7200000286102295,1.7200000286102295,200.0
2026-09-23 15:56:00,GWM.V,,1.0299999713897705,1.0299999713897705,1.0299999713897705,1.0299999713897705,500.0
2026-09-23 15:56:00,HITI.V,,3.8399999141693115,3.8399999141693115,3.8399999141693115,3.8399999141693115,300.0
2026-09-23 15:56:00,ITR.V,,3.940000057220459,3.940000057220459,3.930000066757202,3.930000066757202,1000.0
2026-09-23 15:56:00,KLDC.V,,0.38499999046325684,0.38499999046325684,0.38499999046325684,0.38499999046325684,500.0
2026-09-23 15:56:00,LUCA.V,,1.1200000047683716,1.1200000047683716,1.1150000095367432,1.1150000095367432,6700.0
2026-09-23 15:56:00,MLP.V,,2.559999942779541,2.559999942779541,2.559999942779541,2.559999942779541,500.0
2026-09-23 15:56:00,MTA.V,,14.199999809265137,14.199999809265137,14.199999809265137,14.199999809265137,300.0
2026-09-23 15:56:00,PNG.V,,4.619999885559082,4.619999885559082,4.619999885559082,4.619999885559082,2200.0
2026-09-23 15:56:00,TUF.V,,0.8899999856948853,0.8899999856948853,0.8799999952316284,0.8799999952316284,18350.0
2026-09-23 15:57:00,FDR.V,,6.900000095367432,6.925000190734863,6.900000095367432,6.925000190734863,1600.0
2026-09-23 15:57:00,GGO.V,,1.190000057220459,1.190000057220459,1.190000057220459,1.190000057220459,900.0
2026-09-23 15:57:00,GOT.V,,1.7200000286102295,1.7200000286102295,1.7200000286102295,1.7200000286102295,100.0
2026-09-23 15:57:00,GPG.V,,0.3149999976158142,0.3149999976158142,0.3149999976158142,0.3149999976158142,68097.0
2026-09-23 15:57:00,GWM.V,,1.0299999713897705,1.0299999713897705,1.0299999713897705,1.0299999713897705,4500.0
2026-09-23 15:57:00,HITI.V,,3.8299999237060547,3.8399999141693115,3.8299999237060547,3.8399999141693115,6800.0
2026-09-23 15:57:00,IPT.V,,0.28999999165534973,0.28999999165534973,0.28999999165534973,0.28999999165534973,273641.0
2026-09-23 15:57:00,ITR.V,,3.940000057220459,3.940000057220459,3.930000066757202,3.940000057220459,700.0
2026-09-23 15:57:00,JUGR.V,,0.47999998927116394,0.47999998927116394,0.47999998927116394,0.47999998927116394,134849.0
2026-09-23 15:57:00,KLDC.V,,0.38499999046325684,0.38499999046325684,0.38499999046325684,0.38499999046325684,500.0
2026-09-23 15:57:00,LUCA.V,,1.1200000047683716,1.1200000047683716,1.1200000047683716,1.1200000047683716,2200.0
2026-09-23 15:57:00,MKO.V,,14.25,14.25,14.239999771118164,14.239999771118164,800.0
2026-09-23 15:57:00,MLP.V,,2.559999942779541,2.559999942779541,2.559999942779541,2.559999942779541,2600.0
2026-09-23 15:57:00,MTA.V,,14.25,14.25,14.239999771118164,14.239999771118164,200.0
2026-09-23 15:57:00,PNG.V,,4.619999885559082,4.625,4.619999885559082,4.625,1200.0
2026-09-23 15:57:00,TUF.V,,0.8799999952316284,0.8899999856948853,0.8799999952316284,0.8899999856948853,4500.0
2026-09-23 15:58:00,BIG.V,,1.399999976158142,1.399999976158142,1.399999976158142,1.399999976158142,100.0
2026-09-23 15:58:00,FDR.V,,6.909999847412109,6.909999847412109,6.909999847412109,6.909999847412109,200.0
2026-09-23 15:58:00,FWZ.V,,3.1700000762939453,3.1700000762939453,3.1500000953674316,3.1500000953674316,500.0
2026-09-23 15:58:00,GEL.V,,0.10000000149011612,0.10000000149011612,0.10000000149011612,0.10000000149011612,758790.0
2026-09-23 15:58:00,GFG.V,,0.23000000417232513,0.23000000417232513,0.22499999403953552,0.23000000417232513,60049.0
2026-09-23 15:58:00,GGO.V,,1.190000057220459,1.190000057220459,1.190000057220459,1.190000057220459,800.0
2026-09-23 15:58:00,GMG.V,,2.4800000190734863,2.4800000190734863,2.4800000190734863,2.4800000190734863,100.0
2026-09-23 15:58:00,GOT.V,,1.7300000190734863,1.7300000190734863,1.7300000190734863,1.7300000190734863,9100.0
2026-09-23 15:58:00,GWM.V,,1.0299999713897705,1.0299999713897705,1.0299999713897705,1.0299999713897705,1500.0
2026-09-23 15:58:00,HITI.V,,3.8299999237060547,3.8299999237060547,3.8299999237060547,3.8299999237060547,600.0
2026-09-23 15:58:00,ITR.V,,3.940000057220459,3.940000057220459,3.940000057220459,3.940000057220459,600.0
2026-09-23 15:58:00,KLDC.V,,0.38499999046325684,0.38499999046325684,0.38499999046325684,0.38499999046325684,61765.0
2026-09-23 15:58:00,LCX.V,,1.8600000143051147,1.8700000047683716,1.8600000143051147,1.8700000047683716,21100.0
2026-09-23 15:58:00,LME.V,,0.14499999582767487,0.14499999582767487,0.14499999582767487,0.14499999582767487,27500.0
2026-09-23 15:58:00,LUCA.V,,1.1200000047683716,1.1200000047683716,1.1150000095367432,1.1150000095367432,2000.0
2026-09-23 15:58:00,MGM.V,,3.180000066757202,3.180000066757202,3.180000066757202,3.180000066757202,300.0
2026-09-23 15:58:00,MKO.V,,14.239999771118164,14.25,14.239999771118164,14.25,891.0
2026-09-23 15:58:00,MLP.V,,2.549999952316284,2.569999933242798,2.549999952316284,2.559999942779541,2150.0
2026-09-23 15:58:00,MTA.V,,14.25,14.25,14.239999771118164,14.25,600.0
2026-09-23 15:58:00,PNG.V,,4.639999866485596,4.639999866485596,4.619999885559082,4.619999885559082,13700.0
2026-09-23 15:58:00,TUF.V,,0.8799999952316284,0.8799999952316284,0.8799999952316284,0.8799999952316284,6500.0
2026-09-23 15:59:00,BIG.V,,1.399999976158142,1.399999976158142,1.3799999952316284,1.399999976158142,487478.0
2026-09-23 15:59:00,EQTY.V,,0.12999999523162842,0.12999999523162842,0.12999999523162842,0.12999999523162842,1290615.0
2026-09-23 15:59:00,FDR.V,,6.949999809265137,6.949999809265137,6.900000095367432,6.949999809265137,117418.0
2026-09-23 15:59:00,FG.V,,0.029999999329447746,0.029999999329447746,0.029999999329447746,0.029999999329447746,10666.0
2026-09-23 15:59:00,FINV-P.V,,0.029999999329447746,0.029999999329447746,0.029999999329447746,0.029999999329447746,81000.0
2026-09-23 15:59:00,FL.V,,0.4699999988079071,0.4699999988079071,0.4699999988079071,0.4699999988079071,15822.0
2026-09-23 15:59:00,FOR.V,,0.9200000166893005,0.9200000166893005,0.8799999952316284,0.9200000166893005,138681.0
2026-09-23 15:59:00,FPC.V,,0.5600000023841858,0.5600000023841858,0.5600000023841858,0.5600000023841858,179426.0
2026-09-23 15:59:00,FUU.V,,0.13500000536441803,0.13500000536441803,0.13500000536441803,0.13500000536441803,0.0
2026-09-23 15:59:00,FWZ.V,,3.1600000858306885,3.2200000286102295,3.1500000953674316,3.1600000858306885,214003.0
2026-09-23 15:59:00,GBU.V,,0.10999999940395355,0.10999999940395355,0.10999999940395355,0.10999999940395355,2000.0
2026-09-23 15:59:00,GG.V,,2.9100000858306885,2.9100000858306885,2.9100000858306885,2.9100000858306885,7207.0
2026-09-23 15:59:00,GGO.V,,1.2000000476837158,1.2000000476837158,1.190000057220459,1.2000000476837158,195300.0
2026-09-23 15:59:00,GMA.V,,0.25999999046325684,0.25999999046325684,0.25999999046325684,0.25999999046325684,45476.0
2026-09-23 15:59:00,GMG.V,,2.490000009536743,2.5,2.490000009536743,2.5,5800.0
2026-09-23 15:59:00,GOT.V,,1.7300000190734863,1.7300000190734863,1.7300000190734863,1.7300000190734863,393225.0
2026-09-23 15:59:00,GPH.V,,0.9300000071525574,0.9300000071525574,0.9200000166893005,0.9200000166893005,5000.0
2026-09-23 15:59:00,GRSL.V,,0.3499999940395355,0.3499999940395355,0.3499999940395355,0.3499999940395355,812109.0
2026-09-23 15:59:00,GWM.V,,1.0299999713897705,1.0299999713897705,1.0299999713897705,1.0299999713897705,3652091.0
2026-09-23 15:59:00,HAN.V,,0.6800000071525574,0.6800000071525574,0.6800000071525574,0.6800000071525574,7415.0
2026-09-23 15:59:00,HHH.V,,5.389999866485596,5.389999866485596,5.300000190734863,5.300000190734863,200.0
2026-09-23 15:59:00,HI.V,,0.16500000655651093,0.16500000655651093,0.16500000655651093,0.16500000655651093,178350.0
2026-09-23 15:59:00,HITI.V,,3.8399999141693115,3.8399999141693115,3.819999933242798,3.8399999141693115,75848.0
2026-09-23 15:59:00,HMR.V,,0.5299999713897705,0.5299999713897705,0.5299999713897705,0.5299999713897705,290040.0
2026-09-23 15:59:00,INTR.V,,0.8799999952316284,0.8799999952316284,0.8799999952316284,0.8799999952316284,62780.0
2026-09-23 15:59:00,ITR.V,,3.940000057220459,3.950000047683716,3.9200000762939453,3.940000057220459,5398.0
2026-09-23 15:59:00,KC.V,,0.3199999928474426,0.3199999928474426,0.3199999928474426,0.3199999928474426,21697.0
2026-09-23 15:59:00,KRY.V,,3.559999942779541,3.559999942779541,3.559999942779541,3.559999942779541,26750.0
2026-09-23 15:59:00,LCX.V,,1.840000033378601,1.8600000143051147,1.840000033378601,1.840000033378601,455740.0
2026-09-23 15:59:00,LGC.V,,3.3499999046325684,3.4000000953674316,3.3499999046325684,3.3499999046325684,3441.0
2026-09-23 15:59:00,LSTR.V,,0.07000000029802322,0.07000000029802322,0.07000000029802322,0.07000000029802322,99000.0
2026-09-23 15:59:00,LUCA.V,,1.1100000143051147,1.1200000047683716,1.1100000143051147,1.1150000095367432,21900.0
2026-09-23 15:59:00,LVG.V,,0.30000001192092896,0.30000001192092896,0.30000001192092896,0.30000001192092896,69100.0
2026-09-23 15:59:00,MGM.V,,3.180000066757202,3.180000066757202,3.180000066757202,3.180000066757202,58240.0
2026-09-23 15:59:00,MIM.V,,0.18000000715255737,0.18000000715255737,0.18000000715255737,0.18000000715255737,52000.0
2026-09-23 15:59:00,MKO.V,,14.220000267028809,14.220000267028809,14.220000267028809,14.220000267028809,400.0
2026-09-23 15:59:00,MLP.V,,2.559999942779541,2.569999933242798,2.5399999618530273,2.559999942779541,182200.0
2026-09-23 15:59:00,MTA.V,,14.270000457763672,14.399999618530273,14.25,14.25,6200.0
2026-09-23 15:59:00,PNG.V,,4.639999866485596,4.670000076293945,4.639999866485596,4.639999866485596,3768.0
2026-09-23 15:59:00,ROAR.V,,0.27000001072883606,0.27000001072883606,0.27000001072883606,0.27000001072883606,56023.0
2026-09-23 15:59:00,TUF.V,,0.8999999761581421,0.8999999761581421,0.8799999952316284,0.8999999761581421,1979811.0
2026-09-23 15:59:00,ZNG.V,,0.8299999833106995,0.8299999833106995,0.8299999833106995,0.8299999833106995,53610.0
