Datetime,Ticker,Adj Close,Close,High,Low,Open,Volume
2026-10-07 09:30:00,BIG.V,,1.149999976158142,1.159999966621399,1.149999976158142,1.149999976158142,0.0
2026-10-07 09:30:00,EQTY.V,,0.0949999988079071,0.0949999988079071,0.0949999988079071,0.0949999988079071,0.0
2026-10-07 09:30:00,ESK.V,,0.27000001072883606,0.2750000059604645,0.27000001072883606,0.2750000059604645,0.0
2026-10-07 09:30:00,EVER.V,,0.26499998569488525,0.26499998569488525,0.26499998569488525,0.26499998569488525,0.0
2026-10-07 09:30:00,FDR.V,,8.149999618530273,8.300000190734863,8.149999618530273,8.199999809265137,0.0
2026-10-07 09:30:00,FFOX.V,,0.6200000047683716,0.6399999856948853,0.6200000047683716,0.6399999856948853,0.0
2026-10-07 09:30:00,FOBI.V,,0.03500000014901161,0.03500000014901161,0.03500000014901161,0.03500000014901161,0.0
2026-10-07 09:30:00,FRED.V,,0.6899999976158142,0.6899999976158142,0.6899999976158142,0.6899999976158142,0.0
2026-10-07 09:30:00,FWZ.V,,2.859999895095825,2.9000000953674316,2.859999895095825,2.9000000953674316,0.0
2026-10-07 09:30:00,GFG.V,,0.17499999701976776,0.17499999701976776,0.17499999701976776,0.17499999701976776,0.0
2026-10-07 09:30:00,GGM.V,,0.03500000014901161,0.03500000014901161,0.03500000014901161,0.03500000014901161,0.0
2026-10-07 09:30:00,GGO.V,,1.3200000524520874,1.340000033378601,1.3200000524520874,1.340000033378601,0.0
2026-10-07 09:30:00,GMG.V,,2.2799999713897705,2.319999933242798,2.2799999713897705,2.299999952316284,0.0
2026-10-07 09:30:00,GOT.V,,1.4299999475479126,1.440000057220459,1.4299999475479126,1.440000057220459,0.0
2026-10-07 09:30:00,GPG.V,,0.2800000011920929,0.28999999165534973,0.2800000011920929,0.28999999165534973,0.0
2026-10-07 09:30:00,GRD.V,,0.07000000029802322,0.07000000029802322,0.06499999761581421,0.06499999761581421,0.0
2026-10-07 09:30:00,GRDM.V,,0.17000000178813934,0.17000000178813934,0.17000000178813934,0.17000000178813934,0.0
2026-10-07 09:30:00,GRSL.V,,0.28999999165534973,0.28999999165534973,0.2849999964237213,0.28999999165534973,0.0
2026-10-07 09:30:00,GSI.V,,1.6799999475479126,1.6799999475479126,1.6799999475479126,1.6799999475479126,0.0
2026-10-07 09:30:00,GSP.V,,0.14499999582767487,0.14499999582767487,0.14499999582767487,0.14499999582767487,0.0
2026-10-07 09:30:00,GSR.V,,0.33000001311302185,0.33000001311302185,0.33000001311302185,0.33000001311302185,0.0
2026-10-07 09:30:00,GSTM.V,,0.16500000655651093,0.16500000655651093,0.16500000655651093,0.16500000655651093,0.0
2026-10-07 09:30:00,GSVR.V,,0.375,0.375,0.375,0.375,0.0
2026-10-07 09:30:00,GWM.V,,1.0199999809265137,1.0399999618530273,1.0199999809265137,1.0399999618530273,0.0
2026-10-07 09:30:00,HAM.V,,5.900000095367432,5.900000095367432,5.900000095367432,5.900000095367432,0.0
2026-10-07 09:30:00,HEVI.V,,0.1850000023841858,0.1850000023841858,0.1850000023841858,0.1850000023841858,0.0
2026-10-07 09:30:00,HITI.V,,3.8499999046325684,3.869999885559082,3.819999933242798,3.819999933242798,0.0
2026-10-07 09:30:00,HME.V,,2.240000009536743,2.240000009536743,2.240000009536743,2.240000009536743,0.0
2026-10-07 09:30:00,HMR.V,,0.42500001192092896,0.4300000071525574,0.42500001192092896,0.4300000071525574,0.0
2026-10-07 09:30:00,HPL.V,,0.3149999976158142,0.3149999976158142,0.3149999976158142,0.3149999976158142,0.0
2026-10-07 09:30:00,HPQ.V,,0.13500000536441803,0.13500000536441803,0.13500000536441803,0.13500000536441803,0.0
2026-10-07 09:30:00,ICM.V,,0.08500000089406967,0.08500000089406967,0.07999999821186066,0.07999999821186066,0.0
2026-10-07 09:30:00,IGO.V,,0.14499999582767487,0.14499999582767487,0.14499999582767487,0.14499999582767487,0.0
2026-10-07 09:30:00,ILC.V,,0.02500000037252903,0.02500000037252903,0.02500000037252903,0.02500000037252903,0.0
2026-10-07 09:30:00,INEO.V,,0.10000000149011612,0.10000000149011612,0.10000000149011612,0.10000000149011612,0.0
2026-10-07 09:30:00,IPT.V,,0.2549999952316284,0.2549999952316284,0.2549999952316284,0.2549999952316284,0.0
2026-10-07 09:30:00,IRR.V,,1.1699999570846558,1.1699999570846558,1.1699999570846558,1.1699999570846558,0.0
2026-10-07 09:30:00,ITR.V,,3.700000047683716,3.759999990463257,3.700000047683716,3.759999990463257,0.0
2026-10-07 09:30:00,IVS.V,,0.25999999046325684,0.25999999046325684,0.25999999046325684,0.25999999046325684,0.0
2026-10-07 09:30:00,JEV.V,,0.23499999940395355,0.23499999940395355,0.23499999940395355,0.23499999940395355,0.0
2026-10-07 09:30:00,JJ.V,,0.029999999329447746,0.029999999329447746,0.029999999329447746,0.029999999329447746,0.0
2026-10-07 09:30:00,JUGR.V,,0.45500001311302185,0.45500001311302185,0.45500001311302185,0.45500001311302185,0.0
2026-10-07 09:30:00,KALO.V,,0.13500000536441803,0.13500000536441803,0.13500000536441803,0.13500000536441803,0.0
2026-10-07 09:30:00,KC.V,,0.35499998927116394,0.35499998927116394,0.35499998927116394,0.35499998927116394,0.0
2026-10-07 09:30:00,KFR.V,,1.0499999523162842,1.0499999523162842,1.0499999523162842,1.0499999523162842,0.0
2026-10-07 09:30:00,KGC.V,,0.029999999329447746,0.029999999329447746,0.029999999329447746,0.029999999329447746,0.0
2026-10-07 09:30:00,KLD.V,,2.4200000762939453,2.4200000762939453,2.4100000858306885,2.4200000762939453,0.0
2026-10-07 09:30:00,KNE.V,,0.029999999329447746,0.029999999329447746,0.029999999329447746,0.029999999329447746,0.0
2026-10-07 09:30:00,KNG.V,,1.0,1.0,1.0,1.0,0.0
2026-10-07 09:30:00,KTN.V,,1.1200000047683716,1.1200000047683716,1.1200000047683716,1.1200000047683716,0.0
2026-10-07 09:30:00,LAB.V,,0.05999999865889549,0.05999999865889549,0.05999999865889549,0.05999999865889549,0.0
2026-10-07 09:30:00,LCX.V,,1.7999999523162842,1.7999999523162842,1.7999999523162842,1.7999999523162842,0.0
2026-10-07 09:30:00,LFST.V,,0.03999999910593033,0.03999999910593033,0.03999999910593033,0.03999999910593033,0.0
2026-10-07 09:30:00,LG.V,,0.4000000059604645,0.4050000011920929,0.4000000059604645,0.4050000011920929,0.0
2026-10-07 09:30:00,LIO.V,,0.17000000178813934,0.17000000178813934,0.17000000178813934,0.17000000178813934,0.0
2026-10-07 09:30:00,LMN.V,,22.09000015258789,22.09000015258789,22.09000015258789,22.09000015258789,0.0
2026-10-07 09:30:00,LSTR.V,,0.07999999821186066,0.07999999821186066,0.07999999821186066,0.07999999821186066,0.0
2026-10-07 09:30:00,LUCA.V,,1.1100000143051147,1.1100000143051147,1.100000023841858,1.100000023841858,0.0
2026-10-07 09:30:00,LVG.V,,0.3499999940395355,0.3499999940395355,0.33500000834465027,0.33500000834465027,0.0
2026-10-07 09:30:00,LVX.V,,0.41999998688697815,0.41999998688697815,0.41999998688697815,0.41999998688697815,0.0
2026-10-07 09:30:00,MASS.V,,0.04500000178813934,0.04500000178813934,0.04500000178813934,0.04500000178813934,0.0
2026-10-07 09:30:00,MAZ-H.V,,0.08500000089406967,0.08500000089406967,0.08500000089406967,0.08500000089406967,0.0
2026-10-07 09:30:00,MCF.V,,0.014999999664723873,0.014999999664723873,0.014999999664723873,0.014999999664723873,0.0
2026-10-07 09:30:00,MENE.V,,0.16500000655651093,0.16500000655651093,0.16500000655651093,0.16500000655651093,0.0
2026-10-07 09:30:00,MERG.V,,0.4749999940395355,0.4749999940395355,0.4749999940395355,0.4749999940395355,0.0
2026-10-07 09:30:00,MGM.V,,2.9800000190734863,2.9800000190734863,2.9800000190734863,2.9800000190734863,0.0
2026-10-07 09:30:00,MINE.V,,0.13500000536441803,0.14000000059604645,0.13500000536441803,0.14000000059604645,0.0
2026-10-07 09:30:00,MLP.V,,2.140000104904175,2.2100000381469727,2.140000104904175,2.2100000381469727,0.0
2026-10-07 09:30:00,MMG.V,,0.1899999976158142,0.1899999976158142,0.1899999976158142,0.1899999976158142,0.0
2026-10-07 09:30:00,MRVL.V,,0.11500000208616257,0.11999999731779099,0.11500000208616257,0.11999999731779099,0.0
2026-10-07 09:30:00,MTA.V,,12.630000114440918,12.630000114440918,12.630000114440918,12.630000114440918,0.0
2026-10-07 09:30:00,MTLO.V,,0.004999999888241291,0.004999999888241291,0.004999999888241291,0.004999999888241291,0.0
2026-10-07 09:30:00,MTS.V,,0.16500000655651093,0.16500000655651093,0.16500000655651093,0.16500000655651093,0.0
2026-10-07 09:30:00,NHHH.V,,0.05999999865889549,0.05999999865889549,0.05999999865889549,0.05999999865889549,0.0
2026-10-07 09:30:00,NURS.V,,3.5,3.509999990463257,3.5,3.509999990463257,0.0
2026-10-07 09:30:00,PNG.V,,4.789999961853027,4.900000095367432,4.75,4.800000190734863,0.0
2026-10-07 09:30:00,YGT.V,,0.1899999976158142,0.1899999976158142,0.1899999976158142,0.1899999976158142,0.0
2026-10-07 09:30:00,ZNG.V,,0.7200000286102295,0.7200000286102295,0.699999988079071,0.699999988079071,0.0
2026-10-07 09:31:00,BIG.V,,1.149999976158142,1.149999976158142,1.149999976158142,1.149999976158142,100.0
2026-10-07 09:31:00,EQTY.V,,0.0949999988079071,0.0949999988079071,0.0949999988079071,0.0949999988079071,24000.0
2026-10-07 09:31:00,FCA-U.V,,3.0,3.0,3.0,3.0,0.0
2026-10-07 09:31:00,FRED.V,,0.6899999976158142,0.6899999976158142,0.6899999976158142,0.6899999976158142,5000.0
2026-10-07 09:31:00,FWZ.V,,2.799999952316284,2.8499999046325684,2.799999952316284,2.8499999046325684,9488.0
2026-10-07 09:31:00,GGO.V,,1.309999942779541,1.3200000524520874,1.309999942779541,1.3200000524520874,17400.0
2026-10-07 09:31:00,GOT.V,,1.4199999570846558,1.4199999570846558,1.409999966621399,1.4199999570846558,27390.0
2026-10-07 09:31:00,GRSL.V,,0.2849999964237213,0.28999999165534973,0.2849999964237213,0.28999999165534973,15119.0
2026-10-07 09:31:00,GSR.V,,0.33000001311302185,0.33000001311302185,0.33000001311302185,0.33000001311302185,58000.0
2026-10-07 09:31:00,GSTM.V,,0.16500000655651093,0.16500000655651093,0.16500000655651093,0.16500000655651093,5000.0
2026-10-07 09:31:00,GWM.V,,1.0199999809265137,1.0199999809265137,1.0199999809265137,1.0199999809265137,10000.0
2026-10-07 09:31:00,HITI.V,,3.869999885559082,3.869999885559082,3.869999885559082,3.869999885559082,775.0
2026-10-07 09:31:00,HPQ.V,,0.13500000536441803,0.13500000536441803,0.13500000536441803,0.13500000536441803,4500.0
2026-10-07 09:31:00,INTR.V,,0.8399999737739563,0.8500000238418579,0.8399999737739563,0.8500000238418579,0.0
2026-10-07 09:31:00,ITR.V,,3.6700000762939453,3.6700000762939453,3.6700000762939453,3.6700000762939453,100.0
2026-10-07 09:31:00,LIO.V,,0.17000000178813934,0.17000000178813934,0.17000000178813934,0.17000000178813934,20000.0
2026-10-07 09:31:00,MLP.V,,2.130000114440918,2.1500000953674316,2.130000114440918,2.1500000953674316,4145.0
2026-10-07 09:31:00,PNG.V,,4.690000057220459,4.760000228881836,4.690000057220459,4.760000228881836,13916.0
2026-10-07 09:32:00,BIG.V,,1.1399999856948853,1.1399999856948853,1.1399999856948853,1.1399999856948853,200.0
2026-10-07 09:32:00,FCA-U.V,,3.0,3.0,3.0,3.0,100.0
2026-10-07 09:32:00,FDR.V,,8.149999618530273,8.149999618530273,8.149999618530273,8.149999618530273,547.0
2026-10-07 09:32:00,FMAN.V,,0.33500000834465027,0.33500000834465027,0.33500000834465027,0.33500000834465027,0.0
2026-10-07 09:32:00,FRED.V,,0.6899999976158142,0.6899999976158142,0.6899999976158142,0.6899999976158142,10000.0
2026-10-07 09:32:00,GGM.V,,0.03500000014901161,0.03500000014901161,0.03500000014901161,0.03500000014901161,150000.0
2026-10-07 09:32:00,GGO.V,,1.309999942779541,1.309999942779541,1.309999942779541,1.309999942779541,100.0
2026-10-07 09:32:00,GPG.V,,0.2849999964237213,0.2849999964237213,0.2849999964237213,0.2849999964237213,1000.0
2026-10-07 09:32:00,GSR.V,,0.33000001311302185,0.33000001311302185,0.33000001311302185,0.33000001311302185,4500.0
2026-10-07 09:32:00,GSVR.V,,0.3725000023841858,0.3725000023841858,0.3725000023841858,0.3725000023841858,1000.0
2026-10-07 09:32:00,GWM.V,,1.0199999809265137,1.0199999809265137,1.0199999809265137,1.0199999809265137,11300.0
2026-10-07 09:32:00,IGO.V,,0.14499999582767487,0.14499999582767487,0.14499999582767487,0.14499999582767487,10000.0
2026-10-07 09:32:00,INTR.V,,0.8399999737739563,0.8399999737739563,0.8399999737739563,0.8399999737739563,500.0
2026-10-07 09:32:00,IPT.V,,0.25,0.25,0.25,0.25,312211.0
2026-10-07 09:32:00,ITR.V,,3.630000114440918,3.6600000858306885,3.630000114440918,3.6600000858306885,2788.0
2026-10-07 09:32:00,KFR.V,,1.0299999713897705,1.0399999618530273,1.0299999713897705,1.0399999618530273,5032.0
2026-10-07 09:32:00,MINE.V,,0.14000000059604645,0.14000000059604645,0.14000000059604645,0.14000000059604645,7500.0
2026-10-07 09:32:00,MLP.V,,2.1600000858306885,2.1600000858306885,2.1600000858306885,2.1600000858306885,164.0
2026-10-07 09:32:00,MMG.V,,0.1899999976158142,0.1899999976158142,0.1899999976158142,0.1899999976158142,40500.0
2026-10-07 09:32:00,MTA.V,,12.609999656677246,12.609999656677246,12.609999656677246,12.609999656677246,150.0
2026-10-07 09:32:00,NURS.V,,3.4100000858306885,3.450000047683716,3.4100000858306885,3.450000047683716,1200.0
2026-10-07 09:32:00,PNG.V,,4.639999866485596,4.679999828338623,4.630000114440918,4.679999828338623,21113.0
2026-10-07 09:33:00,BIG.V,,1.149999976158142,1.1549999713897705,1.149999976158142,1.149999976158142,15930.0
2026-10-07 09:33:00,FDR.V,,8.1899995803833,8.1899995803833,8.1899995803833,8.1899995803833,900.0
2026-10-07 09:33:00,GGM.V,,0.03500000014901161,0.03500000014901161,0.03500000014901161,0.03500000014901161,37000.0
2026-10-07 09:33:00,GRSL.V,,0.2849999964237213,0.2849999964237213,0.2849999964237213,0.2849999964237213,10200.0
2026-10-07 09:33:00,GSVR.V,,0.3700000047683716,0.3700000047683716,0.3675000071525574,0.3700000047683716,87790.0
2026-10-07 09:33:00,IPT.V,,0.24500000476837158,0.24500000476837158,0.24500000476837158,0.24500000476837158,97352.0
2026-10-07 09:33:00,ITR.V,,3.619999885559082,3.619999885559082,3.619999885559082,3.619999885559082,1100.0
2026-10-07 09:33:00,KLD.V,,2.4200000762939453,2.4200000762939453,2.4100000858306885,2.4100000858306885,1100.0
2026-10-07 09:33:00,LSTR.V,,0.07999999821186066,0.07999999821186066,0.07999999821186066,0.07999999821186066,5000.0
2026-10-07 09:33:00,LUCA.V,,1.100000023841858,1.100000023841858,1.100000023841858,1.100000023841858,2100.0
2026-10-07 09:33:00,MGM.V,,2.950000047683716,2.950000047683716,2.950000047683716,2.950000047683716,100.0
2026-10-07 09:33:00,MLP.V,,2.109999895095825,2.130000114440918,2.109999895095825,2.130000114440918,5755.0
2026-10-07 09:33:00,MTA.V,,12.529999732971191,12.529999732971191,12.5,12.5,900.0
2026-10-07 09:33:00,NURS.V,,3.4000000953674316,3.4000000953674316,3.4000000953674316,3.4000000953674316,250.0
2026-10-07 09:33:00,PNG.V,,4.659999847412109,4.659999847412109,4.625,4.639999866485596,19330.0
2026-10-07 09:34:00,EQTY.V,,0.0949999988079071,0.0949999988079071,0.0949999988079071,0.0949999988079071,92000.0
2026-10-07 09:34:00,FDR.V,,8.199999809265137,8.199999809265137,8.199999809265137,8.199999809265137,500.0
2026-10-07 09:34:00,FFOX.V,,0.6200000047683716,0.6200000047683716,0.6200000047683716,0.6200000047683716,2000.0
2026-10-07 09:34:00,FMAN.V,,0.33000001311302185,0.33500000834465027,0.33000001311302185,0.33500000834465027,24175.0
2026-10-07 09:34:00,FRED.V,,0.6899999976158142,0.6899999976158142,0.6899999976158142,0.6899999976158142,20000.0
2026-10-07 09:34:00,GOT.V,,1.3949999809265137,1.399999976158142,1.3949999809265137,1.399999976158142,22900.0
2026-10-07 09:34:00,GWM.V,,1.0199999809265137,1.0199999809265137,1.0199999809265137,1.0199999809265137,28200.0
2026-10-07 09:34:00,HITI.V,,3.859999895095825,3.859999895095825,3.859999895095825,3.859999895095825,100.0
2026-10-07 09:34:00,HME.V,,2.240000009536743,2.240000009536743,2.2300000190734863,2.2300000190734863,200.0
2026-10-07 09:34:00,ITR.V,,3.609999895095825,3.609999895095825,3.609999895095825,3.609999895095825,1603.0
2026-10-07 09:34:00,KFR.V,,1.0299999713897705,1.0299999713897705,1.0299999713897705,1.0299999713897705,13000.0
2026-10-07 09:34:00,KIP.V,,0.1899999976158142,0.1899999976158142,0.1899999976158142,0.1899999976158142,0.0
2026-10-07 09:34:00,KTN.V,,1.100000023841858,1.1100000143051147,1.100000023841858,1.1100000143051147,11600.0
2026-10-07 09:34:00,LG.V,,0.39500001072883606,0.39500001072883606,0.39500001072883606,0.39500001072883606,20500.0
2026-10-07 09:34:00,LUCA.V,,1.100000023841858,1.100000023841858,1.100000023841858,1.100000023841858,125.0
2026-10-07 09:34:00,MENE.V,,0.17000000178813934,0.17000000178813934,0.17000000178813934,0.17000000178813934,4000.0
2026-10-07 09:34:00,MGM.V,,2.9000000953674316,2.9200000762939453,2.9000000953674316,2.9200000762939453,1500.0
2026-10-07 09:34:00,MLP.V,,2.0999999046325684,2.109999895095825,2.0999999046325684,2.109999895095825,18460.0
2026-10-07 09:34:00,PNG.V,,4.650000095367432,4.679999828338623,4.635000228881836,4.670000076293945,7881.0
2026-10-07 09:35:00,FDR.V,,8.170000076293945,8.1899995803833,8.170000076293945,8.1899995803833,3600.0
2026-10-07 09:35:00,FWZ.V,,2.799999952316284,2.809999942779541,2.799999952316284,2.799999952316284,24888.0
2026-10-07 09:35:00,GGM.V,,0.03500000014901161,0.03500000014901161,0.03500000014901161,0.03500000014901161,23000.0
2026-10-07 09:35:00,GWM.V,,1.0199999809265137,1.0199999809265137,1.0199999809265137,1.0199999809265137,21600.0
2026-10-07 09:35:00,HITI.V,,3.8499999046325684,3.8499999046325684,3.8499999046325684,3.8499999046325684,200.0
2026-10-07 09:35:00,HPL.V,,0.3100000023841858,0.3100000023841858,0.3100000023841858,0.3100000023841858,27000.0
2026-10-07 09:35:00,ITR.V,,3.609999895095825,3.609999895095825,3.609999895095825,3.609999895095825,108.0
2026-10-07 09:35:00,KFR.V,,1.0199999809265137,1.0199999809265137,1.0199999809265137,1.0199999809265137,7000.0
2026-10-07 09:35:00,LG.V,,0.39500001072883606,0.39500001072883606,0.39500001072883606,0.39500001072883606,6000.0
2026-10-07 09:35:00,MENE.V,,0.17000000178813934,0.17000000178813934,0.17000000178813934,0.17000000178813934,5000.0
2026-10-07 09:35:00,MJS.V,,0.0949999988079071,0.0949999988079071,0.0949999988079071,0.0949999988079071,0.0
2026-10-07 09:35:00,MLP.V,,2.109999895095825,2.109999895095825,2.0899999141693115,2.0899999141693115,9905.0
2026-10-07 09:35:00,PNG.V,,4.630000114440918,4.639999866485596,4.630000114440918,4.639999866485596,4624.0
2026-10-07 09:36:00,BIG.V,,1.159999966621399,1.159999966621399,1.149999976158142,1.149999976158142,4300.0
2026-10-07 09:36:00,FDR.V,,8.149999618530273,8.15999984741211,8.130000114440918,8.149999618530273,2000.0
2026-10-07 09:36:00,FFOX.V,,0.6000000238418579,0.6000000238418579,0.6000000238418579,0.6000000238418579,6000.0
2026-10-07 09:36:00,GMG.V,,2.2799999713897705,2.2799999713897705,2.259999990463257,2.259999990463257,3302.0
2026-10-07 09:36:00,GOT.V,,1.3899999856948853,1.3899999856948853,1.3899999856948853,1.3899999856948853,1000.0
2026-10-07 09:36:00,GPM.V,,0.07500000298023224,0.07500000298023224,0.07500000298023224,0.07500000298023224,0.0
2026-10-07 09:36:00,GSI.V,,1.6699999570846558,1.6799999475479126,1.659999966621399,1.6699999570846558,12755.0
2026-10-07 09:36:00,GSVR.V,,0.36500000953674316,0.36500000953674316,0.36500000953674316,0.36500000953674316,8000.0
2026-10-07 09:36:00,ITR.V,,3.609999895095825,3.609999895095825,3.609999895095825,3.609999895095825,100.0
2026-10-07 09:36:00,LG.V,,0.39500001072883606,0.39500001072883606,0.39500001072883606,0.39500001072883606,29000.0
2026-10-07 09:36:00,LVX.V,,0.42500001192092896,0.42500001192092896,0.42500001192092896,0.42500001192092896,2500.0
2026-10-07 09:36:00,MINE.V,,0.14499999582767487,0.14499999582767487,0.14000000059604645,0.14000000059604645,25000.0
2026-10-07 09:36:00,MTA.V,,12.479999542236328,12.479999542236328,12.479999542236328,12.479999542236328,2920.0
2026-10-07 09:36:00,PNG.V,,4.619999885559082,4.639999866485596,4.619999885559082,4.619999885559082,700.0
2026-10-07 09:37:00,FDR.V,,8.199999809265137,8.199999809265137,8.140000343322754,8.140000343322754,19500.0
2026-10-07 09:37:00,FRED.V,,0.6899999976158142,0.6899999976158142,0.6899999976158142,0.6899999976158142,10000.0
2026-10-07 09:37:00,GGO.V,,1.3200000524520874,1.3200000524520874,1.3200000524520874,1.3200000524520874,400.0
2026-10-07 09:37:00,GSVR.V,,0.3675000071525574,0.3675000071525574,0.3675000071525574,0.3675000071525574,565.0
2026-10-07 09:37:00,GWM.V,,1.0199999809265137,1.0199999809265137,1.0199999809265137,1.0199999809265137,17900.0
2026-10-07 09:37:00,ITR.V,,3.630000114440918,3.6500000953674316,3.619999885559082,3.619999885559082,3300.0
2026-10-07 09:37:00,KFR.V,,1.0199999809265137,1.0199999809265137,1.0199999809265137,1.0199999809265137,7700.0
2026-10-07 09:37:00,LG.V,,0.39500001072883606,0.39500001072883606,0.39500001072883606,0.39500001072883606,5000.0
2026-10-07 09:37:00,LVX.V,,0.41999998688697815,0.41999998688697815,0.41999998688697815,0.41999998688697815,1000.0
2026-10-07 09:37:00,MLP.V,,2.119999885559082,2.119999885559082,2.119999885559082,2.119999885559082,2100.0
2026-10-07 09:37:00,PNG.V,,4.670000076293945,4.699999809265137,4.599999904632568,4.610000133514404,59117.0
2026-10-07 09:38:00,FAIR.V,,0.04500000178813934,0.04500000178813934,0.04500000178813934,0.04500000178813934,0.0
2026-10-07 09:38:00,FDR.V,,8.1899995803833,8.1899995803833,8.15999984741211,8.15999984741211,700.0
2026-10-07 09:38:00,GGO.V,,1.3300000429153442,1.3300000429153442,1.3300000429153442,1.3300000429153442,3600.0
2026-10-07 09:38:00,GOT.V,,1.3899999856948853,1.3899999856948853,1.3899999856948853,1.3899999856948853,2000.0
2026-10-07 09:38:00,HITI.V,,3.8499999046325684,3.8499999046325684,3.8499999046325684,3.8499999046325684,100.0
2026-10-07 09:38:00,ITR.V,,3.619999885559082,3.619999885559082,3.619999885559082,3.619999885559082,100.0
2026-10-07 09:38:00,KTN.V,,1.100000023841858,1.100000023841858,1.100000023841858,1.100000023841858,200.0
2026-10-07 09:38:00,LG.V,,0.39500001072883606,0.39500001072883606,0.39500001072883606,0.39500001072883606,31000.0
2026-10-07 09:38:00,LIO.V,,0.16500000655651093,0.16500000655651093,0.16500000655651093,0.16500000655651093,74500.0
2026-10-07 09:38:00,LWR.V,,0.05000000074505806,0.05000000074505806,0.05000000074505806,0.05000000074505806,0.0
2026-10-07 09:38:00,MD.V,,0.3799999952316284,0.3799999952316284,0.3799999952316284,0.3799999952316284,0.0
2026-10-07 09:38:00,MGM.V,,2.890000104904175,2.890000104904175,2.890000104904175,2.890000104904175,100.0
2026-10-07 09:38:00,MLP.V,,2.119999885559082,2.119999885559082,2.119999885559082,2.119999885559082,2200.0
2026-10-07 09:38:00,PNG.V,,4.659999847412109,4.670000076293945,4.639999866485596,4.670000076293945,487400.0
2026-10-07 09:39:00,FDR.V,,8.199999809265137,8.199999809265137,8.199999809265137,8.199999809265137,500.0
2026-10-07 09:39:00,FRED.V,,0.6899999976158142,0.6899999976158142,0.6899999976158142,0.6899999976158142,16500.0
2026-10-07 09:39:00,GSVR.V,,0.36500000953674316,0.36500000953674316,0.36500000953674316,0.36500000953674316,15270.0
2026-10-07 09:39:00,GWM.V,,1.0199999809265137,1.0199999809265137,1.0199999809265137,1.0199999809265137,38660.0
2026-10-07 09:39:00,HAM.V,,5.849999904632568,5.849999904632568,5.849999904632568,5.849999904632568,200.0
2026-10-07 09:39:00,IPT.V,,0.24500000476837158,0.24500000476837158,0.24500000476837158,0.24500000476837158,15500.0
2026-10-07 09:39:00,KFR.V,,1.0199999809265137,1.0199999809265137,1.0199999809265137,1.0199999809265137,3300.0
2026-10-07 09:39:00,KRI.V,,0.20499999821186066,0.20499999821186066,0.20499999821186066,0.20499999821186066,0.0
2026-10-07 09:39:00,LIO.V,,0.1599999964237213,0.1599999964237213,0.1599999964237213,0.1599999964237213,137000.0
2026-10-07 09:39:00,LUCA.V,,1.0800000429153442,1.0950000286102295,1.0800000429153442,1.0950000286102295,53735.0
2026-10-07 09:39:00,MENE.V,,0.16500000655651093,0.17000000178813934,0.16500000655651093,0.17000000178813934,46500.0
2026-10-07 09:39:00,MLP.V,,2.140000104904175,2.140000104904175,2.140000104904175,2.140000104904175,1500.0
2026-10-07 09:39:00,PNG.V,,4.690000057220459,4.699999809265137,4.670000076293945,4.670000076293945,5300.0
2026-10-07 09:40:00,FDR.V,,8.170000076293945,8.170000076293945,8.170000076293945,8.170000076293945,200.0
2026-10-07 09:40:00,FMAN.V,,0.33500000834465027,0.33500000834465027,0.33500000834465027,0.33500000834465027,3200.0
2026-10-07 09:40:00,GSI.V,,1.659999966621399,1.659999966621399,1.659999966621399,1.659999966621399,2300.0
2026-10-07 09:40:00,GSVR.V,,0.3675000071525574,0.3675000071525574,0.36500000953674316,0.36500000953674316,2928.0
2026-10-07 09:40:00,ITR.V,,3.619999885559082,3.619999885559082,3.619999885559082,3.619999885559082,400.0
2026-10-07 09:40:00,KTO.V,,0.7900000214576721,0.7900000214576721,0.7900000214576721,0.7900000214576721,0.0
2026-10-07 09:40:00,LG.V,,0.38999998569488525,0.38999998569488525,0.38999998569488525,0.38999998569488525,17500.0
2026-10-07 09:40:00,LUCA.V,,1.0800000429153442,1.0800000429153442,1.0800000429153442,1.0800000429153442,8023.0
2026-10-07 09:40:00,MLP.V,,2.119999885559082,2.130000114440918,2.119999885559082,2.130000114440918,1520.0
2026-10-07 09:40:00,PNG.V,,4.639999866485596,4.670000076293945,4.639999866485596,4.670000076293945,9600.0
2026-10-07 09:41:00,FDR.V,,8.1899995803833,8.229999542236328,8.1899995803833,8.229999542236328,200.0
2026-10-07 09:41:00,GGM.V,,0.03500000014901161,0.03500000014901161,0.03500000014901161,0.03500000014901161,3000.0
2026-10-07 09:41:00,GPG.V,,0.2800000011920929,0.2800000011920929,0.2800000011920929,0.2800000011920929,3681.0
2026-10-07 09:41:00,GRD.V,,0.07000000029802322,0.07000000029802322,0.07000000029802322,0.07000000029802322,2000.0
2026-10-07 09:41:00,GSVR.V,,0.36500000953674316,0.36500000953674316,0.36500000953674316,0.36500000953674316,1000.0
2026-10-07 09:41:00,HVG.V,,0.03999999910593033,0.03999999910593033,0.03999999910593033,0.03999999910593033,0.0
2026-10-07 09:41:00,IPT.V,,0.24500000476837158,0.24500000476837158,0.24500000476837158,0.24500000476837158,20000.0
2026-10-07 09:41:00,ITR.V,,3.609999895095825,3.609999895095825,3.609999895095825,3.609999895095825,200.0
2026-10-07 09:41:00,IVS.V,,0.2549999952316284,0.2549999952316284,0.2549999952316284,0.2549999952316284,2010.0
2026-10-07 09:41:00,LG.V,,0.38999998569488525,0.38999998569488525,0.38999998569488525,0.38999998569488525,26000.0
2026-10-07 09:41:00,LMN.V,,22.0,22.0,22.0,22.0,300.0
2026-10-07 09:41:00,MGM.V,,2.880000114440918,2.890000104904175,2.880000114440918,2.890000104904175,2100.0
2026-10-07 09:41:00,MMG.V,,0.1899999976158142,0.1899999976158142,0.1899999976158142,0.1899999976158142,4000.0
2026-10-07 09:41:00,PNG.V,,4.679999828338623,4.679999828338623,4.639999866485596,4.639999866485596,2635.0
2026-10-07 09:42:00,GWM.V,,1.0099999904632568,1.0099999904632568,1.0099999904632568,1.0099999904632568,4100.0
2026-10-07 09:42:00,HI.V,,0.15000000596046448,0.15000000596046448,0.15000000596046448,0.15000000596046448,0.0
2026-10-07 09:42:00,IGO.V,,0.15000000596046448,0.15000000596046448,0.15000000596046448,0.15000000596046448,1000.0
2026-10-07 09:42:00,KFR.V,,1.0199999809265137,1.0199999809265137,1.0199999809265137,1.0199999809265137,3300.0
2026-10-07 09:42:00,KTN.V,,1.1100000143051147,1.1100000143051147,1.100000023841858,1.100000023841858,46150.0
2026-10-07 09:42:00,LG.V,,0.38999998569488525,0.38999998569488525,0.38999998569488525,0.38999998569488525,20250.0
2026-10-07 09:42:00,LUCA.V,,1.0800000429153442,1.0800000429153442,1.0800000429153442,1.0800000429153442,460.0
2026-10-07 09:42:00,MMG.V,,0.1899999976158142,0.1899999976158142,0.1899999976158142,0.1899999976158142,9500.0
2026-10-07 09:42:00,MTA.V,,12.479999542236328,12.479999542236328,12.479999542236328,12.479999542236328,500.0
2026-10-07 09:42:00,PNG.V,,4.690000057220459,4.690000057220459,4.670000076293945,4.670000076293945,1200.0
2026-10-07 09:43:00,FDR.V,,8.199999809265137,8.199999809265137,8.199999809265137,8.199999809265137,200.0
2026-10-07 09:43:00,FRED.V,,0.6899999976158142,0.6899999976158142,0.6899999976158142,0.6899999976158142,8500.0
2026-10-07 09:43:00,FWZ.V,,2.7899999618530273,2.799999952316284,2.7899999618530273,2.799999952316284,16625.0
2026-10-07 09:43:00,GOT.V,,1.3899999856948853,1.3899999856948853,1.3899999856948853,1.3899999856948853,200.0
2026-10-07 09:43:00,GRDM.V,,0.17000000178813934,0.17000000178813934,0.17000000178813934,0.17000000178813934,2000.0
2026-10-07 09:43:00,GSVR.V,,0.3700000047683716,0.3700000047683716,0.36500000953674316,0.36500000953674316,502544.0
2026-10-07 09:43:00,IPT.V,,0.24500000476837158,0.24500000476837158,0.23999999463558197,0.24500000476837158,441500.0
2026-10-07 09:43:00,KFR.V,,1.0199999809265137,1.0199999809265137,1.0199999809265137,1.0199999809265137,16800.0
2026-10-07 09:43:00,LCX.V,,1.7699999809265137,1.7999999523162842,1.7699999809265137,1.7999999523162842,11655.0
2026-10-07 09:43:00,MD.V,,0.375,0.3799999952316284,0.375,0.3799999952316284,1700.0
2026-10-07 09:43:00,MIM.V,,0.1550000011920929,0.1550000011920929,0.1550000011920929,0.1550000011920929,0.0
2026-10-07 09:43:00,MLP.V,,2.0799999237060547,2.119999885559082,2.0799999237060547,2.119999885559082,20813.0
2026-10-07 09:43:00,NURS.V,,3.369999885559082,3.369999885559082,3.369999885559082,3.369999885559082,100.0
2026-10-07 09:43:00,PNG.V,,4.699999809265137,4.699999809265137,4.690000057220459,4.690000057220459,600.0
2026-10-07 09:44:00,FDR.V,,8.229999542236328,8.25,8.229999542236328,8.239999771118164,1000.0
2026-10-07 09:44:00,GSVR.V,,0.3700000047683716,0.3700000047683716,0.3700000047683716,0.3700000047683716,10300.0
2026-10-07 09:44:00,IPT.V,,0.24500000476837158,0.24500000476837158,0.24500000476837158,0.24500000476837158,40000.0
2026-10-07 09:44:00,ITR.V,,3.630000114440918,3.630000114440918,3.630000114440918,3.630000114440918,800.0
2026-10-07 09:44:00,KTN.V,,1.1100000143051147,1.1100000143051147,1.1100000143051147,1.1100000143051147,100.0
2026-10-07 09:44:00,PNG.V,,4.679999828338623,4.699999809265137,4.679999828338623,4.695000171661377,544.0
2026-10-07 09:45:00,BIG.V,,1.149999976158142,1.149999976158142,1.149999976158142,1.149999976158142,500.0
2026-10-07 09:45:00,EVER.V,,0.24500000476837158,0.24500000476837158,0.24500000476837158,0.24500000476837158,500.0
2026-10-07 09:45:00,FWZ.V,,2.7799999713897705,2.7899999618530273,2.7799999713897705,2.7899999618530273,4725.0
2026-10-07 09:45:00,GMG.V,,2.2699999809265137,2.2699999809265137,2.25,2.25,6411.0
2026-10-07 09:45:00,GSVR.V,,0.36500000953674316,0.36500000953674316,0.36500000953674316,0.36500000953674316,1847.0
2026-10-07 09:45:00,HITI.V,,3.869999885559082,3.869999885559082,3.869999885559082,3.869999885559082,107.0
2026-10-07 09:45:00,HPL.V,,0.3100000023841858,0.3100000023841858,0.3100000023841858,0.3100000023841858,8500.0
2026-10-07 09:45:00,IPT.V,,0.24500000476837158,0.24500000476837158,0.24500000476837158,0.24500000476837158,4500.0
2026-10-07 09:45:00,LUCA.V,,1.090000033378601,1.090000033378601,1.090000033378601,1.090000033378601,1500.0
2026-10-07 09:45:00,MLP.V,,2.109999895095825,2.109999895095825,2.109999895095825,2.109999895095825,1300.0
2026-10-07 09:45:00,PNG.V,,4.690000057220459,4.690000057220459,4.670000076293945,4.690000057220459,5900.0
2026-10-07 09:46:00,FRED.V,,0.6800000071525574,0.6899999976158142,0.6800000071525574,0.6899999976158142,59500.0
2026-10-07 09:46:00,GOT.V,,1.399999976158142,1.399999976158142,1.399999976158142,1.399999976158142,1000.0
2026-10-07 09:46:00,IPT.V,,0.24500000476837158,0.24500000476837158,0.24500000476837158,0.24500000476837158,14500.0
2026-10-07 09:46:00,LUCA.V,,1.090000033378601,1.090000033378601,1.090000033378601,1.090000033378601,200.0
2026-10-07 09:46:00,MTA.V,,12.53499984741211,12.53499984741211,12.510000228881836,12.510000228881836,300.0
2026-10-07 09:46:00,PNG.V,,4.679999828338623,4.679999828338623,4.659999847412109,4.670000076293945,5100.0
2026-10-07 09:47:00,EQTY.V,,0.0949999988079071,0.0949999988079071,0.0949999988079071,0.0949999988079071,50113.0
2026-10-07 09:47:00,FDR.V,,8.289999961853027,8.289999961853027,8.289999961853027,8.289999961853027,1900.0
2026-10-07 09:47:00,GOT.V,,1.399999976158142,1.399999976158142,1.399999976158142,1.399999976158142,1750.0
2026-10-07 09:47:00,GSVR.V,,0.3700000047683716,0.3700000047683716,0.3700000047683716,0.3700000047683716,1000.0
2026-10-07 09:47:00,HME.V,,2.240000009536743,2.240000009536743,2.240000009536743,2.240000009536743,100.0
2026-10-07 09:47:00,ITR.V,,3.619999885559082,3.630000114440918,3.619999885559082,3.630000114440918,1900.0
2026-10-07 09:47:00,LTH.V,,0.5099999904632568,0.5099999904632568,0.5099999904632568,0.5099999904632568,0.0
2026-10-07 09:47:00,LUCA.V,,1.0800000429153442,1.0850000381469727,1.0800000429153442,1.0850000381469727,55000.0
2026-10-07 09:47:00,MERG.V,,0.44999998807907104,0.44999998807907104,0.44999998807907104,0.44999998807907104,1145.0
2026-10-07 09:47:00,MLP.V,,2.0899999141693115,2.109999895095825,2.0899999141693115,2.109999895095825,3318.0
2026-10-07 09:47:00,NURS.V,,3.4000000953674316,3.4000000953674316,3.4000000953674316,3.4000000953674316,100.0
2026-10-07 09:47:00,PNG.V,,4.679999828338623,4.679999828338623,4.670000076293945,4.670000076293945,2300.0
2026-10-07 09:48:00,FDR.V,,8.289999961853027,8.289999961853027,8.289999961853027,8.289999961853027,800.0
2026-10-07 09:48:00,GMG.V,,2.2699999809265137,2.2699999809265137,2.2699999809265137,2.2699999809265137,1900.0
2026-10-07 09:48:00,GSI.V,,1.659999966621399,1.659999966621399,1.659999966621399,1.659999966621399,100.0
2026-10-07 09:48:00,GWM.V,,1.0099999904632568,1.0099999904632568,1.0099999904632568,1.0099999904632568,10100.0
2026-10-07 09:48:00,IPT.V,,0.25,0.25,0.25,0.25,2663.0
2026-10-07 09:48:00,MLP.V,,2.0999999046325684,2.0999999046325684,2.0999999046325684,2.0999999046325684,72700.0
2026-10-07 09:48:00,PNG.V,,4.679999828338623,4.679999828338623,4.675000190734863,4.675000190734863,400.0
2026-10-07 09:49:00,BIG.V,,1.1399999856948853,1.149999976158142,1.1399999856948853,1.149999976158142,3000.0
2026-10-07 09:49:00,FDR.V,,8.25,8.25,8.25,8.25,300.0
2026-10-07 09:49:00,GPM.V,,0.07500000298023224,0.07500000298023224,0.07500000298023224,0.07500000298023224,15000.0
2026-10-07 09:49:00,GRSL.V,,0.28999999165534973,0.28999999165534973,0.28999999165534973,0.28999999165534973,500.0
2026-10-07 09:49:00,HME.V,,2.2300000190734863,2.240000009536743,2.2300000190734863,2.240000009536743,4456.0
2026-10-07 09:49:00,JUGR.V,,0.44999998807907104,0.45500001311302185,0.44999998807907104,0.45500001311302185,3000.0
2026-10-07 09:49:00,LPS.V,,0.13500000536441803,0.13500000536441803,0.13500000536441803,0.13500000536441803,0.0
2026-10-07 09:49:00,LSTR.V,,0.07500000298023224,0.07500000298023224,0.07500000298023224,0.07500000298023224,1000.0
2026-10-07 09:49:00,PNG.V,,4.670000076293945,4.670000076293945,4.670000076293945,4.670000076293945,300.0
2026-10-07 09:50:00,BIG.V,,1.149999976158142,1.149999976158142,1.149999976158142,1.149999976158142,375.0
2026-10-07 09:50:00,EVER.V,,0.22499999403953552,0.23000000417232513,0.22499999403953552,0.23000000417232513,12500.0
2026-10-07 09:50:00,FDR.V,,8.25,8.25,8.239999771118164,8.239999771118164,700.0
2026-10-07 09:50:00,FRED.V,,0.6800000071525574,0.6800000071525574,0.6800000071525574,0.6800000071525574,4500.0
2026-10-07 09:50:00,GOT.V,,1.399999976158142,1.399999976158142,1.399999976158142,1.399999976158142,2400.0
2026-10-07 09:50:00,GRSL.V,,0.28999999165534973,0.28999999165534973,0.28999999165534973,0.28999999165534973,3000.0
2026-10-07 09:50:00,GSI.V,,1.649999976158142,1.659999966621399,1.649999976158142,1.659999966621399,1172.0
2026-10-07 09:50:00,GWM.V,,1.0,1.0,1.0,1.0,3957.0
2026-10-07 09:50:00,ILC.V,,0.02500000037252903,0.02500000037252903,0.02500000037252903,0.02500000037252903,20000.0
2026-10-07 09:50:00,JUGR.V,,0.4449999928474426,0.4449999928474426,0.4449999928474426,0.4449999928474426,2000.0
2026-10-07 09:50:00,LIO.V,,0.1550000011920929,0.1550000011920929,0.1550000011920929,0.1550000011920929,98000.0
2026-10-07 09:50:00,MLP.V,,2.0999999046325684,2.0999999046325684,2.0999999046325684,2.0999999046325684,1500.0
2026-10-07 09:50:00,MRVL.V,,0.10999999940395355,0.10999999940395355,0.10999999940395355,0.10999999940395355,7100.0
2026-10-07 09:50:00,PNG.V,,4.670000076293945,4.670000076293945,4.659999847412109,4.659999847412109,200.0
2026-10-07 09:51:00,BIG.V,,1.1399999856948853,1.1399999856948853,1.1399999856948853,1.1399999856948853,5800.0
2026-10-07 09:51:00,EVER.V,,0.22499999403953552,0.22499999403953552,0.22499999403953552,0.22499999403953552,12000.0
2026-10-07 09:51:00,GOT.V,,1.3899999856948853,1.3949999809265137,1.3899999856948853,1.3949999809265137,14100.0
2026-10-07 09:51:00,GSVR.V,,0.3700000047683716,0.3700000047683716,0.3700000047683716,0.3700000047683716,1000.0
2026-10-07 09:51:00,ITR.V,,3.630000114440918,3.630000114440918,3.630000114440918,3.630000114440918,600.0
2026-10-07 09:51:00,LMN.V,,21.989999771118164,22.0,21.940000534057617,21.989999771118164,3600.0
2026-10-07 09:51:00,MINE.V,,0.14499999582767487,0.14499999582767487,0.14499999582767487,0.14499999582767487,1000.0
2026-10-07 09:51:00,MRVL.V,,0.10499999672174454,0.10499999672174454,0.10499999672174454,0.10499999672174454,6600.0
2026-10-07 09:51:00,PNG.V,,4.659999847412109,4.659999847412109,4.659999847412109,4.659999847412109,1000.0
2026-10-07 09:52:00,GOT.V,,1.3899999856948853,1.3899999856948853,1.3899999856948853,1.3899999856948853,578.0
2026-10-07 09:52:00,GPG.V,,0.2750000059604645,0.2750000059604645,0.2750000059604645,0.2750000059604645,500.0
2026-10-07 09:52:00,GSI.V,,1.649999976158142,1.649999976158142,1.649999976158142,1.649999976158142,700.0
2026-10-07 09:52:00,GWM.V,,1.0099999904632568,1.0099999904632568,1.0099999904632568,1.0099999904632568,1100.0
2026-10-07 09:52:00,IPT.V,,0.24500000476837158,0.24500000476837158,0.24500000476837158,0.24500000476837158,24000.0
2026-10-07 09:52:00,ITR.V,,3.619999885559082,3.630000114440918,3.619999885559082,3.630000114440918,2700.0
2026-10-07 09:52:00,JUGR.V,,0.44749999046325684,0.44749999046325684,0.44749999046325684,0.44749999046325684,500.0
2026-10-07 09:52:00,LME.V,,0.14000000059604645,0.14000000059604645,0.14000000059604645,0.14000000059604645,0.0
2026-10-07 09:52:00,LMN.V,,22.09000015258789,22.09000015258789,22.09000015258789,22.09000015258789,100.0
2026-10-07 09:52:00,MLP.V,,2.109999895095825,2.109999895095825,2.109999895095825,2.109999895095825,140.0
2026-10-07 09:52:00,PNG.V,,4.670000076293945,4.670000076293945,4.659999847412109,4.659999847412109,3300.0
2026-10-07 09:53:00,BIG.V,,1.1399999856948853,1.1399999856948853,1.1399999856948853,1.1399999856948853,10710.0
2026-10-07 09:53:00,FDR.V,,8.220000267028809,8.220000267028809,8.220000267028809,8.220000267028809,100.0
2026-10-07 09:53:00,FRED.V,,0.6700000166893005,0.6800000071525574,0.6700000166893005,0.6800000071525574,53500.0
2026-10-07 09:53:00,GG.V,,2.8499999046325684,2.8499999046325684,2.8499999046325684,2.8499999046325684,0.0
2026-10-07 09:53:00,GPG.V,,0.2800000011920929,0.2800000011920929,0.2800000011920929,0.2800000011920929,18000.0
2026-10-07 09:53:00,GWM.V,,1.0099999904632568,1.0099999904632568,1.0099999904632568,1.0099999904632568,51800.0
2026-10-07 09:53:00,HME.V,,2.244999885559082,2.244999885559082,2.244999885559082,2.244999885559082,200.0
2026-10-07 09:53:00,LIFT.V,,2.0,2.0,2.0,2.0,0.0
2026-10-07 09:53:00,PNG.V,,4.679999828338623,4.690000057220459,4.675000190734863,4.675000190734863,2000.0
2026-10-07 09:54:00,BIG.V,,1.1449999809265137,1.1449999809265137,1.1449999809265137,1.1449999809265137,1100.0
2026-10-07 09:54:00,FDR.V,,8.220000267028809,8.220000267028809,8.220000267028809,8.220000267028809,700.0
2026-10-07 09:54:00,GSVR.V,,0.3700000047683716,0.3700000047683716,0.3700000047683716,0.3700000047683716,4000.0
2026-10-07 09:54:00,HME.V,,2.244999885559082,2.244999885559082,2.244999885559082,2.244999885559082,200.0
2026-10-07 09:54:00,IPT.V,,0.24500000476837158,0.24500000476837158,0.24500000476837158,0.24500000476837158,500.0
2026-10-07 09:54:00,ITR.V,,3.630000114440918,3.630000114440918,3.630000114440918,3.630000114440918,200.0
2026-10-07 09:54:00,LIFT.V,,2.0,2.0,2.0,2.0,500.0
2026-10-07 09:54:00,LSTR.V,,0.07500000298023224,0.07500000298023224,0.07500000298023224,0.07500000298023224,6000.0
2026-10-07 09:54:00,MINE.V,,0.15000000596046448,0.15000000596046448,0.14499999582767487,0.14499999582767487,3500.0
2026-10-07 09:54:00,PNG.V,,4.659999847412109,4.679999828338623,4.659999847412109,4.675000190734863,5600.0
2026-10-07 09:55:00,GSVR.V,,0.375,0.375,0.375,0.375,15000.0
2026-10-07 09:55:00,HME.V,,2.244999885559082,2.244999885559082,2.244999885559082,2.244999885559082,100.0
2026-10-07 09:55:00,LSTR.V,,0.07500000298023224,0.07999999821186066,0.07500000298023224,0.07999999821186066,16000.0
2026-10-07 09:55:00,MENE.V,,0.16500000655651093,0.16500000655651093,0.16500000655651093,0.16500000655651093,14000.0
2026-10-07 09:55:00,MILE.V,,0.11999999731779099,0.11999999731779099,0.11999999731779099,0.11999999731779099,0.0
2026-10-07 09:55:00,MKR.V,,0.10999999940395355,0.10999999940395355,0.10999999940395355,0.10999999940395355,0.0
2026-10-07 09:55:00,MLP.V,,2.119999885559082,2.119999885559082,2.119999885559082,2.119999885559082,500.0
2026-10-07 09:55:00,PNG.V,,4.639999866485596,4.659999847412109,4.639999866485596,4.659999847412109,4368.0
2026-10-07 09:56:00,GPM.V,,0.07500000298023224,0.07500000298023224,0.07500000298023224,0.07500000298023224,10000.0
2026-10-07 09:56:00,HPQ.V,,0.13500000536441803,0.13500000536441803,0.13500000536441803,0.13500000536441803,9500.0
2026-10-07 09:56:00,ITR.V,,3.630000114440918,3.630000114440918,3.630000114440918,3.630000114440918,200.0
2026-10-07 09:56:00,MENE.V,,0.16500000655651093,0.16500000655651093,0.16500000655651093,0.16500000655651093,50000.0
2026-10-07 09:56:00,PNG.V,,4.639999866485596,4.639999866485596,4.639999866485596,4.639999866485596,400.0
2026-10-07 09:57:00,BIG.V,,1.1399999856948853,1.1399999856948853,1.1399999856948853,1.1399999856948853,1100.0
2026-10-07 09:57:00,FRED.V,,0.6700000166893005,0.6700000166893005,0.6700000166893005,0.6700000166893005,2000.0
2026-10-07 09:57:00,GHL.V,,0.06499999761581421,0.06499999761581421,0.06499999761581421,0.06499999761581421,0.0
2026-10-07 09:57:00,GLB.V,,0.3799999952316284,0.3799999952316284,0.3700000047683716,0.3799999952316284,21500.0
2026-10-07 09:57:00,GOT.V,,1.3899999856948853,1.3899999856948853,1.3899999856948853,1.3899999856948853,400.0
2026-10-07 09:57:00,GWM.V,,1.0099999904632568,1.0099999904632568,1.0099999904632568,1.0099999904632568,18400.0
2026-10-07 09:57:00,HME.V,,2.244999885559082,2.244999885559082,2.244999885559082,2.244999885559082,100.0
2026-10-07 09:57:00,INTR.V,,0.8500000238418579,0.8500000238418579,0.8399999737739563,0.8399999737739563,2000.0
2026-10-07 09:57:00,PNG.V,,4.650000095367432,4.650000095367432,4.639999866485596,4.639999866485596,5508.0
2026-10-07 09:58:00,GMG.V,,2.3399999141693115,2.3399999141693115,2.2699999809265137,2.2699999809265137,25600.0
2026-10-07 09:58:00,GOT.V,,1.3899999856948853,1.3899999856948853,1.3899999856948853,1.3899999856948853,1200.0
2026-10-07 09:58:00,GSI.V,,1.649999976158142,1.649999976158142,1.649999976158142,1.649999976158142,338.0
2026-10-07 09:58:00,GSVR.V,,0.36500000953674316,0.3700000047683716,0.36500000953674316,0.36500000953674316,13000.0
2026-10-07 09:58:00,HME.V,,2.2200000286102295,2.2300000190734863,2.2200000286102295,2.2300000190734863,39839.0
2026-10-07 09:58:00,IPT.V,,0.24500000476837158,0.24500000476837158,0.24500000476837158,0.24500000476837158,75448.0
2026-10-07 09:58:00,KTN.V,,1.1100000143051147,1.1200000047683716,1.1100000143051147,1.1200000047683716,2300.0
2026-10-07 09:58:00,MERG.V,,0.4399999976158142,0.4399999976158142,0.4399999976158142,0.4399999976158142,2000.0
2026-10-07 09:58:00,PNG.V,,4.650000095367432,4.650000095367432,4.650000095367432,4.650000095367432,600.0
2026-10-07 09:59:00,FWZ.V,,2.7699999809265137,2.7799999713897705,2.7699999809265137,2.7799999713897705,31852.0
2026-10-07 09:59:00,GMG.V,,2.299999952316284,2.299999952316284,2.299999952316284,2.299999952316284,600.0
2026-10-07 09:59:00,GSVR.V,,0.36500000953674316,0.36500000953674316,0.36500000953674316,0.36500000953674316,500.0
2026-10-07 09:59:00,GWM.V,,1.0099999904632568,1.0099999904632568,1.0099999904632568,1.0099999904632568,22500.0
2026-10-07 09:59:00,HCH.V,,1.5,1.5,1.5,1.5,0.0
2026-10-07 09:59:00,HME.V,,2.2300000190734863,2.2300000190734863,2.2300000190734863,2.2300000190734863,100.0
2026-10-07 09:59:00,IPT.V,,0.24500000476837158,0.24500000476837158,0.24500000476837158,0.24500000476837158,30000.0
2026-10-07 09:59:00,ITR.V,,3.630000114440918,3.630000114440918,3.630000114440918,3.630000114440918,200.0
2026-10-07 09:59:00,MERG.V,,0.41999998688697815,0.41999998688697815,0.41999998688697815,0.41999998688697815,8000.0
2026-10-07 09:59:00,MGM.V,,2.859999895095825,2.869999885559082,2.8499999046325684,2.869999885559082,3180.0
2026-10-07 09:59:00,PNG.V,,4.659999847412109,4.659999847412109,4.650000095367432,4.650000095367432,3722.0
2026-10-07 10:00:00,GSVR.V,,0.375,0.375,0.375,0.375,3444.0
2026-10-07 10:00:00,HME.V,,2.2300000190734863,2.2300000190734863,2.2300000190734863,2.2300000190734863,100.0
2026-10-07 10:00:00,ITR.V,,3.640000104904175,3.640000104904175,3.640000104904175,3.640000104904175,400.0
2026-10-07 10:00:00,KFR.V,,1.0299999713897705,1.0299999713897705,1.0199999809265137,1.024999976158142,5600.0
2026-10-07 10:00:00,LIO.V,,0.1550000011920929,0.1550000011920929,0.1550000011920929,0.1550000011920929,4500.0
2026-10-07 10:00:00,LUCA.V,,1.0850000381469727,1.0850000381469727,1.0850000381469727,1.0850000381469727,1588.0
2026-10-07 10:00:00,PNG.V,,4.679999828338623,4.679999828338623,4.670000076293945,4.670000076293945,5200.0
2026-10-07 10:01:00,FRED.V,,0.6800000071525574,0.6800000071525574,0.6800000071525574,0.6800000071525574,1500.0
2026-10-07 10:01:00,GSVR.V,,0.36500000953674316,0.3700000047683716,0.36500000953674316,0.3700000047683716,1000.0
2026-10-07 10:01:00,HME.V,,2.2200000286102295,2.2200000286102295,2.2200000286102295,2.2200000286102295,100.0
2026-10-07 10:01:00,ITR.V,,3.630000114440918,3.640000104904175,3.630000114440918,3.640000104904175,1000.0
2026-10-07 10:01:00,KTN.V,,1.1200000047683716,1.1200000047683716,1.1200000047683716,1.1200000047683716,8000.0
2026-10-07 10:01:00,PNG.V,,4.659999847412109,4.679999828338623,4.650000095367432,4.670000076293945,9563.0
2026-10-07 10:01:00,YGT.V,,0.1899999976158142,0.1899999976158142,0.1899999976158142,0.1899999976158142,26002.0
2026-10-07 10:02:00,GOT.V,,1.3899999856948853,1.3899999856948853,1.3899999856948853,1.3899999856948853,100.0
2026-10-07 10:02:00,GSVR.V,,0.36500000953674316,0.36500000953674316,0.36500000953674316,0.36500000953674316,500.0
2026-10-07 10:02:00,HME.V,,2.2200000286102295,2.2200000286102295,2.2200000286102295,2.2200000286102295,300.0
2026-10-07 10:02:00,LG.V,,0.38999998569488525,0.38999998569488525,0.38999998569488525,0.38999998569488525,19000.0
2026-10-07 10:02:00,MINE.V,,0.14000000059604645,0.14000000059604645,0.14000000059604645,0.14000000059604645,21000.0
2026-10-07 10:02:00,MTA.V,,12.53499984741211,12.539999961853027,12.53499984741211,12.539999961853027,200.0
2026-10-07 10:02:00,NURS.V,,3.450000047683716,3.450000047683716,3.430000066757202,3.430000066757202,200.0
2026-10-07 10:02:00,PNG.V,,4.650000095367432,4.659999847412109,4.650000095367432,4.650000095367432,2000.0
2026-10-07 10:03:00,BIG.V,,1.159999966621399,1.159999966621399,1.149999976158142,1.149999976158142,1700.0
2026-10-07 10:03:00,FRED.V,,0.6800000071525574,0.6800000071525574,0.6800000071525574,0.6800000071525574,32500.0
2026-10-07 10:03:00,GOT.V,,1.3899999856948853,1.3899999856948853,1.3899999856948853,1.3899999856948853,1200.0
2026-10-07 10:03:00,GRDM.V,,0.17000000178813934,0.17000000178813934,0.17000000178813934,0.17000000178813934,9500.0
2026-10-07 10:03:00,HCH.V,,1.4800000190734863,1.4800000190734863,1.4800000190734863,1.4800000190734863,1000.0
2026-10-07 10:03:00,HME.V,,2.2200000286102295,2.2200000286102295,2.2200000286102295,2.2200000286102295,300.0
2026-10-07 10:03:00,ILC.V,,0.019999999552965164,0.019999999552965164,0.019999999552965164,0.019999999552965164,104000.0
2026-10-07 10:03:00,IPT.V,,0.24500000476837158,0.24500000476837158,0.24500000476837158,0.24500000476837158,2902.0
2026-10-07 10:03:00,ITR.V,,3.640000104904175,3.640000104904175,3.630000114440918,3.630000114440918,5400.0
2026-10-07 10:03:00,MTA.V,,12.539999961853027,12.539999961853027,12.529999732971191,12.529999732971191,300.0
2026-10-07 10:03:00,PNG.V,,4.659999847412109,4.659999847412109,4.659999847412109,4.659999847412109,700.0
2026-10-07 10:04:00,GOT.V,,1.3899999856948853,1.3899999856948853,1.3899999856948853,1.3899999856948853,100.0
2026-10-07 10:04:00,GWM.V,,1.0099999904632568,1.0099999904632568,1.0099999904632568,1.0099999904632568,24100.0
2026-10-07 10:04:00,HCH.V,,1.5,1.5,1.5,1.5,4100.0
2026-10-07 10:04:00,HME.V,,2.240000009536743,2.240000009536743,2.240000009536743,2.240000009536743,2600.0
2026-10-07 10:04:00,ILC.V,,0.019999999552965164,0.019999999552965164,0.019999999552965164,0.019999999552965164,21000.0
2026-10-07 10:04:00,IPT.V,,0.24500000476837158,0.24500000476837158,0.24500000476837158,0.24500000476837158,3500.0
2026-10-07 10:04:00,KTN.V,,1.100000023841858,1.100000023841858,1.100000023841858,1.100000023841858,130.0
2026-10-07 10:04:00,LME.V,,0.14000000059604645,0.14000000059604645,0.14000000059604645,0.14000000059604645,500.0
2026-10-07 10:04:00,MINE.V,,0.14000000059604645,0.14000000059604645,0.14000000059604645,0.14000000059604645,3500.0
2026-10-07 10:04:00,MRVL.V,,0.10499999672174454,0.10499999672174454,0.10499999672174454,0.10499999672174454,25000.0
2026-10-07 10:04:00,PNG.V,,4.670000076293945,4.679999828338623,4.659999847412109,4.659999847412109,3500.0
2026-10-07 10:05:00,BIG.V,,1.159999966621399,1.159999966621399,1.159999966621399,1.159999966621399,100.0
2026-10-07 10:05:00,FDR.V,,8.260000228881836,8.260000228881836,8.25,8.25,300.0
2026-10-07 10:05:00,GSVR.V,,0.3700000047683716,0.3700000047683716,0.3700000047683716,0.3700000047683716,1000.0
2026-10-07 10:05:00,ITR.V,,3.6500000953674316,3.6500000953674316,3.6500000953674316,3.6500000953674316,100.0
2026-10-07 10:05:00,KFR.V,,1.0199999809265137,1.0199999809265137,1.0199999809265137,1.0199999809265137,19500.0
2026-10-07 10:05:00,LG.V,,0.38999998569488525,0.38999998569488525,0.38999998569488525,0.38999998569488525,33441.0
2026-10-07 10:05:00,MINE.V,,0.14000000059604645,0.14000000059604645,0.14000000059604645,0.14000000059604645,25000.0
2026-10-07 10:05:00,MLP.V,,2.140000104904175,2.1500000953674316,2.119999885559082,2.119999885559082,54030.0
2026-10-07 10:05:00,PNG.V,,4.739999771118164,4.739999771118164,4.690000057220459,4.690000057220459,21310.0
2026-10-07 10:06:00,FDR.V,,8.270000457763672,8.270000457763672,8.270000457763672,8.270000457763672,100.0
2026-10-07 10:06:00,HCH.V,,1.5,1.5,1.4800000190734863,1.4800000190734863,850.0
2026-10-07 10:06:00,KLD.V,,2.4200000762939453,2.4200000762939453,2.4000000953674316,2.4100000858306885,4200.0
2026-10-07 10:06:00,MKR.V,,0.10999999940395355,0.10999999940395355,0.10999999940395355,0.10999999940395355,10000.0
2026-10-07 10:06:00,NURS.V,,3.4600000381469727,3.4600000381469727,3.4600000381469727,3.4600000381469727,1300.0
2026-10-07 10:06:00,PNG.V,,4.71999979019165,4.739999771118164,4.710000038146973,4.739999771118164,14151.0
2026-10-07 10:07:00,BIG.V,,1.159999966621399,1.159999966621399,1.159999966621399,1.159999966621399,2500.0
2026-10-07 10:07:00,GOT.V,,1.3799999952316284,1.3899999856948853,1.3799999952316284,1.3899999856948853,1300.0
2026-10-07 10:07:00,ITR.V,,3.640000104904175,3.640000104904175,3.640000104904175,3.640000104904175,100.0
2026-10-07 10:07:00,MLP.V,,2.1500000953674316,2.1500000953674316,2.1500000953674316,2.1500000953674316,200.0
2026-10-07 10:07:00,PNG.V,,4.75,4.75,4.699999809265137,4.699999809265137,9150.0
2026-10-07 10:08:00,FDR.V,,8.25,8.25,8.25,8.25,100.0
2026-10-07 10:08:00,FOBI.V,,0.029999999329447746,0.029999999329447746,0.029999999329447746,0.029999999329447746,307000.0
2026-10-07 10:08:00,GGO.V,,1.340000033378601,1.340000033378601,1.340000033378601,1.340000033378601,4140.0
2026-10-07 10:08:00,GMG.V,,2.2799999713897705,2.309999942779541,2.2799999713897705,2.309999942779541,1000.0
2026-10-07 10:08:00,GSI.V,,1.649999976158142,1.649999976158142,1.6449999809265137,1.6449999809265137,1300.0
2026-10-07 10:08:00,GSVR.V,,0.375,0.375,0.375,0.375,689.0
2026-10-07 10:08:00,KNG.V,,1.0499999523162842,1.0499999523162842,1.0499999523162842,1.0499999523162842,100.0
2026-10-07 10:08:00,MGM.V,,2.8399999141693115,2.8399999141693115,2.8399999141693115,2.8399999141693115,100.0
2026-10-07 10:08:00,PNG.V,,4.739999771118164,4.75,4.735000133514404,4.75,6477.0
2026-10-07 10:09:00,FDR.V,,8.25,8.25,8.239999771118164,8.239999771118164,1000.0
2026-10-07 10:09:00,GEMC.V,,0.019999999552965164,0.019999999552965164,0.019999999552965164,0.019999999552965164,0.0
2026-10-07 10:09:00,GOT.V,,1.3799999952316284,1.3799999952316284,1.3799999952316284,1.3799999952316284,800.0
2026-10-07 10:09:00,GPG.V,,0.2849999964237213,0.2849999964237213,0.2849999964237213,0.2849999964237213,2500.0
2026-10-07 10:09:00,HME.V,,2.2300000190734863,2.2300000190734863,2.2300000190734863,2.2300000190734863,300.0
2026-10-07 10:09:00,ITR.V,,3.6500000953674316,3.6500000953674316,3.6500000953674316,3.6500000953674316,600.0
2026-10-07 10:09:00,LG.V,,0.38999998569488525,0.38999998569488525,0.38999998569488525,0.38999998569488525,5000.0
2026-10-07 10:09:00,LIFT.V,,1.9900000095367432,1.9950000047683716,1.9900000095367432,1.9950000047683716,800.0
2026-10-07 10:09:00,LIO.V,,0.1599999964237213,0.1599999964237213,0.1599999964237213,0.1599999964237213,14000.0
2026-10-07 10:09:00,LUCA.V,,1.0850000381469727,1.0850000381469727,1.0800000429153442,1.0850000381469727,11000.0
2026-10-07 10:09:00,PNG.V,,4.78000020980835,4.78000020980835,4.75,4.75,4400.0
2026-10-07 10:09:00,YGT.V,,0.1899999976158142,0.1899999976158142,0.1899999976158142,0.1899999976158142,4000.0
2026-10-07 10:10:00,BIG.V,,1.159999966621399,1.159999966621399,1.159999966621399,1.159999966621399,2200.0
2026-10-07 10:10:00,GGO.V,,1.340000033378601,1.340000033378601,1.340000033378601,1.340000033378601,1000.0
2026-10-07 10:10:00,GLD.V,,0.03999999910593033,0.03999999910593033,0.03999999910593033,0.03999999910593033,0.0
2026-10-07 10:10:00,GSI.V,,1.649999976158142,1.649999976158142,1.649999976158142,1.649999976158142,1200.0
2026-10-07 10:10:00,GSR.V,,0.32499998807907104,0.32499998807907104,0.32499998807907104,0.32499998807907104,1000.0
2026-10-07 10:10:00,HCH.V,,1.5,1.5,1.5,1.5,200.0
2026-10-07 10:10:00,HITI.V,,3.869999885559082,3.869999885559082,3.869999885559082,3.869999885559082,100.0
2026-10-07 10:10:00,IRR.V,,1.2000000476837158,1.2000000476837158,1.2000000476837158,1.2000000476837158,1000.0
2026-10-07 10:10:00,ITR.V,,3.640000104904175,3.640000104904175,3.640000104904175,3.640000104904175,200.0
2026-10-07 10:10:00,LIO.V,,0.1599999964237213,0.1599999964237213,0.1599999964237213,0.1599999964237213,3000.0
2026-10-07 10:10:00,LUCA.V,,1.0800000429153442,1.0850000381469727,1.0800000429153442,1.0850000381469727,20200.0
2026-10-07 10:10:00,PNG.V,,4.789999961853027,4.789999961853027,4.78000020980835,4.789999961853027,2527.0
2026-10-07 10:11:00,FDR.V,,8.220000267028809,8.220000267028809,8.220000267028809,8.220000267028809,5900.0
2026-10-07 10:11:00,GOT.V,,1.3899999856948853,1.3899999856948853,1.3899999856948853,1.3899999856948853,1000.0
2026-10-07 10:11:00,GSR.V,,0.33000001311302185,0.33000001311302185,0.33000001311302185,0.33000001311302185,3000.0
2026-10-07 10:11:00,HME.V,,2.2300000190734863,2.2300000190734863,2.2300000190734863,2.2300000190734863,300.0
2026-10-07 10:11:00,LG.V,,0.38999998569488525,0.38999998569488525,0.38999998569488525,0.38999998569488525,2500.0
2026-10-07 10:11:00,LMN.V,,22.09000015258789,22.09000015258789,22.09000015258789,22.09000015258789,100.0
2026-10-07 10:11:00,LUCA.V,,1.0750000476837158,1.0800000429153442,1.0700000524520874,1.0800000429153442,11301.0
2026-10-07 10:11:00,MGM.V,,2.8299999237060547,2.859999895095825,2.8299999237060547,2.8399999141693115,500.0
2026-10-07 10:11:00,MLP.V,,2.1600000858306885,2.1600000858306885,2.1600000858306885,2.1600000858306885,200.0
2026-10-07 10:11:00,MQM.V,,0.11999999731779099,0.11999999731779099,0.11999999731779099,0.11999999731779099,0.0
2026-10-07 10:11:00,NURS.V,,3.5,3.5199999809265137,3.5,3.5,13600.0
2026-10-07 10:11:00,PNG.V,,4.809999942779541,4.809999942779541,4.789999961853027,4.789999961853027,8880.0
2026-10-07 10:12:00,FDR.V,,8.25,8.25,8.229999542236328,8.229999542236328,500.0
2026-10-07 10:12:00,FOBI.V,,0.029999999329447746,0.029999999329447746,0.029999999329447746,0.029999999329447746,75000.0
2026-10-07 10:12:00,GOT.V,,1.3899999856948853,1.3899999856948853,1.3899999856948853,1.3899999856948853,100.0
2026-10-07 10:12:00,GSVR.V,,0.375,0.375,0.375,0.375,7500.0
2026-10-07 10:12:00,HME.V,,2.2300000190734863,2.2300000190734863,2.2300000190734863,2.2300000190734863,300.0
2026-10-07 10:12:00,LUCA.V,,1.0800000429153442,1.0800000429153442,1.0800000429153442,1.0800000429153442,197.0
2026-10-07 10:12:00,MGM.V,,2.819999933242798,2.819999933242798,2.819999933242798,2.819999933242798,700.0
2026-10-07 10:12:00,NURS.V,,3.509999990463257,3.509999990463257,3.509999990463257,3.509999990463257,200.0
2026-10-07 10:12:00,PNG.V,,4.809999942779541,4.809999942779541,4.800000190734863,4.809999942779541,4900.0
2026-10-07 10:13:00,CELL.V,,0.019999999552965164,0.019999999552965164,0.019999999552965164,0.019999999552965164,0.0
2026-10-07 10:13:00,FDR.V,,8.25,8.25,8.25,8.25,200.0
2026-10-07 10:13:00,FOBI.V,,0.029999999329447746,0.029999999329447746,0.029999999329447746,0.029999999329447746,60000.0
2026-10-07 10:13:00,FWZ.V,,2.7699999809265137,2.7799999713897705,2.7699999809265137,2.7799999713897705,350.0
2026-10-07 10:13:00,GOT.V,,1.3899999856948853,1.3899999856948853,1.3899999856948853,1.3899999856948853,400.0
2026-10-07 10:13:00,GSI.V,,1.659999966621399,1.659999966621399,1.659999966621399,1.659999966621399,2100.0
2026-10-07 10:13:00,GSVR.V,,0.375,0.375,0.375,0.375,1894.0
2026-10-07 10:13:00,HITI.V,,3.9100000858306885,3.9100000858306885,3.880000114440918,3.880000114440918,800.0
2026-10-07 10:13:00,HME.V,,2.2300000190734863,2.2300000190734863,2.2300000190734863,2.2300000190734863,300.0
2026-10-07 10:13:00,INTR.V,,0.8500000238418579,0.8500000238418579,0.8500000238418579,0.8500000238418579,1000.0
2026-10-07 10:13:00,MLP.V,,2.1600000858306885,2.1649999618530273,2.1600000858306885,2.1600000858306885,1200.0
2026-10-07 10:13:00,MTA.V,,12.574999809265137,12.574999809265137,12.574999809265137,12.574999809265137,100.0
2026-10-07 10:13:00,NURS.V,,3.509999990463257,3.509999990463257,3.505000114440918,3.509999990463257,800.0
2026-10-07 10:13:00,PNG.V,,4.800000190734863,4.829999923706055,4.800000190734863,4.809999942779541,5964.0
2026-10-07 10:13:00,XCAP-P.V,,0.03500000014901161,0.03500000014901161,0.03500000014901161,0.03500000014901161,0.0
2026-10-07 10:14:00,FDR.V,,8.25,8.25,8.239999771118164,8.239999771118164,400.0
2026-10-07 10:14:00,HITI.V,,3.9100000858306885,3.9100000858306885,3.9100000858306885,3.9100000858306885,100.0
2026-10-07 10:14:00,HME.V,,2.2300000190734863,2.2300000190734863,2.2300000190734863,2.2300000190734863,200.0
2026-10-07 10:14:00,JUGR.V,,0.4399999976158142,0.4399999976158142,0.4399999976158142,0.4399999976158142,2000.0
2026-10-07 10:14:00,LUCA.V,,1.0800000429153442,1.0850000381469727,1.0800000429153442,1.0800000429153442,41600.0
2026-10-07 10:14:00,MTLO.V,,0.004999999888241291,0.004999999888241291,0.004999999888241291,0.004999999888241291,45000.0
2026-10-07 10:14:00,PNG.V,,4.78000020980835,4.800000190734863,4.78000020980835,4.800000190734863,3655.0
2026-10-07 10:14:00,ROAR.V,,0.2150000035762787,0.2150000035762787,0.2150000035762787,0.2150000035762787,0.0
2026-10-07 10:15:00,FDR.V,,8.25,8.270000457763672,8.25,8.25,1300.0
2026-10-07 10:15:00,HITI.V,,3.9100000858306885,3.9100000858306885,3.9100000858306885,3.9100000858306885,100.0
2026-10-07 10:15:00,HME.V,,2.2300000190734863,2.2300000190734863,2.2300000190734863,2.2300000190734863,100.0
2026-10-07 10:15:00,INTR.V,,0.8500000238418579,0.8500000238418579,0.8500000238418579,0.8500000238418579,2000.0
2026-10-07 10:15:00,LUCA.V,,1.0800000429153442,1.0850000381469727,1.0800000429153442,1.0850000381469727,1973.0
2026-10-07 10:15:00,MTA.V,,12.539999961853027,12.550000190734863,12.539999961853027,12.550000190734863,300.0
2026-10-07 10:15:00,PNG.V,,4.789999961853027,4.789999961853027,4.78000020980835,4.789999961853027,3333.0
2026-10-07 10:16:00,FDR.V,,8.239999771118164,8.239999771118164,8.239999771118164,8.239999771118164,100.0
2026-10-07 10:16:00,GWM.V,,1.0099999904632568,1.0099999904632568,1.0099999904632568,1.0099999904632568,19700.0
2026-10-07 10:16:00,HITI.V,,3.9000000953674316,3.9000000953674316,3.9000000953674316,3.9000000953674316,1900.0
2026-10-07 10:16:00,HME.V,,2.2300000190734863,2.2300000190734863,2.2300000190734863,2.2300000190734863,100.0
2026-10-07 10:16:00,JZR.V,,0.25,0.25,0.25,0.25,0.0
2026-10-07 10:16:00,LIO.V,,0.1599999964237213,0.1599999964237213,0.1599999964237213,0.1599999964237213,1000.0
2026-10-07 10:16:00,LUCA.V,,1.100000023841858,1.100000023841858,1.0800000429153442,1.090000033378601,33700.0
2026-10-07 10:16:00,PNG.V,,4.800000190734863,4.800000190734863,4.789999961853027,4.789999961853027,400.0
2026-10-07 10:17:00,FRED.V,,0.6700000166893005,0.6700000166893005,0.6700000166893005,0.6700000166893005,1973.0
2026-10-07 10:17:00,GOT.V,,1.3799999952316284,1.3799999952316284,1.3799999952316284,1.3799999952316284,300.0
2026-10-07 10:17:00,HME.V,,2.2300000190734863,2.2300000190734863,2.2300000190734863,2.2300000190734863,100.0
2026-10-07 10:17:00,LUCA.V,,1.0850000381469727,1.0850000381469727,1.0800000429153442,1.0800000429153442,60000.0
2026-10-07 10:17:00,LXE.V,,0.25,0.25,0.25,0.25,0.0
2026-10-07 10:17:00,MLP.V,,2.174999952316284,2.174999952316284,2.1700000762939453,2.1700000762939453,4800.0
2026-10-07 10:17:00,NURS.V,,3.5,3.5,3.4800000190734863,3.5,9100.0
2026-10-07 10:17:00,PNG.V,,4.789999961853027,4.789999961853027,4.789999961853027,4.789999961853027,100.0
2026-10-07 10:18:00,BIG.V,,1.149999976158142,1.149999976158142,1.1299999952316284,1.149999976158142,53800.0
2026-10-07 10:18:00,FDR.V,,8.25,8.25,8.239999771118164,8.239999771118164,200.0
2026-10-07 10:18:00,GGO.V,,1.340000033378601,1.340000033378601,1.340000033378601,1.340000033378601,1000.0
2026-10-07 10:18:00,GPM.V,,0.07500000298023224,0.07500000298023224,0.07500000298023224,0.07500000298023224,50000.0
2026-10-07 10:18:00,GSVR.V,,0.375,0.375,0.375,0.375,1447.0
2026-10-07 10:18:00,ITR.V,,3.630000114440918,3.630000114440918,3.630000114440918,3.630000114440918,200.0
2026-10-07 10:18:00,JZR.V,,0.25,0.25,0.25,0.25,33793.0
2026-10-07 10:18:00,LUCA.V,,1.0800000429153442,1.0800000429153442,1.0800000429153442,1.0800000429153442,100.0
2026-10-07 10:18:00,NURS.V,,3.4700000286102295,3.4700000286102295,3.4700000286102295,3.4700000286102295,100.0
2026-10-07 10:18:00,PNG.V,,4.789999961853027,4.789999961853027,4.789999961853027,4.789999961853027,2400.0
2026-10-07 10:19:00,BIG.V,,1.149999976158142,1.149999976158142,1.149999976158142,1.149999976158142,1100.0
2026-10-07 10:19:00,FL.V,,0.42500001192092896,0.42500001192092896,0.42500001192092896,0.42500001192092896,0.0
2026-10-07 10:19:00,ITR.V,,3.630000114440918,3.630000114440918,3.630000114440918,3.630000114440918,1600.0
2026-10-07 10:19:00,KLD.V,,2.369999885559082,2.369999885559082,2.369999885559082,2.369999885559082,5800.0
2026-10-07 10:19:00,LMN.V,,22.079999923706055,22.079999923706055,22.079999923706055,22.079999923706055,200.0
2026-10-07 10:19:00,LPS.V,,0.13500000536441803,0.13500000536441803,0.13500000536441803,0.13500000536441803,6000.0
2026-10-07 10:19:00,LSTR.V,,0.07999999821186066,0.07999999821186066,0.07999999821186066,0.07999999821186066,22000.0
2026-10-07 10:19:00,LUCA.V,,1.0800000429153442,1.0800000429153442,1.0800000429153442,1.0800000429153442,100.0
2026-10-07 10:19:00,MLP.V,,2.180000066757202,2.180000066757202,2.180000066757202,2.180000066757202,530.0
2026-10-07 10:19:00,MTA.V,,12.520000457763672,12.520000457763672,12.520000457763672,12.520000457763672,100.0
2026-10-07 10:19:00,NURS.V,,3.450000047683716,3.4700000286102295,3.450000047683716,3.4700000286102295,200.0
2026-10-07 10:19:00,PNG.V,,4.800000190734863,4.800000190734863,4.789999961853027,4.789999961853027,5465.0
2026-10-07 10:20:00,FDR.V,,8.34000015258789,8.34000015258789,8.239999771118164,8.239999771118164,22080.0
2026-10-07 10:20:00,FL.V,,0.42500001192092896,0.42500001192092896,0.42500001192092896,0.42500001192092896,500.0
2026-10-07 10:20:00,GG.V,,2.9000000953674316,2.9000000953674316,2.8299999237060547,2.8299999237060547,6700.0
2026-10-07 10:20:00,GRSL.V,,0.28999999165534973,0.28999999165534973,0.28999999165534973,0.28999999165534973,4851.0
2026-10-07 10:20:00,GSVR.V,,0.375,0.375,0.375,0.375,3532.0
2026-10-07 10:20:00,GWM.V,,1.0099999904632568,1.0099999904632568,1.0099999904632568,1.0099999904632568,1000.0
2026-10-07 10:20:00,LMN.V,,22.06999969482422,22.06999969482422,22.06999969482422,22.06999969482422,100.0
2026-10-07 10:20:00,LUCA.V,,1.0850000381469727,1.0850000381469727,1.0850000381469727,1.0850000381469727,100.0
2026-10-07 10:20:00,MENE.V,,0.17499999701976776,0.17499999701976776,0.17499999701976776,0.17499999701976776,50000.0
2026-10-07 10:20:00,MLP.V,,2.180000066757202,2.180000066757202,2.180000066757202,2.180000066757202,500.0
2026-10-07 10:20:00,MTA.V,,12.5,12.5,12.5,12.5,500.0
2026-10-07 10:20:00,PNG.V,,4.809999942779541,4.809999942779541,4.800000190734863,4.804999828338623,4000.0
2026-10-07 10:21:00,BIG.V,,1.149999976158142,1.149999976158142,1.149999976158142,1.149999976158142,3360.0
2026-10-07 10:21:00,FDR.V,,8.329999923706055,8.350000381469727,8.329999923706055,8.34000015258789,1100.0
2026-10-07 10:21:00,FRED.V,,0.6700000166893005,0.6700000166893005,0.6700000166893005,0.6700000166893005,3000.0
2026-10-07 10:21:00,GRSL.V,,0.28999999165534973,0.28999999165534973,0.28999999165534973,0.28999999165534973,1000.0
2026-10-07 10:21:00,HME.V,,2.2300000190734863,2.2300000190734863,2.2300000190734863,2.2300000190734863,100.0
2026-10-07 10:21:00,ITR.V,,3.619999885559082,3.619999885559082,3.619999885559082,3.619999885559082,825.0
2026-10-07 10:21:00,KLD.V,,2.375,2.375,2.375,2.375,105.0
2026-10-07 10:21:00,LMN.V,,22.059999465942383,22.059999465942383,22.059999465942383,22.059999465942383,100.0
2026-10-07 10:21:00,MTA.V,,12.5,12.5,12.5,12.5,300.0
2026-10-07 10:21:00,PNG.V,,4.800000190734863,4.809999942779541,4.78000020980835,4.809999942779541,16059.0
2026-10-07 10:22:00,FDR.V,,8.34000015258789,8.359999656677246,8.324999809265137,8.324999809265137,3300.0
2026-10-07 10:22:00,GWM.V,,1.0099999904632568,1.0099999904632568,1.0099999904632568,1.0099999904632568,14800.0
2026-10-07 10:22:00,HITI.V,,3.9200000762939453,3.9200000762939453,3.9100000858306885,3.9100000858306885,2300.0
2026-10-07 10:22:00,HME.V,,2.2200000286102295,2.2200000286102295,2.2200000286102295,2.2200000286102295,100.0
2026-10-07 10:22:00,LMN.V,,22.059999465942383,22.059999465942383,22.059999465942383,22.059999465942383,200.0
2026-10-07 10:22:00,LSTR.V,,0.07999999821186066,0.07999999821186066,0.07999999821186066,0.07999999821186066,5000.0
2026-10-07 10:22:00,LVX.V,,0.4000000059604645,0.4099999964237213,0.4000000059604645,0.4099999964237213,12500.0
2026-10-07 10:22:00,MSC.V,,0.02500000037252903,0.02500000037252903,0.02500000037252903,0.02500000037252903,0.0
2026-10-07 10:22:00,MTA.V,,12.510000228881836,12.510000228881836,12.5,12.5,200.0
2026-10-07 10:22:00,PNG.V,,4.789999961853027,4.789999961853027,4.789999961853027,4.789999961853027,800.0
2026-10-07 10:23:00,FDR.V,,8.350000381469727,8.350000381469727,8.34000015258789,8.34000015258789,1600.0
2026-10-07 10:23:00,FWZ.V,,2.7799999713897705,2.7799999713897705,2.7799999713897705,2.7799999713897705,635.0
2026-10-07 10:23:00,GRDM.V,,0.17499999701976776,0.17499999701976776,0.17499999701976776,0.17499999701976776,23500.0
2026-10-07 10:23:00,GSVR.V,,0.375,0.375,0.375,0.375,1500.0
2026-10-07 10:23:00,HME.V,,2.2200000286102295,2.2200000286102295,2.2200000286102295,2.2200000286102295,100.0
2026-10-07 10:23:00,ITR.V,,3.5999999046325684,3.619999885559082,3.5899999141693115,3.619999885559082,57800.0
2026-10-07 10:23:00,KTN.V,,1.100000023841858,1.100000023841858,1.100000023841858,1.100000023841858,200.0
2026-10-07 10:23:00,LMN.V,,22.049999237060547,22.049999237060547,21.989999771118164,22.0,1120.0
2026-10-07 10:23:00,LPS.V,,0.12999999523162842,0.12999999523162842,0.12999999523162842,0.12999999523162842,1000.0
2026-10-07 10:23:00,LSTR.V,,0.07999999821186066,0.07999999821186066,0.07999999821186066,0.07999999821186066,10000.0
2026-10-07 10:23:00,LVX.V,,0.38999998569488525,0.38999998569488525,0.38999998569488525,0.38999998569488525,114500.0
2026-10-07 10:23:00,NURS.V,,3.450000047683716,3.450000047683716,3.444999933242798,3.444999933242798,200.0
2026-10-07 10:23:00,PNG.V,,4.840000152587891,4.840000152587891,4.800000190734863,4.800000190734863,7357.0
2026-10-07 10:24:00,FDR.V,,8.350000381469727,8.359999656677246,8.350000381469727,8.359999656677246,500.0
2026-10-07 10:24:00,FRNT.V,,0.029999999329447746,0.029999999329447746,0.029999999329447746,0.029999999329447746,0.0
2026-10-07 10:24:00,HITI.V,,3.9200000762939453,3.9200000762939453,3.9200000762939453,3.9200000762939453,200.0
2026-10-07 10:24:00,HME.V,,2.2200000286102295,2.2200000286102295,2.2200000286102295,2.2200000286102295,100.0
2026-10-07 10:24:00,ITR.V,,3.5999999046325684,3.5999999046325684,3.5999999046325684,3.5999999046325684,521.0
2026-10-07 10:24:00,LMN.V,,21.985000610351562,22.049999237060547,21.985000610351562,22.049999237060547,1700.0
2026-10-07 10:24:00,MGM.V,,2.9000000953674316,2.9000000953674316,2.9000000953674316,2.9000000953674316,146.0
2026-10-07 10:24:00,NURS.V,,3.450000047683716,3.450000047683716,3.450000047683716,3.450000047683716,200.0
2026-10-07 10:24:00,PNG.V,,4.849999904632568,4.855000019073486,4.840000152587891,4.849999904632568,7341.0
2026-10-07 10:25:00,FDR.V,,8.34000015258789,8.34000015258789,8.34000015258789,8.34000015258789,100.0
2026-10-07 10:25:00,GSVR.V,,0.3725000023841858,0.3725000023841858,0.3725000023841858,0.3725000023841858,7084.0
2026-10-07 10:25:00,HITI.V,,3.9200000762939453,3.9200000762939453,3.9200000762939453,3.9200000762939453,1800.0
2026-10-07 10:25:00,HPQ.V,,0.13500000536441803,0.13500000536441803,0.13500000536441803,0.13500000536441803,14000.0
2026-10-07 10:25:00,LMN.V,,22.010000228881836,22.06999969482422,21.959999084472656,21.979999542236328,3000.0
2026-10-07 10:25:00,MINE.V,,0.14000000059604645,0.14000000059604645,0.14000000059604645,0.14000000059604645,8500.0
2026-10-07 10:25:00,NURS.V,,3.450000047683716,3.450000047683716,3.450000047683716,3.450000047683716,100.0
2026-10-07 10:25:00,PNG.V,,4.860000133514404,4.860000133514404,4.840000152587891,4.840000152587891,3205.0
2026-10-07 10:26:00,FRED.V,,0.6600000262260437,0.6600000262260437,0.6600000262260437,0.6600000262260437,2900.0
2026-10-07 10:26:00,GSVR.V,,0.375,0.375,0.375,0.375,5500.0
2026-10-07 10:26:00,HITI.V,,3.9200000762939453,3.9200000762939453,3.9200000762939453,3.9200000762939453,1000.0
2026-10-07 10:26:00,HME.V,,2.2200000286102295,2.2200000286102295,2.2200000286102295,2.2200000286102295,100.0
2026-10-07 10:26:00,LMN.V,,21.969999313354492,22.010000228881836,21.969999313354492,21.989999771118164,4100.0
2026-10-07 10:26:00,LUCA.V,,1.0850000381469727,1.0850000381469727,1.0850000381469727,1.0850000381469727,300.0
2026-10-07 10:26:00,PNG.V,,4.869999885559082,4.869999885559082,4.849999904632568,4.849999904632568,1235.0
2026-10-07 10:27:00,FDR.V,,8.350000381469727,8.350000381469727,8.350000381469727,8.350000381469727,100.0
2026-10-07 10:27:00,FRED.V,,0.6600000262260437,0.6600000262260437,0.6600000262260437,0.6600000262260437,1000.0
2026-10-07 10:27:00,GWM.V,,1.0049999952316284,1.0049999952316284,1.0049999952316284,1.0049999952316284,1500.0
2026-10-07 10:27:00,HITI.V,,3.930000066757202,3.930000066757202,3.930000066757202,3.930000066757202,100.0
2026-10-07 10:27:00,HME.V,,2.2200000286102295,2.2200000286102295,2.2200000286102295,2.2200000286102295,100.0
2026-10-07 10:27:00,LIO.V,,0.1599999964237213,0.1599999964237213,0.1599999964237213,0.1599999964237213,1000.0
2026-10-07 10:27:00,PNG.V,,4.869999885559082,4.869999885559082,4.849999904632568,4.860000133514404,1900.0
2026-10-07 10:28:00,FDR.V,,8.350000381469727,8.350000381469727,8.34000015258789,8.34000015258789,400.0
2026-10-07 10:28:00,GOT.V,,1.3799999952316284,1.3799999952316284,1.3799999952316284,1.3799999952316284,200.0
2026-10-07 10:28:00,GSVR.V,,0.375,0.375,0.375,0.375,500.0
2026-10-07 10:28:00,HITI.V,,3.930000066757202,3.930000066757202,3.930000066757202,3.930000066757202,900.0
2026-10-07 10:28:00,LMN.V,,21.90999984741211,21.950000762939453,21.90999984741211,21.93000030517578,1200.0
2026-10-07 10:28:00,NURS.V,,3.4700000286102295,3.4700000286102295,3.4700000286102295,3.4700000286102295,200.0
2026-10-07 10:28:00,PNG.V,,4.860000133514404,4.869999885559082,4.849999904632568,4.869999885559082,2551.0
2026-10-07 10:29:00,FRED.V,,0.6600000262260437,0.6600000262260437,0.6600000262260437,0.6600000262260437,1500.0
2026-10-07 10:29:00,HME.V,,2.2300000190734863,2.2300000190734863,2.2300000190734863,2.2300000190734863,100.0
2026-10-07 10:29:00,JUGR.V,,0.4300000071525574,0.4300000071525574,0.4300000071525574,0.4300000071525574,2000.0
2026-10-07 10:29:00,MJS.V,,0.0949999988079071,0.0949999988079071,0.0949999988079071,0.0949999988079071,1000.0
2026-10-07 10:29:00,PNG.V,,4.849999904632568,4.860000133514404,4.849999904632568,4.860000133514404,6159.0
2026-10-07 10:30:00,FDR.V,,8.380000114440918,8.380000114440918,8.345000267028809,8.345000267028809,2400.0
2026-10-07 10:30:00,HITI.V,,3.940000057220459,3.940000057220459,3.940000057220459,3.940000057220459,127.0
2026-10-07 10:30:00,HME.V,,2.2300000190734863,2.2300000190734863,2.2300000190734863,2.2300000190734863,100.0
2026-10-07 10:30:00,PNG.V,,4.860000133514404,4.860000133514404,4.840000152587891,4.849999904632568,4927.0
2026-10-07 10:31:00,BIG.V,,1.1449999809265137,1.1449999809265137,1.1449999809265137,1.1449999809265137,1100.0
2026-10-07 10:31:00,FDR.V,,8.390000343322754,8.390000343322754,8.390000343322754,8.390000343322754,200.0
2026-10-07 10:31:00,GSVR.V,,0.375,0.375,0.375,0.375,500.0
2026-10-07 10:31:00,GWM.V,,1.0099999904632568,1.0099999904632568,1.0099999904632568,1.0099999904632568,3000.0
2026-10-07 10:31:00,HME.V,,2.2300000190734863,2.2300000190734863,2.2300000190734863,2.2300000190734863,100.0
2026-10-07 10:31:00,LIFT.V,,1.9900000095367432,1.9950000047683716,1.9900000095367432,1.9950000047683716,5600.0
2026-10-07 10:31:00,LMN.V,,21.90999984741211,21.90999984741211,21.90999984741211,21.90999984741211,1100.0
2026-10-07 10:31:00,LUCA.V,,1.0850000381469727,1.0850000381469727,1.0850000381469727,1.0850000381469727,100.0
2026-10-07 10:32:00,BIG.V,,1.149999976158142,1.149999976158142,1.149999976158142,1.149999976158142,100.0
2026-10-07 10:32:00,EVER.V,,0.23000000417232513,0.23000000417232513,0.23000000417232513,0.23000000417232513,12000.0
2026-10-07 10:32:00,FDR.V,,8.399999618530273,8.399999618530273,8.375,8.390000343322754,800.0
2026-10-07 10:32:00,FRED.V,,0.6499999761581421,0.6499999761581421,0.6499999761581421,0.6499999761581421,27358.0
2026-10-07 10:32:00,FWZ.V,,2.7799999713897705,2.7799999713897705,2.7799999713897705,2.7799999713897705,100.0
2026-10-07 10:32:00,GSVR.V,,0.375,0.375,0.375,0.375,500.0
2026-10-07 10:32:00,GWM.V,,1.0099999904632568,1.0099999904632568,1.0099999904632568,1.0099999904632568,4600.0
2026-10-07 10:32:00,HAM.V,,5.849999904632568,5.849999904632568,5.849999904632568,5.849999904632568,200.0
2026-10-07 10:32:00,HME.V,,2.2300000190734863,2.2300000190734863,2.2300000190734863,2.2300000190734863,100.0
2026-10-07 10:32:00,LIFT.V,,2.0,2.0,2.0,2.0,1500.0
2026-10-07 10:32:00,LMN.V,,22.020000457763672,22.020000457763672,21.979999542236328,21.979999542236328,1500.0
2026-10-07 10:32:00,MINE.V,,0.14000000059604645,0.14000000059604645,0.14000000059604645,0.14000000059604645,1000.0
2026-10-07 10:32:00,MTA.V,,12.510000228881836,12.510000228881836,12.510000228881836,12.510000228881836,100.0
2026-10-07 10:32:00,PNG.V,,4.869999885559082,4.880000114440918,4.869999885559082,4.869999885559082,1246.0
2026-10-07 10:33:00,FFOX.V,,0.5899999737739563,0.5899999737739563,0.5899999737739563,0.5899999737739563,500.0
2026-10-07 10:33:00,GSVR.V,,0.375,0.3774999976158142,0.375,0.375,44000.0
2026-10-07 10:33:00,ITR.V,,3.619999885559082,3.619999885559082,3.619999885559082,3.619999885559082,200.0
2026-10-07 10:33:00,KC.V,,0.3774999976158142,0.3774999976158142,0.3774999976158142,0.3774999976158142,500.0
2026-10-07 10:33:00,KTN.V,,1.1100000143051147,1.1100000143051147,1.1100000143051147,1.1100000143051147,1000.0
2026-10-07 10:33:00,LIO.V,,0.1599999964237213,0.1599999964237213,0.1599999964237213,0.1599999964237213,11629.0
2026-10-07 10:33:00,PNG.V,,4.860000133514404,4.889999866485596,4.860000133514404,4.880000114440918,17801.0
2026-10-07 10:34:00,GOT.V,,1.3949999809265137,1.3949999809265137,1.3949999809265137,1.3949999809265137,500.0
2026-10-07 10:34:00,HCH.V,,1.4700000286102295,1.4700000286102295,1.4700000286102295,1.4700000286102295,100.0
2026-10-07 10:34:00,HITI.V,,3.950000047683716,3.950000047683716,3.940000057220459,3.940000057220459,13326.0
2026-10-07 10:34:00,HME.V,,2.2300000190734863,2.2300000190734863,2.2300000190734863,2.2300000190734863,100.0
2026-10-07 10:34:00,KTO.V,,0.7699999809265137,0.7699999809265137,0.7699999809265137,0.7699999809265137,1650.0
2026-10-07 10:34:00,LMN.V,,22.010000228881836,22.010000228881836,21.989999771118164,21.989999771118164,200.0
2026-10-07 10:34:00,LUCA.V,,1.0850000381469727,1.0850000381469727,1.0850000381469727,1.0850000381469727,100.0
2026-10-07 10:34:00,MLP.V,,2.180000066757202,2.180000066757202,2.180000066757202,2.180000066757202,1400.0
2026-10-07 10:34:00,MTA.V,,12.539999961853027,12.539999961853027,12.539999961853027,12.539999961853027,100.0
2026-10-07 10:34:00,PNG.V,,4.869999885559082,4.900000095367432,4.869999885559082,4.869999885559082,5452.0
2026-10-07 10:35:00,FDR.V,,8.395000457763672,8.40999984741211,8.395000457763672,8.399999618530273,400.0
2026-10-07 10:35:00,FWZ.V,,2.799999952316284,2.799999952316284,2.799999952316284,2.799999952316284,300.0
2026-10-07 10:35:00,GSVR.V,,0.3774999976158142,0.3774999976158142,0.3774999976158142,0.3774999976158142,500.0
2026-10-07 10:35:00,HME.V,,2.2300000190734863,2.2300000190734863,2.2300000190734863,2.2300000190734863,100.0
2026-10-07 10:35:00,INTR.V,,0.8399999737739563,0.8399999737739563,0.8399999737739563,0.8399999737739563,9500.0
2026-10-07 10:35:00,IVS.V,,0.25,0.25,0.25,0.25,2000.0
2026-10-07 10:35:00,IZN.V,,0.05000000074505806,0.05000000074505806,0.05000000074505806,0.05000000074505806,44109.0
2026-10-07 10:35:00,KTN.V,,1.1100000143051147,1.1100000143051147,1.1100000143051147,1.1100000143051147,1000.0
2026-10-07 10:35:00,KTO.V,,0.7699999809265137,0.7699999809265137,0.7699999809265137,0.7699999809265137,1500.0
2026-10-07 10:35:00,LCX.V,,1.75,1.7599999904632568,1.75,1.7599999904632568,600.0
2026-10-07 10:35:00,LMN.V,,21.709999084472656,21.950000762939453,21.700000762939453,21.950000762939453,4800.0
2026-10-07 10:35:00,LUCA.V,,1.0850000381469727,1.0850000381469727,1.0850000381469727,1.0850000381469727,600.0
2026-10-07 10:35:00,MLP.V,,2.180000066757202,2.180000066757202,2.180000066757202,2.180000066757202,400.0
2026-10-07 10:35:00,MMG.V,,0.1899999976158142,0.1899999976158142,0.1899999976158142,0.1899999976158142,8000.0
2026-10-07 10:35:00,PNG.V,,4.869999885559082,4.869999885559082,4.869999885559082,4.869999885559082,1800.0
2026-10-07 10:36:00,FDR.V,,8.420000076293945,8.420000076293945,8.40999984741211,8.40999984741211,300.0
2026-10-07 10:36:00,GSVR.V,,0.375,0.375,0.375,0.375,12200.0
2026-10-07 10:36:00,HITI.V,,3.950000047683716,3.950000047683716,3.950000047683716,3.950000047683716,1300.0
2026-10-07 10:36:00,HME.V,,2.2300000190734863,2.2300000190734863,2.2300000190734863,2.2300000190734863,100.0
2026-10-07 10:36:00,IPT.V,,0.25,0.25,0.25,0.25,30500.0
2026-10-07 10:36:00,LG.V,,0.38499999046325684,0.38499999046325684,0.38499999046325684,0.38499999046325684,19601.0
2026-10-07 10:36:00,LMN.V,,21.709999084472656,21.770000457763672,21.709999084472656,21.770000457763672,1660.0
2026-10-07 10:36:00,MLP.V,,2.190000057220459,2.190000057220459,2.190000057220459,2.190000057220459,100.0
2026-10-07 10:36:00,MTA.V,,12.539999961853027,12.550000190734863,12.539999961853027,12.539999961853027,300.0
2026-10-07 10:36:00,PNG.V,,4.860000133514404,4.860000133514404,4.860000133514404,4.860000133514404,6900.0
2026-10-07 10:37:00,FDR.V,,8.40999984741211,8.40999984741211,8.399999618530273,8.399999618530273,300.0
2026-10-07 10:37:00,FWZ.V,,2.799999952316284,2.799999952316284,2.799999952316284,2.799999952316284,1900.0
2026-10-07 10:37:00,GGO.V,,1.340000033378601,1.340000033378601,1.340000033378601,1.340000033378601,1900.0
2026-10-07 10:37:00,GOT.V,,1.3899999856948853,1.3899999856948853,1.3899999856948853,1.3899999856948853,200.0
2026-10-07 10:37:00,HCH.V,,1.5099999904632568,1.5099999904632568,1.5,1.5,9400.0
2026-10-07 10:37:00,HITI.V,,3.950000047683716,3.950000047683716,3.950000047683716,3.950000047683716,800.0
2026-10-07 10:37:00,HME.V,,2.2300000190734863,2.2300000190734863,2.2300000190734863,2.2300000190734863,100.0
2026-10-07 10:37:00,PNG.V,,4.880000114440918,4.880000114440918,4.860000133514404,4.860000133514404,8076.0
2026-10-07 10:38:00,FDR.V,,8.359999656677246,8.399999618530273,8.359999656677246,8.399999618530273,500.0
2026-10-07 10:38:00,GOT.V,,1.3899999856948853,1.3899999856948853,1.3899999856948853,1.3899999856948853,200.0
2026-10-07 10:38:00,GSI.V,,1.659999966621399,1.659999966621399,1.659999966621399,1.659999966621399,2000.0
2026-10-07 10:38:00,ITR.V,,3.609999895095825,3.609999895095825,3.609999895095825,3.609999895095825,100.0
2026-10-07 10:38:00,KFR.V,,1.0199999809265137,1.0199999809265137,1.0199999809265137,1.0199999809265137,2300.0
2026-10-07 10:38:00,LMN.V,,21.829999923706055,21.829999923706055,21.81999969482422,21.81999969482422,200.0
2026-10-07 10:38:00,MLP.V,,2.180000066757202,2.180000066757202,2.180000066757202,2.180000066757202,100.0
2026-10-07 10:38:00,PNG.V,,4.829999923706055,4.869999885559082,4.829999923706055,4.869999885559082,20674.0
2026-10-07 10:39:00,FDR.V,,8.380000114440918,8.380000114440918,8.380000114440918,8.380000114440918,1000.0
2026-10-07 10:39:00,GOT.V,,1.3899999856948853,1.3899999856948853,1.3899999856948853,1.3899999856948853,300.0
2026-10-07 10:39:00,HME.V,,2.2300000190734863,2.2300000190734863,2.2300000190734863,2.2300000190734863,100.0
2026-10-07 10:39:00,LMN.V,,21.899999618530273,21.899999618530273,21.850000381469727,21.850000381469727,2200.0
2026-10-07 10:39:00,LUCA.V,,1.0850000381469727,1.0850000381469727,1.0850000381469727,1.0850000381469727,100.0
2026-10-07 10:39:00,MLP.V,,2.180000066757202,2.180000066757202,2.180000066757202,2.180000066757202,100.0
2026-10-07 10:39:00,NURS.V,,3.440000057220459,3.440000057220459,3.440000057220459,3.440000057220459,100.0
2026-10-07 10:39:00,PNG.V,,4.849999904632568,4.849999904632568,4.840000152587891,4.840000152587891,4129.0
2026-10-07 10:40:00,FDR.V,,8.420000076293945,8.420000076293945,8.399999618530273,8.399999618530273,200.0
2026-10-07 10:40:00,GG.V,,2.9000000953674316,2.9000000953674316,2.9000000953674316,2.9000000953674316,200.0
2026-10-07 10:40:00,GOT.V,,1.3899999856948853,1.3899999856948853,1.3899999856948853,1.3899999856948853,400.0
2026-10-07 10:40:00,GRSL.V,,0.28999999165534973,0.28999999165534973,0.28999999165534973,0.28999999165534973,17500.0
2026-10-07 10:40:00,HME.V,,2.2300000190734863,2.2300000190734863,2.2300000190734863,2.2300000190734863,100.0
2026-10-07 10:40:00,JUGR.V,,0.4300000071525574,0.4300000071525574,0.4300000071525574,0.4300000071525574,2000.0
2026-10-07 10:40:00,LG.V,,0.3799999952316284,0.3799999952316284,0.3799999952316284,0.3799999952316284,19000.0
2026-10-07 10:40:00,LIFT.V,,1.9900000095367432,1.9900000095367432,1.9900000095367432,1.9900000095367432,100.0
2026-10-07 10:40:00,LMN.V,,21.94499969482422,21.94499969482422,21.885000228881836,21.885000228881836,1700.0
2026-10-07 10:40:00,MINE.V,,0.14000000059604645,0.14000000059604645,0.14000000059604645,0.14000000059604645,3000.0
2026-10-07 10:40:00,MLP.V,,2.180000066757202,2.180000066757202,2.1700000762939453,2.1700000762939453,1055.0
2026-10-07 10:40:00,PNG.V,,4.849999904632568,4.849999904632568,4.840000152587891,4.840000152587891,11206.0
2026-10-07 10:40:00,ZNG.V,,0.7099999785423279,0.7099999785423279,0.7099999785423279,0.7099999785423279,15000.0
2026-10-07 10:41:00,HCH.V,,1.5,1.5,1.5,1.5,400.0
2026-10-07 10:41:00,HME.V,,2.2300000190734863,2.2300000190734863,2.2300000190734863,2.2300000190734863,100.0
2026-10-07 10:41:00,HPL.V,,0.3100000023841858,0.3100000023841858,0.3100000023841858,0.3100000023841858,500.0
2026-10-07 10:41:00,JUGR.V,,0.42500001192092896,0.42500001192092896,0.42500001192092896,0.42500001192092896,4000.0
2026-10-07 10:41:00,LG.V,,0.38499999046325684,0.38499999046325684,0.3824999928474426,0.3824999928474426,4000.0
2026-10-07 10:41:00,PNG.V,,4.829999923706055,4.840000152587891,4.829999923706055,4.840000152587891,2178.0
2026-10-07 10:42:00,FDR.V,,8.40999984741211,8.40999984741211,8.40999984741211,8.40999984741211,100.0
2026-10-07 10:42:00,FIN.V,,0.08500000089406967,0.08500000089406967,0.08500000089406967,0.08500000089406967,0.0
2026-10-07 10:42:00,FWZ.V,,2.799999952316284,2.799999952316284,2.799999952316284,2.799999952316284,300.0
2026-10-07 10:42:00,GOT.V,,1.3899999856948853,1.3899999856948853,1.3899999856948853,1.3899999856948853,100.0
2026-10-07 10:42:00,GWM.V,,1.0099999904632568,1.0099999904632568,1.0099999904632568,1.0099999904632568,52800.0
2026-10-07 10:42:00,HCH.V,,1.5,1.5,1.5,1.5,1178.0
2026-10-07 10:42:00,HME.V,,2.2300000190734863,2.2300000190734863,2.2300000190734863,2.2300000190734863,100.0
2026-10-07 10:42:00,HMR.V,,0.42500001192092896,0.42500001192092896,0.42500001192092896,0.42500001192092896,500.0
2026-10-07 10:42:00,INTR.V,,0.8399999737739563,0.8399999737739563,0.8399999737739563,0.8399999737739563,13000.0
2026-10-07 10:42:00,ITR.V,,3.609999895095825,3.609999895095825,3.609999895095825,3.609999895095825,100.0
2026-10-07 10:42:00,LUCA.V,,1.0850000381469727,1.0850000381469727,1.0850000381469727,1.0850000381469727,777.0
2026-10-07 10:42:00,MLP.V,,2.180000066757202,2.180000066757202,2.180000066757202,2.180000066757202,600.0
2026-10-07 10:42:00,MTA.V,,12.5,12.5,12.5,12.5,100.0
2026-10-07 10:42:00,PNG.V,,4.809999942779541,4.840000152587891,4.800000190734863,4.829999923706055,6683.0
2026-10-07 10:43:00,EQTY.V,,0.0949999988079071,0.0949999988079071,0.0949999988079071,0.0949999988079071,16000.0
2026-10-07 10:43:00,FIN.V,,0.029999999329447746,0.03999999910593033,0.029999999329447746,0.03999999910593033,4000.0
2026-10-07 10:43:00,FWZ.V,,2.799999952316284,2.799999952316284,2.799999952316284,2.799999952316284,700.0
2026-10-07 10:43:00,GMG.V,,2.2899999618530273,2.305000066757202,2.2899999618530273,2.299999952316284,2350.0
2026-10-07 10:43:00,GOT.V,,1.3899999856948853,1.3899999856948853,1.3899999856948853,1.3899999856948853,550.0
2026-10-07 10:43:00,GWM.V,,1.0099999904632568,1.0099999904632568,1.0099999904632568,1.0099999904632568,10000.0
2026-10-07 10:43:00,HME.V,,2.2300000190734863,2.2300000190734863,2.2300000190734863,2.2300000190734863,100.0
2026-10-07 10:43:00,ITR.V,,3.609999895095825,3.609999895095825,3.609999895095825,3.609999895095825,200.0
2026-10-07 10:43:00,KTN.V,,1.100000023841858,1.100000023841858,1.100000023841858,1.100000023841858,200.0
2026-10-07 10:43:00,LMN.V,,21.90999984741211,21.94499969482422,21.899999618530273,21.899999618530273,2600.0
2026-10-07 10:43:00,LSTR.V,,0.07999999821186066,0.07999999821186066,0.07999999821186066,0.07999999821186066,27000.0
2026-10-07 10:43:00,LUCA.V,,1.090000033378601,1.090000033378601,1.0850000381469727,1.0850000381469727,3400.0
2026-10-07 10:43:00,MTA.V,,12.489999771118164,12.489999771118164,12.489999771118164,12.489999771118164,100.0
2026-10-07 10:43:00,NURS.V,,3.440000057220459,3.440000057220459,3.440000057220459,3.440000057220459,100.0
2026-10-07 10:43:00,PNG.V,,4.769999980926514,4.789999961853027,4.769999980926514,4.789999961853027,10417.0
2026-10-07 10:44:00,FCA-UN.V,,4.159999847412109,4.159999847412109,4.159999847412109,4.159999847412109,0.0
2026-10-07 10:44:00,FDR.V,,8.430000305175781,8.430000305175781,8.425000190734863,8.425000190734863,200.0
2026-10-07 10:44:00,GG.V,,2.9000000953674316,2.9000000953674316,2.9000000953674316,2.9000000953674316,100.0
2026-10-07 10:44:00,GRSL.V,,0.28999999165534973,0.28999999165534973,0.28999999165534973,0.28999999165534973,2000.0
2026-10-07 10:44:00,LG.V,,0.3799999952316284,0.3799999952316284,0.3799999952316284,0.3799999952316284,1000.0
2026-10-07 10:44:00,LUCA.V,,1.0800000429153442,1.0800000429153442,1.0800000429153442,1.0800000429153442,100.0
2026-10-07 10:44:00,MLP.V,,2.1600000858306885,2.184999942779541,2.1600000858306885,2.184999942779541,7000.0
2026-10-07 10:44:00,PNG.V,,4.760000228881836,4.769999980926514,4.755000114440918,4.760000228881836,12856.0
2026-10-07 10:45:00,HME.V,,2.2300000190734863,2.240000009536743,2.2300000190734863,2.240000009536743,500.0
2026-10-07 10:45:00,KFR.V,,1.0199999809265137,1.0199999809265137,1.0199999809265137,1.0199999809265137,9600.0
2026-10-07 10:45:00,MLP.V,,2.180000066757202,2.180000066757202,2.180000066757202,2.180000066757202,100.0
2026-10-07 10:45:00,PNG.V,,4.769999980926514,4.78000020980835,4.769999980926514,4.769999980926514,1900.0
2026-10-07 10:46:00,HITI.V,,3.940000057220459,3.940000057220459,3.940000057220459,3.940000057220459,200.0
2026-10-07 10:46:00,HME.V,,2.240000009536743,2.240000009536743,2.240000009536743,2.240000009536743,800.0
2026-10-07 10:46:00,IPT.V,,0.24500000476837158,0.24500000476837158,0.24500000476837158,0.24500000476837158,2907.0
2026-10-07 10:46:00,LIFT.V,,2.0,2.0,2.0,2.0,100.0
2026-10-07 10:46:00,NURS.V,,3.440000057220459,3.440000057220459,3.440000057220459,3.440000057220459,100.0
2026-10-07 10:46:00,PNG.V,,4.78000020980835,4.784999847412109,4.78000020980835,4.78000020980835,3950.0
2026-10-07 10:47:00,BIG.V,,1.149999976158142,1.149999976158142,1.149999976158142,1.149999976158142,1100.0
2026-10-07 10:47:00,FDR.V,,8.449999809265137,8.449999809265137,8.430000305175781,8.430000305175781,3800.0
2026-10-07 10:47:00,HPQ.V,,0.13500000536441803,0.13500000536441803,0.13500000536441803,0.13500000536441803,2000.0
2026-10-07 10:47:00,ITR.V,,3.609999895095825,3.609999895095825,3.609999895095825,3.609999895095825,400.0
2026-10-07 10:47:00,LIFT.V,,2.0,2.0,2.0,2.0,100.0
2026-10-07 10:47:00,LUCA.V,,1.0800000429153442,1.0800000429153442,1.0800000429153442,1.0800000429153442,100.0
2026-10-07 10:47:00,MLP.V,,2.180000066757202,2.180000066757202,2.180000066757202,2.180000066757202,100.0
2026-10-07 10:47:00,PNG.V,,4.78000020980835,4.78000020980835,4.78000020980835,4.78000020980835,1200.0
2026-10-07 10:48:00,FDR.V,,8.4399995803833,8.470000267028809,8.4399995803833,8.470000267028809,600.0
2026-10-07 10:48:00,FOR.V,,0.6499999761581421,0.6499999761581421,0.6499999761581421,0.6499999761581421,0.0
2026-10-07 10:48:00,FRED.V,,0.6600000262260437,0.6600000262260437,0.6600000262260437,0.6600000262260437,850.0
2026-10-07 10:48:00,GG.V,,2.930000066757202,2.930000066757202,2.9100000858306885,2.9100000858306885,1600.0
2026-10-07 10:48:00,HITI.V,,3.940000057220459,3.940000057220459,3.940000057220459,3.940000057220459,100.0
2026-10-07 10:48:00,LMN.V,,21.8799991607666,21.8799991607666,21.8799991607666,21.8799991607666,100.0
2026-10-07 10:48:00,MLP.V,,2.180000066757202,2.180000066757202,2.180000066757202,2.180000066757202,100.0
2026-10-07 10:48:00,PNG.V,,4.789999961853027,4.800000190734863,4.78000020980835,4.78000020980835,5000.0
2026-10-07 10:49:00,BIG.V,,1.149999976158142,1.149999976158142,1.149999976158142,1.149999976158142,16593.0
2026-10-07 10:49:00,FDR.V,,8.430000305175781,8.4399995803833,8.430000305175781,8.4399995803833,201.0
2026-10-07 10:49:00,FWZ.V,,2.799999952316284,2.799999952316284,2.799999952316284,2.799999952316284,1700.0
2026-10-07 10:49:00,GG.V,,2.9200000762939453,2.9200000762939453,2.9200000762939453,2.9200000762939453,1000.0
2026-10-07 10:49:00,JUGR.V,,0.41999998688697815,0.41999998688697815,0.41999998688697815,0.41999998688697815,1500.0
2026-10-07 10:49:00,LSTR.V,,0.07999999821186066,0.07999999821186066,0.07999999821186066,0.07999999821186066,10000.0
2026-10-07 10:49:00,LUCA.V,,1.0800000429153442,1.0800000429153442,1.0800000429153442,1.0800000429153442,30561.0
2026-10-07 10:49:00,MTA.V,,12.46500015258789,12.46500015258789,12.46500015258789,12.46500015258789,100.0
2026-10-07 10:49:00,PNG.V,,4.800000190734863,4.800000190734863,4.789999961853027,4.800000190734863,1689.0
2026-10-07 10:50:00,FDR.V,,8.420000076293945,8.420000076293945,8.420000076293945,8.420000076293945,100.0
2026-10-07 10:50:00,FWZ.V,,2.7899999618530273,2.7899999618530273,2.7799999713897705,2.7899999618530273,1550.0
2026-10-07 10:50:00,GSVR.V,,0.375,0.375,0.375,0.375,704.0
2026-10-07 10:50:00,GWM.V,,1.0199999809265137,1.0199999809265137,1.0199999809265137,1.0199999809265137,2000.0
2026-10-07 10:50:00,KNG.V,,1.0099999904632568,1.0099999904632568,1.0099999904632568,1.0099999904632568,700.0
2026-10-07 10:50:00,LG.V,,0.3799999952316284,0.38499999046325684,0.3799999952316284,0.3824999928474426,29822.0
2026-10-07 10:50:00,LUCA.V,,1.0800000429153442,1.0800000429153442,1.0800000429153442,1.0800000429153442,100.0
2026-10-07 10:50:00,MLP.V,,2.180000066757202,2.180000066757202,2.180000066757202,2.180000066757202,100.0
2026-10-07 10:50:00,MMG.V,,0.1899999976158142,0.1899999976158142,0.1899999976158142,0.1899999976158142,2000.0
2026-10-07 10:50:00,NURS.V,,3.440000057220459,3.440000057220459,3.440000057220459,3.440000057220459,100.0
2026-10-07 10:50:00,PNG.V,,4.809999942779541,4.809999942779541,4.809999942779541,4.809999942779541,100.0
2026-10-07 10:51:00,FDR.V,,8.430000305175781,8.430000305175781,8.420000076293945,8.420000076293945,200.0
2026-10-07 10:51:00,FOBI.V,,0.029999999329447746,0.029999999329447746,0.029999999329447746,0.029999999329447746,161000.0
2026-10-07 10:51:00,FRED.V,,0.6600000262260437,0.6600000262260437,0.6600000262260437,0.6600000262260437,500.0
2026-10-07 10:51:00,HITI.V,,3.940000057220459,3.940000057220459,3.940000057220459,3.940000057220459,1100.0
2026-10-07 10:51:00,KFR.V,,1.0099999904632568,1.0099999904632568,1.0099999904632568,1.0099999904632568,600.0
2026-10-07 10:51:00,LSTR.V,,0.07999999821186066,0.07999999821186066,0.07999999821186066,0.07999999821186066,5000.0
2026-10-07 10:51:00,LVX.V,,0.4000000059604645,0.4000000059604645,0.4000000059604645,0.4000000059604645,14500.0
2026-10-07 10:51:00,MIM.V,,0.1550000011920929,0.1550000011920929,0.1550000011920929,0.1550000011920929,2000.0
2026-10-07 10:51:00,MMG.V,,0.1899999976158142,0.1899999976158142,0.1899999976158142,0.1899999976158142,1000.0
2026-10-07 10:51:00,PNG.V,,4.800000190734863,4.800000190734863,4.789999961853027,4.789999961853027,855.0
2026-10-07 10:51:00,ZNG.V,,0.7099999785423279,0.7099999785423279,0.7099999785423279,0.7099999785423279,2000.0
2026-10-07 10:52:00,BIG.V,,1.149999976158142,1.149999976158142,1.149999976158142,1.149999976158142,3700.0
2026-10-07 10:52:00,JTC.V,,1.0199999809265137,1.0199999809265137,1.0199999809265137,1.0199999809265137,0.0
2026-10-07 10:52:00,KLD.V,,2.299999952316284,2.299999952316284,2.299999952316284,2.299999952316284,400.0
2026-10-07 10:52:00,LMN.V,,22.010000228881836,22.010000228881836,22.010000228881836,22.010000228881836,100.0
2026-10-07 10:52:00,LUCA.V,,1.0800000429153442,1.0800000429153442,1.0800000429153442,1.0800000429153442,100.0
2026-10-07 10:53:00,BIG.V,,1.1549999713897705,1.1549999713897705,1.1549999713897705,1.1549999713897705,1100.0
2026-10-07 10:53:00,FDR.V,,8.399999618530273,8.399999618530273,8.399999618530273,8.399999618530273,100.0
2026-10-07 10:53:00,GSVR.V,,0.375,0.375,0.375,0.375,826.0
2026-10-07 10:53:00,HITI.V,,3.930000066757202,3.930000066757202,3.930000066757202,3.930000066757202,780.0
2026-10-07 10:53:00,HME.V,,2.2300000190734863,2.2300000190734863,2.2300000190734863,2.2300000190734863,100.0
2026-10-07 10:53:00,LMN.V,,21.979999542236328,22.0,21.979999542236328,22.0,200.0
2026-10-07 10:53:00,LUCA.V,,1.0800000429153442,1.0800000429153442,1.0800000429153442,1.0800000429153442,5200.0
2026-10-07 10:53:00,PNG.V,,4.760000228881836,4.800000190734863,4.760000228881836,4.800000190734863,17981.0
2026-10-07 10:53:00,ROAR.V,,0.2199999988079071,0.2199999988079071,0.2199999988079071,0.2199999988079071,1000.0
2026-10-07 10:54:00,ITR.V,,3.5899999141693115,3.5999999046325684,3.5899999141693115,3.5999999046325684,13902.0
2026-10-07 10:54:00,LG.V,,0.3799999952316284,0.3799999952316284,0.3799999952316284,0.3799999952316284,24000.0
2026-10-07 10:54:00,LMN.V,,21.969999313354492,21.969999313354492,21.950000762939453,21.950000762939453,300.0
2026-10-07 10:54:00,LUCA.V,,1.0750000476837158,1.0750000476837158,1.0750000476837158,1.0750000476837158,100.0
2026-10-07 10:54:00,MTA.V,,12.4399995803833,12.4399995803833,12.4399995803833,12.4399995803833,150.0
2026-10-07 10:54:00,PNG.V,,4.75,4.760000228881836,4.75,4.760000228881836,4346.0
2026-10-07 10:55:00,FDR.V,,8.399999618530273,8.399999618530273,8.399999618530273,8.399999618530273,100.0
2026-10-07 10:55:00,FOBI.V,,0.029999999329447746,0.029999999329447746,0.029999999329447746,0.029999999329447746,5000.0
2026-10-07 10:55:00,GGO.V,,1.340000033378601,1.340000033378601,1.340000033378601,1.340000033378601,22412.0
2026-10-07 10:55:00,GSP.V,,0.14499999582767487,0.14499999582767487,0.14499999582767487,0.14499999582767487,33500.0
2026-10-07 10:55:00,HME.V,,2.2300000190734863,2.2300000190734863,2.2300000190734863,2.2300000190734863,100.0
2026-10-07 10:55:00,ITR.V,,3.5999999046325684,3.5999999046325684,3.5999999046325684,3.5999999046325684,100.0
2026-10-07 10:55:00,KTN.V,,1.1100000143051147,1.1100000143051147,1.1100000143051147,1.1100000143051147,1000.0
2026-10-07 10:55:00,LFST.V,,0.03999999910593033,0.03999999910593033,0.03999999910593033,0.03999999910593033,1000.0
2026-10-07 10:55:00,LMN.V,,21.969999313354492,21.969999313354492,21.969999313354492,21.969999313354492,100.0
2026-10-07 10:55:00,NURS.V,,3.440000057220459,3.440000057220459,3.440000057220459,3.440000057220459,100.0
2026-10-07 10:55:00,PNG.V,,4.71999979019165,4.739999771118164,4.71999979019165,4.739999771118164,2939.0
2026-10-07 10:55:00,ZNG.V,,0.7099999785423279,0.7099999785423279,0.7099999785423279,0.7099999785423279,8000.0
2026-10-07 10:56:00,FDR.V,,8.399999618530273,8.40999984741211,8.399999618530273,8.399999618530273,400.0
2026-10-07 10:56:00,FOBI.V,,0.029999999329447746,0.029999999329447746,0.029999999329447746,0.029999999329447746,106809.0
2026-10-07 10:56:00,GGO.V,,1.340000033378601,1.340000033378601,1.340000033378601,1.340000033378601,200.0
2026-10-07 10:56:00,GOT.V,,1.3799999952316284,1.3899999856948853,1.3799999952316284,1.3899999856948853,1600.0
2026-10-07 10:56:00,GSTM.V,,0.1599999964237213,0.1599999964237213,0.1599999964237213,0.1599999964237213,5000.0
2026-10-07 10:56:00,HITI.V,,3.930000066757202,3.930000066757202,3.930000066757202,3.930000066757202,1200.0
2026-10-07 10:56:00,HME.V,,2.2300000190734863,2.2300000190734863,2.2300000190734863,2.2300000190734863,100.0
2026-10-07 10:56:00,LME.V,,0.14000000059604645,0.14000000059604645,0.14000000059604645,0.14000000059604645,1500.0
2026-10-07 10:56:00,LUCA.V,,1.0750000476837158,1.0750000476837158,1.0750000476837158,1.0750000476837158,100.0
2026-10-07 10:56:00,PNG.V,,4.730000019073486,4.739999771118164,4.71999979019165,4.739999771118164,2100.0
2026-10-07 10:57:00,FDR.V,,8.420000076293945,8.420000076293945,8.399999618530273,8.40999984741211,300.0
2026-10-07 10:57:00,FOBI.V,,0.029999999329447746,0.029999999329447746,0.029999999329447746,0.029999999329447746,10000.0
2026-10-07 10:57:00,GGO.V,,1.340000033378601,1.340000033378601,1.340000033378601,1.340000033378601,100.0
2026-10-07 10:57:00,HITI.V,,3.940000057220459,3.940000057220459,3.940000057220459,3.940000057220459,200.0
2026-10-07 10:57:00,INTR.V,,0.8399999737739563,0.8399999737739563,0.8299999833106995,0.8399999737739563,15500.0
2026-10-07 10:57:00,LG.V,,0.3799999952316284,0.3799999952316284,0.3799999952316284,0.3799999952316284,2400.0
2026-10-07 10:57:00,LIFT.V,,2.0,2.0,2.0,2.0,100.0
2026-10-07 10:57:00,PNG.V,,4.710000038146973,4.71999979019165,4.710000038146973,4.71999979019165,19614.0
2026-10-07 10:58:00,ESK.V,,0.27000001072883606,0.27000001072883606,0.27000001072883606,0.27000001072883606,9090.0
2026-10-07 10:58:00,FDR.V,,8.430000305175781,8.430000305175781,8.430000305175781,8.430000305175781,492.0
2026-10-07 10:58:00,GGO.V,,1.340000033378601,1.340000033378601,1.340000033378601,1.340000033378601,100.0
2026-10-07 10:58:00,GOT.V,,1.3799999952316284,1.3799999952316284,1.3799999952316284,1.3799999952316284,2700.0
2026-10-07 10:58:00,GSI.V,,1.659999966621399,1.659999966621399,1.659999966621399,1.659999966621399,100.0
2026-10-07 10:58:00,GSP.V,,0.14000000059604645,0.14000000059604645,0.14000000059604645,0.14000000059604645,5000.0
2026-10-07 10:58:00,HPQ.V,,0.13500000536441803,0.13500000536441803,0.13500000536441803,0.13500000536441803,10000.0
2026-10-07 10:58:00,INTR.V,,0.8399999737739563,0.8399999737739563,0.8399999737739563,0.8399999737739563,1500.0
2026-10-07 10:58:00,ITR.V,,3.5999999046325684,3.5999999046325684,3.5999999046325684,3.5999999046325684,300.0
2026-10-07 10:58:00,KTN.V,,1.100000023841858,1.100000023841858,1.100000023841858,1.100000023841858,200.0
2026-10-07 10:58:00,MLP.V,,2.180000066757202,2.180000066757202,2.180000066757202,2.180000066757202,100.0
2026-10-07 10:58:00,PNG.V,,4.699999809265137,4.71999979019165,4.690000057220459,4.71999979019165,10650.0
2026-10-07 10:59:00,GGO.V,,1.340000033378601,1.340000033378601,1.340000033378601,1.340000033378601,100.0
2026-10-07 10:59:00,GOT.V,,1.3799999952316284,1.3799999952316284,1.3799999952316284,1.3799999952316284,100.0
2026-10-07 10:59:00,HME.V,,2.2300000190734863,2.2300000190734863,2.2300000190734863,2.2300000190734863,100.0
2026-10-07 10:59:00,MINE.V,,0.14000000059604645,0.14000000059604645,0.14000000059604645,0.14000000059604645,1000.0
2026-10-07 10:59:00,MLP.V,,2.190000057220459,2.190000057220459,2.180000066757202,2.180000066757202,3000.0
2026-10-07 10:59:00,PNG.V,,4.710000038146973,4.715000152587891,4.699999809265137,4.699999809265137,9900.0
2026-10-07 11:00:00,FDR.V,,8.449999809265137,8.449999809265137,8.430000305175781,8.430000305175781,500.0
2026-10-07 11:00:00,GGO.V,,1.340000033378601,1.340000033378601,1.340000033378601,1.340000033378601,100.0
2026-10-07 11:00:00,GSI.V,,1.659999966621399,1.659999966621399,1.659999966621399,1.659999966621399,4600.0
2026-10-07 11:00:00,ITR.V,,3.5999999046325684,3.5999999046325684,3.5999999046325684,3.5999999046325684,100.0
2026-10-07 11:00:00,LIFT.V,,2.0299999713897705,2.0299999713897705,2.0199999809265137,2.0199999809265137,4500.0
2026-10-07 11:00:00,LUCA.V,,1.0750000476837158,1.0750000476837158,1.0750000476837158,1.0750000476837158,114.0
2026-10-07 11:00:00,PNG.V,,4.710000038146973,4.710000038146973,4.710000038146973,4.710000038146973,300.0
2026-10-07 11:01:00,FDR.V,,8.479999542236328,8.479999542236328,8.449999809265137,8.470000267028809,5000.0
2026-10-07 11:01:00,FOBI.V,,0.029999999329447746,0.029999999329447746,0.029999999329447746,0.029999999329447746,18970.0
2026-10-07 11:01:00,GGO.V,,1.340000033378601,1.340000033378601,1.340000033378601,1.340000033378601,100.0
2026-10-07 11:01:00,JUGR.V,,0.41999998688697815,0.41999998688697815,0.41999998688697815,0.41999998688697815,1000.0
2026-10-07 11:01:00,KFR.V,,1.0099999904632568,1.0099999904632568,1.0099999904632568,1.0099999904632568,5100.0
2026-10-07 11:01:00,MLP.V,,2.190000057220459,2.190000057220459,2.190000057220459,2.190000057220459,100.0
2026-10-07 11:01:00,PNG.V,,4.71999979019165,4.71999979019165,4.71999979019165,4.71999979019165,10000.0
2026-10-07 11:02:00,FDR.V,,8.470000267028809,8.479999542236328,8.46500015258789,8.470000267028809,1000.0
2026-10-07 11:02:00,GGO.V,,1.340000033378601,1.340000033378601,1.340000033378601,1.340000033378601,100.0
2026-10-07 11:02:00,INTR.V,,0.8399999737739563,0.8399999737739563,0.8399999737739563,0.8399999737739563,6000.0
2026-10-07 11:02:00,PNG.V,,4.730000019073486,4.730000019073486,4.71999979019165,4.71999979019165,3370.0
2026-10-07 11:03:00,FDR.V,,8.470000267028809,8.479999542236328,8.449999809265137,8.479999542236328,1000.0
2026-10-07 11:03:00,GGO.V,,1.340000033378601,1.340000033378601,1.340000033378601,1.340000033378601,100.0
2026-10-07 11:03:00,GLDN.V,,0.08500000089406967,0.08500000089406967,0.08500000089406967,0.08500000089406967,0.0
2026-10-07 11:03:00,ITR.V,,3.5899999141693115,3.5899999141693115,3.5899999141693115,3.5899999141693115,400.0
2026-10-07 11:03:00,IVS.V,,0.25999999046325684,0.25999999046325684,0.25999999046325684,0.25999999046325684,500.0
2026-10-07 11:03:00,MLP.V,,2.190000057220459,2.190000057220459,2.190000057220459,2.190000057220459,100.0
2026-10-07 11:03:00,PNG.V,,4.739999771118164,4.739999771118164,4.739999771118164,4.739999771118164,200.0
2026-10-07 11:04:00,FDR.V,,8.444999694824219,8.444999694824219,8.444999694824219,8.444999694824219,100.0
2026-10-07 11:04:00,FOBI.V,,0.029999999329447746,0.029999999329447746,0.029999999329447746,0.029999999329447746,8000.0
2026-10-07 11:04:00,GOT.V,,1.3799999952316284,1.3799999952316284,1.3799999952316284,1.3799999952316284,26600.0
2026-10-07 11:04:00,GSI.V,,1.659999966621399,1.659999966621399,1.659999966621399,1.659999966621399,1200.0
2026-10-07 11:04:00,HPQ.V,,0.13500000536441803,0.13500000536441803,0.13500000536441803,0.13500000536441803,500.0
2026-10-07 11:04:00,NURS.V,,3.440000057220459,3.440000057220459,3.440000057220459,3.440000057220459,100.0
2026-10-07 11:04:00,PNG.V,,4.744999885559082,4.744999885559082,4.735000133514404,4.739999771118164,1600.0
2026-10-07 11:05:00,GGO.V,,1.340000033378601,1.340000033378601,1.340000033378601,1.340000033378601,8500.0
2026-10-07 11:05:00,GSI.V,,1.659999966621399,1.659999966621399,1.659999966621399,1.659999966621399,400.0
2026-10-07 11:05:00,GSR.V,,0.32499998807907104,0.32499998807907104,0.32499998807907104,0.32499998807907104,1500.0
2026-10-07 11:05:00,HME.V,,2.240000009536743,2.240000009536743,2.240000009536743,2.240000009536743,700.0
2026-10-07 11:05:00,INTR.V,,0.8399999737739563,0.8399999737739563,0.8399999737739563,0.8399999737739563,4000.0
2026-10-07 11:05:00,JUGR.V,,0.41499999165534973,0.41499999165534973,0.41499999165534973,0.41499999165534973,3500.0
2026-10-07 11:05:00,MLP.V,,2.180000066757202,2.180000066757202,2.1700000762939453,2.1700000762939453,3400.0
2026-10-07 11:05:00,PNG.V,,4.760000228881836,4.760000228881836,4.75,4.75,1000.0
2026-10-07 11:06:00,FDR.V,,8.40999984741211,8.449999809265137,8.399999618530273,8.430000305175781,2400.0
2026-10-07 11:06:00,FWZ.V,,2.7799999713897705,2.7799999713897705,2.7799999713897705,2.7799999713897705,1410.0
2026-10-07 11:06:00,GOT.V,,1.3799999952316284,1.3799999952316284,1.3799999952316284,1.3799999952316284,5000.0
2026-10-07 11:06:00,GSP.V,,0.14000000059604645,0.14000000059604645,0.14000000059604645,0.14000000059604645,4500.0
2026-10-07 11:06:00,INTR.V,,0.8399999737739563,0.8399999737739563,0.8399999737739563,0.8399999737739563,3000.0
2026-10-07 11:06:00,JUGR.V,,0.41499999165534973,0.41499999165534973,0.41499999165534973,0.41499999165534973,3500.0
2026-10-07 11:06:00,MN.V,,0.0949999988079071,0.0949999988079071,0.0949999988079071,0.0949999988079071,0.0
2026-10-07 11:06:00,PNG.V,,4.789999961853027,4.789999961853027,4.75,4.75,25510.0
2026-10-07 11:07:00,INTR.V,,0.8399999737739563,0.8399999737739563,0.8399999737739563,0.8399999737739563,9500.0
2026-10-07 11:07:00,KTO.V,,0.75,0.7599999904632568,0.75,0.7599999904632568,16250.0
2026-10-07 11:07:00,LMN.V,,22.040000915527344,22.040000915527344,22.040000915527344,22.040000915527344,100.0
2026-10-07 11:07:00,LSL.V,,0.30000001192092896,0.30000001192092896,0.30000001192092896,0.30000001192092896,0.0
2026-10-07 11:07:00,PNG.V,,4.78000020980835,4.800000190734863,4.769999980926514,4.800000190734863,7900.0
2026-10-07 11:08:00,GOT.V,,1.3799999952316284,1.3799999952316284,1.3799999952316284,1.3799999952316284,3200.0
2026-10-07 11:08:00,GSI.V,,1.6699999570846558,1.6699999570846558,1.6699999570846558,1.6699999570846558,100.0
2026-10-07 11:08:00,ITR.V,,3.5999999046325684,3.5999999046325684,3.5999999046325684,3.5999999046325684,200.0
2026-10-07 11:08:00,KTO.V,,0.75,0.75,0.7400000095367432,0.75,5551.0
2026-10-07 11:08:00,LTH.V,,0.5,0.5,0.5,0.5,1000.0
2026-10-07 11:08:00,MTA.V,,12.4399995803833,12.4399995803833,12.4399995803833,12.4399995803833,200.0
2026-10-07 11:08:00,NURS.V,,3.440000057220459,3.440000057220459,3.440000057220459,3.440000057220459,100.0
2026-10-07 11:08:00,PNG.V,,4.789999961853027,4.789999961853027,4.789999961853027,4.789999961853027,3600.0
2026-10-07 11:09:00,BIG.V,,1.149999976158142,1.149999976158142,1.149999976158142,1.149999976158142,200.0
2026-10-07 11:09:00,HITI.V,,3.9200000762939453,3.930000066757202,3.9200000762939453,3.930000066757202,1700.0
2026-10-07 11:09:00,ITR.V,,3.5999999046325684,3.5999999046325684,3.5999999046325684,3.5999999046325684,100.0
2026-10-07 11:09:00,JG.V,,0.11999999731779099,0.11999999731779099,0.11999999731779099,0.11999999731779099,0.0
2026-10-07 11:09:00,JUGR.V,,0.41499999165534973,0.41499999165534973,0.41499999165534973,0.41499999165534973,500.0
2026-10-07 11:09:00,KAPA.V,,0.11999999731779099,0.11999999731779099,0.11999999731779099,0.11999999731779099,0.0
2026-10-07 11:09:00,LPS.V,,0.12999999523162842,0.12999999523162842,0.12999999523162842,0.12999999523162842,99000.0
2026-10-07 11:09:00,LUCA.V,,1.0750000476837158,1.0750000476837158,1.0750000476837158,1.0750000476837158,100.0
2026-10-07 11:09:00,PNG.V,,4.800000190734863,4.800000190734863,4.789999961853027,4.789999961853027,1500.0
2026-10-07 11:09:00,YGT.V,,0.1899999976158142,0.1899999976158142,0.1899999976158142,0.1899999976158142,500.0
2026-10-07 11:09:00,ZNG.V,,0.699999988079071,0.699999988079071,0.699999988079071,0.699999988079071,10750.0
2026-10-07 11:10:00,FDR.V,,8.420000076293945,8.420000076293945,8.420000076293945,8.420000076293945,100.0
2026-10-07 11:10:00,FOBI.V,,0.029999999329447746,0.029999999329447746,0.029999999329447746,0.029999999329447746,13000.0
2026-10-07 11:10:00,GOT.V,,1.3849999904632568,1.3849999904632568,1.3849999904632568,1.3849999904632568,300.0
2026-10-07 11:10:00,GSI.V,,1.6699999570846558,1.6699999570846558,1.6699999570846558,1.6699999570846558,1200.0
2026-10-07 11:10:00,KLD.V,,2.319999933242798,2.319999933242798,2.319999933242798,2.319999933242798,100.0
2026-10-07 11:10:00,KTO.V,,0.75,0.75,0.75,0.75,1500.0
2026-10-07 11:10:00,LVX.V,,0.4000000059604645,0.4000000059604645,0.4000000059604645,0.4000000059604645,5000.0
2026-10-07 11:10:00,MLP.V,,2.190000057220459,2.190000057220459,2.190000057220459,2.190000057220459,200.0
2026-10-07 11:10:00,PNG.V,,4.820000171661377,4.820000171661377,4.800000190734863,4.800000190734863,10950.0
2026-10-07 11:11:00,BIG.V,,1.149999976158142,1.149999976158142,1.149999976158142,1.149999976158142,100.0
2026-10-07 11:11:00,FDR.V,,8.420000076293945,8.420000076293945,8.420000076293945,8.420000076293945,500.0
2026-10-07 11:11:00,FL.V,,0.42500001192092896,0.42500001192092896,0.42500001192092896,0.42500001192092896,40104.0
2026-10-07 11:11:00,LIFT.V,,2.009999990463257,2.009999990463257,2.009999990463257,2.009999990463257,100.0
2026-10-07 11:11:00,LUCA.V,,1.0750000476837158,1.0750000476837158,1.0750000476837158,1.0750000476837158,100.0
2026-10-07 11:11:00,PNG.V,,4.820000171661377,4.820000171661377,4.815000057220459,4.815000057220459,2400.0
2026-10-07 11:12:00,FDR.V,,8.40999984741211,8.40999984741211,8.40999984741211,8.40999984741211,3230.0
2026-10-07 11:12:00,FOBI.V,,0.029999999329447746,0.029999999329447746,0.029999999329447746,0.029999999329447746,16000.0
2026-10-07 11:12:00,GOT.V,,1.3700000047683716,1.3799999952316284,1.3700000047683716,1.3799999952316284,11400.0
2026-10-07 11:12:00,GRSL.V,,0.28999999165534973,0.28999999165534973,0.28999999165534973,0.28999999165534973,4000.0
2026-10-07 11:12:00,ITR.V,,3.5999999046325684,3.5999999046325684,3.5999999046325684,3.5999999046325684,200.0
2026-10-07 11:12:00,KFR.V,,1.0099999904632568,1.0099999904632568,1.0099999904632568,1.0099999904632568,8001.0
2026-10-07 11:12:00,LMN.V,,22.040000915527344,22.040000915527344,22.040000915527344,22.040000915527344,100.0
2026-10-07 11:12:00,MTA.V,,12.46500015258789,12.46500015258789,12.46500015258789,12.46500015258789,100.0
2026-10-07 11:13:00,HPQ.V,,0.13500000536441803,0.13500000536441803,0.13500000536441803,0.13500000536441803,60500.0
2026-10-07 11:13:00,ILC.V,,0.019999999552965164,0.019999999552965164,0.019999999552965164,0.019999999552965164,12000.0
2026-10-07 11:13:00,INTR.V,,0.8399999737739563,0.8399999737739563,0.8399999737739563,0.8399999737739563,500.0
2026-10-07 11:13:00,ITR.V,,3.609999895095825,3.609999895095825,3.609999895095825,3.609999895095825,2300.0
2026-10-07 11:13:00,LMN.V,,22.100000381469727,22.100000381469727,22.040000915527344,22.040000915527344,700.0
2026-10-07 11:13:00,MINE.V,,0.14000000059604645,0.14000000059604645,0.14000000059604645,0.14000000059604645,22000.0
2026-10-07 11:13:00,NURS.V,,3.440000057220459,3.440000057220459,3.440000057220459,3.440000057220459,100.0
2026-10-07 11:13:00,YGT.V,,0.1899999976158142,0.1899999976158142,0.1899999976158142,0.1899999976158142,11000.0
2026-10-07 11:14:00,FDR.V,,8.40999984741211,8.420000076293945,8.40999984741211,8.420000076293945,2200.0
2026-10-07 11:14:00,ITR.V,,3.619999885559082,3.619999885559082,3.619999885559082,3.619999885559082,4300.0
2026-10-07 11:14:00,JUGR.V,,0.4099999964237213,0.41499999165534973,0.4099999964237213,0.41499999165534973,2000.0
2026-10-07 11:14:00,KFR.V,,1.0099999904632568,1.0099999904632568,1.0099999904632568,1.0099999904632568,100.0
2026-10-07 11:14:00,KLD.V,,2.380000114440918,2.380000114440918,2.380000114440918,2.380000114440918,2600.0
2026-10-07 11:14:00,LG.V,,0.3799999952316284,0.3799999952316284,0.3799999952316284,0.3799999952316284,43113.0
2026-10-07 11:14:00,MLP.V,,2.190000057220459,2.190000057220459,2.190000057220459,2.190000057220459,300.0
2026-10-07 11:14:00,MTA.V,,12.449999809265137,12.449999809265137,12.449999809265137,12.449999809265137,100.0
2026-10-07 11:14:00,PNG.V,,4.809999942779541,4.809999942779541,4.800000190734863,4.809999942779541,5200.0
2026-10-07 11:15:00,GMG.V,,2.2950000762939453,2.2950000762939453,2.2950000762939453,2.2950000762939453,100.0
2026-10-07 11:15:00,GOT.V,,1.3799999952316284,1.3799999952316284,1.3799999952316284,1.3799999952316284,500.0
2026-10-07 11:15:00,HPQ.V,,0.13500000536441803,0.13500000536441803,0.13500000536441803,0.13500000536441803,2500.0
2026-10-07 11:15:00,LTH.V,,0.5,0.5,0.5,0.5,500.0
2026-10-07 11:15:00,MGM.V,,2.859999895095825,2.859999895095825,2.859999895095825,2.859999895095825,4000.0
2026-10-07 11:15:00,PNG.V,,4.829999923706055,4.829999923706055,4.800000190734863,4.809999942779541,19681.0
2026-10-07 11:16:00,FDR.V,,8.420000076293945,8.420000076293945,8.420000076293945,8.420000076293945,100.0
2026-10-07 11:16:00,FG.V,,0.029999999329447746,0.029999999329447746,0.029999999329447746,0.029999999329447746,0.0
2026-10-07 11:16:00,GRDM.V,,0.18000000715255737,0.18000000715255737,0.18000000715255737,0.18000000715255737,13000.0
2026-10-07 11:16:00,LAB.V,,0.054999999701976776,0.054999999701976776,0.054999999701976776,0.054999999701976776,1525.0
2026-10-07 11:16:00,LCX.V,,1.75,1.75,1.75,1.75,1600.0
2026-10-07 11:16:00,PNG.V,,4.820000171661377,4.829999923706055,4.820000171661377,4.829999923706055,300.0
2026-10-07 11:17:00,ITR.V,,3.619999885559082,3.619999885559082,3.619999885559082,3.619999885559082,1600.0
2026-10-07 11:17:00,KTN.V,,1.1100000143051147,1.1100000143051147,1.1100000143051147,1.1100000143051147,100.0
2026-10-07 11:17:00,LG.V,,0.3799999952316284,0.3799999952316284,0.3799999952316284,0.3799999952316284,30000.0
2026-10-07 11:17:00,LIFT.V,,2.009999990463257,2.009999990463257,2.009999990463257,2.009999990463257,100.0
2026-10-07 11:17:00,PNG.V,,4.809999942779541,4.809999942779541,4.809999942779541,4.809999942779541,100.0
2026-10-07 11:18:00,KTO.V,,0.7400000095367432,0.7400000095367432,0.7200000286102295,0.7200000286102295,6101.0
2026-10-07 11:18:00,LG.V,,0.38499999046325684,0.38499999046325684,0.3799999952316284,0.3799999952316284,21500.0
2026-10-07 11:18:00,MGM.V,,2.8499999046325684,2.859999895095825,2.8499999046325684,2.859999895095825,2200.0
2026-10-07 11:18:00,NURS.V,,3.440000057220459,3.440000057220459,3.440000057220459,3.440000057220459,100.0
2026-10-07 11:18:00,PNG.V,,4.820000171661377,4.820000171661377,4.820000171661377,4.820000171661377,300.0
2026-10-07 11:19:00,FDR.V,,8.420000076293945,8.430000305175781,8.420000076293945,8.430000305175781,200.0
2026-10-07 11:19:00,GGO.V,,1.350000023841858,1.350000023841858,1.350000023841858,1.350000023841858,9200.0
2026-10-07 11:19:00,GRDM.V,,0.18000000715255737,0.18000000715255737,0.18000000715255737,0.18000000715255737,5000.0
2026-10-07 11:19:00,LMN.V,,22.149999618530273,22.149999618530273,22.110000610351562,22.110000610351562,405.0
2026-10-07 11:19:00,LVX.V,,0.38999998569488525,0.38999998569488525,0.38999998569488525,0.38999998569488525,15100.0
2026-10-07 11:19:00,MTA.V,,12.420000076293945,12.420000076293945,12.420000076293945,12.420000076293945,100.0
2026-10-07 11:19:00,PNG.V,,4.820000171661377,4.820000171661377,4.820000171661377,4.820000171661377,300.0
2026-10-07 11:20:00,FDR.V,,8.40999984741211,8.40999984741211,8.40999984741211,8.40999984741211,1400.0
2026-10-07 11:20:00,LME.V,,0.14000000059604645,0.14000000059604645,0.14000000059604645,0.14000000059604645,500.0
2026-10-07 11:20:00,LMN.V,,22.059999465942383,22.059999465942383,22.059999465942383,22.059999465942383,200.0
2026-10-07 11:20:00,PNG.V,,4.820000171661377,4.820000171661377,4.820000171661377,4.820000171661377,1500.0
2026-10-07 11:21:00,FDR.V,,8.40999984741211,8.40999984741211,8.40999984741211,8.40999984741211,2705.0
2026-10-07 11:21:00,FWZ.V,,2.7899999618530273,2.7899999618530273,2.7899999618530273,2.7899999618530273,500.0
2026-10-07 11:21:00,GRDM.V,,0.18000000715255737,0.18000000715255737,0.18000000715255737,0.18000000715255737,10000.0
2026-10-07 11:21:00,HPQ.V,,0.13500000536441803,0.13500000536441803,0.13500000536441803,0.13500000536441803,8000.0
2026-10-07 11:21:00,JJ.V,,0.029999999329447746,0.029999999329447746,0.029999999329447746,0.029999999329447746,198000.0
2026-10-07 11:21:00,LG.V,,0.3799999952316284,0.3799999952316284,0.3799999952316284,0.3799999952316284,8000.0
2026-10-07 11:21:00,MLP.V,,2.190000057220459,2.190000057220459,2.190000057220459,2.190000057220459,200.0
2026-10-07 11:21:00,PNG.V,,4.829999923706055,4.829999923706055,4.829999923706055,4.829999923706055,127.0
2026-10-07 11:22:00,FDR.V,,8.40999984741211,8.40999984741211,8.40999984741211,8.40999984741211,100.0
2026-10-07 11:22:00,FWZ.V,,2.7699999809265137,2.7799999713897705,2.7699999809265137,2.7799999713897705,10772.0
2026-10-07 11:22:00,JUGR.V,,0.41499999165534973,0.41499999165534973,0.41499999165534973,0.41499999165534973,4500.0
2026-10-07 11:22:00,KTO.V,,0.7599999904632568,0.7599999904632568,0.7400000095367432,0.7400000095367432,32500.0
2026-10-07 11:22:00,LIFT.V,,2.009999990463257,2.009999990463257,2.009999990463257,2.009999990463257,100.0
2026-10-07 11:22:00,LUCA.V,,1.0700000524520874,1.0700000524520874,1.0700000524520874,1.0700000524520874,1000.0
2026-10-07 11:22:00,PNG.V,,4.829999923706055,4.829999923706055,4.829999923706055,4.829999923706055,200.0
2026-10-07 11:23:00,BIG.V,,1.149999976158142,1.149999976158142,1.149999976158142,1.149999976158142,1300.0
2026-10-07 11:23:00,GSR.V,,0.33000001311302185,0.33000001311302185,0.33000001311302185,0.33000001311302185,1000.0
2026-10-07 11:23:00,KFR.V,,1.0099999904632568,1.0099999904632568,1.0049999952316284,1.0049999952316284,800.0
2026-10-07 11:23:00,KTO.V,,0.7599999904632568,0.7599999904632568,0.7599999904632568,0.7599999904632568,1857.0
2026-10-07 11:23:00,LXE.V,,0.25,0.25,0.25,0.25,500.0
2026-10-07 11:23:00,MINE.V,,0.14499999582767487,0.14499999582767487,0.14499999582767487,0.14499999582767487,29000.0
2026-10-07 11:23:00,NURS.V,,3.430000066757202,3.430000066757202,3.430000066757202,3.430000066757202,100.0
2026-10-07 11:24:00,FDR.V,,8.399999618530273,8.420000076293945,8.399999618530273,8.420000076293945,5200.0
2026-10-07 11:24:00,GMG.V,,2.2799999713897705,2.2799999713897705,2.2799999713897705,2.2799999713897705,4500.0
2026-10-07 11:24:00,GOT.V,,1.3700000047683716,1.3700000047683716,1.3700000047683716,1.3700000047683716,100.0
2026-10-07 11:24:00,ITR.V,,3.609999895095825,3.609999895095825,3.609999895095825,3.609999895095825,2900.0
2026-10-07 11:24:00,LMN.V,,22.030000686645508,22.06999969482422,22.030000686645508,22.06999969482422,14200.0
2026-10-07 11:24:00,LUCA.V,,1.0750000476837158,1.0800000429153442,1.0750000476837158,1.0800000429153442,23600.0
2026-10-07 11:24:00,MD.V,,0.3799999952316284,0.3799999952316284,0.3799999952316284,0.3799999952316284,2000.0
2026-10-07 11:25:00,FRED.V,,0.6600000262260437,0.6600000262260437,0.6600000262260437,0.6600000262260437,2500.0
2026-10-07 11:25:00,FWZ.V,,2.7850000858306885,2.7850000858306885,2.7850000858306885,2.7850000858306885,100.0
2026-10-07 11:25:00,ITR.V,,3.5999999046325684,3.5999999046325684,3.5999999046325684,3.5999999046325684,100.0
2026-10-07 11:25:00,LG.V,,0.3799999952316284,0.3799999952316284,0.3799999952316284,0.3799999952316284,23500.0
2026-10-07 11:25:00,LIO.V,,0.16500000655651093,0.16500000655651093,0.16500000655651093,0.16500000655651093,500.0
2026-10-07 11:25:00,LUCA.V,,1.0750000476837158,1.0750000476837158,1.0750000476837158,1.0750000476837158,100.0
2026-10-07 11:25:00,PNG.V,,4.809999942779541,4.820000171661377,4.800000190734863,4.820000171661377,16100.0
2026-10-07 11:26:00,FDR.V,,8.40999984741211,8.40999984741211,8.40999984741211,8.40999984741211,100.0
2026-10-07 11:26:00,HME.V,,2.25,2.25,2.240000009536743,2.240000009536743,1000.0
2026-10-07 11:26:00,JJ.V,,0.029999999329447746,0.029999999329447746,0.029999999329447746,0.029999999329447746,70000.0
2026-10-07 11:26:00,KTO.V,,0.7799999713897705,0.7799999713897705,0.7699999809265137,0.7699999809265137,13500.0
2026-10-07 11:26:00,LG.V,,0.3799999952316284,0.3799999952316284,0.3799999952316284,0.3799999952316284,11000.0
2026-10-07 11:26:00,MRVL.V,,0.11500000208616257,0.11500000208616257,0.10999999940395355,0.10999999940395355,10000.0
2026-10-07 11:26:00,PNG.V,,4.800000190734863,4.809999942779541,4.800000190734863,4.809999942779541,3800.0
2026-10-07 11:27:00,ESK.V,,0.27000001072883606,0.2750000059604645,0.27000001072883606,0.2750000059604645,5449.0
2026-10-07 11:27:00,FOBI.V,,0.029999999329447746,0.029999999329447746,0.029999999329447746,0.029999999329447746,7000.0
2026-10-07 11:27:00,HITI.V,,3.930000066757202,3.930000066757202,3.930000066757202,3.930000066757202,100.0
2026-10-07 11:27:00,KTO.V,,0.7699999809265137,0.7799999713897705,0.7699999809265137,0.7799999713897705,21000.0
2026-10-07 11:27:00,LCX.V,,1.7599999904632568,1.7599999904632568,1.7599999904632568,1.7599999904632568,100.0
2026-10-07 11:27:00,MTA.V,,12.4399995803833,12.4399995803833,12.4399995803833,12.4399995803833,100.0
2026-10-07 11:27:00,PNG.V,,4.800000190734863,4.809999942779541,4.800000190734863,4.800000190734863,2127.0
2026-10-07 11:28:00,FDR.V,,8.399999618530273,8.40999984741211,8.399999618530273,8.40999984741211,400.0
2026-10-07 11:28:00,IGO.V,,0.15000000596046448,0.15000000596046448,0.15000000596046448,0.15000000596046448,500.0
2026-10-07 11:28:00,ITR.V,,3.5999999046325684,3.5999999046325684,3.5999999046325684,3.5999999046325684,200.0
2026-10-07 11:28:00,LIFT.V,,2.009999990463257,2.009999990463257,2.009999990463257,2.009999990463257,100.0
2026-10-07 11:28:00,MTA.V,,12.430000305175781,12.4399995803833,12.430000305175781,12.430000305175781,400.0
2026-10-07 11:28:00,NURS.V,,3.430000066757202,3.430000066757202,3.430000066757202,3.430000066757202,100.0
2026-10-07 11:28:00,PNG.V,,4.800000190734863,4.800000190734863,4.800000190734863,4.800000190734863,200.0
2026-10-07 11:29:00,FDR.V,,8.399999618530273,8.399999618530273,8.399999618530273,8.399999618530273,140.0
2026-10-07 11:29:00,GGO.V,,1.340000033378601,1.340000033378601,1.340000033378601,1.340000033378601,2500.0
2026-10-07 11:29:00,GSI.V,,1.6699999570846558,1.6699999570846558,1.6699999570846558,1.6699999570846558,400.0
2026-10-07 11:29:00,HME.V,,2.2300000190734863,2.2300000190734863,2.2300000190734863,2.2300000190734863,100.0
2026-10-07 11:29:00,ITR.V,,3.5999999046325684,3.5999999046325684,3.5999999046325684,3.5999999046325684,4000.0
2026-10-07 11:29:00,MLP.V,,2.190000057220459,2.190000057220459,2.180000066757202,2.180000066757202,500.0
2026-10-07 11:29:00,MTS.V,,0.1550000011920929,0.1550000011920929,0.1550000011920929,0.1550000011920929,3100.0
2026-10-07 11:29:00,PNG.V,,4.800000190734863,4.804999828338623,4.800000190734863,4.800000190734863,33422.0
2026-10-07 11:30:00,BIG.V,,1.149999976158142,1.149999976158142,1.149999976158142,1.149999976158142,100.0
2026-10-07 11:30:00,GOT.V,,1.3799999952316284,1.3799999952316284,1.3799999952316284,1.3799999952316284,1700.0
2026-10-07 11:30:00,GRSL.V,,0.28999999165534973,0.28999999165534973,0.28999999165534973,0.28999999165534973,5934.0
2026-10-07 11:30:00,GSI.V,,1.6699999570846558,1.6699999570846558,1.6699999570846558,1.6699999570846558,2400.0
2026-10-07 11:30:00,ITR.V,,3.619999885559082,3.619999885559082,3.619999885559082,3.619999885559082,200.0
2026-10-07 11:30:00,LMN.V,,22.049999237060547,22.049999237060547,22.049999237060547,22.049999237060547,8100.0
2026-10-07 11:30:00,MLP.V,,2.190000057220459,2.190000057220459,2.190000057220459,2.190000057220459,100.0
2026-10-07 11:30:00,PNG.V,,4.795000076293945,4.795000076293945,4.795000076293945,4.795000076293945,100.0
2026-10-07 11:31:00,GGO.V,,1.350000023841858,1.350000023841858,1.350000023841858,1.350000023841858,720.0
2026-10-07 11:31:00,GSI.V,,1.6699999570846558,1.6699999570846558,1.6699999570846558,1.6699999570846558,200.0
2026-10-07 11:31:00,HME.V,,2.2300000190734863,2.2300000190734863,2.2300000190734863,2.2300000190734863,100.0
2026-10-07 11:31:00,ITR.V,,3.619999885559082,3.619999885559082,3.619999885559082,3.619999885559082,3800.0
2026-10-07 11:31:00,KFR.V,,1.0099999904632568,1.0099999904632568,1.0049999952316284,1.0049999952316284,1700.0
2026-10-07 11:31:00,LMN.V,,22.06999969482422,22.06999969482422,22.06999969482422,22.06999969482422,300.0
2026-10-07 11:31:00,PNG.V,,4.809999942779541,4.809999942779541,4.795000076293945,4.795000076293945,6000.0
2026-10-07 11:32:00,MIM.V,,0.1550000011920929,0.1550000011920929,0.1550000011920929,0.1550000011920929,2000.0
2026-10-07 11:32:00,MINE.V,,0.14499999582767487,0.14499999582767487,0.14499999582767487,0.14499999582767487,8000.0
2026-10-07 11:32:00,NURS.V,,3.430000066757202,3.430000066757202,3.430000066757202,3.430000066757202,100.0
2026-10-07 11:32:00,PNG.V,,4.820000171661377,4.820000171661377,4.820000171661377,4.820000171661377,912.0
2026-10-07 11:32:00,ZNG.V,,0.6899999976158142,0.699999988079071,0.6899999976158142,0.699999988079071,8050.0
2026-10-07 11:33:00,GFG.V,,0.17499999701976776,0.17499999701976776,0.17499999701976776,0.17499999701976776,35000.0
2026-10-07 11:33:00,GGO.V,,1.340000033378601,1.340000033378601,1.340000033378601,1.340000033378601,100.0
2026-10-07 11:33:00,HITI.V,,3.940000057220459,3.940000057220459,3.940000057220459,3.940000057220459,250.0
2026-10-07 11:33:00,IPT.V,,0.24500000476837158,0.24500000476837158,0.24500000476837158,0.24500000476837158,5000.0
2026-10-07 11:33:00,KTO.V,,0.7900000214576721,0.7900000214576721,0.7900000214576721,0.7900000214576721,7000.0
2026-10-07 11:33:00,LUCA.V,,1.0850000381469727,1.0850000381469727,1.0850000381469727,1.0850000381469727,100.0
2026-10-07 11:34:00,FFOX.V,,0.5699999928474426,0.5699999928474426,0.5699999928474426,0.5699999928474426,10500.0
2026-10-07 11:34:00,GGO.V,,1.340000033378601,1.340000033378601,1.340000033378601,1.340000033378601,200.0
2026-10-07 11:34:00,GWM.V,,1.0199999809265137,1.0199999809265137,1.0199999809265137,1.0199999809265137,1000.0
2026-10-07 11:34:00,LIFT.V,,2.009999990463257,2.009999990463257,2.009999990463257,2.009999990463257,100.0
2026-10-07 11:34:00,MLP.V,,2.190000057220459,2.190000057220459,2.190000057220459,2.190000057220459,100.0
2026-10-07 11:34:00,NURS.V,,3.430000066757202,3.430000066757202,3.430000066757202,3.430000066757202,100.0
2026-10-07 11:34:00,PNG.V,,4.809999942779541,4.809999942779541,4.809999942779541,4.809999942779541,100.0
2026-10-07 11:35:00,EQTY.V,,0.0949999988079071,0.0949999988079071,0.0949999988079071,0.0949999988079071,45000.0
2026-10-07 11:35:00,GSVR.V,,0.375,0.375,0.375,0.375,5500.0
2026-10-07 11:35:00,LMN.V,,22.079999923706055,22.079999923706055,22.079999923706055,22.079999923706055,100.0
2026-10-07 11:35:00,LSL.V,,0.2800000011920929,0.29499998688697815,0.2800000011920929,0.29499998688697815,51200.0
2026-10-07 11:35:00,PNG.V,,4.809999942779541,4.809999942779541,4.809999942779541,4.809999942779541,200.0
2026-10-07 11:36:00,EQTY.V,,0.0949999988079071,0.0949999988079071,0.0949999988079071,0.0949999988079071,11000.0
2026-10-07 11:36:00,FDR.V,,8.40999984741211,8.430000305175781,8.40999984741211,8.430000305175781,900.0
2026-10-07 11:36:00,GGO.V,,1.340000033378601,1.340000033378601,1.340000033378601,1.340000033378601,100.0
2026-10-07 11:36:00,GRSL.V,,0.2849999964237213,0.2849999964237213,0.2849999964237213,0.2849999964237213,500.0
2026-10-07 11:36:00,LMN.V,,22.079999923706055,22.079999923706055,22.079999923706055,22.079999923706055,300.0
2026-10-07 11:36:00,MLP.V,,2.190000057220459,2.190000057220459,2.190000057220459,2.190000057220459,500.0
2026-10-07 11:36:00,PNG.V,,4.809999942779541,4.809999942779541,4.809999942779541,4.809999942779541,100.0
2026-10-07 11:37:00,FDR.V,,8.420000076293945,8.430000305175781,8.420000076293945,8.430000305175781,900.0
2026-10-07 11:37:00,GSVR.V,,0.3799999952316284,0.3799999952316284,0.3799999952316284,0.3799999952316284,500.0
2026-10-07 11:37:00,GWM.V,,1.0199999809265137,1.0199999809265137,1.0199999809265137,1.0199999809265137,100.0
2026-10-07 11:37:00,KTO.V,,0.7799999713897705,0.7799999713897705,0.7799999713897705,0.7799999713897705,9500.0
2026-10-07 11:37:00,LG.V,,0.38499999046325684,0.38499999046325684,0.38499999046325684,0.38499999046325684,13000.0
2026-10-07 11:37:00,LMN.V,,22.045000076293945,22.05500030517578,22.0,22.05500030517578,4900.0
2026-10-07 11:37:00,MTA.V,,12.479999542236328,12.479999542236328,12.479999542236328,12.479999542236328,200.0
2026-10-07 11:37:00,NURS.V,,3.440000057220459,3.450000047683716,3.440000057220459,3.450000047683716,200.0
2026-10-07 11:38:00,FDR.V,,8.420000076293945,8.420000076293945,8.420000076293945,8.420000076293945,200.0
2026-10-07 11:38:00,FOBI.V,,0.029999999329447746,0.029999999329447746,0.029999999329447746,0.029999999329447746,24000.0
2026-10-07 11:38:00,GSP.V,,0.14499999582767487,0.14499999582767487,0.14499999582767487,0.14499999582767487,2717.0
2026-10-07 11:38:00,KTO.V,,0.7699999809265137,0.7699999809265137,0.7699999809265137,0.7699999809265137,2000.0
2026-10-07 11:38:00,LUCA.V,,1.0850000381469727,1.090000033378601,1.0850000381469727,1.0850000381469727,75067.0
2026-10-07 11:38:00,NURS.V,,3.440000057220459,3.450000047683716,3.440000057220459,3.440000057220459,300.0
2026-10-07 11:38:00,ROAR.V,,0.2150000035762787,0.2150000035762787,0.2150000035762787,0.2150000035762787,1000.0
2026-10-07 11:39:00,FRED.V,,0.6600000262260437,0.6600000262260437,0.6600000262260437,0.6600000262260437,645.0
2026-10-07 11:39:00,GGO.V,,1.340000033378601,1.340000033378601,1.340000033378601,1.340000033378601,100.0
2026-10-07 11:39:00,GPG.V,,0.2849999964237213,0.2849999964237213,0.2849999964237213,0.2849999964237213,14000.0
2026-10-07 11:39:00,GSVR.V,,0.375,0.375,0.375,0.375,1212.0
2026-10-07 11:39:00,HME.V,,2.25,2.25,2.25,2.25,100.0
2026-10-07 11:39:00,ITR.V,,3.609999895095825,3.609999895095825,3.609999895095825,3.609999895095825,3500.0
2026-10-07 11:39:00,LUCA.V,,1.0850000381469727,1.0850000381469727,1.0850000381469727,1.0850000381469727,200.0
2026-10-07 11:39:00,MLP.V,,2.190000057220459,2.190000057220459,2.190000057220459,2.190000057220459,100.0
2026-10-07 11:39:00,MTA.V,,12.479999542236328,12.479999542236328,12.479999542236328,12.479999542236328,100.0
2026-10-07 11:39:00,PNG.V,,4.809999942779541,4.809999942779541,4.809999942779541,4.809999942779541,200.0
2026-10-07 11:40:00,GGO.V,,1.340000033378601,1.340000033378601,1.340000033378601,1.340000033378601,200.0
2026-10-07 11:40:00,GSVR.V,,0.3774999976158142,0.3774999976158142,0.3774999976158142,0.3774999976158142,748.0
2026-10-07 11:40:00,LG.V,,0.38499999046325684,0.38499999046325684,0.38499999046325684,0.38499999046325684,5400.0
2026-10-07 11:40:00,LIFT.V,,2.009999990463257,2.009999990463257,2.009999990463257,2.009999990463257,100.0
2026-10-07 11:40:00,LUCA.V,,1.0850000381469727,1.0850000381469727,1.0850000381469727,1.0850000381469727,100.0
2026-10-07 11:40:00,PNG.V,,4.800000190734863,4.809999942779541,4.800000190734863,4.809999942779541,8275.0
2026-10-07 11:41:00,GGO.V,,1.340000033378601,1.340000033378601,1.340000033378601,1.340000033378601,800.0
2026-10-07 11:41:00,GOOD.V,,0.22499999403953552,0.22499999403953552,0.22499999403953552,0.22499999403953552,0.0
2026-10-07 11:41:00,KTO.V,,0.7599999904632568,0.7699999809265137,0.7599999904632568,0.7699999809265137,8000.0
2026-10-07 11:41:00,LMN.V,,22.049999237060547,22.049999237060547,22.049999237060547,22.049999237060547,400.0
2026-10-07 11:41:00,PNG.V,,4.809999942779541,4.809999942779541,4.809999942779541,4.809999942779541,4195.0
2026-10-07 11:42:00,GOT.V,,1.3799999952316284,1.3799999952316284,1.3799999952316284,1.3799999952316284,100.0
2026-10-07 11:42:00,GRDM.V,,0.18000000715255737,0.18000000715255737,0.18000000715255737,0.18000000715255737,500.0
2026-10-07 11:42:00,KLD.V,,2.309999942779541,2.319999933242798,2.309999942779541,2.319999933242798,500.0
2026-10-07 11:43:00,GOT.V,,1.3799999952316284,1.3799999952316284,1.3799999952316284,1.3799999952316284,200.0
2026-10-07 11:43:00,GRSL.V,,0.2849999964237213,0.2849999964237213,0.2849999964237213,0.2849999964237213,500.0
2026-10-07 11:43:00,GSI.V,,1.6699999570846558,1.6699999570846558,1.6699999570846558,1.6699999570846558,200.0
2026-10-07 11:43:00,LMN.V,,22.079999923706055,22.079999923706055,22.079999923706055,22.079999923706055,300.0
2026-10-07 11:43:00,MJS.V,,0.0949999988079071,0.0949999988079071,0.0949999988079071,0.0949999988079071,5000.0
2026-10-07 11:43:00,MLP.V,,2.190000057220459,2.190000057220459,2.190000057220459,2.190000057220459,100.0
2026-10-07 11:44:00,FRED.V,,0.6499999761581421,0.6499999761581421,0.6499999761581421,0.6499999761581421,500.0
2026-10-07 11:44:00,GWM.V,,1.0199999809265137,1.0199999809265137,1.0199999809265137,1.0199999809265137,4000.0
2026-10-07 11:45:00,GLDN.V,,0.08500000089406967,0.08500000089406967,0.08500000089406967,0.08500000089406967,5400.0
2026-10-07 11:45:00,KFR.V,,1.0049999952316284,1.0049999952316284,1.0049999952316284,1.0049999952316284,700.0
2026-10-07 11:46:00,FDR.V,,8.399999618530273,8.420000076293945,8.399999618530273,8.420000076293945,600.0
2026-10-07 11:46:00,GWM.V,,1.0199999809265137,1.0199999809265137,1.0199999809265137,1.0199999809265137,5000.0
2026-10-07 11:46:00,LXE.V,,0.25,0.25,0.25,0.25,5000.0
2026-10-07 11:46:00,MLP.V,,2.190000057220459,2.190000057220459,2.180000066757202,2.180000066757202,1800.0
2026-10-07 11:47:00,GG.V,,2.9200000762939453,2.9200000762939453,2.9200000762939453,2.9200000762939453,600.0
2026-10-07 11:47:00,GQC.V,,0.7699999809265137,0.7699999809265137,0.7699999809265137,0.7699999809265137,0.0
2026-10-07 11:47:00,GWM.V,,1.0199999809265137,1.0199999809265137,1.0199999809265137,1.0199999809265137,6100.0
2026-10-07 11:47:00,JUGR.V,,0.4099999964237213,0.41499999165534973,0.4099999964237213,0.41499999165534973,4000.0
2026-10-07 11:47:00,LMN.V,,22.110000610351562,22.110000610351562,22.100000381469727,22.100000381469727,200.0
2026-10-07 11:47:00,MGM.V,,2.8399999141693115,2.8399999141693115,2.8399999141693115,2.8399999141693115,1690.0
2026-10-07 11:47:00,MMG.V,,0.1899999976158142,0.1899999976158142,0.1899999976158142,0.1899999976158142,83500.0
2026-10-07 11:48:00,FWZ.V,,2.7850000858306885,2.7899999618530273,2.7799999713897705,2.7899999618530273,500.0
2026-10-07 11:48:00,GSVR.V,,0.3774999976158142,0.3774999976158142,0.3774999976158142,0.3774999976158142,500.0
2026-10-07 11:48:00,ITR.V,,3.609999895095825,3.609999895095825,3.609999895095825,3.609999895095825,284.0
2026-10-07 11:48:00,JG.V,,0.11999999731779099,0.11999999731779099,0.11999999731779099,0.11999999731779099,1810.0
2026-10-07 11:48:00,LIFT.V,,2.009999990463257,2.009999990463257,2.009999990463257,2.009999990463257,100.0
2026-10-07 11:49:00,FRED.V,,0.6499999761581421,0.6499999761581421,0.6499999761581421,0.6499999761581421,8000.0
2026-10-07 11:49:00,GGO.V,,1.340000033378601,1.340000033378601,1.340000033378601,1.340000033378601,800.0
2026-10-07 11:49:00,ITR.V,,3.609999895095825,3.619999885559082,3.609999895095825,3.609999895095825,4500.0
2026-10-07 11:49:00,PNG.V,,4.800000190734863,4.800000190734863,4.800000190734863,4.800000190734863,750.0
2026-10-07 11:50:00,GOT.V,,1.3899999856948853,1.3899999856948853,1.3899999856948853,1.3899999856948853,2000.0
2026-10-07 11:50:00,ITR.V,,3.609999895095825,3.609999895095825,3.609999895095825,3.609999895095825,200.0
2026-10-07 11:50:00,KTO.V,,0.7699999809265137,0.7699999809265137,0.7699999809265137,0.7699999809265137,6500.0
2026-10-07 11:51:00,ITR.V,,3.609999895095825,3.609999895095825,3.609999895095825,3.609999895095825,200.0
2026-10-07 11:51:00,LUCA.V,,1.090000033378601,1.090000033378601,1.090000033378601,1.090000033378601,100.0
2026-10-07 11:51:00,PNG.V,,4.809999942779541,4.820000171661377,4.809999942779541,4.820000171661377,4750.0
2026-10-07 11:52:00,FWZ.V,,2.7799999713897705,2.7799999713897705,2.7799999713897705,2.7799999713897705,2800.0
2026-10-07 11:52:00,GWM.V,,1.0199999809265137,1.0199999809265137,1.0199999809265137,1.0199999809265137,5100.0
2026-10-07 11:52:00,LMN.V,,22.1299991607666,22.1299991607666,22.1299991607666,22.1299991607666,400.0
2026-10-07 11:53:00,FDR.V,,8.4399995803833,8.4399995803833,8.420000076293945,8.420000076293945,400.0
2026-10-07 11:53:00,GSI.V,,1.6699999570846558,1.6699999570846558,1.6699999570846558,1.6699999570846558,1000.0
2026-10-07 11:53:00,HITI.V,,3.930000066757202,3.930000066757202,3.930000066757202,3.930000066757202,100.0
2026-10-07 11:53:00,LIO.V,,0.16500000655651093,0.16500000655651093,0.16500000655651093,0.16500000655651093,500.0
2026-10-07 11:53:00,PNG.V,,4.809999942779541,4.809999942779541,4.809999942779541,4.809999942779541,500.0
2026-10-07 11:54:00,GSI.V,,1.6699999570846558,1.6699999570846558,1.6699999570846558,1.6699999570846558,100.0
2026-10-07 11:54:00,GSVR.V,,0.375,0.3774999976158142,0.375,0.3774999976158142,5000.0
2026-10-07 11:54:00,ITR.V,,3.5999999046325684,3.5999999046325684,3.5999999046325684,3.5999999046325684,325.0
2026-10-07 11:54:00,KFR.V,,1.0049999952316284,1.0099999904632568,1.0049999952316284,1.0049999952316284,1600.0
2026-10-07 11:54:00,KTO.V,,0.7699999809265137,0.7699999809265137,0.7699999809265137,0.7699999809265137,500.0
2026-10-07 11:54:00,MLP.V,,2.200000047683716,2.200000047683716,2.200000047683716,2.200000047683716,100.0
2026-10-07 11:54:00,PNG.V,,4.809999942779541,4.809999942779541,4.809999942779541,4.809999942779541,7340.0
2026-10-07 11:55:00,BIG.V,,1.149999976158142,1.149999976158142,1.149999976158142,1.149999976158142,4700.0
2026-10-07 11:55:00,FOR.V,,0.6399999856948853,0.6399999856948853,0.6399999856948853,0.6399999856948853,6000.0
2026-10-07 11:55:00,HITI.V,,3.930000066757202,3.930000066757202,3.930000066757202,3.930000066757202,200.0
2026-10-07 11:55:00,LIFT.V,,2.009999990463257,2.009999990463257,2.009999990463257,2.009999990463257,100.0
2026-10-07 11:55:00,LSTR.V,,0.07999999821186066,0.07999999821186066,0.07999999821186066,0.07999999821186066,1225.0
2026-10-07 11:55:00,MLP.V,,2.180000066757202,2.190000057220459,2.1700000762939453,2.190000057220459,5300.0
2026-10-07 11:56:00,ITR.V,,3.5999999046325684,3.5999999046325684,3.5999999046325684,3.5999999046325684,3930.0
2026-10-07 11:56:00,PNG.V,,4.800000190734863,4.809999942779541,4.800000190734863,4.809999942779541,11052.0
2026-10-07 11:57:00,GGO.V,,1.3300000429153442,1.3300000429153442,1.3300000429153442,1.3300000429153442,100.0
2026-10-07 11:57:00,GSI.V,,1.6699999570846558,1.6699999570846558,1.6699999570846558,1.6699999570846558,100.0
2026-10-07 11:57:00,GSVR.V,,0.375,0.375,0.3700000047683716,0.375,4525.0
2026-10-07 11:57:00,INEO.V,,0.10999999940395355,0.10999999940395355,0.10000000149011612,0.10000000149011612,28500.0
2026-10-07 11:57:00,KLD.V,,2.4000000953674316,2.4000000953674316,2.380000114440918,2.380000114440918,12250.0
2026-10-07 11:57:00,MLP.V,,2.174999952316284,2.174999952316284,2.1700000762939453,2.1700000762939453,700.0
2026-10-07 11:57:00,PNG.V,,4.809999942779541,4.809999942779541,4.809999942779541,4.809999942779541,1050.0
2026-10-07 11:58:00,GGO.V,,1.3300000429153442,1.3300000429153442,1.3300000429153442,1.3300000429153442,200.0
2026-10-07 11:58:00,GOT.V,,1.3799999952316284,1.3799999952316284,1.3799999952316284,1.3799999952316284,300.0
2026-10-07 11:58:00,HI.V,,0.15000000596046448,0.15000000596046448,0.15000000596046448,0.15000000596046448,1000.0
2026-10-07 11:58:00,HITI.V,,3.9200000762939453,3.9200000762939453,3.9200000762939453,3.9200000762939453,200.0
2026-10-07 11:59:00,GMG.V,,2.25,2.2699999809265137,2.25,2.2699999809265137,6200.0
2026-10-07 11:59:00,GOT.V,,1.375,1.3799999952316284,1.375,1.3799999952316284,10270.0
2026-10-07 11:59:00,HPQ.V,,0.13500000536441803,0.13500000536441803,0.13500000536441803,0.13500000536441803,6000.0
2026-10-07 11:59:00,PNG.V,,4.800000190734863,4.800000190734863,4.800000190734863,4.800000190734863,2000.0
2026-10-07 12:00:00,BIG.V,,1.159999966621399,1.159999966621399,1.159999966621399,1.159999966621399,1500.0
2026-10-07 12:00:00,GGO.V,,1.3300000429153442,1.3300000429153442,1.3300000429153442,1.3300000429153442,200.0
2026-10-07 12:00:00,GRG.V,,0.10000000149011612,0.10000000149011612,0.10000000149011612,0.10000000149011612,0.0
2026-10-07 12:00:00,LVX.V,,0.4000000059604645,0.4000000059604645,0.4000000059604645,0.4000000059604645,7000.0
2026-10-07 12:00:00,MLP.V,,2.180000066757202,2.180000066757202,2.180000066757202,2.180000066757202,100.0
2026-10-07 12:01:00,FDR.V,,8.420000076293945,8.420000076293945,8.420000076293945,8.420000076293945,2020.0
2026-10-07 12:01:00,GGO.V,,1.3300000429153442,1.3300000429153442,1.3300000429153442,1.3300000429153442,100.0
2026-10-07 12:01:00,GRG.V,,0.0949999988079071,0.10000000149011612,0.0949999988079071,0.10000000149011612,25400.0
2026-10-07 12:01:00,ITR.V,,3.5999999046325684,3.5999999046325684,3.5999999046325684,3.5999999046325684,1400.0
2026-10-07 12:01:00,MINE.V,,0.14499999582767487,0.14499999582767487,0.14499999582767487,0.14499999582767487,5000.0
2026-10-07 12:01:00,MTA.V,,12.470000267028809,12.470000267028809,12.470000267028809,12.470000267028809,200.0
2026-10-07 12:01:00,PNG.V,,4.789999961853027,4.809999942779541,4.789999961853027,4.809999942779541,12870.0
2026-10-07 12:02:00,EQTY.V,,0.0949999988079071,0.0949999988079071,0.0949999988079071,0.0949999988079071,2000.0
2026-10-07 12:02:00,FOBI.V,,0.029999999329447746,0.029999999329447746,0.029999999329447746,0.029999999329447746,5000.0
2026-10-07 12:02:00,FWZ.V,,2.7799999713897705,2.7799999713897705,2.7799999713897705,2.7799999713897705,700.0
2026-10-07 12:02:00,GSI.V,,1.659999966621399,1.659999966621399,1.659999966621399,1.659999966621399,3749.0
2026-10-07 12:02:00,GWM.V,,1.0199999809265137,1.0199999809265137,1.0199999809265137,1.0199999809265137,10000.0
2026-10-07 12:02:00,IPT.V,,0.25,0.25,0.25,0.25,13500.0
2026-10-07 12:02:00,ITR.V,,3.5899999141693115,3.5899999141693115,3.5899999141693115,3.5899999141693115,8400.0
2026-10-07 12:02:00,PNG.V,,4.769999980926514,4.789999961853027,4.769999980926514,4.789999961853027,5125.0
2026-10-07 12:02:00,ZNG.V,,0.699999988079071,0.699999988079071,0.699999988079071,0.699999988079071,2000.0
2026-10-07 12:03:00,GFG.V,,0.17499999701976776,0.17499999701976776,0.17499999701976776,0.17499999701976776,1000.0
2026-10-07 12:03:00,GSVR.V,,0.375,0.375,0.375,0.375,1000.0
2026-10-07 12:03:00,IMI.V,,0.06499999761581421,0.06499999761581421,0.06499999761581421,0.06499999761581421,6000.0
2026-10-07 12:03:00,LIFT.V,,2.009999990463257,2.009999990463257,2.009999990463257,2.009999990463257,100.0
2026-10-07 12:03:00,MRVL.V,,0.10999999940395355,0.10999999940395355,0.10999999940395355,0.10999999940395355,5000.0
2026-10-07 12:03:00,PNG.V,,4.769999980926514,4.769999980926514,4.769999980926514,4.769999980926514,200.0
2026-10-07 12:04:00,FAIR.V,,0.04500000178813934,0.04500000178813934,0.04500000178813934,0.04500000178813934,97000.0
2026-10-07 12:04:00,ITR.V,,3.5999999046325684,3.5999999046325684,3.5999999046325684,3.5999999046325684,100.0
2026-10-07 12:04:00,PNG.V,,4.789999961853027,4.789999961853027,4.78000020980835,4.78000020980835,7700.0
2026-10-07 12:05:00,FDR.V,,8.40999984741211,8.40999984741211,8.40999984741211,8.40999984741211,100.0
2026-10-07 12:05:00,GGO.V,,1.340000033378601,1.340000033378601,1.340000033378601,1.340000033378601,200.0
2026-10-07 12:05:00,LSL.V,,0.2800000011920929,0.2800000011920929,0.2750000059604645,0.2750000059604645,27000.0
2026-10-07 12:05:00,PNG.V,,4.789999961853027,4.800000190734863,4.789999961853027,4.800000190734863,9200.0
2026-10-07 12:06:00,FDR.V,,8.425000190734863,8.425000190734863,8.425000190734863,8.425000190734863,100.0
2026-10-07 12:06:00,FWZ.V,,2.7899999618530273,2.7899999618530273,2.7899999618530273,2.7899999618530273,1200.0
2026-10-07 12:06:00,GSI.V,,1.6699999570846558,1.6699999570846558,1.6699999570846558,1.6699999570846558,100.0
2026-10-07 12:06:00,ITR.V,,3.5899999141693115,3.5899999141693115,3.5899999141693115,3.5899999141693115,900.0
2026-10-07 12:06:00,LME.V,,0.14000000059604645,0.14000000059604645,0.14000000059604645,0.14000000059604645,500.0
2026-10-07 12:07:00,GSI.V,,1.6699999570846558,1.6699999570846558,1.6699999570846558,1.6699999570846558,2300.0
2026-10-07 12:07:00,HITI.V,,3.9200000762939453,3.9200000762939453,3.9200000762939453,3.9200000762939453,3000.0
2026-10-07 12:07:00,PNG.V,,4.78000020980835,4.78000020980835,4.78000020980835,4.78000020980835,100.0
2026-10-07 12:08:00,FRED.V,,0.6600000262260437,0.6600000262260437,0.6600000262260437,0.6600000262260437,500.0
2026-10-07 12:08:00,HEVI.V,,0.18000000715255737,0.18000000715255737,0.18000000715255737,0.18000000715255737,17500.0
2026-10-07 12:08:00,LMN.V,,22.1299991607666,22.1299991607666,22.1299991607666,22.1299991607666,200.0
2026-10-07 12:08:00,MLP.V,,2.1700000762939453,2.1700000762939453,2.1700000762939453,2.1700000762939453,700.0
2026-10-07 12:08:00,PNG.V,,4.78000020980835,4.78000020980835,4.769999980926514,4.78000020980835,3944.0
2026-10-07 12:09:00,CELL.V,,0.014999999664723873,0.014999999664723873,0.014999999664723873,0.014999999664723873,2000.0
2026-10-07 12:09:00,GOT.V,,1.3799999952316284,1.3799999952316284,1.3799999952316284,1.3799999952316284,3200.0
2026-10-07 12:09:00,GWM.V,,1.0199999809265137,1.0199999809265137,1.0199999809265137,1.0199999809265137,13100.0
2026-10-07 12:09:00,LTH.V,,0.5,0.5,0.5,0.5,14000.0
2026-10-07 12:09:00,MGM.V,,2.8399999141693115,2.8399999141693115,2.8399999141693115,2.8399999141693115,1824.0
2026-10-07 12:09:00,MLP.V,,2.1600000858306885,2.1600000858306885,2.1600000858306885,2.1600000858306885,700.0
2026-10-07 12:10:00,GOT.V,,1.3700000047683716,1.3700000047683716,1.3700000047683716,1.3700000047683716,100.0
2026-10-07 12:10:00,LMN.V,,22.139999389648438,22.139999389648438,22.139999389648438,22.139999389648438,100.0
2026-10-07 12:10:00,MGM.V,,2.8399999141693115,2.8399999141693115,2.8399999141693115,2.8399999141693115,200.0
2026-10-07 12:10:00,MN.V,,0.09000000357627869,0.09000000357627869,0.09000000357627869,0.09000000357627869,7000.0
2026-10-07 12:10:00,PNG.V,,4.78000020980835,4.78000020980835,4.775000095367432,4.775000095367432,2014.0
2026-10-07 12:11:00,BIG.V,,1.159999966621399,1.159999966621399,1.159999966621399,1.159999966621399,700.0
2026-10-07 12:11:00,FDR.V,,8.399999618530273,8.425000190734863,8.399999618530273,8.425000190734863,2200.0
2026-10-07 12:11:00,GWM.V,,1.0199999809265137,1.0199999809265137,1.0199999809265137,1.0199999809265137,5100.0
2026-10-07 12:11:00,LIFT.V,,2.0199999809265137,2.0199999809265137,2.0199999809265137,2.0199999809265137,100.0
2026-10-07 12:11:00,MINE.V,,0.14499999582767487,0.14499999582767487,0.14499999582767487,0.14499999582767487,10000.0
2026-10-07 12:11:00,MLP.V,,2.1700000762939453,2.1700000762939453,2.1700000762939453,2.1700000762939453,100.0
2026-10-07 12:11:00,PNG.V,,4.789999961853027,4.789999961853027,4.78000020980835,4.789999961853027,2100.0
2026-10-07 12:12:00,FDR.V,,8.399999618530273,8.399999618530273,8.399999618530273,8.399999618530273,200.0
2026-10-07 12:12:00,FOBI.V,,0.029999999329447746,0.029999999329447746,0.029999999329447746,0.029999999329447746,4900.0
2026-10-07 12:12:00,GG.V,,2.9200000762939453,2.9200000762939453,2.9200000762939453,2.9200000762939453,100.0
2026-10-07 12:12:00,LTH.V,,0.5,0.5,0.5,0.5,500.0
2026-10-07 12:12:00,ZNG.V,,0.699999988079071,0.699999988079071,0.699999988079071,0.699999988079071,500.0
2026-10-07 12:13:00,FDR.V,,8.399999618530273,8.399999618530273,8.399999618530273,8.399999618530273,400.0
2026-10-07 12:13:00,FOBI.V,,0.029999999329447746,0.029999999329447746,0.029999999329447746,0.029999999329447746,20833.0
2026-10-07 12:13:00,LTH.V,,0.5,0.5,0.5,0.5,500.0
2026-10-07 12:13:00,PNG.V,,4.789999961853027,4.789999961853027,4.789999961853027,4.789999961853027,100.0
2026-10-07 12:14:00,EVGN.V,,0.550000011920929,0.550000011920929,0.550000011920929,0.550000011920929,0.0
2026-10-07 12:14:00,GOT.V,,1.3700000047683716,1.3700000047683716,1.3700000047683716,1.3700000047683716,100.0
2026-10-07 12:14:00,GSVR.V,,0.375,0.375,0.375,0.375,3000.0
2026-10-07 12:14:00,KRI.V,,0.20499999821186066,0.20499999821186066,0.20499999821186066,0.20499999821186066,500.0
2026-10-07 12:14:00,MLP.V,,2.1700000762939453,2.1700000762939453,2.1700000762939453,2.1700000762939453,2000.0
2026-10-07 12:15:00,GGO.V,,1.3300000429153442,1.3300000429153442,1.3300000429153442,1.3300000429153442,630.0
2026-10-07 12:15:00,GSI.V,,1.6699999570846558,1.6699999570846558,1.6699999570846558,1.6699999570846558,1700.0
2026-10-07 12:15:00,GSVR.V,,0.375,0.375,0.375,0.375,500.0
2026-10-07 12:15:00,ITR.V,,3.5999999046325684,3.5999999046325684,3.5999999046325684,3.5999999046325684,100.0
2026-10-07 12:15:00,KLD.V,,2.4000000953674316,2.4000000953674316,2.390000104904175,2.390000104904175,600.0
2026-10-07 12:15:00,KNG.V,,1.0099999904632568,1.0099999904632568,1.0099999904632568,1.0099999904632568,2100.0
2026-10-07 12:15:00,PNG.V,,4.800000190734863,4.800000190734863,4.800000190734863,4.800000190734863,8100.0
2026-10-07 12:16:00,FDR.V,,8.430000305175781,8.430000305175781,8.430000305175781,8.430000305175781,100.0
2026-10-07 12:16:00,FOBI.V,,0.029999999329447746,0.029999999329447746,0.029999999329447746,0.029999999329447746,45000.0
2026-10-07 12:16:00,HCH.V,,1.4800000190734863,1.4800000190734863,1.4800000190734863,1.4800000190734863,2560.0
2026-10-07 12:16:00,ITR.V,,3.5899999141693115,3.5999999046325684,3.5899999141693115,3.5999999046325684,8850.0
2026-10-07 12:16:00,KNG.V,,0.9900000095367432,1.0,0.9900000095367432,1.0,29000.0
2026-10-07 12:16:00,LIO.V,,0.16500000655651093,0.16500000655651093,0.16500000655651093,0.16500000655651093,500.0
2026-10-07 12:16:00,LXE.V,,0.25,0.25,0.25,0.25,2500.0
2026-10-07 12:16:00,MTA.V,,12.399999618530273,12.399999618530273,12.399999618530273,12.399999618530273,100.0
2026-10-07 12:16:00,NURS.V,,3.4800000190734863,3.4800000190734863,3.4800000190734863,3.4800000190734863,400.0
2026-10-07 12:16:00,PNG.V,,4.820000171661377,4.820000171661377,4.795000076293945,4.800000190734863,7200.0
2026-10-07 12:17:00,EQTY.V,,0.0949999988079071,0.0949999988079071,0.0949999988079071,0.0949999988079071,105950.0
2026-10-07 12:17:00,FOBI.V,,0.029999999329447746,0.029999999329447746,0.029999999329447746,0.029999999329447746,9000.0
2026-10-07 12:17:00,GGO.V,,1.3300000429153442,1.3300000429153442,1.3300000429153442,1.3300000429153442,100.0
2026-10-07 12:17:00,GSVR.V,,0.375,0.375,0.375,0.375,500.0
2026-10-07 12:17:00,KLD.V,,2.4000000953674316,2.4000000953674316,2.4000000953674316,2.4000000953674316,200.0
2026-10-07 12:17:00,KTN.V,,1.100000023841858,1.100000023841858,1.100000023841858,1.100000023841858,4385.0
2026-10-07 12:17:00,KTO.V,,0.7599999904632568,0.7599999904632568,0.7599999904632568,0.7599999904632568,500.0
2026-10-07 12:17:00,LMN.V,,22.06999969482422,22.06999969482422,22.06999969482422,22.06999969482422,100.0
2026-10-07 12:17:00,LTH.V,,0.5,0.5,0.5,0.5,500.0
2026-10-07 12:18:00,EQTY.V,,0.0949999988079071,0.0949999988079071,0.0949999988079071,0.0949999988079071,30000.0
2026-10-07 12:18:00,FDR.V,,8.414999961853027,8.414999961853027,8.414999961853027,8.414999961853027,100.0
2026-10-07 12:18:00,FOR.V,,0.6399999856948853,0.6399999856948853,0.6399999856948853,0.6399999856948853,4000.0
2026-10-07 12:18:00,GOT.V,,1.3700000047683716,1.3700000047683716,1.3700000047683716,1.3700000047683716,200.0
2026-10-07 12:18:00,HME.V,,2.240000009536743,2.240000009536743,2.240000009536743,2.240000009536743,100.0
2026-10-07 12:18:00,JEV.V,,0.25,0.25,0.25,0.25,6500.0
2026-10-07 12:18:00,KTN.V,,1.100000023841858,1.100000023841858,1.100000023841858,1.100000023841858,100.0
2026-10-07 12:18:00,LWR.V,,0.05000000074505806,0.05000000074505806,0.05000000074505806,0.05000000074505806,10000.0
2026-10-07 12:18:00,MLP.V,,2.1700000762939453,2.180000066757202,2.1700000762939453,2.180000066757202,1561.0
2026-10-07 12:18:00,PNG.V,,4.820000171661377,4.820000171661377,4.820000171661377,4.820000171661377,100.0
2026-10-07 12:19:00,EQTY.V,,0.0949999988079071,0.0949999988079071,0.0949999988079071,0.0949999988079071,3000.0
2026-10-07 12:19:00,FWZ.V,,2.7799999713897705,2.7799999713897705,2.7799999713897705,2.7799999713897705,100.0
2026-10-07 12:19:00,IPT.V,,0.25,0.25,0.25,0.25,11500.0
2026-10-07 12:19:00,ITR.V,,3.5999999046325684,3.5999999046325684,3.5999999046325684,3.5999999046325684,200.0
2026-10-07 12:19:00,KLD.V,,2.4000000953674316,2.4000000953674316,2.4000000953674316,2.4000000953674316,4650.0
2026-10-07 12:19:00,LMN.V,,22.149999618530273,22.149999618530273,22.139999389648438,22.139999389648438,800.0
2026-10-07 12:19:00,MTA.V,,12.40999984741211,12.40999984741211,12.40999984741211,12.40999984741211,500.0
2026-10-07 12:19:00,NURS.V,,3.450000047683716,3.450000047683716,3.450000047683716,3.450000047683716,100.0
2026-10-07 12:19:00,PNG.V,,4.809999942779541,4.809999942779541,4.809999942779541,4.809999942779541,1200.0
2026-10-07 12:20:00,BIG.V,,1.1699999570846558,1.1749999523162842,1.159999966621399,1.159999966621399,15500.0
2026-10-07 12:20:00,FDR.V,,8.420000076293945,8.420000076293945,8.420000076293945,8.420000076293945,100.0
2026-10-07 12:20:00,FWZ.V,,2.7899999618530273,2.7899999618530273,2.7899999618530273,2.7899999618530273,300.0
2026-10-07 12:20:00,GSVR.V,,0.375,0.375,0.375,0.375,500.0
2026-10-07 12:20:00,LIFT.V,,2.0199999809265137,2.0199999809265137,2.0199999809265137,2.0199999809265137,100.0
2026-10-07 12:20:00,PNG.V,,4.809999942779541,4.820000171661377,4.800000190734863,4.820000171661377,8400.0
2026-10-07 12:20:00,YGT.V,,0.1850000023841858,0.1850000023841858,0.1850000023841858,0.1850000023841858,28000.0
2026-10-07 12:21:00,BIG.V,,1.1699999570846558,1.1699999570846558,1.1699999570846558,1.1699999570846558,1900.0
2026-10-07 12:21:00,EQTY.V,,0.10000000149011612,0.10000000149011612,0.0949999988079071,0.0949999988079071,93500.0
2026-10-07 12:21:00,GSVR.V,,0.375,0.375,0.375,0.375,500.0
2026-10-07 12:21:00,HME.V,,2.240000009536743,2.240000009536743,2.240000009536743,2.240000009536743,100.0
2026-10-07 12:21:00,ITR.V,,3.5999999046325684,3.5999999046325684,3.5999999046325684,3.5999999046325684,300.0
2026-10-07 12:21:00,KFR.V,,1.0,1.0,1.0,1.0,200.0
2026-10-07 12:21:00,KRI.V,,0.2150000035762787,0.2150000035762787,0.2150000035762787,0.2150000035762787,500.0
2026-10-07 12:21:00,KTO.V,,0.7599999904632568,0.7599999904632568,0.7599999904632568,0.7599999904632568,500.0
2026-10-07 12:21:00,LCX.V,,1.75,1.75,1.75,1.75,3100.0
2026-10-07 12:21:00,LG.V,,0.38499999046325684,0.38499999046325684,0.38499999046325684,0.38499999046325684,20500.0
2026-10-07 12:21:00,LXE.V,,0.25,0.25,0.25,0.25,1760.0
2026-10-07 12:21:00,MTA.V,,12.40999984741211,12.40999984741211,12.40999984741211,12.40999984741211,361.0
2026-10-07 12:21:00,PNG.V,,4.809999942779541,4.809999942779541,4.809999942779541,4.809999942779541,2293.0
2026-10-07 12:22:00,BIG.V,,1.1749999523162842,1.1749999523162842,1.1699999570846558,1.1699999570846558,2200.0
2026-10-07 12:22:00,EVER.V,,0.23999999463558197,0.23999999463558197,0.23999999463558197,0.23999999463558197,2000.0
2026-10-07 12:22:00,GSTM.V,,0.1550000011920929,0.1550000011920929,0.1550000011920929,0.1550000011920929,30500.0
2026-10-07 12:22:00,GSVR.V,,0.375,0.375,0.375,0.375,500.0
2026-10-07 12:22:00,HITI.V,,3.9200000762939453,3.9200000762939453,3.9200000762939453,3.9200000762939453,100.0
2026-10-07 12:22:00,LSL.V,,0.29499998688697815,0.29499998688697815,0.29499998688697815,0.29499998688697815,9500.0
2026-10-07 12:23:00,BIG.V,,1.1699999570846558,1.1699999570846558,1.1699999570846558,1.1699999570846558,200.0
2026-10-07 12:23:00,FDR.V,,8.430000305175781,8.430000305175781,8.430000305175781,8.430000305175781,258.0
2026-10-07 12:23:00,GRDM.V,,0.18000000715255737,0.18000000715255737,0.18000000715255737,0.18000000715255737,5500.0
2026-10-07 12:23:00,ITR.V,,3.609999895095825,3.609999895095825,3.5999999046325684,3.5999999046325684,1700.0
2026-10-07 12:23:00,KFR.V,,1.0099999904632568,1.0099999904632568,1.0099999904632568,1.0099999904632568,3200.0
2026-10-07 12:23:00,MLP.V,,2.190000057220459,2.190000057220459,2.190000057220459,2.190000057220459,100.0
2026-10-07 12:24:00,BIG.V,,1.1699999570846558,1.1699999570846558,1.1699999570846558,1.1699999570846558,300.0
2026-10-07 12:24:00,GOT.V,,1.3799999952316284,1.3799999952316284,1.3799999952316284,1.3799999952316284,8700.0
2026-10-07 12:24:00,GSVR.V,,0.375,0.375,0.375,0.375,500.0
2026-10-07 12:24:00,INTR.V,,0.8399999737739563,0.8399999737739563,0.8399999737739563,0.8399999737739563,1000.0
2026-10-07 12:24:00,ITR.V,,3.609999895095825,3.609999895095825,3.609999895095825,3.609999895095825,100.0
2026-10-07 12:24:00,LCX.V,,1.75,1.75,1.75,1.75,100.0
2026-10-07 12:24:00,LXE.V,,0.25,0.25,0.25,0.25,8500.0
2026-10-07 12:24:00,MLP.V,,2.190000057220459,2.190000057220459,2.190000057220459,2.190000057220459,100.0
2026-10-07 12:25:00,BIG.V,,1.1699999570846558,1.1699999570846558,1.1699999570846558,1.1699999570846558,1600.0
2026-10-07 12:25:00,FDR.V,,8.420000076293945,8.420000076293945,8.420000076293945,8.420000076293945,100.0
2026-10-07 12:25:00,HAM.V,,5.849999904632568,5.849999904632568,5.849999904632568,5.849999904632568,100.0
2026-10-07 12:26:00,BIG.V,,1.1699999570846558,1.1699999570846558,1.1699999570846558,1.1699999570846558,1300.0
2026-10-07 12:26:00,FWZ.V,,2.799999952316284,2.799999952316284,2.7799999713897705,2.7799999713897705,3000.0
2026-10-07 12:26:00,HITI.V,,3.9200000762939453,3.9200000762939453,3.9200000762939453,3.9200000762939453,100.0
2026-10-07 12:26:00,HMR.V,,0.42500001192092896,0.42500001192092896,0.42500001192092896,0.42500001192092896,500.0
2026-10-07 12:26:00,KTO.V,,0.7599999904632568,0.7599999904632568,0.7599999904632568,0.7599999904632568,500.0
2026-10-07 12:26:00,LMN.V,,22.260000228881836,22.260000228881836,22.260000228881836,22.260000228881836,400.0
2026-10-07 12:26:00,LTH.V,,0.5,0.5,0.5,0.5,500.0
2026-10-07 12:26:00,MTS.V,,0.15000000596046448,0.15000000596046448,0.15000000596046448,0.15000000596046448,500.0
2026-10-07 12:26:00,NURS.V,,3.450000047683716,3.450000047683716,3.450000047683716,3.450000047683716,100.0
2026-10-07 12:26:00,PNG.V,,4.809999942779541,4.809999942779541,4.809999942779541,4.809999942779541,100.0
2026-10-07 12:27:00,BIG.V,,1.1699999570846558,1.1749999523162842,1.1699999570846558,1.1699999570846558,2200.0
2026-10-07 12:27:00,EQTY.V,,0.10000000149011612,0.10000000149011612,0.10000000149011612,0.10000000149011612,4900.0
2026-10-07 12:27:00,FDR.V,,8.414999961853027,8.414999961853027,8.414999961853027,8.414999961853027,130.0
2026-10-07 12:27:00,GOT.V,,1.3799999952316284,1.3799999952316284,1.3799999952316284,1.3799999952316284,2900.0
2026-10-07 12:27:00,GWM.V,,1.0199999809265137,1.0199999809265137,1.0199999809265137,1.0199999809265137,5000.0
2026-10-07 12:27:00,MGM.V,,2.8299999237060547,2.8399999141693115,2.8299999237060547,2.8399999141693115,1400.0
2026-10-07 12:27:00,MLP.V,,2.190000057220459,2.190000057220459,2.190000057220459,2.190000057220459,100.0
2026-10-07 12:27:00,MQM.V,,0.11999999731779099,0.11999999731779099,0.11999999731779099,0.11999999731779099,500.0
2026-10-07 12:27:00,MTA.V,,12.40999984741211,12.40999984741211,12.40999984741211,12.40999984741211,100.0
2026-10-07 12:27:00,PNG.V,,4.809999942779541,4.809999942779541,4.809999942779541,4.809999942779541,200.0
2026-10-07 12:28:00,BIG.V,,1.1699999570846558,1.1699999570846558,1.1699999570846558,1.1699999570846558,800.0
2026-10-07 12:28:00,FOBI.V,,0.029999999329447746,0.029999999329447746,0.029999999329447746,0.029999999329447746,4000.0
2026-10-07 12:28:00,GOT.V,,1.3799999952316284,1.3799999952316284,1.3799999952316284,1.3799999952316284,424.0
2026-10-07 12:28:00,GQC.V,,0.7599999904632568,0.7599999904632568,0.7599999904632568,0.7599999904632568,2000.0
2026-10-07 12:28:00,GR.V,,0.06499999761581421,0.06499999761581421,0.06499999761581421,0.06499999761581421,0.0
2026-10-07 12:28:00,GSI.V,,1.6699999570846558,1.6699999570846558,1.6699999570846558,1.6699999570846558,2600.0
2026-10-07 12:28:00,PNG.V,,4.809999942779541,4.809999942779541,4.809999942779541,4.809999942779541,100.0
2026-10-07 12:28:00,YGT.V,,0.1850000023841858,0.1850000023841858,0.1850000023841858,0.1850000023841858,5000.0
2026-10-07 12:29:00,BIG.V,,1.1699999570846558,1.1699999570846558,1.1699999570846558,1.1699999570846558,600.0
2026-10-07 12:29:00,GOT.V,,1.3799999952316284,1.3799999952316284,1.3799999952316284,1.3799999952316284,400.0
2026-10-07 12:29:00,GQC.V,,0.7599999904632568,0.7599999904632568,0.7599999904632568,0.7599999904632568,1500.0
2026-10-07 12:29:00,GSVR.V,,0.375,0.375,0.375,0.375,43000.0
2026-10-07 12:29:00,LIFT.V,,2.0199999809265137,2.0199999809265137,2.0199999809265137,2.0199999809265137,100.0
2026-10-07 12:29:00,LMN.V,,22.299999237060547,22.299999237060547,22.299999237060547,22.299999237060547,200.0
2026-10-07 12:29:00,LTH.V,,0.5,0.5,0.5,0.5,500.0
2026-10-07 12:29:00,MGM.V,,2.8299999237060547,2.8299999237060547,2.819999933242798,2.819999933242798,2400.0
2026-10-07 12:29:00,PNG.V,,4.820000171661377,4.820000171661377,4.820000171661377,4.820000171661377,200.0
2026-10-07 12:30:00,BIG.V,,1.1699999570846558,1.1699999570846558,1.1699999570846558,1.1699999570846558,1900.0
2026-10-07 12:30:00,FL.V,,0.41999998688697815,0.41999998688697815,0.41999998688697815,0.41999998688697815,5500.0
2026-10-07 12:30:00,GOT.V,,1.3799999952316284,1.3799999952316284,1.3700000047683716,1.3799999952316284,19100.0
2026-10-07 12:30:00,GSVR.V,,0.375,0.375,0.375,0.375,2500.0
2026-10-07 12:30:00,JUGR.V,,0.41499999165534973,0.41499999165534973,0.41499999165534973,0.41499999165534973,3000.0
2026-10-07 12:30:00,KTO.V,,0.7599999904632568,0.7599999904632568,0.7599999904632568,0.7599999904632568,500.0
2026-10-07 12:30:00,LG.V,,0.38499999046325684,0.38499999046325684,0.38499999046325684,0.38499999046325684,7000.0
2026-10-07 12:30:00,LTH.V,,0.5,0.5,0.5,0.5,500.0
2026-10-07 12:30:00,LVG.V,,0.3400000035762787,0.3400000035762787,0.3400000035762787,0.3400000035762787,500.0
2026-10-07 12:30:00,MLP.V,,2.190000057220459,2.190000057220459,2.190000057220459,2.190000057220459,100.0
2026-10-07 12:30:00,PNG.V,,4.820000171661377,4.820000171661377,4.809999942779541,4.809999942779541,300.0
2026-10-07 12:31:00,FDR.V,,8.420000076293945,8.420000076293945,8.420000076293945,8.420000076293945,100.0
2026-10-07 12:31:00,GOT.V,,1.3799999952316284,1.3799999952316284,1.3799999952316284,1.3799999952316284,200.0
2026-10-07 12:31:00,HEVI.V,,0.1850000023841858,0.1850000023841858,0.1850000023841858,0.1850000023841858,4000.0
2026-10-07 12:31:00,JUGR.V,,0.4099999964237213,0.4099999964237213,0.4099999964237213,0.4099999964237213,1500.0
2026-10-07 12:31:00,MLP.V,,2.190000057220459,2.190000057220459,2.190000057220459,2.190000057220459,100.0
2026-10-07 12:31:00,PNG.V,,4.809999942779541,4.809999942779541,4.809999942779541,4.809999942779541,100.0
2026-10-07 12:32:00,FDR.V,,8.430000305175781,8.430000305175781,8.430000305175781,8.430000305175781,100.0
2026-10-07 12:32:00,FFOX.V,,0.5899999737739563,0.5899999737739563,0.5899999737739563,0.5899999737739563,500.0
2026-10-07 12:32:00,GOT.V,,1.3799999952316284,1.3799999952316284,1.3799999952316284,1.3799999952316284,300.0
2026-10-07 12:32:00,GSVR.V,,0.3799999952316284,0.3799999952316284,0.3799999952316284,0.3799999952316284,1443.0
2026-10-07 12:32:00,HITI.V,,3.930000066757202,3.930000066757202,3.930000066757202,3.930000066757202,308.0
2026-10-07 12:32:00,ITR.V,,3.609999895095825,3.619999885559082,3.609999895095825,3.619999885559082,2400.0
2026-10-07 12:32:00,MERG.V,,0.4124999940395355,0.4124999940395355,0.4124999940395355,0.4124999940395355,500.0
2026-10-07 12:33:00,FDR.V,,8.4350004196167,8.4350004196167,8.430000305175781,8.430000305175781,1500.0
2026-10-07 12:33:00,FG.V,,0.029999999329447746,0.029999999329447746,0.029999999329447746,0.029999999329447746,10000.0
2026-10-07 12:33:00,GOT.V,,1.3799999952316284,1.3799999952316284,1.3799999952316284,1.3799999952316284,200.0
2026-10-07 12:33:00,GRDM.V,,0.18000000715255737,0.18000000715255737,0.18000000715255737,0.18000000715255737,27000.0
2026-10-07 12:33:00,HITI.V,,3.9200000762939453,3.9200000762939453,3.9200000762939453,3.9200000762939453,100.0
2026-10-07 12:33:00,IPT.V,,0.25,0.25,0.25,0.25,4000.0
2026-10-07 12:33:00,KFR.V,,1.0,1.0099999904632568,1.0,1.0099999904632568,20000.0
2026-10-07 12:33:00,LMN.V,,22.3700008392334,22.3700008392334,22.299999237060547,22.299999237060547,3000.0
2026-10-07 12:33:00,MTA.V,,12.40999984741211,12.40999984741211,12.40999984741211,12.40999984741211,100.0
2026-10-07 12:33:00,PNG.V,,4.820000171661377,4.820000171661377,4.820000171661377,4.820000171661377,200.0
2026-10-07 12:34:00,BIG.V,,1.159999966621399,1.1649999618530273,1.159999966621399,1.1649999618530273,3300.0
2026-10-07 12:34:00,FDR.V,,8.449999809265137,8.470000267028809,8.4399995803833,8.449999809265137,3100.0
2026-10-07 12:34:00,FL.V,,0.41999998688697815,0.41999998688697815,0.41999998688697815,0.41999998688697815,500.0
2026-10-07 12:34:00,GOT.V,,1.3799999952316284,1.3799999952316284,1.3799999952316284,1.3799999952316284,200.0
2026-10-07 12:34:00,GSI.V,,1.6799999475479126,1.6799999475479126,1.6799999475479126,1.6799999475479126,100.0
2026-10-07 12:34:00,HPQ.V,,0.13500000536441803,0.13500000536441803,0.13500000536441803,0.13500000536441803,9500.0
2026-10-07 12:34:00,KFR.V,,1.0049999952316284,1.0049999952316284,1.0049999952316284,1.0049999952316284,700.0
2026-10-07 12:34:00,KTO.V,,0.7599999904632568,0.7599999904632568,0.7599999904632568,0.7599999904632568,500.0
2026-10-07 12:34:00,LCX.V,,1.75,1.75,1.75,1.75,300.0
2026-10-07 12:35:00,BIG.V,,1.149999976158142,1.1549999713897705,1.149999976158142,1.1549999713897705,2000.0
2026-10-07 12:35:00,FDR.V,,8.449999809265137,8.449999809265137,8.449999809265137,8.449999809265137,4500.0
2026-10-07 12:35:00,GOT.V,,1.3700000047683716,1.3700000047683716,1.3700000047683716,1.3700000047683716,800.0
2026-10-07 12:35:00,ITR.V,,3.609999895095825,3.609999895095825,3.609999895095825,3.609999895095825,500.0
2026-10-07 12:35:00,LVG.V,,0.3400000035762787,0.3400000035762787,0.3400000035762787,0.3400000035762787,500.0
2026-10-07 12:35:00,MLP.V,,2.190000057220459,2.190000057220459,2.190000057220459,2.190000057220459,100.0
2026-10-07 12:35:00,PNG.V,,4.820000171661377,4.820000171661377,4.820000171661377,4.820000171661377,100.0
2026-10-07 12:36:00,FDR.V,,8.449999809265137,8.470000267028809,8.4399995803833,8.449999809265137,7500.0
2026-10-07 12:36:00,PNG.V,,4.820000171661377,4.820000171661377,4.809999942779541,4.809999942779541,4326.0
2026-10-07 12:37:00,FDR.V,,8.449999809265137,8.449999809265137,8.449999809265137,8.449999809265137,100.0
2026-10-07 12:37:00,GOT.V,,1.375,1.375,1.375,1.375,300.0
2026-10-07 12:37:00,GWM.V,,1.0199999809265137,1.0199999809265137,1.0199999809265137,1.0199999809265137,10800.0
2026-10-07 12:37:00,HME.V,,2.240000009536743,2.240000009536743,2.240000009536743,2.240000009536743,100.0
2026-10-07 12:37:00,LTH.V,,0.5,0.5,0.5,0.5,500.0
2026-10-07 12:37:00,PNG.V,,4.820000171661377,4.829999923706055,4.809999942779541,4.829999923706055,6620.0
2026-10-07 12:38:00,FDR.V,,8.449999809265137,8.449999809265137,8.449999809265137,8.449999809265137,300.0
2026-10-07 12:38:00,GOT.V,,1.3799999952316284,1.3799999952316284,1.375,1.375,200.0
2026-10-07 12:38:00,GSVR.V,,0.375,0.3774999976158142,0.375,0.3774999976158142,12000.0
2026-10-07 12:38:00,KTO.V,,0.7599999904632568,0.7599999904632568,0.7599999904632568,0.7599999904632568,500.0
2026-10-07 12:38:00,LCX.V,,1.75,1.75,1.75,1.75,100.0
2026-10-07 12:38:00,LIFT.V,,2.0199999809265137,2.0199999809265137,2.0199999809265137,2.0199999809265137,100.0
2026-10-07 12:38:00,PNG.V,,4.820000171661377,4.829999923706055,4.820000171661377,4.820000171661377,4032.0
2026-10-07 12:39:00,FDR.V,,8.449999809265137,8.449999809265137,8.449999809265137,8.449999809265137,500.0
2026-10-07 12:39:00,FOBI.V,,0.029999999329447746,0.029999999329447746,0.029999999329447746,0.029999999329447746,20911.0
2026-10-07 12:39:00,FRED.V,,0.6600000262260437,0.6600000262260437,0.6600000262260437,0.6600000262260437,1075.0
2026-10-07 12:39:00,GGO.V,,1.340000033378601,1.340000033378601,1.340000033378601,1.340000033378601,800.0
2026-10-07 12:39:00,GOT.V,,1.3700000047683716,1.375,1.3700000047683716,1.375,1100.0
2026-10-07 12:39:00,KTN.V,,1.100000023841858,1.100000023841858,1.100000023841858,1.100000023841858,100.0
2026-10-07 12:39:00,LMG.V,,0.375,0.375,0.375,0.375,0.0
2026-10-07 12:39:00,LMN.V,,22.360000610351562,22.360000610351562,22.360000610351562,22.360000610351562,100.0
2026-10-07 12:39:00,LSTR.V,,0.07999999821186066,0.07999999821186066,0.07999999821186066,0.07999999821186066,4000.0
2026-10-07 12:39:00,MLP.V,,2.190000057220459,2.190000057220459,2.190000057220459,2.190000057220459,100.0
2026-10-07 12:40:00,EQTY.V,,0.10000000149011612,0.10000000149011612,0.10000000149011612,0.10000000149011612,5000.0
2026-10-07 12:40:00,FDR.V,,8.4399995803833,8.449999809265137,8.4399995803833,8.449999809265137,2600.0
2026-10-07 12:40:00,GOT.V,,1.375,1.375,1.375,1.375,100.0
2026-10-07 12:40:00,KTO.V,,0.7599999904632568,0.7599999904632568,0.7599999904632568,0.7599999904632568,7100.0
2026-10-07 12:40:00,MRVL.V,,0.10499999672174454,0.10499999672174454,0.10499999672174454,0.10499999672174454,7500.0
2026-10-07 12:41:00,FL.V,,0.41999998688697815,0.41999998688697815,0.41999998688697815,0.41999998688697815,500.0
2026-10-07 12:41:00,GFG.V,,0.17499999701976776,0.17499999701976776,0.17499999701976776,0.17499999701976776,4000.0
2026-10-07 12:41:00,GOT.V,,1.375,1.375,1.375,1.375,100.0
2026-10-07 12:41:00,GRDM.V,,0.1850000023841858,0.1850000023841858,0.1850000023841858,0.1850000023841858,30000.0
2026-10-07 12:41:00,GSVR.V,,0.3725000023841858,0.3725000023841858,0.3725000023841858,0.3725000023841858,5500.0
2026-10-07 12:41:00,INTR.V,,0.8399999737739563,0.8399999737739563,0.8399999737739563,0.8399999737739563,9000.0
2026-10-07 12:41:00,ITR.V,,3.609999895095825,3.609999895095825,3.609999895095825,3.609999895095825,200.0
2026-10-07 12:41:00,MTA.V,,12.40999984741211,12.40999984741211,12.399999618530273,12.399999618530273,200.0
2026-10-07 12:41:00,PNG.V,,4.820000171661377,4.824999809265137,4.820000171661377,4.824999809265137,300.0
2026-10-07 12:42:00,FDR.V,,8.430000305175781,8.430000305175781,8.430000305175781,8.430000305175781,2900.0
2026-10-07 12:42:00,ITR.V,,3.609999895095825,3.609999895095825,3.5999999046325684,3.5999999046325684,3200.0
2026-10-07 12:42:00,KGC.V,,0.02500000037252903,0.02500000037252903,0.02500000037252903,0.02500000037252903,50000.0
2026-10-07 12:42:00,KTN.V,,1.100000023841858,1.100000023841858,1.100000023841858,1.100000023841858,21100.0
2026-10-07 12:42:00,NURS.V,,3.4600000381469727,3.4600000381469727,3.4600000381469727,3.4600000381469727,500.0
2026-10-07 12:42:00,PNG.V,,4.829999923706055,4.829999923706055,4.829999923706055,4.829999923706055,1100.0
2026-10-07 12:43:00,BIG.V,,1.159999966621399,1.159999966621399,1.159999966621399,1.159999966621399,400.0
2026-10-07 12:43:00,ESK.V,,0.27000001072883606,0.27000001072883606,0.27000001072883606,0.27000001072883606,4500.0
2026-10-07 12:43:00,GOT.V,,1.375,1.375,1.375,1.375,100.0
2026-10-07 12:43:00,HME.V,,2.240000009536743,2.240000009536743,2.240000009536743,2.240000009536743,100.0
2026-10-07 12:43:00,LG.V,,0.38499999046325684,0.38499999046325684,0.38499999046325684,0.38499999046325684,1500.0
2026-10-07 12:43:00,LMN.V,,22.290000915527344,22.290000915527344,22.290000915527344,22.290000915527344,100.0
2026-10-07 12:44:00,BIG.V,,1.159999966621399,1.159999966621399,1.159999966621399,1.159999966621399,400.0
2026-10-07 12:44:00,GOT.V,,1.375,1.375,1.375,1.375,100.0
2026-10-07 12:44:00,GWM.V,,1.0099999904632568,1.0099999904632568,1.0099999904632568,1.0099999904632568,45380.0
2026-10-07 12:44:00,HME.V,,2.240000009536743,2.240000009536743,2.240000009536743,2.240000009536743,100.0
2026-10-07 12:44:00,INTR.V,,0.8399999737739563,0.8399999737739563,0.8399999737739563,0.8399999737739563,1000.0
2026-10-07 12:44:00,ITR.V,,3.609999895095825,3.609999895095825,3.609999895095825,3.609999895095825,1600.0
2026-10-07 12:44:00,LCX.V,,1.75,1.75,1.75,1.75,500.0
2026-10-07 12:44:00,MLP.V,,2.190000057220459,2.190000057220459,2.190000057220459,2.190000057220459,100.0
2026-10-07 12:44:00,PNG.V,,4.829999923706055,4.829999923706055,4.829999923706055,4.829999923706055,300.0
2026-10-07 12:45:00,FDR.V,,8.430000305175781,8.430000305175781,8.430000305175781,8.430000305175781,2100.0
2026-10-07 12:45:00,GOT.V,,1.375,1.375,1.375,1.375,100.0
2026-10-07 12:45:00,MLP.V,,2.180000066757202,2.180000066757202,2.180000066757202,2.180000066757202,2500.0
2026-10-07 12:45:00,NURS.V,,3.440000057220459,3.450000047683716,3.440000057220459,3.450000047683716,200.0
2026-10-07 12:45:00,PNG.V,,4.829999923706055,4.829999923706055,4.820000171661377,4.829999923706055,400.0
2026-10-07 12:46:00,EVER.V,,0.23000000417232513,0.23499999940395355,0.23000000417232513,0.23499999940395355,20000.0
2026-10-07 12:46:00,GOT.V,,1.3799999952316284,1.3799999952316284,1.3799999952316284,1.3799999952316284,100.0
2026-10-07 12:46:00,KTO.V,,0.75,0.75,0.75,0.75,4000.0
2026-10-07 12:46:00,LCX.V,,1.7699999809265137,1.7699999809265137,1.7699999809265137,1.7699999809265137,50000.0
2026-10-07 12:46:00,PNG.V,,4.829999923706055,4.829999923706055,4.829999923706055,4.829999923706055,200.0
2026-10-07 12:47:00,FDR.V,,8.430000305175781,8.449999809265137,8.430000305175781,8.430000305175781,5868.0
2026-10-07 12:47:00,FOBI.V,,0.03500000014901161,0.03500000014901161,0.03500000014901161,0.03500000014901161,1900.0
2026-10-07 12:47:00,GOT.V,,1.375,1.375,1.375,1.375,100.0
2026-10-07 12:47:00,KFR.V,,1.0099999904632568,1.0099999904632568,1.0099999904632568,1.0099999904632568,7900.0
2026-10-07 12:47:00,KTO.V,,0.75,0.75,0.75,0.75,5000.0
2026-10-07 12:47:00,LMN.V,,22.360000610351562,22.360000610351562,22.360000610351562,22.360000610351562,100.0
2026-10-07 12:47:00,LTH.V,,0.5099999904632568,0.5099999904632568,0.5099999904632568,0.5099999904632568,500.0
2026-10-07 12:47:00,PNG.V,,4.829999923706055,4.829999923706055,4.829999923706055,4.829999923706055,300.0
2026-10-07 12:48:00,BIG.V,,1.159999966621399,1.159999966621399,1.159999966621399,1.159999966621399,400.0
2026-10-07 12:48:00,FDR.V,,8.430000305175781,8.430000305175781,8.430000305175781,8.430000305175781,100.0
2026-10-07 12:48:00,FWZ.V,,2.799999952316284,2.799999952316284,2.799999952316284,2.799999952316284,2224.0
2026-10-07 12:48:00,GOT.V,,1.375,1.375,1.375,1.375,100.0
2026-10-07 12:48:00,LIFT.V,,2.0199999809265137,2.0199999809265137,2.0199999809265137,2.0199999809265137,100.0
2026-10-07 12:48:00,LIO.V,,0.16500000655651093,0.16500000655651093,0.16500000655651093,0.16500000655651093,500.0
2026-10-07 12:48:00,PNG.V,,4.829999923706055,4.829999923706055,4.829999923706055,4.829999923706055,200.0
2026-10-07 12:49:00,FL.V,,0.41999998688697815,0.41999998688697815,0.41999998688697815,0.41999998688697815,639.0
2026-10-07 12:49:00,GOT.V,,1.375,1.375,1.375,1.375,100.0
2026-10-07 12:49:00,LMN.V,,22.3700008392334,22.3700008392334,22.3700008392334,22.3700008392334,700.0
2026-10-07 12:49:00,LSL.V,,0.29499998688697815,0.29499998688697815,0.29499998688697815,0.29499998688697815,5320.0
2026-10-07 12:50:00,BIG.V,,1.159999966621399,1.159999966621399,1.159999966621399,1.159999966621399,400.0
2026-10-07 12:50:00,FDR.V,,8.430000305175781,8.430000305175781,8.430000305175781,8.430000305175781,600.0
2026-10-07 12:50:00,GOT.V,,1.375,1.375,1.375,1.375,100.0
2026-10-07 12:50:00,GSTM.V,,0.1550000011920929,0.1550000011920929,0.1550000011920929,0.1550000011920929,5000.0
2026-10-07 12:50:00,GSVR.V,,0.375,0.375,0.375,0.375,13300.0
2026-10-07 12:50:00,LMN.V,,22.40999984741211,22.40999984741211,22.40999984741211,22.40999984741211,200.0
2026-10-07 12:50:00,PNG.V,,4.829999923706055,4.829999923706055,4.820000171661377,4.820000171661377,800.0
2026-10-07 12:51:00,BIG.V,,1.159999966621399,1.159999966621399,1.159999966621399,1.159999966621399,400.0
2026-10-07 12:51:00,FDR.V,,8.449999809265137,8.449999809265137,8.430000305175781,8.430000305175781,1800.0
2026-10-07 12:51:00,GOT.V,,1.375,1.375,1.375,1.375,100.0
2026-10-07 12:51:00,GWM.V,,1.0099999904632568,1.0099999904632568,1.0099999904632568,1.0099999904632568,400.0
2026-10-07 12:51:00,ITR.V,,3.609999895095825,3.609999895095825,3.609999895095825,3.609999895095825,100.0
2026-10-07 12:51:00,LMN.V,,22.5,22.5,22.40999984741211,22.40999984741211,2970.0
2026-10-07 12:51:00,MLP.V,,2.1700000762939453,2.200000047683716,2.1700000762939453,2.200000047683716,11000.0
2026-10-07 12:51:00,MRVL.V,,0.10999999940395355,0.10999999940395355,0.10999999940395355,0.10999999940395355,6000.0
2026-10-07 12:51:00,PNG.V,,4.829999923706055,4.829999923706055,4.820000171661377,4.820000171661377,8735.0
2026-10-07 12:52:00,FDR.V,,8.479999542236328,8.479999542236328,8.479999542236328,8.479999542236328,100.0
2026-10-07 12:52:00,KTO.V,,0.75,0.75,0.75,0.75,500.0
2026-10-07 12:52:00,LG.V,,0.38499999046325684,0.38999998569488525,0.38499999046325684,0.38999998569488525,68000.0
2026-10-07 12:52:00,LMN.V,,22.489999771118164,22.489999771118164,22.479999542236328,22.479999542236328,200.0
2026-10-07 12:52:00,PNG.V,,4.829999923706055,4.829999923706055,4.829999923706055,4.829999923706055,300.0
2026-10-07 12:53:00,FDR.V,,8.479999542236328,8.479999542236328,8.479999542236328,8.479999542236328,100.0
2026-10-07 12:53:00,FMN.V,,0.24500000476837158,0.24500000476837158,0.24500000476837158,0.24500000476837158,0.0
2026-10-07 12:53:00,GOT.V,,1.375,1.375,1.375,1.375,100.0
2026-10-07 12:53:00,ITR.V,,3.609999895095825,3.609999895095825,3.609999895095825,3.609999895095825,300.0
2026-10-07 12:53:00,LME.V,,0.14000000059604645,0.14000000059604645,0.14000000059604645,0.14000000059604645,500.0
2026-10-07 12:53:00,LUCA.V,,1.0850000381469727,1.090000033378601,1.0850000381469727,1.090000033378601,13364.0
2026-10-07 12:53:00,PNG.V,,4.829999923706055,4.829999923706055,4.829999923706055,4.829999923706055,300.0
2026-10-07 12:54:00,FDR.V,,8.479999542236328,8.5,8.479999542236328,8.479999542236328,9302.0
2026-10-07 12:54:00,GOT.V,,1.375,1.375,1.375,1.375,100.0
2026-10-07 12:54:00,LUCA.V,,1.0850000381469727,1.0850000381469727,1.0850000381469727,1.0850000381469727,100.0
2026-10-07 12:54:00,PNG.V,,4.829999923706055,4.829999923706055,4.829999923706055,4.829999923706055,300.0
2026-10-07 12:55:00,FDR.V,,8.479999542236328,8.479999542236328,8.479999542236328,8.479999542236328,200.0
2026-10-07 12:55:00,FWZ.V,,2.7899999618530273,2.7899999618530273,2.7799999713897705,2.7799999713897705,1652.0
2026-10-07 12:55:00,GGO.V,,1.340000033378601,1.340000033378601,1.340000033378601,1.340000033378601,100.0
2026-10-07 12:55:00,GOT.V,,1.375,1.375,1.375,1.375,100.0
2026-10-07 12:55:00,HME.V,,2.244999885559082,2.244999885559082,2.244999885559082,2.244999885559082,200.0
2026-10-07 12:55:00,KTO.V,,0.75,0.75,0.75,0.75,1000.0
2026-10-07 12:55:00,MLP.V,,2.1700000762939453,2.1700000762939453,2.1700000762939453,2.1700000762939453,300.0
2026-10-07 12:55:00,PNG.V,,4.829999923706055,4.829999923706055,4.829999923706055,4.829999923706055,1150.0
2026-10-07 12:56:00,FL.V,,0.41999998688697815,0.41999998688697815,0.41999998688697815,0.41999998688697815,500.0
2026-10-07 12:56:00,GOT.V,,1.3700000047683716,1.3799999952316284,1.3700000047683716,1.3799999952316284,200.0
2026-10-07 12:56:00,GRDM.V,,0.18000000715255737,0.18000000715255737,0.18000000715255737,0.18000000715255737,500.0
2026-10-07 12:56:00,HPQ.V,,0.13500000536441803,0.13500000536441803,0.13500000536441803,0.13500000536441803,3500.0
2026-10-07 12:56:00,IPT.V,,0.25,0.25,0.25,0.25,500.0
2026-10-07 12:56:00,KTO.V,,0.75,0.75,0.75,0.75,500.0
2026-10-07 12:56:00,LMN.V,,22.5,22.5,22.5,22.5,350.0
2026-10-07 12:56:00,PNG.V,,4.829999923706055,4.829999923706055,4.829999923706055,4.829999923706055,400.0
2026-10-07 12:57:00,GOT.V,,1.3799999952316284,1.3799999952316284,1.3799999952316284,1.3799999952316284,100.0
2026-10-07 12:57:00,KTO.V,,0.75,0.75,0.75,0.75,15000.0
2026-10-07 12:57:00,PNG.V,,4.829999923706055,4.829999923706055,4.829999923706055,4.829999923706055,100.0
2026-10-07 12:58:00,GOT.V,,1.3700000047683716,1.3799999952316284,1.3700000047683716,1.3799999952316284,300.0
2026-10-07 12:58:00,GQC.V,,0.75,0.75,0.75,0.75,500.0
2026-10-07 12:58:00,HITI.V,,3.9200000762939453,3.9200000762939453,3.9200000762939453,3.9200000762939453,2600.0
2026-10-07 12:58:00,HME.V,,2.240000009536743,2.240000009536743,2.240000009536743,2.240000009536743,100.0
2026-10-07 12:58:00,KIP.V,,0.20000000298023224,0.20000000298023224,0.20000000298023224,0.20000000298023224,7000.0
2026-10-07 12:58:00,LCX.V,,1.75,1.75,1.75,1.75,200.0
2026-10-07 12:58:00,MLP.V,,2.1700000762939453,2.1700000762939453,2.1700000762939453,2.1700000762939453,100.0
2026-10-07 12:58:00,PNG.V,,4.829999923706055,4.835000038146973,4.829999923706055,4.829999923706055,4700.0
2026-10-07 12:59:00,FDR.V,,8.5,8.529999732971191,8.489999771118164,8.489999771118164,3900.0
2026-10-07 12:59:00,LIFT.V,,2.0199999809265137,2.0199999809265137,2.0199999809265137,2.0199999809265137,100.0
2026-10-07 12:59:00,LME.V,,0.14499999582767487,0.14499999582767487,0.14499999582767487,0.14499999582767487,4000.0
2026-10-07 12:59:00,MLP.V,,2.1600000858306885,2.1600000858306885,2.140000104904175,2.1600000858306885,47024.0
2026-10-07 12:59:00,MTA.V,,12.380000114440918,12.380000114440918,12.380000114440918,12.380000114440918,100.0
2026-10-07 12:59:00,PNG.V,,4.820000171661377,4.829999923706055,4.820000171661377,4.829999923706055,3600.0
2026-10-07 13:00:00,BIG.V,,1.159999966621399,1.159999966621399,1.159999966621399,1.159999966621399,1100.0
2026-10-07 13:00:00,FDR.V,,8.470000267028809,8.5,8.470000267028809,8.5,2900.0
2026-10-07 13:00:00,GOT.V,,1.3700000047683716,1.3799999952316284,1.3700000047683716,1.3799999952316284,500.0
2026-10-07 13:00:00,LCX.V,,1.75,1.75,1.75,1.75,3500.0
2026-10-07 13:00:00,LUCA.V,,1.0800000429153442,1.0850000381469727,1.0800000429153442,1.0850000381469727,69700.0
2026-10-07 13:00:00,LVG.V,,0.3400000035762787,0.3449999988079071,0.3400000035762787,0.3449999988079071,9500.0
2026-10-07 13:00:00,MTA.V,,12.380000114440918,12.380000114440918,12.380000114440918,12.380000114440918,200.0
2026-10-07 13:00:00,NURS.V,,3.430000066757202,3.430000066757202,3.430000066757202,3.430000066757202,100.0
2026-10-07 13:00:00,PNG.V,,4.829999923706055,4.829999923706055,4.829999923706055,4.829999923706055,400.0
2026-10-07 13:01:00,GGM.V,,0.03500000014901161,0.03500000014901161,0.03500000014901161,0.03500000014901161,8000.0
2026-10-07 13:01:00,LUCA.V,,1.0800000429153442,1.0800000429153442,1.0800000429153442,1.0800000429153442,8300.0
2026-10-07 13:01:00,PNG.V,,4.840000152587891,4.840000152587891,4.829999923706055,4.829999923706055,2149.0
2026-10-07 13:02:00,FDR.V,,8.479999542236328,8.479999542236328,8.470000267028809,8.470000267028809,13900.0
2026-10-07 13:02:00,GOT.V,,1.3799999952316284,1.3799999952316284,1.3799999952316284,1.3799999952316284,2500.0
2026-10-07 13:02:00,GRDM.V,,0.18000000715255737,0.18000000715255737,0.18000000715255737,0.18000000715255737,500.0
2026-10-07 13:02:00,ITR.V,,3.619999885559082,3.619999885559082,3.619999885559082,3.619999885559082,500.0
2026-10-07 13:02:00,LUCA.V,,1.0750000476837158,1.0750000476837158,1.0750000476837158,1.0750000476837158,100.0
2026-10-07 13:02:00,MTA.V,,12.40999984741211,12.40999984741211,12.380000114440918,12.380000114440918,800.0
2026-10-07 13:02:00,PNG.V,,4.849999904632568,4.849999904632568,4.840000152587891,4.840000152587891,6800.0
2026-10-07 13:03:00,FDR.V,,8.479999542236328,8.479999542236328,8.479999542236328,8.479999542236328,300.0
2026-10-07 13:03:00,GGM.V,,0.03500000014901161,0.03500000014901161,0.03500000014901161,0.03500000014901161,20000.0
2026-10-07 13:03:00,GSR.V,,0.33000001311302185,0.33000001311302185,0.33000001311302185,0.33000001311302185,2000.0
2026-10-07 13:03:00,GWM.V,,1.0099999904632568,1.0099999904632568,1.0049999952316284,1.0099999904632568,75800.0
2026-10-07 13:03:00,HCH.V,,1.4800000190734863,1.4800000190734863,1.4800000190734863,1.4800000190734863,200.0
2026-10-07 13:03:00,LMN.V,,22.479999542236328,22.479999542236328,22.479999542236328,22.479999542236328,100.0
2026-10-07 13:03:00,LTH.V,,0.5,0.5,0.5,0.5,500.0
2026-10-07 13:03:00,PNG.V,,4.860000133514404,4.860000133514404,4.860000133514404,4.860000133514404,2000.0
2026-10-07 13:04:00,FDR.V,,8.449999809265137,8.470000267028809,8.449999809265137,8.470000267028809,7800.0
2026-10-07 13:04:00,FL.V,,0.41999998688697815,0.41999998688697815,0.41999998688697815,0.41999998688697815,500.0
2026-10-07 13:04:00,GGO.V,,1.3300000429153442,1.3300000429153442,1.3300000429153442,1.3300000429153442,100.0
2026-10-07 13:04:00,GSVR.V,,0.3774999976158142,0.3774999976158142,0.3774999976158142,0.3774999976158142,500.0
2026-10-07 13:04:00,LTH.V,,0.5,0.5,0.5,0.5,1000.0
2026-10-07 13:04:00,LUCA.V,,1.0750000476837158,1.0750000476837158,1.0750000476837158,1.0750000476837158,100.0
2026-10-07 13:05:00,BIG.V,,1.159999966621399,1.159999966621399,1.159999966621399,1.159999966621399,1000.0
2026-10-07 13:05:00,FDR.V,,8.420000076293945,8.4399995803833,8.420000076293945,8.4399995803833,600.0
2026-10-07 13:05:00,GOT.V,,1.3799999952316284,1.3849999904632568,1.3799999952316284,1.3849999904632568,3100.0
2026-10-07 13:05:00,GSI.V,,1.6699999570846558,1.6699999570846558,1.6699999570846558,1.6699999570846558,100.0
2026-10-07 13:05:00,LMN.V,,22.475000381469727,22.475000381469727,22.475000381469727,22.475000381469727,100.0
2026-10-07 13:05:00,LUCA.V,,1.0750000476837158,1.0750000476837158,1.0750000476837158,1.0750000476837158,100.0
2026-10-07 13:05:00,PNG.V,,4.849999904632568,4.860000133514404,4.849999904632568,4.849999904632568,8600.0
2026-10-07 13:06:00,FDR.V,,8.399999618530273,8.399999618530273,8.399999618530273,8.399999618530273,400.0
2026-10-07 13:06:00,GGO.V,,1.3300000429153442,1.3300000429153442,1.3300000429153442,1.3300000429153442,100.0
2026-10-07 13:06:00,GOT.V,,1.3899999856948853,1.3899999856948853,1.3899999856948853,1.3899999856948853,100.0
2026-10-07 13:06:00,HME.V,,2.240000009536743,2.240000009536743,2.240000009536743,2.240000009536743,100.0
2026-10-07 13:06:00,ITR.V,,3.630000114440918,3.630000114440918,3.630000114440918,3.630000114440918,1200.0
2026-10-07 13:06:00,PNG.V,,4.849999904632568,4.849999904632568,4.849999904632568,4.849999904632568,1000.0
2026-10-07 13:07:00,FDR.V,,8.430000305175781,8.430000305175781,8.399999618530273,8.399999618530273,10500.0
2026-10-07 13:07:00,HME.V,,2.240000009536743,2.240000009536743,2.240000009536743,2.240000009536743,100.0
2026-10-07 13:07:00,INTR.V,,0.8299999833106995,0.8299999833106995,0.8299999833106995,0.8299999833106995,30000.0
2026-10-07 13:07:00,LUCA.V,,1.0750000476837158,1.0750000476837158,1.0750000476837158,1.0750000476837158,100.0
2026-10-07 13:07:00,MN.V,,0.09000000357627869,0.09000000357627869,0.09000000357627869,0.09000000357627869,57086.0
2026-10-07 13:07:00,NURS.V,,3.430000066757202,3.430000066757202,3.430000066757202,3.430000066757202,100.0
2026-10-07 13:07:00,PNG.V,,4.860000133514404,4.860000133514404,4.860000133514404,4.860000133514404,4551.0
2026-10-07 13:08:00,BIG.V,,1.159999966621399,1.159999966621399,1.159999966621399,1.159999966621399,1000.0
2026-10-07 13:08:00,EVGN.V,,0.5699999928474426,0.5699999928474426,0.5699999928474426,0.5699999928474426,5000.0
2026-10-07 13:08:00,FDR.V,,8.449999809265137,8.449999809265137,8.449999809265137,8.449999809265137,100.0
2026-10-07 13:08:00,GWM.V,,1.0049999952316284,1.0049999952316284,1.0049999952316284,1.0049999952316284,100.0
2026-10-07 13:08:00,KTO.V,,0.75,0.75,0.75,0.75,3500.0
2026-10-07 13:08:00,LMN.V,,22.479999542236328,22.479999542236328,22.479999542236328,22.479999542236328,100.0
2026-10-07 13:08:00,MTA.V,,12.40999984741211,12.40999984741211,12.40999984741211,12.40999984741211,100.0
2026-10-07 13:08:00,NURS.V,,3.4200000762939453,3.4200000762939453,3.4200000762939453,3.4200000762939453,300.0
2026-10-07 13:08:00,PNG.V,,4.880000114440918,4.880000114440918,4.869999885559082,4.869999885559082,4012.0
2026-10-07 13:09:00,GGO.V,,1.3300000429153442,1.3300000429153442,1.3300000429153442,1.3300000429153442,100.0
2026-10-07 13:09:00,GRSL.V,,0.28999999165534973,0.28999999165534973,0.28999999165534973,0.28999999165534973,7368.0
2026-10-07 13:09:00,GSR.V,,0.33000001311302185,0.33000001311302185,0.33000001311302185,0.33000001311302185,2000.0
2026-10-07 13:09:00,GSVR.V,,0.3799999952316284,0.3799999952316284,0.3799999952316284,0.3799999952316284,500.0
2026-10-07 13:09:00,HITI.V,,3.9200000762939453,3.9200000762939453,3.9200000762939453,3.9200000762939453,1600.0
2026-10-07 13:09:00,ICM.V,,0.07999999821186066,0.07999999821186066,0.07999999821186066,0.07999999821186066,2000.0
2026-10-07 13:09:00,KTO.V,,0.7599999904632568,0.7599999904632568,0.7599999904632568,0.7599999904632568,9000.0
2026-10-07 13:09:00,LCX.V,,1.75,1.75,1.75,1.75,100.0
2026-10-07 13:09:00,LMN.V,,22.729999542236328,22.729999542236328,22.59000015258789,22.59000015258789,847.0
2026-10-07 13:09:00,MINE.V,,0.14499999582767487,0.14499999582767487,0.14499999582767487,0.14499999582767487,1000.0
2026-10-07 13:09:00,PNG.V,,4.889999866485596,4.889999866485596,4.880000114440918,4.880000114440918,1928.0
2026-10-07 13:10:00,FDR.V,,8.460000038146973,8.460000038146973,8.460000038146973,8.460000038146973,12600.0
2026-10-07 13:10:00,GRSL.V,,0.28999999165534973,0.28999999165534973,0.28999999165534973,0.28999999165534973,500.0
2026-10-07 13:10:00,GSR.V,,0.32499998807907104,0.32499998807907104,0.32499998807907104,0.32499998807907104,10000.0
2026-10-07 13:10:00,HME.V,,2.240000009536743,2.240000009536743,2.240000009536743,2.240000009536743,100.0
2026-10-07 13:10:00,IPT.V,,0.25,0.25,0.25,0.25,500.0
2026-10-07 13:10:00,ITR.V,,3.640000104904175,3.640000104904175,3.640000104904175,3.640000104904175,500.0
2026-10-07 13:10:00,JUGR.V,,0.41499999165534973,0.41499999165534973,0.41499999165534973,0.41499999165534973,3500.0
2026-10-07 13:10:00,LG.V,,0.38999998569488525,0.38999998569488525,0.38999998569488525,0.38999998569488525,5000.0
2026-10-07 13:10:00,PNG.V,,4.889999866485596,4.889999866485596,4.889999866485596,4.889999866485596,200.0
2026-10-07 13:11:00,BIG.V,,1.1649999618530273,1.1649999618530273,1.1649999618530273,1.1649999618530273,1500.0
2026-10-07 13:11:00,FL.V,,0.41999998688697815,0.41999998688697815,0.41999998688697815,0.41999998688697815,500.0
2026-10-07 13:11:00,FWZ.V,,2.7899999618530273,2.7899999618530273,2.7899999618530273,2.7899999618530273,100.0
2026-10-07 13:11:00,GOT.V,,1.3899999856948853,1.3899999856948853,1.3899999856948853,1.3899999856948853,100.0
2026-10-07 13:11:00,ITR.V,,3.640000104904175,3.640000104904175,3.640000104904175,3.640000104904175,500.0
2026-10-07 13:11:00,LIFT.V,,2.0199999809265137,2.0199999809265137,2.0199999809265137,2.0199999809265137,100.0
2026-10-07 13:11:00,LUCA.V,,1.0800000429153442,1.0800000429153442,1.0800000429153442,1.0800000429153442,19100.0
2026-10-07 13:11:00,PNG.V,,4.889999866485596,4.889999866485596,4.889999866485596,4.889999866485596,200.0
2026-10-07 13:12:00,GWM.V,,1.0049999952316284,1.0049999952316284,1.0049999952316284,1.0049999952316284,100.0
2026-10-07 13:12:00,LMN.V,,22.59000015258789,22.59000015258789,22.530000686645508,22.559999465942383,3000.0
2026-10-07 13:12:00,MLP.V,,2.1700000762939453,2.1700000762939453,2.1700000762939453,2.1700000762939453,200.0
2026-10-07 13:12:00,PNG.V,,4.869999885559082,4.869999885559082,4.869999885559082,4.869999885559082,9154.0
2026-10-07 13:13:00,FDR.V,,8.430000305175781,8.430000305175781,8.430000305175781,8.430000305175781,800.0
2026-10-07 13:13:00,ITR.V,,3.640000104904175,3.640000104904175,3.640000104904175,3.640000104904175,200.0
2026-10-07 13:13:00,LTH.V,,0.5,0.5,0.5,0.5,500.0
2026-10-07 13:13:00,MTA.V,,12.449999809265137,12.449999809265137,12.449999809265137,12.449999809265137,100.0
2026-10-07 13:13:00,PNG.V,,4.880000114440918,4.889999866485596,4.880000114440918,4.880000114440918,13200.0
2026-10-07 13:14:00,GOT.V,,1.3899999856948853,1.3899999856948853,1.3899999856948853,1.3899999856948853,100.0
2026-10-07 13:14:00,GRDM.V,,0.18000000715255737,0.18000000715255737,0.18000000715255737,0.18000000715255737,51000.0
2026-10-07 13:14:00,GSVR.V,,0.3799999952316284,0.3799999952316284,0.3799999952316284,0.3799999952316284,500.0
2026-10-07 13:14:00,LG.V,,0.38999998569488525,0.38999998569488525,0.38999998569488525,0.38999998569488525,10000.0
2026-10-07 13:14:00,PNG.V,,4.889999866485596,4.889999866485596,4.860000133514404,4.880000114440918,21400.0
2026-10-07 13:15:00,BIG.V,,1.1649999618530273,1.1649999618530273,1.1649999618530273,1.1649999618530273,800.0
2026-10-07 13:15:00,EVER.V,,0.23499999940395355,0.23499999940395355,0.23499999940395355,0.23499999940395355,33000.0
2026-10-07 13:15:00,FDR.V,,8.470000267028809,8.470000267028809,8.460000038146973,8.460000038146973,300.0
2026-10-07 13:15:00,GOT.V,,1.3899999856948853,1.3899999856948853,1.3899999856948853,1.3899999856948853,200.0
2026-10-07 13:15:00,GSVR.V,,0.3799999952316284,0.3799999952316284,0.3799999952316284,0.3799999952316284,1000.0
2026-10-07 13:15:00,KFR.V,,1.0099999904632568,1.0099999904632568,1.0049999952316284,1.0099999904632568,3600.0
2026-10-07 13:15:00,LMN.V,,22.540000915527344,22.649999618530273,22.540000915527344,22.639999389648438,600.0
2026-10-07 13:15:00,PNG.V,,4.889999866485596,4.889999866485596,4.880000114440918,4.880000114440918,1000.0
2026-10-07 13:16:00,FDR.V,,8.430000305175781,8.430000305175781,8.430000305175781,8.430000305175781,900.0
2026-10-07 13:16:00,GOT.V,,1.3899999856948853,1.3899999856948853,1.3899999856948853,1.3899999856948853,100.0
2026-10-07 13:16:00,GSI.V,,1.6699999570846558,1.6699999570846558,1.6699999570846558,1.6699999570846558,100.0
2026-10-07 13:16:00,LIFT.V,,2.0299999713897705,2.0299999713897705,2.0299999713897705,2.0299999713897705,200.0
2026-10-07 13:16:00,LIO.V,,0.16500000655651093,0.16500000655651093,0.16500000655651093,0.16500000655651093,500.0
2026-10-07 13:16:00,MTLO.V,,0.009999999776482582,0.009999999776482582,0.009999999776482582,0.009999999776482582,3000.0
2026-10-07 13:16:00,PNG.V,,4.880000114440918,4.880000114440918,4.880000114440918,4.880000114440918,150.0
2026-10-07 13:17:00,GOT.V,,1.3899999856948853,1.3899999856948853,1.3899999856948853,1.3899999856948853,100.0
2026-10-07 13:17:00,GRSL.V,,0.28999999165534973,0.28999999165534973,0.28999999165534973,0.28999999165534973,9293.0
2026-10-07 13:17:00,GWM.V,,1.0049999952316284,1.0049999952316284,1.0049999952316284,1.0049999952316284,100.0
2026-10-07 13:17:00,HITI.V,,3.950000047683716,3.950000047683716,3.940000057220459,3.940000057220459,2300.0
2026-10-07 13:17:00,LCX.V,,1.75,1.75,1.75,1.75,100.0
2026-10-07 13:17:00,LMN.V,,22.649999618530273,22.649999618530273,22.540000915527344,22.649999618530273,400.0
2026-10-07 13:17:00,MLP.V,,2.180000066757202,2.180000066757202,2.180000066757202,2.180000066757202,100.0
2026-10-07 13:17:00,MTA.V,,12.40999984741211,12.40999984741211,12.40999984741211,12.40999984741211,100.0
2026-10-07 13:17:00,PNG.V,,4.880000114440918,4.880000114440918,4.880000114440918,4.880000114440918,100.0
2026-10-07 13:18:00,GRSL.V,,0.2849999964237213,0.2849999964237213,0.2849999964237213,0.2849999964237213,500.0
2026-10-07 13:18:00,HITI.V,,3.950000047683716,3.950000047683716,3.950000047683716,3.950000047683716,200.0
2026-10-07 13:18:00,ITR.V,,3.630000114440918,3.630000114440918,3.630000114440918,3.630000114440918,100.0
2026-10-07 13:18:00,LCX.V,,1.75,1.75,1.75,1.75,200.0
2026-10-07 13:18:00,LG.V,,0.38999998569488525,0.38999998569488525,0.38999998569488525,0.38999998569488525,5000.0
2026-10-07 13:18:00,MTA.V,,12.399999618530273,12.399999618530273,12.399999618530273,12.399999618530273,100.0
2026-10-07 13:18:00,MTS.V,,0.15000000596046448,0.15000000596046448,0.15000000596046448,0.15000000596046448,7000.0
2026-10-07 13:18:00,NURS.V,,3.4200000762939453,3.4200000762939453,3.4200000762939453,3.4200000762939453,100.0
2026-10-07 13:18:00,PNG.V,,4.880000114440918,4.880000114440918,4.880000114440918,4.880000114440918,149.0
2026-10-07 13:19:00,BIG.V,,1.1649999618530273,1.1649999618530273,1.1649999618530273,1.1649999618530273,410.0
2026-10-07 13:19:00,FDR.V,,8.430000305175781,8.430000305175781,8.430000305175781,8.430000305175781,800.0
2026-10-07 13:19:00,FL.V,,0.42250001430511475,0.42250001430511475,0.41999998688697815,0.41999998688697815,1000.0
2026-10-07 13:19:00,GOT.V,,1.3849999904632568,1.3899999856948853,1.3849999904632568,1.3899999856948853,300.0
2026-10-07 13:19:00,GWM.V,,1.0049999952316284,1.0049999952316284,1.0049999952316284,1.0049999952316284,200.0
2026-10-07 13:19:00,HITI.V,,3.950000047683716,3.950000047683716,3.950000047683716,3.950000047683716,100.0
2026-10-07 13:19:00,KTO.V,,0.75,0.75,0.7400000095367432,0.75,12500.0
2026-10-07 13:19:00,LUCA.V,,1.0850000381469727,1.0850000381469727,1.0850000381469727,1.0850000381469727,200.0
2026-10-07 13:19:00,MLP.V,,2.180000066757202,2.180000066757202,2.180000066757202,2.180000066757202,100.0
2026-10-07 13:19:00,MMG.V,,0.1899999976158142,0.1899999976158142,0.1899999976158142,0.1899999976158142,2000.0
2026-10-07 13:19:00,PNG.V,,4.889999866485596,4.889999866485596,4.880000114440918,4.880000114440918,2700.0
2026-10-07 13:20:00,FDR.V,,8.4399995803833,8.4399995803833,8.4399995803833,8.4399995803833,400.0
2026-10-07 13:20:00,GOT.V,,1.3899999856948853,1.3899999856948853,1.3899999856948853,1.3899999856948853,100.0
2026-10-07 13:20:00,GSVR.V,,0.3799999952316284,0.3799999952316284,0.3799999952316284,0.3799999952316284,500.0
2026-10-07 13:20:00,GWM.V,,1.0049999952316284,1.0049999952316284,1.0049999952316284,1.0049999952316284,100.0
2026-10-07 13:20:00,KTO.V,,0.75,0.75,0.75,0.75,3000.0
2026-10-07 13:20:00,LMN.V,,22.65999984741211,22.65999984741211,22.65999984741211,22.65999984741211,800.0
2026-10-07 13:20:00,MLP.V,,2.180000066757202,2.180000066757202,2.180000066757202,2.180000066757202,100.0
2026-10-07 13:20:00,PNG.V,,4.880000114440918,4.880000114440918,4.880000114440918,4.880000114440918,600.0
2026-10-07 13:21:00,GGO.V,,1.3300000429153442,1.3300000429153442,1.3300000429153442,1.3300000429153442,100.0
2026-10-07 13:21:00,GSVR.V,,0.3799999952316284,0.3799999952316284,0.3799999952316284,0.3799999952316284,7000.0
2026-10-07 13:21:00,HITI.V,,3.940000057220459,3.940000057220459,3.940000057220459,3.940000057220459,1600.0
2026-10-07 13:21:00,HPQ.V,,0.13500000536441803,0.13500000536441803,0.13500000536441803,0.13500000536441803,9500.0
2026-10-07 13:21:00,MERG.V,,0.4300000071525574,0.4300000071525574,0.4300000071525574,0.4300000071525574,1500.0
2026-10-07 13:21:00,PNG.V,,4.880000114440918,4.889999866485596,4.880000114440918,4.889999866485596,3200.0
2026-10-07 13:22:00,EVER.V,,0.23999999463558197,0.23999999463558197,0.23999999463558197,0.23999999463558197,3000.0
2026-10-07 13:22:00,GGO.V,,1.3300000429153442,1.3300000429153442,1.3300000429153442,1.3300000429153442,100.0
2026-10-07 13:22:00,GOT.V,,1.3899999856948853,1.3899999856948853,1.3899999856948853,1.3899999856948853,300.0
2026-10-07 13:22:00,GSTM.V,,0.1550000011920929,0.1550000011920929,0.1550000011920929,0.1550000011920929,75551.0
2026-10-07 13:22:00,LIFT.V,,2.0299999713897705,2.0299999713897705,2.0299999713897705,2.0299999713897705,100.0
2026-10-07 13:22:00,MLP.V,,2.180000066757202,2.180000066757202,2.180000066757202,2.180000066757202,100.0
2026-10-07 13:22:00,PNG.V,,4.869999885559082,4.880000114440918,4.869999885559082,4.880000114440918,3700.0
2026-10-07 13:23:00,EVER.V,,0.23999999463558197,0.23999999463558197,0.23999999463558197,0.23999999463558197,1600.0
2026-10-07 13:23:00,FDR.V,,8.420000076293945,8.430000305175781,8.420000076293945,8.430000305175781,1300.0
2026-10-07 13:23:00,PNG.V,,4.869999885559082,4.869999885559082,4.869999885559082,4.869999885559082,1600.0
2026-10-07 13:24:00,GGO.V,,1.3300000429153442,1.3300000429153442,1.3300000429153442,1.3300000429153442,100.0
2026-10-07 13:24:00,HME.V,,2.244999885559082,2.244999885559082,2.240000009536743,2.240000009536743,1300.0
2026-10-07 13:24:00,PNG.V,,4.869999885559082,4.869999885559082,4.869999885559082,4.869999885559082,130.0
2026-10-07 13:25:00,GSVR.V,,0.3799999952316284,0.3799999952316284,0.3799999952316284,0.3799999952316284,500.0
2026-10-07 13:25:00,GWM.V,,1.0049999952316284,1.0049999952316284,1.0049999952316284,1.0049999952316284,100.0
2026-10-07 13:25:00,KC.V,,0.38499999046325684,0.38499999046325684,0.38499999046325684,0.38499999046325684,9500.0
2026-10-07 13:25:00,MLP.V,,2.180000066757202,2.180000066757202,2.180000066757202,2.180000066757202,100.0
2026-10-07 13:25:00,PNG.V,,4.869999885559082,4.869999885559082,4.869999885559082,4.869999885559082,900.0
2026-10-07 13:26:00,FDR.V,,8.420000076293945,8.420000076293945,8.420000076293945,8.420000076293945,700.0
2026-10-07 13:26:00,FL.V,,0.41999998688697815,0.41999998688697815,0.41999998688697815,0.41999998688697815,500.0
2026-10-07 13:26:00,GRSL.V,,0.2849999964237213,0.28999999165534973,0.2849999964237213,0.28999999165534973,56500.0
2026-10-07 13:26:00,GSI.V,,1.6699999570846558,1.6699999570846558,1.6699999570846558,1.6699999570846558,1000.0
2026-10-07 13:26:00,HMT.V,,1.100000023841858,1.100000023841858,1.100000023841858,1.100000023841858,0.0
2026-10-07 13:26:00,ITR.V,,3.630000114440918,3.630000114440918,3.630000114440918,3.630000114440918,2300.0
2026-10-07 13:26:00,LMN.V,,22.75,22.75,22.719999313354492,22.719999313354492,765.0
2026-10-07 13:26:00,PNG.V,,4.869999885559082,4.875,4.869999885559082,4.875,2700.0
2026-10-07 13:27:00,BIG.V,,1.1699999570846558,1.1699999570846558,1.1699999570846558,1.1699999570846558,100.0
2026-10-07 13:27:00,CELL.V,,0.014999999664723873,0.014999999664723873,0.014999999664723873,0.014999999664723873,8000.0
2026-10-07 13:27:00,FL.V,,0.41999998688697815,0.41999998688697815,0.41999998688697815,0.41999998688697815,500.0
2026-10-07 13:27:00,GGO.V,,1.3300000429153442,1.3300000429153442,1.3300000429153442,1.3300000429153442,100.0
2026-10-07 13:27:00,GSI.V,,1.6699999570846558,1.6699999570846558,1.6699999570846558,1.6699999570846558,2300.0
2026-10-07 13:27:00,KFR.V,,1.0199999809265137,1.0199999809265137,1.0149999856948853,1.0149999856948853,1700.0
2026-10-07 13:27:00,MLP.V,,2.180000066757202,2.180000066757202,2.180000066757202,2.180000066757202,100.0
2026-10-07 13:27:00,PNG.V,,4.880000114440918,4.880000114440918,4.869999885559082,4.869999885559082,8800.0
2026-10-07 13:28:00,FDR.V,,8.449999809265137,8.449999809265137,8.449999809265137,8.449999809265137,100.0
2026-10-07 13:28:00,GSI.V,,1.6699999570846558,1.6699999570846558,1.6699999570846558,1.6699999570846558,1100.0
2026-10-07 13:28:00,KC.V,,0.38499999046325684,0.38499999046325684,0.38499999046325684,0.38499999046325684,14500.0
2026-10-07 13:28:00,KFR.V,,1.0199999809265137,1.0199999809265137,1.0199999809265137,1.0199999809265137,900.0
2026-10-07 13:28:00,MAX.V,,0.20499999821186066,0.20499999821186066,0.20499999821186066,0.20499999821186066,0.0
2026-10-07 13:28:00,YGT.V,,0.1850000023841858,0.1850000023841858,0.1850000023841858,0.1850000023841858,5000.0
2026-10-07 13:29:00,BIG.V,,1.159999966621399,1.1649999618530273,1.159999966621399,1.1649999618530273,1800.0
2026-10-07 13:29:00,EQTY.V,,0.10499999672174454,0.10499999672174454,0.10499999672174454,0.10499999672174454,9500.0
2026-10-07 13:29:00,FDR.V,,8.420000076293945,8.430000305175781,8.420000076293945,8.430000305175781,5800.0
2026-10-07 13:29:00,GGO.V,,1.340000033378601,1.340000033378601,1.3300000429153442,1.3300000429153442,5512.0
2026-10-07 13:29:00,GR.V,,0.06499999761581421,0.06499999761581421,0.06499999761581421,0.06499999761581421,40000.0
2026-10-07 13:29:00,GSVR.V,,0.3774999976158142,0.3774999976158142,0.3774999976158142,0.3774999976158142,3750.0
2026-10-07 13:29:00,KC.V,,0.38499999046325684,0.38499999046325684,0.38499999046325684,0.38499999046325684,25000.0
2026-10-07 13:29:00,LMN.V,,22.860000610351562,22.860000610351562,22.84000015258789,22.84000015258789,300.0
2026-10-07 13:29:00,PNG.V,,4.889999866485596,4.894999980926514,4.880000114440918,4.889999866485596,15107.0
2026-10-07 13:30:00,FDR.V,,8.4399995803833,8.4399995803833,8.4350004196167,8.4350004196167,5700.0
2026-10-07 13:30:00,GGO.V,,1.340000033378601,1.340000033378601,1.340000033378601,1.340000033378601,300.0
2026-10-07 13:30:00,GWM.V,,1.0049999952316284,1.0049999952316284,1.0049999952316284,1.0049999952316284,300.0
2026-10-07 13:30:00,MLP.V,,2.180000066757202,2.180000066757202,2.180000066757202,2.180000066757202,100.0
2026-10-07 13:30:00,PNG.V,,4.900000095367432,4.900000095367432,4.889999866485596,4.889999866485596,71200.0
2026-10-07 13:31:00,GRSL.V,,0.2849999964237213,0.2849999964237213,0.2849999964237213,0.2849999964237213,862.0
2026-10-07 13:31:00,GWM.V,,1.0049999952316284,1.0049999952316284,1.0049999952316284,1.0049999952316284,100.0
2026-10-07 13:31:00,KTN.V,,1.100000023841858,1.100000023841858,1.100000023841858,1.100000023841858,1025.0
2026-10-07 13:31:00,PNG.V,,4.909999847412109,4.909999847412109,4.900000095367432,4.900000095367432,4705.0
2026-10-07 13:32:00,FDR.V,,8.4399995803833,8.470000267028809,8.4399995803833,8.470000267028809,500.0
2026-10-07 13:32:00,GGO.V,,1.350000023841858,1.350000023841858,1.350000023841858,1.350000023841858,100.0
2026-10-07 13:32:00,PNG.V,,4.900000095367432,4.909999847412109,4.900000095367432,4.909999847412109,2700.0
2026-10-07 13:33:00,HITI.V,,3.930000066757202,3.930000066757202,3.930000066757202,3.930000066757202,500.0
2026-10-07 13:33:00,HME.V,,2.240000009536743,2.240000009536743,2.240000009536743,2.240000009536743,100.0
2026-10-07 13:33:00,KTO.V,,0.7400000095367432,0.7400000095367432,0.7400000095367432,0.7400000095367432,35100.0
2026-10-07 13:33:00,LG.V,,0.38499999046325684,0.38499999046325684,0.38499999046325684,0.38499999046325684,5000.0
2026-10-07 13:33:00,LTH.V,,0.5,0.5,0.5,0.5,12000.0
2026-10-07 13:33:00,PNG.V,,4.920000076293945,4.920000076293945,4.909999847412109,4.909999847412109,3600.0
2026-10-07 13:34:00,EQTY.V,,0.10499999672174454,0.10499999672174454,0.10499999672174454,0.10499999672174454,4000.0
2026-10-07 13:34:00,FDR.V,,8.5,8.510000228881836,8.460000038146973,8.479999542236328,5830.0
2026-10-07 13:34:00,FL.V,,0.41999998688697815,0.41999998688697815,0.41999998688697815,0.41999998688697815,500.0
2026-10-07 13:34:00,FOR.V,,0.6299999952316284,0.6299999952316284,0.6299999952316284,0.6299999952316284,22800.0
2026-10-07 13:34:00,FUSE.V,,0.02500000037252903,0.02500000037252903,0.02500000037252903,0.02500000037252903,0.0
2026-10-07 13:34:00,GGO.V,,1.340000033378601,1.340000033378601,1.340000033378601,1.340000033378601,200.0
2026-10-07 13:34:00,GOT.V,,1.3899999856948853,1.3899999856948853,1.3899999856948853,1.3899999856948853,6800.0
2026-10-07 13:34:00,HITI.V,,3.930000066757202,3.930000066757202,3.930000066757202,3.930000066757202,100.0
2026-10-07 13:34:00,KTO.V,,0.7400000095367432,0.7400000095367432,0.7400000095367432,0.7400000095367432,500.0
2026-10-07 13:34:00,MAX.V,,0.20499999821186066,0.20499999821186066,0.20499999821186066,0.20499999821186066,3500.0
2026-10-07 13:34:00,MLP.V,,2.180000066757202,2.180000066757202,2.180000066757202,2.180000066757202,100.0
2026-10-07 13:34:00,PNG.V,,4.909999847412109,4.920000076293945,4.909999847412109,4.914999961853027,1800.0
2026-10-07 13:35:00,FDR.V,,8.520000457763672,8.529999732971191,8.5,8.5,900.0
2026-10-07 13:35:00,GGO.V,,1.340000033378601,1.340000033378601,1.340000033378601,1.340000033378601,100.0
2026-10-07 13:35:00,GRSL.V,,0.28999999165534973,0.28999999165534973,0.28999999165534973,0.28999999165534973,11000.0
2026-10-07 13:35:00,GWM.V,,1.0,1.0,1.0,1.0,151790.0
2026-10-07 13:35:00,MTA.V,,12.34000015258789,12.350000381469727,12.34000015258789,12.350000381469727,1200.0
2026-10-07 13:35:00,NURS.V,,3.450000047683716,3.450000047683716,3.450000047683716,3.450000047683716,100.0
2026-10-07 13:35:00,PNG.V,,4.909999847412109,4.909999847412109,4.909999847412109,4.909999847412109,400.0
2026-10-07 13:36:00,FDR.V,,8.489999771118164,8.489999771118164,8.4399995803833,8.479999542236328,4700.0
2026-10-07 13:36:00,GGO.V,,1.340000033378601,1.340000033378601,1.340000033378601,1.340000033378601,300.0
2026-10-07 13:36:00,GSVR.V,,0.375,0.375,0.375,0.375,5000.0
2026-10-07 13:36:00,INTR.V,,0.8299999833106995,0.8299999833106995,0.8299999833106995,0.8299999833106995,4000.0
2026-10-07 13:36:00,IPT.V,,0.25,0.25,0.25,0.25,22530.0
2026-10-07 13:36:00,ITR.V,,3.630000114440918,3.630000114440918,3.630000114440918,3.630000114440918,100.0
2026-10-07 13:36:00,MLP.V,,2.180000066757202,2.180000066757202,2.180000066757202,2.180000066757202,500.0
2026-10-07 13:37:00,FDR.V,,8.484999656677246,8.510000228881836,8.484999656677246,8.510000228881836,1000.0
2026-10-07 13:37:00,GOT.V,,1.3899999856948853,1.3899999856948853,1.3899999856948853,1.3899999856948853,100.0
2026-10-07 13:37:00,GRDM.V,,0.1850000023841858,0.1850000023841858,0.1850000023841858,0.1850000023841858,32875.0
2026-10-07 13:37:00,KTN.V,,1.100000023841858,1.100000023841858,1.100000023841858,1.100000023841858,2600.0
2026-10-07 13:37:00,LIFT.V,,2.0299999713897705,2.0299999713897705,2.0299999713897705,2.0299999713897705,100.0
2026-10-07 13:38:00,BIG.V,,1.159999966621399,1.159999966621399,1.159999966621399,1.159999966621399,600.0
2026-10-07 13:38:00,FDR.V,,8.515000343322754,8.550000190734863,8.460000038146973,8.484999656677246,15700.0
2026-10-07 13:38:00,GGO.V,,1.3450000286102295,1.3450000286102295,1.340000033378601,1.340000033378601,300.0
2026-10-07 13:38:00,GOT.V,,1.3899999856948853,1.3899999856948853,1.3899999856948853,1.3899999856948853,100.0
2026-10-07 13:38:00,GSI.V,,1.6699999570846558,1.6699999570846558,1.6699999570846558,1.6699999570846558,1200.0
2026-10-07 13:38:00,GSVR.V,,0.3774999976158142,0.3774999976158142,0.3774999976158142,0.3774999976158142,5200.0
2026-10-07 13:38:00,GWM.V,,1.0,1.0,1.0,1.0,600.0
2026-10-07 13:38:00,HITI.V,,3.930000066757202,3.940000057220459,3.930000066757202,3.940000057220459,1400.0
2026-10-07 13:38:00,HME.V,,2.240000009536743,2.240000009536743,2.240000009536743,2.240000009536743,100.0
2026-10-07 13:38:00,HPL.V,,0.3149999976158142,0.3149999976158142,0.3149999976158142,0.3149999976158142,5000.0
2026-10-07 13:38:00,LUCA.V,,1.0800000429153442,1.0800000429153442,1.0800000429153442,1.0800000429153442,4000.0
2026-10-07 13:38:00,PNG.V,,4.920000076293945,4.920000076293945,4.909999847412109,4.909999847412109,400.0
2026-10-07 13:39:00,BIG.V,,1.159999966621399,1.159999966621399,1.159999966621399,1.159999966621399,700.0
2026-10-07 13:39:00,FDR.V,,8.489999771118164,8.5,8.489999771118164,8.5,1200.0
2026-10-07 13:39:00,FWZ.V,,2.7899999618530273,2.7899999618530273,2.7899999618530273,2.7899999618530273,2792.0
2026-10-07 13:39:00,GGO.V,,1.340000033378601,1.340000033378601,1.340000033378601,1.340000033378601,100.0
2026-10-07 13:39:00,GOT.V,,1.3799999952316284,1.3899999856948853,1.3799999952316284,1.3899999856948853,1500.0
2026-10-07 13:39:00,GWM.V,,1.0,1.0,1.0,1.0,700.0
2026-10-07 13:39:00,LME.V,,0.14000000059604645,0.14000000059604645,0.14000000059604645,0.14000000059604645,500.0
2026-10-07 13:39:00,MLP.V,,2.190000057220459,2.190000057220459,2.190000057220459,2.190000057220459,100.0
2026-10-07 13:39:00,MTA.V,,12.380000114440918,12.380000114440918,12.369999885559082,12.380000114440918,100.0
2026-10-07 13:39:00,PNG.V,,4.920000076293945,4.920000076293945,4.920000076293945,4.920000076293945,950.0
2026-10-07 13:40:00,FDR.V,,8.470000267028809,8.510000228881836,8.470000267028809,8.5,3000.0
2026-10-07 13:40:00,GGO.V,,1.340000033378601,1.340000033378601,1.340000033378601,1.340000033378601,100.0
2026-10-07 13:40:00,GWM.V,,1.0,1.0,1.0,1.0,700.0
2026-10-07 13:40:00,HITI.V,,3.930000066757202,3.930000066757202,3.930000066757202,3.930000066757202,1500.0
2026-10-07 13:40:00,KTN.V,,1.100000023841858,1.100000023841858,1.100000023841858,1.100000023841858,200.0
2026-10-07 13:40:00,MMG.V,,0.19499999284744263,0.19499999284744263,0.19499999284744263,0.19499999284744263,20000.0
2026-10-07 13:41:00,FDR.V,,8.449999809265137,8.449999809265137,8.449999809265137,8.449999809265137,600.0
2026-10-07 13:41:00,FL.V,,0.41999998688697815,0.41999998688697815,0.41999998688697815,0.41999998688697815,500.0
2026-10-07 13:41:00,GGO.V,,1.340000033378601,1.340000033378601,1.340000033378601,1.340000033378601,200.0
2026-10-07 13:41:00,GPG.V,,0.2849999964237213,0.2849999964237213,0.2849999964237213,0.2849999964237213,18500.0
2026-10-07 13:41:00,GSVR.V,,0.375,0.375,0.375,0.375,11000.0
2026-10-07 13:41:00,GWM.V,,1.0,1.0,1.0,1.0,1000.0
2026-10-07 13:41:00,HITI.V,,3.9100000858306885,3.9100000858306885,3.9100000858306885,3.9100000858306885,300.0
2026-10-07 13:41:00,KFR.V,,1.0199999809265137,1.0199999809265137,1.0199999809265137,1.0199999809265137,100.0
2026-10-07 13:41:00,KTO.V,,0.75,0.75,0.75,0.75,3500.0
2026-10-07 13:41:00,PNG.V,,4.920000076293945,4.920000076293945,4.920000076293945,4.920000076293945,4100.0
2026-10-07 13:42:00,GWM.V,,1.0,1.0,1.0,1.0,700.0
2026-10-07 13:42:00,LIO.V,,0.16500000655651093,0.16500000655651093,0.16500000655651093,0.16500000655651093,500.0
2026-10-07 13:42:00,LMN.V,,22.799999237060547,22.889999389648438,22.770000457763672,22.770000457763672,7213.0
2026-10-07 13:42:00,PNG.V,,4.920000076293945,4.920000076293945,4.920000076293945,4.920000076293945,800.0
2026-10-07 13:43:00,EVER.V,,0.23999999463558197,0.23999999463558197,0.23999999463558197,0.23999999463558197,5000.0
2026-10-07 13:43:00,FDR.V,,8.430000305175781,8.430000305175781,8.430000305175781,8.430000305175781,200.0
2026-10-07 13:43:00,GGO.V,,1.340000033378601,1.340000033378601,1.340000033378601,1.340000033378601,100.0
2026-10-07 13:43:00,GOT.V,,1.3899999856948853,1.3899999856948853,1.3899999856948853,1.3899999856948853,100.0
2026-10-07 13:43:00,GSVR.V,,0.375,0.375,0.375,0.375,6500.0
2026-10-07 13:43:00,GWM.V,,1.0,1.0,1.0,1.0,900.0
2026-10-07 13:43:00,KFR.V,,1.0149999856948853,1.0149999856948853,1.0149999856948853,1.0149999856948853,100.0
2026-10-07 13:43:00,LG.V,,0.38999998569488525,0.38999998569488525,0.38749998807907104,0.38999998569488525,9000.0
2026-10-07 13:43:00,LPS.V,,0.12999999523162842,0.12999999523162842,0.12999999523162842,0.12999999523162842,5500.0
2026-10-07 13:43:00,MINE.V,,0.14499999582767487,0.14499999582767487,0.14499999582767487,0.14499999582767487,2500.0
2026-10-07 13:43:00,PNG.V,,4.929999828338623,4.929999828338623,4.909999847412109,4.909999847412109,14388.0
2026-10-07 13:44:00,FDR.V,,8.460000038146973,8.520000457763672,8.460000038146973,8.479999542236328,3600.0
2026-10-07 13:44:00,GOT.V,,1.3899999856948853,1.3899999856948853,1.3899999856948853,1.3899999856948853,100.0
2026-10-07 13:44:00,GWM.V,,1.0,1.0,1.0,1.0,900.0
2026-10-07 13:44:00,KFR.V,,1.0199999809265137,1.0199999809265137,1.0149999856948853,1.0149999856948853,2000.0
2026-10-07 13:44:00,LG.V,,0.38999998569488525,0.38999998569488525,0.38999998569488525,0.38999998569488525,60000.0
2026-10-07 13:44:00,MLP.V,,2.190000057220459,2.190000057220459,2.190000057220459,2.190000057220459,100.0
2026-10-07 13:45:00,GGO.V,,1.340000033378601,1.340000033378601,1.340000033378601,1.340000033378601,500.0
2026-10-07 13:45:00,GOT.V,,1.3899999856948853,1.3899999856948853,1.3899999856948853,1.3899999856948853,100.0
2026-10-07 13:45:00,GWM.V,,1.0,1.0,1.0,1.0,800.0
2026-10-07 13:45:00,LG.V,,0.38499999046325684,0.38999998569488525,0.38499999046325684,0.38999998569488525,53000.0
2026-10-07 13:45:00,LIO.V,,0.16500000655651093,0.16500000655651093,0.16500000655651093,0.16500000655651093,3000.0
2026-10-07 13:45:00,LMN.V,,22.81999969482422,22.81999969482422,22.739999771118164,22.739999771118164,300.0
2026-10-07 13:45:00,MGM.V,,2.8399999141693115,2.8399999141693115,2.8399999141693115,2.8399999141693115,6700.0
2026-10-07 13:45:00,PNG.V,,4.929999828338623,4.929999828338623,4.929999828338623,4.929999828338623,2153.0
2026-10-07 13:46:00,FDR.V,,8.5,8.5,8.489999771118164,8.489999771118164,200.0
2026-10-07 13:46:00,GRSL.V,,0.2849999964237213,0.2849999964237213,0.2849999964237213,0.2849999964237213,39475.0
2026-10-07 13:46:00,GWM.V,,1.0,1.0,1.0,1.0,800.0
2026-10-07 13:46:00,KTO.V,,0.7599999904632568,0.7599999904632568,0.7599999904632568,0.7599999904632568,2000.0
2026-10-07 13:46:00,PNG.V,,4.949999809265137,4.949999809265137,4.940000057220459,4.940000057220459,21838.0
2026-10-07 13:46:00,WOLF.V,,1.649999976158142,1.659999966621399,1.649999976158142,1.659999966621399,0.0
2026-10-07 13:46:00,ZNG.V,,0.7099999785423279,0.7099999785423279,0.7099999785423279,0.7099999785423279,1000.0
2026-10-07 13:47:00,FDR.V,,8.5,8.5,8.470000267028809,8.5,600.0
2026-10-07 13:47:00,GOT.V,,1.3899999856948853,1.3899999856948853,1.3899999856948853,1.3899999856948853,200.0
2026-10-07 13:47:00,GSVR.V,,0.3700000047683716,0.375,0.3700000047683716,0.375,3352.0
2026-10-07 13:47:00,GWM.V,,1.0,1.0,1.0,1.0,1000.0
2026-10-07 13:47:00,IPT.V,,0.25,0.25,0.25,0.25,6247.0
2026-10-07 13:47:00,KC.V,,0.38499999046325684,0.38499999046325684,0.38499999046325684,0.38499999046325684,1000.0
2026-10-07 13:47:00,KTN.V,,1.100000023841858,1.100000023841858,1.100000023841858,1.100000023841858,2400.0
2026-10-07 13:47:00,LMN.V,,22.709999084472656,22.709999084472656,22.709999084472656,22.709999084472656,100.0
2026-10-07 13:47:00,MLP.V,,2.180000066757202,2.190000057220459,2.180000066757202,2.190000057220459,600.0
2026-10-07 13:47:00,NURS.V,,3.440000057220459,3.440000057220459,3.440000057220459,3.440000057220459,100.0
2026-10-07 13:47:00,PNG.V,,4.949999809265137,4.960000038146973,4.949999809265137,4.960000038146973,1615.0
2026-10-07 13:48:00,FDR.V,,8.460000038146973,8.489999771118164,8.460000038146973,8.489999771118164,600.0
2026-10-07 13:48:00,GGO.V,,1.340000033378601,1.340000033378601,1.340000033378601,1.340000033378601,600.0
2026-10-07 13:48:00,GWM.V,,1.0,1.0,1.0,1.0,700.0
2026-10-07 13:48:00,KFR.V,,1.0199999809265137,1.0199999809265137,1.0199999809265137,1.0199999809265137,19800.0
2026-10-07 13:48:00,KTO.V,,0.7599999904632568,0.7599999904632568,0.7599999904632568,0.7599999904632568,11000.0
2026-10-07 13:48:00,LMN.V,,22.709999084472656,22.709999084472656,22.709999084472656,22.709999084472656,200.0
2026-10-07 13:48:00,PNG.V,,4.929999828338623,4.949999809265137,4.929999828338623,4.949999809265137,7901.0
2026-10-07 13:49:00,FDR.V,,8.489999771118164,8.489999771118164,8.479999542236328,8.489999771118164,400.0
2026-10-07 13:49:00,FL.V,,0.41999998688697815,0.41999998688697815,0.41999998688697815,0.41999998688697815,500.0
2026-10-07 13:49:00,GWM.V,,1.0,1.0,1.0,1.0,800.0
2026-10-07 13:49:00,LMN.V,,22.709999084472656,22.709999084472656,22.709999084472656,22.709999084472656,100.0
2026-10-07 13:49:00,MN.V,,0.08500000089406967,0.09000000357627869,0.08500000089406967,0.09000000357627869,13668.0
2026-10-07 13:49:00,PNG.V,,4.940000057220459,4.940000057220459,4.940000057220459,4.940000057220459,1850.0
2026-10-07 13:50:00,FDR.V,,8.479999542236328,8.489999771118164,8.470000267028809,8.489999771118164,500.0
2026-10-07 13:50:00,GGI.V,,0.06499999761581421,0.06499999761581421,0.06499999761581421,0.06499999761581421,0.0
2026-10-07 13:50:00,GGO.V,,1.340000033378601,1.340000033378601,1.340000033378601,1.340000033378601,100.0
2026-10-07 13:50:00,GWM.V,,1.0,1.0,1.0,1.0,900.0
2026-10-07 13:50:00,HME.V,,2.25,2.25,2.25,2.25,100.0
2026-10-07 13:50:00,KIP.V,,0.20000000298023224,0.20000000298023224,0.20000000298023224,0.20000000298023224,1000.0
2026-10-07 13:50:00,LIFT.V,,2.0299999713897705,2.0299999713897705,2.0299999713897705,2.0299999713897705,100.0
2026-10-07 13:50:00,LMN.V,,22.709999084472656,22.709999084472656,22.709999084472656,22.709999084472656,105.0
2026-10-07 13:50:00,MN.V,,0.09000000357627869,0.09000000357627869,0.09000000357627869,0.09000000357627869,13336.0
2026-10-07 13:50:00,PNG.V,,4.949999809265137,4.949999809265137,4.940000057220459,4.940000057220459,930.0
2026-10-07 13:51:00,FDR.V,,8.460000038146973,8.479999542236328,8.449999809265137,8.479999542236328,9650.0
2026-10-07 13:51:00,FWZ.V,,2.7899999618530273,2.7899999618530273,2.7899999618530273,2.7899999618530273,766.0
2026-10-07 13:51:00,GWM.V,,1.0,1.0,1.0,1.0,900.0
2026-10-07 13:51:00,IPT.V,,0.25,0.25,0.25,0.25,6500.0
2026-10-07 13:51:00,KNG.V,,1.0,1.0,1.0,1.0,2600.0
2026-10-07 13:51:00,KRI.V,,0.20999999344348907,0.20999999344348907,0.20999999344348907,0.20999999344348907,500.0
2026-10-07 13:51:00,LMN.V,,22.709999084472656,22.709999084472656,22.709999084472656,22.709999084472656,100.0
2026-10-07 13:51:00,LTH.V,,0.5,0.5,0.5,0.5,500.0
2026-10-07 13:51:00,PNG.V,,4.960000038146973,4.960000038146973,4.949999809265137,4.949999809265137,4100.0
2026-10-07 13:52:00,FWZ.V,,2.7899999618530273,2.7899999618530273,2.7899999618530273,2.7899999618530273,600.0
2026-10-07 13:52:00,GGO.V,,1.340000033378601,1.340000033378601,1.340000033378601,1.340000033378601,580.0
2026-10-07 13:52:00,GRDM.V,,0.1899999976158142,0.1899999976158142,0.1899999976158142,0.1899999976158142,22600.0
2026-10-07 13:52:00,GWM.V,,1.0,1.0,1.0,1.0,900.0
2026-10-07 13:52:00,HPL.V,,0.3149999976158142,0.3149999976158142,0.3149999976158142,0.3149999976158142,22500.0
2026-10-07 13:52:00,KRI.V,,0.2150000035762787,0.2150000035762787,0.2150000035762787,0.2150000035762787,1000.0
2026-10-07 13:52:00,LMN.V,,22.709999084472656,22.709999084472656,22.709999084472656,22.709999084472656,100.0
2026-10-07 13:52:00,LTH.V,,0.5,0.5,0.5,0.5,500.0
2026-10-07 13:52:00,LUCA.V,,1.0800000429153442,1.0800000429153442,1.0800000429153442,1.0800000429153442,100.0
2026-10-07 13:52:00,MLP.V,,2.190000057220459,2.190000057220459,2.190000057220459,2.190000057220459,100.0
2026-10-07 13:52:00,MN.V,,0.09000000357627869,0.09000000357627869,0.09000000357627869,0.09000000357627869,4000.0
2026-10-07 13:52:00,PNG.V,,4.929999828338623,4.949999809265137,4.929999828338623,4.949999809265137,2908.0
2026-10-07 13:53:00,FDR.V,,8.460000038146973,8.460000038146973,8.460000038146973,8.460000038146973,100.0
2026-10-07 13:53:00,FWZ.V,,2.7850000858306885,2.7850000858306885,2.7850000858306885,2.7850000858306885,100.0
2026-10-07 13:53:00,GGO.V,,1.340000033378601,1.340000033378601,1.340000033378601,1.340000033378601,400.0
2026-10-07 13:53:00,GOT.V,,1.3799999952316284,1.3799999952316284,1.3799999952316284,1.3799999952316284,1200.0
2026-10-07 13:53:00,GWM.V,,1.0,1.0099999904632568,1.0,1.0,107800.0
2026-10-07 13:53:00,ITR.V,,3.630000114440918,3.630000114440918,3.619999885559082,3.619999885559082,500.0
2026-10-07 13:53:00,LMN.V,,22.709999084472656,22.709999084472656,22.709999084472656,22.709999084472656,100.0
2026-10-07 13:53:00,LUCA.V,,1.0800000429153442,1.0800000429153442,1.0800000429153442,1.0800000429153442,78900.0
2026-10-07 13:53:00,MTA.V,,12.34000015258789,12.34000015258789,12.34000015258789,12.34000015258789,400.0
2026-10-07 13:53:00,PNG.V,,4.940000057220459,4.940000057220459,4.940000057220459,4.940000057220459,900.0
2026-10-07 13:54:00,GGO.V,,1.340000033378601,1.340000033378601,1.340000033378601,1.340000033378601,100.0
2026-10-07 13:54:00,GWM.V,,1.0,1.0099999904632568,1.0,1.0099999904632568,900.0
2026-10-07 13:54:00,ITR.V,,3.630000114440918,3.630000114440918,3.630000114440918,3.630000114440918,200.0
2026-10-07 13:54:00,KTO.V,,0.7599999904632568,0.7599999904632568,0.7599999904632568,0.7599999904632568,5000.0
2026-10-07 13:54:00,LMN.V,,22.829999923706055,22.829999923706055,22.81999969482422,22.829999923706055,900.0
2026-10-07 13:54:00,LUCA.V,,1.0800000429153442,1.0800000429153442,1.0800000429153442,1.0800000429153442,100.0
2026-10-07 13:54:00,PNG.V,,4.940000057220459,4.940000057220459,4.940000057220459,4.940000057220459,100.0
2026-10-07 13:55:00,FDR.V,,8.420000076293945,8.430000305175781,8.420000076293945,8.430000305175781,2000.0
2026-10-07 13:55:00,GGO.V,,1.3450000286102295,1.3450000286102295,1.3450000286102295,1.3450000286102295,500.0
2026-10-07 13:55:00,GOT.V,,1.3799999952316284,1.3799999952316284,1.3799999952316284,1.3799999952316284,100.0
2026-10-07 13:55:00,GWM.V,,1.0099999904632568,1.0099999904632568,1.0,1.0,54100.0
2026-10-07 13:55:00,HME.V,,2.244999885559082,2.244999885559082,2.244999885559082,2.244999885559082,140.0
2026-10-07 13:55:00,HPQ.V,,0.12999999523162842,0.12999999523162842,0.12999999523162842,0.12999999523162842,1000.0
2026-10-07 13:55:00,ILI.V,,0.014999999664723873,0.014999999664723873,0.014999999664723873,0.014999999664723873,0.0
2026-10-07 13:55:00,LMN.V,,22.844999313354492,22.844999313354492,22.799999237060547,22.799999237060547,1075.0
2026-10-07 13:55:00,LUCA.V,,1.0800000429153442,1.0800000429153442,1.0800000429153442,1.0800000429153442,100.0
2026-10-07 13:55:00,PNG.V,,4.940000057220459,4.940000057220459,4.929999828338623,4.929999828338623,5300.0
2026-10-07 13:56:00,FL.V,,0.41999998688697815,0.41999998688697815,0.41999998688697815,0.41999998688697815,500.0
2026-10-07 13:56:00,GOT.V,,1.3799999952316284,1.3799999952316284,1.3799999952316284,1.3799999952316284,400.0
2026-10-07 13:56:00,GWM.V,,1.0099999904632568,1.0199999809265137,1.0099999904632568,1.0099999904632568,19700.0
2026-10-07 13:56:00,KFR.V,,1.0199999809265137,1.0199999809265137,1.0199999809265137,1.0199999809265137,2000.0
2026-10-07 13:56:00,LME.V,,0.14499999582767487,0.14499999582767487,0.14499999582767487,0.14499999582767487,500.0
2026-10-07 13:56:00,LTH.V,,0.5,0.5,0.5,0.5,500.0
2026-10-07 13:57:00,EQTY.V,,0.10000000149011612,0.10000000149011612,0.10000000149011612,0.10000000149011612,6500.0
2026-10-07 13:57:00,FDR.V,,8.420000076293945,8.420000076293945,8.420000076293945,8.420000076293945,1400.0
2026-10-07 13:57:00,FG.V,,0.029999999329447746,0.029999999329447746,0.029999999329447746,0.029999999329447746,10000.0
2026-10-07 13:57:00,FOR.V,,0.6299999952316284,0.6299999952316284,0.6299999952316284,0.6299999952316284,7000.0
2026-10-07 13:57:00,GOT.V,,1.3799999952316284,1.3799999952316284,1.3799999952316284,1.3799999952316284,100.0
2026-10-07 13:57:00,GSVR.V,,0.3700000047683716,0.375,0.3700000047683716,0.375,7500.0
2026-10-07 13:57:00,GWM.V,,1.0099999904632568,1.0099999904632568,1.0099999904632568,1.0099999904632568,700.0
2026-10-07 13:57:00,LG.V,,0.38999998569488525,0.38999998569488525,0.38999998569488525,0.38999998569488525,5000.0
2026-10-07 13:57:00,LPS.V,,0.12999999523162842,0.12999999523162842,0.12999999523162842,0.12999999523162842,77500.0
2026-10-07 13:57:00,LUCA.V,,1.0800000429153442,1.0800000429153442,1.0800000429153442,1.0800000429153442,100.0
2026-10-07 13:57:00,MLP.V,,2.190000057220459,2.190000057220459,2.190000057220459,2.190000057220459,100.0
2026-10-07 13:57:00,PNG.V,,4.940000057220459,4.949999809265137,4.929999828338623,4.949999809265137,20559.0
2026-10-07 13:58:00,EVER.V,,0.23999999463558197,0.23999999463558197,0.23999999463558197,0.23999999463558197,1000.0
2026-10-07 13:58:00,FDR.V,,8.460000038146973,8.460000038146973,8.4399995803833,8.444999694824219,2700.0
2026-10-07 13:58:00,FG.V,,0.029999999329447746,0.029999999329447746,0.029999999329447746,0.029999999329447746,7000.0
2026-10-07 13:58:00,GWM.V,,1.0099999904632568,1.0099999904632568,1.0099999904632568,1.0099999904632568,1000.0
2026-10-07 13:58:00,KTN.V,,1.090000033378601,1.090000033378601,1.090000033378601,1.090000033378601,100.0
2026-10-07 13:58:00,LG.V,,0.38999998569488525,0.38999998569488525,0.38999998569488525,0.38999998569488525,10109.0
2026-10-07 13:58:00,LIO.V,,0.16500000655651093,0.16500000655651093,0.16500000655651093,0.16500000655651093,1000.0
2026-10-07 13:58:00,LUCA.V,,1.0800000429153442,1.0800000429153442,1.0800000429153442,1.0800000429153442,100.0
2026-10-07 13:59:00,GWM.V,,1.0099999904632568,1.0099999904632568,1.0099999904632568,1.0099999904632568,900.0
2026-10-07 13:59:00,LIO.V,,0.16500000655651093,0.16500000655651093,0.16500000655651093,0.16500000655651093,15000.0
2026-10-07 13:59:00,LUCA.V,,1.0800000429153442,1.0800000429153442,1.0750000476837158,1.0800000429153442,127800.0
2026-10-07 13:59:00,LVX.V,,0.4000000059604645,0.4000000059604645,0.4000000059604645,0.4000000059604645,2000.0
2026-10-07 13:59:00,MLP.V,,2.190000057220459,2.190000057220459,2.190000057220459,2.190000057220459,100.0
2026-10-07 14:00:00,FFOX.V,,0.6000000238418579,0.6000000238418579,0.6000000238418579,0.6000000238418579,625.0
2026-10-07 14:00:00,FWZ.V,,2.7850000858306885,2.7850000858306885,2.7799999713897705,2.7799999713897705,7200.0
2026-10-07 14:00:00,GGO.V,,1.340000033378601,1.340000033378601,1.340000033378601,1.340000033378601,400.0
2026-10-07 14:00:00,GWM.V,,1.0099999904632568,1.0099999904632568,1.0099999904632568,1.0099999904632568,900.0
2026-10-07 14:00:00,HMT.V,,1.100000023841858,1.100000023841858,1.100000023841858,1.100000023841858,1000.0
2026-10-07 14:00:00,IRR.V,,1.1799999475479126,1.1799999475479126,1.1799999475479126,1.1799999475479126,1500.0
2026-10-07 14:00:00,LME.V,,0.15000000596046448,0.15000000596046448,0.15000000596046448,0.15000000596046448,5000.0
2026-10-07 14:00:00,LMN.V,,22.790000915527344,22.790000915527344,22.729999542236328,22.729999542236328,600.0
2026-10-07 14:00:00,LUCA.V,,1.0800000429153442,1.0800000429153442,1.0800000429153442,1.0800000429153442,200.0
2026-10-07 14:00:00,MTA.V,,12.3100004196167,12.3100004196167,12.3100004196167,12.3100004196167,200.0
2026-10-07 14:00:00,PNG.V,,4.940000057220459,4.940000057220459,4.929999828338623,4.940000057220459,1824.0
2026-10-07 14:01:00,FDR.V,,8.460000038146973,8.460000038146973,8.460000038146973,8.460000038146973,100.0
2026-10-07 14:01:00,GGO.V,,1.340000033378601,1.340000033378601,1.340000033378601,1.340000033378601,100.0
2026-10-07 14:01:00,GWM.V,,1.0099999904632568,1.0099999904632568,1.0099999904632568,1.0099999904632568,1200.0
2026-10-07 14:01:00,LUCA.V,,1.0800000429153442,1.0800000429153442,1.0800000429153442,1.0800000429153442,200.0
2026-10-07 14:01:00,PNG.V,,4.934999942779541,4.934999942779541,4.934999942779541,4.934999942779541,283.0
2026-10-07 14:02:00,FRED.V,,0.6600000262260437,0.6600000262260437,0.6600000262260437,0.6600000262260437,2100.0
2026-10-07 14:02:00,GPG.V,,0.2800000011920929,0.2800000011920929,0.2800000011920929,0.2800000011920929,5000.0
2026-10-07 14:02:00,GPM.V,,0.07000000029802322,0.07000000029802322,0.07000000029802322,0.07000000029802322,169000.0
2026-10-07 14:02:00,GSI.V,,1.6699999570846558,1.6699999570846558,1.6699999570846558,1.6699999570846558,2200.0
2026-10-07 14:02:00,GWM.V,,1.0099999904632568,1.0099999904632568,1.0099999904632568,1.0099999904632568,800.0
2026-10-07 14:02:00,KTN.V,,1.090000033378601,1.090000033378601,1.090000033378601,1.090000033378601,2210.0
2026-10-07 14:02:00,LUCA.V,,1.0800000429153442,1.0800000429153442,1.0800000429153442,1.0800000429153442,100.0
2026-10-07 14:02:00,PNG.V,,4.929999828338623,4.929999828338623,4.929999828338623,4.929999828338623,400.0
2026-10-07 14:03:00,FDR.V,,8.449999809265137,8.449999809265137,8.449999809265137,8.449999809265137,100.0
2026-10-07 14:03:00,GGO.V,,1.340000033378601,1.340000033378601,1.340000033378601,1.340000033378601,100.0
2026-10-07 14:03:00,GSI.V,,1.6699999570846558,1.6699999570846558,1.6699999570846558,1.6699999570846558,4800.0
2026-10-07 14:03:00,GWM.V,,1.0099999904632568,1.0099999904632568,1.0099999904632568,1.0099999904632568,1200.0
2026-10-07 14:03:00,LMN.V,,22.69499969482422,22.69499969482422,22.69499969482422,22.69499969482422,100.0
2026-10-07 14:03:00,LUCA.V,,1.0800000429153442,1.0800000429153442,1.0800000429153442,1.0800000429153442,100.0
2026-10-07 14:03:00,MLP.V,,2.190000057220459,2.190000057220459,2.190000057220459,2.190000057220459,100.0
2026-10-07 14:03:00,PNG.V,,4.940000057220459,4.940000057220459,4.929999828338623,4.934999942779541,600.0
2026-10-07 14:04:00,FL.V,,0.41999998688697815,0.41999998688697815,0.41999998688697815,0.41999998688697815,500.0
2026-10-07 14:04:00,GGO.V,,1.340000033378601,1.340000033378601,1.340000033378601,1.340000033378601,100.0
2026-10-07 14:04:00,GWM.V,,1.0099999904632568,1.0099999904632568,1.0099999904632568,1.0099999904632568,2000.0
2026-10-07 14:04:00,KTO.V,,0.7599999904632568,0.7599999904632568,0.7599999904632568,0.7599999904632568,500.0
2026-10-07 14:04:00,LMN.V,,22.809999465942383,22.809999465942383,22.770000457763672,22.770000457763672,898.0
2026-10-07 14:04:00,LUCA.V,,1.0800000429153442,1.090000033378601,1.0800000429153442,1.0850000381469727,2300.0
2026-10-07 14:04:00,MTA.V,,12.329999923706055,12.329999923706055,12.329999923706055,12.329999923706055,100.0
2026-10-07 14:04:00,PNG.V,,4.940000057220459,4.940000057220459,4.940000057220459,4.940000057220459,1400.0
2026-10-07 14:05:00,FDR.V,,8.449999809265137,8.460000038146973,8.449999809265137,8.460000038146973,300.0
2026-10-07 14:05:00,GGO.V,,1.340000033378601,1.340000033378601,1.340000033378601,1.340000033378601,600.0
2026-10-07 14:05:00,GSVR.V,,0.3700000047683716,0.375,0.3700000047683716,0.375,1500.0
2026-10-07 14:05:00,GWM.V,,1.0099999904632568,1.0099999904632568,1.0099999904632568,1.0099999904632568,800.0
2026-10-07 14:05:00,JG.V,,0.11999999731779099,0.11999999731779099,0.11999999731779099,0.11999999731779099,500.0
2026-10-07 14:05:00,KLD.V,,2.4200000762939453,2.4200000762939453,2.390000104904175,2.390000104904175,2700.0
2026-10-07 14:05:00,LIFT.V,,2.0299999713897705,2.0299999713897705,2.0299999713897705,2.0299999713897705,100.0
2026-10-07 14:05:00,LUCA.V,,1.0800000429153442,1.0800000429153442,1.0800000429153442,1.0800000429153442,100.0
2026-10-07 14:05:00,PNG.V,,4.940000057220459,4.949999809265137,4.940000057220459,4.940000057220459,4300.0
2026-10-07 14:06:00,BIG.V,,1.159999966621399,1.159999966621399,1.159999966621399,1.159999966621399,3000.0
2026-10-07 14:06:00,FDR.V,,8.489999771118164,8.489999771118164,8.479999542236328,8.489999771118164,500.0
2026-10-07 14:06:00,GWM.V,,1.0099999904632568,1.0099999904632568,1.0099999904632568,1.0099999904632568,900.0
2026-10-07 14:06:00,INTR.V,,0.8399999737739563,0.8399999737739563,0.8399999737739563,0.8399999737739563,1000.0
2026-10-07 14:06:00,LIO.V,,0.16500000655651093,0.16500000655651093,0.16500000655651093,0.16500000655651093,500.0
2026-10-07 14:06:00,PNG.V,,4.929999828338623,4.929999828338623,4.929999828338623,4.929999828338623,100.0
2026-10-07 14:07:00,FDR.V,,8.460000038146973,8.489999771118164,8.460000038146973,8.489999771118164,600.0
2026-10-07 14:07:00,GWM.V,,1.0199999809265137,1.0199999809265137,1.0199999809265137,1.0199999809265137,1000.0
2026-10-07 14:07:00,JUGR.V,,0.41999998688697815,0.41999998688697815,0.41999998688697815,0.41999998688697815,5000.0
2026-10-07 14:07:00,LUCA.V,,1.0800000429153442,1.0800000429153442,1.0800000429153442,1.0800000429153442,100.0
2026-10-07 14:07:00,PNG.V,,4.929999828338623,4.949999809265137,4.929999828338623,4.940000057220459,23300.0
2026-10-07 14:08:00,FDR.V,,8.479999542236328,8.479999542236328,8.479999542236328,8.479999542236328,300.0
2026-10-07 14:08:00,FL.V,,0.41999998688697815,0.41999998688697815,0.41999998688697815,0.41999998688697815,500.0
2026-10-07 14:08:00,FWZ.V,,2.7799999713897705,2.7799999713897705,2.7799999713897705,2.7799999713897705,200.0
2026-10-07 14:08:00,GGO.V,,1.340000033378601,1.340000033378601,1.340000033378601,1.340000033378601,200.0
2026-10-07 14:08:00,GWM.V,,1.0199999809265137,1.0199999809265137,1.0199999809265137,1.0199999809265137,1100.0
2026-10-07 14:08:00,IPT.V,,0.25,0.25,0.25,0.25,4000.0
2026-10-07 14:08:00,ITR.V,,3.609999895095825,3.609999895095825,3.609999895095825,3.609999895095825,200.0
2026-10-07 14:08:00,KTO.V,,0.7599999904632568,0.7599999904632568,0.7599999904632568,0.7599999904632568,500.0
2026-10-07 14:08:00,LIO.V,,0.16500000655651093,0.16500000655651093,0.16500000655651093,0.16500000655651093,91000.0
2026-10-07 14:08:00,LMN.V,,22.829999923706055,22.829999923706055,22.809999465942383,22.809999465942383,400.0
2026-10-07 14:08:00,LTH.V,,0.5,0.5,0.5,0.5,500.0
2026-10-07 14:08:00,LUCA.V,,1.0800000429153442,1.0800000429153442,1.0800000429153442,1.0800000429153442,100.0
2026-10-07 14:08:00,MLP.V,,2.1600000858306885,2.1700000762939453,2.1500000953674316,2.1700000762939453,6705.0
2026-10-07 14:08:00,MTA.V,,12.34000015258789,12.34000015258789,12.34000015258789,12.34000015258789,100.0
2026-10-07 14:08:00,PNG.V,,4.940000057220459,4.940000057220459,4.940000057220459,4.940000057220459,4000.0
2026-10-07 14:08:00,TEST-H.V,,0.009999999776482582,0.009999999776482582,0.009999999776482582,0.009999999776482582,0.0
2026-10-07 14:09:00,FDR.V,,8.479999542236328,8.479999542236328,8.460000038146973,8.479999542236328,2300.0
2026-10-07 14:09:00,FRED.V,,0.6600000262260437,0.6600000262260437,0.6600000262260437,0.6600000262260437,500.0
2026-10-07 14:09:00,GGO.V,,1.340000033378601,1.340000033378601,1.340000033378601,1.340000033378601,100.0
2026-10-07 14:09:00,GSI.V,,1.6699999570846558,1.6699999570846558,1.6699999570846558,1.6699999570846558,398.0
2026-10-07 14:09:00,GWM.V,,1.0199999809265137,1.0199999809265137,1.0199999809265137,1.0199999809265137,1000.0
2026-10-07 14:09:00,LUCA.V,,1.0800000429153442,1.0800000429153442,1.0800000429153442,1.0800000429153442,100.0
2026-10-07 14:09:00,LVG.V,,0.3499999940395355,0.3499999940395355,0.3449999988079071,0.3449999988079071,14664.0
2026-10-07 14:09:00,MLP.V,,2.1600000858306885,2.1600000858306885,2.1600000858306885,2.1600000858306885,700.0
2026-10-07 14:09:00,PNG.V,,4.920000076293945,4.929999828338623,4.920000076293945,4.929999828338623,5854.0
2026-10-07 14:10:00,BIG.V,,1.159999966621399,1.159999966621399,1.159999966621399,1.159999966621399,800.0
2026-10-07 14:10:00,FWZ.V,,2.7850000858306885,2.7850000858306885,2.7850000858306885,2.7850000858306885,100.0
2026-10-07 14:10:00,GGO.V,,1.340000033378601,1.340000033378601,1.340000033378601,1.340000033378601,600.0
2026-10-07 14:10:00,GWM.V,,1.0199999809265137,1.0199999809265137,1.0199999809265137,1.0199999809265137,1000.0
2026-10-07 14:10:00,ITR.V,,3.619999885559082,3.619999885559082,3.619999885559082,3.619999885559082,200.0
2026-10-07 14:10:00,LME.V,,0.15000000596046448,0.15000000596046448,0.15000000596046448,0.15000000596046448,49000.0
2026-10-07 14:10:00,PNG.V,,4.920000076293945,4.920000076293945,4.920000076293945,4.920000076293945,4100.0
2026-10-07 14:10:00,ROAR.V,,0.2150000035762787,0.2150000035762787,0.2150000035762787,0.2150000035762787,5000.0
2026-10-07 14:11:00,BIG.V,,1.159999966621399,1.159999966621399,1.159999966621399,1.159999966621399,1600.0
2026-10-07 14:11:00,FDR.V,,8.449999809265137,8.479999542236328,8.4399995803833,8.449999809265137,5800.0
2026-10-07 14:11:00,FWZ.V,,2.7799999713897705,2.7799999713897705,2.7799999713897705,2.7799999713897705,850.0
2026-10-07 14:11:00,GGO.V,,1.340000033378601,1.340000033378601,1.340000033378601,1.340000033378601,100.0
2026-10-07 14:11:00,GWM.V,,1.0199999809265137,1.0199999809265137,1.0199999809265137,1.0199999809265137,1000.0
2026-10-07 14:11:00,KTO.V,,0.7599999904632568,0.7599999904632568,0.7599999904632568,0.7599999904632568,500.0
2026-10-07 14:11:00,LIO.V,,0.16500000655651093,0.16500000655651093,0.16500000655651093,0.16500000655651093,1709.0
2026-10-07 14:11:00,LUCA.V,,1.0800000429153442,1.0800000429153442,1.0800000429153442,1.0800000429153442,100.0
2026-10-07 14:11:00,PNG.V,,4.920000076293945,4.920000076293945,4.909999847412109,4.914999961853027,7800.0
2026-10-07 14:12:00,BIG.V,,1.159999966621399,1.159999966621399,1.159999966621399,1.159999966621399,1600.0
2026-10-07 14:12:00,EQTY.V,,0.10499999672174454,0.10499999672174454,0.10499999672174454,0.10499999672174454,87500.0
2026-10-07 14:12:00,GWM.V,,1.0199999809265137,1.0199999809265137,1.0199999809265137,1.0199999809265137,1000.0
2026-10-07 14:12:00,ITR.V,,3.619999885559082,3.619999885559082,3.619999885559082,3.619999885559082,500.0
2026-10-07 14:12:00,PNG.V,,4.929999828338623,4.929999828338623,4.929999828338623,4.929999828338623,100.0
2026-10-07 14:13:00,BIG.V,,1.159999966621399,1.159999966621399,1.159999966621399,1.159999966621399,615.0
2026-10-07 14:13:00,FDR.V,,8.449999809265137,8.449999809265137,8.449999809265137,8.449999809265137,5868.0
2026-10-07 14:13:00,FWZ.V,,2.7699999809265137,2.7699999809265137,2.7699999809265137,2.7699999809265137,1100.0
2026-10-07 14:13:00,GGO.V,,1.340000033378601,1.340000033378601,1.340000033378601,1.340000033378601,3100.0
2026-10-07 14:13:00,GOT.V,,1.3799999952316284,1.3799999952316284,1.3799999952316284,1.3799999952316284,100.0
2026-10-07 14:13:00,GWM.V,,1.0099999904632568,1.0099999904632568,1.0099999904632568,1.0099999904632568,2400.0
2026-10-07 14:13:00,LCX.V,,1.75,1.75,1.75,1.75,100.0
2026-10-07 14:13:00,LG.V,,0.38499999046325684,0.38499999046325684,0.38499999046325684,0.38499999046325684,5000.0
2026-10-07 14:13:00,LUCA.V,,1.0800000429153442,1.0800000429153442,1.0750000476837158,1.0800000429153442,63800.0
2026-10-07 14:13:00,MLP.V,,2.1700000762939453,2.1700000762939453,2.1700000762939453,2.1700000762939453,100.0
2026-10-07 14:13:00,PNG.V,,4.929999828338623,4.929999828338623,4.929999828338623,4.929999828338623,2500.0
2026-10-07 14:14:00,FRED.V,,0.6600000262260437,0.6600000262260437,0.6600000262260437,0.6600000262260437,1000.0
2026-10-07 14:14:00,GGO.V,,1.340000033378601,1.340000033378601,1.340000033378601,1.340000033378601,700.0
2026-10-07 14:14:00,IPT.V,,0.2549999952316284,0.2549999952316284,0.2549999952316284,0.2549999952316284,1000.0
2026-10-07 14:14:00,LUCA.V,,1.0750000476837158,1.0750000476837158,1.0750000476837158,1.0750000476837158,100.0
2026-10-07 14:14:00,MLP.V,,2.1700000762939453,2.1700000762939453,2.1700000762939453,2.1700000762939453,200.0
2026-10-07 14:14:00,MMX.V,,0.04500000178813934,0.05000000074505806,0.04500000178813934,0.05000000074505806,0.0
2026-10-07 14:14:00,PNG.V,,4.920000076293945,4.929999828338623,4.920000076293945,4.929999828338623,686.0
2026-10-07 14:15:00,GGO.V,,1.340000033378601,1.340000033378601,1.340000033378601,1.340000033378601,100.0
2026-10-07 14:15:00,GSVR.V,,0.3774999976158142,0.3774999976158142,0.3774999976158142,0.3774999976158142,1000.0
2026-10-07 14:15:00,KRI.V,,0.20999999344348907,0.20999999344348907,0.20999999344348907,0.20999999344348907,4000.0
2026-10-07 14:15:00,KTO.V,,0.7599999904632568,0.7599999904632568,0.7599999904632568,0.7599999904632568,500.0
2026-10-07 14:15:00,LUCA.V,,1.0750000476837158,1.0750000476837158,1.0750000476837158,1.0750000476837158,100.0
2026-10-07 14:15:00,MLP.V,,2.1700000762939453,2.1700000762939453,2.1700000762939453,2.1700000762939453,200.0
2026-10-07 14:15:00,PNG.V,,4.920000076293945,4.920000076293945,4.920000076293945,4.920000076293945,1548.0
2026-10-07 14:16:00,BIG.V,,1.159999966621399,1.159999966621399,1.159999966621399,1.159999966621399,800.0
2026-10-07 14:16:00,FDR.V,,8.449999809265137,8.46500015258789,8.449999809265137,8.46500015258789,600.0
2026-10-07 14:16:00,KRI.V,,0.2199999988079071,0.2199999988079071,0.20999999344348907,0.20999999344348907,16500.0
2026-10-07 14:16:00,LUCA.V,,1.0750000476837158,1.0750000476837158,1.0750000476837158,1.0750000476837158,100.0
2026-10-07 14:16:00,MLP.V,,2.180000066757202,2.180000066757202,2.1700000762939453,2.1700000762939453,2100.0
2026-10-07 14:16:00,MTA.V,,12.40999984741211,12.420000076293945,12.40999984741211,12.420000076293945,200.0
2026-10-07 14:16:00,PNG.V,,4.929999828338623,4.929999828338623,4.920000076293945,4.920000076293945,1700.0
2026-10-07 14:17:00,BIG.V,,1.159999966621399,1.159999966621399,1.159999966621399,1.159999966621399,800.0
2026-10-07 14:17:00,FDR.V,,8.4399995803833,8.4399995803833,8.4399995803833,8.4399995803833,100.0
2026-10-07 14:17:00,FOBI.V,,0.029999999329447746,0.029999999329447746,0.029999999329447746,0.029999999329447746,85000.0
2026-10-07 14:17:00,GGO.V,,1.340000033378601,1.340000033378601,1.340000033378601,1.340000033378601,700.0
2026-10-07 14:17:00,GRDM.V,,0.19499999284744263,0.19499999284744263,0.19499999284744263,0.19499999284744263,5200.0
2026-10-07 14:17:00,GWM.V,,1.0199999809265137,1.0199999809265137,1.0199999809265137,1.0199999809265137,100.0
2026-10-07 14:17:00,LUCA.V,,1.0750000476837158,1.0750000476837158,1.0750000476837158,1.0750000476837158,100.0
2026-10-07 14:17:00,PNG.V,,4.929999828338623,4.929999828338623,4.929999828338623,4.929999828338623,500.0
2026-10-07 14:18:00,FDR.V,,8.470000267028809,8.470000267028809,8.449999809265137,8.449999809265137,8600.0
2026-10-07 14:18:00,GOT.V,,1.3899999856948853,1.3899999856948853,1.3899999856948853,1.3899999856948853,1135.0
2026-10-07 14:18:00,GSI.V,,1.6699999570846558,1.6699999570846558,1.6699999570846558,1.6699999570846558,200.0
2026-10-07 14:18:00,GWM.V,,1.0199999809265137,1.0199999809265137,1.0199999809265137,1.0199999809265137,400.0
2026-10-07 14:18:00,MLP.V,,2.180000066757202,2.180000066757202,2.180000066757202,2.180000066757202,100.0
2026-10-07 14:18:00,PNG.V,,4.920000076293945,4.920000076293945,4.920000076293945,4.920000076293945,1600.0
2026-10-07 14:18:00,ZNG.V,,0.7099999785423279,0.7200000286102295,0.7099999785423279,0.7200000286102295,3500.0
2026-10-07 14:19:00,FDR.V,,8.470000267028809,8.470000267028809,8.470000267028809,8.470000267028809,100.0
2026-10-07 14:19:00,GWM.V,,1.0199999809265137,1.0199999809265137,1.0199999809265137,1.0199999809265137,400.0
2026-10-07 14:19:00,KFR.V,,1.0199999809265137,1.0199999809265137,1.0199999809265137,1.0199999809265137,2200.0
2026-10-07 14:19:00,KTO.V,,0.7599999904632568,0.7599999904632568,0.7599999904632568,0.7599999904632568,500.0
2026-10-07 14:19:00,LUCA.V,,1.0750000476837158,1.0750000476837158,1.0750000476837158,1.0750000476837158,100.0
2026-10-07 14:19:00,MLP.V,,2.180000066757202,2.180000066757202,2.180000066757202,2.180000066757202,100.0
2026-10-07 14:19:00,PNG.V,,4.920000076293945,4.920000076293945,4.920000076293945,4.920000076293945,200.0
2026-10-07 14:19:00,ZNG.V,,0.7200000286102295,0.7200000286102295,0.7200000286102295,0.7200000286102295,500.0
2026-10-07 14:20:00,BIG.V,,1.159999966621399,1.159999966621399,1.159999966621399,1.159999966621399,1000.0
2026-10-07 14:20:00,FDR.V,,8.449999809265137,8.470000267028809,8.449999809265137,8.470000267028809,2000.0
2026-10-07 14:20:00,FL.V,,0.42250001430511475,0.42250001430511475,0.42250001430511475,0.42250001430511475,500.0
2026-10-07 14:20:00,GSVR.V,,0.375,0.3774999976158142,0.375,0.3774999976158142,4000.0
2026-10-07 14:20:00,GWM.V,,1.0199999809265137,1.0199999809265137,1.0199999809265137,1.0199999809265137,300.0
2026-10-07 14:20:00,LUCA.V,,1.0750000476837158,1.0750000476837158,1.0750000476837158,1.0750000476837158,100.0
2026-10-07 14:20:00,MLP.V,,2.180000066757202,2.180000066757202,2.180000066757202,2.180000066757202,200.0
2026-10-07 14:20:00,PNG.V,,4.929999828338623,4.929999828338623,4.929999828338623,4.929999828338623,400.0
2026-10-07 14:21:00,BIG.V,,1.159999966621399,1.159999966621399,1.159999966621399,1.159999966621399,1000.0
2026-10-07 14:21:00,FDR.V,,8.460000038146973,8.460000038146973,8.460000038146973,8.460000038146973,200.0
2026-10-07 14:21:00,GWM.V,,1.0199999809265137,1.0199999809265137,1.0199999809265137,1.0199999809265137,300.0
2026-10-07 14:21:00,INTR.V,,0.8299999833106995,0.8299999833106995,0.8299999833106995,0.8299999833106995,51000.0
2026-10-07 14:21:00,KFR.V,,1.0199999809265137,1.0199999809265137,1.0199999809265137,1.0199999809265137,900.0
2026-10-07 14:21:00,LCX.V,,1.75,1.75,1.75,1.75,100.0
2026-10-07 14:21:00,LIFT.V,,2.0299999713897705,2.0299999713897705,2.0299999713897705,2.0299999713897705,100.0
2026-10-07 14:21:00,PNG.V,,4.929999828338623,4.929999828338623,4.909999847412109,4.909999847412109,6100.0
2026-10-07 14:22:00,BIG.V,,1.159999966621399,1.1649999618530273,1.159999966621399,1.1649999618530273,4700.0
2026-10-07 14:22:00,FDR.V,,8.460000038146973,8.460000038146973,8.460000038146973,8.460000038146973,100.0
2026-10-07 14:22:00,GGO.V,,1.3300000429153442,1.3300000429153442,1.3300000429153442,1.3300000429153442,100.0
2026-10-07 14:22:00,GWM.V,,1.0199999809265137,1.0199999809265137,1.0199999809265137,1.0199999809265137,300.0
2026-10-07 14:22:00,KTO.V,,0.7599999904632568,0.7599999904632568,0.7599999904632568,0.7599999904632568,500.0
2026-10-07 14:22:00,LUCA.V,,1.0750000476837158,1.0750000476837158,1.0750000476837158,1.0750000476837158,100.0
2026-10-07 14:22:00,MLP.V,,2.180000066757202,2.180000066757202,2.180000066757202,2.180000066757202,100.0
2026-10-07 14:22:00,PNG.V,,4.940000057220459,4.940000057220459,4.940000057220459,4.940000057220459,800.0
2026-10-07 14:22:00,WOLF.V,,1.7000000476837158,1.7000000476837158,1.7000000476837158,1.7000000476837158,5000.0
2026-10-07 14:23:00,BIG.V,,1.159999966621399,1.159999966621399,1.159999966621399,1.159999966621399,1100.0
2026-10-07 14:23:00,FDR.V,,8.460000038146973,8.460000038146973,8.460000038146973,8.460000038146973,200.0
2026-10-07 14:23:00,GRDM.V,,0.19499999284744263,0.19499999284744263,0.19499999284744263,0.19499999284744263,5000.0
2026-10-07 14:23:00,GWM.V,,1.0199999809265137,1.0199999809265137,1.0199999809265137,1.0199999809265137,200.0
2026-10-07 14:23:00,JG.V,,0.11999999731779099,0.11999999731779099,0.11999999731779099,0.11999999731779099,833.0
2026-10-07 14:23:00,MLP.V,,2.180000066757202,2.180000066757202,2.180000066757202,2.180000066757202,100.0
2026-10-07 14:23:00,WOLF.V,,1.7000000476837158,1.7000000476837158,1.7000000476837158,1.7000000476837158,75000.0
2026-10-07 14:24:00,BIG.V,,1.159999966621399,1.159999966621399,1.159999966621399,1.159999966621399,3000.0
2026-10-07 14:24:00,FDR.V,,8.470000267028809,8.470000267028809,8.460000038146973,8.460000038146973,200.0
2026-10-07 14:24:00,GGO.V,,1.3300000429153442,1.3300000429153442,1.3300000429153442,1.3300000429153442,100.0
2026-10-07 14:24:00,GWM.V,,1.0199999809265137,1.0199999809265137,1.0199999809265137,1.0199999809265137,400.0
2026-10-07 14:24:00,HITI.V,,3.9100000858306885,3.9100000858306885,3.9100000858306885,3.9100000858306885,100.0
2026-10-07 14:24:00,LUCA.V,,1.0750000476837158,1.0750000476837158,1.0750000476837158,1.0750000476837158,100.0
2026-10-07 14:24:00,MLP.V,,2.180000066757202,2.180000066757202,2.180000066757202,2.180000066757202,100.0
2026-10-07 14:25:00,BIG.V,,1.159999966621399,1.159999966621399,1.159999966621399,1.159999966621399,2000.0
2026-10-07 14:25:00,GGO.V,,1.3300000429153442,1.3300000429153442,1.3300000429153442,1.3300000429153442,100.0
2026-10-07 14:25:00,GPG.V,,0.2800000011920929,0.2800000011920929,0.2800000011920929,0.2800000011920929,4500.0
2026-10-07 14:25:00,GWM.V,,1.0199999809265137,1.0199999809265137,1.0199999809265137,1.0199999809265137,300.0
2026-10-07 14:25:00,HITI.V,,3.9149999618530273,3.9149999618530273,3.9149999618530273,3.9149999618530273,100.0
2026-10-07 14:25:00,IPT.V,,0.25,0.25,0.25,0.25,500.0
2026-10-07 14:25:00,KTO.V,,0.7599999904632568,0.7599999904632568,0.7599999904632568,0.7599999904632568,500.0
2026-10-07 14:25:00,LMN.V,,23.110000610351562,23.110000610351562,22.809999465942383,22.809999465942383,38225.0
2026-10-07 14:25:00,LTH.V,,0.5099999904632568,0.5099999904632568,0.5099999904632568,0.5099999904632568,2500.0
2026-10-07 14:25:00,MLP.V,,2.180000066757202,2.180000066757202,2.180000066757202,2.180000066757202,100.0
2026-10-07 14:25:00,PNG.V,,4.929999828338623,4.929999828338623,4.929999828338623,4.929999828338623,4000.0
2026-10-07 14:26:00,BIG.V,,1.159999966621399,1.159999966621399,1.159999966621399,1.159999966621399,3500.0
2026-10-07 14:26:00,FDR.V,,8.470000267028809,8.470000267028809,8.470000267028809,8.470000267028809,200.0
2026-10-07 14:26:00,GIGA.V,,0.054999999701976776,0.054999999701976776,0.054999999701976776,0.054999999701976776,0.0
2026-10-07 14:26:00,GOT.V,,1.3849999904632568,1.3849999904632568,1.3849999904632568,1.3849999904632568,100.0
2026-10-07 14:26:00,GWM.V,,1.0199999809265137,1.0199999809265137,1.0199999809265137,1.0199999809265137,400.0
2026-10-07 14:26:00,KFR.V,,1.0199999809265137,1.0199999809265137,1.0199999809265137,1.0199999809265137,200.0
2026-10-07 14:26:00,LG.V,,0.38499999046325684,0.38499999046325684,0.38499999046325684,0.38499999046325684,2000.0
2026-10-07 14:26:00,MLP.V,,2.1500000953674316,2.1600000858306885,2.1500000953674316,2.1600000858306885,11600.0
2026-10-07 14:27:00,BIG.V,,1.159999966621399,1.159999966621399,1.159999966621399,1.159999966621399,3200.0
2026-10-07 14:27:00,FDR.V,,8.460000038146973,8.470000267028809,8.460000038146973,8.470000267028809,200.0
2026-10-07 14:27:00,GSR.V,,0.33000001311302185,0.33000001311302185,0.33000001311302185,0.33000001311302185,1500.0
2026-10-07 14:27:00,GWM.V,,1.0199999809265137,1.0199999809265137,1.0199999809265137,1.0199999809265137,300.0
2026-10-07 14:27:00,ITR.V,,3.609999895095825,3.609999895095825,3.609999895095825,3.609999895095825,8818.0
2026-10-07 14:27:00,LUCA.V,,1.0750000476837158,1.0750000476837158,1.0750000476837158,1.0750000476837158,100.0
2026-10-07 14:27:00,PNG.V,,4.929999828338623,4.940000057220459,4.929999828338623,4.940000057220459,2700.0
2026-10-07 14:28:00,BIG.V,,1.159999966621399,1.159999966621399,1.159999966621399,1.159999966621399,2100.0
2026-10-07 14:28:00,FDR.V,,8.470000267028809,8.470000267028809,8.470000267028809,8.470000267028809,200.0
2026-10-07 14:28:00,FRED.V,,0.6600000262260437,0.6600000262260437,0.6600000262260437,0.6600000262260437,20550.0
2026-10-07 14:28:00,FWZ.V,,2.7699999809265137,2.7699999809265137,2.7699999809265137,2.7699999809265137,5500.0
2026-10-07 14:28:00,GGO.V,,1.3300000429153442,1.3300000429153442,1.3300000429153442,1.3300000429153442,100.0
2026-10-07 14:28:00,GWM.V,,1.0199999809265137,1.0199999809265137,1.0199999809265137,1.0199999809265137,300.0
2026-10-07 14:28:00,HMR.V,,0.4099999964237213,0.41999998688697815,0.4099999964237213,0.41999998688697815,12500.0
2026-10-07 14:28:00,INTR.V,,0.8199999928474426,0.8299999833106995,0.8199999928474426,0.8299999833106995,64600.0
2026-10-07 14:28:00,KTN.V,,1.090000033378601,1.090000033378601,1.090000033378601,1.090000033378601,100.0
2026-10-07 14:28:00,KTO.V,,0.75,0.7599999904632568,0.75,0.7599999904632568,9000.0
2026-10-07 14:28:00,LMN.V,,22.934999465942383,22.934999465942383,22.934999465942383,22.934999465942383,900.0
2026-10-07 14:28:00,LTH.V,,0.5,0.5,0.5,0.5,500.0
2026-10-07 14:28:00,MLP.V,,2.1500000953674316,2.1500000953674316,2.1500000953674316,2.1500000953674316,2600.0
2026-10-07 14:28:00,PNG.V,,4.940000057220459,4.940000057220459,4.940000057220459,4.940000057220459,200.0
2026-10-07 14:29:00,BIG.V,,1.159999966621399,1.159999966621399,1.159999966621399,1.159999966621399,4100.0
2026-10-07 14:29:00,GGO.V,,1.3300000429153442,1.3300000429153442,1.3300000429153442,1.3300000429153442,100.0
2026-10-07 14:29:00,GWM.V,,1.0199999809265137,1.0199999809265137,1.0199999809265137,1.0199999809265137,300.0
2026-10-07 14:29:00,ITR.V,,3.619999885559082,3.619999885559082,3.619999885559082,3.619999885559082,2600.0
2026-10-07 14:29:00,LIO.V,,0.16500000655651093,0.16500000655651093,0.16500000655651093,0.16500000655651093,49000.0
2026-10-07 14:29:00,LMN.V,,22.93000030517578,22.93000030517578,22.93000030517578,22.93000030517578,300.0
2026-10-07 14:30:00,BIG.V,,1.159999966621399,1.159999966621399,1.159999966621399,1.159999966621399,1000.0
2026-10-07 14:30:00,GWM.V,,1.0199999809265137,1.0199999809265137,1.0199999809265137,1.0199999809265137,200.0
2026-10-07 14:30:00,KNG.V,,0.9950000047683716,0.9950000047683716,0.9950000047683716,0.9950000047683716,200.0
2026-10-07 14:30:00,LMN.V,,22.959999084472656,22.959999084472656,22.950000762939453,22.950000762939453,1200.0
2026-10-07 14:30:00,MLP.V,,2.1500000953674316,2.1500000953674316,2.1500000953674316,2.1500000953674316,500.0
2026-10-07 14:30:00,PNG.V,,4.929999828338623,4.929999828338623,4.929999828338623,4.929999828338623,300.0
2026-10-07 14:31:00,BIG.V,,1.159999966621399,1.159999966621399,1.159999966621399,1.159999966621399,10500.0
2026-10-07 14:31:00,FDR.V,,8.449999809265137,8.470000267028809,8.449999809265137,8.470000267028809,5900.0
2026-10-07 14:31:00,GGO.V,,1.3300000429153442,1.3300000429153442,1.3300000429153442,1.3300000429153442,100.0
2026-10-07 14:31:00,GOT.V,,1.3799999952316284,1.3799999952316284,1.3799999952316284,1.3799999952316284,200.0
2026-10-07 14:31:00,GRSL.V,,0.29499998688697815,0.29499998688697815,0.29499998688697815,0.29499998688697815,676.0
2026-10-07 14:31:00,GSI.V,,1.6699999570846558,1.6699999570846558,1.6699999570846558,1.6699999570846558,100.0
2026-10-07 14:31:00,GWM.V,,1.0199999809265137,1.0199999809265137,1.0199999809265137,1.0199999809265137,300.0
2026-10-07 14:31:00,IPT.V,,0.25,0.25,0.25,0.25,1000.0
2026-10-07 14:31:00,LMN.V,,22.90999984741211,22.959999084472656,22.90999984741211,22.959999084472656,200.0
2026-10-07 14:31:00,MLP.V,,2.1500000953674316,2.1500000953674316,2.1500000953674316,2.1500000953674316,400.0
2026-10-07 14:31:00,PNG.V,,4.940000057220459,4.940000057220459,4.940000057220459,4.940000057220459,1000.0
2026-10-07 14:32:00,FDR.V,,8.460000038146973,8.470000267028809,8.460000038146973,8.470000267028809,300.0
2026-10-07 14:32:00,GWM.V,,1.0199999809265137,1.0199999809265137,1.0199999809265137,1.0199999809265137,300.0
2026-10-07 14:32:00,HITI.V,,3.9200000762939453,3.9200000762939453,3.9200000762939453,3.9200000762939453,200.0
2026-10-07 14:32:00,ITR.V,,3.619999885559082,3.619999885559082,3.619999885559082,3.619999885559082,200.0
2026-10-07 14:32:00,LUCA.V,,1.0750000476837158,1.0750000476837158,1.0750000476837158,1.0750000476837158,100.0
2026-10-07 14:32:00,MLP.V,,2.1500000953674316,2.1500000953674316,2.1500000953674316,2.1500000953674316,200.0
2026-10-07 14:32:00,PNG.V,,4.929999828338623,4.929999828338623,4.929999828338623,4.929999828338623,100.0
2026-10-07 14:33:00,FWZ.V,,2.7799999713897705,2.7799999713897705,2.7750000953674316,2.7750000953674316,200.0
2026-10-07 14:33:00,GGO.V,,1.3300000429153442,1.3300000429153442,1.3300000429153442,1.3300000429153442,100.0
2026-10-07 14:33:00,GWM.V,,1.0199999809265137,1.0199999809265137,1.0199999809265137,1.0199999809265137,300.0
2026-10-07 14:33:00,LIFT.V,,2.049999952316284,2.049999952316284,2.049999952316284,2.049999952316284,900.0
2026-10-07 14:33:00,LMN.V,,22.885000228881836,23.0,22.834999084472656,22.834999084472656,300.0
2026-10-07 14:33:00,MLP.V,,2.1500000953674316,2.1500000953674316,2.1500000953674316,2.1500000953674316,200.0
2026-10-07 14:33:00,NURS.V,,3.440000057220459,3.440000057220459,3.440000057220459,3.440000057220459,100.0
2026-10-07 14:33:00,PNG.V,,4.940000057220459,4.940000057220459,4.940000057220459,4.940000057220459,307.0
2026-10-07 14:34:00,GMG.V,,2.2699999809265137,2.2750000953674316,2.2699999809265137,2.2750000953674316,1100.0
2026-10-07 14:34:00,GWM.V,,1.0199999809265137,1.0199999809265137,1.0199999809265137,1.0199999809265137,500.0
2026-10-07 14:34:00,ITR.V,,3.619999885559082,3.619999885559082,3.619999885559082,3.619999885559082,400.0
2026-10-07 14:34:00,LMN.V,,23.0,23.0,22.889999389648438,22.889999389648438,300.0
2026-10-07 14:34:00,MLP.V,,2.1500000953674316,2.1500000953674316,2.1500000953674316,2.1500000953674316,100.0
2026-10-07 14:34:00,PNG.V,,4.929999828338623,4.934999942779541,4.929999828338623,4.934999942779541,2000.0
2026-10-07 14:35:00,GGO.V,,1.3300000429153442,1.3300000429153442,1.3300000429153442,1.3300000429153442,100.0
2026-10-07 14:35:00,GMG.V,,2.2699999809265137,2.2699999809265137,2.2699999809265137,2.2699999809265137,100.0
2026-10-07 14:35:00,GSVR.V,,0.375,0.3774999976158142,0.375,0.3774999976158142,42500.0
2026-10-07 14:35:00,GWM.V,,1.0199999809265137,1.0199999809265137,1.0199999809265137,1.0199999809265137,100.0
2026-10-07 14:35:00,KNG.V,,0.9900000095367432,0.9900000095367432,0.9900000095367432,0.9900000095367432,600.0
2026-10-07 14:35:00,LMN.V,,23.0,23.0,23.0,23.0,400.0
2026-10-07 14:35:00,LUCA.V,,1.0800000429153442,1.0800000429153442,1.0800000429153442,1.0800000429153442,400.0
2026-10-07 14:35:00,MLP.V,,2.1500000953674316,2.1500000953674316,2.1500000953674316,2.1500000953674316,200.0
2026-10-07 14:35:00,MTA.V,,12.380000114440918,12.380000114440918,12.380000114440918,12.380000114440918,100.0
2026-10-07 14:35:00,PNG.V,,4.940000057220459,4.940000057220459,4.934999942779541,4.934999942779541,3000.0
2026-10-07 14:36:00,BIG.V,,1.159999966621399,1.159999966621399,1.159999966621399,1.159999966621399,3200.0
2026-10-07 14:36:00,EQTY.V,,0.10000000149011612,0.10000000149011612,0.10000000149011612,0.10000000149011612,12000.0
2026-10-07 14:36:00,GSI.V,,1.649999976158142,1.659999966621399,1.649999976158142,1.659999966621399,10241.0
2026-10-07 14:36:00,GWM.V,,1.0199999809265137,1.0199999809265137,1.0199999809265137,1.0199999809265137,300.0
2026-10-07 14:36:00,ITR.V,,3.619999885559082,3.619999885559082,3.619999885559082,3.619999885559082,200.0
2026-10-07 14:36:00,LMN.V,,23.0,23.0,23.0,23.0,160.0
2026-10-07 14:36:00,MLP.V,,2.1500000953674316,2.1500000953674316,2.1500000953674316,2.1500000953674316,200.0
2026-10-07 14:36:00,PNG.V,,4.940000057220459,4.940000057220459,4.940000057220459,4.940000057220459,600.0
2026-10-07 14:37:00,BIG.V,,1.159999966621399,1.159999966621399,1.159999966621399,1.159999966621399,2200.0
2026-10-07 14:37:00,EQTY.V,,0.10000000149011612,0.10000000149011612,0.10000000149011612,0.10000000149011612,2000.0
2026-10-07 14:37:00,FDR.V,,8.479999542236328,8.489999771118164,8.479999542236328,8.489999771118164,100.0
2026-10-07 14:37:00,GGO.V,,1.3300000429153442,1.3300000429153442,1.3300000429153442,1.3300000429153442,100.0
2026-10-07 14:37:00,GSI.V,,1.649999976158142,1.649999976158142,1.649999976158142,1.649999976158142,5800.0
2026-10-07 14:37:00,GWM.V,,1.0199999809265137,1.0199999809265137,1.0199999809265137,1.0199999809265137,200.0
2026-10-07 14:37:00,ITR.V,,3.619999885559082,3.619999885559082,3.619999885559082,3.619999885559082,100.0
2026-10-07 14:37:00,LMN.V,,23.0,23.0,23.0,23.0,200.0
2026-10-07 14:37:00,MLP.V,,2.1500000953674316,2.1500000953674316,2.1500000953674316,2.1500000953674316,100.0
2026-10-07 14:37:00,PNG.V,,4.940000057220459,4.940000057220459,4.940000057220459,4.940000057220459,200.0
2026-10-07 14:38:00,EQTY.V,,0.10000000149011612,0.10000000149011612,0.10000000149011612,0.10000000149011612,18000.0
2026-10-07 14:38:00,FDR.V,,8.479999542236328,8.479999542236328,8.479999542236328,8.479999542236328,200.0
2026-10-07 14:38:00,GMG.V,,2.259999990463257,2.259999990463257,2.259999990463257,2.259999990463257,200.0
2026-10-07 14:38:00,GQC.V,,0.75,0.75,0.75,0.75,3745.0
2026-10-07 14:38:00,GWM.V,,1.0199999809265137,1.0199999809265137,1.0199999809265137,1.0199999809265137,300.0
2026-10-07 14:38:00,LIFT.V,,2.059999942779541,2.059999942779541,2.059999942779541,2.059999942779541,100.0
2026-10-07 14:38:00,LIO.V,,0.16500000655651093,0.16500000655651093,0.16500000655651093,0.16500000655651093,10000.0
2026-10-07 14:38:00,LMN.V,,23.0,23.0,23.0,23.0,200.0
2026-10-07 14:38:00,MLP.V,,2.1500000953674316,2.1500000953674316,2.1500000953674316,2.1500000953674316,200.0
2026-10-07 14:38:00,PNG.V,,4.940000057220459,4.940000057220459,4.940000057220459,4.940000057220459,200.0
2026-10-07 14:39:00,EQTY.V,,0.10000000149011612,0.10000000149011612,0.10000000149011612,0.10000000149011612,10000.0
2026-10-07 14:39:00,FDR.V,,8.449999809265137,8.479999542236328,8.449999809265137,8.479999542236328,200.0
2026-10-07 14:39:00,FWZ.V,,2.7899999618530273,2.7899999618530273,2.7799999713897705,2.7799999713897705,500.0
2026-10-07 14:39:00,GGO.V,,1.3300000429153442,1.3300000429153442,1.3300000429153442,1.3300000429153442,100.0
2026-10-07 14:39:00,GSVR.V,,0.375,0.375,0.375,0.375,3270.0
2026-10-07 14:39:00,GWM.V,,1.0199999809265137,1.0199999809265137,1.0199999809265137,1.0199999809265137,300.0
2026-10-07 14:39:00,LIO.V,,0.16500000655651093,0.16500000655651093,0.16500000655651093,0.16500000655651093,10000.0
2026-10-07 14:39:00,LMN.V,,23.0,23.0,23.0,23.0,100.0
2026-10-07 14:39:00,MLP.V,,2.1500000953674316,2.1500000953674316,2.1500000953674316,2.1500000953674316,200.0
2026-10-07 14:39:00,PNG.V,,4.940000057220459,4.940000057220459,4.940000057220459,4.940000057220459,200.0
2026-10-07 14:40:00,BIG.V,,1.159999966621399,1.1649999618530273,1.159999966621399,1.159999966621399,12000.0
2026-10-07 14:40:00,FDR.V,,8.470000267028809,8.470000267028809,8.470000267028809,8.470000267028809,100.0
2026-10-07 14:40:00,GMG.V,,2.2699999809265137,2.2699999809265137,2.2699999809265137,2.2699999809265137,800.0
2026-10-07 14:40:00,GWM.V,,1.0199999809265137,1.0199999809265137,1.0199999809265137,1.0199999809265137,300.0
2026-10-07 14:40:00,ITR.V,,3.619999885559082,3.619999885559082,3.619999885559082,3.619999885559082,400.0
2026-10-07 14:40:00,LMN.V,,23.0,23.0,23.0,23.0,200.0
2026-10-07 14:40:00,MLP.V,,2.1500000953674316,2.1500000953674316,2.1500000953674316,2.1500000953674316,100.0
2026-10-07 14:40:00,PNG.V,,4.920000076293945,4.940000057220459,4.920000076293945,4.940000057220459,18400.0
2026-10-07 14:41:00,FDR.V,,8.46500015258789,8.46500015258789,8.46500015258789,8.46500015258789,100.0
2026-10-07 14:41:00,GRSL.V,,0.28999999165534973,0.28999999165534973,0.28999999165534973,0.28999999165534973,7500.0
2026-10-07 14:41:00,GWM.V,,1.0199999809265137,1.0199999809265137,1.0199999809265137,1.0199999809265137,500.0
2026-10-07 14:41:00,GZD.V,,0.05000000074505806,0.05000000074505806,0.05000000074505806,0.05000000074505806,0.0
2026-10-07 14:41:00,ITR.V,,3.619999885559082,3.619999885559082,3.619999885559082,3.619999885559082,100.0
2026-10-07 14:41:00,JG.V,,0.11999999731779099,0.11999999731779099,0.11999999731779099,0.11999999731779099,500.0
2026-10-07 14:41:00,KLD.V,,2.299999952316284,2.3399999141693115,2.299999952316284,2.3399999141693115,7120.0
2026-10-07 14:41:00,LMN.V,,23.0,23.0,23.0,23.0,200.0
2026-10-07 14:41:00,MLP.V,,2.1500000953674316,2.1500000953674316,2.1500000953674316,2.1500000953674316,200.0
2026-10-07 14:41:00,PNG.V,,4.900000095367432,4.920000076293945,4.900000095367432,4.920000076293945,32460.0
2026-10-07 14:42:00,FDR.V,,8.46500015258789,8.46500015258789,8.46500015258789,8.46500015258789,100.0
2026-10-07 14:42:00,GMG.V,,2.2699999809265137,2.2699999809265137,2.2699999809265137,2.2699999809265137,100.0
2026-10-07 14:42:00,GWM.V,,1.0299999713897705,1.0299999713897705,1.0199999809265137,1.0199999809265137,4200.0
2026-10-07 14:42:00,LRA.V,,3.859999895095825,3.859999895095825,3.859999895095825,3.859999895095825,0.0
2026-10-07 14:42:00,PNG.V,,4.914999961853027,4.914999961853027,4.900000095367432,4.900000095367432,6600.0
2026-10-07 14:43:00,BIG.V,,1.159999966621399,1.1649999618530273,1.159999966621399,1.159999966621399,7800.0
2026-10-07 14:43:00,EQTY.V,,0.10000000149011612,0.10000000149011612,0.10000000149011612,0.10000000149011612,13800.0
2026-10-07 14:43:00,FDR.V,,8.46500015258789,8.46500015258789,8.46500015258789,8.46500015258789,152.0
2026-10-07 14:43:00,FL.V,,0.41999998688697815,0.41999998688697815,0.41999998688697815,0.41999998688697815,500.0
2026-10-07 14:43:00,GOT.V,,1.3799999952316284,1.3849999904632568,1.3799999952316284,1.3849999904632568,200.0
2026-10-07 14:43:00,GWM.V,,1.0299999713897705,1.0299999713897705,1.0299999713897705,1.0299999713897705,200.0
2026-10-07 14:43:00,HI.V,,0.15000000596046448,0.15000000596046448,0.15000000596046448,0.15000000596046448,35000.0
2026-10-07 14:43:00,ITR.V,,3.619999885559082,3.619999885559082,3.619999885559082,3.619999885559082,500.0
2026-10-07 14:43:00,KNG.V,,0.9900000095367432,0.9900000095367432,0.9900000095367432,0.9900000095367432,200.0
2026-10-07 14:43:00,MLP.V,,2.1500000953674316,2.1500000953674316,2.1500000953674316,2.1500000953674316,3500.0
2026-10-07 14:43:00,MQM.V,,0.11999999731779099,0.11999999731779099,0.11999999731779099,0.11999999731779099,3500.0
2026-10-07 14:43:00,MSC.V,,0.02500000037252903,0.02500000037252903,0.02500000037252903,0.02500000037252903,50000.0
2026-10-07 14:43:00,PNG.V,,4.920000076293945,4.920000076293945,4.920000076293945,4.920000076293945,400.0
2026-10-07 14:44:00,BIG.V,,1.1549999713897705,1.1549999713897705,1.1549999713897705,1.1549999713897705,374.0
2026-10-07 14:44:00,FDR.V,,8.46500015258789,8.46500015258789,8.46500015258789,8.46500015258789,100.0
2026-10-07 14:44:00,GSI.V,,1.649999976158142,1.649999976158142,1.649999976158142,1.649999976158142,200.0
2026-10-07 14:44:00,GWM.V,,1.0299999713897705,1.0299999713897705,1.0299999713897705,1.0299999713897705,300.0
2026-10-07 14:44:00,HI.V,,0.15000000596046448,0.15000000596046448,0.15000000596046448,0.15000000596046448,14000.0
2026-10-07 14:44:00,ITR.V,,3.619999885559082,3.619999885559082,3.619999885559082,3.619999885559082,500.0
2026-10-07 14:44:00,LIFT.V,,2.059999942779541,2.059999942779541,2.059999942779541,2.059999942779541,100.0
2026-10-07 14:44:00,LMN.V,,23.0,23.0,23.0,23.0,200.0
2026-10-07 14:45:00,ESK.V,,0.27000001072883606,0.27000001072883606,0.27000001072883606,0.27000001072883606,5000.0
2026-10-07 14:45:00,FDR.V,,8.449999809265137,8.460000038146973,8.449999809265137,8.449999809265137,13500.0
2026-10-07 14:45:00,FWZ.V,,2.7899999618530273,2.7899999618530273,2.7899999618530273,2.7899999618530273,1700.0
2026-10-07 14:45:00,GOT.V,,1.3849999904632568,1.3849999904632568,1.3849999904632568,1.3849999904632568,100.0
2026-10-07 14:45:00,GWM.V,,1.0299999713897705,1.0299999713897705,1.0299999713897705,1.0299999713897705,300.0
2026-10-07 14:45:00,ITR.V,,3.619999885559082,3.619999885559082,3.619999885559082,3.619999885559082,100.0
2026-10-07 14:45:00,MLP.V,,2.1500000953674316,2.1500000953674316,2.1500000953674316,2.1500000953674316,100.0
2026-10-07 14:46:00,FDR.V,,8.449999809265137,8.449999809265137,8.449999809265137,8.449999809265137,370.0
2026-10-07 14:46:00,GOT.V,,1.3849999904632568,1.3849999904632568,1.3849999904632568,1.3849999904632568,100.0
2026-10-07 14:46:00,GWM.V,,1.0299999713897705,1.0299999713897705,1.0299999713897705,1.0299999713897705,200.0
2026-10-07 14:46:00,LTH.V,,0.5,0.5,0.5,0.5,500.0
2026-10-07 14:46:00,MLP.V,,2.1500000953674316,2.1500000953674316,2.1500000953674316,2.1500000953674316,200.0
2026-10-07 14:46:00,PNG.V,,4.920000076293945,4.920000076293945,4.920000076293945,4.920000076293945,400.0
2026-10-07 14:47:00,BIG.V,,1.159999966621399,1.159999966621399,1.159999966621399,1.159999966621399,3100.0
2026-10-07 14:47:00,CELL.V,,0.014999999664723873,0.014999999664723873,0.014999999664723873,0.014999999664723873,8000.0
2026-10-07 14:47:00,FDR.V,,8.430000305175781,8.449999809265137,8.430000305175781,8.449999809265137,11500.0
2026-10-07 14:47:00,GWM.V,,1.0299999713897705,1.0299999713897705,1.0299999713897705,1.0299999713897705,300.0
2026-10-07 14:47:00,HPQ.V,,0.13500000536441803,0.13500000536441803,0.13500000536441803,0.13500000536441803,2000.0
2026-10-07 14:47:00,INX.V,,0.2800000011920929,0.2800000011920929,0.2800000011920929,0.2800000011920929,0.0
2026-10-07 14:47:00,KTO.V,,0.7400000095367432,0.7400000095367432,0.7400000095367432,0.7400000095367432,500.0
2026-10-07 14:47:00,LMN.V,,23.0,23.0,23.0,23.0,200.0
2026-10-07 14:47:00,MLP.V,,2.1500000953674316,2.1500000953674316,2.1500000953674316,2.1500000953674316,100.0
2026-10-07 14:47:00,PNG.V,,4.940000057220459,4.940000057220459,4.914999961853027,4.920000076293945,5800.0
2026-10-07 14:48:00,BIG.V,,1.159999966621399,1.159999966621399,1.159999966621399,1.159999966621399,400.0
2026-10-07 14:48:00,FDR.V,,8.430000305175781,8.4350004196167,8.430000305175781,8.4350004196167,500.0
2026-10-07 14:48:00,GOT.V,,1.3849999904632568,1.3849999904632568,1.3849999904632568,1.3849999904632568,100.0
2026-10-07 14:48:00,GWM.V,,1.0299999713897705,1.0299999713897705,1.0299999713897705,1.0299999713897705,200.0
2026-10-07 14:48:00,LMN.V,,23.0,23.010000228881836,23.0,23.0,2361.0
2026-10-07 14:48:00,MLP.V,,2.1500000953674316,2.1500000953674316,2.1500000953674316,2.1500000953674316,2600.0
2026-10-07 14:49:00,FDR.V,,8.420000076293945,8.420000076293945,8.420000076293945,8.420000076293945,200.0
2026-10-07 14:49:00,FL.V,,0.41999998688697815,0.41999998688697815,0.41999998688697815,0.41999998688697815,500.0
2026-10-07 14:49:00,GOT.V,,1.3849999904632568,1.3849999904632568,1.3849999904632568,1.3849999904632568,100.0
2026-10-07 14:49:00,GR.V,,0.06499999761581421,0.06499999761581421,0.06499999761581421,0.06499999761581421,48100.0
2026-10-07 14:49:00,GWM.V,,1.0199999809265137,1.0299999713897705,1.0199999809265137,1.0299999713897705,1000.0
2026-10-07 14:49:00,ICM.V,,0.07999999821186066,0.07999999821186066,0.07999999821186066,0.07999999821186066,28000.0
2026-10-07 14:49:00,ITR.V,,3.630000114440918,3.630000114440918,3.630000114440918,3.630000114440918,7800.0
2026-10-07 14:49:00,KTO.V,,0.7400000095367432,0.7400000095367432,0.7400000095367432,0.7400000095367432,500.0
2026-10-07 14:49:00,LMN.V,,23.0,23.0,23.0,23.0,8100.0
2026-10-07 14:49:00,PNG.V,,4.909999847412109,4.929999828338623,4.909999847412109,4.929999828338623,6400.0
2026-10-07 14:50:00,FDR.V,,8.4350004196167,8.4350004196167,8.4350004196167,8.4350004196167,100.0
2026-10-07 14:50:00,FOBI.V,,0.029999999329447746,0.029999999329447746,0.029999999329447746,0.029999999329447746,59911.0
2026-10-07 14:50:00,GGO.V,,1.3300000429153442,1.3300000429153442,1.3300000429153442,1.3300000429153442,100.0
2026-10-07 14:50:00,GOT.V,,1.3799999952316284,1.3799999952316284,1.3799999952316284,1.3799999952316284,200.0
2026-10-07 14:50:00,GRSL.V,,0.28999999165534973,0.28999999165534973,0.28999999165534973,0.28999999165534973,2500.0
2026-10-07 14:50:00,GWM.V,,1.0199999809265137,1.0199999809265137,1.0199999809265137,1.0199999809265137,400.0
2026-10-07 14:50:00,ITR.V,,3.630000114440918,3.630000114440918,3.630000114440918,3.630000114440918,1085.0
2026-10-07 14:50:00,LMN.V,,23.0,23.0,23.0,23.0,2200.0
2026-10-07 14:50:00,MLP.V,,2.1500000953674316,2.1500000953674316,2.1500000953674316,2.1500000953674316,100.0
2026-10-07 14:51:00,FDR.V,,8.390000343322754,8.420000076293945,8.390000343322754,8.420000076293945,8500.0
2026-10-07 14:51:00,GMG.V,,2.25,2.2699999809265137,2.25,2.2699999809265137,3600.0
2026-10-07 14:51:00,GRSL.V,,0.2849999964237213,0.2849999964237213,0.2849999964237213,0.2849999964237213,33500.0
2026-10-07 14:51:00,INTR.V,,0.8100000023841858,0.8100000023841858,0.8100000023841858,0.8100000023841858,1000.0
2026-10-07 14:51:00,MLP.V,,2.1500000953674316,2.1500000953674316,2.1500000953674316,2.1500000953674316,100.0
2026-10-07 14:52:00,BIG.V,,1.159999966621399,1.159999966621399,1.159999966621399,1.159999966621399,500.0
2026-10-07 14:52:00,FDR.V,,8.390000343322754,8.399999618530273,8.390000343322754,8.399999618530273,300.0
2026-10-07 14:52:00,GGO.V,,1.3300000429153442,1.3300000429153442,1.3300000429153442,1.3300000429153442,400.0
2026-10-07 14:52:00,GMG.V,,2.240000009536743,2.25,2.240000009536743,2.25,5400.0
2026-10-07 14:52:00,GOT.V,,1.3849999904632568,1.3849999904632568,1.3849999904632568,1.3849999904632568,100.0
2026-10-07 14:52:00,GWM.V,,1.0199999809265137,1.0199999809265137,1.0199999809265137,1.0199999809265137,300.0
2026-10-07 14:52:00,HITI.V,,3.9200000762939453,3.9200000762939453,3.9200000762939453,3.9200000762939453,600.0
2026-10-07 14:52:00,HPL.V,,0.3100000023841858,0.3100000023841858,0.3100000023841858,0.3100000023841858,19000.0
2026-10-07 14:52:00,IGO.V,,0.14499999582767487,0.14499999582767487,0.14499999582767487,0.14499999582767487,5262.0
2026-10-07 14:52:00,KFR.V,,1.0199999809265137,1.0199999809265137,1.0199999809265137,1.0199999809265137,200.0
2026-10-07 14:52:00,KTO.V,,0.7400000095367432,0.7400000095367432,0.7400000095367432,0.7400000095367432,500.0
2026-10-07 14:52:00,MGM.V,,2.819999933242798,2.819999933242798,2.819999933242798,2.819999933242798,100.0
2026-10-07 14:52:00,MLP.V,,2.1500000953674316,2.1500000953674316,2.1500000953674316,2.1500000953674316,100.0
2026-10-07 14:52:00,PNG.V,,4.929999828338623,4.929999828338623,4.920000076293945,4.920000076293945,4000.0
2026-10-07 14:53:00,BIG.V,,1.159999966621399,1.159999966621399,1.159999966621399,1.159999966621399,1800.0
2026-10-07 14:53:00,FDR.V,,8.390000343322754,8.390000343322754,8.390000343322754,8.390000343322754,100.0
2026-10-07 14:53:00,GGO.V,,1.3200000524520874,1.3300000429153442,1.309999942779541,1.3300000429153442,12000.0
2026-10-07 14:53:00,GMG.V,,2.259999990463257,2.259999990463257,2.25,2.25,4500.0
2026-10-07 14:53:00,GRDM.V,,0.1899999976158142,0.1899999976158142,0.1899999976158142,0.1899999976158142,4500.0
2026-10-07 14:53:00,GSVR.V,,0.375,0.375,0.375,0.375,500.0
2026-10-07 14:53:00,GWM.V,,1.0199999809265137,1.0199999809265137,1.0199999809265137,1.0199999809265137,300.0
2026-10-07 14:53:00,HEVI.V,,0.18000000715255737,0.18000000715255737,0.18000000715255737,0.18000000715255737,3500.0
2026-10-07 14:53:00,LG.V,,0.38499999046325684,0.38499999046325684,0.38499999046325684,0.38499999046325684,12560.0
2026-10-07 14:53:00,LMN.V,,22.799999237060547,22.81999969482422,22.799999237060547,22.81999969482422,200.0
2026-10-07 14:53:00,MLP.V,,2.1500000953674316,2.1500000953674316,2.1500000953674316,2.1500000953674316,100.0
2026-10-07 14:54:00,BIG.V,,1.159999966621399,1.159999966621399,1.159999966621399,1.159999966621399,3200.0
2026-10-07 14:54:00,EQTY.V,,0.10000000149011612,0.10000000149011612,0.10000000149011612,0.10000000149011612,6500.0
2026-10-07 14:54:00,FDR.V,,8.380000114440918,8.380000114440918,8.380000114440918,8.380000114440918,1100.0
2026-10-07 14:54:00,GGO.V,,1.309999942779541,1.309999942779541,1.309999942779541,1.309999942779541,200.0
2026-10-07 14:54:00,GWM.V,,1.0199999809265137,1.0199999809265137,1.0199999809265137,1.0199999809265137,300.0
2026-10-07 14:54:00,LMN.V,,22.690000534057617,22.729999542236328,22.690000534057617,22.729999542236328,200.0
2026-10-07 14:54:00,LUCA.V,,1.0800000429153442,1.0800000429153442,1.0800000429153442,1.0800000429153442,1000.0
2026-10-07 14:54:00,PNG.V,,4.929999828338623,4.929999828338623,4.929999828338623,4.929999828338623,700.0
2026-10-07 14:55:00,FDR.V,,8.380000114440918,8.385000228881836,8.369999885559082,8.380000114440918,500.0
2026-10-07 14:55:00,GRDM.V,,0.1899999976158142,0.1899999976158142,0.1899999976158142,0.1899999976158142,500.0
2026-10-07 14:55:00,GWM.V,,1.0199999809265137,1.0199999809265137,1.0199999809265137,1.0199999809265137,300.0
2026-10-07 14:55:00,KTO.V,,0.7400000095367432,0.7400000095367432,0.7400000095367432,0.7400000095367432,500.0
2026-10-07 14:55:00,LMN.V,,22.649999618530273,22.690000534057617,22.649999618530273,22.690000534057617,300.0
2026-10-07 14:55:00,LUCA.V,,1.0750000476837158,1.0750000476837158,1.0750000476837158,1.0750000476837158,100.0
2026-10-07 14:55:00,MLP.V,,2.1500000953674316,2.1500000953674316,2.1500000953674316,2.1500000953674316,200.0
2026-10-07 14:55:00,PNG.V,,4.929999828338623,4.929999828338623,4.929999828338623,4.929999828338623,500.0
2026-10-07 14:56:00,FL.V,,0.41999998688697815,0.41999998688697815,0.41999998688697815,0.41999998688697815,500.0
2026-10-07 14:56:00,GOT.V,,1.3799999952316284,1.3799999952316284,1.3799999952316284,1.3799999952316284,100.0
2026-10-07 14:56:00,GWM.V,,1.0199999809265137,1.0199999809265137,1.0199999809265137,1.0199999809265137,200.0
2026-10-07 14:56:00,IPT.V,,0.25,0.25,0.25,0.25,1500.0
2026-10-07 14:56:00,IRR.V,,1.1699999570846558,1.1699999570846558,1.1699999570846558,1.1699999570846558,10000.0
2026-10-07 14:56:00,LMN.V,,22.6299991607666,22.649999618530273,22.6299991607666,22.649999618530273,200.0
2026-10-07 14:56:00,LTH.V,,0.5,0.5,0.5,0.5,500.0
2026-10-07 14:56:00,MINE.V,,0.14000000059604645,0.14000000059604645,0.14000000059604645,0.14000000059604645,10000.0
2026-10-07 14:56:00,MLP.V,,2.1500000953674316,2.1500000953674316,2.1500000953674316,2.1500000953674316,100.0
2026-10-07 14:56:00,PNG.V,,4.920000076293945,4.920000076293945,4.920000076293945,4.920000076293945,200.0
2026-10-07 14:57:00,BIG.V,,1.159999966621399,1.159999966621399,1.159999966621399,1.159999966621399,1000.0
2026-10-07 14:57:00,FDR.V,,8.399999618530273,8.404999732971191,8.390000343322754,8.390000343322754,3700.0
2026-10-07 14:57:00,GGO.V,,1.309999942779541,1.309999942779541,1.309999942779541,1.309999942779541,200.0
2026-10-07 14:57:00,GMG.V,,2.259999990463257,2.259999990463257,2.259999990463257,2.259999990463257,100.0
2026-10-07 14:57:00,GWM.V,,1.0199999809265137,1.0199999809265137,1.0199999809265137,1.0199999809265137,300.0
2026-10-07 14:57:00,IRR.V,,1.1699999570846558,1.1699999570846558,1.1699999570846558,1.1699999570846558,10000.0
2026-10-07 14:57:00,KTN.V,,1.090000033378601,1.090000033378601,1.090000033378601,1.090000033378601,200.0
2026-10-07 14:57:00,KTO.V,,0.7400000095367432,0.7400000095367432,0.7400000095367432,0.7400000095367432,500.0
2026-10-07 14:57:00,LMN.V,,22.610000610351562,22.6299991607666,22.610000610351562,22.6299991607666,200.0
2026-10-07 14:57:00,MLP.V,,2.1500000953674316,2.1500000953674316,2.1500000953674316,2.1500000953674316,300.0
2026-10-07 14:57:00,PNG.V,,4.929999828338623,4.929999828338623,4.929999828338623,4.929999828338623,2200.0
2026-10-07 14:58:00,BIG.V,,1.159999966621399,1.159999966621399,1.159999966621399,1.159999966621399,500.0
2026-10-07 14:58:00,FWZ.V,,2.7799999713897705,2.7799999713897705,2.7799999713897705,2.7799999713897705,100.0
2026-10-07 14:58:00,GGO.V,,1.2999999523162842,1.2999999523162842,1.2999999523162842,1.2999999523162842,300.0
2026-10-07 14:58:00,GMG.V,,2.259999990463257,2.259999990463257,2.25,2.25,200.0
2026-10-07 14:58:00,GOT.V,,1.3799999952316284,1.3799999952316284,1.3799999952316284,1.3799999952316284,100.0
2026-10-07 14:58:00,GSI.V,,1.6399999856948853,1.6399999856948853,1.6399999856948853,1.6399999856948853,100.0
2026-10-07 14:58:00,GSVR.V,,0.375,0.375,0.375,0.375,500.0
2026-10-07 14:58:00,GWM.V,,1.0199999809265137,1.0199999809265137,1.0199999809265137,1.0199999809265137,300.0
2026-10-07 14:58:00,IPT.V,,0.25,0.25,0.25,0.25,3500.0
2026-10-07 14:58:00,LMN.V,,22.6200008392334,22.6200008392334,22.6200008392334,22.6200008392334,100.0
2026-10-07 14:58:00,LUCA.V,,1.0750000476837158,1.0750000476837158,1.0750000476837158,1.0750000476837158,200.0
2026-10-07 14:58:00,MINE.V,,0.14000000059604645,0.14000000059604645,0.14000000059604645,0.14000000059604645,5000.0
2026-10-07 14:59:00,BIG.V,,1.159999966621399,1.159999966621399,1.159999966621399,1.159999966621399,8500.0
2026-10-07 14:59:00,FDR.V,,8.40999984741211,8.40999984741211,8.40999984741211,8.40999984741211,200.0
2026-10-07 14:59:00,FWZ.V,,2.7799999713897705,2.7799999713897705,2.7799999713897705,2.7799999713897705,100.0
2026-10-07 14:59:00,GGO.V,,1.2999999523162842,1.2999999523162842,1.2999999523162842,1.2999999523162842,300.0
2026-10-07 14:59:00,GMG.V,,2.25,2.25,2.25,2.25,100.0
2026-10-07 14:59:00,GWM.V,,1.0199999809265137,1.0199999809265137,1.0199999809265137,1.0199999809265137,200.0
2026-10-07 14:59:00,IGO.V,,0.14499999582767487,0.14499999582767487,0.14499999582767487,0.14499999582767487,10000.0
2026-10-07 14:59:00,LG.V,,0.38999998569488525,0.38999998569488525,0.38499999046325684,0.38499999046325684,45000.0
2026-10-07 14:59:00,MLP.V,,2.1500000953674316,2.1500000953674316,2.1500000953674316,2.1500000953674316,300.0
2026-10-07 15:00:00,FWZ.V,,2.7899999618530273,2.7899999618530273,2.7899999618530273,2.7899999618530273,1300.0
2026-10-07 15:00:00,GGO.V,,1.2999999523162842,1.2999999523162842,1.2999999523162842,1.2999999523162842,300.0
2026-10-07 15:00:00,GMG.V,,2.25,2.25,2.25,2.25,200.0
2026-10-07 15:00:00,GWM.V,,1.0199999809265137,1.0199999809265137,1.0199999809265137,1.0199999809265137,300.0
2026-10-07 15:00:00,HITI.V,,3.9200000762939453,3.9200000762939453,3.9200000762939453,3.9200000762939453,100.0
2026-10-07 15:00:00,JEV.V,,0.25999999046325684,0.25999999046325684,0.2549999952316284,0.2549999952316284,18500.0
2026-10-07 15:00:00,JG.V,,0.11999999731779099,0.11999999731779099,0.11999999731779099,0.11999999731779099,3500.0
2026-10-07 15:00:00,KNG.V,,0.9900000095367432,0.9900000095367432,0.9900000095367432,0.9900000095367432,200.0
2026-10-07 15:00:00,KTO.V,,0.7400000095367432,0.7400000095367432,0.7400000095367432,0.7400000095367432,500.0
2026-10-07 15:00:00,LMN.V,,22.969999313354492,22.969999313354492,22.969999313354492,22.969999313354492,1000.0
2026-10-07 15:00:00,LUCA.V,,1.0750000476837158,1.0750000476837158,1.0750000476837158,1.0750000476837158,100.0
2026-10-07 15:00:00,LVX.V,,0.4000000059604645,0.4000000059604645,0.4000000059604645,0.4000000059604645,2800.0
2026-10-07 15:00:00,NURS.V,,3.4700000286102295,3.4700000286102295,3.440000057220459,3.440000057220459,300.0
2026-10-07 15:01:00,EQTY.V,,0.10000000149011612,0.10000000149011612,0.10000000149011612,0.10000000149011612,5000.0
2026-10-07 15:01:00,GGO.V,,1.2999999523162842,1.2999999523162842,1.2999999523162842,1.2999999523162842,250.0
2026-10-07 15:01:00,GMG.V,,2.25,2.259999990463257,2.25,2.259999990463257,200.0
2026-10-07 15:01:00,GWM.V,,1.0199999809265137,1.0199999809265137,1.0199999809265137,1.0199999809265137,300.0
2026-10-07 15:01:00,IPT.V,,0.25,0.25,0.25,0.25,2500.0
2026-10-07 15:01:00,LCX.V,,1.75,1.75,1.75,1.75,24700.0
2026-10-07 15:01:00,LIO.V,,0.16500000655651093,0.16500000655651093,0.16500000655651093,0.16500000655651093,28000.0
2026-10-07 15:01:00,LMN.V,,22.920000076293945,22.920000076293945,22.920000076293945,22.920000076293945,100.0
2026-10-07 15:01:00,LUCA.V,,1.0750000476837158,1.0750000476837158,1.0750000476837158,1.0750000476837158,3100.0
2026-10-07 15:01:00,PNG.V,,4.929999828338623,4.929999828338623,4.929999828338623,4.929999828338623,1400.0
2026-10-07 15:02:00,BIG.V,,1.159999966621399,1.159999966621399,1.159999966621399,1.159999966621399,1100.0
2026-10-07 15:02:00,FDR.V,,8.399999618530273,8.399999618530273,8.399999618530273,8.399999618530273,300.0
2026-10-07 15:02:00,GGO.V,,1.2999999523162842,1.2999999523162842,1.2999999523162842,1.2999999523162842,300.0
2026-10-07 15:02:00,GWM.V,,1.0199999809265137,1.0199999809265137,1.0199999809265137,1.0199999809265137,300.0
2026-10-07 15:02:00,LIO.V,,0.16500000655651093,0.16500000655651093,0.16500000655651093,0.16500000655651093,52000.0
2026-10-07 15:02:00,LUCA.V,,1.0750000476837158,1.0750000476837158,1.0750000476837158,1.0750000476837158,100.0
2026-10-07 15:02:00,MAH.V,,0.11999999731779099,0.11999999731779099,0.11999999731779099,0.11999999731779099,0.0
2026-10-07 15:02:00,MLP.V,,2.1500000953674316,2.1500000953674316,2.1500000953674316,2.1500000953674316,200.0
2026-10-07 15:03:00,FDR.V,,8.404999732971191,8.40999984741211,8.404999732971191,8.40999984741211,300.0
2026-10-07 15:03:00,FL.V,,0.41999998688697815,0.41999998688697815,0.41999998688697815,0.41999998688697815,500.0
2026-10-07 15:03:00,GGO.V,,1.2999999523162842,1.2999999523162842,1.2999999523162842,1.2999999523162842,700.0
2026-10-07 15:03:00,GMG.V,,2.25,2.25,2.25,2.25,100.0
2026-10-07 15:03:00,GSVR.V,,0.375,0.3774999976158142,0.375,0.375,45000.0
2026-10-07 15:03:00,GWM.V,,1.0199999809265137,1.0199999809265137,1.0199999809265137,1.0199999809265137,200.0
2026-10-07 15:03:00,HME.V,,2.25,2.25,2.25,2.25,1300.0
2026-10-07 15:03:00,ITR.V,,3.609999895095825,3.609999895095825,3.609999895095825,3.609999895095825,400.0
2026-10-07 15:03:00,LCX.V,,1.75,1.75,1.75,1.75,200.0
2026-10-07 15:03:00,MGM.V,,2.799999952316284,2.809999942779541,2.799999952316284,2.809999942779541,2900.0
2026-10-07 15:03:00,PNG.V,,4.920000076293945,4.920000076293945,4.920000076293945,4.920000076293945,100.0
2026-10-07 15:04:00,FDR.V,,8.380000114440918,8.404999732971191,8.380000114440918,8.404999732971191,3500.0
2026-10-07 15:04:00,GGO.V,,1.2999999523162842,1.2999999523162842,1.2999999523162842,1.2999999523162842,500.0
2026-10-07 15:04:00,GOT.V,,1.3700000047683716,1.3799999952316284,1.3700000047683716,1.3799999952316284,6736.0
2026-10-07 15:04:00,GWM.V,,1.0099999904632568,1.0199999809265137,1.0099999904632568,1.0199999809265137,3300.0
2026-10-07 15:04:00,ITR.V,,3.609999895095825,3.609999895095825,3.609999895095825,3.609999895095825,225.0
2026-10-07 15:04:00,JG.V,,0.11999999731779099,0.11999999731779099,0.11999999731779099,0.11999999731779099,6500.0
2026-10-07 15:04:00,LG.V,,0.38499999046325684,0.38499999046325684,0.38499999046325684,0.38499999046325684,5000.0
2026-10-07 15:04:00,LMN.V,,22.719999313354492,22.729999542236328,22.719999313354492,22.729999542236328,200.0
2026-10-07 15:04:00,LUCA.V,,1.0750000476837158,1.0750000476837158,1.0750000476837158,1.0750000476837158,100.0
2026-10-07 15:05:00,BIG.V,,1.159999966621399,1.159999966621399,1.159999966621399,1.159999966621399,1000.0
2026-10-07 15:05:00,GGO.V,,1.2999999523162842,1.2999999523162842,1.2999999523162842,1.2999999523162842,100.0
2026-10-07 15:05:00,GMG.V,,2.259999990463257,2.259999990463257,2.259999990463257,2.259999990463257,100.0
2026-10-07 15:05:00,GOT.V,,1.3799999952316284,1.3799999952316284,1.3799999952316284,1.3799999952316284,200.0
2026-10-07 15:05:00,LMN.V,,22.729999542236328,22.729999542236328,22.729999542236328,22.729999542236328,100.0
2026-10-07 15:05:00,LUCA.V,,1.065000057220459,1.0750000476837158,1.059999942779541,1.0700000524520874,99204.0
2026-10-07 15:05:00,MLP.V,,2.1500000953674316,2.1500000953674316,2.1500000953674316,2.1500000953674316,400.0
2026-10-07 15:05:00,NURS.V,,3.4700000286102295,3.4700000286102295,3.4600000381469727,3.4600000381469727,300.0
2026-10-07 15:06:00,FDR.V,,8.380000114440918,8.399999618530273,8.380000114440918,8.399999618530273,1700.0
2026-10-07 15:06:00,FWZ.V,,2.7699999809265137,2.7799999713897705,2.7699999809265137,2.7799999713897705,2800.0
2026-10-07 15:06:00,GGO.V,,1.2999999523162842,1.2999999523162842,1.2999999523162842,1.2999999523162842,100.0
2026-10-07 15:06:00,GSVR.V,,0.3700000047683716,0.3725000023841858,0.3700000047683716,0.3700000047683716,115583.0
2026-10-07 15:06:00,JEV.V,,0.25,0.25,0.25,0.25,50000.0
2026-10-07 15:06:00,KFR.V,,1.0199999809265137,1.0199999809265137,1.0199999809265137,1.0199999809265137,7300.0
2026-10-07 15:06:00,LCX.V,,1.7400000095367432,1.75,1.7400000095367432,1.75,14258.0
2026-10-07 15:06:00,LIO.V,,0.16500000655651093,0.16500000655651093,0.16500000655651093,0.16500000655651093,500.0
2026-10-07 15:06:00,LMN.V,,22.719999313354492,22.719999313354492,22.719999313354492,22.719999313354492,100.0
2026-10-07 15:06:00,LUCA.V,,1.0750000476837158,1.0750000476837158,1.065000057220459,1.065000057220459,57900.0
2026-10-07 15:06:00,MLP.V,,2.1500000953674316,2.1500000953674316,2.1500000953674316,2.1500000953674316,300.0
2026-10-07 15:06:00,MTA.V,,12.295000076293945,12.3100004196167,12.279999732971191,12.3100004196167,600.0
2026-10-07 15:06:00,NURS.V,,3.450000047683716,3.4600000381469727,3.450000047683716,3.4600000381469727,1500.0
2026-10-07 15:06:00,PNG.V,,4.929999828338623,4.929999828338623,4.929999828338623,4.929999828338623,200.0
2026-10-07 15:07:00,FDR.V,,8.390000343322754,8.399999618530273,8.390000343322754,8.399999618530273,1900.0
2026-10-07 15:07:00,FOBI.V,,0.029999999329447746,0.029999999329447746,0.029999999329447746,0.029999999329447746,1000.0
2026-10-07 15:07:00,GMG.V,,2.259999990463257,2.259999990463257,2.259999990463257,2.259999990463257,100.0
2026-10-07 15:07:00,GSI.V,,1.6299999952316284,1.6399999856948853,1.6299999952316284,1.6399999856948853,5505.0
2026-10-07 15:07:00,GSVR.V,,0.3700000047683716,0.3700000047683716,0.3700000047683716,0.3700000047683716,6800.0
2026-10-07 15:07:00,HMR.V,,0.41999998688697815,0.41999998688697815,0.41499999165534973,0.41499999165534973,4500.0
2026-10-07 15:07:00,IPT.V,,0.25,0.25,0.25,0.25,2000.0
2026-10-07 15:07:00,IRR.V,,1.1699999570846558,1.1699999570846558,1.1699999570846558,1.1699999570846558,300.0
2026-10-07 15:07:00,JEV.V,,0.25,0.25,0.25,0.25,50000.0
2026-10-07 15:07:00,JG.V,,0.11999999731779099,0.11999999731779099,0.11999999731779099,0.11999999731779099,9000.0
2026-10-07 15:07:00,JUGR.V,,0.41499999165534973,0.41999998688697815,0.41499999165534973,0.41999998688697815,8000.0
2026-10-07 15:07:00,KLD.V,,2.2799999713897705,2.2799999713897705,2.2799999713897705,2.2799999713897705,200.0
2026-10-07 15:07:00,KNG.V,,0.9900000095367432,0.9900000095367432,0.9900000095367432,0.9900000095367432,2500.0
2026-10-07 15:07:00,KTO.V,,0.75,0.75,0.75,0.75,2500.0
2026-10-07 15:07:00,LCX.V,,1.7599999904632568,1.7599999904632568,1.7599999904632568,1.7599999904632568,1000.0
2026-10-07 15:07:00,LG.V,,0.3799999952316284,0.3799999952316284,0.3799999952316284,0.3799999952316284,67620.0
2026-10-07 15:07:00,LMN.V,,22.719999313354492,22.719999313354492,22.719999313354492,22.719999313354492,200.0
2026-10-07 15:07:00,LUCA.V,,1.0750000476837158,1.0750000476837158,1.0750000476837158,1.0750000476837158,19200.0
2026-10-07 15:07:00,MLP.V,,2.1500000953674316,2.1500000953674316,2.1500000953674316,2.1500000953674316,200.0
2026-10-07 15:07:00,MTA.V,,12.270000457763672,12.279999732971191,12.270000457763672,12.279999732971191,200.0
2026-10-07 15:07:00,NURS.V,,3.440000057220459,3.440000057220459,3.440000057220459,3.440000057220459,400.0
2026-10-07 15:07:00,PNG.V,,4.925000190734863,4.925000190734863,4.925000190734863,4.925000190734863,200.0
2026-10-07 15:08:00,GGO.V,,1.2999999523162842,1.2999999523162842,1.2999999523162842,1.2999999523162842,100.0
2026-10-07 15:08:00,HAM.V,,5.900000095367432,5.900000095367432,5.864999771118164,5.864999771118164,1708.0
2026-10-07 15:08:00,JUGR.V,,0.41499999165534973,0.41499999165534973,0.41499999165534973,0.41499999165534973,7000.0
2026-10-07 15:08:00,LMN.V,,22.520000457763672,22.709999084472656,22.520000457763672,22.709999084472656,200.0
2026-10-07 15:08:00,MD.V,,0.3799999952316284,0.3799999952316284,0.3799999952316284,0.3799999952316284,1000.0
2026-10-07 15:08:00,MRVL.V,,0.10499999672174454,0.10499999672174454,0.10499999672174454,0.10499999672174454,5000.0
2026-10-07 15:08:00,MTA.V,,12.279999732971191,12.279999732971191,12.279999732971191,12.279999732971191,200.0
2026-10-07 15:09:00,FDR.V,,8.390000343322754,8.390000343322754,8.390000343322754,8.390000343322754,100.0
2026-10-07 15:09:00,FL.V,,0.41999998688697815,0.41999998688697815,0.41999998688697815,0.41999998688697815,500.0
2026-10-07 15:09:00,GGO.V,,1.2999999523162842,1.2999999523162842,1.2999999523162842,1.2999999523162842,100.0
2026-10-07 15:09:00,GMG.V,,2.259999990463257,2.259999990463257,2.259999990463257,2.259999990463257,100.0
2026-10-07 15:09:00,HME.V,,2.25,2.25,2.25,2.25,100.0
2026-10-07 15:09:00,ITR.V,,3.5899999141693115,3.5899999141693115,3.5899999141693115,3.5899999141693115,200.0
2026-10-07 15:09:00,JG.V,,0.125,0.125,0.125,0.125,21000.0
2026-10-07 15:09:00,KFR.V,,1.0199999809265137,1.0199999809265137,1.0199999809265137,1.0199999809265137,900.0
2026-10-07 15:09:00,LMN.V,,22.530000686645508,22.530000686645508,22.530000686645508,22.530000686645508,100.0
2026-10-07 15:09:00,LRA.V,,3.990000009536743,3.990000009536743,3.859999895095825,3.859999895095825,2400.0
2026-10-07 15:09:00,MGM.V,,2.799999952316284,2.799999952316284,2.799999952316284,2.799999952316284,1000.0
2026-10-07 15:09:00,PNG.V,,4.909999847412109,4.925000190734863,4.909999847412109,4.925000190734863,5200.0
2026-10-07 15:10:00,FDR.V,,8.40999984741211,8.420000076293945,8.399999618530273,8.420000076293945,900.0
2026-10-07 15:10:00,GGO.V,,1.2999999523162842,1.2999999523162842,1.2999999523162842,1.2999999523162842,100.0
2026-10-07 15:10:00,GOT.V,,1.3799999952316284,1.3799999952316284,1.3799999952316284,1.3799999952316284,200.0
2026-10-07 15:10:00,GWM.V,,1.0199999809265137,1.0199999809265137,1.0199999809265137,1.0199999809265137,200.0
2026-10-07 15:10:00,HITI.V,,3.930000066757202,3.930000066757202,3.930000066757202,3.930000066757202,100.0
2026-10-07 15:10:00,IPT.V,,0.25,0.25,0.25,0.25,3500.0
2026-10-07 15:10:00,IRR.V,,1.1699999570846558,1.1699999570846558,1.1699999570846558,1.1699999570846558,3000.0
2026-10-07 15:10:00,LCX.V,,1.7400000095367432,1.7400000095367432,1.7400000095367432,1.7400000095367432,100.0
2026-10-07 15:10:00,LMN.V,,22.489999771118164,22.489999771118164,22.489999771118164,22.489999771118164,100.0
2026-10-07 15:10:00,LUCA.V,,1.0700000524520874,1.0700000524520874,1.0700000524520874,1.0700000524520874,1200.0
2026-10-07 15:10:00,MLP.V,,2.140000104904175,2.140000104904175,2.140000104904175,2.140000104904175,6100.0
2026-10-07 15:10:00,PNG.V,,4.909999847412109,4.909999847412109,4.909999847412109,4.909999847412109,100.0
2026-10-07 15:11:00,FDR.V,,8.399999618530273,8.40999984741211,8.399999618530273,8.40999984741211,6900.0
2026-10-07 15:11:00,GGO.V,,1.2999999523162842,1.2999999523162842,1.2999999523162842,1.2999999523162842,100.0
2026-10-07 15:11:00,GMG.V,,2.259999990463257,2.259999990463257,2.259999990463257,2.259999990463257,100.0
2026-10-07 15:11:00,GOT.V,,1.3799999952316284,1.3799999952316284,1.3799999952316284,1.3799999952316284,100.0
2026-10-07 15:11:00,GPG.V,,0.2750000059604645,0.2750000059604645,0.2750000059604645,0.2750000059604645,1527.0
2026-10-07 15:11:00,GSVR.V,,0.375,0.375,0.375,0.375,5700.0
2026-10-07 15:11:00,GWM.V,,1.0199999809265137,1.0199999809265137,1.0199999809265137,1.0199999809265137,300.0
2026-10-07 15:11:00,HPQ.V,,0.13500000536441803,0.13500000536441803,0.13500000536441803,0.13500000536441803,500.0
2026-10-07 15:11:00,JG.V,,0.125,0.125,0.125,0.125,24500.0
2026-10-07 15:11:00,LIFT.V,,2.049999952316284,2.0799999237060547,2.049999952316284,2.0799999237060547,13200.0
2026-10-07 15:11:00,LIO.V,,0.16500000655651093,0.16500000655651093,0.16500000655651093,0.16500000655651093,500.0
2026-10-07 15:11:00,LMN.V,,22.540000915527344,22.540000915527344,22.540000915527344,22.540000915527344,100.0
2026-10-07 15:11:00,PNG.V,,4.909999847412109,4.909999847412109,4.909999847412109,4.909999847412109,100.0
2026-10-07 15:12:00,BIG.V,,1.159999966621399,1.159999966621399,1.159999966621399,1.159999966621399,700.0
2026-10-07 15:12:00,FDR.V,,8.399999618530273,8.399999618530273,8.380000114440918,8.399999618530273,9700.0
2026-10-07 15:12:00,GGO.V,,1.2999999523162842,1.2999999523162842,1.2999999523162842,1.2999999523162842,100.0
2026-10-07 15:12:00,GWM.V,,1.0199999809265137,1.0199999809265137,1.0199999809265137,1.0199999809265137,300.0
2026-10-07 15:12:00,HI.V,,0.14499999582767487,0.15000000596046448,0.14499999582767487,0.15000000596046448,10000.0
2026-10-07 15:12:00,ITR.V,,3.5999999046325684,3.5999999046325684,3.5999999046325684,3.5999999046325684,100.0
2026-10-07 15:12:00,LMN.V,,22.540000915527344,22.540000915527344,22.540000915527344,22.540000915527344,100.0
2026-10-07 15:12:00,LUCA.V,,1.0700000524520874,1.0700000524520874,1.0700000524520874,1.0700000524520874,9700.0
2026-10-07 15:12:00,PNG.V,,4.914999961853027,4.914999961853027,4.909999847412109,4.909999847412109,200.0
2026-10-07 15:13:00,FDR.V,,8.399999618530273,8.399999618530273,8.399999618530273,8.399999618530273,4700.0
2026-10-07 15:13:00,FWZ.V,,2.7899999618530273,2.7899999618530273,2.7899999618530273,2.7899999618530273,1700.0
2026-10-07 15:13:00,GGO.V,,1.2999999523162842,1.2999999523162842,1.2999999523162842,1.2999999523162842,100.0
2026-10-07 15:13:00,GMG.V,,2.259999990463257,2.259999990463257,2.259999990463257,2.259999990463257,100.0
2026-10-07 15:13:00,GOT.V,,1.3799999952316284,1.3799999952316284,1.3799999952316284,1.3799999952316284,100.0
2026-10-07 15:13:00,GSI.V,,1.6299999952316284,1.6299999952316284,1.6299999952316284,1.6299999952316284,2410.0
2026-10-07 15:13:00,GWM.V,,1.0199999809265137,1.0199999809265137,1.0199999809265137,1.0199999809265137,200.0
2026-10-07 15:13:00,ITR.V,,3.5899999141693115,3.5899999141693115,3.5899999141693115,3.5899999141693115,1700.0
2026-10-07 15:13:00,LUCA.V,,1.065000057220459,1.065000057220459,1.065000057220459,1.065000057220459,600.0
2026-10-07 15:13:00,MLP.V,,2.1500000953674316,2.1500000953674316,2.1500000953674316,2.1500000953674316,300.0
2026-10-07 15:13:00,NURS.V,,3.4200000762939453,3.4200000762939453,3.4200000762939453,3.4200000762939453,100.0
2026-10-07 15:13:00,PNG.V,,4.909999847412109,4.909999847412109,4.909999847412109,4.909999847412109,600.0
2026-10-07 15:14:00,FDR.V,,8.40999984741211,8.40999984741211,8.399999618530273,8.399999618530273,200.0
2026-10-07 15:14:00,FL.V,,0.41999998688697815,0.41999998688697815,0.41999998688697815,0.41999998688697815,500.0
2026-10-07 15:14:00,FWZ.V,,2.7899999618530273,2.7899999618530273,2.7899999618530273,2.7899999618530273,400.0
2026-10-07 15:14:00,GGO.V,,1.2999999523162842,1.2999999523162842,1.2999999523162842,1.2999999523162842,100.0
2026-10-07 15:14:00,GOT.V,,1.3799999952316284,1.3799999952316284,1.3799999952316284,1.3799999952316284,100.0
2026-10-07 15:14:00,GWM.V,,1.0199999809265137,1.0199999809265137,1.0199999809265137,1.0199999809265137,300.0
2026-10-07 15:14:00,INTR.V,,0.8199999928474426,0.8199999928474426,0.8199999928474426,0.8199999928474426,1000.0
2026-10-07 15:14:00,LCX.V,,1.7599999904632568,1.7599999904632568,1.7599999904632568,1.7599999904632568,900.0
2026-10-07 15:14:00,LMN.V,,22.540000915527344,22.540000915527344,22.540000915527344,22.540000915527344,100.0
2026-10-07 15:14:00,NURS.V,,3.4200000762939453,3.4200000762939453,3.4200000762939453,3.4200000762939453,2600.0
2026-10-07 15:14:00,PNG.V,,4.909999847412109,4.909999847412109,4.909999847412109,4.909999847412109,100.0
2026-10-07 15:15:00,FWZ.V,,2.7899999618530273,2.7899999618530273,2.7899999618530273,2.7899999618530273,1100.0
2026-10-07 15:15:00,GGO.V,,1.2999999523162842,1.2999999523162842,1.2999999523162842,1.2999999523162842,100.0
2026-10-07 15:15:00,GOT.V,,1.3799999952316284,1.3799999952316284,1.3799999952316284,1.3799999952316284,100.0
2026-10-07 15:15:00,GWM.V,,1.0199999809265137,1.0199999809265137,1.0199999809265137,1.0199999809265137,400.0
2026-10-07 15:15:00,LCX.V,,1.75,1.75,1.75,1.75,1500.0
2026-10-07 15:15:00,LG.V,,0.3799999952316284,0.3799999952316284,0.3799999952316284,0.3799999952316284,4000.0
2026-10-07 15:15:00,LMN.V,,22.530000686645508,22.530000686645508,22.530000686645508,22.530000686645508,500.0
2026-10-07 15:15:00,MTA.V,,12.239999771118164,12.239999771118164,12.239999771118164,12.239999771118164,200.0
2026-10-07 15:15:00,NURS.V,,3.4200000762939453,3.4200000762939453,3.4200000762939453,3.4200000762939453,100.0
2026-10-07 15:15:00,PNG.V,,4.909999847412109,4.909999847412109,4.900000095367432,4.909999847412109,600.0
2026-10-07 15:16:00,FDR.V,,8.369999885559082,8.380000114440918,8.369999885559082,8.380000114440918,2916.0
2026-10-07 15:16:00,GMG.V,,2.25,2.25,2.25,2.25,100.0
2026-10-07 15:16:00,GOT.V,,1.3799999952316284,1.3799999952316284,1.3799999952316284,1.3799999952316284,100.0
2026-10-07 15:16:00,GSVR.V,,0.3725000023841858,0.3725000023841858,0.3725000023841858,0.3725000023841858,500.0
2026-10-07 15:16:00,GWM.V,,1.0199999809265137,1.0199999809265137,1.0199999809265137,1.0199999809265137,600.0
2026-10-07 15:16:00,HPQ.V,,0.13500000536441803,0.13500000536441803,0.13500000536441803,0.13500000536441803,700.0
2026-10-07 15:16:00,IMM.V,,0.05999999865889549,0.05999999865889549,0.05999999865889549,0.05999999865889549,0.0
2026-10-07 15:16:00,MLP.V,,2.1500000953674316,2.1500000953674316,2.1500000953674316,2.1500000953674316,100.0
2026-10-07 15:16:00,MVD-H.V,,0.009999999776482582,0.009999999776482582,0.009999999776482582,0.009999999776482582,0.0
2026-10-07 15:16:00,PNG.V,,4.909999847412109,4.909999847412109,4.909999847412109,4.909999847412109,100.0
2026-10-07 15:17:00,FL.V,,0.42250001430511475,0.42250001430511475,0.42250001430511475,0.42250001430511475,500.0
2026-10-07 15:17:00,GGO.V,,1.2999999523162842,1.2999999523162842,1.2999999523162842,1.2999999523162842,100.0
2026-10-07 15:17:00,GOT.V,,1.3799999952316284,1.3799999952316284,1.3799999952316284,1.3799999952316284,100.0
2026-10-07 15:17:00,GWM.V,,1.0199999809265137,1.0199999809265137,1.0199999809265137,1.0199999809265137,200.0
2026-10-07 15:17:00,KRI.V,,0.2199999988079071,0.2199999988079071,0.2199999988079071,0.2199999988079071,1500.0
2026-10-07 15:17:00,LCX.V,,1.75,1.75,1.75,1.75,100.0
2026-10-07 15:17:00,LUCA.V,,1.065000057220459,1.065000057220459,1.059999942779541,1.059999942779541,35600.0
2026-10-07 15:17:00,PNG.V,,4.909999847412109,4.909999847412109,4.909999847412109,4.909999847412109,100.0
2026-10-07 15:18:00,GGO.V,,1.2999999523162842,1.2999999523162842,1.2999999523162842,1.2999999523162842,100.0
2026-10-07 15:18:00,GMG.V,,2.25,2.25,2.25,2.25,100.0
2026-10-07 15:18:00,GRDM.V,,0.1899999976158142,0.1899999976158142,0.1899999976158142,0.1899999976158142,14000.0
2026-10-07 15:18:00,GWM.V,,1.0199999809265137,1.0199999809265137,1.0199999809265137,1.0199999809265137,300.0
2026-10-07 15:18:00,LCX.V,,1.75,1.75,1.75,1.75,100.0
2026-10-07 15:18:00,LMN.V,,22.31999969482422,22.31999969482422,22.31999969482422,22.31999969482422,1000.0
2026-10-07 15:18:00,LUCA.V,,1.065000057220459,1.065000057220459,1.065000057220459,1.065000057220459,8200.0
2026-10-07 15:18:00,MINE.V,,0.14000000059604645,0.14000000059604645,0.14000000059604645,0.14000000059604645,7000.0
2026-10-07 15:18:00,MTA.V,,12.25,12.25,12.25,12.25,100.0
2026-10-07 15:18:00,PNG.V,,4.914999961853027,4.920000076293945,4.909999847412109,4.909999847412109,500.0
2026-10-07 15:19:00,BIG.V,,1.159999966621399,1.159999966621399,1.159999966621399,1.159999966621399,200.0
2026-10-07 15:19:00,FDR.V,,8.385000228881836,8.385000228881836,8.385000228881836,8.385000228881836,200.0
2026-10-07 15:19:00,FL.V,,0.41999998688697815,0.41999998688697815,0.41999998688697815,0.41999998688697815,500.0
2026-10-07 15:19:00,GGO.V,,1.2999999523162842,1.2999999523162842,1.2999999523162842,1.2999999523162842,100.0
2026-10-07 15:19:00,GWM.V,,1.0199999809265137,1.0199999809265137,1.0199999809265137,1.0199999809265137,400.0
2026-10-07 15:19:00,JJ.V,,0.03500000014901161,0.03500000014901161,0.03500000014901161,0.03500000014901161,1000.0
2026-10-07 15:19:00,JUGR.V,,0.41499999165534973,0.41499999165534973,0.41499999165534973,0.41499999165534973,500.0
2026-10-07 15:19:00,KLD.V,,2.2899999618530273,2.2899999618530273,2.2899999618530273,2.2899999618530273,100.0
2026-10-07 15:19:00,KTN.V,,1.100000023841858,1.100000023841858,1.100000023841858,1.100000023841858,8400.0
2026-10-07 15:19:00,KTO.V,,0.75,0.75,0.75,0.75,500.0
2026-10-07 15:19:00,LG.V,,0.3799999952316284,0.3799999952316284,0.3799999952316284,0.3799999952316284,6000.0
2026-10-07 15:19:00,LMN.V,,22.31999969482422,22.31999969482422,22.31999969482422,22.31999969482422,100.0
2026-10-07 15:19:00,LUCA.V,,1.059999942779541,1.065000057220459,1.059999942779541,1.065000057220459,55466.0
2026-10-07 15:19:00,MINE.V,,0.14000000059604645,0.14000000059604645,0.14000000059604645,0.14000000059604645,4500.0
2026-10-07 15:19:00,PNG.V,,4.920000076293945,4.925000190734863,4.920000076293945,4.920000076293945,11300.0
2026-10-07 15:20:00,BIG.V,,1.159999966621399,1.159999966621399,1.159999966621399,1.159999966621399,900.0
2026-10-07 15:20:00,ESK.V,,0.27000001072883606,0.27000001072883606,0.27000001072883606,0.27000001072883606,5000.0
2026-10-07 15:20:00,FWZ.V,,2.7899999618530273,2.7899999618530273,2.7799999713897705,2.7799999713897705,200.0
2026-10-07 15:20:00,GGM.V,,0.03500000014901161,0.03500000014901161,0.03500000014901161,0.03500000014901161,10000.0
2026-10-07 15:20:00,GGO.V,,1.2999999523162842,1.2999999523162842,1.2999999523162842,1.2999999523162842,100.0
2026-10-07 15:20:00,GMG.V,,2.25,2.25,2.25,2.25,100.0
2026-10-07 15:20:00,GOT.V,,1.375,1.375,1.375,1.375,200.0
2026-10-07 15:20:00,GSVR.V,,0.375,0.375,0.375,0.375,2660.0
2026-10-07 15:20:00,JUGR.V,,0.4099999964237213,0.4099999964237213,0.4099999964237213,0.4099999964237213,6500.0
2026-10-07 15:20:00,LG.V,,0.3799999952316284,0.3799999952316284,0.3799999952316284,0.3799999952316284,20000.0
2026-10-07 15:20:00,LMN.V,,22.31999969482422,22.31999969482422,22.31999969482422,22.31999969482422,100.0
2026-10-07 15:20:00,LTH.V,,0.5,0.5,0.5,0.5,500.0
2026-10-07 15:20:00,LUCA.V,,1.065000057220459,1.065000057220459,1.059999942779541,1.059999942779541,40500.0
2026-10-07 15:20:00,MLP.V,,2.1500000953674316,2.1500000953674316,2.1500000953674316,2.1500000953674316,500.0
2026-10-07 15:20:00,MTA.V,,12.239999771118164,12.239999771118164,12.239999771118164,12.239999771118164,100.0
2026-10-07 15:20:00,PNG.V,,4.909999847412109,4.929999828338623,4.909999847412109,4.929999828338623,9200.0
2026-10-07 15:21:00,EQTY.V,,0.10000000149011612,0.10000000149011612,0.10000000149011612,0.10000000149011612,17500.0
2026-10-07 15:21:00,FDR.V,,8.359999656677246,8.380000114440918,8.359999656677246,8.380000114440918,2500.0
2026-10-07 15:21:00,FWZ.V,,2.7899999618530273,2.7899999618530273,2.7899999618530273,2.7899999618530273,1300.0
2026-10-07 15:21:00,GGO.V,,1.2999999523162842,1.2999999523162842,1.2999999523162842,1.2999999523162842,200.0
2026-10-07 15:21:00,GOT.V,,1.3799999952316284,1.3799999952316284,1.3799999952316284,1.3799999952316284,100.0
2026-10-07 15:21:00,GRDM.V,,0.1899999976158142,0.1899999976158142,0.1899999976158142,0.1899999976158142,4000.0
2026-10-07 15:21:00,GWM.V,,1.0199999809265137,1.0199999809265137,1.0199999809265137,1.0199999809265137,200.0
2026-10-07 15:21:00,KTO.V,,0.75,0.75,0.75,0.75,500.0
2026-10-07 15:21:00,LMN.V,,22.31999969482422,22.31999969482422,22.31999969482422,22.31999969482422,100.0
2026-10-07 15:21:00,LUCA.V,,1.065000057220459,1.065000057220459,1.065000057220459,1.065000057220459,300.0
2026-10-07 15:21:00,MLP.V,,2.1500000953674316,2.1500000953674316,2.1500000953674316,2.1500000953674316,1700.0
2026-10-07 15:22:00,BIG.V,,1.1549999713897705,1.1549999713897705,1.149999976158142,1.1549999713897705,1000.0
2026-10-07 15:22:00,FDR.V,,8.359999656677246,8.369999885559082,8.359999656677246,8.369999885559082,622.0
2026-10-07 15:22:00,GGO.V,,1.2999999523162842,1.2999999523162842,1.2999999523162842,1.2999999523162842,100.0
2026-10-07 15:22:00,GMG.V,,2.25,2.25,2.25,2.25,100.0
2026-10-07 15:22:00,GOT.V,,1.3799999952316284,1.3799999952316284,1.3799999952316284,1.3799999952316284,100.0
2026-10-07 15:22:00,GWM.V,,1.0199999809265137,1.0199999809265137,1.0199999809265137,1.0199999809265137,300.0
2026-10-07 15:22:00,HITI.V,,3.9049999713897705,3.9049999713897705,3.9049999713897705,3.9049999713897705,500.0
2026-10-07 15:22:00,LG.V,,0.3799999952316284,0.3799999952316284,0.3799999952316284,0.3799999952316284,10000.0
2026-10-07 15:22:00,LMN.V,,22.31999969482422,22.31999969482422,22.31999969482422,22.31999969482422,100.0
2026-10-07 15:22:00,LUCA.V,,1.065000057220459,1.065000057220459,1.065000057220459,1.065000057220459,300.0
2026-10-07 15:22:00,MLP.V,,2.1500000953674316,2.1500000953674316,2.1500000953674316,2.1500000953674316,300.0
2026-10-07 15:22:00,PNG.V,,4.909999847412109,4.909999847412109,4.909999847412109,4.909999847412109,300.0
2026-10-07 15:23:00,EQTY.V,,0.10000000149011612,0.10000000149011612,0.10000000149011612,0.10000000149011612,26000.0
2026-10-07 15:23:00,FDR.V,,8.34000015258789,8.369999885559082,8.34000015258789,8.369999885559082,5700.0
2026-10-07 15:23:00,FL.V,,0.41999998688697815,0.41999998688697815,0.41499999165534973,0.41999998688697815,18620.0
2026-10-07 15:23:00,GGO.V,,1.2999999523162842,1.2999999523162842,1.2999999523162842,1.2999999523162842,100.0
2026-10-07 15:23:00,GWM.V,,1.0199999809265137,1.0199999809265137,1.0199999809265137,1.0199999809265137,200.0
2026-10-07 15:23:00,HEVI.V,,0.18000000715255737,0.18000000715255737,0.18000000715255737,0.18000000715255737,500.0
2026-10-07 15:23:00,KC.V,,0.38499999046325684,0.38499999046325684,0.38499999046325684,0.38499999046325684,2500.0
2026-10-07 15:23:00,KTO.V,,0.75,0.75,0.75,0.75,500.0
2026-10-07 15:23:00,LCX.V,,1.75,1.75,1.75,1.75,200.0
2026-10-07 15:23:00,LG.V,,0.3799999952316284,0.3799999952316284,0.3799999952316284,0.3799999952316284,5000.0
2026-10-07 15:23:00,LMN.V,,22.31999969482422,22.31999969482422,22.31999969482422,22.31999969482422,100.0
2026-10-07 15:23:00,LUCA.V,,1.065000057220459,1.065000057220459,1.065000057220459,1.065000057220459,3200.0
2026-10-07 15:23:00,MERG.V,,0.4300000071525574,0.4300000071525574,0.4300000071525574,0.4300000071525574,500.0
2026-10-07 15:23:00,MLP.V,,2.1500000953674316,2.1500000953674316,2.1500000953674316,2.1500000953674316,100.0
2026-10-07 15:23:00,MTA.V,,12.244999885559082,12.244999885559082,12.244999885559082,12.244999885559082,100.0
2026-10-07 15:23:00,PNG.V,,4.920000076293945,4.920000076293945,4.914999961853027,4.920000076293945,2500.0
2026-10-07 15:24:00,FWZ.V,,2.7899999618530273,2.7899999618530273,2.7899999618530273,2.7899999618530273,100.0
2026-10-07 15:24:00,GGO.V,,1.2999999523162842,1.2999999523162842,1.2999999523162842,1.2999999523162842,100.0
2026-10-07 15:24:00,GOT.V,,1.3799999952316284,1.3799999952316284,1.3799999952316284,1.3799999952316284,100.0
2026-10-07 15:24:00,GWM.V,,1.0199999809265137,1.0199999809265137,1.0199999809265137,1.0199999809265137,200.0
2026-10-07 15:24:00,IPT.V,,0.25,0.25,0.25,0.25,3500.0
2026-10-07 15:24:00,KLD.V,,2.2899999618530273,2.3299999237060547,2.2899999618530273,2.3299999237060547,1600.0
2026-10-07 15:24:00,LG.V,,0.3799999952316284,0.3799999952316284,0.3799999952316284,0.3799999952316284,5000.0
2026-10-07 15:24:00,LMN.V,,22.31999969482422,22.479999542236328,22.31999969482422,22.395000457763672,900.0
2026-10-07 15:24:00,LTH.V,,0.5,0.5,0.5,0.5,500.0
2026-10-07 15:24:00,LUCA.V,,1.065000057220459,1.065000057220459,1.059999942779541,1.065000057220459,600.0
2026-10-07 15:24:00,MLP.V,,2.1500000953674316,2.1500000953674316,2.1500000953674316,2.1500000953674316,100.0
2026-10-07 15:24:00,PNG.V,,4.920000076293945,4.920000076293945,4.920000076293945,4.920000076293945,1500.0
2026-10-07 15:25:00,FDR.V,,8.359999656677246,8.369999885559082,8.350000381469727,8.350000381469727,1300.0
2026-10-07 15:25:00,GGO.V,,1.2999999523162842,1.2999999523162842,1.2999999523162842,1.2999999523162842,100.0
2026-10-07 15:25:00,GMG.V,,2.25,2.25,2.25,2.25,100.0
2026-10-07 15:25:00,GOT.V,,1.3799999952316284,1.3799999952316284,1.3799999952316284,1.3799999952316284,100.0
2026-10-07 15:25:00,GSI.V,,1.6299999952316284,1.6299999952316284,1.6299999952316284,1.6299999952316284,6300.0
2026-10-07 15:25:00,GWM.V,,1.0199999809265137,1.0199999809265137,1.0199999809265137,1.0199999809265137,30100.0
2026-10-07 15:25:00,HME.V,,2.259999990463257,2.259999990463257,2.259999990463257,2.259999990463257,100.0
2026-10-07 15:25:00,KFR.V,,1.0199999809265137,1.0199999809265137,1.0199999809265137,1.0199999809265137,300.0
2026-10-07 15:25:00,LG.V,,0.3799999952316284,0.3799999952316284,0.3799999952316284,0.3799999952316284,5000.0
2026-10-07 15:25:00,LMN.V,,22.31999969482422,22.31999969482422,22.31999969482422,22.31999969482422,100.0
2026-10-07 15:25:00,LUCA.V,,1.065000057220459,1.065000057220459,1.065000057220459,1.065000057220459,300.0
2026-10-07 15:25:00,MAX.V,,0.20000000298023224,0.20000000298023224,0.20000000298023224,0.20000000298023224,16500.0
2026-10-07 15:25:00,MLP.V,,2.1500000953674316,2.1500000953674316,2.1500000953674316,2.1500000953674316,200.0
2026-10-07 15:25:00,PNG.V,,4.914999961853027,4.914999961853027,4.914999961853027,4.914999961853027,100.0
2026-10-07 15:26:00,EQTY.V,,0.10000000149011612,0.10000000149011612,0.10000000149011612,0.10000000149011612,10000.0
2026-10-07 15:26:00,FDR.V,,8.34000015258789,8.359999656677246,8.34000015258789,8.359999656677246,400.0
2026-10-07 15:26:00,GGO.V,,1.2999999523162842,1.2999999523162842,1.2999999523162842,1.2999999523162842,100.0
2026-10-07 15:26:00,GOT.V,,1.3799999952316284,1.3799999952316284,1.3799999952316284,1.3799999952316284,100.0
2026-10-07 15:26:00,GWM.V,,1.0199999809265137,1.0199999809265137,1.0199999809265137,1.0199999809265137,900.0
2026-10-07 15:26:00,HEVI.V,,0.18000000715255737,0.18000000715255737,0.18000000715255737,0.18000000715255737,10000.0
2026-10-07 15:26:00,HITI.V,,3.9100000858306885,3.9100000858306885,3.9100000858306885,3.9100000858306885,200.0
2026-10-07 15:26:00,INTR.V,,0.8199999928474426,0.8199999928474426,0.8199999928474426,0.8199999928474426,4000.0
2026-10-07 15:26:00,KC.V,,0.38499999046325684,0.38499999046325684,0.38499999046325684,0.38499999046325684,59736.0
2026-10-07 15:26:00,LIFT.V,,2.0199999809265137,2.0199999809265137,2.0199999809265137,2.0199999809265137,100.0
2026-10-07 15:26:00,LIO.V,,0.1599999964237213,0.1599999964237213,0.1599999964237213,0.1599999964237213,163600.0
2026-10-07 15:26:00,LMN.V,,22.299999237060547,22.309999465942383,22.299999237060547,22.309999465942383,492.0
2026-10-07 15:26:00,LUCA.V,,1.065000057220459,1.065000057220459,1.065000057220459,1.065000057220459,500.0
2026-10-07 15:26:00,MAX.V,,0.20000000298023224,0.20000000298023224,0.20000000298023224,0.20000000298023224,8250.0
2026-10-07 15:26:00,MGM.V,,2.819999933242798,2.819999933242798,2.819999933242798,2.819999933242798,400.0
2026-10-07 15:26:00,PNG.V,,4.920000076293945,4.920000076293945,4.920000076293945,4.920000076293945,4700.0
2026-10-07 15:27:00,FMN.V,,0.23999999463558197,0.23999999463558197,0.23999999463558197,0.23999999463558197,500.0
2026-10-07 15:27:00,FWZ.V,,2.7899999618530273,2.7899999618530273,2.7899999618530273,2.7899999618530273,1400.0
2026-10-07 15:27:00,GGO.V,,1.2999999523162842,1.2999999523162842,1.2999999523162842,1.2999999523162842,100.0
2026-10-07 15:27:00,GMG.V,,2.25,2.25,2.25,2.25,100.0
2026-10-07 15:27:00,GOT.V,,1.3799999952316284,1.3799999952316284,1.3799999952316284,1.3799999952316284,100.0
2026-10-07 15:27:00,GSI.V,,1.6399999856948853,1.6399999856948853,1.6349999904632568,1.6349999904632568,4700.0
2026-10-07 15:27:00,GSVR.V,,0.3700000047683716,0.3725000023841858,0.3700000047683716,0.3725000023841858,1000.0
2026-10-07 15:27:00,HPL.V,,0.3100000023841858,0.3100000023841858,0.3100000023841858,0.3100000023841858,7000.0
2026-10-07 15:27:00,LIO.V,,0.1599999964237213,0.1599999964237213,0.1599999964237213,0.1599999964237213,12000.0
2026-10-07 15:27:00,LMN.V,,22.170000076293945,22.170000076293945,22.170000076293945,22.170000076293945,100.0
2026-10-07 15:27:00,LUCA.V,,1.0700000524520874,1.0750000476837158,1.065000057220459,1.065000057220459,33400.0
2026-10-07 15:27:00,MINE.V,,0.14499999582767487,0.14499999582767487,0.14499999582767487,0.14499999582767487,6000.0
2026-10-07 15:27:00,PNG.V,,4.920000076293945,4.920000076293945,4.920000076293945,4.920000076293945,200.0
2026-10-07 15:28:00,FDR.V,,8.34000015258789,8.34000015258789,8.34000015258789,8.34000015258789,100.0
2026-10-07 15:28:00,GGO.V,,1.2999999523162842,1.2999999523162842,1.2999999523162842,1.2999999523162842,100.0
2026-10-07 15:28:00,GOT.V,,1.375,1.375,1.375,1.375,200.0
2026-10-07 15:28:00,KFR.V,,1.0199999809265137,1.0199999809265137,1.0199999809265137,1.0199999809265137,300.0
2026-10-07 15:28:00,LUCA.V,,1.0750000476837158,1.0750000476837158,1.0750000476837158,1.0750000476837158,400.0
2026-10-07 15:28:00,MTA.V,,12.270000457763672,12.270000457763672,12.270000457763672,12.270000457763672,100.0
2026-10-07 15:28:00,PNG.V,,4.920000076293945,4.920000076293945,4.914999961853027,4.920000076293945,604.0
2026-10-07 15:29:00,ESK.V,,0.27000001072883606,0.2750000059604645,0.27000001072883606,0.2750000059604645,13500.0
2026-10-07 15:29:00,EVER.V,,0.23999999463558197,0.23999999463558197,0.23999999463558197,0.23999999463558197,2000.0
2026-10-07 15:29:00,FDR.V,,8.329999923706055,8.329999923706055,8.329999923706055,8.329999923706055,110.0
2026-10-07 15:29:00,GGO.V,,1.2999999523162842,1.2999999523162842,1.2999999523162842,1.2999999523162842,100.0
2026-10-07 15:29:00,GOT.V,,1.3799999952316284,1.3799999952316284,1.3799999952316284,1.3799999952316284,1100.0
2026-10-07 15:29:00,GWM.V,,1.0199999809265137,1.0199999809265137,1.0199999809265137,1.0199999809265137,100.0
2026-10-07 15:29:00,LMN.V,,22.149999618530273,22.149999618530273,22.149999618530273,22.149999618530273,100.0
2026-10-07 15:29:00,MTA.V,,12.239999771118164,12.239999771118164,12.239999771118164,12.239999771118164,465.0
2026-10-07 15:29:00,PNG.V,,4.929999828338623,4.929999828338623,4.920000076293945,4.920000076293945,6100.0
2026-10-07 15:29:00,WOLF.V,,1.659999966621399,1.659999966621399,1.659999966621399,1.659999966621399,100.0
2026-10-07 15:30:00,FDR.V,,8.369999885559082,8.369999885559082,8.359999656677246,8.359999656677246,300.0
2026-10-07 15:30:00,GOT.V,,1.3799999952316284,1.3799999952316284,1.3799999952316284,1.3799999952316284,100.0
2026-10-07 15:30:00,GWM.V,,1.0099999904632568,1.0099999904632568,1.0099999904632568,1.0099999904632568,6200.0
2026-10-07 15:30:00,IRR.V,,1.1749999523162842,1.1749999523162842,1.1749999523162842,1.1749999523162842,100.0
2026-10-07 15:30:00,ITR.V,,3.5899999141693115,3.5899999141693115,3.5899999141693115,3.5899999141693115,400.0
2026-10-07 15:30:00,LMN.V,,22.149999618530273,22.149999618530273,22.149999618530273,22.149999618530273,100.0
2026-10-07 15:30:00,MLP.V,,2.1500000953674316,2.1500000953674316,2.1500000953674316,2.1500000953674316,100.0
2026-10-07 15:30:00,PNG.V,,4.929999828338623,4.929999828338623,4.929999828338623,4.929999828338623,400.0
2026-10-07 15:31:00,FDR.V,,8.369999885559082,8.369999885559082,8.369999885559082,8.369999885559082,400.0
2026-10-07 15:31:00,FOBI.V,,0.029999999329447746,0.029999999329447746,0.029999999329447746,0.029999999329447746,2000.0
2026-10-07 15:31:00,GOT.V,,1.3799999952316284,1.3799999952316284,1.3799999952316284,1.3799999952316284,100.0
2026-10-07 15:31:00,GWM.V,,1.0099999904632568,1.0099999904632568,1.0099999904632568,1.0099999904632568,300.0
2026-10-07 15:31:00,IGO.V,,0.14499999582767487,0.14499999582767487,0.14499999582767487,0.14499999582767487,11500.0
2026-10-07 15:31:00,INTR.V,,0.8100000023841858,0.8100000023841858,0.8100000023841858,0.8100000023841858,500.0
2026-10-07 15:31:00,ITR.V,,3.5899999141693115,3.5999999046325684,3.5899999141693115,3.5999999046325684,500.0
2026-10-07 15:31:00,LIO.V,,0.1599999964237213,0.1599999964237213,0.1599999964237213,0.1599999964237213,3500.0
2026-10-07 15:31:00,LMN.V,,22.15999984741211,22.15999984741211,22.15999984741211,22.15999984741211,100.0
2026-10-07 15:31:00,LUCA.V,,1.0750000476837158,1.0750000476837158,1.0750000476837158,1.0750000476837158,200.0
2026-10-07 15:31:00,MMG.V,,0.19499999284744263,0.19499999284744263,0.19499999284744263,0.19499999284744263,2000.0
2026-10-07 15:31:00,MRVL.V,,0.10499999672174454,0.10499999672174454,0.10499999672174454,0.10499999672174454,5500.0
2026-10-07 15:31:00,MTA.V,,12.270000457763672,12.270000457763672,12.270000457763672,12.270000457763672,100.0
2026-10-07 15:31:00,PNG.V,,4.929999828338623,4.929999828338623,4.929999828338623,4.929999828338623,200.0
2026-10-07 15:32:00,FDR.V,,8.359999656677246,8.359999656677246,8.350000381469727,8.359999656677246,500.0
2026-10-07 15:32:00,GOT.V,,1.3799999952316284,1.3799999952316284,1.3799999952316284,1.3799999952316284,100.0
2026-10-07 15:32:00,GWM.V,,1.0099999904632568,1.0099999904632568,1.0099999904632568,1.0099999904632568,600.0
2026-10-07 15:32:00,IGO.V,,0.14499999582767487,0.14499999582767487,0.14499999582767487,0.14499999582767487,17500.0
2026-10-07 15:32:00,IPT.V,,0.2524999976158142,0.2524999976158142,0.2524999976158142,0.2524999976158142,1000.0
2026-10-07 15:32:00,LUCA.V,,1.0750000476837158,1.0750000476837158,1.0750000476837158,1.0750000476837158,200.0
2026-10-07 15:32:00,MLP.V,,2.1600000858306885,2.1600000858306885,2.1600000858306885,2.1600000858306885,200.0
2026-10-07 15:32:00,PNG.V,,4.929999828338623,4.929999828338623,4.929999828338623,4.929999828338623,300.0
2026-10-07 15:33:00,ESK.V,,0.27000001072883606,0.27000001072883606,0.27000001072883606,0.27000001072883606,16874.0
2026-10-07 15:33:00,FDR.V,,8.350000381469727,8.350000381469727,8.350000381469727,8.350000381469727,100.0
2026-10-07 15:33:00,FFOX.V,,0.5899999737739563,0.5899999737739563,0.5899999737739563,0.5899999737739563,1000.0
2026-10-07 15:33:00,FWZ.V,,2.7799999713897705,2.7799999713897705,2.7799999713897705,2.7799999713897705,1300.0
2026-10-07 15:33:00,GGO.V,,1.2999999523162842,1.2999999523162842,1.2999999523162842,1.2999999523162842,300.0
2026-10-07 15:33:00,GOT.V,,1.375,1.375,1.375,1.375,100.0
2026-10-07 15:33:00,ITR.V,,3.5899999141693115,3.5899999141693115,3.5899999141693115,3.5899999141693115,300.0
2026-10-07 15:33:00,KLD.V,,2.2899999618530273,2.2899999618530273,2.2899999618530273,2.2899999618530273,1000.0
2026-10-07 15:33:00,LIO.V,,0.1599999964237213,0.1599999964237213,0.1599999964237213,0.1599999964237213,4000.0
2026-10-07 15:33:00,LMN.V,,22.15999984741211,22.15999984741211,22.15999984741211,22.15999984741211,100.0
2026-10-07 15:33:00,MINE.V,,0.14499999582767487,0.14499999582767487,0.14499999582767487,0.14499999582767487,8000.0
2026-10-07 15:33:00,NURS.V,,3.380000114440918,3.380000114440918,3.380000114440918,3.380000114440918,500.0
2026-10-07 15:33:00,PNG.V,,4.940000057220459,4.940000057220459,4.929999828338623,4.929999828338623,41945.0
2026-10-07 15:34:00,EQTY.V,,0.10000000149011612,0.10000000149011612,0.10000000149011612,0.10000000149011612,21500.0
2026-10-07 15:34:00,FDR.V,,8.350000381469727,8.359999656677246,8.329999923706055,8.359999656677246,5800.0
2026-10-07 15:34:00,FIN.V,,0.05999999865889549,0.05999999865889549,0.05999999865889549,0.05999999865889549,1500.0
2026-10-07 15:34:00,GOT.V,,1.375,1.375,1.375,1.375,100.0
2026-10-07 15:34:00,GWM.V,,1.0099999904632568,1.0099999904632568,1.0099999904632568,1.0099999904632568,200.0
2026-10-07 15:34:00,HMR.V,,0.41499999165534973,0.41499999165534973,0.41499999165534973,0.41499999165534973,1000.0
2026-10-07 15:34:00,IGO.V,,0.14499999582767487,0.14499999582767487,0.14499999582767487,0.14499999582767487,31000.0
2026-10-07 15:34:00,KGC.V,,0.029999999329447746,0.029999999329447746,0.029999999329447746,0.029999999329447746,1000.0
2026-10-07 15:34:00,KTO.V,,0.7599999904632568,0.7599999904632568,0.7599999904632568,0.7599999904632568,4000.0
2026-10-07 15:34:00,LCX.V,,1.75,1.75,1.75,1.75,7000.0
2026-10-07 15:34:00,LG.V,,0.3824999928474426,0.3824999928474426,0.3824999928474426,0.3824999928474426,500.0
2026-10-07 15:34:00,LMN.V,,22.139999389648438,22.139999389648438,22.139999389648438,22.139999389648438,100.0
2026-10-07 15:34:00,MAH.V,,0.11999999731779099,0.11999999731779099,0.11999999731779099,0.11999999731779099,1000.0
2026-10-07 15:34:00,MINE.V,,0.14499999582767487,0.14499999582767487,0.14499999582767487,0.14499999582767487,10000.0
2026-10-07 15:34:00,MTA.V,,12.270000457763672,12.270000457763672,12.270000457763672,12.270000457763672,100.0
2026-10-07 15:34:00,PNG.V,,4.934999942779541,4.934999942779541,4.934999942779541,4.934999942779541,200.0
2026-10-07 15:35:00,FIN.V,,0.05999999865889549,0.05999999865889549,0.05999999865889549,0.05999999865889549,8500.0
2026-10-07 15:35:00,GMG.V,,2.25,2.25,2.25,2.25,400.0
2026-10-07 15:35:00,HCH.V,,1.4600000381469727,1.4600000381469727,1.4600000381469727,1.4600000381469727,5780.0
2026-10-07 15:35:00,ITR.V,,3.5899999141693115,3.5899999141693115,3.5899999141693115,3.5899999141693115,475.0
2026-10-07 15:35:00,LUCA.V,,1.0800000429153442,1.0800000429153442,1.0800000429153442,1.0800000429153442,1800.0
2026-10-07 15:35:00,MLP.V,,2.1600000858306885,2.1600000858306885,2.1600000858306885,2.1600000858306885,100.0
2026-10-07 15:35:00,PNG.V,,4.940000057220459,4.940000057220459,4.929999828338623,4.934999942779541,10600.0
2026-10-07 15:36:00,BIG.V,,1.149999976158142,1.149999976158142,1.149999976158142,1.149999976158142,8200.0
2026-10-07 15:36:00,GGO.V,,1.2999999523162842,1.2999999523162842,1.2999999523162842,1.2999999523162842,100.0
2026-10-07 15:36:00,GOT.V,,1.3799999952316284,1.3799999952316284,1.3799999952316284,1.3799999952316284,100.0
2026-10-07 15:36:00,GPG.V,,0.2750000059604645,0.2750000059604645,0.2750000059604645,0.2750000059604645,7000.0
2026-10-07 15:36:00,HCH.V,,1.4600000381469727,1.4600000381469727,1.4600000381469727,1.4600000381469727,2049.0
2026-10-07 15:36:00,HITI.V,,3.9100000858306885,3.9100000858306885,3.9100000858306885,3.9100000858306885,100.0
2026-10-07 15:36:00,IPT.V,,0.2549999952316284,0.2549999952316284,0.2549999952316284,0.2549999952316284,45000.0
2026-10-07 15:36:00,ITR.V,,3.5899999141693115,3.5899999141693115,3.5899999141693115,3.5899999141693115,700.0
2026-10-07 15:36:00,MLP.V,,2.1600000858306885,2.1600000858306885,2.1600000858306885,2.1600000858306885,100.0
2026-10-07 15:36:00,NURS.V,,3.369999885559082,3.369999885559082,3.369999885559082,3.369999885559082,40097.0
2026-10-07 15:36:00,PNG.V,,4.940000057220459,4.940000057220459,4.940000057220459,4.940000057220459,300.0
2026-10-07 15:37:00,EVGN.V,,0.5699999928474426,0.5699999928474426,0.5699999928474426,0.5699999928474426,2500.0
2026-10-07 15:37:00,FDR.V,,8.359999656677246,8.359999656677246,8.329999923706055,8.350000381469727,300.0
2026-10-07 15:37:00,GGO.V,,1.2899999618530273,1.2899999618530273,1.2899999618530273,1.2899999618530273,100.0
2026-10-07 15:37:00,GMG.V,,2.259999990463257,2.259999990463257,2.259999990463257,2.259999990463257,100.0
2026-10-07 15:37:00,GOT.V,,1.3799999952316284,1.3799999952316284,1.3799999952316284,1.3799999952316284,100.0
2026-10-07 15:37:00,GSVR.V,,0.3700000047683716,0.3725000023841858,0.3700000047683716,0.3725000023841858,3700.0
2026-10-07 15:37:00,GWM.V,,1.0199999809265137,1.0199999809265137,1.0199999809265137,1.0199999809265137,200.0
2026-10-07 15:37:00,HAM.V,,5.849999904632568,5.849999904632568,5.849999904632568,5.849999904632568,300.0
2026-10-07 15:37:00,INTR.V,,0.8100000023841858,0.8100000023841858,0.8100000023841858,0.8100000023841858,52000.0
2026-10-07 15:37:00,LMN.V,,22.149999618530273,22.149999618530273,22.149999618530273,22.149999618530273,115.0
2026-10-07 15:37:00,LUCA.V,,1.0700000524520874,1.0700000524520874,1.0700000524520874,1.0700000524520874,4600.0
2026-10-07 15:37:00,MLP.V,,2.1600000858306885,2.1600000858306885,2.1600000858306885,2.1600000858306885,100.0
2026-10-07 15:37:00,NURS.V,,3.4000000953674316,3.4000000953674316,3.4000000953674316,3.4000000953674316,400.0
2026-10-07 15:37:00,PNG.V,,4.940000057220459,4.940000057220459,4.940000057220459,4.940000057220459,300.0
2026-10-07 15:38:00,GGO.V,,1.2899999618530273,1.2899999618530273,1.2899999618530273,1.2899999618530273,100.0
2026-10-07 15:38:00,GWM.V,,1.0199999809265137,1.0199999809265137,1.0199999809265137,1.0199999809265137,400.0
2026-10-07 15:38:00,IGO.V,,0.14499999582767487,0.14499999582767487,0.14499999582767487,0.14499999582767487,1500.0
2026-10-07 15:38:00,INTR.V,,0.8100000023841858,0.8100000023841858,0.8100000023841858,0.8100000023841858,85714.0
2026-10-07 15:38:00,LTH.V,,0.5,0.5,0.5,0.5,500.0
2026-10-07 15:38:00,LUCA.V,,1.0700000524520874,1.0700000524520874,1.0700000524520874,1.0700000524520874,12900.0
2026-10-07 15:38:00,PNG.V,,4.929999828338623,4.940000057220459,4.929999828338623,4.940000057220459,8800.0
2026-10-07 15:39:00,EVER.V,,0.23499999940395355,0.23499999940395355,0.23499999940395355,0.23499999940395355,3000.0
2026-10-07 15:39:00,FDR.V,,8.369999885559082,8.369999885559082,8.350000381469727,8.369999885559082,4800.0
2026-10-07 15:39:00,GGO.V,,1.2899999618530273,1.2899999618530273,1.2899999618530273,1.2899999618530273,275.0
2026-10-07 15:39:00,GOT.V,,1.3799999952316284,1.3799999952316284,1.3799999952316284,1.3799999952316284,100.0
2026-10-07 15:39:00,GSVR.V,,0.3700000047683716,0.3725000023841858,0.3700000047683716,0.3725000023841858,3700.0
2026-10-07 15:39:00,GWM.V,,1.0199999809265137,1.0199999809265137,1.0199999809265137,1.0199999809265137,300.0
2026-10-07 15:39:00,PNG.V,,4.929999828338623,4.929999828338623,4.929999828338623,4.929999828338623,900.0
2026-10-07 15:40:00,EVER.V,,0.23499999940395355,0.23499999940395355,0.23499999940395355,0.23499999940395355,2130.0
2026-10-07 15:40:00,FDR.V,,8.369999885559082,8.369999885559082,8.369999885559082,8.369999885559082,300.0
2026-10-07 15:40:00,GGO.V,,1.2899999618530273,1.2899999618530273,1.2899999618530273,1.2899999618530273,100.0
2026-10-07 15:40:00,GOT.V,,1.3700000047683716,1.3700000047683716,1.3700000047683716,1.3700000047683716,300.0
2026-10-07 15:40:00,GSVR.V,,0.3700000047683716,0.3725000023841858,0.3700000047683716,0.3725000023841858,7500.0
2026-10-07 15:40:00,GWM.V,,1.0199999809265137,1.0199999809265137,1.0199999809265137,1.0199999809265137,200.0
2026-10-07 15:40:00,KFR.V,,1.0299999713897705,1.0299999713897705,1.0299999713897705,1.0299999713897705,200.0
2026-10-07 15:40:00,KLD.V,,2.2799999713897705,2.2899999618530273,2.2799999713897705,2.2899999618530273,2800.0
2026-10-07 15:40:00,KNG.V,,0.9900000095367432,0.9900000095367432,0.9850000143051147,0.9850000143051147,454.0
2026-10-07 15:40:00,KTN.V,,1.0800000429153442,1.100000023841858,1.0800000429153442,1.100000023841858,5800.0
2026-10-07 15:40:00,LME.V,,0.15000000596046448,0.15000000596046448,0.15000000596046448,0.15000000596046448,1000.0
2026-10-07 15:40:00,LUCA.V,,1.0700000524520874,1.0700000524520874,1.059999942779541,1.059999942779541,28600.0
2026-10-07 15:40:00,MGM.V,,2.809999942779541,2.809999942779541,2.809999942779541,2.809999942779541,100.0
2026-10-07 15:40:00,MINE.V,,0.14499999582767487,0.14499999582767487,0.14499999582767487,0.14499999582767487,5000.0
2026-10-07 15:40:00,MLP.V,,2.1600000858306885,2.1600000858306885,2.1600000858306885,2.1600000858306885,200.0
2026-10-07 15:40:00,MTA.V,,12.260000228881836,12.260000228881836,12.239999771118164,12.239999771118164,300.0
2026-10-07 15:41:00,FDR.V,,8.350000381469727,8.369999885559082,8.350000381469727,8.369999885559082,1800.0
2026-10-07 15:41:00,FWZ.V,,2.7899999618530273,2.7899999618530273,2.7899999618530273,2.7899999618530273,100.0
2026-10-07 15:41:00,GGO.V,,1.2899999618530273,1.2899999618530273,1.2899999618530273,1.2899999618530273,100.0
2026-10-07 15:41:00,GOT.V,,1.3799999952316284,1.3799999952316284,1.3799999952316284,1.3799999952316284,100.0
2026-10-07 15:41:00,GSI.V,,1.649999976158142,1.649999976158142,1.649999976158142,1.649999976158142,2400.0
2026-10-07 15:41:00,GWM.V,,1.0199999809265137,1.0199999809265137,1.0199999809265137,1.0199999809265137,400.0
2026-10-07 15:41:00,ITR.V,,3.5899999141693115,3.5899999141693115,3.5899999141693115,3.5899999141693115,1600.0
2026-10-07 15:41:00,KNG.V,,0.9900000095367432,0.9900000095367432,0.9900000095367432,0.9900000095367432,1200.0
2026-10-07 15:41:00,LMN.V,,22.260000228881836,22.270000457763672,22.260000228881836,22.260000228881836,2000.0
2026-10-07 15:41:00,MINE.V,,0.14499999582767487,0.14499999582767487,0.14499999582767487,0.14499999582767487,5000.0
2026-10-07 15:41:00,MSC.V,,0.02500000037252903,0.02500000037252903,0.02500000037252903,0.02500000037252903,99000.0
2026-10-07 15:41:00,PNG.V,,4.934999942779541,4.934999942779541,4.934999942779541,4.934999942779541,100.0
2026-10-07 15:42:00,FDR.V,,8.369999885559082,8.369999885559082,8.369999885559082,8.369999885559082,200.0
2026-10-07 15:42:00,FWZ.V,,2.7899999618530273,2.7899999618530273,2.7899999618530273,2.7899999618530273,1400.0
2026-10-07 15:42:00,GGO.V,,1.2899999618530273,1.2899999618530273,1.2899999618530273,1.2899999618530273,200.0
2026-10-07 15:42:00,GOT.V,,1.3799999952316284,1.3799999952316284,1.3799999952316284,1.3799999952316284,100.0
2026-10-07 15:42:00,GSI.V,,1.649999976158142,1.649999976158142,1.649999976158142,1.649999976158142,1400.0
2026-10-07 15:42:00,GSVR.V,,0.3700000047683716,0.3700000047683716,0.3700000047683716,0.3700000047683716,1000.0
2026-10-07 15:42:00,GWM.V,,1.0199999809265137,1.0199999809265137,1.0199999809265137,1.0199999809265137,300.0
2026-10-07 15:42:00,ICM.V,,0.08500000089406967,0.08500000089406967,0.08500000089406967,0.08500000089406967,4000.0
2026-10-07 15:42:00,LUCA.V,,1.0700000524520874,1.0700000524520874,1.0700000524520874,1.0700000524520874,26200.0
2026-10-07 15:42:00,MMG.V,,0.20000000298023224,0.20000000298023224,0.19499999284744263,0.19499999284744263,22000.0
2026-10-07 15:43:00,FDR.V,,8.369999885559082,8.369999885559082,8.359999656677246,8.369999885559082,600.0
2026-10-07 15:43:00,FL.V,,0.42500001192092896,0.42500001192092896,0.42500001192092896,0.42500001192092896,500.0
2026-10-07 15:43:00,FWZ.V,,2.7799999713897705,2.7799999713897705,2.7799999713897705,2.7799999713897705,300.0
2026-10-07 15:43:00,GGO.V,,1.2899999618530273,1.2899999618530273,1.2899999618530273,1.2899999618530273,100.0
2026-10-07 15:43:00,GLD.V,,0.03999999910593033,0.03999999910593033,0.03999999910593033,0.03999999910593033,20000.0
2026-10-07 15:43:00,GOT.V,,1.3799999952316284,1.3799999952316284,1.3799999952316284,1.3799999952316284,118.0
2026-10-07 15:43:00,GRSL.V,,0.28999999165534973,0.28999999165534973,0.28999999165534973,0.28999999165534973,1500.0
2026-10-07 15:43:00,GSVR.V,,0.3700000047683716,0.3725000023841858,0.3700000047683716,0.3725000023841858,3700.0
2026-10-07 15:43:00,GWM.V,,1.0199999809265137,1.0199999809265137,1.0199999809265137,1.0199999809265137,300.0
2026-10-07 15:43:00,HAM.V,,5.820000171661377,5.829999923706055,5.820000171661377,5.829999923706055,700.0
2026-10-07 15:43:00,LUCA.V,,1.0700000524520874,1.0700000524520874,1.0700000524520874,1.0700000524520874,66200.0
2026-10-07 15:43:00,MERG.V,,0.42500001192092896,0.42500001192092896,0.42500001192092896,0.42500001192092896,3500.0
2026-10-07 15:43:00,MLP.V,,2.1600000858306885,2.1600000858306885,2.1600000858306885,2.1600000858306885,100.0
2026-10-07 15:43:00,MN.V,,0.09000000357627869,0.09000000357627869,0.09000000357627869,0.09000000357627869,2001.0
2026-10-07 15:43:00,MTA.V,,12.25,12.25,12.239999771118164,12.239999771118164,300.0
2026-10-07 15:44:00,BIG.V,,1.149999976158142,1.149999976158142,1.149999976158142,1.149999976158142,100.0
2026-10-07 15:44:00,FDR.V,,8.34000015258789,8.359999656677246,8.34000015258789,8.359999656677246,4300.0
2026-10-07 15:44:00,FWZ.V,,2.7850000858306885,2.7850000858306885,2.7799999713897705,2.7799999713897705,300.0
2026-10-07 15:44:00,GGO.V,,1.2899999618530273,1.2899999618530273,1.2899999618530273,1.2899999618530273,200.0
2026-10-07 15:44:00,GOT.V,,1.3799999952316284,1.3799999952316284,1.3799999952316284,1.3799999952316284,100.0
2026-10-07 15:44:00,GWM.V,,1.0199999809265137,1.0199999809265137,1.0199999809265137,1.0199999809265137,300.0
2026-10-07 15:44:00,HITI.V,,3.9000000953674316,3.9000000953674316,3.9000000953674316,3.9000000953674316,100.0
2026-10-07 15:44:00,ITR.V,,3.5899999141693115,3.5899999141693115,3.5899999141693115,3.5899999141693115,100.0
2026-10-07 15:44:00,MLP.V,,2.1500000953674316,2.1500000953674316,2.1500000953674316,2.1500000953674316,110.0
2026-10-07 15:44:00,MMG.V,,0.20000000298023224,0.20000000298023224,0.20000000298023224,0.20000000298023224,2000.0
2026-10-07 15:44:00,MTA.V,,12.239999771118164,12.239999771118164,12.239999771118164,12.239999771118164,100.0
2026-10-07 15:44:00,PNG.V,,4.934999942779541,4.934999942779541,4.934999942779541,4.934999942779541,100.0
2026-10-07 15:45:00,BIG.V,,1.149999976158142,1.149999976158142,1.149999976158142,1.149999976158142,2600.0
2026-10-07 15:45:00,FWZ.V,,2.7899999618530273,2.7899999618530273,2.7899999618530273,2.7899999618530273,300.0
2026-10-07 15:45:00,GGO.V,,1.2899999618530273,1.2899999618530273,1.2899999618530273,1.2899999618530273,100.0
2026-10-07 15:45:00,GOT.V,,1.3700000047683716,1.375,1.3700000047683716,1.375,200.0
2026-10-07 15:45:00,GWM.V,,1.0199999809265137,1.0199999809265137,1.0199999809265137,1.0199999809265137,300.0
2026-10-07 15:45:00,ITR.V,,3.5899999141693115,3.5899999141693115,3.5899999141693115,3.5899999141693115,1000.0
2026-10-07 15:45:00,MLP.V,,2.1600000858306885,2.1600000858306885,2.1600000858306885,2.1600000858306885,1100.0
2026-10-07 15:45:00,PNG.V,,4.945000171661377,4.945000171661377,4.940000057220459,4.940000057220459,8467.0
2026-10-07 15:46:00,BIG.V,,1.1549999713897705,1.1549999713897705,1.149999976158142,1.149999976158142,4000.0
2026-10-07 15:46:00,FDR.V,,8.359999656677246,8.359999656677246,8.359999656677246,8.359999656677246,100.0
2026-10-07 15:46:00,FWZ.V,,2.7899999618530273,2.7950000762939453,2.7899999618530273,2.7899999618530273,4372.0
2026-10-07 15:46:00,GGO.V,,1.2899999618530273,1.2899999618530273,1.2899999618530273,1.2899999618530273,100.0
2026-10-07 15:46:00,GOT.V,,1.3700000047683716,1.3700000047683716,1.3700000047683716,1.3700000047683716,100.0
2026-10-07 15:46:00,GRSL.V,,0.2849999964237213,0.2849999964237213,0.2849999964237213,0.2849999964237213,146500.0
2026-10-07 15:46:00,GWM.V,,1.0199999809265137,1.0199999809265137,1.0199999809265137,1.0199999809265137,200.0
2026-10-07 15:46:00,ITR.V,,3.5899999141693115,3.5899999141693115,3.5899999141693115,3.5899999141693115,200.0
2026-10-07 15:46:00,KFR.V,,1.0199999809265137,1.0199999809265137,1.0199999809265137,1.0199999809265137,7200.0
2026-10-07 15:46:00,LIO.V,,0.1599999964237213,0.1599999964237213,0.1599999964237213,0.1599999964237213,500.0
2026-10-07 15:46:00,LUCA.V,,1.0750000476837158,1.0800000429153442,1.0750000476837158,1.0750000476837158,16400.0
2026-10-07 15:46:00,MERG.V,,0.4300000071525574,0.4300000071525574,0.4300000071525574,0.4300000071525574,24000.0
2026-10-07 15:46:00,MLP.V,,2.1700000762939453,2.1700000762939453,2.1700000762939453,2.1700000762939453,100.0
2026-10-07 15:46:00,PNG.V,,4.960000038146973,4.960000038146973,4.949999809265137,4.949999809265137,43321.0
2026-10-07 15:47:00,BIG.V,,1.149999976158142,1.149999976158142,1.149999976158142,1.149999976158142,3100.0
2026-10-07 15:47:00,FDR.V,,8.34000015258789,8.34000015258789,8.34000015258789,8.34000015258789,1000.0
2026-10-07 15:47:00,FWZ.V,,2.799999952316284,2.799999952316284,2.7899999618530273,2.7899999618530273,1400.0
2026-10-07 15:47:00,GFG.V,,0.17749999463558197,0.17749999463558197,0.17749999463558197,0.17749999463558197,1000.0
2026-10-07 15:47:00,GGO.V,,1.2899999618530273,1.2899999618530273,1.2899999618530273,1.2899999618530273,100.0
2026-10-07 15:47:00,GRDM.V,,0.19499999284744263,0.19499999284744263,0.19499999284744263,0.19499999284744263,1000.0
2026-10-07 15:47:00,GSI.V,,1.649999976158142,1.649999976158142,1.649999976158142,1.649999976158142,1800.0
2026-10-07 15:47:00,GWM.V,,1.0199999809265137,1.0199999809265137,1.0099999904632568,1.0199999809265137,18400.0
2026-10-07 15:47:00,HITI.V,,3.890000104904175,3.9000000953674316,3.890000104904175,3.9000000953674316,801.0
2026-10-07 15:47:00,ITR.V,,3.5899999141693115,3.5899999141693115,3.5799999237060547,3.5799999237060547,400.0
2026-10-07 15:47:00,KFR.V,,1.0199999809265137,1.0199999809265137,1.0199999809265137,1.0199999809265137,9200.0
2026-10-07 15:47:00,KLD.V,,2.299999952316284,2.299999952316284,2.299999952316284,2.299999952316284,100.0
2026-10-07 15:47:00,LIO.V,,0.1599999964237213,0.1599999964237213,0.1599999964237213,0.1599999964237213,5000.0
2026-10-07 15:47:00,LMN.V,,22.170000076293945,22.170000076293945,22.170000076293945,22.170000076293945,100.0
2026-10-07 15:47:00,LUCA.V,,1.0700000524520874,1.0700000524520874,1.0700000524520874,1.0700000524520874,1300.0
2026-10-07 15:47:00,MAX.V,,0.20000000298023224,0.20000000298023224,0.20000000298023224,0.20000000298023224,500.0
2026-10-07 15:47:00,MGM.V,,2.809999942779541,2.809999942779541,2.809999942779541,2.809999942779541,7500.0
2026-10-07 15:47:00,MLP.V,,2.1700000762939453,2.1700000762939453,2.1700000762939453,2.1700000762939453,100.0
2026-10-07 15:47:00,PNG.V,,4.96999979019165,4.980000019073486,4.965000152587891,4.96999979019165,12153.0
2026-10-07 15:48:00,BIG.V,,1.149999976158142,1.149999976158142,1.149999976158142,1.149999976158142,1200.0
2026-10-07 15:48:00,FDR.V,,8.369999885559082,8.369999885559082,8.369999885559082,8.369999885559082,300.0
2026-10-07 15:48:00,FWZ.V,,2.799999952316284,2.799999952316284,2.799999952316284,2.799999952316284,700.0
2026-10-07 15:48:00,GFG.V,,0.17749999463558197,0.17749999463558197,0.17749999463558197,0.17749999463558197,500.0
2026-10-07 15:48:00,GGO.V,,1.2899999618530273,1.2899999618530273,1.2899999618530273,1.2899999618530273,100.0
2026-10-07 15:48:00,GPM.V,,0.07000000029802322,0.07000000029802322,0.07000000029802322,0.07000000029802322,55000.0
2026-10-07 15:48:00,GWM.V,,1.0199999809265137,1.0199999809265137,1.0199999809265137,1.0199999809265137,200.0
2026-10-07 15:48:00,MGM.V,,2.809999942779541,2.809999942779541,2.809999942779541,2.809999942779541,1000.0
2026-10-07 15:48:00,MIM.V,,0.15000000596046448,0.15000000596046448,0.15000000596046448,0.15000000596046448,17000.0
2026-10-07 15:48:00,MLP.V,,2.1700000762939453,2.1700000762939453,2.1500000953674316,2.1500000953674316,500.0
2026-10-07 15:48:00,PNG.V,,4.980000019073486,4.980000019073486,4.980000019073486,4.980000019073486,18956.0
2026-10-07 15:49:00,BIG.V,,1.1549999713897705,1.1549999713897705,1.1549999713897705,1.1549999713897705,300.0
2026-10-07 15:49:00,EQTY.V,,0.10000000149011612,0.10000000149011612,0.10000000149011612,0.10000000149011612,1700.0
2026-10-07 15:49:00,FDR.V,,8.369999885559082,8.369999885559082,8.350000381469727,8.369999885559082,1400.0
2026-10-07 15:49:00,FWZ.V,,2.799999952316284,2.799999952316284,2.799999952316284,2.799999952316284,300.0
2026-10-07 15:49:00,GGO.V,,1.2899999618530273,1.2899999618530273,1.2899999618530273,1.2899999618530273,100.0
2026-10-07 15:49:00,GOT.V,,1.3700000047683716,1.3700000047683716,1.3700000047683716,1.3700000047683716,1600.0
2026-10-07 15:49:00,GWM.V,,1.0199999809265137,1.0199999809265137,1.0199999809265137,1.0199999809265137,300.0
2026-10-07 15:49:00,HME.V,,2.25,2.25,2.25,2.25,700.0
2026-10-07 15:49:00,KNG.V,,1.0,1.0,1.0,1.0,2700.0
2026-10-07 15:49:00,LCX.V,,1.7400000095367432,1.7400000095367432,1.7400000095367432,1.7400000095367432,400.0
2026-10-07 15:49:00,LMN.V,,22.079999923706055,22.079999923706055,22.059999465942383,22.06999969482422,920.0
2026-10-07 15:49:00,MGM.V,,2.809999942779541,2.809999942779541,2.809999942779541,2.809999942779541,1500.0
2026-10-07 15:49:00,MTA.V,,12.239999771118164,12.239999771118164,12.239999771118164,12.239999771118164,100.0
2026-10-07 15:49:00,PNG.V,,4.980000019073486,4.980000019073486,4.974999904632568,4.974999904632568,2500.0
2026-10-07 15:50:00,BIG.V,,1.149999976158142,1.149999976158142,1.149999976158142,1.149999976158142,1000.0
2026-10-07 15:50:00,EVER.V,,0.23499999940395355,0.23499999940395355,0.23499999940395355,0.23499999940395355,13500.0
2026-10-07 15:50:00,FDR.V,,8.369999885559082,8.380000114440918,8.359999656677246,8.369999885559082,1700.0
2026-10-07 15:50:00,FWZ.V,,2.799999952316284,2.799999952316284,2.799999952316284,2.799999952316284,800.0
2026-10-07 15:50:00,GGO.V,,1.2899999618530273,1.2899999618530273,1.2899999618530273,1.2899999618530273,200.0
2026-10-07 15:50:00,GOT.V,,1.3700000047683716,1.3700000047683716,1.3700000047683716,1.3700000047683716,1000.0
2026-10-07 15:50:00,GSVR.V,,0.375,0.375,0.375,0.375,500.0
2026-10-07 15:50:00,GWM.V,,1.0199999809265137,1.0199999809265137,1.0199999809265137,1.0199999809265137,500.0
2026-10-07 15:50:00,HEVI.V,,0.18000000715255737,0.18000000715255737,0.18000000715255737,0.18000000715255737,500.0
2026-10-07 15:50:00,HITI.V,,3.890000104904175,3.890000104904175,3.890000104904175,3.890000104904175,100.0
2026-10-07 15:50:00,HME.V,,2.259999990463257,2.259999990463257,2.259999990463257,2.259999990463257,500.0
2026-10-07 15:50:00,KFR.V,,1.0199999809265137,1.0199999809265137,1.0199999809265137,1.0199999809265137,1600.0
2026-10-07 15:50:00,KTN.V,,1.100000023841858,1.100000023841858,1.100000023841858,1.100000023841858,200.0
2026-10-07 15:50:00,MLP.V,,2.1700000762939453,2.1700000762939453,2.1500000953674316,2.1500000953674316,200.0
2026-10-07 15:50:00,MTA.V,,12.279999732971191,12.279999732971191,12.260000228881836,12.260000228881836,300.0
2026-10-07 15:50:00,NURS.V,,3.4100000858306885,3.4100000858306885,3.4100000858306885,3.4100000858306885,100.0
2026-10-07 15:50:00,PNG.V,,4.980000019073486,4.980000019073486,4.974999904632568,4.974999904632568,5400.0
2026-10-07 15:51:00,BIG.V,,1.149999976158142,1.149999976158142,1.149999976158142,1.149999976158142,1500.0
2026-10-07 15:51:00,FDR.V,,8.390000343322754,8.390000343322754,8.380000114440918,8.380000114440918,500.0
2026-10-07 15:51:00,FWZ.V,,2.7899999618530273,2.7899999618530273,2.7899999618530273,2.7899999618530273,2800.0
2026-10-07 15:51:00,GGO.V,,1.2899999618530273,1.2899999618530273,1.2899999618530273,1.2899999618530273,200.0
2026-10-07 15:51:00,GMG.V,,2.25,2.25,2.25,2.25,100.0
2026-10-07 15:51:00,GSVR.V,,0.3725000023841858,0.3725000023841858,0.3700000047683716,0.3700000047683716,24500.0
2026-10-07 15:51:00,GWM.V,,1.0199999809265137,1.0199999809265137,1.0199999809265137,1.0199999809265137,500.0
2026-10-07 15:51:00,HME.V,,2.255000114440918,2.255000114440918,2.255000114440918,2.255000114440918,100.0
2026-10-07 15:51:00,JG.V,,0.125,0.125,0.125,0.125,17000.0
2026-10-07 15:51:00,LMN.V,,22.079999923706055,22.079999923706055,22.079999923706055,22.079999923706055,100.0
2026-10-07 15:51:00,MTA.V,,12.270000457763672,12.270000457763672,12.270000457763672,12.270000457763672,100.0
2026-10-07 15:51:00,NURS.V,,3.4200000762939453,3.4200000762939453,3.4200000762939453,3.4200000762939453,100.0
2026-10-07 15:51:00,PNG.V,,4.96999979019165,4.96999979019165,4.96999979019165,4.96999979019165,14300.0
2026-10-07 15:52:00,BIG.V,,1.149999976158142,1.149999976158142,1.149999976158142,1.149999976158142,2000.0
2026-10-07 15:52:00,FDR.V,,8.359999656677246,8.390000343322754,8.359999656677246,8.390000343322754,5800.0
2026-10-07 15:52:00,FWZ.V,,2.7899999618530273,2.7899999618530273,2.7899999618530273,2.7899999618530273,500.0
2026-10-07 15:52:00,GGO.V,,1.2899999618530273,1.2899999618530273,1.2899999618530273,1.2899999618530273,100.0
2026-10-07 15:52:00,GOT.V,,1.3700000047683716,1.3700000047683716,1.3700000047683716,1.3700000047683716,100.0
2026-10-07 15:52:00,GPG.V,,0.28999999165534973,0.28999999165534973,0.28999999165534973,0.28999999165534973,1000.0
2026-10-07 15:52:00,GWM.V,,1.0199999809265137,1.0199999809265137,1.0199999809265137,1.0199999809265137,100.0
2026-10-07 15:52:00,HME.V,,2.255000114440918,2.255000114440918,2.255000114440918,2.255000114440918,100.0
2026-10-07 15:52:00,LCX.V,,1.7400000095367432,1.7400000095367432,1.7400000095367432,1.7400000095367432,100.0
2026-10-07 15:52:00,LIO.V,,0.1599999964237213,0.1599999964237213,0.1599999964237213,0.1599999964237213,10500.0
2026-10-07 15:52:00,LUCA.V,,1.0750000476837158,1.0750000476837158,1.0750000476837158,1.0750000476837158,400.0
2026-10-07 15:52:00,MENE.V,,0.17499999701976776,0.17499999701976776,0.17499999701976776,0.17499999701976776,10000.0
2026-10-07 15:52:00,MLP.V,,2.1500000953674316,2.1500000953674316,2.1500000953674316,2.1500000953674316,700.0
2026-10-07 15:52:00,PNG.V,,4.96999979019165,4.96999979019165,4.954999923706055,4.96999979019165,12200.0
2026-10-07 15:52:00,YGT.V,,0.1850000023841858,0.1850000023841858,0.1850000023841858,0.1850000023841858,5500.0
2026-10-07 15:53:00,BIG.V,,1.149999976158142,1.149999976158142,1.149999976158142,1.149999976158142,2000.0
2026-10-07 15:53:00,FDR.V,,8.364999771118164,8.380000114440918,8.364999771118164,8.380000114440918,300.0
2026-10-07 15:53:00,FWZ.V,,2.799999952316284,2.799999952316284,2.799999952316284,2.799999952316284,700.0
2026-10-07 15:53:00,GGO.V,,1.2899999618530273,1.2899999618530273,1.2899999618530273,1.2899999618530273,200.0
2026-10-07 15:53:00,GMG.V,,2.259999990463257,2.259999990463257,2.25,2.25,200.0
2026-10-07 15:53:00,GOT.V,,1.3700000047683716,1.3700000047683716,1.3700000047683716,1.3700000047683716,300.0
2026-10-07 15:53:00,GRDM.V,,0.19499999284744263,0.19499999284744263,0.19499999284744263,0.19499999284744263,25500.0
2026-10-07 15:53:00,HMT.V,,1.190000057220459,1.190000057220459,1.190000057220459,1.190000057220459,500.0
2026-10-07 15:53:00,LIFT.V,,2.0199999809265137,2.0199999809265137,2.0199999809265137,2.0199999809265137,100.0
2026-10-07 15:53:00,LMN.V,,22.079999923706055,22.079999923706055,22.079999923706055,22.079999923706055,100.0
2026-10-07 15:53:00,LUCA.V,,1.0800000429153442,1.0850000381469727,1.0750000476837158,1.0750000476837158,107100.0
2026-10-07 15:53:00,MINE.V,,0.14499999582767487,0.14499999582767487,0.14499999582767487,0.14499999582767487,10670.0
2026-10-07 15:53:00,MN.V,,0.09000000357627869,0.09000000357627869,0.09000000357627869,0.09000000357627869,24000.0
2026-10-07 15:53:00,MTA.V,,12.25,12.25,12.239999771118164,12.239999771118164,300.0
2026-10-07 15:53:00,PNG.V,,4.965000152587891,4.96999979019165,4.965000152587891,4.96999979019165,3500.0
2026-10-07 15:54:00,BIG.V,,1.149999976158142,1.149999976158142,1.149999976158142,1.149999976158142,2100.0
2026-10-07 15:54:00,FDR.V,,8.380000114440918,8.380000114440918,8.350000381469727,8.350000381469727,800.0
2026-10-07 15:54:00,FWZ.V,,2.7899999618530273,2.799999952316284,2.7899999618530273,2.799999952316284,2900.0
2026-10-07 15:54:00,GGO.V,,1.2899999618530273,1.2899999618530273,1.2899999618530273,1.2899999618530273,400.0
2026-10-07 15:54:00,GMG.V,,2.3299999237060547,2.359999895095825,2.299999952316284,2.309999942779541,4000.0
2026-10-07 15:54:00,GOT.V,,1.3700000047683716,1.3700000047683716,1.3700000047683716,1.3700000047683716,400.0
2026-10-07 15:54:00,GRSL.V,,0.28999999165534973,0.28999999165534973,0.28999999165534973,0.28999999165534973,1500.0
2026-10-07 15:54:00,HITI.V,,3.8949999809265137,3.8949999809265137,3.8949999809265137,3.8949999809265137,1000.0
2026-10-07 15:54:00,ITR.V,,3.5899999141693115,3.5999999046325684,3.5899999141693115,3.5899999141693115,1900.0
2026-10-07 15:54:00,KLD.V,,2.2799999713897705,2.2799999713897705,2.2799999713897705,2.2799999713897705,600.0
2026-10-07 15:54:00,KNG.V,,0.9800000190734863,0.9800000190734863,0.9800000190734863,0.9800000190734863,6100.0
2026-10-07 15:54:00,LCX.V,,1.7300000190734863,1.7300000190734863,1.7300000190734863,1.7300000190734863,100.0
2026-10-07 15:54:00,LMN.V,,22.09000015258789,22.09000015258789,22.09000015258789,22.09000015258789,100.0
2026-10-07 15:54:00,MAX.V,,0.20000000298023224,0.20000000298023224,0.20000000298023224,0.20000000298023224,16000.0
2026-10-07 15:54:00,MGM.V,,2.809999942779541,2.809999942779541,2.809999942779541,2.809999942779541,800.0
2026-10-07 15:54:00,MLP.V,,2.140000104904175,2.140000104904175,2.140000104904175,2.140000104904175,300.0
2026-10-07 15:54:00,NURS.V,,3.4200000762939453,3.4200000762939453,3.4200000762939453,3.4200000762939453,100.0
2026-10-07 15:54:00,PNG.V,,4.96999979019165,4.96999979019165,4.965000152587891,4.96999979019165,33600.0
2026-10-07 15:55:00,BIG.V,,1.149999976158142,1.149999976158142,1.149999976158142,1.149999976158142,800.0
2026-10-07 15:55:00,FOBI.V,,0.029999999329447746,0.029999999329447746,0.029999999329447746,0.029999999329447746,10000.0
2026-10-07 15:55:00,FWZ.V,,2.799999952316284,2.799999952316284,2.7899999618530273,2.7899999618530273,3700.0
2026-10-07 15:55:00,GG.V,,2.890000104904175,2.9000000953674316,2.890000104904175,2.9000000953674316,1000.0
2026-10-07 15:55:00,GGO.V,,1.2949999570846558,1.2949999570846558,1.2899999618530273,1.2899999618530273,500.0
2026-10-07 15:55:00,GOT.V,,1.3700000047683716,1.3700000047683716,1.3700000047683716,1.3700000047683716,400.0
2026-10-07 15:55:00,GSVR.V,,0.3725000023841858,0.3725000023841858,0.3725000023841858,0.3725000023841858,500.0
2026-10-07 15:55:00,HITI.V,,3.890000104904175,3.890000104904175,3.869999885559082,3.890000104904175,4700.0
2026-10-07 15:55:00,IGO.V,,0.14499999582767487,0.14499999582767487,0.14499999582767487,0.14499999582767487,2500.0
2026-10-07 15:55:00,ITR.V,,3.5899999141693115,3.5999999046325684,3.5899999141693115,3.5899999141693115,1600.0
2026-10-07 15:55:00,LCX.V,,1.75,1.75,1.75,1.75,1200.0
2026-10-07 15:55:00,LG.V,,0.38499999046325684,0.38499999046325684,0.38499999046325684,0.38499999046325684,500.0
2026-10-07 15:55:00,LMN.V,,22.06999969482422,22.200000762939453,22.06999969482422,22.190000534057617,3600.0
2026-10-07 15:55:00,MJS.V,,0.0949999988079071,0.0949999988079071,0.0949999988079071,0.0949999988079071,1000.0
2026-10-07 15:55:00,NURS.V,,3.430000066757202,3.430000066757202,3.430000066757202,3.430000066757202,400.0
2026-10-07 15:55:00,PNG.V,,4.980000019073486,4.980000019073486,4.965000152587891,4.965000152587891,13169.0
2026-10-07 15:55:00,YGT.V,,0.1850000023841858,0.1850000023841858,0.1850000023841858,0.1850000023841858,500.0
2026-10-07 15:56:00,FDR.V,,8.380000114440918,8.390000343322754,8.380000114440918,8.390000343322754,700.0
2026-10-07 15:56:00,FWZ.V,,2.799999952316284,2.799999952316284,2.7899999618530273,2.7899999618530273,700.0
2026-10-07 15:56:00,GOT.V,,1.3700000047683716,1.3700000047683716,1.3700000047683716,1.3700000047683716,1300.0
2026-10-07 15:56:00,ITR.V,,3.5899999141693115,3.5899999141693115,3.5899999141693115,3.5899999141693115,2600.0
2026-10-07 15:56:00,JUGR.V,,0.4099999964237213,0.4099999964237213,0.4099999964237213,0.4099999964237213,1500.0
2026-10-07 15:56:00,KTN.V,,1.090000033378601,1.0950000286102295,1.090000033378601,1.0950000286102295,5635.0
2026-10-07 15:56:00,LIFT.V,,2.0199999809265137,2.0199999809265137,2.0199999809265137,2.0199999809265137,100.0
2026-10-07 15:56:00,LMN.V,,22.350000381469727,22.389999389648438,22.15999984741211,22.15999984741211,11000.0
2026-10-07 15:56:00,LTH.V,,0.5,0.5,0.5,0.5,15500.0
2026-10-07 15:56:00,LUCA.V,,1.0850000381469727,1.0850000381469727,1.0800000429153442,1.0800000429153442,12000.0
2026-10-07 15:56:00,MGM.V,,2.809999942779541,2.809999942779541,2.809999942779541,2.809999942779541,1800.0
2026-10-07 15:56:00,MTA.V,,12.260000228881836,12.260000228881836,12.260000228881836,12.260000228881836,100.0
2026-10-07 15:56:00,PNG.V,,4.980000019073486,4.989999771118164,4.980000019073486,4.980000019073486,4800.0
2026-10-07 15:57:00,FDR.V,,8.380000114440918,8.420000076293945,8.380000114440918,8.380000114440918,13987.0
2026-10-07 15:57:00,FWZ.V,,2.799999952316284,2.799999952316284,2.7899999618530273,2.799999952316284,7600.0
2026-10-07 15:57:00,GG.V,,2.9200000762939453,2.9200000762939453,2.9000000953674316,2.9000000953674316,200.0
2026-10-07 15:57:00,GMG.V,,2.3299999237060547,2.3299999237060547,2.3299999237060547,2.3299999237060547,400.0
2026-10-07 15:57:00,GOT.V,,1.3700000047683716,1.3700000047683716,1.3700000047683716,1.3700000047683716,3300.0
2026-10-07 15:57:00,GSVR.V,,0.3700000047683716,0.3700000047683716,0.3700000047683716,0.3700000047683716,1000.0
2026-10-07 15:57:00,HCH.V,,1.5,1.5099999904632568,1.5,1.5,3200.0
2026-10-07 15:57:00,HITI.V,,3.8949999809265137,3.8949999809265137,3.8949999809265137,3.8949999809265137,100.0
2026-10-07 15:57:00,KFR.V,,1.0299999713897705,1.0299999713897705,1.0299999713897705,1.0299999713897705,100.0
2026-10-07 15:57:00,LCX.V,,1.7599999904632568,1.7599999904632568,1.7599999904632568,1.7599999904632568,1000.0
2026-10-07 15:57:00,LMN.V,,22.280000686645508,22.350000381469727,22.209999084472656,22.350000381469727,3700.0
2026-10-07 15:57:00,LUCA.V,,1.0800000429153442,1.0850000381469727,1.0800000429153442,1.0850000381469727,26800.0
2026-10-07 15:57:00,LVX.V,,0.4000000059604645,0.4000000059604645,0.4000000059604645,0.4000000059604645,800.0
2026-10-07 15:57:00,MTA.V,,12.239999771118164,12.239999771118164,12.239999771118164,12.239999771118164,100.0
2026-10-07 15:57:00,NURS.V,,3.430000066757202,3.430000066757202,3.430000066757202,3.430000066757202,100.0
2026-10-07 15:57:00,PNG.V,,4.980000019073486,4.989999771118164,4.980000019073486,4.989999771118164,5900.0
2026-10-07 15:58:00,FDR.V,,8.399999618530273,8.40999984741211,8.390000343322754,8.390000343322754,1600.0
2026-10-07 15:58:00,FWZ.V,,2.799999952316284,2.799999952316284,2.7899999618530273,2.799999952316284,5700.0
2026-10-07 15:58:00,GMG.V,,2.3399999141693115,2.3499999046325684,2.3299999237060547,2.3299999237060547,2400.0
2026-10-07 15:58:00,GOT.V,,1.3700000047683716,1.3700000047683716,1.3700000047683716,1.3700000047683716,8329.0
2026-10-07 15:58:00,GRDM.V,,0.19499999284744263,0.19499999284744263,0.19499999284744263,0.19499999284744263,19000.0
2026-10-07 15:58:00,HAM.V,,5.809999942779541,5.809999942779541,5.809999942779541,5.809999942779541,600.0
2026-10-07 15:58:00,HCH.V,,1.5,1.5,1.5,1.5,400.0
2026-10-07 15:58:00,HITI.V,,3.880000114440918,3.8949999809265137,3.880000114440918,3.8949999809265137,3900.0
2026-10-07 15:58:00,ITR.V,,3.5899999141693115,3.5899999141693115,3.5899999141693115,3.5899999141693115,900.0
2026-10-07 15:58:00,JG.V,,0.11999999731779099,0.11999999731779099,0.11999999731779099,0.11999999731779099,500.0
2026-10-07 15:58:00,KTN.V,,1.090000033378601,1.090000033378601,1.090000033378601,1.090000033378601,1000.0
2026-10-07 15:58:00,LMN.V,,22.25,22.290000915527344,22.25,22.280000686645508,600.0
2026-10-07 15:58:00,LUCA.V,,1.090000033378601,1.090000033378601,1.0850000381469727,1.090000033378601,1000.0
2026-10-07 15:58:00,MLP.V,,2.1600000858306885,2.1600000858306885,2.1600000858306885,2.1600000858306885,1500.0
2026-10-07 15:58:00,NURS.V,,3.430000066757202,3.440000057220459,3.430000066757202,3.430000066757202,300.0
2026-10-07 15:58:00,PNG.V,,4.965000152587891,4.989999771118164,4.965000152587891,4.980000019073486,17000.0
2026-10-07 15:59:00,BIG.V,,1.1399999856948853,1.1699999570846558,1.1399999856948853,1.149999976158142,15800.0
2026-10-07 15:59:00,EQTY.V,,0.10000000149011612,0.10000000149011612,0.10000000149011612,0.10000000149011612,500.0
2026-10-07 15:59:00,ESK.V,,0.25,0.25,0.25,0.25,500.0
2026-10-07 15:59:00,FDR.V,,8.449999809265137,8.449999809265137,8.399999618530273,8.399999618530273,7426.0
2026-10-07 15:59:00,FL.V,,0.41999998688697815,0.42250001430511475,0.41999998688697815,0.42250001430511475,2553.0
2026-10-07 15:59:00,FWZ.V,,2.7799999713897705,2.799999952316284,2.7699999809265137,2.7899999618530273,6793.0
2026-10-07 15:59:00,GFG.V,,0.18000000715255737,0.18000000715255737,0.18000000715255737,0.18000000715255737,24000.0
2026-10-07 15:59:00,GG.V,,2.9200000762939453,2.9200000762939453,2.9200000762939453,2.9200000762939453,200.0
2026-10-07 15:59:00,GGO.V,,1.2999999523162842,1.2999999523162842,1.2999999523162842,1.2999999523162842,100.0
2026-10-07 15:59:00,GLD.V,,0.03999999910593033,0.03999999910593033,0.03999999910593033,0.03999999910593033,2000.0
2026-10-07 15:59:00,GMG.V,,2.299999952316284,2.359999895095825,2.259999990463257,2.359999895095825,3700.0
2026-10-07 15:59:00,GOT.V,,1.3600000143051147,1.3700000047683716,1.3600000143051147,1.3700000047683716,4900.0
2026-10-07 15:59:00,GPG.V,,0.2800000011920929,0.2800000011920929,0.2800000011920929,0.2800000011920929,500.0
2026-10-07 15:59:00,GQC.V,,0.75,0.75,0.75,0.75,500.0
2026-10-07 15:59:00,GRDM.V,,0.1899999976158142,0.19499999284744263,0.1899999976158142,0.19499999284744263,29000.0
2026-10-07 15:59:00,GRSL.V,,0.2849999964237213,0.2849999964237213,0.2849999964237213,0.2849999964237213,12500.0
2026-10-07 15:59:00,GSI.V,,1.6399999856948853,1.6549999713897705,1.6399999856948853,1.6549999713897705,500.0
2026-10-07 15:59:00,GSVR.V,,0.375,0.375,0.3700000047683716,0.3725000023841858,39736.0
2026-10-07 15:59:00,GWM.V,,1.0199999809265137,1.0199999809265137,1.0099999904632568,1.0099999904632568,1300.0
2026-10-07 15:59:00,GZD.V,,0.05000000074505806,0.05000000074505806,0.05000000074505806,0.05000000074505806,1000.0
2026-10-07 15:59:00,HAM.V,,5.75,5.800000190734863,5.75,5.800000190734863,1550.0
2026-10-07 15:59:00,HEVI.V,,0.18000000715255737,0.18000000715255737,0.18000000715255737,0.18000000715255737,11000.0
2026-10-07 15:59:00,HITI.V,,3.8499999046325684,3.890000104904175,3.8499999046325684,3.890000104904175,3700.0
2026-10-07 15:59:00,HME.V,,2.25,2.259999990463257,2.25,2.259999990463257,1300.0
2026-10-07 15:59:00,HMR.V,,0.4099999964237213,0.4099999964237213,0.4099999964237213,0.4099999964237213,500.0
2026-10-07 15:59:00,HPL.V,,0.3149999976158142,0.3149999976158142,0.3149999976158142,0.3149999976158142,1000.0
2026-10-07 15:59:00,ICM.V,,0.08500000089406967,0.08500000089406967,0.08500000089406967,0.08500000089406967,4000.0
2026-10-07 15:59:00,ITR.V,,3.5799999237060547,3.5799999237060547,3.5799999237060547,3.5799999237060547,1200.0
2026-10-07 15:59:00,JG.V,,0.11999999731779099,0.11999999731779099,0.11999999731779099,0.11999999731779099,500.0
2026-10-07 15:59:00,JUGR.V,,0.4099999964237213,0.4099999964237213,0.4099999964237213,0.4099999964237213,7500.0
2026-10-07 15:59:00,JZR.V,,0.23999999463558197,0.23999999463558197,0.23999999463558197,0.23999999463558197,500.0
2026-10-07 15:59:00,KFR.V,,1.0299999713897705,1.0299999713897705,1.0299999713897705,1.0299999713897705,60819.0
2026-10-07 15:59:00,KLD.V,,2.259999990463257,2.2799999713897705,2.25,2.2799999713897705,1375.0
2026-10-07 15:59:00,KTN.V,,1.090000033378601,1.090000033378601,1.090000033378601,1.090000033378601,600.0
2026-10-07 15:59:00,LCX.V,,1.75,1.75,1.75,1.75,400.0
2026-10-07 15:59:00,LIFT.V,,2.0299999713897705,2.0299999713897705,2.0299999713897705,2.0299999713897705,200.0
2026-10-07 15:59:00,LIO.V,,0.1599999964237213,0.1599999964237213,0.1599999964237213,0.1599999964237213,19500.0
2026-10-07 15:59:00,LMN.V,,22.15999984741211,22.299999237060547,22.09000015258789,22.299999237060547,6000.0
2026-10-07 15:59:00,LSTR.V,,0.07500000298023224,0.07500000298023224,0.07500000298023224,0.07500000298023224,192675.0
2026-10-07 15:59:00,LTH.V,,0.5,0.5,0.5,0.5,1000.0
2026-10-07 15:59:00,LUCA.V,,1.0800000429153442,1.090000033378601,1.0800000429153442,1.0850000381469727,23300.0
2026-10-07 15:59:00,LVG.V,,0.3499999940395355,0.3499999940395355,0.3499999940395355,0.3499999940395355,500.0
2026-10-07 15:59:00,LVX.V,,0.4099999964237213,0.4099999964237213,0.4099999964237213,0.4099999964237213,500.0
2026-10-07 15:59:00,MENE.V,,0.18000000715255737,0.18000000715255737,0.18000000715255737,0.18000000715255737,224500.0
2026-10-07 15:59:00,MERG.V,,0.41999998688697815,0.41999998688697815,0.41499999165534973,0.41499999165534973,1500.0
2026-10-07 15:59:00,MGM.V,,2.819999933242798,2.819999933242798,2.819999933242798,2.819999933242798,100.0
2026-10-07 15:59:00,MINE.V,,0.14499999582767487,0.14499999582767487,0.14499999582767487,0.14499999582767487,2500.0
2026-10-07 15:59:00,MLP.V,,2.140000104904175,2.1700000762939453,2.140000104904175,2.1700000762939453,5500.0
2026-10-07 15:59:00,MTA.V,,12.399999618530273,12.399999618530273,12.239999771118164,12.239999771118164,2700.0
2026-10-07 15:59:00,NHHH.V,,0.05999999865889549,0.05999999865889549,0.05999999865889549,0.05999999865889549,50000.0
2026-10-07 15:59:00,NURS.V,,3.430000066757202,3.440000057220459,3.430000066757202,3.430000066757202,44297.0
2026-10-07 15:59:00,PNG.V,,4.989999771118164,4.989999771118164,4.965000152587891,4.965000152587891,34978.0
2026-10-07 15:59:00,TEST-H.V,,0.009999999776482582,0.009999999776482582,0.009999999776482582,0.009999999776482582,1000.0
2026-10-07 15:59:00,ZNG.V,,0.7200000286102295,0.7200000286102295,0.7200000286102295,0.7200000286102295,1500.0
